t,Fx,Fy,Fz,Fmag,Lz,Jz,edge_x,edge_y,edge_z,edge_frac,norm
0.000000,-0.000000,0.000000,-5.999999,5.999999,-0.000001,-6.000000,1.660e-33,1.364e-33,3.755e-26,3.755e-26,1.00000000
0.100000,-0.075018,0.001391,-5.999530,5.999999,-0.000001,-5.999531,2.850e-31,2.813e-31,2.147e-25,2.147e-25,1.00000000
0.200000,-0.146965,0.003133,-5.998197,5.999998,-0.000002,-5.998199,5.208e-31,5.208e-31,1.233e-23,1.233e-23,1.00000000
0.300000,-0.218438,0.001906,-5.996019,5.999997,-0.000003,-5.996022,6.954e-31,7.069e-31,3.169e-21,3.169e-21,1.00000000
0.400000,-0.292777,-0.000040,-5.992851,5.999998,-0.000001,-5.992852,8.407e-31,8.741e-31,1.006e-18,1.006e-18,1.00000000
0.500000,-0.368046,0.000812,-5.988701,6.000000,0.000001,-5.988700,9.993e-31,1.005e-30,8.579e-18,8.579e-18,1.00000000
0.600000,-0.440596,0.002874,-5.983799,5.999999,0.000001,-5.983798,1.133e-30,1.135e-30,1.886e-17,1.886e-17,1.00000000
0.700000,-0.511665,0.002413,-5.978140,5.999997,0.000001,-5.978139,1.302e-30,1.347e-30,8.579e-18,8.579e-18,1.00000000
0.800000,-0.585016,0.000322,-5.971409,5.999998,0.000004,-5.971405,1.453e-29,1.439e-29,2.920e-18,2.920e-18,1.00000000
0.900000,-0.660086,0.000405,-5.963579,5.999999,0.000009,-5.963570,4.455e-28,4.467e-28,7.295e-18,7.295e-18,1.00000000
1.000000,-0.733098,0.002448,-5.955044,5.999999,0.000013,-5.955032,3.813e-27,3.811e-27,2.175e-17,2.175e-17,1.00000000
1.100000,-0.803942,0.002712,-5.945893,5.999998,0.000016,-5.945877,1.685e-26,1.685e-26,1.696e-17,1.696e-17,1.00000000
1.200000,-0.876241,0.000782,-5.935669,5.999997,0.000021,-5.935648,4.603e-26,4.605e-26,3.373e-18,3.373e-18,1.00000000
1.300000,-0.950667,0.000221,-5.924206,5.999998,0.000028,-5.924177,6.241e-26,6.245e-26,6.307e-19,6.307e-19,1.00000000
1.400000,-1.023796,0.001995,-5.912007,5.999999,0.000035,-5.911972,4.345e-26,4.348e-26,1.317e-19,1.317e-19,1.00000000
1.500000,-1.094434,0.002798,-5.899338,5.999998,0.000041,-5.899297,1.956e-26,1.958e-26,7.416e-20,7.416e-20,1.00000000
1.600000,-1.165672,0.001208,-5.885675,5.999997,0.000046,-5.885629,8.372e-27,8.368e-27,1.833e-19,1.833e-19,1.00000000
1.700000,-1.239072,0.000215,-5.870662,5.999998,0.000052,-5.870610,6.638e-27,6.594e-27,3.908e-19,3.908e-19,1.00000000
1.800000,-1.311851,0.001605,-5.854830,5.999999,0.000057,-5.854772,1.162e-26,1.150e-26,7.055e-19,7.055e-19,1.00000000
1.900000,-1.382111,0.002743,-5.838642,5.999999,0.000060,-5.838583,1.571e-26,1.554e-26,9.301e-19,9.301e-19,1.00000000
2.000000,-1.452242,0.001556,-5.821594,5.999997,0.000060,-5.821535,1.165e-26,1.152e-26,1.165e-18,1.165e-18,1.00000000
2.100000,-1.524354,0.000306,-5.803130,5.999997,0.000059,-5.803071,5.246e-27,5.182e-27,3.718e-18,3.718e-18,1.00000000
2.200000,-1.596426,0.001287,-5.783719,5.999998,0.000056,-5.783663,1.885e-27,1.863e-27,1.359e-17,1.359e-17,1.00000000
2.300000,-1.666160,0.002618,-5.764017,5.999999,0.000051,-5.763966,6.882e-28,6.812e-28,1.167e-17,1.167e-17,1.00000000
2.400000,-1.735185,0.001841,-5.743614,5.999998,0.000044,-5.743571,2.677e-28,2.654e-28,6.034e-18,6.034e-18,1.00000000
2.500000,-1.805914,0.000450,-5.721769,5.999997,0.000034,-5.721735,1.098e-28,1.079e-28,3.794e-18,3.794e-18,1.00000000
2.600000,-1.877076,0.001031,-5.698821,5.999998,0.000025,-5.698796,4.850e-29,4.708e-29,8.840e-18,8.840e-18,1.00000000
2.700000,-1.946159,0.002460,-5.675601,5.999999,0.000014,-5.675587,2.411e-29,2.373e-29,1.245e-17,1.245e-17,1.00000000
2.800000,-2.014065,0.002062,-5.651860,5.999998,0.000001,-5.651858,1.472e-29,1.449e-29,5.161e-18,5.161e-18,1.00000000
2.900000,-2.083336,0.000611,-5.626693,5.999997,-0.000011,-5.626705,1.252e-29,1.243e-29,1.784e-18,1.784e-18,1.00000000
3.000000,-2.153367,0.000843,-5.600266,5.999997,-0.000022,-5.600288,1.638e-29,1.669e-29,8.054e-19,8.054e-19,1.00000000
3.100000,-2.221565,0.002311,-5.573565,5.999998,-0.000032,-5.573597,2.886e-29,2.959e-29,5.672e-19,5.672e-19,1.00000000
3.200000,-2.288204,0.002233,-5.546539,5.999999,-0.000041,-5.546580,6.293e-29,6.461e-29,3.852e-19,3.852e-19,1.00000000
3.300000,-2.355864,0.000745,-5.518141,5.999998,-0.000047,-5.518188,1.339e-28,1.370e-28,6.657e-19,6.657e-19,1.00000000
3.400000,-2.424532,0.000668,-5.488316,5.999997,-0.000050,-5.488366,2.672e-28,2.736e-28,1.008e-18,1.008e-18,1.00000000
3.500000,-2.491592,0.002184,-5.458199,5.999998,-0.000049,-5.458248,5.044e-28,5.145e-28,1.137e-18,1.137e-18,1.00000000
3.600000,-2.556737,0.002437,-5.427990,5.999999,-0.000044,-5.428034,9.479e-28,9.610e-28,1.138e-18,1.138e-18,1.00000000
3.700000,-2.622565,0.000894,-5.396492,5.999998,-0.000037,-5.396530,1.788e-27,1.788e-27,2.256e-18,2.256e-18,1.00000000
3.800000,-2.689709,0.000422,-5.363342,5.999997,-0.000027,-5.363369,3.162e-27,3.152e-27,1.142e-17,1.142e-17,1.00000000
3.900000,-2.755598,0.001970,-5.329788,5.999997,-0.000013,-5.329802,3.942e-27,3.968e-27,1.391e-17,1.391e-17,1.00000000
4.000000,-2.819199,0.002712,-5.296422,5.999998,0.000003,-5.296420,4.935e-27,3.999e-27,8.493e-18,8.493e-18,1.00000000
4.100000,-2.882971,0.001213,-5.261983,5.999999,0.000019,-5.261963,3.708e-26,1.259e-26,5.263e-18,5.263e-18,1.00000000
4.200000,-2.948376,0.000163,-5.225615,5.999998,0.000036,-5.225579,3.400e-25,8.702e-26,9.649e-18,9.649e-18,1.00000000
4.300000,-3.013136,0.001535,-5.188543,5.999997,0.000054,-5.188489,1.250e-24,3.925e-25,1.482e-17,1.482e-17,1.00000000
4.400000,-3.075314,0.002909,-5.151933,5.999998,0.000071,-5.151862,1.913e-24,9.195e-25,9.212e-18,9.212e-18,1.00000000
4.500000,-3.136840,0.001759,-5.114706,5.999998,0.000086,-5.114620,1.443e-24,1.028e-24,4.899e-18,4.899e-18,1.00000000
4.600000,-3.200059,0.000084,-5.075392,5.999998,0.000098,-5.075294,6.583e-25,6.227e-25,2.113e-18,2.113e-18,1.00000000
4.700000,-3.263456,0.000913,-5.034861,5.999997,0.000107,-5.034754,2.327e-25,2.653e-25,1.026e-18,1.026e-18,1.00000000
4.800000,-3.324295,0.002830,-4.994899,5.999997,0.000112,-4.994788,8.065e-26,1.019e-25,7.976e-19,7.976e-19,1.00000000
4.900000,-3.383494,0.002408,-4.954991,5.999998,0.000113,-4.954878,2.971e-26,3.881e-26,9.574e-19,9.574e-19,1.00000000
5.000000,-3.443981,0.000344,-4.913143,5.999998,0.000109,-4.913034,1.225e-26,1.572e-26,1.072e-18,1.072e-18,1.00000000
5.000000,-3.443981,0.000344,-4.913143,5.999998,0.000109,-4.913034,1.225e-26,1.572e-26,1.072e-18,1.072e-18,1.00000000
5.100000,-3.444422,0.001739,-4.912833,5.999998,0.000110,-4.912723,6.816e-27,8.416e-27,8.252e-19,8.252e-19,1.00000000
5.200000,-3.445460,0.010463,-4.912094,5.999997,0.000014,-4.912080,4.415e-27,5.306e-27,1.331e-18,1.331e-18,1.00000000
5.300000,-3.445010,0.025666,-4.912353,5.999997,-0.000265,-4.912618,2.386e-27,2.782e-27,1.450e-18,1.450e-18,1.00000000
5.400000,-3.443483,0.044790,-4.913288,5.999998,-0.000800,-4.914088,1.101e-27,1.220e-27,3.781e-18,3.781e-18,1.00000000
5.500000,-3.442917,0.068125,-4.913416,5.999998,-0.001649,-4.915065,5.159e-28,5.300e-28,7.242e-18,7.242e-18,1.00000000
5.600000,-3.443179,0.098253,-4.912722,5.999998,-0.002851,-4.915574,2.569e-28,2.629e-28,7.375e-18,7.375e-18,1.00000000
5.700000,-3.442029,0.135420,-4.912644,5.999997,-0.004424,-4.917068,1.727e-28,1.839e-28,5.524e-18,5.524e-18,1.00000000
5.800000,-3.438907,0.177124,-4.913504,5.999998,-0.006367,-4.919871,1.871e-28,1.477e-28,4.602e-18,4.602e-18,1.00000000
5.900000,-3.435617,0.222587,-4.913957,5.999998,-0.008662,-4.922619,7.758e-28,1.678e-28,9.228e-18,9.228e-18,1.00000000
6.000000,-3.432723,0.274083,-4.913377,5.999998,-0.011277,-4.924654,4.026e-27,2.105e-28,1.013e-17,1.013e-17,1.00000000
6.100000,-3.428153,0.332806,-4.912940,5.999998,-0.014166,-4.927106,1.218e-26,2.890e-28,6.753e-18,6.753e-18,1.00000000
6.200000,-3.420505,0.396692,-4.913527,5.999998,-0.017265,-4.930793,1.957e-26,5.219e-28,3.339e-18,3.339e-18,1.00000000
6.300000,-3.411076,0.464081,-4.914180,5.999998,-0.020501,-4.934681,1.725e-26,1.069e-27,1.301e-18,1.301e-18,1.00000000
6.400000,-3.400946,0.536595,-4.913819,5.999998,-0.023791,-4.937610,1.008e-26,1.769e-27,1.066e-18,1.066e-18,1.00000000
6.500000,-3.388412,0.616064,-4.913156,5.999998,-0.027050,-4.940206,8.363e-27,3.017e-27,1.169e-18,1.169e-18,1.00000000
6.600000,-3.371451,0.701059,-4.913431,5.999997,-0.030196,-4.943627,1.260e-26,5.293e-27,1.076e-18,1.076e-18,1.00000000
6.700000,-3.350734,0.789292,-4.914221,5.999998,-0.033163,-4.947385,2.344e-26,8.258e-27,8.252e-19,8.252e-19,1.00000000
6.800000,-3.327683,0.881524,-4.914206,5.999998,-0.035913,-4.950118,4.663e-26,1.254e-26,1.308e-18,1.308e-18,1.00000000
6.900000,-3.301093,0.979888,-4.913510,5.999998,-0.038440,-4.951951,9.524e-26,2.193e-26,2.549e-18,2.549e-18,1.00000000
7.000000,-3.268530,1.083665,-4.913487,5.999998,-0.040779,-4.954266,2.450e-25,4.157e-26,3.772e-18,3.772e-18,1.00000000
7.100000,-3.229993,1.190180,-4.914325,5.999997,-0.042995,-4.957320,3.465e-25,4.710e-26,6.141e-18,6.141e-18,1.00000000
7.200000,-3.187120,1.299191,-4.914707,5.999998,-0.045179,-4.959886,1.224e-24,8.730e-26,7.402e-18,7.402e-18,1.00000000
7.300000,-3.139345,1.412799,-4.914112,5.999998,-0.047442,-4.961554,9.292e-24,8.465e-25,7.217e-18,7.217e-18,1.00000000
7.400000,-3.084024,1.531046,-4.913722,5.999998,-0.049898,-4.963621,4.470e-23,5.633e-24,6.031e-18,6.031e-18,1.00000000
7.500000,-3.020380,1.651137,-4.914369,5.999997,-0.052658,-4.967026,1.195e-22,1.941e-23,6.622e-18,6.622e-18,1.00000000
7.600000,-2.950112,1.771690,-4.915071,5.999998,-0.055818,-4.970889,1.599e-22,3.137e-23,8.856e-18,8.856e-18,1.00000000
7.700000,-2.873488,1.894370,-4.914714,5.999998,-0.059461,-4.974174,1.103e-22,2.450e-23,7.585e-18,7.585e-18,1.00000000
7.800000,-2.787949,2.019958,-4.913969,5.999998,-0.063642,-4.977611,4.794e-23,1.145e-23,4.541e-18,4.541e-18,1.00000000
7.900000,-2.691862,2.145873,-4.914171,5.999998,-0.068385,-4.982556,1.743e-23,4.369e-24,2.435e-18,2.435e-18,1.00000000
8.000000,-2.586751,2.269590,-4.915043,5.999997,-0.073672,-4.988715,6.431e-24,1.689e-24,1.477e-18,1.477e-18,1.00000000
8.100000,-2.473911,2.391876,-4.915147,5.999998,-0.079437,-4.994584,2.479e-24,6.803e-25,1.183e-18,1.183e-18,1.00000000
8.200000,-2.351371,2.514055,-4.914322,5.999998,-0.085562,-4.999883,9.804e-25,2.763e-25,1.237e-18,1.237e-18,1.00000000
8.300000,-2.216746,2.634145,-4.913990,5.999998,-0.091880,-5.005870,3.947e-25,1.103e-25,1.137e-18,1.137e-18,1.00000000
8.400000,-2.071046,2.748741,-4.914790,5.999998,-0.098190,-5.012981,1.598e-25,4.325e-26,1.123e-18,1.123e-18,1.00000000
8.500000,-1.916621,2.857350,-4.915494,5.999998,-0.104285,-5.019779,6.415e-26,1.701e-26,2.626e-18,2.626e-18,1.00000000
8.600000,-1.752753,2.961453,-4.915041,5.999998,-0.109973,-5.025014,2.671e-26,7.187e-27,4.533e-18,4.533e-18,1.00000000
8.700000,-1.576745,3.059973,-4.914307,5.999998,-0.115107,-5.029414,1.256e-26,3.480e-27,5.301e-18,5.301e-18,1.00000000
8.800000,-1.388750,3.149189,-4.914668,5.999998,-0.119601,-5.034268,7.508e-27,1.833e-27,5.714e-18,5.714e-18,1.00000000
8.900000,-1.191835,3.227260,-4.915719,5.999998,-0.123437,-5.039156,6.303e-27,1.268e-27,6.929e-18,6.929e-18,1.00000000
9.000000,-0.987099,3.295343,-4.915926,5.999998,-0.126666,-5.042592,6.739e-27,1.341e-27,7.920e-18,7.920e-18,1.00000000
9.100000,-0.772356,3.353372,-4.915113,5.999998,-0.129399,-5.044512,9.039e-27,1.727e-27,6.559e-18,6.559e-18,1.00000000
9.200000,-0.546783,3.397982,-4.914745,5.999998,-0.131792,-5.046537,2.975e-26,2.200e-27,8.493e-18,8.493e-18,1.00000000
9.300000,-0.313472,3.426241,-4.915545,5.999998,-0.134038,-5.049583,5.868e-26,2.758e-27,8.353e-18,8.353e-18,1.00000000
9.400000,-0.075461,3.438592,-4.916337,5.999998,-0.136360,-5.052697,1.023e-25,4.881e-27,5.810e-18,5.810e-18,1.00000000
9.500000,0.167890,3.435890,-4.915938,5.999998,-0.138998,-5.054936,1.891e-25,1.264e-26,3.864e-18,3.864e-18,1.00000000
9.600000,0.417916,3.415790,-4.915048,5.999998,-0.142197,-5.057245,3.307e-25,2.309e-26,2.534e-18,2.534e-18,1.00000000
9.700000,0.672213,3.374869,-4.915116,5.999998,-0.146207,-5.061323,5.037e-25,3.615e-26,1.959e-18,1.959e-18,1.00000000
9.800000,0.926360,3.312743,-4.916052,5.999998,-0.151267,-5.067318,8.953e-25,7.381e-26,1.508e-18,1.508e-18,1.00000000
9.900000,1.178756,3.231013,-4.916408,5.999998,-0.157588,-5.073996,1.602e-24,1.668e-25,1.231e-18,1.231e-18,1.00000000
10.000000,1.430278,3.128928,-4.915698,5.999998,-0.165331,-5.081028,2.748e-24,3.613e-25,1.218e-18,1.218e-18,1.00000000
10.000000,1.430278,3.128928,-4.915698,5.999998,-0.165331,-5.081028,2.748e-24,3.613e-25,1.218e-18,1.218e-18,1.00000000
10.100000,1.677082,3.004949,-4.915043,5.999998,-0.174570,-5.089612,4.759e-24,7.509e-25,1.826e-18,1.826e-18,1.00000000
10.200000,1.912539,2.860076,-4.915499,5.999998,-0.185240,-5.100739,7.271e-24,1.131e-24,3.560e-18,3.560e-18,1.00000000
10.300000,2.133840,2.697466,-4.916338,5.999998,-0.197189,-5.113527,8.749e-24,2.753e-24,3.730e-18,3.730e-18,1.00000000
10.400000,2.341540,2.519365,-4.916296,5.999998,-0.210211,-5.126506,2.410e-23,4.170e-23,3.955e-18,3.955e-18,1.00000000
10.500000,2.536056,2.325041,-4.915544,5.999997,-0.224062,-5.139606,1.608e-22,3.499e-22,5.064e-18,5.064e-18,1.00000000
10.600000,2.714758,2.114092,-4.915351,5.999998,-0.238496,-5.153847,7.301e-22,1.261e-21,7.232e-18,7.232e-18,1.00000000
10.700000,2.874546,1.889271,-4.916058,5.999998,-0.253281,-5.169339,1.677e-21,2.191e-21,6.136e-18,6.136e-18,1.00000000
10.800000,3.015208,1.653972,-4.916592,5.999998,-0.268218,-5.184810,1.821e-21,1.987e-21,5.167e-18,5.167e-18,1.00000000
10.900000,3.137839,1.408857,-4.916204,5.999998,-0.283143,-5.199347,1.049e-21,1.051e-21,6.235e-18,6.235e-18,1.00000000
11.000000,3.241378,1.153422,-4.915593,5.999997,-0.297931,-5.213524,4.181e-22,4.020e-22,5.591e-18,5.591e-18,1.00000000
11.100000,3.323292,0.889579,-4.915725,5.999998,-0.312491,-5.228216,1.542e-22,1.436e-22,4.144e-18,4.144e-18,1.00000000
11.200000,3.382927,0.621023,-4.916311,5.999998,-0.326760,-5.243071,5.994e-23,5.395e-23,3.171e-18,3.171e-18,1.00000000
11.300000,3.421567,0.349672,-4.916359,5.999998,-0.340704,-5.257063,2.437e-23,2.108e-23,2.734e-18,2.734e-18,1.00000000
11.400000,3.439377,0.075444,-4.915787,5.999997,-0.354307,-5.270094,1.021e-23,8.374e-24,1.936e-18,1.936e-18,1.00000000
11.500000,3.434795,-0.200484,-4.915482,5.999997,-0.367587,-5.283068,4.451e-24,3.359e-24,1.243e-18,1.243e-18,1.00000000
11.600000,3.407232,-0.474804,-4.915822,5.999998,-0.380596,-5.296418,2.019e-24,1.357e-24,1.326e-18,1.326e-18,1.00000000
11.700000,3.358078,-0.744943,-4.916132,5.999998,-0.393423,-5.309555,9.437e-25,5.418e-25,2.092e-18,2.092e-18,1.00000000
11.800000,3.288353,-1.010423,-4.915868,5.999998,-0.406185,-5.322053,5.041e-25,2.167e-25,4.705e-18,4.705e-18,1.00000000
11.900000,3.197458,-1.270475,-4.915499,5.999997,-0.419012,-5.334511,3.929e-25,9.332e-26,5.329e-18,5.329e-18,1.00000000
12.000000,3.085203,-1.522421,-4.915661,5.999997,-0.432031,-5.347692,4.790e-25,4.684e-26,4.062e-18,4.062e-18,1.00000000
12.100000,2.953230,-1.763653,-4.916090,5.999998,-0.445348,-5.361437,5.922e-25,3.183e-26,4.240e-18,4.240e-18,1.00000000
12.200000,2.803224,-1.993444,-4.916106,5.999998,-0.459034,-5.375140,6.811e-25,3.108e-26,6.346e-18,6.346e-18,1.00000000
12.300000,2.635335,-2.211366,-4.915775,5.999998,-0.473125,-5.388900,7.198e-25,3.763e-26,6.874e-18,6.874e-18,1.00000000
12.400000,2.449728,-2.415371,-4.915769,5.999997,-0.487619,-5.403388,8.567e-25,7.227e-26,4.541e-18,4.541e-18,1.00000000
12.500000,2.248331,-2.603075,-4.916196,5.999998,-0.502484,-5.418679,1.155e-24,1.480e-25,5.327e-18,5.327e-18,1.00000000
12.600000,2.033478,-2.773804,-4.916397,5.999998,-0.517664,-5.434061,1.359e-24,5.817e-25,5.466e-18,5.466e-18,1.00000000
12.700000,1.805906,-2.927631,-4.916061,5.999998,-0.533088,-5.449150,1.809e-24,1.619e-24,5.087e-18,5.087e-18,1.00000000
12.800000,1.565862,-3.063211,-4.915769,5.999998,-0.548676,-5.464446,2.355e-24,4.101e-24,4.421e-18,4.421e-18,1.00000000
12.900000,1.315341,-3.178435,-4.916035,5.999997,-0.564340,-5.480375,3.072e-24,1.010e-23,3.270e-18,3.270e-18,1.00000000
13.000000,1.057320,-3.272740,-4.916423,5.999998,-0.579989,-5.496412,5.592e-24,2.043e-23,2.403e-18,2.403e-18,1.00000000
13.100000,0.793229,-3.346828,-4.916250,5.999998,-0.595535,-5.511785,1.224e-23,3.857e-23,2.241e-18,2.241e-18,1.00000000
13.200000,0.523233,-3.400266,-4.915729,5.999998,-0.610912,-5.526641,2.533e-23,7.335e-23,1.882e-18,1.882e-18,1.00000000
13.300000,0.248943,-3.431351,-4.915672,5.999998,-0.626092,-5.541764,4.723e-23,1.373e-22,1.399e-18,1.399e-18,1.00000000
13.400000,-0.026308,-3.439563,-4.916165,5.999997,-0.641107,-5.557273,6.279e-23,2.347e-22,2.997e-18,2.997e-18,1.00000000
13.500000,-0.300237,-3.426186,-4.916410,5.999998,-0.656052,-5.572462,1.427e-22,5.299e-22,5.199e-18,5.199e-18,1.00000000
13.600000,-0.572589,-3.391907,-4.916004,5.999998,-0.671082,-5.587085,8.627e-22,2.760e-21,4.385e-18,4.385e-18,1.00000000
13.700000,-0.842539,-3.335693,-4.915613,5.999998,-0.686392,-5.602005,4.157e-21,1.269e-20,3.384e-18,3.384e-18,1.00000000
13.800000,-1.107068,-3.257016,-4.915915,5.999998,-0.702199,-5.618114,1.114e-20,2.904e-20,5.366e-18,5.366e-18,1.00000000
13.900000,-1.363209,-3.157475,-4.916501,5.999998,-0.718717,-5.635219,1.559e-20,3.492e-20,7.004e-18,7.004e-18,1.00000000
14.000000,-1.610272,-3.038896,-4.916514,5.999998,-0.736138,-5.652652,1.176e-20,2.457e-20,4.928e-18,4.928e-18,1.00000000
14.100000,-1.848205,-2.901220,-4.915998,5.999998,-0.754617,-5.670615,5.563e-21,1.153e-20,3.951e-18,3.951e-18,1.00000000
14.200000,-2.074989,-2.743923,-4.915820,5.999998,-0.774269,-5.690089,2.113e-21,4.363e-21,4.399e-18,4.399e-18,1.00000000
14.300000,-2.287554,-2.568480,-4.916297,5.999998,-0.795163,-5.711460,7.856e-22,1.605e-21,4.389e-18,4.389e-18,1.00000000
14.400000,-2.484590,-2.377562,-4.916705,5.999998,-0.817319,-5.734023,3.053e-22,6.185e-22,4.388e-18,4.388e-18,1.00000000
14.500000,-2.666416,-2.172334,-4.916418,5.999998,-0.840704,-5.757123,1.257e-22,2.534e-22,3.510e-18,3.510e-18,1.00000000
14.600000,-2.832258,-1.952531,-4.915884,5.999998,-0.865226,-5.781109,5.888e-23,1.150e-22,2.692e-18,2.692e-18,1.00000000
14.700000,-2.979660,-1.719163,-4.915900,5.999998,-0.890722,-5.806622,3.254e-23,6.032e-23,2.255e-18,2.255e-18,1.00000000
14.800000,-3.106937,-1.475155,-4.916384,5.999998,-0.916964,-5.833349,2.096e-23,3.556e-23,1.928e-18,1.928e-18,1.00000000
14.900000,-3.214386,-1.222852,-4.916536,5.999998,-0.943666,-5.860202,1.805e-23,2.407e-23,1.465e-18,1.465e-18,1.00000000
15.000000,-3.302287,-0.962688,-4.916107,5.999998,-0.970498,-5.886605,2.332e-23,2.104e-23,2.307e-18,2.307e-18,1.00000000
15.100000,-3.369267,-0.695232,-4.915757,5.999998,-0.997132,-5.912889,3.132e-23,2.306e-23,4.032e-18,4.032e-18,1.00000000
15.200000,-3.413791,-0.423008,-4.916001,5.999998,-1.023278,-5.939279,3.570e-23,2.331e-23,4.948e-18,4.948e-18,1.00000000
15.300000,-3.436042,-0.149031,-4.916440,5.999998,-1.048717,-5.965157,3.210e-23,1.985e-23,4.405e-18,4.405e-18,1.00000000
15.400000,-3.437007,0.125335,-4.916426,5.999998,-1.073328,-5.989755,2.997e-23,1.572e-23,3.484e-18,3.484e-18,1.00000000
15.500000,-3.416524,0.399607,-4.916060,5.999998,-1.097083,-6.013143,3.230e-23,1.604e-23,4.927e-18,4.927e-18,1.00000000
15.600000,-3.373667,0.672028,-4.915966,5.999998,-1.120041,-6.036007,6.464e-23,1.994e-23,5.182e-18,5.182e-18,1.00000000
15.700000,-3.308611,0.939699,-4.916303,5.999998,-1.142332,-6.058635,2.199e-22,3.124e-23,3.466e-18,3.466e-18,1.00000000
15.800000,-3.222720,1.200586,-4.916568,5.999998,-1.164132,-6.080701,3.823e-22,3.600e-23,3.380e-18,3.380e-18,1.00000000
15.900000,-3.116871,1.453961,-4.916410,5.999998,-1.185637,-6.102047,3.138e-22,5.321e-23,3.727e-18,3.727e-18,1.00000000
16.000000,-2.990971,1.698746,-4.916129,5.999998,-1.207039,-6.123168,1.717e-22,1.460e-22,3.568e-18,3.568e-18,1.00000000
16.100000,-2.845349,1.932709,-4.916157,5.999998,-1.228510,-6.144667,1.342e-22,3.677e-22,3.089e-18,3.089e-18,1.00000000
16.200000,-2.681511,2.153718,-4.916399,5.999998,-1.250191,-6.166590,1.896e-22,7.526e-22,2.766e-18,2.766e-18,1.00000000
16.300000,-2.501057,2.360777,-4.916444,5.999998,-1.272178,-6.188622,2.822e-22,1.336e-21,2.652e-18,2.652e-18,1.00000000
16.400000,-2.304751,2.553199,-4.916225,5.999998,-1.294512,-6.210738,4.190e-22,2.174e-21,2.351e-18,2.351e-18,1.00000000
16.500000,-2.093263,2.729543,-4.916078,5.999998,-1.317176,-6.233254,6.206e-22,3.327e-21,1.834e-18,1.834e-18,1.00000000
16.600000,-1.868155,2.888096,-4.916185,5.999998,-1.340094,-6.256279,8.193e-22,4.652e-21,2.317e-18,2.317e-18,1.00000000
16.700000,-1.631413,3.027898,-4.916330,5.999998,-1.363141,-6.279471,3.001e-21,6.998e-21,4.536e-18,4.536e-18,1.00000000
16.800000,-1.384467,3.148543,-4.916289,5.999998,-1.386161,-6.302450,1.834e-20,1.909e-20,5.699e-18,5.699e-18,1.00000000
16.900000,-1.128409,3.249276,-4.916185,5.999998,-1.408993,-6.325178,5.208e-20,5.172e-20,5.437e-18,5.437e-18,1.00000000
17.000000,-0.864885,3.329040,-4.916243,5.999998,-1.431502,-6.347744,8.604e-20,8.675e-20,4.472e-18,4.472e-18,1.00000000
17.100000,-0.596021,3.387274,-4.916412,5.999998,-1.453591,-6.370003,8.369e-20,9.300e-20,4.421e-18,4.421e-18,1.00000000
17.200000,-0.323594,3.423967,-4.916473,5.999998,-1.475221,-6.391695,5.112e-20,6.380e-20,4.947e-18,4.947e-18,1.00000000
17.300000,-0.048958,3.438967,-4.916410,5.999998,-1.496411,-6.412821,2.280e-20,3.064e-20,4.278e-18,4.278e-18,1.00000000
17.400000,0.226217,3.431862,-4.916414,5.999998,-1.517239,-6.433653,9.000e-21,1.278e-20,3.290e-18,3.290e-18,1.00000000
17.500000,0.499810,3.402615,-4.916541,5.999998,-1.537832,-6.454373,3.529e-21,5.405e-21,2.946e-18,2.946e-18,1.00000000
17.600000,0.769944,3.351724,-4.916615,5.999998,-1.558356,-6.474971,1.421e-21,2.425e-21,3.227e-18,3.227e-18,1.00000000
17.700000,1.035237,3.279636,-4.916528,5.999998,-1.578996,-6.495524,6.121e-22,1.225e-21,3.127e-18,3.127e-18,1.00000000
17.800000,1.294181,3.186509,-4.916425,5.999998,-1.599945,-6.516370,3.052e-22,7.323e-22,2.871e-18,2.871e-18,1.00000000
17.900000,1.544812,3.072773,-4.916462,5.999998,-1.621388,-6.537850,1.951e-22,5.328e-22,2.522e-18,2.522e-18,1.00000000
18.000000,1.785283,2.939433,-4.916551,5.999998,-1.643486,-6.560037,1.661e-22,4.772e-22,2.611e-18,2.611e-18,1.00000000
18.100000,2.014313,2.787559,-4.916506,5.999998,-1.666367,-6.582873,1.837e-22,5.064e-22,2.297e-18,2.297e-18,1.00000000
18.200000,2.230738,2.617871,-4.916354,5.999998,-1.690116,-6.606470,2.256e-22,5.966e-22,1.991e-18,1.991e-18,1.00000000
18.300000,2.432991,2.431161,-4.916298,5.999998,-1.714763,-6.631061,2.542e-22,6.789e-22,2.889e-18,2.889e-18,1.00000000
18.400000,2.619436,2.228797,-4.916400,5.999998,-1.740283,-6.656683,2.742e-22,7.026e-22,4.148e-18,4.148e-18,1.00000000
18.500000,2.788954,2.012402,-4.916497,5.999997,-1.766596,-6.683093,3.093e-22,6.880e-22,4.832e-18,4.832e-18,1.00000000
18.600000,2.940796,1.783289,-4.916460,5.999998,-1.793575,-6.710035,4.424e-22,6.482e-22,4.841e-18,4.841e-18,1.00000000
18.700000,3.074019,1.542586,-4.916383,5.999998,-1.821066,-6.737448,6.080e-22,6.319e-22,4.661e-18,4.661e-18,1.00000000
18.800000,3.187479,1.291795,-4.916424,5.999998,-1.848900,-6.765324,1.300e-21,8.674e-22,4.109e-18,4.109e-18,1.00000000
18.900000,3.280334,1.032825,-4.916569,5.999998,-1.876918,-6.793487,3.004e-21,1.271e-21,3.875e-18,3.875e-18,1.00000000
19.000000,3.352216,0.767491,-4.916664,5.999998,-1.904981,-6.821645,4.127e-21,1.284e-21,3.247e-18,3.247e-18,1.00000000
19.100000,3.402860,0.497285,-4.916628,5.999998,-1.932978,-6.849606,3.445e-21,9.998e-22,2.561e-18,2.561e-18,1.00000000
19.200000,3.431834,0.223700,-4.916548,5.999998,-1.960825,-6.877374,2.106e-21,9.124e-22,2.335e-18,2.335e-18,1.00000000
19.300000,3.438735,-0.051451,-4.916546,5.999998,-1.988466,-6.905012,1.713e-21,1.345e-21,1.971e-18,1.971e-18,1.00000000
19.400000,3.423506,-0.326157,-4.916625,5.999998,-2.015858,-6.932484,2.369e-21,2.058e-21,2.039e-18,2.039e-18,1.00000000
19.500000,3.386449,-0.598574,-4.916670,5.999998,-2.042969,-6.959639,3.929e-21,3.267e-21,2.325e-18,2.325e-18,1.00000000
19.600000,3.327936,-0.867163,-4.916589,5.999998,-2.069759,-6.986348,6.309e-21,5.630e-21,2.707e-18,2.707e-18,1.00000000
19.700000,3.248191,-1.130447,-4.916434,5.999998,-2.096186,-7.012619,9.100e-21,9.431e-21,2.648e-18,2.648e-18,1.00000000
19.800000,3.147458,-1.386661,-4.916366,5.999998,-2.122198,-7.038564,1.176e-20,1.371e-20,2.051e-18,2.051e-18,1.00000000
19.900000,3.026396,-1.633820,-4.916455,5.999998,-2.147754,-7.064210,1.742e-20,1.906e-20,2.486e-18,2.486e-18,1.00000000
20.000000,2.886122,-1.870233,-4.916554,5.999998,-2.172829,-7.089382,4.540e-20,3.152e-20,3.431e-18,3.431e-18,1.00000000
20.100000,2.727676,-2.094754,-4.916478,5.999998,-2.197424,-7.113902,1.018e-19,6.130e-20,4.104e-18,4.104e-18,1.00000000
20.200000,2.551694,-2.306248,-4.916305,5.999998,-2.221576,-7.137881,1.177e-19,9.920e-20,5.516e-18,5.516e-18,1.00000000
20.300000,2.358952,-2.503038,-4.916312,5.999998,-2.245357,-7.161669,8.383e-20,1.011e-19,5.876e-18,5.876e-18,1.00000000
20.400000,2.151025,-2.683356,-4.916571,5.999998,-2.268862,-7.185433,4.769e-20,6.337e-20,3.386e-18,3.386e-18,1.00000000
20.500000,1.929828,-2.846240,-4.916772,5.999998,-2.292203,-7.208975,2.267e-20,2.916e-20,3.299e-18,3.299e-18,1.00000000
20.600000,1.696590,-2.991320,-4.916661,5.999998,-2.315489,-7.232150,9.858e-21,1.261e-20,3.278e-18,3.278e-18,1.00000000
20.700000,1.452048,-3.117690,-4.916457,5.999998,-2.338820,-7.255277,4.277e-21,5.963e-21,2.743e-18,2.743e-18,1.00000000
20.800000,1.197725,-3.223801,-4.916558,5.999998,-2.362283,-7.278841,1.931e-21,3.335e-21,2.116e-18,2.116e-18,1.00000000
20.900000,0.936113,-3.308735,-4.916904,5.999998,-2.385939,-7.302843,9.980e-22,2.304e-21,1.863e-18,1.863e-18,1.00000000
21.000000,0.669229,-3.372702,-4.917010,5.999998,-2.409829,-7.326839,6.872e-22,1.756e-21,2.162e-18,2.162e-18,1.00000000
21.100000,0.397917,-3.415795,-4.916704,5.999998,-2.433969,-7.350673,6.035e-22,1.542e-21,2.343e-18,2.343e-18,1.00000000
21.200000,0.123227,-3.437062,-4.916442,5.999998,-2.458349,-7.374791,6.546e-22,1.601e-21,2.619e-18,2.619e-18,1.00000000
21.300000,-0.152370,-3.435631,-4.916625,5.999998,-2.482938,-7.399563,8.048e-22,1.736e-21,2.917e-18,2.917e-18,1.00000000
21.400000,-0.426145,-3.412024,-4.916957,5.999998,-2.507675,-7.424632,9.959e-22,1.917e-21,1.916e-18,1.916e-18,1.00000000
21.500000,-0.696798,-3.367311,-4.916875,5.999997,-2.532479,-7.449354,1.298e-21,2.304e-21,1.845e-18,1.845e-18,1.00000000
21.600000,-0.963771,-3.301474,-4.916441,5.999998,-2.557261,-7.473702,1.769e-21,2.857e-21,2.336e-18,2.336e-18,1.00000000
21.700000,-1.225247,-3.213859,-4.916285,5.999998,-2.581943,-7.498228,1.832e-21,3.592e-21,3.006e-18,3.006e-18,1.00000000
21.800000,-1.478306,-3.105046,-4.916633,5.999998,-2.606471,-7.523104,1.904e-21,4.094e-21,4.955e-18,4.955e-18,1.00000000
21.900000,-1.721049,-2.976854,-4.916940,5.999998,-2.630836,-7.547776,2.477e-21,4.381e-21,5.802e-18,5.802e-18,1.00000000
22.000000,-1.953085,-2.830394,-4.916736,5.999997,-2.655074,-7.571810,4.388e-21,5.415e-21,3.104e-18,3.104e-18,1.00000000
22.100000,-2.173548,-2.665526,-4.916364,5.999998,-2.679272,-7.595636,6.500e-21,9.968e-21,2.720e-18,2.720e-18,1.00000000
22.200000,-2.380060,-2.482719,-4.916442,5.999998,-2.703551,-7.619993,7.166e-21,1.431e-20,3.074e-18,3.074e-18,1.00000000
22.300000,-2.570422,-2.284087,-4.916895,5.999998,-2.728059,-7.644955,5.594e-21,1.192e-20,2.847e-18,2.847e-18,1.00000000
22.400000,-2.744111,-2.071773,-4.917071,5.999998,-2.752950,-7.670021,3.777e-21,7.207e-21,2.580e-18,2.580e-18,1.00000000
22.500000,-2.901063,-1.846446,-4.916752,5.999998,-2.778366,-7.695117,3.404e-21,4.442e-21,2.180e-18,2.180e-18,1.00000000
22.600000,-3.039911,-1.608477,-4.916474,5.999998,-2.804424,-7.720898,4.286e-21,3.268e-21,1.743e-18,1.743e-18,1.00000000
22.700000,-3.158684,-1.359758,-4.916681,5.999999,-2.831206,-7.747887,6.254e-21,4.000e-21,1.610e-18,1.610e-18,1.00000000
22.800000,-3.256679,-1.103039,-4.917044,5.999999,-2.858747,-7.775791,9.108e-21,5.986e-21,2.039e-18,2.039e-18,1.00000000
22.900000,-3.334315,-0.839939,-4.916993,5.999998,-2.887029,-7.804023,1.274e-20,8.675e-21,2.537e-18,2.537e-18,1.00000000
23.000000,-3.391311,-0.570992,-4.916599,5.999997,-2.915977,-7.832576,1.764e-20,1.206e-20,1.863e-18,1.863e-18,1.00000000
23.100000,-3.426366,-0.297591,-4.916445,5.999998,-2.945454,-7.861899,2.706e-20,1.983e-20,1.352e-18,1.352e-18,1.00000000
23.200000,-3.438807,-0.022489,-4.916715,5.999999,-2.975273,-7.891988,4.878e-20,4.528e-20,1.499e-18,1.499e-18,1.00000000
23.300000,-3.429317,0.251955,-4.916939,5.999998,-3.005202,-7.922141,8.243e-20,9.330e-20,2.043e-18,2.043e-18,1.00000000
23.400000,-3.398552,0.524769,-4.916750,5.999998,-3.034997,-7.951747,1.073e-19,1.315e-19,3.657e-18,3.657e-18,1.00000000
23.500000,-3.346114,0.794988,-4.916450,5.999997,-3.064419,-7.980870,9.390e-20,1.121e-19,5.657e-18,5.657e-18,1.00000000
23.600000,-3.271634,1.060351,-4.916507,5.999998,-3.093274,-8.009781,5.557e-20,6.185e-20,4.066e-18,4.066e-18,1.00000000
23.700000,-3.175995,1.318288,-4.916824,5.999999,-3.121432,-8.038256,2.571e-20,2.785e-20,2.253e-18,2.253e-18,1.00000000
23.800000,-3.060572,1.567410,-4.916920,5.999998,-3.148839,-8.065759,1.138e-20,1.319e-20,2.192e-18,2.192e-18,1.00000000
23.900000,-2.925886,1.806991,-4.916700,5.999998,-3.175520,-8.092220,6.057e-21,7.473e-21,2.368e-18,2.368e-18,1.00000000
24.000000,-2.772040,2.035456,-4.916572,5.999998,-3.201568,-8.118141,3.784e-21,5.358e-21,2.557e-18,2.557e-18,1.00000000
24.100000,-2.600082,2.250540,-4.916770,5.999998,-3.227136,-8.143905,2.632e-21,4.556e-21,2.258e-18,2.258e-18,1.00000000
24.200000,-2.411860,2.450742,-4.916988,5.999999,-3.252409,-8.169397,2.015e-21,3.895e-21,1.760e-18,1.760e-18,1.00000000
24.300000,-2.208669,2.635501,-4.916899,5.999998,-3.277585,-8.194484,1.748e-21,3.226e-21,1.571e-18,1.571e-18,1.00000000
24.400000,-1.991099,2.803893,-4.916674,5.999998,-3.302853,-8.219527,1.715e-21,2.929e-21,1.820e-18,1.820e-18,1.00000000
24.500000,-1.760319,2.954220,-4.916689,5.999998,-3.328372,-8.245061,1.788e-21,3.053e-21,2.078e-18,2.078e-18,1.00000000
24.600000,-1.518463,3.085178,-4.916902,5.999998,-3.354266,-8.271168,2.049e-21,3.649e-21,1.690e-18,1.690e-18,1.00000000
24.700000,-1.267404,3.196467,-4.916936,5.999998,-3.380609,-8.297545,2.606e-21,4.829e-21,1.333e-18,1.333e-18,1.00000000
24.800000,-1.008139,3.287781,-4.916719,5.999998,-3.407425,-8.324144,3.742e-21,6.083e-21,1.603e-18,1.603e-18,1.00000000
24.900000,-0.741882,3.358055,-4.916609,5.999998,-3.434686,-8.351295,4.893e-21,7.215e-21,1.965e-18,1.965e-18,1.00000000
25.000000,-0.470883,3.406367,-4.916799,5.999998,-3.462316,-8.379114,7.314e-21,8.550e-21,2.633e-18,2.633e-18,1.00000000
25.100000,-0.197435,3.432824,-4.916983,5.999998,-3.490204,-8.407187,9.837e-21,8.762e-21,4.206e-18,4.206e-18,1.00000000
25.200000,0.077184,3.437800,-4.916864,5.999998,-3.518221,-8.435085,1.277e-20,9.368e-21,3.869e-18,3.869e-18,1.00000000
25.300000,0.351891,3.420904,-4.916662,5.999998,-3.546242,-8.462903,1.474e-20,1.829e-20,2.186e-18,2.186e-18,1.00000000
25.400000,0.624562,3.381619,-4.916762,5.999998,-3.574167,-8.490929,1.411e-20,2.838e-20,2.057e-18,2.057e-18,1.00000000
25.500000,0.892654,3.320490,-4.917061,5.999998,-3.601937,-8.518998,1.139e-20,2.717e-20,2.064e-18,2.064e-18,1.00000000
25.600000,1.154669,3.238643,-4.917104,5.999998,-3.629533,-8.546637,7.833e-21,2.057e-20,2.201e-18,2.201e-18,1.00000000
25.700000,1.409830,3.136429,-4.916825,5.999998,-3.656982,-8.573808,6.373e-21,1.324e-20,2.247e-18,2.247e-18,1.00000000
25.800000,1.656488,3.013673,-4.916685,5.999998,-3.684353,-8.601038,6.597e-21,9.778e-21,1.983e-18,1.983e-18,1.00000000
25.900000,1.892122,2.871180,-4.916928,5.999998,-3.711744,-8.628672,7.064e-21,1.007e-20,1.659e-18,1.659e-18,1.00000000
26.000000,2.115010,2.710766,-4.917160,5.999998,-3.739275,-8.656434,7.951e-21,1.210e-20,1.531e-18,1.531e-18,1.00000000
26.100000,2.324667,2.533648,-4.916964,5.999998,-3.767065,-8.684029,9.235e-21,1.478e-20,1.480e-18,1.480e-18,1.00000000
26.200000,2.520210,2.340016,-4.916589,5.999998,-3.795224,-8.711813,1.089e-20,1.737e-20,1.658e-18,1.658e-18,1.00000000
26.300000,2.699540,2.130653,-4.916582,5.999998,-3.823834,-8.740416,1.578e-20,2.244e-20,1.492e-18,1.492e-18,1.00000000
26.400000,2.860812,1.907783,-4.916919,5.999998,-3.852945,-8.769865,2.862e-20,4.165e-20,1.382e-18,1.382e-18,1.00000000
26.500000,3.003677,1.673548,-4.917026,5.999998,-3.882575,-8.799600,4.314e-20,7.799e-20,1.544e-18,1.544e-18,1.00000000
26.600000,3.128093,1.428701,-4.916689,5.999998,-3.912710,-8.829399,4.429e-20,9.774e-20,2.004e-18,2.004e-18,1.00000000
26.700000,3.232786,1.173841,-4.916418,5.999998,-3.943315,-8.859733,3.273e-20,7.628e-20,3.162e-18,3.162e-18,1.00000000
26.800000,3.316082,0.911102,-4.916652,5.999998,-3.974330,-8.890982,1.991e-20,4.286e-20,3.275e-18,3.275e-18,1.00000000
26.900000,3.377669,0.643317,-4.917059,5.999998,-4.005688,-8.922747,1.116e-20,2.311e-20,2.192e-18,2.192e-18,1.00000000
27.000000,3.418213,0.372027,-4.917051,5.999998,-4.037318,-8.954370,6.858e-21,1.374e-20,1.550e-18,1.550e-18,1.00000000
27.100000,3.437508,0.097755,-4.916702,5.999998,-4.069156,-8.985858,5.542e-21,8.941e-21,1.449e-18,1.449e-18,1.00000000
27.200000,3.434403,-0.177925,-4.916624,5.999998,-4.101150,-9.017773,4.530e-21,6.457e-21,1.696e-18,1.696e-18,1.00000000
27.300000,3.408621,-0.452093,-4.917000,5.999998,-4.133265,-9.050265,3.644e-21,5.629e-21,2.020e-18,2.020e-18,1.00000000
27.400000,3.361281,-0.722471,-4.917297,5.999998,-4.165487,-9.082784,2.990e-21,4.876e-21,2.021e-18,2.021e-18,1.00000000
27.500000,3.293234,-0.988316,-4.917095,5.999998,-4.197816,-9.114911,2.795e-21,4.198e-21,1.801e-18,1.801e-18,1.00000000
27.600000,3.204113,-1.248738,-4.916736,5.999998,-4.230260,-9.146996,3.059e-21,4.031e-21,1.536e-18,1.536e-18,1.00000000
27.700000,3.093739,-1.501356,-4.916776,5.999998,-4.262831,-9.179607,4.205e-21,4.749e-21,1.440e-18,1.440e-18,1.00000000
27.800000,2.963421,-1.743574,-4.917120,5.999998,-4.295533,-9.212652,6.118e-21,6.056e-21,1.400e-18,1.400e-18,1.00000000
27.900000,2.814884,-1.974256,-4.917186,5.999998,-4.328354,-9.245540,7.118e-21,7.027e-21,1.390e-18,1.390e-18,1.00000000
28.000000,2.648698,-2.192982,-4.916829,5.999998,-4.361261,-9.278090,7.943e-21,7.658e-21,1.345e-18,1.345e-18,1.00000000
28.100000,2.464924,-2.398241,-4.916560,5.999998,-4.394196,-9.310756,1.344e-20,8.590e-21,1.591e-18,1.591e-18,1.00000000
28.200000,2.264852,-2.587676,-4.916742,5.999998,-4.427089,-9.343831,1.780e-20,8.569e-21,1.698e-18,1.698e-18,1.00000000
28.300000,2.050775,-2.759910,-4.917032,5.999998,-4.459869,-9.376901,1.911e-20,8.353e-21,1.924e-18,1.924e-18,1.00000000
28.400000,1.824200,-2.914777,-4.916945,5.999998,-4.492482,-9.409427,3.076e-20,1.341e-20,2.072e-18,2.072e-18,1.00000000
28.500000,1.585607,-3.051654,-4.916628,5.999998,-4.524903,-9.441531,5.342e-20,2.230e-20,1.903e-18,1.903e-18,1.00000000
28.600000,1.336150,-3.168853,-4.916610,5.999998,-4.557141,-9.473751,6.553e-20,2.280e-20,1.579e-18,1.579e-18,1.00000000
28.700000,1.078308,-3.265094,-4.916949,5.999998,-4.589250,-9.506199,5.034e-20,2.073e-20,1.429e-18,1.429e-18,1.00000000
28.800000,0.814326,-3.340435,-4.917149,5.999998,-4.621315,-9.538464,2.738e-20,2.083e-20,1.481e-18,1.481e-18,1.00000000
28.900000,0.545171,-3.395048,-4.916952,5.999998,-4.653452,-9.570405,1.429e-20,1.789e-20,1.726e-18,1.726e-18,1.00000000
29.000000,0.271807,-3.428079,-4.916744,5.999998,-4.685787,-9.602531,9.320e-21,1.370e-20,1.871e-18,1.871e-18,1.00000000
29.100000,-0.003485,-3.438592,-4.916914,5.999998,-4.718447,-9.635362,6.820e-21,1.093e-20,1.745e-18,1.745e-18,1.00000000
29.200000,-0.278063,-3.426884,-4.917227,5.999998,-4.751547,-9.668774,5.619e-21,1.031e-20,1.527e-18,1.527e-18,1.00000000
29.300000,-0.550489,-3.393831,-4.917200,5.999998,-4.785174,-9.702374,5.528e-21,1.215e-20,1.424e-18,1.424e-18,1.00000000
29.400000,-0.819985,-3.339443,-4.916881,5.999998,-4.819384,-9.736266,6.514e-21,1.623e-20,1.180e-18,1.180e-18,1.00000000
29.500000,-1.084757,-3.263221,-4.916774,5.999998,-4.854193,-9.770967,9.862e-21,2.325e-20,1.317e-18,1.317e-18,1.00000000
29.600000,-1.342139,-3.165679,-4.917023,5.999998,-4.889578,-9.806601,1.695e-20,3.857e-20,1.325e-18,1.325e-18,1.00000000
29.700000,-1.590324,-3.048304,-4.917183,5.999998,-4.925475,-9.842658,2.142e-20,6.158e-20,1.607e-18,1.607e-18,1.00000000
29.800000,-1.828656,-2.911995,-4.916938,5.999998,-4.961784,-9.878723,1.798e-20,7.133e-20,1.646e-18,1.646e-18,1.00000000
29.900000,-2.055999,-2.756745,-4.916625,5.999998,-4.998382,-9.915008,1.125e-20,5.828e-20,1.619e-18,1.619e-18,1.00000000
30.000000,-2.270055,-2.583186,-4.916704,5.999998,-5.035139,-9.951843,7.254e-21,3.947e-20,1.307e-18,1.307e-18,1.00000000
30.100000,-2.468856,-2.393252,-4.917018,5.999998,-5.071942,-9.988960,5.250e-21,2.696e-20,1.210e-18,1.210e-18,1.00000000
30.200000,-2.651820,-2.188724,-4.917044,5.999998,-5.108709,-10.025753,6.036e-21,1.924e-20,1.255e-18,1.255e-18,1.00000000
30.300000,-2.818525,-1.970192,-4.916730,5.999998,-5.145409,-10.062139,6.519e-21,1.328e-20,1.254e-18,1.254e-18,1.00000000
30.400000,-2.967395,-1.738299,-4.916590,5.999998,-5.182060,-10.098650,5.512e-21,9.841e-21,1.182e-18,1.182e-18,1.00000000
30.500000,-3.096617,-1.495089,-4.916873,5.999998,-5.218739,-10.135612,4.591e-21,7.266e-21,1.298e-18,1.298e-18,1.00000000
30.600000,-3.205676,-1.243046,-4.917159,5.999998,-5.255570,-10.172730,4.847e-21,5.766e-21,1.465e-18,1.465e-18,1.00000000
30.700000,-3.294791,-0.983461,-4.917025,5.999998,-5.292715,-10.209740,5.196e-21,5.202e-21,1.574e-18,1.574e-18,1.00000000
30.800000,-3.363310,-0.716974,-4.916714,5.999998,-5.330351,-10.247065,5.530e-21,5.060e-21,1.599e-18,1.599e-18,1.00000000
30.900000,-3.409885,-0.445342,-4.916740,5.999998,-5.368652,-10.285392,6.665e-21,4.892e-21,1.428e-18,1.428e-18,1.00000000
31.000000,-3.434100,-0.171331,-4.917070,5.999998,-5.407772,-10.324842,8.417e-21,4.903e-21,1.244e-18,1.244e-18,1.00000000
31.100000,-3.436660,0.103084,-4.917186,5.999998,-5.447823,-10.365009,1.135e-20,5.011e-21,1.254e-18,1.254e-18,1.00000000
31.200000,-3.417857,0.377096,-4.916913,5.999998,-5.488859,-10.405772,1.618e-20,5.570e-21,1.280e-18,1.280e-18,1.00000000
31.300000,-3.377050,0.649434,-4.916680,5.999998,-5.530866,-10.447546,2.234e-20,7.067e-21,1.473e-18,1.473e-18,1.00000000
31.400000,-3.314022,0.917580,-4.916836,5.999998,-5.573750,-10.490586,2.772e-20,7.507e-21,1.438e-18,1.438e-18,1.00000000
31.500000,-3.229794,1.179161,-4.917111,5.999998,-5.617344,-10.534455,3.484e-20,7.878e-21,1.487e-18,1.487e-18,1.00000000
31.600000,-3.125495,1.433054,-4.917073,5.999998,-5.661414,-10.578487,5.265e-20,1.232e-20,1.124e-18,1.124e-18,1.00000000
31.700000,-3.001337,1.678395,-4.916803,5.999998,-5.705689,-10.622492,7.107e-20,2.245e-20,8.800e-19,8.800e-19,1.00000000
31.800000,-2.857437,1.913304,-4.916737,5.999998,-5.749899,-10.666635,7.912e-20,3.092e-20,1.130e-18,1.130e-18,1.00000000
31.900000,-2.694990,2.135502,-4.916974,5.999998,-5.793812,-10.710786,6.609e-20,3.229e-20,1.275e-18,1.275e-18,1.00000000
32.000000,-2.515740,2.343648,-4.917147,5.999998,-5.837270,-10.754417,4.190e-20,2.746e-20,1.172e-18,1.172e-18,1.00000000
32.100000,-2.320753,2.537126,-4.917019,5.999998,-5.880202,-10.797220,2.559e-20,2.273e-20,1.104e-18,1.104e-18,1.00000000
32.200000,-2.110608,2.714802,-4.916824,5.999998,-5.922628,-10.839452,1.705e-20,1.881e-20,1.212e-18,1.212e-18,1.00000000
32.300000,-1.886566,2.874935,-4.916869,5.999998,-5.964649,-10.881517,1.166e-20,1.472e-20,1.395e-18,1.395e-18,1.00000000
32.400000,-1.650656,3.016273,-4.917053,5.999998,-6.006430,-10.923483,8.805e-21,1.211e-20,1.505e-18,1.505e-18,1.00000000
32.500000,-1.404605,3.138390,-4.917069,5.999998,-6.048175,-10.965244,7.667e-21,1.232e-20,1.469e-18,1.469e-18,1.00000000
32.600000,-1.149505,3.240803,-4.916890,5.999998,-6.090103,-11.006993,7.846e-21,1.651e-20,1.317e-18,1.317e-18,1.00000000
32.700000,-0.886682,3.322513,-4.916775,5.999998,-6.132422,-11.049197,1.035e-20,2.747e-20,1.147e-18,1.147e-18,1.00000000
32.800000,-0.618162,3.382679,-4.916842,5.999998,-6.175305,-11.092147,1.609e-20,6.049e-20,1.173e-18,1.173e-18,1.00000000
32.900000,-0.345995,3.421143,-4.916914,5.999998,-6.218880,-11.135794,2.229e-20,1.319e-19,1.403e-18,1.403e-18,1.00000000
33.000000,-0.071690,3.437947,-4.916844,5.999998,-6.263213,-11.180057,1.825e-20,2.207e-19,1.297e-18,1.297e-18,1.00000000
33.100000,0.203309,3.432834,-4.916736,5.999998,-6.308309,-11.225045,1.167e-20,3.006e-19,1.227e-18,1.227e-18,1.00000000
33.200000,0.477109,3.405582,-4.916742,5.999998,-6.354110,-11.270852,8.332e-21,3.583e-19,1.023e-18,1.023e-18,1.00000000
33.300000,0.747693,3.356456,-4.916822,5.999998,-6.400508,-11.317330,6.672e-21,3.715e-19,8.055e-19,8.055e-19,1.00000000
33.400000,1.013409,3.285968,-4.916848,5.999998,-6.447361,-11.364209,5.995e-21,3.383e-19,8.537e-19,8.537e-19,1.00000000
33.500000,1.272757,3.194502,-4.916830,5.999998,-6.494518,-11.411348,5.751e-21,2.808e-19,9.811e-19,9.811e-19,1.00000000
33.600000,1.524015,3.082498,-4.916865,5.999998,-6.541848,-11.458713,5.063e-21,2.171e-19,1.015e-18,1.015e-18,1.00000000
33.700000,1.765415,2.950758,-4.916942,5.999998,-6.589265,-11.506207,4.836e-21,1.596e-19,1.059e-18,1.059e-18,1.00000000
33.800000,1.995489,2.800255,-4.916968,5.999998,-6.636737,-11.553705,5.280e-21,1.147e-19,1.072e-18,1.072e-18,1.00000000
33.900000,2.212912,2.631863,-4.916940,5.999998,-6.684294,-11.601233,6.783e-21,8.476e-20,1.183e-18,1.183e-18,1.00000000
34.000000,2.416210,2.446537,-4.916946,5.999998,-6.732020,-11.648965,8.067e-21,6.635e-20,1.346e-18,1.346e-18,1.00000000
34.100000,2.603940,2.245578,-4.916996,5.999998,-6.780045,-11.697041,9.799e-21,5.466e-20,1.390e-18,1.390e-18,1.00000000
34.200000,2.774998,2.030410,-4.916991,5.999998,-6.828532,-11.745522,1.274e-20,4.541e-20,1.200e-18,1.200e-18,1.00000000
34.300000,2.928464,1.802284,-4.916895,5.999998,-6.877653,-11.794547,1.968e-20,3.799e-20,1.035e-18,1.035e-18,1.00000000
34.400000,3.063265,1.562472,-4.916814,5.999998,-6.927570,-11.844384,4.007e-20,3.241e-20,1.088e-18,1.088e-18,1.00000000
34.500000,3.178340,1.312615,-4.916825,5.999998,-6.978406,-11.895231,8.352e-20,2.631e-20,1.381e-18,1.381e-18,1.00000000
34.600000,3.273013,1.054528,-4.916842,5.999998,-7.030225,-11.947067,1.620e-19,2.201e-20,1.266e-18,1.266e-18,1.00000000
34.700000,3.346894,0.789776,-4.916761,5.999998,-7.083016,-11.999777,2.749e-19,2.125e-20,1.108e-18,1.108e-18,1.00000000
34.800000,3.399469,0.519790,-4.916646,5.999998,-7.136692,-12.053338,4.091e-19,2.759e-20,1.099e-18,1.099e-18,1.00000000
34.900000,3.430152,0.246326,-4.916641,5.999998,-7.191102,-12.107743,5.439e-19,4.896e-20,8.043e-19,8.043e-19,1.00000000
35.000000,3.438734,-0.028577,-4.916733,5.999998,-7.246053,-12.162786,6.477e-19,6.702e-20,7.791e-19,7.791e-19,1.00000000
35.100000,3.425410,-0.303121,-4.916773,5.999998,-7.301342,-12.218115,6.921e-19,6.123e-20,9.726e-19,9.726e-19,1.00000000
35.200000,3.390322,-0.575834,-4.916717,5.999998,-7.356785,-12.273503,7.057e-19,4.272e-20,9.875e-19,9.875e-19,1.00000000
35.300000,3.333451,-0.845067,-4.916700,5.999998,-7.412245,-12.328945,7.525e-19,2.651e-20,9.273e-19,9.273e-19,1.00000000
35.400000,3.255073,-1.108819,-4.916807,5.999998,-7.467646,-12.384453,8.407e-19,1.656e-20,9.098e-19,9.098e-19,1.00000000
35.500000,3.155941,-1.365245,-4.916922,5.999998,-7.522980,-12.439901,9.523e-19,1.377e-20,9.952e-19,9.952e-19,1.00000000
35.600000,3.036838,-1.612954,-4.916906,5.999998,-7.578291,-12.495197,1.072e-18,1.903e-20,1.130e-18,1.130e-18,1.00000000
35.700000,2.898305,-1.850577,-4.916825,5.999998,-7.633660,-12.550485,1.194e-18,3.891e-20,1.194e-18,1.194e-18,1.00000000
35.800000,2.741038,-2.076398,-4.916834,5.999998,-7.689180,-12.606014,1.313e-18,7.849e-20,1.139e-18,1.313e-18,1.00000000
35.900000,2.566238,-2.288727,-4.916923,5.999998,-7.744943,-12.661866,1.408e-18,1.346e-19,1.077e-18,1.408e-18,1.00000000
36.000000,2.375259,-2.486354,-4.916926,5.999998,-7.801018,-12.717943,1.447e-18,2.021e-19,1.002e-18,1.447e-18,1.00000000
36.100000,2.169158,-2.668305,-4.916795,5.999998,-7.857438,-12.774233,1.404e-18,2.819e-19,1.346e-18,1.404e-18,1.00000000
36.200000,1.948959,-2.833326,-4.916686,5.999998,-7.914193,-12.830879,1.290e-18,4.164e-19,1.288e-18,1.290e-18,1.00000000
36.300000,1.716164,-2.980051,-4.916712,5.999998,-7.971229,-12.887941,1.129e-18,7.450e-19,1.035e-18,1.129e-18,1.00000000
36.400000,1.472586,-3.107557,-4.916763,5.999998,-8.028447,-12.945210,9.121e-19,1.504e-18,9.130e-19,1.504e-18,1.00000000
36.500000,1.219748,-3.215339,-4.916685,5.999998,-8.085725,-13.002409,6.722e-19,3.000e-18,7.820e-19,3.000e-18,1.00000000
36.600000,0.958910,-3.302739,-4.916541,5.999998,-8.142935,-13.059476,4.564e-19,5.577e-18,6.980e-19,5.577e-18,1.00000000
36.700000,0.691693,-3.368876,-4.916524,5.999998,-8.199976,-13.116500,2.881e-19,9.578e-18,7.352e-19,9.578e-18,1.00000000
36.800000,0.420180,-3.413214,-4.916645,5.999998,-8.256790,-13.173435,1.716e-19,1.512e-17,7.561e-19,1.512e-17,1.00000000
36.900000,0.146264,-3.435785,-4.916703,5.999998,-8.313383,-13.230086,9.822e-20,2.185e-17,7.593e-19,2.185e-17,1.00000000
37.000000,-0.128651,-3.436627,-4.916607,5.999998,-8.369827,-13.286434,5.360e-20,2.895e-17,7.947e-19,2.895e-17,1.00000000
37.100000,-0.403054,-3.415452,-4.916525,5.999998,-8.426258,-13.342783,3.112e-20,3.536e-17,8.803e-19,3.536e-17,1.00000000
37.200000,-0.674877,-3.372150,-4.916617,5.999998,-8.482874,-13.399492,2.117e-20,3.988e-17,1.093e-18,3.988e-17,1.00000000
37.300000,-0.942033,-3.307260,-4.916765,5.999998,-8.539914,-13.456679,2.044e-20,4.123e-17,1.226e-18,4.123e-17,1.00000000
37.400000,-1.203053,-3.221534,-4.916743,5.999998,-8.597630,-13.514373,3.280e-20,3.865e-17,1.151e-18,3.865e-17,1.00000000
37.500000,-1.456704,-3.115321,-4.916581,5.999998,-8.656262,-13.572843,6.673e-20,3.269e-17,1.077e-18,3.269e-17,1.00000000
37.600000,-1.701241,-2.988896,-4.916529,5.999998,-8.716012,-13.632541,1.334e-19,2.500e-17,9.890e-19,2.500e-17,1.00000000
37.700000,-1.934616,-2.843176,-4.916664,5.999998,-8.777018,-13.693683,2.295e-19,1.750e-17,1.235e-18,1.750e-17,1.00000000
37.800000,-2.155336,-2.679558,-4.916755,5.999998,-8.839335,-13.756090,3.323e-19,1.146e-17,1.226e-18,1.146e-17,1.00000000
37.900000,-2.362496,-2.499084,-4.916622,5.999998,-8.902916,-13.819538,4.382e-19,7.244e-18,1.005e-18,7.244e-18,1.00000000
38.000000,-2.554922,-2.302395,-4.916434,5.999998,-8.967607,-13.884041,6.225e-19,4.605e-18,8.535e-19,4.605e-18,1.00000000
38.100000,-2.730901,-2.090594,-4.916459,5.999998,-9.033153,-13.949612,1.204e-18,3.017e-18,7.972e-19,3.017e-18,1.00000000
38.200000,-2.889010,-1.865528,-4.916645,5.999998,-9.099225,-14.015871,3.082e-18,1.953e-18,7.523e-19,3.082e-18,1.00000000
38.300000,-3.028639,-1.628956,-4.916689,5.999998,-9.165459,-14.082148,8.156e-18,1.187e-18,7.796e-19,8.156e-18,1.00000000
38.400000,-3.149311,-1.381959,-4.916503,5.999998,-9.231508,-14.148011,1.935e-17,6.749e-19,6.523e-19,1.935e-17,1.00000000
38.500000,-3.249967,-1.125642,-4.916363,5.999998,-9.297093,-14.213456,3.998e-17,3.850e-19,5.954e-19,3.998e-17,1.00000000
38.600000,-3.329443,-0.861947,-4.916486,5.999998,-9.362040,-14.278526,7.285e-17,2.425e-19,7.399e-19,7.285e-17,1.00000000
38.700000,-3.387370,-0.593174,-4.916690,5.999998,-9.426291,-14.342981,1.193e-16,1.770e-19,9.337e-19,1.193e-16,1.00000000
38.800000,-3.423954,-0.320947,-4.916656,5.999998,-9.489899,-14.406555,1.770e-16,1.597e-19,1.031e-18,1.770e-16,1.00000000
38.900000,-3.438997,-0.046341,-4.916414,5.999998,-9.553013,-14.469427,2.374e-16,1.745e-19,1.102e-18,2.374e-16,1.00000000
39.000000,-3.431836,0.229023,-4.916303,5.999998,-9.615854,-14.532156,2.873e-16,2.110e-19,1.044e-18,2.873e-16,1.00000000
39.100000,-3.402302,0.502748,-4.916459,5.999998,-9.678675,-14.595134,3.164e-16,2.889e-19,1.002e-18,3.164e-16,1.00000000
39.200000,-3.351101,0.772722,-4.916605,5.999998,-9.741728,-14.658333,3.200e-16,5.705e-19,9.015e-19,3.200e-16,1.00000000
39.300000,-3.278936,1.037732,-4.916469,5.999998,-9.805221,-14.721690,2.967e-16,1.588e-18,1.056e-18,2.967e-16,1.00000000
39.400000,-3.185862,1.296631,-4.916199,5.999998,-9.869289,-14.785488,2.491e-16,4.255e-18,1.147e-18,2.491e-16,1.00000000
39.500000,-3.071953,1.547456,-4.916143,5.999998,-9.933977,-14.850120,1.876e-16,9.200e-18,9.664e-19,1.876e-16,1.00000000
39.600000,-2.938167,1.787957,-4.916336,5.999998,-9.999229,-14.915565,1.265e-16,1.611e-17,7.826e-19,1.265e-16,1.00000000
39.700000,-2.785949,2.016665,-4.916455,5.999998,-10.064897,-14.981352,7.709e-17,2.486e-17,6.709e-19,7.709e-17,1.00000000
39.800000,-2.616235,2.232754,-4.916310,5.999998,-10.130756,-15.047065,4.381e-17,3.675e-17,6.619e-19,4.381e-17,1.00000000
39.900000,-2.429511,2.434999,-4.916120,5.999998,-10.196535,-15.112655,2.451e-17,5.346e-17,6.430e-19,5.346e-17,1.00000000
40.000000,-2.226798,2.621558,-4.916175,5.999998,-10.261962,-15.178138,1.426e-17,7.522e-17,5.782e-19,7.522e-17,1.00000000
40.100000,-2.009922,2.790894,-4.916411,5.999998,-10.326797,-15.243209,8.665e-18,1.009e-16,6.057e-19,1.009e-16,1.00000000
40.200000,-1.780642,2.942311,-4.916512,5.999998,-10.390874,-15.307386,5.209e-18,1.296e-16,7.254e-19,1.296e-16,1.00000000
40.300000,-1.540058,3.075298,-4.916374,5.999998,-10.454117,-15.370491,3.105e-18,1.602e-16,8.448e-19,1.602e-16,1.00000000
40.400000,-1.289231,3.188813,-4.916231,5.999998,-10.516549,-15.432780,1.910e-18,1.907e-16,8.910e-19,1.907e-16,1.00000000
40.500000,-1.029935,3.281654,-4.916295,5.999998,-10.578286,-15.494581,1.229e-18,2.221e-16,9.439e-19,2.221e-16,1.00000000
40.600000,-0.764345,3.353241,-4.916455,5.999998,-10.639522,-15.555978,8.326e-19,2.597e-16,9.844e-19,2.597e-16,1.00000000
40.700000,-0.494207,3.403554,-4.916458,5.999998,-10.700510,-15.616968,6.256e-19,3.068e-16,9.328e-19,3.068e-16,1.00000000
40.800000,-0.220785,3.432420,-4.916271,5.999998,-10.761536,-15.677807,5.792e-19,3.512e-16,8.223e-19,3.512e-16,1.00000000
40.900000,0.054400,3.439313,-4.916110,5.999998,-10.822890,-15.739000,7.934e-19,3.749e-16,9.554e-19,3.749e-16,1.00000000
41.000000,0.329269,3.423931,-4.916122,5.999998,-10.884834,-15.800956,1.969e-18,3.684e-16,1.046e-18,3.684e-16,1.00000000
41.100000,0.601736,3.386578,-4.916196,5.999998,-10.947569,-15.863765,6.449e-18,3.337e-16,9.573e-19,3.337e-16,1.00000000
41.200000,0.870211,3.327783,-4.916153,5.999998,-11.011204,-15.927357,1.854e-17,2.770e-16,8.423e-19,2.770e-16,1.00000000
41.300000,1.133329,3.247841,-4.916001,5.999998,-11.075740,-15.991741,4.249e-17,2.076e-16,8.031e-19,2.076e-16,1.00000000
41.400000,1.389418,3.146962,-4.915905,5.999998,-11.141075,-16.056980,7.921e-17,1.393e-16,8.996e-19,1.393e-16,1.00000000
41.500000,1.636545,3.025738,-4.915955,5.999998,-11.207018,-16.122973,1.264e-16,8.510e-17,9.183e-19,1.264e-16,1.00000000
41.600000,1.872986,2.885180,-4.916059,5.999998,-11.273319,-16.189377,1.799e-16,4.915e-17,6.829e-19,1.799e-16,1.00000000
41.700000,2.097413,2.726335,-4.916089,5.999998,-11.339702,-16.255792,2.314e-16,2.762e-17,5.373e-19,2.314e-16,1.00000000
41.800000,2.308587,2.550084,-4.916043,5.999998,-11.405908,-16.321951,2.702e-16,1.495e-17,5.996e-19,2.702e-16,1.00000000
41.900000,2.505098,2.357375,-4.916019,5.999998,-11.471718,-16.387737,2.885e-16,7.593e-18,6.996e-19,2.885e-16,1.00000000
42.000000,2.685500,2.149478,-4.916077,5.999998,-11.536980,-16.453057,2.857e-16,3.832e-18,7.173e-19,2.857e-16,1.00000000
42.100000,2.848594,1.927905,-4.916164,5.999998,-11.601606,-16.517770,2.678e-16,2.553e-18,8.130e-19,2.678e-16,1.00000000
42.200000,2.993481,1.694150,-4.916188,5.999998,-11.665562,-16.581750,2.472e-16,3.187e-18,8.974e-19,2.472e-16,1.00000000
42.300000,3.119358,1.449587,-4.916124,5.999998,-11.728846,-16.644971,2.389e-16,5.836e-18,9.137e-19,2.389e-16,1.00000000
42.400000,3.225368,1.195632,-4.916039,5.999998,-11.791468,-16.707507,2.484e-16,1.108e-17,7.787e-19,2.484e-16,1.00000000
42.500000,3.310686,0.933932,-4.916005,5.999998,-11.853431,-16.769436,2.699e-16,1.930e-17,8.035e-19,2.699e-16,1.00000000
42.600000,3.374728,0.666314,-4.916016,5.999998,-11.914726,-16.830742,2.877e-16,3.023e-17,9.418e-19,2.877e-16,1.00000000
42.700000,3.417204,0.394564,-4.915995,5.999998,-11.975313,-16.891309,2.903e-16,4.553e-17,8.961e-19,2.903e-16,1.00000000
42.800000,3.437944,0.120295,-4.915897,5.999998,-12.035129,-16.951026,2.736e-16,7.294e-17,8.149e-19,2.736e-16,1.00000000
42.900000,3.436734,-0.154898,-4.915775,5.999998,-12.094095,-17.009870,2.381e-16,1.197e-16,7.508e-19,2.381e-16,1.00000000
43.000000,3.413410,-0.429214,-4.915728,5.999998,-12.152141,-17.067870,1.887e-16,1.769e-16,8.032e-19,1.887e-16,1.00000000
43.100000,3.368109,-0.700692,-4.915775,5.999998,-12.209226,-17.125001,1.355e-16,2.223e-16,7.981e-19,2.223e-16,1.00000000
43.200000,3.301297,-0.967522,-4.915823,5.999998,-12.265348,-17.181171,8.941e-17,2.529e-16,6.358e-19,2.529e-16,1.00000000
43.300000,3.213497,-1.228172,-4.915791,5.999998,-12.320551,-17.236342,5.544e-17,2.784e-16,5.289e-19,2.784e-16,1.00000000
43.400000,3.105130,-1.481136,-4.915728,5.999998,-12.374929,-17.290656,3.264e-17,3.055e-16,5.779e-19,3.055e-16,1.00000000
43.500000,2.976729,-1.724679,-4.915744,5.999998,-12.428615,-17.344359,1.827e-17,3.356e-16,6.470e-19,3.356e-16,1.00000000
43.600000,2.829215,-1.957021,-4.915850,5.999998,-12.481781,-17.397631,9.991e-18,3.567e-16,6.099e-19,3.567e-16,1.00000000
43.700000,2.663761,-2.176702,-4.915925,5.999998,-12.534618,-17.450543,5.965e-18,3.541e-16,6.461e-19,3.541e-16,1.00000000
43.800000,2.481422,-2.382566,-4.915883,5.999998,-12.587325,-17.503207,5.314e-18,3.290e-16,7.815e-19,3.290e-16,1.00000000
43.900000,2.283129,-2.573377,-4.915794,5.999998,-12.640087,-17.555881,8.834e-18,2.929e-16,9.117e-19,2.929e-16,1.00000000
44.000000,2.070060,-2.747707,-4.915784,5.999998,-12.693055,-17.608839,1.884e-17,2.541e-16,8.282e-19,2.541e-16,1.00000000
44.100000,1.843781,-2.904286,-4.915849,5.999998,-12.746321,-17.662170,3.866e-17,2.178e-16,7.690e-19,2.178e-16,1.00000000
44.200000,1.605908,-3.042262,-4.915859,5.999998,-12.799903,-17.715763,7.183e-17,1.852e-16,8.565e-19,1.852e-16,1.00000000
44.300000,1.357812,-3.160957,-4.915758,5.999998,-12.853728,-17.769485,1.196e-16,1.593e-16,8.364e-19,1.593e-16,1.00000000
44.400000,1.100844,-3.259541,-4.915640,5.999998,-12.907628,-17.823268,1.774e-16,1.385e-16,8.914e-19,1.774e-16,1.00000000
44.500000,0.836688,-3.337154,-4.915621,5.999998,-12.961354,-17.876976,2.371e-16,1.203e-16,9.018e-19,2.371e-16,1.00000000
44.600000,0.567277,-3.393271,-4.915677,5.999998,-13.014597,-17.930274,2.961e-16,1.009e-16,9.283e-19,2.961e-16,1.00000000
44.700000,0.294387,-3.427725,-4.915690,5.999998,-13.067033,-17.982723,3.432e-16,7.957e-17,9.182e-19,3.432e-16,1.00000000
44.800000,0.019565,-3.440383,-4.915624,5.999998,-13.118371,-18.033995,3.611e-16,5.801e-17,7.399e-19,3.611e-16,1.00000000
44.900000,-0.255560,-3.431014,-4.915568,5.999998,-13.168402,-18.083970,3.386e-16,3.897e-17,5.013e-19,3.386e-16,1.00000000
45.000000,-0.529084,-3.399544,-4.915602,5.999998,-13.217019,-18.132621,3.022e-16,2.483e-17,4.982e-19,3.022e-16,1.00000000
45.100000,-0.799076,-3.346269,-4.915682,5.999998,-13.264230,-18.179912,2.839e-16,1.579e-17,5.553e-19,2.839e-16,1.00000000
45.200000,-1.063859,-3.271695,-4.915709,5.999998,-13.310143,-18.225851,2.869e-16,9.823e-18,5.485e-19,2.869e-16,1.00000000
45.300000,-1.321920,-3.176283,-4.915662,5.999998,-13.354949,-18.270611,2.923e-16,6.667e-18,5.605e-19,2.923e-16,1.00000000
45.400000,-1.571633,-3.060498,-4.915618,5.999998,-13.398892,-18.314509,2.854e-16,7.155e-18,6.601e-19,2.854e-16,1.00000000
45.500000,-1.811259,-2.925054,-4.915625,5.999998,-13.442236,-18.357861,2.667e-16,1.398e-17,8.600e-19,2.667e-16,1.00000000
45.600000,-2.039200,-2.770936,-4.915643,5.999998,-13.485239,-18.400882,2.432e-16,3.341e-17,8.619e-19,2.432e-16,1.00000000
45.700000,-2.254098,-2.599192,-4.915610,5.999998,-13.528112,-18.443722,2.206e-16,7.149e-17,6.917e-19,2.206e-16,1.00000000
45.800000,-2.454670,-2.410834,-4.915532,5.999998,-13.570996,-18.486528,2.009e-16,1.285e-16,6.936e-19,2.009e-16,1.00000000
45.900000,-2.639582,-2.206976,-4.915470,5.999998,-13.613925,-18.529395,1.826e-16,1.986e-16,7.555e-19,1.986e-16,1.00000000
46.000000,-2.807561,-1.988956,-4.915448,5.999998,-13.656820,-18.572268,1.621e-16,2.698e-16,8.148e-19,2.698e-16,1.00000000
46.100000,-2.957540,-1.758240,-4.915437,5.999998,-13.699479,-18.614917,1.403e-16,3.236e-16,8.216e-19,3.236e-16,1.00000000
46.200000,-3.088620,-1.516285,-4.915413,5.999998,-13.741595,-18.657007,1.174e-16,3.547e-16,7.850e-19,3.547e-16,1.00000000
46.300000,-3.199959,-1.264578,-4.915392,5.999998,-13.782785,-18.698177,9.541e-17,3.740e-16,8.154e-19,3.740e-16,1.00000000
46.400000,-3.290790,-1.004727,-4.915405,5.999998,-13.822643,-18.738048,7.542e-17,3.928e-16,6.624e-19,3.928e-16,1.00000000
46.500000,-3.360518,-0.738453,-4.915443,5.999998,-13.860801,-18.776243,5.749e-17,4.119e-16,5.321e-19,4.119e-16,1.00000000
46.600000,-3.408740,-0.467476,-4.915478,5.999998,-13.896978,-18.812456,4.335e-17,4.083e-16,5.379e-19,4.083e-16,1.00000000
46.700000,-3.435164,-0.193500,-4.915504,5.999998,-13.931019,-18.846523,3.472e-17,3.695e-16,5.636e-19,3.695e-16,1.00000000
46.800000,-3.439596,0.081729,-4.915535,5.999998,-13.962903,-18.878437,3.242e-17,3.097e-16,5.179e-19,3.097e-16,1.00000000
46.900000,-3.422004,0.356408,-4.915571,5.999998,-13.992733,-18.908304,3.243e-17,2.489e-16,4.935e-19,2.489e-16,1.00000000
47.000000,-3.382545,0.628763,-4.915590,5.999998,-14.020720,-18.936310,2.670e-17,2.004e-16,5.543e-19,2.004e-16,1.00000000
47.100000,-3.321494,0.897097,-4.915574,5.999998,-14.047158,-18.962732,1.959e-17,1.660e-16,7.308e-19,1.660e-16,1.00000000
47.200000,-3.239205,1.159729,-4.915542,5.999998,-14.072402,-18.987944,1.744e-17,1.415e-16,8.445e-19,1.415e-16,1.00000000
47.300000,-3.136171,1.414944,-4.915521,5.999998,-14.096843,-19.012364,2.549e-17,1.226e-16,7.286e-19,1.226e-16,1.00000000
47.400000,-3.013083,1.661060,-4.915504,5.999998,-14.120882,-19.036386,5.257e-17,1.076e-16,6.872e-19,1.076e-16,1.00000000
47.500000,-2.870777,1.896531,-4.915464,5.999998,-14.144900,-19.060364,9.986e-17,9.490e-17,7.546e-19,9.986e-17,1.00000000
47.600000,-2.710136,2.119915,-4.915394,5.999998,-14.169228,-19.084622,1.552e-16,8.389e-17,8.629e-19,1.552e-16,1.00000000
47.700000,-2.532112,2.329785,-4.915331,5.999998,-14.194114,-19.109446,2.051e-16,7.473e-17,8.860e-19,2.051e-16,1.00000000
47.800000,-2.337830,2.524725,-4.915312,5.999998,-14.219694,-19.135006,2.483e-16,6.724e-17,8.990e-19,2.483e-16,1.00000000
47.900000,-2.128597,2.703448,-4.915325,5.999998,-14.245970,-19.161295,2.821e-16,5.938e-17,8.296e-19,2.821e-16,1.00000000
48.000000,-1.905791,2.864865,-4.915331,5.999998,-14.272805,-19.188136,3.033e-16,5.194e-17,6.682e-19,3.033e-16,1.00000000
48.100000,-1.670785,3.008001,-4.915321,5.999998,-14.299934,-19.215255,3.157e-16,4.628e-17,5.099e-19,3.157e-16,1.00000000
48.200000,-1.425015,3.131915,-4.915325,5.999998,-14.327003,-19.242328,3.213e-16,4.315e-17,5.036e-19,3.213e-16,1.00000000
48.300000,-1.170077,3.235742,-4.915371,5.999998,-14.353612,-19.268983,3.132e-16,4.801e-17,5.279e-19,3.132e-16,1.00000000
48.400000,-0.907689,3.318815,-4.915439,5.999998,-14.379366,-19.294805,2.863e-16,5.895e-17,4.744e-19,2.863e-16,1.00000000
48.500000,-0.639559,3.380677,-4.915482,5.999998,-14.403910,-19.319392,2.469e-16,7.642e-17,4.510e-19,2.469e-16,1.00000000
48.600000,-0.367331,3.420982,-4.915478,5.999998,-14.426948,-19.342427,2.075e-16,9.879e-17,4.965e-19,2.075e-16,1.00000000
48.700000,-0.092681,3.439426,-4.915458,5.999998,-14.448251,-19.363709,1.762e-16,1.103e-16,6.494e-19,1.762e-16,1.00000000
48.800000,0.182601,3.435823,-4.915461,5.999998,-14.467654,-19.383115,1.555e-16,9.943e-17,8.044e-19,1.555e-16,1.00000000
48.900000,0.456663,3.410205,-4.915479,5.999998,-14.485061,-19.400540,1.417e-16,7.936e-17,7.679e-19,1.417e-16,1.00000000
49.000000,0.727743,3.362816,-4.915469,5.999998,-14.500440,-19.415908,1.306e-16,7.637e-17,6.680e-19,1.306e-16,1.00000000
49.100000,0.994195,3.293983,-4.915406,5.999998,-14.513826,-19.429233,1.242e-16,9.423e-17,6.647e-19,1.242e-16,1.00000000
49.200000,1.254376,3.204068,-4.915329,5.999998,-14.525328,-19.440657,1.245e-16,1.276e-16,7.406e-19,1.276e-16,1.00000000
49.300000,1.506556,3.093565,-4.915294,5.999998,-14.535125,-19.450419,1.166e-16,1.719e-16,7.709e-19,1.719e-16,1.00000000
49.400000,1.749011,2.963223,-4.915307,5.999998,-14.543469,-19.458776,1.033e-16,2.227e-16,7.842e-19,2.227e-16,1.00000000
49.500000,1.980192,2.813976,-4.915318,5.999998,-14.550666,-19.465984,8.753e-17,2.650e-16,8.068e-19,2.650e-16,1.00000000
49.600000,2.198731,2.646786,-4.915290,5.999998,-14.557049,-19.472339,7.154e-17,2.793e-16,6.366e-19,2.793e-16,1.00000000
49.700000,2.403279,2.462616,-4.915256,5.999998,-14.562940,-19.478196,5.590e-17,2.621e-16,5.614e-19,2.621e-16,1.00000000
49.800000,2.592430,2.262587,-4.915281,5.999998,-14.568610,-19.483890,4.229e-17,2.268e-16,5.584e-19,2.268e-16,1.00000000
49.900000,2.764877,2.048079,-4.915364,5.999998,-14.574250,-19.489614,3.081e-17,1.889e-16,5.548e-19,1.889e-16,1.00000000
50.000000,2.919582,1.820583,-4.915434,5.999998,-14.579962,-19.495395,2.296e-17,1.555e-16,4.895e-19,1.555e-16,1.00000000
50.100000,3.055695,1.581512,-4.915437,5.999998,-14.585755,-19.501191,2.016e-17,1.322e-16,4.402e-19,1.322e-16,1.00000000
50.200000,3.172357,1.332248,-4.915408,5.999998,-14.591567,-19.506975,2.415e-17,1.169e-16,4.471e-19,1.169e-16,1.00000000
50.300000,3.268692,1.074364,-4.915422,5.999998,-14.597279,-19.512701,3.722e-17,1.051e-16,5.034e-19,1.051e-16,1.00000000
50.400000,3.344026,0.809651,-4.915479,5.999998,-14.602735,-19.518214,6.002e-17,9.482e-17,6.868e-19,9.482e-17,1.00000000
50.500000,3.397985,0.539884,-4.915506,5.999998,-14.607751,-19.523257,8.460e-17,8.555e-17,7.458e-19,8.555e-17,1.00000000
50.600000,3.430331,0.266674,-4.915454,5.999998,-14.612132,-19.527586,1.036e-16,7.695e-17,7.201e-19,1.036e-16,1.00000000
50.700000,3.440782,-0.008374,-4.915376,5.999998,-14.615676,-19.531052,1.200e-16,7.336e-17,7.003e-19,1.200e-16,1.00000000
50.800000,3.429129,-0.283456,-4.915354,5.999998,-14.618197,-19.533551,1.394e-16,7.859e-17,7.496e-19,1.394e-16,1.00000000
50.900000,3.395450,-0.556646,-4.915388,5.999998,-14.619535,-19.534924,1.625e-16,9.361e-17,7.989e-19,1.625e-16,1.00000000
51.000000,3.340092,-0.826168,-4.915405,5.999998,-14.619582,-19.534988,1.914e-16,1.257e-16,8.203e-19,1.914e-16,1.00000000
51.100000,3.263450,-1.090439,-4.915365,5.999998,-14.618299,-19.533664,2.217e-16,1.333e-16,8.328e-19,2.217e-16,1.00000000
51.200000,3.165894,-1.347849,-4.915322,5.999998,-14.615730,-19.531052,2.366e-16,1.022e-16,6.606e-19,2.366e-16,1.00000000
51.300000,3.047962,-1.596643,-4.915347,5.999998,-14.612002,-19.527349,2.285e-16,7.918e-17,5.299e-19,2.285e-16,1.00000000
51.400000,2.910495,-1.835096,-4.915426,5.999998,-14.607314,-19.522741,2.046e-16,6.307e-17,5.183e-19,2.046e-16,1.00000000
51.500000,2.754503,-2.061727,-4.915482,5.999998,-14.601906,-19.517388,1.815e-16,5.532e-17,5.442e-19,1.815e-16,1.00000000
51.600000,2.580964,-2.275228,-4.915479,5.999998,-14.596030,-19.511509,1.633e-16,4.714e-17,4.610e-19,1.633e-16,1.00000000
51.700000,2.390868,-2.474257,-4.915463,5.999998,-14.589923,-19.505386,1.468e-16,4.015e-17,4.196e-19,1.468e-16,1.00000000
51.800000,2.185410,-2.657433,-4.915487,5.999998,-14.583784,-19.499271,1.375e-16,3.659e-17,4.110e-19,1.375e-16,1.00000000
51.900000,1.966008,-2.823530,-4.915533,5.999998,-14.577763,-19.493296,1.258e-16,3.873e-17,4.338e-19,1.258e-16,1.00000000
52.000000,1.734129,-2.971567,-4.915543,5.999998,-14.571953,-19.487496,1.146e-16,4.702e-17,5.708e-19,1.146e-16,1.00000000
52.100000,1.491186,-3.100680,-4.915498,5.999998,-14.566387,-19.481886,1.096e-16,6.001e-17,6.993e-19,1.096e-16,1.00000000
52.200000,1.238642,-3.210015,-4.915439,5.999998,-14.561038,-19.476478,1.049e-16,7.691e-17,7.119e-19,1.049e-16,1.00000000
52.300000,0.978124,-3.298793,-4.915406,5.999998,-14.555815,-19.471221,9.598e-17,9.751e-17,6.624e-19,9.751e-17,1.00000000
52.400000,0.711364,-3.366429,-4.915393,5.999998,-14.550565,-19.465959,8.726e-17,1.174e-16,6.486e-19,1.174e-16,1.00000000
52.500000,0.440084,-3.412530,-4.915377,5.999998,-14.545078,-19.460455,8.238e-17,1.300e-16,7.088e-19,1.300e-16,1.00000000
52.600000,0.165980,-3.436823,-4.915351,5.999998,-14.539095,-19.454446,7.851e-17,1.399e-16,7.228e-19,1.399e-16,1.00000000
52.700000,-0.109229,-3.439126,-4.915329,5.999998,-14.532332,-19.447661,7.313e-17,1.465e-16,7.658e-19,1.465e-16,1.00000000
52.800000,-0.383776,-3.419390,-4.915329,5.999998,-14.524505,-19.439834,7.618e-17,1.474e-16,6.783e-19,1.474e-16,1.00000000
52.900000,-0.655875,-3.377725,-4.915361,5.999998,-14.515363,-19.430724,7.684e-17,1.396e-16,5.881e-19,1.396e-16,1.00000000
53.000000,-0.923747,-3.314409,-4.915420,5.999998,-14.504719,-19.420139,5.948e-17,1.237e-16,5.675e-19,1.237e-16,1.00000000
53.100000,-1.185661,-3.229892,-4.915484,5.999998,-14.492475,-19.407958,4.165e-17,1.092e-16,5.990e-19,1.092e-16,1.00000000
53.200000,-1.439976,-3.124749,-4.915525,5.999998,-14.478619,-19.394144,3.170e-17,9.801e-17,4.963e-19,9.801e-17,1.00000000
53.300000,-1.685120,-2.999631,-4.915543,5.999998,-14.463229,-19.378772,2.593e-17,1.123e-16,3.976e-19,1.123e-16,1.00000000
53.400000,-1.919510,-2.855283,-4.915569,5.999998,-14.446457,-19.362026,2.506e-17,1.340e-16,3.999e-19,1.340e-16,1.00000000
53.500000,-2.141568,-2.692641,-4.915622,5.999998,-14.428517,-19.344140,2.715e-17,1.357e-16,4.203e-19,1.357e-16,1.00000000
53.600000,-2.349851,-2.512840,-4.915670,5.999998,-14.409673,-19.325343,3.274e-17,1.242e-16,4.956e-19,1.242e-16,1.00000000
53.700000,-2.543122,-2.317070,-4.915658,5.999998,-14.390226,-19.305884,4.125e-17,1.033e-16,6.304e-19,1.033e-16,1.00000000
53.800000,-2.720228,-2.106487,-4.915592,5.999998,-14.370503,-19.286096,4.900e-17,8.238e-17,6.886e-19,8.238e-17,1.00000000
53.900000,-2.879969,-1.882339,-4.915542,5.999998,-14.350843,-19.266385,5.625e-17,6.996e-17,7.080e-19,6.996e-17,1.00000000
54.000000,-3.021197,-1.646122,-4.915549,5.999998,-14.331577,-19.247126,7.268e-17,6.097e-17,6.835e-19,7.268e-17,1.00000000
54.100000,-3.143030,-1.399488,-4.915564,5.999998,-14.313005,-19.228569,1.024e-16,5.543e-17,7.026e-19,1.024e-16,1.00000000
54.200000,-3.244833,-1.143997,-4.915516,5.999998,-14.295370,-19.210886,1.353e-16,5.138e-17,7.274e-19,1.353e-16,1.00000000
54.300000,-3.325988,-0.881106,-4.915428,5.999998,-14.278825,-19.194253,1.566e-16,4.803e-17,7.616e-19,1.566e-16,1.00000000
54.400000,-3.385820,-0.612433,-4.915397,5.999998,-14.263415,-19.178812,1.654e-16,4.867e-17,7.012e-19,1.654e-16,1.00000000
54.500000,-3.423848,-0.339860,-4.915459,5.999998,-14.249069,-19.164528,1.549e-16,5.620e-17,6.004e-19,1.549e-16,1.00000000
54.600000,-3.439952,-0.065267,-4.915531,5.999998,-14.235606,-19.151137,1.341e-16,6.160e-17,5.353e-19,1.341e-16,1.00000000
54.700000,-3.434176,0.209710,-4.915530,5.999998,-14.222756,-19.138286,1.168e-16,6.309e-17,5.621e-19,1.168e-16,1.00000000
54.800000,-3.406483,0.483502,-4.915493,5.999998,-14.210199,-19.125692,1.024e-16,5.875e-17,4.756e-19,1.024e-16,1.00000000
54.900000,-3.356877,0.754307,-4.915524,5.999998,-14.197593,-19.113116,9.087e-17,5.065e-17,4.204e-19,9.087e-17,1.00000000
55.000000,-3.285695,1.020179,-4.915630,5.999998,-14.184607,-19.100236,8.363e-17,4.289e-17,4.094e-19,8.363e-17,1.00000000
55.100000,-3.193586,1.279385,-4.915705,5.999998,-14.170946,-19.086651,8.228e-17,4.048e-17,4.330e-19,8.228e-17,1.00000000
55.200000,-3.081190,1.530465,-4.915681,5.999998,-14.156366,-19.072047,9.537e-17,4.037e-17,4.928e-19,9.537e-17,1.00000000
55.300000,-2.949055,1.771924,-4.915621,5.999998,-14.140683,-19.056305,9.335e-17,4.218e-17,5.469e-19,9.335e-17,1.00000000
55.400000,-2.797916,2.002067,-4.915625,5.999998,-14.123784,-19.039409,8.567e-17,4.970e-17,6.150e-19,8.567e-17,1.00000000
55.500000,-2.628869,2.219261,-4.915679,5.999998,-14.105636,-19.021315,9.047e-17,5.862e-17,6.181e-19,9.047e-17,1.00000000
55.600000,-2.443146,2.422197,-4.915687,5.999998,-14.086291,-19.001978,8.757e-17,6.061e-17,6.115e-19,8.757e-17,1.00000000
55.700000,-2.241865,2.609749,-4.915610,5.999998,-14.065889,-18.981499,8.171e-17,7.210e-17,6.173e-19,8.171e-17,1.00000000
55.800000,-2.026138,2.780704,-4.915529,5.999998,-14.044646,-18.960175,7.566e-17,8.955e-17,6.878e-19,8.955e-17,1.00000000
55.900000,-1.797345,2.933797,-4.915522,5.999998,-14.022848,-18.938370,6.658e-17,1.263e-16,7.274e-19,1.263e-16,1.00000000
56.000000,-1.557113,3.067994,-4.915565,5.999998,-14.000820,-18.916385,5.609e-17,1.714e-16,7.133e-19,1.714e-16,1.00000000
56.000000,-1.557113,3.067994,-4.915565,5.999998,-14.000820,-18.916385,5.609e-17,1.714e-16,7.133e-19,1.714e-16,1.00000000
56.100000,-1.269832,3.086791,-4.985902,5.999998,-13.979521,-18.965423,4.838e-17,1.614e-16,6.777e-19,1.614e-16,1.00000000
56.200000,-0.991111,3.081461,-5.051957,5.999998,-13.960077,-19.012034,4.083e-17,1.174e-16,6.200e-19,1.174e-16,1.00000000
56.300000,-0.717903,3.052828,-5.115157,5.999998,-13.942621,-19.057777,3.397e-17,8.166e-17,5.754e-19,8.166e-17,1.00000000
56.400000,-0.452847,2.997111,-5.178053,5.999998,-13.927163,-19.105216,2.902e-17,6.786e-17,5.327e-19,6.786e-17,1.00000000
56.500000,-0.203931,2.915177,-5.240241,5.999998,-13.913603,-19.153844,2.469e-17,6.248e-17,4.477e-19,6.248e-17,1.00000000
56.600000,0.025527,2.813968,-5.299142,5.999998,-13.901745,-19.200887,2.506e-17,5.901e-17,4.387e-19,5.901e-17,1.00000000
56.700000,0.239153,2.697456,-5.354112,5.999998,-13.891327,-19.245439,2.815e-17,5.515e-17,4.442e-19,5.515e-17,1.00000000
56.800000,0.438012,2.563174,-5.407242,5.999998,-13.882048,-19.289290,3.539e-17,5.669e-17,4.908e-19,5.669e-17,1.00000000
56.900000,0.616026,2.410509,-5.459848,5.999998,-13.873605,-19.333453,4.608e-17,6.563e-17,5.348e-19,6.563e-17,1.00000000
57.000000,0.768383,2.245964,-5.510464,5.999998,-13.865724,-19.376188,5.796e-17,6.383e-17,5.947e-19,6.383e-17,1.00000000
57.100000,0.898094,2.075900,-5.557341,5.999998,-13.858169,-19.415511,6.581e-17,6.576e-17,6.578e-19,6.581e-17,1.00000000
57.200000,1.009191,1.899641,-5.601149,5.999998,-13.850753,-19.451903,6.960e-17,7.817e-17,6.585e-19,7.817e-17,1.00000000
57.300000,1.098696,1.715228,-5.643654,5.999998,-13.843339,-19.486993,7.407e-17,9.076e-17,6.646e-19,9.076e-17,1.00000000
57.400000,1.161585,1.527504,-5.684842,5.999998,-13.835852,-19.520694,8.575e-17,7.947e-17,7.411e-19,8.575e-17,1.00000000
57.500000,1.199759,1.344018,-5.723126,5.999998,-13.828289,-19.551415,9.981e-17,6.863e-17,7.956e-19,9.981e-17,1.00000000
57.600000,1.219054,1.166032,-5.757973,5.999998,-13.820721,-19.578694,1.053e-16,5.949e-17,7.634e-19,1.053e-16,1.00000000
57.700000,1.219777,0.990716,-5.790561,5.999998,-13.813282,-19.603844,1.115e-16,4.920e-17,7.139e-19,1.115e-16,1.00000000
57.800000,1.197738,0.820489,-5.821700,5.999998,-13.806157,-19.627857,1.166e-16,4.161e-17,6.956e-19,1.166e-16,1.00000000
57.900000,1.153741,0.662662,-5.850619,5.999998,-13.799552,-19.650170,1.140e-16,3.724e-17,6.522e-19,1.140e-16,1.00000000
58.000000,1.094352,0.520067,-5.876385,5.999998,-13.793664,-19.670049,1.001e-16,3.605e-17,5.679e-19,1.001e-16,1.00000000
58.100000,1.022712,0.389558,-5.899346,5.999998,-13.788640,-19.687986,9.082e-17,3.749e-17,4.875e-19,9.082e-17,1.00000000
58.200000,0.936052,0.270913,-5.920337,5.999998,-13.784559,-19.704896,8.462e-17,3.873e-17,4.540e-19,8.462e-17,1.00000000
58.300000,0.834180,0.169940,-5.939296,5.999998,-13.781422,-19.720718,7.793e-17,3.960e-17,4.425e-19,7.793e-17,1.00000000
58.400000,0.723413,0.090315,-5.955543,5.999998,-13.779166,-19.734710,7.466e-17,4.398e-17,5.058e-19,7.466e-17,1.00000000
58.500000,0.608946,0.029006,-5.968947,5.999999,-13.777678,-19.746625,7.258e-17,5.465e-17,4.904e-19,7.258e-17,1.00000000
58.600000,0.489590,-0.016621,-5.979967,5.999998,-13.776810,-19.756777,7.256e-17,7.203e-17,5.221e-19,7.256e-17,1.00000000
58.700000,0.364228,-0.043040,-5.988778,5.999998,-13.776397,-19.765175,7.264e-17,9.382e-17,5.853e-19,9.382e-17,1.00000000
58.800000,0.238068,-0.046460,-5.995093,5.999998,-13.776276,-19.771370,7.216e-17,1.097e-16,6.293e-19,1.097e-16,1.00000000
58.900000,0.117404,-0.029525,-5.998777,5.999999,-13.776297,-19.775074,7.163e-17,1.102e-16,6.623e-19,1.102e-16,1.00000000
59.000000,0.002522,0.003262,-5.999997,5.999998,-13.776329,-19.776326,7.115e-17,9.632e-17,7.384e-19,9.632e-17,1.00000000
59.000000,0.002522,0.003262,-5.999997,5.999998,-13.776329,-19.776326,7.115e-17,9.632e-17,7.384e-19,9.632e-17,1.00000000
59.100000,-0.003938,-0.000423,-5.999997,5.999998,-13.776330,-19.776326,6.586e-17,7.997e-17,7.805e-19,7.997e-17,1.00000000
59.200000,0.002812,0.002899,-5.999996,5.999998,-13.776330,-19.776326,5.989e-17,7.199e-17,7.765e-19,7.199e-17,1.00000000
59.300000,0.003637,-0.001090,-5.999996,5.999997,-13.776331,-19.776326,5.060e-17,7.009e-17,7.591e-19,7.009e-17,1.00000000
59.400000,0.003732,0.000086,-5.999995,5.999996,-13.776331,-19.776326,4.234e-17,7.116e-17,6.958e-19,7.116e-17,1.00000000
59.500000,-0.000603,0.003968,-5.999994,5.999995,-13.776332,-19.776326,3.592e-17,7.598e-17,6.526e-19,7.598e-17,1.00000000
59.600000,0.000000,-0.003478,-5.999991,5.999992,-13.776335,-19.776325,3.132e-17,8.460e-17,5.974e-19,8.460e-17,1.00000000
59.700000,-0.004095,0.000704,-5.999986,5.999987,-13.776339,-19.776325,2.805e-17,9.098e-17,5.668e-19,9.098e-17,1.00000000
59.800000,-0.003932,0.002033,-5.999972,5.999974,-13.776352,-19.776324,2.858e-17,8.453e-17,5.192e-19,8.453e-17,1.00000000
59.900000,-0.004336,-0.001134,-5.999909,5.999910,-13.776414,-19.776323,3.281e-17,7.823e-17,4.772e-19,7.823e-17,1.00000000
60.000000,0.001364,0.003373,-5.999312,5.999313,-13.777010,-19.776322,3.731e-17,7.063e-17,5.654e-19,7.063e-17,1.00000000
60.000000,0.001364,0.003373,-5.999312,5.999313,-13.777010,-19.776322,3.731e-17,7.063e-17,5.654e-19,7.063e-17,1.00000000
60.100000,0.003302,0.010074,-5.995487,5.995497,-13.780834,-19.776321,4.540e-17,6.565e-17,5.501e-19,6.565e-17,1.00000000
60.200000,0.004747,0.015542,-5.987574,5.987596,-13.788746,-19.776320,5.473e-17,5.904e-17,5.037e-19,5.904e-17,1.00000000
60.300000,0.005530,0.019229,-5.975859,5.975892,-13.800461,-19.776320,6.318e-17,5.878e-17,5.196e-19,6.318e-17,1.00000000
60.400000,0.005410,0.020718,-5.960674,5.960712,-13.815646,-19.776320,7.699e-17,6.682e-17,6.056e-19,7.699e-17,1.00000000
60.500000,0.004102,0.019776,-5.942376,5.942410,-13.833944,-19.776319,9.403e-17,7.045e-17,6.917e-19,9.403e-17,1.00000000
60.600000,0.001329,0.016375,-5.921311,5.921334,-13.855008,-19.776320,1.023e-16,6.653e-17,7.890e-19,1.023e-16,1.00000000
60.700000,-0.003126,0.010718,-5.897802,5.897812,-13.878519,-19.776320,1.017e-16,6.298e-17,8.574e-19,1.017e-16,1.00000000
60.800000,-0.009360,0.003232,-5.872136,5.872145,-13.904185,-19.776321,9.451e-17,5.939e-17,7.996e-19,9.451e-17,1.00000000
60.900000,-0.017282,-0.005452,-5.844595,5.844623,-13.931727,-19.776323,8.657e-17,5.830e-17,7.417e-19,8.657e-17,1.00000000
61.000000,-0.026557,-0.014550,-5.815491,5.815570,-13.960833,-19.776324,8.377e-17,6.554e-17,6.882e-19,8.377e-17,1.00000000
61.100000,-0.036570,-0.023217,-5.785211,5.785373,-13.991114,-19.776325,8.611e-17,7.647e-17,6.286e-19,8.611e-17,1.00000000
61.200000,-0.046472,-0.030667,-5.754234,5.754503,-14.022092,-19.776326,1.844e-16,7.441e-17,5.484e-19,1.844e-16,1.00000000
61.300000,-0.055280,-0.036301,-5.723101,5.723483,-14.053226,-19.776327,5.425e-16,6.951e-17,5.422e-19,5.425e-16,1.00000000
61.400000,-0.062049,-0.039783,-5.692353,5.692830,-14.083974,-19.776327,1.115e-15,7.220e-17,5.341e-19,1.115e-15,1.00000000
61.500000,-0.066035,-0.041062,-5.662445,5.662978,-14.113882,-19.776327,1.462e-15,7.373e-17,4.849e-19,1.462e-15,1.00000000
61.600000,-0.066808,-0.040339,-5.633670,5.634210,-14.142657,-19.776326,1.249e-15,7.380e-17,4.917e-19,1.249e-15,1.00000000
61.700000,-0.064282,-0.037996,-5.606143,5.606640,-14.170182,-19.776325,7.759e-16,7.811e-17,5.148e-19,7.759e-16,1.00000000
61.800000,-0.058680,-0.034515,-5.579843,5.580258,-14.196480,-19.776324,4.634e-16,7.605e-17,5.498e-19,4.634e-16,1.00000000
61.900000,-0.050459,-0.030383,-5.554684,5.554996,-14.221638,-19.776322,3.206e-16,6.804e-17,6.476e-19,3.206e-16,1.00000000
62.000000,-0.040248,-0.026037,-5.530552,5.530760,-14.245768,-19.776320,2.074e-16,7.456e-17,8.865e-19,2.074e-16,1.00000000
62.100000,-0.028787,-0.021812,-5.507305,5.507424,-14.269013,-19.776319,1.278e-16,8.518e-17,1.092e-18,1.278e-16,1.00000000
62.200000,-0.016889,-0.017930,-5.484751,5.484806,-14.291567,-19.776318,9.011e-17,9.553e-17,1.086e-18,9.553e-17,1.00000000
62.300000,-0.005401,-0.014482,-5.462645,5.462667,-14.313672,-19.776317,7.109e-17,1.087e-16,9.833e-19,1.087e-16,1.00000000
62.400000,0.004843,-0.011436,-5.440723,5.440738,-14.335594,-19.776317,5.923e-17,1.065e-16,8.717e-19,1.065e-16,1.00000000
62.500000,0.013090,-0.008640,-5.418754,5.418777,-14.357564,-19.776318,4.921e-17,9.491e-17,8.090e-19,9.491e-17,1.00000000
62.600000,0.018760,-0.005854,-5.396581,5.396617,-14.379738,-19.776320,4.396e-17,7.779e-17,7.966e-19,7.779e-17,1.00000000
62.700000,0.021540,-0.002801,-5.374140,5.374184,-14.402182,-19.776321,4.161e-17,6.069e-17,8.451e-19,6.069e-17,1.00000000
62.800000,0.021438,0.000745,-5.351452,5.351495,-14.424871,-19.776323,3.966e-17,5.896e-17,9.351e-19,5.896e-17,1.00000000
62.900000,0.018763,0.004875,-5.328619,5.328655,-14.447706,-19.776325,4.028e-17,6.171e-17,1.035e-18,6.171e-17,1.00000000
63.000000,0.014039,0.009484,-5.305795,5.305822,-14.470532,-19.776327,4.306e-17,6.441e-17,1.076e-18,6.441e-17,1.00000000
63.100000,0.007902,0.014288,-5.283157,5.283183,-14.493170,-19.776328,4.914e-17,6.892e-17,1.014e-18,6.892e-17,1.00000000
63.200000,0.000998,0.018890,-5.260857,5.260891,-14.515472,-19.776328,5.365e-17,6.993e-17,9.549e-19,6.993e-17,1.00000000
63.300000,-0.006093,0.022872,-5.238964,5.239017,-14.537364,-19.776328,5.622e-17,6.574e-17,9.225e-19,6.574e-17,1.00000000
63.400000,-0.012913,0.025850,-5.217459,5.217539,-14.558869,-19.776327,6.655e-17,6.675e-17,9.352e-19,6.675e-17,1.00000000
63.500000,-0.019155,0.027515,-5.196275,5.196384,-14.580050,-19.776326,7.722e-17,6.575e-17,9.952e-19,7.722e-17,1.00000000
63.600000,-0.024645,0.027639,-5.175370,5.175502,-14.600954,-19.776324,8.367e-17,7.140e-17,1.180e-18,8.367e-17,1.00000000
63.700000,-0.029332,0.026099,-5.154753,5.154902,-14.621569,-19.776321,9.348e-17,7.083e-17,1.515e-18,9.348e-17,1.00000000
63.800000,-0.033255,0.022900,-5.134477,5.134636,-14.641842,-19.776319,1.089e-16,7.182e-17,1.887e-18,1.089e-16,1.00000000
63.900000,-0.036508,0.018195,-5.114605,5.114767,-14.661713,-19.776318,1.352e-16,7.292e-17,2.196e-18,1.352e-16,1.00000000
64.000000,-0.039194,0.012281,-5.095188,5.095354,-14.681128,-19.776316,1.781e-16,7.440e-17,2.157e-18,1.781e-16,1.00000000
64.100000,-0.041382,0.005591,-5.076284,5.076456,-14.700032,-19.776316,2.260e-16,7.317e-17,1.773e-18,2.260e-16,1.00000000
64.200000,-0.043079,-0.001341,-5.057986,5.058169,-14.718331,-19.776316,2.724e-16,7.625e-17,1.362e-18,2.724e-16,1.00000000
64.300000,-0.044224,-0.007925,-5.040437,5.040637,-14.735880,-19.776317,3.290e-16,7.722e-17,1.153e-18,3.290e-16,1.00000000
64.400000,-0.044703,-0.013573,-5.023816,5.024034,-14.752503,-19.776319,4.092e-16,7.669e-17,1.085e-18,4.092e-16,1.00000000
64.500000,-0.044374,-0.017768,-5.008297,5.008525,-14.768024,-19.776321,6.190e-16,7.529e-17,1.139e-18,6.190e-16,1.00000000
64.600000,-0.043117,-0.020135,-4.994021,4.994247,-14.782302,-19.776323,9.418e-16,7.527e-17,1.253e-18,9.418e-16,1.00000000
64.700000,-0.040872,-0.020498,-4.981087,4.981297,-14.795237,-19.776325,1.172e-15,7.899e-17,1.349e-18,1.172e-15,1.00000000
64.800000,-0.037685,-0.018917,-4.969557,4.969736,-14.806769,-19.776326,1.138e-15,7.908e-17,1.417e-18,1.138e-15,1.00000000
64.900000,-0.033729,-0.015690,-4.959435,4.959575,-14.816892,-19.776327,8.681e-16,8.084e-17,1.456e-18,8.681e-16,1.00000000
65.000000,-0.029295,-0.011307,-4.950664,4.950764,-14.825663,-19.776327,5.783e-16,9.467e-17,1.578e-18,5.783e-16,1.00000000
65.100000,-0.024762,-0.006354,-4.943144,4.943210,-14.833183,-19.776327,3.971e-16,9.806e-17,1.799e-18,3.971e-16,1.00000000
65.200000,-0.020555,-0.001425,-4.936773,4.936816,-14.839553,-19.776326,2.661e-16,8.636e-17,2.073e-18,2.661e-16,1.00000000
65.300000,-0.017117,0.002961,-4.931468,4.931499,-14.844856,-19.776324,1.740e-16,8.196e-17,2.334e-18,1.740e-16,1.00000000
65.400000,-0.014854,0.006422,-4.927154,4.927180,-14.849169,-19.776323,1.230e-16,8.375e-17,2.440e-18,1.230e-16,1.00000000
65.500000,-0.014094,0.008751,-4.923714,4.923742,-14.852607,-19.776321,9.405e-17,7.788e-17,2.513e-18,9.405e-17,1.00000000
65.600000,-0.015043,0.009915,-4.920971,4.921004,-14.855349,-19.776320,7.563e-17,6.794e-17,2.563e-18,7.563e-17,1.00000000
65.700000,-0.017764,0.010025,-4.918704,4.918746,-14.857615,-19.776319,6.465e-17,6.132e-17,2.535e-18,6.465e-17,1.00000000
65.800000,-0.022151,0.009276,-4.916706,4.916764,-14.859613,-19.776319,5.893e-17,6.005e-17,2.490e-18,6.005e-17,1.00000000
65.900000,-0.027905,0.007897,-4.914823,4.914909,-14.861496,-19.776319,5.774e-17,6.645e-17,2.437e-18,6.645e-17,1.00000000
66.000000,-0.034529,0.006103,-4.912959,4.913084,-14.863361,-19.776320,5.800e-17,7.886e-17,2.197e-18,7.886e-17,1.00000000
66.100000,-0.041377,0.004058,-4.911047,4.911223,-14.865275,-19.776322,5.507e-17,9.251e-17,1.873e-18,9.251e-17,1.00000000
66.200000,-0.047763,0.001824,-4.909055,4.909287,-14.867269,-19.776323,5.096e-17,1.011e-16,1.733e-18,1.011e-16,1.00000000
66.300000,-0.053071,-0.000654,-4.907023,4.907310,-14.869302,-19.776325,5.206e-17,1.010e-16,1.817e-18,1.010e-16,1.00000000
66.400000,-0.056835,-0.003522,-4.905074,4.905404,-14.871253,-19.776327,6.097e-17,9.233e-17,2.112e-18,9.233e-17,1.00000000
66.500000,-0.058760,-0.006941,-4.903385,4.903742,-14.872943,-19.776328,6.986e-17,8.754e-17,2.470e-18,8.754e-17,1.00000000
66.600000,-0.058726,-0.011025,-4.902141,4.902506,-14.874187,-19.776329,8.641e-17,8.990e-17,2.756e-18,8.990e-17,1.00000000
66.700000,-0.056784,-0.015804,-4.901518,4.901872,-14.874811,-19.776329,1.187e-16,1.282e-16,3.066e-18,1.282e-16,1.00000000
66.800000,-0.053132,-0.021223,-4.901677,4.902011,-14.874651,-19.776328,1.563e-16,1.580e-16,3.520e-18,1.580e-16,1.00000000
66.900000,-0.048094,-0.027140,-4.902771,4.903082,-14.873556,-19.776327,1.938e-16,2.282e-16,4.122e-18,2.282e-16,1.00000000
67.000000,-0.042078,-0.033324,-4.904917,4.905211,-14.871409,-19.776326,2.195e-16,2.748e-16,4.657e-18,2.748e-16,1.00000000
67.100000,-0.035541,-0.039448,-4.908172,4.908460,-14.868152,-19.776324,2.310e-16,3.124e-16,4.935e-18,3.124e-16,1.00000000
67.200000,-0.028950,-0.045118,-4.912518,4.912810,-14.863805,-19.776323,2.537e-16,2.843e-16,4.686e-18,2.843e-16,1.00000000
67.300000,-0.022718,-0.049917,-4.917881,4.918187,-14.858440,-19.776322,2.612e-16,2.771e-16,3.943e-18,2.771e-16,1.00000000
67.400000,-0.017165,-0.053462,-4.924172,4.924492,-14.852149,-19.776321,2.844e-16,2.336e-16,3.198e-18,2.844e-16,1.00000000
67.500000,-0.012481,-0.055464,-4.931282,4.931610,-14.845038,-19.776320,3.198e-16,2.055e-16,2.657e-18,3.198e-16,1.00000000
67.600000,-0.008721,-0.055770,-4.939075,4.939397,-14.837246,-19.776321,3.749e-16,1.707e-16,2.293e-18,3.749e-16,1.00000000
67.700000,-0.005824,-0.054388,-4.947401,4.947703,-14.828921,-19.776321,5.254e-16,1.466e-16,2.076e-18,5.254e-16,1.00000000
67.800000,-0.003661,-0.051475,-4.956144,4.956412,-14.820179,-19.776322,8.192e-16,1.273e-16,1.853e-18,8.192e-16,1.00000000
67.900000,-0.002092,-0.047303,-4.965269,4.965495,-14.811054,-19.776323,1.087e-15,1.073e-16,1.679e-18,1.087e-15,1.00000000
68.000000,-0.001000,-0.042211,-4.974829,4.975008,-14.801496,-19.776325,1.160e-15,9.415e-17,1.639e-18,1.160e-15,1.00000000
68.100000,-0.000303,-0.036584,-4.984918,4.985053,-14.791407,-19.776326,9.639e-16,8.252e-17,1.747e-18,9.639e-16,1.00000000
68.200000,0.000047,-0.030841,-4.995635,4.995730,-14.780692,-19.776327,6.911e-16,6.952e-17,2.005e-18,6.911e-16,1.00000000
68.300000,0.000062,-0.025423,-5.007044,5.007109,-14.769283,-19.776327,4.804e-16,6.464e-17,2.378e-18,4.804e-16,1.00000000
68.400000,-0.000299,-0.020765,-5.019173,5.019216,-14.757154,-19.776327,3.345e-16,6.486e-17,2.694e-18,3.345e-16,1.00000000
68.500000,-0.001119,-0.017243,-5.032022,5.032052,-14.744305,-19.776327,2.530e-16,7.343e-17,3.021e-18,2.530e-16,1.00000000
68.600000,-0.002520,-0.015113,-5.045573,5.045596,-14.730753,-19.776326,2.286e-16,7.755e-17,3.328e-18,2.286e-16,1.00000000
68.700000,-0.004624,-0.014454,-5.059779,5.059801,-14.716547,-19.776325,2.369e-16,7.432e-17,3.484e-18,2.369e-16,1.00000000
68.800000,-0.007482,-0.015151,-5.074530,5.074558,-14.701794,-19.776324,2.515e-16,7.423e-17,3.499e-18,2.515e-16,1.00000000
68.900000,-0.011010,-0.016919,-5.089649,5.089689,-14.686675,-19.776323,2.559e-16,8.026e-17,3.326e-18,2.559e-16,1.00000000
69.000000,-0.014959,-0.019378,-5.104918,5.104977,-14.671404,-19.776323,2.604e-16,9.364e-17,2.978e-18,2.604e-16,1.00000000
69.100000,-0.018963,-0.022143,-5.120137,5.120220,-14.656185,-19.776322,2.592e-16,1.138e-16,2.453e-18,2.592e-16,1.00000000
69.200000,-0.022622,-0.024900,-5.135169,5.135279,-14.641153,-19.776322,2.693e-16,1.459e-16,1.869e-18,2.693e-16,1.00000000
69.300000,-0.025565,-0.027421,-5.149957,5.150093,-14.626365,-19.776322,3.279e-16,1.795e-16,1.437e-18,3.279e-16,1.00000000
69.400000,-0.027478,-0.029554,-5.164501,5.164658,-14.611822,-19.776323,4.357e-16,2.326e-16,1.241e-18,4.357e-16,1.00000000
69.500000,-0.028130,-0.031227,-5.178821,5.178992,-14.597502,-19.776323,5.139e-16,2.962e-16,1.253e-18,5.139e-16,1.00000000
69.600000,-0.027395,-0.032451,-5.192945,5.193118,-14.583379,-19.776324,5.064e-16,3.876e-16,1.375e-18,5.064e-16,1.00000000
69.700000,-0.025301,-0.033308,-5.206911,5.207079,-14.569414,-19.776325,4.384e-16,4.487e-16,1.502e-18,4.487e-16,1.00000000
69.800000,-0.022040,-0.033905,-5.220785,5.220942,-14.555540,-19.776325,3.219e-16,4.881e-16,1.664e-18,4.881e-16,1.00000000
69.900000,-0.017939,-0.034320,-5.234651,5.234795,-14.541674,-19.776326,2.623e-16,4.633e-16,1.887e-18,4.633e-16,1.00000000
70.000000,-0.013390,-0.034565,-5.248583,5.248714,-14.527742,-19.776326,2.534e-16,4.213e-16,2.240e-18,4.213e-16,1.00000000
70.100000,-0.008787,-0.034580,-5.262615,5.262736,-14.513710,-19.776326,2.562e-16,4.025e-16,2.801e-18,4.025e-16,1.00000000
70.200000,-0.004485,-0.034252,-5.276720,5.276833,-14.499606,-19.776325,2.742e-16,3.406e-16,3.345e-18,3.406e-16,1.00000000
70.300000,-0.000775,-0.033437,-5.290807,5.290913,-14.485518,-19.776325,2.949e-16,3.151e-16,3.546e-18,3.151e-16,1.00000000
70.400000,0.002116,-0.031996,-5.304746,5.304843,-14.471578,-19.776324,3.029e-16,2.998e-16,3.415e-18,3.029e-16,1.00000000
70.500000,0.004025,-0.029827,-5.318385,5.318470,-14.457939,-19.776324,3.237e-16,3.055e-16,3.088e-18,3.237e-16,1.00000000
70.600000,0.004871,-0.026885,-5.331556,5.331626,-14.444767,-19.776323,3.487e-16,2.923e-16,2.627e-18,3.487e-16,1.00000000
70.700000,0.004663,-0.023179,-5.344092,5.344144,-14.432231,-19.776323,3.798e-16,2.681e-16,2.164e-18,3.798e-16,1.00000000
70.800000,0.003510,-0.018775,-5.355838,5.355872,-14.420484,-19.776322,4.103e-16,2.457e-16,1.823e-18,4.103e-16,1.00000000
70.900000,0.001600,-0.013829,-5.366680,5.366698,-14.409642,-19.776322,5.194e-16,2.259e-16,1.621e-18,5.194e-16,1.00000000
71.000000,-0.000830,-0.008600,-5.376548,5.376555,-14.399774,-19.776322,8.002e-16,1.959e-16,1.539e-18,8.002e-16,1.00000000
71.100000,-0.003550,-0.003431,-5.385408,5.385410,-14.390915,-19.776322,1.095e-15,1.579e-16,1.554e-18,1.095e-15,1.00000000
71.200000,-0.006388,0.001308,-5.393265,5.393269,-14.383058,-19.776322,1.238e-15,1.235e-16,1.633e-18,1.238e-15,1.00000000
71.300000,-0.009239,0.005295,-5.400173,5.400183,-14.376150,-19.776323,1.139e-15,9.581e-17,1.763e-18,1.139e-15,1.00000000
71.400000,-0.012040,0.008293,-5.406220,5.406240,-14.370103,-19.776323,9.356e-16,8.342e-17,1.986e-18,9.356e-16,1.00000000
71.500000,-0.014731,0.010136,-5.411500,5.411530,-14.364823,-19.776323,7.632e-16,8.729e-17,2.298e-18,7.632e-16,1.00000000
71.600000,-0.017251,0.010731,-5.416087,5.416125,-14.360236,-19.776323,6.162e-16,1.051e-16,2.652e-18,6.162e-16,1.00000000
71.700000,-0.019546,0.010067,-5.420028,5.420072,-14.356295,-19.776323,4.895e-16,1.367e-16,2.918e-18,4.895e-16,1.00000000
71.800000,-0.021569,0.008234,-5.423340,5.423390,-14.352983,-19.776323,4.314e-16,1.701e-16,3.069e-18,4.314e-16,1.00000000
71.900000,-0.023270,0.005401,-5.426001,5.426053,-14.350323,-19.776323,5.042e-16,2.119e-16,3.244e-18,5.042e-16,1.00000000
72.000000,-0.024586,0.001814,-5.427942,5.427998,-14.348381,-19.776323,6.139e-16,2.620e-16,3.412e-18,6.139e-16,1.00000000
72.100000,-0.025443,-0.002221,-5.429077,5.429137,-14.347246,-19.776323,7.436e-16,3.118e-16,3.395e-18,7.436e-16,1.00000000
72.200000,-0.025756,-0.006355,-5.429325,5.429390,-14.346998,-19.776323,1.050e-15,3.605e-16,3.092e-18,1.050e-15,1.00000000
72.300000,-0.025419,-0.010249,-5.428630,5.428699,-14.347693,-19.776323,1.393e-15,3.858e-16,2.654e-18,1.393e-15,1.00000000
72.400000,-0.024328,-0.013622,-5.426969,5.427040,-14.349355,-19.776323,1.743e-15,3.894e-16,2.325e-18,1.743e-15,1.00000000
72.500000,-0.022410,-0.016292,-5.424367,5.424438,-14.351956,-19.776323,2.593e-15,4.208e-16,2.088e-18,2.593e-15,1.00000000
72.600000,-0.019669,-0.018196,-5.420934,5.421000,-14.355389,-19.776323,3.747e-15,4.500e-16,1.869e-18,3.747e-15,1.00000000
72.700000,-0.016212,-0.019387,-5.416839,5.416898,-14.359485,-19.776323,4.129e-15,4.340e-16,1.782e-18,4.129e-15,1.00000000
72.800000,-0.012230,-0.019996,-5.412245,5.412296,-14.364078,-19.776323,3.394e-15,3.810e-16,1.861e-18,3.394e-15,1.00000000
72.900000,-0.007973,-0.020185,-5.407261,5.407304,-14.369063,-19.776323,2.552e-15,3.294e-16,2.030e-18,2.552e-15,1.00000000
73.000000,-0.003717,-0.020117,-5.401930,5.401968,-14.374394,-19.776323,2.154e-15,3.133e-16,2.215e-18,2.154e-15,1.00000000
73.100000,0.000269,-0.019932,-5.396279,5.396315,-14.380044,-19.776323,2.082e-15,2.976e-16,2.503e-18,2.082e-15,1.00000000
73.200000,0.003742,-0.019725,-5.390346,5.390384,-14.385976,-19.776323,2.041e-15,2.847e-16,2.942e-18,2.041e-15,1.00000000
73.300000,0.006503,-0.019530,-5.384189,5.384228,-14.392134,-19.776323,1.936e-15,2.923e-16,3.405e-18,1.936e-15,1.00000000
73.400000,0.008430,-0.019335,-5.377865,5.377906,-14.398458,-19.776323,1.754e-15,2.732e-16,3.680e-18,1.754e-15,1.00000000
73.500000,0.009486,-0.019116,-5.371436,5.371478,-14.404886,-19.776323,1.530e-15,2.480e-16,3.756e-18,1.530e-15,1.00000000
73.600000,0.009681,-0.018869,-5.364962,5.365003,-14.411361,-19.776323,1.330e-15,2.554e-16,3.577e-18,1.330e-15,1.00000000
73.700000,0.009040,-0.018624,-5.358477,5.358517,-14.417846,-19.776323,1.156e-15,2.735e-16,3.296e-18,1.156e-15,1.00000000
73.800000,0.007590,-0.018430,-5.351966,5.352003,-14.424357,-19.776323,1.013e-15,2.863e-16,3.096e-18,1.013e-15,1.00000000
73.900000,0.005383,-0.018348,-5.345338,5.345373,-14.430985,-19.776324,8.871e-16,3.001e-16,2.835e-18,8.871e-16,1.00000000
74.000000,0.002530,-0.018447,-5.338444,5.338476,-14.437880,-19.776324,7.461e-16,3.104e-16,2.519e-18,7.461e-16,1.00000000
74.100000,-0.000802,-0.018812,-5.331132,5.331165,-14.445193,-19.776325,7.343e-16,3.179e-16,2.292e-18,7.343e-16,1.00000000
74.200000,-0.004390,-0.019513,-5.323304,5.323341,-14.453021,-19.776325,9.028e-16,3.306e-16,2.227e-18,9.028e-16,1.00000000
74.300000,-0.007956,-0.020575,-5.314911,5.314957,-14.461414,-19.776325,1.189e-15,3.517e-16,2.201e-18,1.189e-15,1.00000000
74.400000,-0.011199,-0.021969,-5.305949,5.306006,-14.470376,-19.776325,1.364e-15,3.996e-16,2.165e-18,1.364e-15,1.00000000
74.500000,-0.013841,-0.023642,-5.296443,5.296514,-14.479882,-19.776325,1.316e-15,4.591e-16,2.189e-18,1.316e-15,1.00000000
74.600000,-0.015667,-0.025557,-5.286422,5.286507,-14.489903,-19.776324,1.263e-15,5.361e-16,2.346e-18,1.263e-15,1.00000000
74.700000,-0.016572,-0.027703,-5.275894,5.275993,-14.500430,-19.776324,1.555e-15,6.590e-16,2.631e-18,1.555e-15,1.00000000
74.800000,-0.016566,-0.030068,-5.264883,5.264995,-14.511441,-19.776324,2.041e-15,7.084e-16,3.000e-18,2.041e-15,1.00000000
74.900000,-0.015779,-0.032607,-5.253464,5.253589,-14.522860,-19.776323,2.252e-15,7.759e-16,3.365e-18,2.252e-15,1.00000000
75.000000,-0.014428,-0.035199,-5.241779,5.241917,-14.534544,-19.776323,2.601e-15,8.166e-16,3.577e-18,2.601e-15,1.00000000
75.100000,-0.012761,-0.037661,-5.230010,5.230161,-14.546313,-19.776323,3.595e-15,6.693e-16,3.653e-18,3.595e-15,1.00000000
75.200000,-0.010991,-0.039795,-5.218321,5.218484,-14.558002,-19.776323,4.393e-15,5.452e-16,3.650e-18,4.393e-15,1.00000000
75.300000,-0.009266,-0.041416,-5.206795,5.206968,-14.569529,-19.776323,4.418e-15,5.124e-16,3.662e-18,4.418e-15,1.00000000
75.400000,-0.007669,-0.042362,-5.195425,5.195603,-14.580899,-19.776324,4.294e-15,4.652e-16,3.480e-18,4.294e-15,1.00000000
75.500000,-0.006213,-0.042481,-5.184154,5.184332,-14.592170,-19.776324,4.345e-15,4.001e-16,3.126e-18,4.345e-15,1.00000000
75.600000,-0.004878,-0.041632,-5.172911,5.173081,-14.603413,-19.776325,4.144e-15,3.703e-16,2.867e-18,4.144e-15,1.00000000
75.700000,-0.003642,-0.039721,-5.161647,5.161801,-14.614678,-19.776325,3.292e-15,3.564e-16,2.675e-18,3.292e-15,1.00000000
75.800000,-0.002487,-0.036759,-5.150390,5.150521,-14.625936,-19.776325,2.219e-15,3.332e-16,2.451e-18,2.219e-15,1.00000000
75.900000,-0.001425,-0.032898,-5.139286,5.139391,-14.637040,-19.776325,2.006e-15,3.301e-16,2.324e-18,2.006e-15,1.00000000
76.000000,-0.000527,-0.028410,-5.128557,5.128636,-14.647768,-19.776325,2.288e-15,3.122e-16,2.377e-18,2.288e-15,1.00000000
76.100000,0.000063,-0.023637,-5.118397,5.118451,-14.657928,-19.776325,2.337e-15,2.690e-16,2.661e-18,2.337e-15,1.00000000
76.200000,0.000129,-0.018912,-5.108888,5.108923,-14.667435,-19.776324,2.168e-15,2.425e-16,3.084e-18,2.168e-15,1.00000000
76.300000,-0.000570,-0.014481,-5.100008,5.100029,-14.676315,-19.776323,1.848e-15,2.385e-16,3.559e-18,1.848e-15,1.00000000
76.400000,-0.002230,-0.010447,-5.091673,5.091685,-14.684649,-19.776323,1.656e-15,2.501e-16,3.972e-18,1.656e-15,1.00000000
76.500000,-0.004899,-0.006800,-5.083776,5.083783,-14.692546,-19.776322,1.552e-15,2.951e-16,4.105e-18,1.552e-15,1.00000000
76.600000,-0.008425,-0.003503,-5.076190,5.076198,-14.700132,-19.776322,1.324e-15,3.064e-16,3.984e-18,1.324e-15,1.00000000
76.700000,-0.012505,-0.000585,-5.068800,5.068815,-14.707522,-19.776322,1.155e-15,3.363e-16,3.857e-18,1.155e-15,1.00000000
76.800000,-0.016756,0.001851,-5.061542,5.061570,-14.714780,-19.776322,1.173e-15,3.965e-16,3.839e-18,1.173e-15,1.00000000
76.900000,-0.020770,0.003697,-5.054407,5.054451,-14.721915,-19.776322,1.272e-15,5.662e-16,3.817e-18,1.272e-15,1.00000000
77.000000,-0.024193,0.004930,-5.047398,5.047459,-14.728924,-19.776323,1.341e-15,8.684e-16,3.638e-18,1.341e-15,1.00000000
77.100000,-0.026789,0.005641,-5.040490,5.040564,-14.735833,-19.776323,1.373e-15,1.321e-15,3.256e-18,1.373e-15,1.00000000
77.200000,-0.028457,0.006002,-5.033643,5.033727,-14.742681,-19.776324,1.364e-15,1.621e-15,2.838e-18,1.621e-15,1.00000000
77.300000,-0.029153,0.006195,-5.026849,5.026937,-14.749475,-19.776324,1.560e-15,1.602e-15,2.575e-18,1.602e-15,1.00000000
77.400000,-0.028831,0.006342,-5.020129,5.020216,-14.756195,-19.776324,2.338e-15,1.704e-15,2.519e-18,2.338e-15,1.00000000
77.500000,-0.027470,0.006497,-5.013517,5.013597,-14.762807,-19.776324,3.289e-15,2.348e-15,2.633e-18,3.289e-15,1.00000000
77.600000,-0.025134,0.006684,-5.007080,5.007147,-14.769244,-19.776324,3.234e-15,3.367e-15,2.718e-18,3.367e-15,1.00000000
77.700000,-0.021976,0.006955,-5.000902,5.000955,-14.775422,-19.776324,3.360e-15,4.219e-15,2.728e-18,4.219e-15,1.00000000
77.800000,-0.018184,0.007418,-4.995039,4.995077,-14.781285,-19.776323,3.935e-15,4.107e-15,2.836e-18,4.107e-15,1.00000000
77.900000,-0.013930,0.008224,-4.989489,4.989515,-14.786834,-19.776323,5.738e-15,3.068e-15,3.004e-18,5.738e-15,1.00000000
78.000000,-0.009376,0.009484,-4.984205,4.984223,-14.792117,-19.776322,7.739e-15,2.183e-15,3.204e-18,7.739e-15,1.00000000
78.100000,-0.004683,0.011212,-4.979113,4.979128,-14.797209,-19.776322,6.732e-15,1.991e-15,3.396e-18,6.732e-15,1.00000000
78.200000,-0.000014,0.013341,-4.974116,4.974133,-14.802207,-19.776322,5.280e-15,2.264e-15,3.507e-18,5.280e-15,1.00000000
78.300000,0.004437,0.015812,-4.969107,4.969135,-14.807215,-19.776322,5.256e-15,2.421e-15,3.693e-18,5.256e-15,1.00000000
78.400000,0.008463,0.018629,-4.964007,4.964049,-14.812316,-19.776323,4.888e-15,2.147e-15,3.997e-18,4.888e-15,1.00000000
78.500000,0.011902,0.021830,-4.958794,4.958857,-14.817529,-19.776323,4.663e-15,1.593e-15,4.175e-18,4.663e-15,1.00000000
78.600000,0.014682,0.025417,-4.953499,4.953585,-14.822825,-19.776324,4.809e-15,1.037e-15,3.921e-18,4.809e-15,1.00000000
78.700000,0.016845,0.029320,-4.948151,4.948266,-14.828174,-19.776324,5.130e-15,6.477e-16,3.384e-18,5.130e-15,1.00000000
78.800000,0.018551,0.033377,-4.942757,4.942904,-14.833568,-19.776325,5.777e-15,4.715e-16,2.975e-18,5.777e-15,1.00000000
78.900000,0.020014,0.037345,-4.937324,4.937506,-14.839001,-19.776325,5.669e-15,4.012e-16,2.819e-18,5.669e-15,1.00000000
79.000000,0.021411,0.040968,-4.931923,4.932140,-14.844402,-19.776325,4.657e-15,3.715e-16,2.752e-18,4.657e-15,1.00000000
79.100000,0.022839,0.044011,-4.926683,4.926933,-14.849641,-19.776324,4.304e-15,3.420e-16,2.682e-18,4.304e-15,1.00000000
79.200000,0.024276,0.046249,-4.921721,4.921998,-14.854603,-19.776324,4.318e-15,3.323e-16,2.684e-18,4.318e-15,1.00000000
79.300000,0.025559,0.047496,-4.917097,4.917393,-14.859226,-19.776323,4.239e-15,3.592e-16,2.847e-18,4.239e-15,1.00000000
79.400000,0.026460,0.047625,-4.912825,4.913127,-14.863498,-19.776322,4.025e-15,3.989e-16,3.099e-18,4.025e-15,1.00000000
79.500000,0.026798,0.046587,-4.908879,4.909173,-14.867442,-19.776321,3.260e-15,3.665e-16,3.338e-18,3.260e-15,1.00000000
79.600000,0.026555,0.044418,-4.905192,4.905465,-14.871129,-19.776321,2.838e-15,5.087e-16,3.613e-18,2.838e-15,1.00000000
79.700000,0.025920,0.041244,-4.901668,4.901910,-14.874653,-19.776321,3.024e-15,7.515e-16,3.762e-18,3.024e-15,1.00000000
79.800000,0.025214,0.037295,-4.898254,4.898461,-14.878067,-19.776321,3.088e-15,1.061e-15,3.774e-18,3.088e-15,1.00000000
79.900000,0.024754,0.032853,-4.894982,4.895155,-14.881339,-19.776321,3.503e-15,1.238e-15,3.696e-18,3.503e-15,1.00000000
80.000000,0.024734,0.028194,-4.891947,4.892091,-14.884375,-19.776322,4.145e-15,1.401e-15,3.691e-18,4.145e-15,1.00000000
80.100000,0.025183,0.023561,-4.889289,4.889410,-14.887034,-19.776323,4.723e-15,1.339e-15,3.659e-18,4.723e-15,1.00000000
80.200000,0.026035,0.019142,-4.887124,4.887230,-14.889200,-19.776324,5.249e-15,1.296e-15,3.584e-18,5.249e-15,1.00000000
80.300000,0.027198,0.015061,-4.885473,4.885572,-14.890851,-19.776324,5.538e-15,1.653e-15,3.417e-18,5.538e-15,1.00000000
80.400000,0.028614,0.011370,-4.884296,4.884393,-14.892028,-19.776325,5.874e-15,2.607e-15,3.122e-18,5.874e-15,1.00000000
80.500000,0.030301,0.008070,-4.883551,4.883652,-14.892774,-19.776325,6.820e-15,3.499e-15,2.896e-18,6.820e-15,1.00000000
80.600000,0.032350,0.005117,-4.883186,4.883295,-14.893139,-19.776325,6.926e-15,3.882e-15,2.858e-18,6.926e-15,1.00000000
80.700000,0.034893,0.002394,-4.883120,4.883246,-14.893204,-19.776325,6.763e-15,3.801e-15,2.885e-18,6.763e-15,1.00000000
80.800000,0.038054,-0.000252,-4.883291,4.883439,-14.893033,-19.776324,6.575e-15,3.565e-15,2.968e-18,6.575e-15,1.00000000
80.900000,0.041878,-0.002916,-4.883681,4.883861,-14.892642,-19.776323,7.334e-15,3.251e-15,3.085e-18,7.334e-15,1.00000000
81.000000,0.046269,-0.005584,-4.884298,4.884520,-14.892024,-19.776322,6.863e-15,2.726e-15,3.268e-18,6.863e-15,1.00000000
81.100000,0.050972,-0.008185,-4.885127,4.885400,-14.891194,-19.776321,6.470e-15,2.319e-15,3.389e-18,6.470e-15,1.00000000
81.200000,0.055562,-0.010641,-4.886155,4.886483,-14.890165,-19.776321,6.951e-15,2.254e-15,3.523e-18,6.951e-15,1.00000000
81.300000,0.059526,-0.012845,-4.887366,4.887746,-14.888954,-19.776320,6.638e-15,2.625e-15,3.648e-18,6.638e-15,1.00000000
81.400000,0.062409,-0.014699,-4.888719,4.889139,-14.887602,-19.776321,5.918e-15,3.153e-15,3.737e-18,5.918e-15,1.00000000
81.500000,0.063950,-0.016192,-4.890175,4.890620,-14.886146,-19.776321,4.765e-15,3.282e-15,3.903e-18,4.765e-15,1.00000000
81.600000,0.064124,-0.017405,-4.891729,4.892181,-14.884593,-19.776322,3.871e-15,2.825e-15,4.009e-18,3.871e-15,1.00000000
81.700000,0.063132,-0.018474,-4.893392,4.893834,-14.882931,-19.776323,3.925e-15,2.066e-15,3.895e-18,3.925e-15,1.00000000
81.800000,0.061300,-0.019529,-4.895187,4.895610,-14.881137,-19.776324,4.527e-15,1.353e-15,3.606e-18,4.527e-15,1.00000000
81.900000,0.058946,-0.020621,-4.897162,4.897560,-14.879163,-19.776325,5.159e-15,9.288e-16,3.362e-18,5.159e-15,1.00000000
82.000000,0.056234,-0.021698,-4.899377,4.899747,-14.876949,-19.776326,5.335e-15,7.362e-16,3.146e-18,5.335e-15,1.00000000
82.100000,0.053141,-0.022676,-4.901869,4.902210,-14.874457,-19.776326,4.869e-15,5.752e-16,2.961e-18,4.869e-15,1.00000000
82.200000,0.049533,-0.023503,-4.904655,4.904961,-14.871671,-19.776326,4.495e-15,4.818e-16,2.977e-18,4.495e-15,1.00000000
82.300000,0.045274,-0.024157,-4.907729,4.907997,-14.868596,-19.776325,4.784e-15,5.571e-16,3.113e-18,4.784e-15,1.00000000
82.400000,0.040294,-0.024616,-4.911058,4.911285,-14.865266,-19.776324,4.234e-15,5.991e-16,3.323e-18,4.234e-15,1.00000000
82.500000,0.034661,-0.024865,-4.914609,4.914794,-14.861714,-19.776323,3.924e-15,6.397e-16,3.639e-18,3.924e-15,1.00000000
82.600000,0.028635,-0.024905,-4.918369,4.918516,-14.857952,-19.776321,3.947e-15,7.408e-16,3.894e-18,3.947e-15,1.00000000
82.700000,0.022615,-0.024751,-4.922356,4.922470,-14.853964,-19.776320,4.011e-15,9.094e-16,4.052e-18,4.011e-15,1.00000000
82.800000,0.017015,-0.024387,-4.926617,4.926707,-14.849702,-19.776319,4.342e-15,1.194e-15,4.104e-18,4.342e-15,1.00000000
82.900000,0.012158,-0.023737,-4.931166,4.931238,-14.845152,-19.776318,4.794e-15,1.469e-15,4.176e-18,4.794e-15,1.00000000
83.000000,0.008202,-0.022745,-4.935951,4.936010,-14.840367,-19.776318,6.592e-15,1.725e-15,4.206e-18,6.592e-15,1.00000000
83.100000,0.005115,-0.021425,-4.940903,4.940952,-14.835415,-19.776319,8.611e-15,2.076e-15,4.161e-18,8.611e-15,1.00000000
83.200000,0.002746,-0.019828,-4.945978,4.946018,-14.830342,-19.776319,9.480e-15,2.556e-15,3.976e-18,9.480e-15,1.00000000
83.300000,0.000931,-0.017985,-4.951147,4.951180,-14.825173,-19.776320,9.759e-15,3.297e-15,3.731e-18,9.759e-15,1.00000000
83.400000,-0.000460,-0.015875,-4.956408,4.956433,-14.819914,-19.776322,9.588e-15,3.441e-15,3.575e-18,9.588e-15,1.00000000
83.500000,-0.001539,-0.013389,-4.961822,4.961840,-14.814501,-19.776323,9.390e-15,3.028e-15,3.428e-18,9.390e-15,1.00000000
83.600000,-0.002427,-0.010362,-4.967493,4.967504,-14.808831,-19.776323,9.734e-15,3.070e-15,3.270e-18,9.734e-15,1.00000000
83.700000,-0.003192,-0.006684,-4.973507,4.973512,-14.802817,-19.776324,9.105e-15,3.365e-15,3.253e-18,9.105e-15,1.00000000
83.800000,-0.003790,-0.002383,-4.979899,4.979901,-14.796425,-19.776324,7.919e-15,3.402e-15,3.378e-18,7.919e-15,1.00000000
83.900000,-0.004108,0.002404,-4.986651,4.986654,-14.789672,-19.776324,7.767e-15,3.381e-15,3.562e-18,7.767e-15,1.00000000
84.000000,-0.004074,0.007518,-4.993732,4.993739,-14.782591,-19.776323,6.910e-15,2.991e-15,3.753e-18,6.910e-15,1.00000000
84.100000,-0.003695,0.012847,-5.001108,5.001126,-14.775214,-19.776322,5.716e-15,2.556e-15,4.036e-18,5.716e-15,1.00000000
84.200000,-0.003114,0.018303,-5.008687,5.008722,-14.767634,-19.776321,5.793e-15,2.686e-15,4.270e-18,5.793e-15,1.00000000
84.300000,-0.002623,0.023743,-5.016317,5.016374,-14.760003,-19.776320,4.938e-15,2.928e-15,4.433e-18,4.938e-15,1.00000000
84.400000,-0.002552,0.028901,-5.023856,5.023939,-14.752463,-19.776319,4.208e-15,3.039e-15,4.594e-18,4.208e-15,1.00000000
84.500000,-0.003111,0.033446,-5.031196,5.031308,-14.745123,-19.776319,4.455e-15,2.924e-15,4.750e-18,4.455e-15,1.00000000
84.600000,-0.004313,0.037118,-5.038286,5.038424,-14.738033,-19.776319,4.839e-15,2.818e-15,4.658e-18,4.839e-15,1.00000000
84.700000,-0.006006,0.039873,-5.045172,5.045333,-14.731147,-19.776319,5.028e-15,2.705e-15,4.477e-18,5.028e-15,1.00000000
84.800000,-0.007940,0.041946,-5.051977,5.052157,-14.724343,-19.776320,5.555e-15,2.510e-15,4.324e-18,5.555e-15,1.00000000
84.900000,-0.009796,0.043719,-5.058792,5.058990,-14.717529,-19.776321,6.598e-15,2.096e-15,4.002e-18,6.598e-15,1.00000000
85.000000,-0.011237,0.045504,-5.065632,5.065849,-14.710689,-19.776322,6.100e-15,1.552e-15,3.736e-18,6.100e-15,1.00000000
85.100000,-0.011998,0.047413,-5.072511,5.072747,-14.703812,-19.776323,5.169e-15,1.045e-15,3.617e-18,5.169e-15,1.00000000
85.200000,-0.011942,0.049394,-5.079483,5.079737,-14.696841,-19.776324,4.993e-15,7.782e-16,3.593e-18,4.993e-15,1.00000000
85.300000,-0.011040,0.051347,-5.086595,5.086867,-14.689729,-19.776324,4.674e-15,7.152e-16,3.766e-18,4.674e-15,1.00000000
85.400000,-0.009355,0.053175,-5.093849,5.094135,-14.682476,-19.776324,4.966e-15,6.393e-16,4.092e-18,4.966e-15,1.00000000
85.500000,-0.007013,0.054803,-5.101216,5.101515,-14.675108,-19.776324,4.154e-15,6.595e-16,4.409e-18,4.154e-15,1.00000000
85.600000,-0.004129,0.056218,-5.108702,5.109013,-14.667621,-19.776323,3.755e-15,1.059e-15,4.642e-18,3.755e-15,1.00000000
85.700000,-0.000776,0.057481,-5.116364,5.116687,-14.659958,-19.776322,4.528e-15,1.376e-15,5.077e-18,4.528e-15,1.00000000
85.800000,0.003059,0.058765,-5.124284,5.124622,-14.652036,-19.776321,4.438e-15,1.235e-15,5.541e-18,4.438e-15,1.00000000
85.900000,0.007523,0.060324,-5.132479,5.132839,-14.643841,-19.776320,5.050e-15,1.495e-15,5.613e-18,5.050e-15,1.00000000
86.000000,0.012831,0.062343,-5.140845,5.141239,-14.635474,-19.776319,6.282e-15,1.894e-15,5.387e-18,6.282e-15,1.00000000
86.100000,0.019080,0.064886,-5.149252,5.149696,-14.627066,-19.776318,7.140e-15,2.009e-15,5.166e-18,7.140e-15,1.00000000
86.200000,0.026115,0.067894,-5.157615,5.158128,-14.618703,-19.776318,8.303e-15,2.691e-15,4.893e-18,8.303e-15,1.00000000
86.300000,0.033563,0.071219,-5.165908,5.166508,-14.610410,-19.776318,9.591e-15,3.973e-15,4.621e-18,9.591e-15,1.00000000
86.400000,0.040939,0.074674,-5.174151,5.174852,-14.602167,-19.776318,9.919e-15,4.241e-15,4.444e-18,9.919e-15,1.00000000
86.500000,0.047743,0.078040,-5.182371,5.183179,-14.593948,-19.776319,9.604e-15,3.451e-15,4.243e-18,9.604e-15,1.00000000
86.600000,0.053612,0.081079,-5.190568,5.191478,-14.585752,-19.776320,9.542e-15,3.263e-15,4.058e-18,9.542e-15,1.00000000
86.700000,0.058440,0.083599,-5.198698,5.199698,-14.577623,-19.776321,9.327e-15,3.632e-15,4.018e-18,9.327e-15,1.00000000
86.800000,0.062345,0.085520,-5.206691,5.207766,-14.569631,-19.776321,9.009e-15,3.663e-15,4.161e-18,9.009e-15,1.00000000
86.900000,0.065538,0.086864,-5.214482,5.215617,-14.561840,-19.776322,8.018e-15,2.998e-15,4.350e-18,8.018e-15,1.00000000
87.000000,0.068224,0.087700,-5.222014,5.223195,-14.554308,-19.776322,6.647e-15,2.958e-15,4.625e-18,6.647e-15,1.00000000
87.100000,0.070541,0.088109,-5.229221,5.230439,-14.547101,-19.776322,5.301e-15,3.505e-15,5.099e-18,5.301e-15,1.00000000
87.200000,0.072527,0.088110,-5.236031,5.237275,-14.540290,-19.776321,4.843e-15,3.703e-15,5.816e-18,4.843e-15,1.00000000
87.300000,0.074153,0.087605,-5.242377,5.243633,-14.533944,-19.776320,4.476e-15,3.665e-15,6.526e-18,4.476e-15,1.00000000
87.400000,0.075416,0.086408,-5.248242,5.249495,-14.528078,-19.776320,4.072e-15,3.551e-15,6.753e-18,4.072e-15,1.00000000
87.500000,0.076339,0.084355,-5.253697,5.254929,-14.522622,-19.776319,3.863e-15,3.474e-15,6.453e-18,3.863e-15,1.00000000
87.600000,0.076907,0.081369,-5.258834,5.260025,-14.517485,-19.776319,4.228e-15,3.253e-15,6.154e-18,4.228e-15,1.00000000
87.700000,0.077075,0.077547,-5.263670,5.264805,-14.512649,-19.776319,4.680e-15,2.834e-15,5.946e-18,4.680e-15,1.00000000
87.800000,0.076834,0.073145,-5.268170,5.269238,-14.508149,-19.776319,4.373e-15,2.351e-15,5.598e-18,4.373e-15,1.00000000
87.900000,0.076328,0.068441,-5.272285,5.273281,-14.504034,-19.776319,5.222e-15,2.218e-15,5.354e-18,5.222e-15,1.00000000
88.000000,0.075868,0.063682,-5.275989,5.276919,-14.500330,-19.776320,6.550e-15,2.242e-15,5.296e-18,6.550e-15,1.00000000
88.100000,0.075785,0.059088,-5.279318,5.280193,-14.497002,-19.776320,6.424e-15,2.126e-15,5.145e-18,6.424e-15,1.00000000
88.200000,0.076338,0.054855,-5.282308,5.283144,-14.494013,-19.776321,5.983e-15,1.895e-15,4.930e-18,5.983e-15,1.00000000
88.300000,0.077660,0.051120,-5.284954,5.285772,-14.491368,-19.776322,5.688e-15,1.734e-15,4.980e-18,5.688e-15,1.00000000
88.400000,0.079752,0.047914,-5.287260,5.288079,-14.489063,-19.776323,4.967e-15,1.671e-15,5.343e-18,4.967e-15,1.00000000
88.500000,0.082494,0.045139,-5.289239,5.290074,-14.487084,-19.776323,4.732e-15,1.654e-15,5.743e-18,4.732e-15,1.00000000
88.600000,0.085631,0.042611,-5.290913,5.291778,-14.485409,-19.776323,4.233e-15,1.720e-15,6.143e-18,4.233e-15,1.00000000
88.700000,0.088906,0.040152,-5.292326,5.293225,-14.483997,-19.776323,4.088e-15,1.947e-15,6.715e-18,4.088e-15,1.00000000
88.800000,0.092191,0.037680,-5.293506,5.294443,-14.482816,-19.776322,4.274e-15,2.092e-15,7.325e-18,4.274e-15,1.00000000
88.900000,0.095426,0.035242,-5.294463,5.295440,-14.481858,-19.776321,4.662e-15,2.963e-15,7.707e-18,4.662e-15,1.00000000
89.000000,0.098541,0.032972,-5.295196,5.296215,-14.481124,-19.776320,4.827e-15,3.657e-15,7.738e-18,4.827e-15,1.00000000
89.100000,0.101426,0.031047,-5.295666,5.296728,-14.480653,-19.776319,5.150e-15,4.303e-15,7.485e-18,5.150e-15,1.00000000
89.200000,0.103966,0.029634,-5.295773,5.296876,-14.480546,-19.776319,5.709e-15,4.445e-15,7.063e-18,5.709e-15,1.00000000
89.300000,0.106118,0.028817,-5.295398,5.296539,-14.480921,-19.776318,6.649e-15,3.723e-15,6.809e-18,6.649e-15,1.00000000
89.400000,0.107891,0.028573,-5.294474,5.295650,-14.481845,-19.776318,8.189e-15,3.037e-15,6.571e-18,8.189e-15,1.00000000
89.500000,0.109245,0.028819,-5.293020,5.294226,-14.483299,-19.776319,9.421e-15,3.190e-15,6.250e-18,9.421e-15,1.00000000
89.600000,0.110094,0.029435,-5.291130,5.292357,-14.485189,-19.776319,9.391e-15,2.935e-15,6.036e-18,9.391e-15,1.00000000
89.700000,0.110408,0.030292,-5.288936,5.290175,-14.487383,-19.776319,9.399e-15,2.615e-15,5.911e-18,9.399e-15,1.00000000
89.800000,0.110275,0.031279,-5.286550,5.287792,-14.489770,-19.776320,9.392e-15,2.896e-15,5.821e-18,9.392e-15,1.00000000
89.900000,0.109844,0.032228,-5.284048,5.285288,-14.492272,-19.776321,8.978e-15,3.239e-15,5.938e-18,8.978e-15,1.00000000
90.000000,0.109212,0.032925,-5.281498,5.282730,-14.494823,-19.776321,8.126e-15,3.251e-15,6.312e-18,8.126e-15,1.00000000
90.100000,0.108393,0.033195,-5.278900,5.280117,-14.497422,-19.776321,6.439e-15,3.012e-15,7.008e-18,6.439e-15,1.00000000
90.200000,0.107418,0.032966,-5.276180,5.277377,-14.500141,-19.776321,5.430e-15,2.794e-15,8.087e-18,5.430e-15,1.00000000
90.300000,0.106404,0.032288,-5.273278,5.274450,-14.503043,-19.776321,5.059e-15,2.970e-15,9.614e-18,5.059e-15,1.00000000
90.400000,0.105581,0.031314,-5.270204,5.271355,-14.506117,-19.776321,4.860e-15,2.934e-15,1.145e-17,4.860e-15,1.00000000
90.500000,0.105225,0.030244,-5.266965,5.268103,-14.509356,-19.776320,4.675e-15,2.845e-15,1.235e-17,4.675e-15,1.00000000
90.600000,0.105462,0.029238,-5.263484,5.264621,-14.512836,-19.776320,5.265e-15,2.999e-15,1.166e-17,5.265e-15,1.00000000
90.700000,0.106257,0.028439,-5.259671,5.260821,-14.516649,-19.776320,4.957e-15,3.187e-15,9.998e-18,4.957e-15,1.00000000
90.800000,0.107573,0.027981,-5.255470,5.256645,-14.520850,-19.776320,4.950e-15,3.259e-15,8.428e-18,4.950e-15,1.00000000
90.900000,0.109436,0.027846,-5.250829,5.252043,-14.525491,-19.776320,4.330e-15,3.256e-15,7.833e-18,4.330e-15,1.00000000
91.000000,0.111879,0.027892,-5.245708,5.246975,-14.530612,-19.776320,5.447e-15,3.187e-15,7.721e-18,5.447e-15,1.00000000
91.100000,0.114883,0.028005,-5.240100,5.241434,-14.536221,-19.776321,6.275e-15,3.254e-15,7.806e-18,6.275e-15,1.00000000
91.200000,0.118374,0.028122,-5.234061,5.235475,-14.542260,-19.776322,6.102e-15,3.452e-15,7.864e-18,6.102e-15,1.00000000
91.300000,0.122231,0.028214,-5.227695,5.229200,-14.548627,-19.776322,5.844e-15,3.878e-15,7.596e-18,5.844e-15,1.00000000
91.400000,0.126271,0.028321,-5.221094,5.222698,-14.555229,-19.776323,5.343e-15,3.911e-15,7.287e-18,5.343e-15,1.00000000
91.500000,0.130249,0.028553,-5.214336,5.216041,-14.561988,-19.776324,4.804e-15,3.589e-15,7.501e-18,4.804e-15,1.00000000
91.600000,0.133936,0.029033,-5.207502,5.209305,-14.568822,-19.776324,3.781e-15,3.026e-15,8.219e-18,3.781e-15,1.00000000
91.700000,0.137264,0.029783,-5.200649,5.202546,-14.575674,-19.776324,3.485e-15,2.867e-15,9.237e-18,3.485e-15,1.00000000
91.800000,0.140352,0.030724,-5.193773,5.195760,-14.582550,-19.776323,3.656e-15,3.377e-15,1.011e-17,3.656e-15,1.00000000
91.900000,0.143403,0.031721,-5.186828,5.188907,-14.589494,-19.776323,4.008e-15,3.647e-15,1.101e-17,4.008e-15,1.00000000
92.000000,0.146556,0.032555,-5.179755,5.181930,-14.596567,-19.776322,4.324e-15,3.757e-15,1.215e-17,4.324e-15,1.00000000
92.100000,0.149738,0.032947,-5.172521,5.174792,-14.603800,-19.776321,4.871e-15,3.885e-15,1.282e-17,4.871e-15,1.00000000
92.200000,0.152681,0.032690,-5.165199,5.167559,-14.611121,-19.776320,5.698e-15,3.452e-15,1.292e-17,5.698e-15,1.00000000
92.300000,0.155015,0.031627,-5.157910,5.160335,-14.618410,-19.776319,6.394e-15,3.212e-15,1.255e-17,6.394e-15,1.00000000
92.400000,0.156476,0.029668,-5.150746,5.153208,-14.625573,-19.776319,7.511e-15,2.788e-15,1.202e-17,7.511e-15,1.00000000
92.500000,0.157005,0.026864,-5.143743,5.146209,-14.632576,-19.776319,8.446e-15,2.577e-15,1.134e-17,8.446e-15,1.00000000
92.600000,0.156647,0.023372,-5.136898,5.139339,-14.639421,-19.776319,8.296e-15,2.502e-15,1.032e-17,8.296e-15,1.00000000
92.700000,0.155553,0.019495,-5.130222,5.132617,-14.646098,-19.776319,7.741e-15,2.588e-15,9.668e-18,7.741e-15,1.00000000
92.800000,0.153968,0.015609,-5.123751,5.126088,-14.652569,-19.776320,7.812e-15,2.775e-15,9.315e-18,7.812e-15,1.00000000
92.900000,0.152086,0.011939,-5.117527,5.119800,-14.658793,-19.776320,8.520e-15,2.978e-15,9.038e-18,8.520e-15,1.00000000
93.000000,0.150014,0.008487,-5.111560,5.113768,-14.664761,-19.776321,8.930e-15,3.004e-15,9.045e-18,8.930e-15,1.00000000
93.100000,0.147913,0.005045,-5.105802,5.107946,-14.670520,-19.776321,8.933e-15,2.824e-15,9.351e-18,8.933e-15,1.00000000
93.200000,0.146088,0.001283,-5.100122,5.102214,-14.676200,-19.776321,8.479e-15,2.850e-15,9.976e-18,8.479e-15,1.00000000
93.300000,0.144825,-0.003018,-5.094373,5.096432,-14.681948,-19.776321,7.269e-15,2.951e-15,1.089e-17,7.269e-15,1.00000000
93.400000,0.144158,-0.007774,-5.088489,5.090536,-14.687832,-19.776321,6.589e-15,2.962e-15,1.222e-17,6.589e-15,1.00000000
93.500000,0.143871,-0.012669,-5.082479,5.084530,-14.693842,-19.776321,5.968e-15,3.219e-15,1.416e-17,5.968e-15,1.00000000
93.600000,0.143684,-0.017367,-5.076390,5.078453,-14.699930,-19.776320,5.817e-15,3.230e-15,1.681e-17,5.817e-15,1.00000000
93.700000,0.143446,-0.021620,-5.070280,5.072355,-14.706040,-19.776320,5.767e-15,3.231e-15,1.824e-17,5.767e-15,1.00000000
93.800000,0.143279,-0.025248,-5.064156,5.066245,-14.712164,-19.776320,5.528e-15,3.287e-15,1.719e-17,5.528e-15,1.00000000
93.900000,0.143504,-0.028112,-5.057960,5.060074,-14.718360,-19.776320,5.198e-15,3.643e-15,1.478e-17,5.198e-15,1.00000000
94.000000,0.144395,-0.030160,-5.051636,5.053790,-14.724684,-19.776321,4.808e-15,4.481e-15,1.305e-17,4.808e-15,1.00000000
94.100000,0.146019,-0.031430,-5.045212,5.047422,-14.731109,-19.776321,4.780e-15,4.818e-15,1.249e-17,4.818e-15,1.00000000
94.200000,0.148125,-0.032031,-5.038796,5.041074,-14.737526,-19.776322,4.855e-15,4.722e-15,1.213e-17,4.855e-15,1.00000000
94.300000,0.150187,-0.032132,-5.032472,5.034815,-14.743851,-19.776323,5.207e-15,4.518e-15,1.173e-17,5.207e-15,1.00000000
94.400000,0.151594,-0.031917,-5.026280,5.028667,-14.750044,-19.776324,4.908e-15,4.125e-15,1.142e-17,4.908e-15,1.00000000
94.500000,0.151936,-0.031569,-5.020297,5.022695,-14.756028,-19.776325,5.410e-15,3.744e-15,1.107e-17,5.410e-15,1.00000000
94.600000,0.151210,-0.031194,-5.014596,5.016972,-14.761730,-19.776326,5.551e-15,3.267e-15,1.111e-17,5.551e-15,1.00000000
94.700000,0.149703,-0.030766,-5.009174,5.011505,-14.767152,-19.776326,5.852e-15,3.132e-15,1.131e-17,5.852e-15,1.00000000
94.800000,0.147683,-0.030117,-5.003991,5.006260,-14.772335,-19.776326,6.059e-15,3.450e-15,1.199e-17,6.059e-15,1.00000000
94.900000,0.145282,-0.029031,-4.998979,5.001174,-14.777346,-19.776325,5.339e-15,3.467e-15,1.325e-17,5.339e-15,1.00000000
95.000000,0.142518,-0.027440,-4.994074,4.996183,-14.782251,-19.776325,4.580e-15,3.309e-15,1.426e-17,4.580e-15,1.00000000
95.100000,0.139416,-0.025497,-4.989261,4.991273,-14.787063,-19.776324,4.698e-15,3.081e-15,1.532e-17,4.698e-15,1.00000000
95.200000,0.136067,-0.023511,-4.984568,4.986480,-14.791755,-19.776323,5.357e-15,2.735e-15,1.750e-17,5.357e-15,1.00000000
95.300000,0.132568,-0.021758,-4.980037,4.981849,-14.796285,-19.776322,6.635e-15,2.708e-15,2.016e-17,6.635e-15,1.00000000
95.400000,0.128984,-0.020332,-4.975725,4.977438,-14.800597,-19.776322,8.014e-15,2.659e-15,2.218e-17,8.014e-15,1.00000000
95.500000,0.125343,-0.019211,-4.971682,4.973299,-14.804639,-19.776321,8.353e-15,2.814e-15,2.387e-17,8.353e-15,1.00000000
95.600000,0.121625,-0.018313,-4.967887,4.969410,-14.808434,-19.776321,7.845e-15,2.722e-15,2.310e-17,7.845e-15,1.00000000
95.700000,0.117848,-0.017530,-4.964284,4.965713,-14.812037,-19.776321,7.659e-15,2.994e-15,1.952e-17,7.659e-15,1.00000000
95.800000,0.114163,-0.016754,-4.960843,4.962185,-14.815478,-19.776322,7.158e-15,3.628e-15,1.629e-17,7.158e-15,1.00000000
95.900000,0.110837,-0.015817,-4.957530,4.958794,-14.818792,-19.776322,7.288e-15,3.607e-15,1.462e-17,7.288e-15,1.00000000
96.000000,0.108143,-0.014582,-4.954332,4.955533,-14.821991,-19.776323,8.526e-15,3.382e-15,1.382e-17,8.526e-15,1.00000000
96.100000,0.106243,-0.013048,-4.951295,4.952452,-14.825028,-19.776323,9.832e-15,3.333e-15,1.313e-17,9.832e-15,1.00000000
96.200000,0.105195,-0.011299,-4.948474,4.949604,-14.827849,-19.776323,1.027e-14,3.856e-15,1.267e-17,1.027e-14,1.00000000
96.300000,0.104946,-0.009435,-4.945879,4.947001,-14.830444,-19.776323,9.897e-15,3.647e-15,1.284e-17,9.897e-15,1.00000000
96.400000,0.105335,-0.007521,-4.943495,4.944623,-14.832827,-19.776322,8.708e-15,3.654e-15,1.349e-17,8.708e-15,1.00000000
96.500000,0.106234,-0.005587,-4.941334,4.942479,-14.834987,-19.776321,7.465e-15,3.597e-15,1.460e-17,7.465e-15,1.00000000
96.600000,0.107581,-0.003676,-4.939422,4.940595,-14.836898,-19.776320,6.222e-15,3.780e-15,1.629e-17,6.222e-15,1.00000000
96.700000,0.109320,-0.001750,-4.937744,4.938955,-14.838575,-19.776319,5.548e-15,4.027e-15,1.877e-17,5.548e-15,1.00000000
96.800000,0.111386,0.000394,-4.936259,4.937516,-14.840059,-19.776318,4.838e-15,3.901e-15,2.165e-17,4.838e-15,1.00000000
96.900000,0.113731,0.003085,-4.934939,4.936250,-14.841379,-19.776318,4.460e-15,3.822e-15,2.357e-17,4.460e-15,1.00000000
97.000000,0.116263,0.006564,-4.933786,4.935160,-14.842532,-19.776318,4.615e-15,4.067e-15,2.435e-17,4.615e-15,1.00000000
97.100000,0.118836,0.010772,-4.932815,4.934258,-14.843503,-19.776318,4.727e-15,4.148e-15,2.431e-17,4.727e-15,1.00000000
97.200000,0.121300,0.015413,-4.932047,4.933563,-14.844271,-19.776318,5.217e-15,3.909e-15,2.325e-17,5.217e-15,1.00000000
97.300000,0.123507,0.020159,-4.931462,4.933049,-14.844858,-19.776319,5.226e-15,3.852e-15,2.132e-17,5.226e-15,1.00000000
97.400000,0.125372,0.024704,-4.931001,4.932657,-14.845319,-19.776321,5.752e-15,3.649e-15,1.930e-17,5.752e-15,1.00000000
97.500000,0.126905,0.028751,-4.930605,4.932322,-14.845717,-19.776322,5.141e-15,3.561e-15,1.746e-17,5.141e-15,1.00000000
97.600000,0.128129,0.031975,-4.930175,4.931943,-14.846149,-19.776323,4.523e-15,3.520e-15,1.597e-17,4.523e-15,1.00000000
97.700000,0.128974,0.034034,-4.929664,4.931468,-14.846661,-19.776325,5.004e-15,3.481e-15,1.495e-17,5.004e-15,1.00000000
97.800000,0.129363,0.034739,-4.929135,4.930954,-14.847191,-19.776326,4.556e-15,3.147e-15,1.479e-17,4.556e-15,1.00000000
97.900000,0.129312,0.034156,-4.928703,4.930517,-14.847623,-19.776326,4.929e-15,2.822e-15,1.564e-17,4.929e-15,1.00000000
98.000000,0.128961,0.032506,-4.928460,4.930254,-14.847866,-19.776326,5.066e-15,2.672e-15,1.689e-17,5.066e-15,1.00000000
98.100000,0.128630,0.030137,-4.928441,4.930212,-14.847885,-19.776326,5.215e-15,3.188e-15,1.806e-17,5.215e-15,1.00000000
98.200000,0.128681,0.027445,-4.928663,4.930419,-14.847662,-19.776325,5.428e-15,4.235e-15,1.903e-17,5.428e-15,1.00000000
98.300000,0.129268,0.024686,-4.929158,4.930915,-14.847166,-19.776325,6.297e-15,5.520e-15,2.182e-17,6.297e-15,1.00000000
98.400000,0.130296,0.021862,-4.929929,4.931699,-14.846395,-19.776324,7.608e-15,5.084e-15,2.753e-17,7.608e-15,1.00000000
98.500000,0.131548,0.018831,-4.930963,4.932753,-14.845361,-19.776323,9.284e-15,4.569e-15,3.630e-17,9.284e-15,1.00000000
98.600000,0.132871,0.015542,-4.932259,4.934072,-14.844065,-19.776323,9.065e-15,3.952e-15,4.630e-17,9.065e-15,1.00000000
98.700000,0.134247,0.012081,-4.933818,4.935659,-14.842505,-19.776323,7.839e-15,3.946e-15,5.027e-17,7.839e-15,1.00000000
98.800000,0.135756,0.008599,-4.935613,4.937487,-14.840711,-19.776324,7.458e-15,3.569e-15,4.503e-17,7.458e-15,1.00000000
98.900000,0.137525,0.005309,-4.937650,4.939568,-14.838675,-19.776325,6.683e-15,3.427e-15,3.515e-17,6.683e-15,1.00000000
99.000000,0.139654,0.002419,-4.939979,4.941953,-14.836347,-19.776326,6.706e-15,3.768e-15,2.585e-17,6.706e-15,1.00000000
99.100000,0.142164,-0.000014,-4.942648,4.944692,-14.833679,-19.776327,7.268e-15,4.295e-15,2.076e-17,7.268e-15,1.00000000
99.200000,0.145039,-0.002069,-4.945635,4.947762,-14.830693,-19.776328,7.886e-15,4.128e-15,1.900e-17,7.886e-15,1.00000000
99.300000,0.148263,-0.003827,-4.948848,4.951070,-14.827481,-19.776329,8.429e-15,4.005e-15,1.797e-17,8.429e-15,1.00000000
99.400000,0.151839,-0.005315,-4.952202,4.954532,-14.824126,-19.776329,8.349e-15,4.216e-15,1.741e-17,8.349e-15,1.00000000
99.500000,0.155765,-0.006522,-4.955617,4.958068,-14.820712,-19.776329,8.019e-15,4.095e-15,1.768e-17,8.019e-15,1.00000000
99.600000,0.159938,-0.007504,-4.959058,4.961642,-14.817270,-19.776328,7.744e-15,4.091e-15,1.892e-17,7.744e-15,1.00000000
99.700000,0.164005,-0.008525,-4.962620,4.965337,-14.813706,-19.776327,7.511e-15,4.556e-15,2.062e-17,7.511e-15,1.00000000
99.800000,0.167364,-0.009948,-4.966354,4.969183,-14.809972,-19.776326,9.174e-15,4.903e-15,2.327e-17,9.174e-15,1.00000000
99.900000,0.169399,-0.012016,-4.970229,4.973130,-14.806095,-19.776324,1.271e-14,4.629e-15,2.777e-17,1.271e-14,1.00000000
100.000000,0.169761,-0.014676,-4.974253,4.977171,-14.802070,-19.776323,1.095e-14,4.282e-15,3.413e-17,1.095e-14,1.00000000
100.100000,0.168456,-0.017615,-4.978474,4.981355,-14.797848,-19.776322,7.008e-15,3.826e-15,3.993e-17,7.008e-15,1.00000000
100.200000,0.165751,-0.020548,-4.982913,4.985712,-14.793409,-19.776322,5.822e-15,3.560e-15,4.295e-17,5.822e-15,1.00000000
100.300000,0.162036,-0.023280,-4.987558,4.990244,-14.788764,-19.776322,6.377e-15,3.612e-15,4.267e-17,6.377e-15,1.00000000
100.400000,0.157680,-0.025679,-4.992397,4.994952,-14.783926,-19.776323,7.395e-15,3.536e-15,3.980e-17,7.395e-15,1.00000000
100.500000,0.152957,-0.027748,-4.997411,4.999828,-14.778913,-19.776324,6.453e-15,3.428e-15,3.552e-17,6.453e-15,1.00000000
100.600000,0.148093,-0.029668,-5.002598,5.004877,-14.773727,-19.776325,5.245e-15,3.665e-15,3.076e-17,5.245e-15,1.00000000
100.700000,0.143150,-0.031708,-5.007960,5.010106,-14.768367,-19.776327,5.373e-15,3.875e-15,2.604e-17,5.373e-15,1.00000000
100.800000,0.137952,-0.033972,-5.013511,5.015524,-14.762817,-19.776328,6.036e-15,3.995e-15,2.269e-17,6.036e-15,1.00000000
100.900000,0.132341,-0.036332,-5.019239,5.021115,-14.757090,-19.776329,6.165e-15,4.029e-15,2.102e-17,6.165e-15,1.00000000
101.000000,0.126291,-0.038554,-5.025090,5.026825,-14.751240,-19.776330,6.106e-15,3.910e-15,2.087e-17,6.106e-15,1.00000000
101.100000,0.119791,-0.040436,-5.031001,5.032590,-14.745329,-19.776331,5.658e-15,3.714e-15,2.176e-17,5.658e-15,1.00000000
101.200000,0.112847,-0.041961,-5.036892,5.038331,-14.739438,-19.776331,5.408e-15,4.293e-15,2.398e-17,5.408e-15,1.00000000
101.300000,0.105561,-0.043272,-5.042678,5.043968,-14.733652,-19.776330,5.602e-15,1.090e-14,2.719e-17,1.090e-14,1.00000000
101.400000,0.098127,-0.044512,-5.048311,5.049461,-14.728018,-19.776329,6.002e-15,4.353e-14,3.215e-17,4.353e-14,1.00000000
101.500000,0.090823,-0.045757,-5.053821,5.054844,-14.722507,-19.776328,6.538e-15,7.549e-14,4.216e-17,7.549e-14,1.00000000
101.600000,0.083917,-0.046954,-5.059311,5.060225,-14.717016,-19.776327,6.769e-15,4.441e-14,5.770e-17,4.441e-14,1.00000000
101.700000,0.077494,-0.048037,-5.064842,5.065663,-14.711484,-19.776327,7.142e-15,1.111e-14,7.508e-17,1.111e-14,1.00000000
101.800000,0.071328,-0.049040,-5.070413,5.071152,-14.705913,-19.776326,6.858e-15,6.496e-15,8.130e-17,6.858e-15,1.00000000
101.900000,0.065053,-0.050060,-5.076029,5.076693,-14.700297,-19.776326,6.405e-15,7.766e-15,7.296e-17,7.766e-15,1.00000000
102.000000,0.058469,-0.051227,-5.081710,5.082305,-14.694616,-19.776326,6.150e-15,5.895e-15,5.998e-17,6.150e-15,1.00000000
102.100000,0.051588,-0.052632,-5.087474,5.088008,-14.688853,-19.776327,6.534e-15,3.917e-15,4.735e-17,6.534e-15,1.00000000
102.200000,0.044511,-0.054232,-5.093288,5.093772,-14.683040,-19.776328,7.078e-15,3.814e-15,3.614e-17,7.078e-15,1.00000000
102.300000,0.037365,-0.055912,-5.099106,5.099549,-14.677224,-19.776329,7.137e-15,4.176e-15,2.895e-17,7.137e-15,1.00000000
102.400000,0.030230,-0.057528,-5.104981,5.105395,-14.671349,-19.776330,7.360e-15,4.191e-15,2.632e-17,7.360e-15,1.00000000
102.500000,0.023219,-0.058889,-5.111024,5.111416,-14.665307,-19.776331,7.570e-15,4.335e-15,2.572e-17,7.570e-15,1.00000000
102.600000,0.016491,-0.059858,-5.117240,5.117617,-14.659090,-19.776331,7.990e-15,4.697e-15,2.617e-17,7.990e-15,1.00000000
102.700000,0.010124,-0.060320,-5.123543,5.123908,-14.652788,-19.776330,8.175e-15,5.242e-15,2.817e-17,8.175e-15,1.00000000
102.800000,0.004151,-0.060152,-5.129828,5.130182,-14.646502,-19.776330,9.026e-15,5.207e-15,3.239e-17,9.026e-15,1.00000000
102.900000,-0.001506,-0.059331,-5.136030,5.136372,-14.640299,-19.776329,2.045e-14,5.402e-15,3.931e-17,2.045e-14,1.00000000
103.000000,-0.007130,-0.057921,-5.142141,5.142472,-14.634187,-19.776328,7.132e-14,5.667e-15,4.821e-17,7.132e-14,1.00000000
103.100000,-0.013072,-0.056009,-5.148209,5.148530,-14.628117,-19.776326,1.231e-13,6.126e-15,5.480e-17,1.231e-13,1.00000000
103.200000,-0.019539,-0.053707,-5.154250,5.154566,-14.622076,-19.776326,8.730e-14,6.344e-15,5.913e-17,8.730e-14,1.00000000
103.300000,-0.026427,-0.051169,-5.160245,5.160566,-14.616080,-19.776325,2.906e-14,5.799e-15,6.382e-17,2.906e-14,1.00000000
103.400000,-0.033345,-0.048478,-5.166149,5.166484,-14.610176,-19.776325,2.332e-14,5.558e-15,6.717e-17,2.332e-14,1.00000000
103.500000,-0.039738,-0.045599,-5.171904,5.172258,-14.604420,-19.776325,4.821e-14,5.205e-15,6.375e-17,4.821e-14,1.00000000
103.600000,-0.045067,-0.042512,-5.177491,5.177862,-14.598834,-19.776325,4.313e-14,4.993e-15,5.583e-17,4.313e-14,1.00000000
103.700000,-0.048992,-0.039256,-5.182896,5.183277,-14.593430,-19.776326,1.820e-14,4.459e-15,4.773e-17,1.820e-14,1.00000000
103.800000,-0.051448,-0.035811,-5.188061,5.188440,-14.588266,-19.776328,6.953e-15,4.466e-15,4.059e-17,6.953e-15,1.00000000
103.900000,-0.052442,-0.032119,-5.192979,5.193343,-14.583350,-19.776329,5.274e-15,4.796e-15,3.606e-17,5.274e-15,1.00000000
104.000000,-0.051970,-0.028241,-5.197666,5.198002,-14.578664,-19.776330,4.710e-15,5.087e-15,3.416e-17,5.087e-15,1.00000000
104.100000,-0.050126,-0.024401,-5.202097,5.202395,-14.574234,-19.776331,5.243e-15,4.933e-15,3.445e-17,5.243e-15,1.00000000
104.200000,-0.047183,-0.020870,-5.206197,5.206453,-14.570134,-19.776331,5.040e-15,4.549e-15,3.714e-17,5.040e-15,1.00000000
104.300000,-0.043512,-0.017815,-5.209934,5.210146,-14.566396,-19.776331,5.115e-15,4.639e-15,4.129e-17,5.115e-15,1.00000000
104.400000,-0.039427,-0.015198,-5.213356,5.213527,-14.562974,-19.776330,5.326e-15,1.267e-14,4.468e-17,1.267e-14,1.00000000
104.500000,-0.035057,-0.012806,-5.216555,5.216689,-14.559774,-19.776329,5.589e-15,1.456e-13,4.895e-17,1.456e-13,1.00000000
104.600000,-0.030400,-0.010360,-5.219654,5.219753,-14.556674,-19.776328,6.076e-15,6.724e-13,5.631e-17,6.724e-13,1.00000000
104.700000,-0.025449,-0.007624,-5.222740,5.222808,-14.553587,-19.776327,6.255e-15,9.966e-13,6.454e-17,9.966e-13,1.00000000
104.800000,-0.020186,-0.004600,-5.225789,5.225830,-14.550537,-19.776326,6.131e-15,4.854e-13,7.068e-17,4.854e-13,1.00000000
104.900000,-0.014696,-0.001520,-5.228638,5.228659,-14.547687,-19.776325,6.288e-15,9.235e-14,7.792e-17,9.235e-14,1.00000000
105.000000,-0.009174,0.001365,-5.231141,5.231150,-14.545184,-19.776325,6.877e-15,5.381e-14,8.435e-17,5.381e-14,1.00000000
105.100000,-0.003836,0.003887,-5.233266,5.233268,-14.543060,-19.776325,6.651e-15,9.075e-14,7.985e-17,9.075e-14,1.00000000
105.200000,0.001149,0.006035,-5.235076,5.235080,-14.541249,-19.776326,6.750e-15,6.522e-14,6.567e-17,6.522e-14,1.00000000
105.300000,0.005692,0.007924,-5.236684,5.236693,-14.539643,-19.776327,7.940e-15,2.201e-14,5.160e-17,2.201e-14,1.00000000
105.400000,0.009785,0.009672,-5.238128,5.238146,-14.538200,-19.776328,8.658e-15,7.200e-15,4.446e-17,8.658e-15,1.00000000
105.500000,0.013479,0.011356,-5.239379,5.239409,-14.536950,-19.776329,9.302e-15,5.228e-15,4.368e-17,9.302e-15,1.00000000
105.600000,0.016823,0.013010,-5.240429,5.240472,-14.535901,-19.776330,9.226e-15,5.380e-15,4.623e-17,9.226e-15,1.00000000
105.700000,0.019904,0.014621,-5.241305,5.241363,-14.535025,-19.776330,8.960e-15,5.058e-15,4.708e-17,8.960e-15,1.00000000
105.800000,0.022902,0.016147,-5.242044,5.242119,-14.534286,-19.776330,9.246e-15,5.609e-15,4.725e-17,9.246e-15,1.00000000
105.900000,0.026034,0.017660,-5.242617,5.242711,-14.533713,-19.776330,9.529e-15,6.994e-15,5.123e-17,9.529e-15,1.00000000
106.000000,0.029426,0.019267,-5.242945,5.243063,-14.533384,-19.776329,2.445e-14,7.684e-15,5.582e-17,2.445e-14,1.00000000
106.100000,0.033025,0.020946,-5.242949,5.243095,-14.533379,-19.776328,2.011e-13,8.086e-15,5.731e-17,2.011e-13,1.00000000
106.200000,0.036641,0.022483,-5.242579,5.242755,-14.533748,-19.776327,7.252e-13,7.719e-15,5.812e-17,7.252e-13,1.00000000
106.300000,0.040049,0.023546,-5.241818,5.242024,-14.534508,-19.776326,9.435e-13,6.569e-15,6.210e-17,9.435e-13,1.00000000
106.400000,0.043197,0.023863,-5.240661,5.240894,-14.535664,-19.776325,4.773e-13,6.041e-15,6.644e-17,4.773e-13,1.00000000
106.500000,0.046223,0.023419,-5.239196,5.239452,-14.537129,-19.776325,1.369e-13,5.956e-15,6.960e-17,1.369e-13,1.00000000
106.600000,0.049349,0.022435,-5.237510,5.237790,-14.538815,-19.776325,1.942e-13,5.235e-15,7.339e-17,1.942e-13,1.00000000
106.700000,0.052753,0.021241,-5.235664,5.235973,-14.540661,-19.776325,4.174e-13,4.620e-15,7.286e-17,4.174e-13,1.00000000
106.800000,0.056500,0.020073,-5.233786,5.234130,-14.542539,-19.776326,3.383e-13,4.582e-15,6.778e-17,3.383e-13,1.00000000
106.900000,0.060639,0.018985,-5.232034,5.232420,-14.544293,-19.776327,1.242e-13,4.669e-15,6.173e-17,1.242e-13,1.00000000
107.000000,0.065272,0.017870,-5.230489,5.230927,-14.545839,-19.776328,2.731e-14,5.192e-15,5.920e-17,2.731e-14,1.00000000
107.100000,0.070441,0.016463,-5.229122,5.229622,-14.547207,-19.776329,1.003e-14,5.727e-15,5.953e-17,1.003e-14,1.00000000
107.200000,0.076039,0.014447,-5.227841,5.228414,-14.548488,-19.776330,7.242e-15,5.694e-15,5.986e-17,7.242e-15,1.00000000
107.300000,0.081764,0.011529,-5.226533,5.227186,-14.549797,-19.776330,5.838e-15,6.332e-15,6.014e-17,6.332e-15,1.00000000
107.400000,0.087244,0.007512,-5.225040,5.225774,-14.551290,-19.776330,5.864e-15,7.647e-15,5.791e-17,7.647e-15,1.00000000
107.500000,0.092143,0.002435,-5.223250,5.224063,-14.553081,-19.776330,5.992e-15,1.313e-14,5.505e-17,1.313e-14,1.00000000
107.600000,0.095996,-0.003485,-5.221255,5.222138,-14.555075,-19.776330,6.403e-15,8.612e-14,5.547e-17,8.612e-14,1.00000000
107.700000,0.098270,-0.009930,-5.219250,5.220184,-14.557079,-19.776329,7.379e-15,1.156e-12,5.818e-17,1.156e-12,1.00000000
107.800000,0.098670,-0.016519,-5.217378,5.218337,-14.558950,-19.776328,8.542e-15,4.792e-12,6.360e-17,4.792e-12,1.00000000
107.900000,0.097279,-0.022977,-5.215653,5.216610,-14.560675,-19.776328,8.635e-15,6.169e-12,7.208e-17,6.169e-12,1.00000000
108.000000,0.094532,-0.029232,-5.213995,5.214934,-14.562332,-19.776328,9.013e-15,2.792e-12,8.216e-17,2.792e-12,1.00000000
108.100000,0.091039,-0.035349,-5.212295,5.213210,-14.564033,-19.776327,8.966e-15,6.027e-13,9.295e-17,6.027e-13,1.00000000
108.200000,0.087246,-0.041471,-5.210494,5.211390,-14.565833,-19.776328,7.635e-15,3.477e-13,9.831e-17,3.477e-13,1.00000000
108.300000,0.083217,-0.047802,-5.208591,5.209475,-14.567737,-19.776328,7.483e-15,4.956e-13,9.129e-17,4.956e-13,1.00000000
108.400000,0.078809,-0.054561,-5.206582,5.207464,-14.569746,-19.776328,8.159e-15,3.261e-13,7.788e-17,3.261e-13,1.00000000
108.500000,0.073904,-0.061865,-5.204449,5.205341,-14.571880,-19.776329,8.321e-15,1.136e-13,6.854e-17,1.136e-13,1.00000000
108.600000,0.068494,-0.069693,-5.202175,5.203092,-14.574155,-19.776330,8.060e-15,3.301e-14,6.743e-17,3.301e-14,1.00000000
108.700000,0.062658,-0.077938,-5.199719,5.200681,-14.576611,-19.776330,7.602e-15,1.350e-14,7.026e-17,1.350e-14,1.00000000
108.800000,0.056465,-0.086458,-5.196955,5.197981,-14.579375,-19.776331,7.825e-15,9.359e-15,6.728e-17,9.359e-15,1.00000000
108.900000,0.049982,-0.095099,-5.193745,5.194856,-14.582586,-19.776330,9.470e-15,7.807e-15,6.143e-17,9.470e-15,1.00000000
109.000000,0.043419,-0.103679,-5.190054,5.191271,-14.586276,-19.776330,1.242e-14,7.413e-15,5.941e-17,1.242e-14,1.00000000
109.100000,0.037283,-0.112022,-5.185956,5.187300,-14.590373,-19.776329,2.136e-14,7.477e-15,6.154e-17,2.136e-14,1.00000000
109.200000,0.032085,-0.120018,-5.181519,5.183008,-14.594808,-19.776327,1.373e-13,7.360e-15,6.338e-17,1.373e-13,1.00000000
109.300000,0.028077,-0.127680,-5.176783,5.178433,-14.599544,-19.776326,1.468e-12,6.550e-15,6.482e-17,1.468e-12,1.00000000
109.400000,0.025193,-0.135081,-5.171856,5.173681,-14.604470,-19.776325,4.541e-12,5.842e-15,6.754e-17,4.541e-12,1.00000000
109.500000,0.023194,-0.142314,-5.166852,5.168863,-14.609473,-19.776325,4.532e-12,5.586e-15,7.125e-17,4.532e-12,1.00000000
109.600000,0.021741,-0.149438,-5.161826,5.164034,-14.614498,-19.776324,1.732e-12,5.363e-15,7.632e-17,1.732e-12,1.00000000
109.700000,0.020440,-0.156317,-5.156827,5.159236,-14.619497,-19.776324,4.338e-13,5.320e-15,8.443e-17,4.338e-13,1.00000000
109.800000,0.018976,-0.162684,-5.151912,5.154515,-14.624413,-19.776325,5.702e-13,5.422e-15,9.199e-17,5.702e-13,1.00000000
109.900000,0.017276,-0.168271,-5.147118,5.149897,-14.629207,-19.776326,1.122e-12,5.476e-15,9.449e-17,1.122e-12,1.00000000
110.000000,0.015500,-0.172832,-5.142407,5.145334,-14.633920,-19.776327,8.681e-13,6.071e-15,9.031e-17,8.681e-13,1.00000000
