t,Fx,Fy,Fz,Fmag,Lz,Jz,edge_x,edge_y,edge_z,edge_frac,norm
0.000000,-3.539925,0.000000,-4.842573,5.998465,-0.000827,-4.843399,1.209e-31,1.447e-33,1.401e-24,1.401e-24,1.00000000
0.050000,-2.681696,-2.282968,-4.855140,5.997985,0.008155,-4.846985,2.705e-31,1.517e-31,3.145e-24,3.145e-24,1.00000000
0.100000,-0.495174,-3.425911,-4.896464,5.996451,0.028477,-4.867986,2.937e-31,2.967e-31,4.074e-24,4.074e-24,1.00000000
0.150000,1.878425,-2.806848,-4.951694,5.993843,0.046580,-4.905114,4.289e-31,4.610e-31,8.421e-24,8.421e-24,1.00000000
0.200000,3.226194,-0.759020,-4.990251,5.990580,0.056011,-4.934239,5.309e-31,5.387e-31,2.025e-23,2.025e-23,1.00000000
0.250000,2.867090,1.679200,-4.980338,5.986959,0.056939,-4.923399,6.724e-31,6.114e-31,4.308e-23,4.308e-23,1.00000000
0.300000,0.970940,3.282462,-4.906677,5.982705,0.049257,-4.857420,7.548e-31,7.036e-31,2.612e-22,2.612e-22,1.00000000
0.350000,-1.521737,3.235433,-4.790212,5.977444,0.034301,-4.755910,8.654e-31,8.392e-31,7.550e-21,7.550e-21,1.00000000
0.400000,-3.353785,1.552207,-4.690466,5.971406,0.019964,-4.670502,1.135e-30,9.317e-31,1.114e-19,1.114e-19,1.00000000
0.450000,-3.594353,-0.905667,-4.673748,5.965193,0.015386,-4.658361,1.745e-30,9.204e-31,6.622e-19,6.622e-19,1.00000000
0.500000,-2.138082,-2.868066,-4.765726,5.958972,0.020512,-4.745214,3.887e-30,9.850e-31,2.022e-18,2.022e-18,1.00000000
0.550000,0.237694,-3.329028,-4.928742,5.952430,0.027254,-4.901488,1.228e-29,1.146e-30,3.707e-18,3.707e-18,1.00000000
0.600000,2.292382,-2.069147,-5.080459,5.945372,0.030646,-5.049813,6.058e-29,1.313e-30,4.341e-18,4.341e-18,1.00000000
0.650000,2.969081,0.249497,-5.136089,5.937769,0.032690,-5.103399,5.954e-28,1.228e-30,3.400e-18,3.400e-18,1.00000000
0.700000,1.925313,2.436395,-5.051227,5.929397,0.035548,-5.015679,7.729e-27,1.460e-30,1.957e-18,1.957e-18,1.00000000
0.750000,-0.304564,3.379602,-4.850945,5.919978,0.037589,-4.813356,7.076e-26,4.156e-30,1.196e-18,1.196e-18,1.00000000
0.800000,-2.587018,2.608621,-4.628932,5.909701,0.037439,-4.591493,4.114e-25,3.253e-29,1.644e-18,1.644e-18,1.00000000
0.850000,-3.771420,0.532241,-4.504782,5.899148,0.036340,-4.468442,1.744e-24,2.295e-28,3.930e-18,3.930e-18,1.00000000
0.900000,-3.280543,-1.776311,-4.556191,5.888643,0.034429,-4.521761,5.753e-24,1.136e-27,8.120e-18,8.120e-18,1.00000000
0.950000,-1.400661,-3.137291,-4.769374,5.878042,0.029261,-4.740113,1.521e-23,4.052e-27,1.259e-17,1.259e-17,1.00000000
1.000000,0.877738,-2.870790,-5.041069,5.867217,0.020621,-5.020448,3.318e-23,1.129e-26,1.378e-17,1.378e-17,1.00000000
1.050000,2.378278,-1.135987,-5.229648,5.856269,0.013451,-5.216196,6.093e-23,2.649e-26,1.023e-17,1.023e-17,1.00000000
1.100000,2.341739,1.165798,-5.227106,5.845123,0.013456,-5.213650,9.537e-23,5.428e-26,5.350e-18,5.350e-18,1.00000000
1.150000,0.801706,2.864681,-5.017949,5.833433,0.021734,-4.996215,1.281e-22,9.672e-26,2.179e-18,2.179e-18,1.00000000
1.200000,-1.453710,3.119126,-4.695076,5.821165,0.034717,-4.660360,1.482e-22,1.472e-25,8.378e-19,8.378e-19,1.00000000
1.250000,-3.298033,1.828059,-4.418629,5.808881,0.046797,-4.371832,1.484e-22,1.888e-25,3.536e-19,3.536e-19,1.00000000
1.300000,-3.834502,-0.338310,-4.334633,5.797146,0.052120,-4.282512,1.298e-22,2.039e-25,1.636e-19,1.636e-19,1.00000000
1.350000,-2.833429,-2.286462,-4.496721,5.785908,0.047004,-4.449717,1.005e-22,1.871e-25,7.610e-20,7.610e-20,1.00000000
1.400000,-0.834026,-3.047925,-4.833408,5.774710,0.033174,-4.800234,7.058e-23,1.522e-25,3.943e-20,3.943e-20,1.00000000
1.450000,1.135229,-2.260633,-5.178312,5.763169,0.017574,-5.160738,4.608e-23,1.236e-25,2.185e-20,2.185e-20,1.00000000
1.500000,2.080197,-0.342530,-5.350508,5.750868,0.007627,-5.342881,2.962e-23,1.289e-25,1.988e-20,1.988e-20,1.00000000
1.550000,1.539344,1.733278,-5.247945,5.737139,0.007065,-5.240881,2.022e-23,1.692e-25,2.727e-20,2.727e-20,1.00000000
1.600000,-0.202405,2.937992,-4.905619,5.721701,0.015476,-4.890143,1.642e-23,2.262e-25,4.132e-20,4.132e-20,1.00000000
1.650000,-2.278279,2.693669,-4.484145,5.705608,0.029111,-4.455034,1.718e-23,2.928e-25,6.107e-20,6.107e-20,1.00000000
1.700000,-3.675272,1.141886,-4.192326,5.690969,0.041776,-4.150551,2.163e-23,3.694e-25,9.151e-20,9.151e-20,1.00000000
1.750000,-3.726439,-0.933093,-4.182838,5.679185,0.047909,-4.134929,2.844e-23,4.525e-25,1.459e-19,1.459e-19,1.00000000
1.800000,-2.439938,-2.489077,-4.471805,5.669730,0.046708,-4.425097,3.550e-23,5.263e-25,2.294e-19,2.294e-19,1.00000000
1.850000,-0.498973,-2.751175,-4.922323,5.661025,0.042026,-4.880297,4.026e-23,5.564e-25,3.369e-19,3.369e-19,1.00000000
1.900000,1.092777,-1.611109,-5.305851,5.651716,0.037316,-5.268535,4.084e-23,5.237e-25,4.651e-19,4.651e-19,1.00000000
1.950000,1.535460,0.329722,-5.417273,5.640319,0.032611,-5.384662,3.694e-23,4.319e-25,6.659e-19,6.659e-19,1.00000000
2.000000,0.626648,2.090243,-5.184445,5.624969,0.027426,-5.157019,2.995e-23,3.097e-25,1.152e-18,1.152e-18,1.00000000
2.050000,-1.170950,2.804467,-4.710603,5.605884,0.023836,-4.686767,2.206e-23,2.001e-25,2.266e-18,2.266e-18,1.00000000
2.100000,-2.972120,2.127978,-4.226288,5.587781,0.024229,-4.202060,1.522e-23,2.301e-25,4.228e-18,4.228e-18,1.00000000
2.150000,-3.889289,0.401269,-3.976176,5.576519,0.027828,-3.948348,1.035e-23,5.552e-25,6.687e-18,6.687e-18,1.00000000
2.200000,-3.470178,-1.497143,-4.095315,5.572718,0.032583,-4.062733,7.423e-24,1.199e-24,8.203e-18,8.203e-18,1.00000000
2.250000,-1.952323,-2.584336,-4.533485,5.571611,0.039097,-4.494388,6.032e-24,2.209e-24,7.511e-18,7.511e-18,1.00000000
2.300000,-0.155473,-2.300864,-5.069442,5.569326,0.048095,-5.021348,5.633e-24,3.764e-24,5.776e-18,5.776e-18,1.00000000
2.350000,0.967182,-0.819130,-5.418876,5.565127,0.054732,-5.364144,5.986e-24,5.947e-24,4.399e-18,4.399e-18,1.00000000
2.400000,0.847927,1.069042,-5.386538,5.556674,0.051580,-5.334958,7.418e-24,8.476e-24,3.947e-18,3.947e-18,1.00000000
2.450000,-0.425248,2.397197,-4.975828,5.539517,0.038739,-4.937089,1.038e-23,1.094e-23,7.528e-18,7.528e-18,1.00000000
2.500000,-2.200705,2.512525,-4.389296,5.515596,0.025809,-4.363487,1.432e-23,1.322e-23,2.154e-17,2.154e-17,1.00000000
2.550000,-3.597628,1.369569,-3.922792,5.496085,0.021140,-3.901652,1.763e-23,1.541e-23,6.563e-17,6.563e-17,1.00000000
2.600000,-3.920164,-0.448862,-3.815549,5.488859,0.024505,-3.791044,1.889e-23,1.704e-23,2.221e-16,2.221e-16,1.00000000
2.650000,-3.015356,-1.998251,-4.128669,5.489198,0.032996,-4.095673,1.803e-23,1.691e-23,6.370e-16,6.370e-16,1.00000000
2.700000,-1.385994,-2.461472,-4.705477,5.488291,0.045959,-4.659518,1.591e-23,1.429e-23,1.180e-15,1.180e-15,1.00000000
2.750000,0.073454,-1.611694,-5.241666,5.484343,0.059073,-5.182593,1.316e-23,1.016e-23,1.235e-15,1.235e-15,1.00000000
2.800000,0.590399,0.063486,-5.445431,5.477711,0.061919,-5.383512,1.049e-23,6.524e-24,7.865e-16,7.865e-16,1.00000000
2.850000,-0.066384,1.667536,-5.201723,5.462875,0.049677,-5.152046,8.809e-24,4.523e-24,7.301e-16,7.301e-16,1.00000000
2.900000,-1.522413,2.400134,-4.634308,5.436469,0.031921,-4.602387,9.127e-24,3.696e-24,1.121e-15,1.121e-15,1.00000000
2.950000,-3.047755,1.929644,-4.030657,5.409115,0.021887,-4.008770,1.155e-23,3.176e-24,2.388e-15,2.388e-15,1.00000000
3.000000,-3.902036,0.506627,-3.691797,5.395546,0.021874,-3.669923,1.466e-23,2.762e-24,1.460e-14,1.460e-14,1.00000000
3.050000,-3.667031,-1.148362,-3.789147,5.396618,0.026890,-3.762257,1.649e-23,2.699e-24,1.115e-13,1.115e-13,1.00000000
3.100000,-2.477039,-2.176507,-4.278178,5.401454,0.035261,-4.242917,1.516e-23,2.857e-24,4.552e-13,4.552e-13,1.00000000
3.150000,-0.983774,-2.037878,-4.906713,5.403387,0.046037,-4.860676,1.142e-23,2.777e-24,9.908e-13,9.908e-13,1.00000000
3.200000,0.001482,-0.830174,-5.337759,5.401931,0.051567,-5.286192,9.827e-24,2.270e-24,1.116e-12,1.116e-12,1.00000000
3.250000,-0.024173,0.776763,-5.337317,5.393598,0.044834,-5.292482,1.345e-23,1.574e-24,7.438e-13,7.438e-13,1.00000000
3.300000,-1.003168,1.947551,-4.906471,5.373338,0.031715,-4.874756,2.504e-23,1.018e-24,4.710e-13,4.710e-13,1.00000000
3.350000,-2.415600,2.126910,-4.267899,5.345450,0.024514,-4.243386,4.571e-23,7.448e-25,5.861e-13,5.861e-13,1.00000000
3.400000,-3.572910,1.261599,-3.737682,5.322367,0.025845,-3.711838,6.773e-23,7.540e-25,3.502e-12,3.502e-12,1.00000000
3.450000,-3.922050,-0.205758,-3.575029,5.310899,0.030062,-3.544968,8.019e-23,8.469e-25,2.692e-11,2.692e-11,1.00000000
3.500000,-3.305229,-1.529709,-3.861452,5.308046,0.034170,-3.827282,1.187e-22,1.225e-24,1.243e-10,1.243e-10,1.00000000
3.550000,-2.065570,-2.028001,-4.449427,5.308180,0.037553,-4.411874,2.325e-22,2.811e-24,3.452e-10,3.452e-10,1.00000000
3.600000,-0.876345,-1.459849,-5.027363,5.307873,0.036060,-4.991304,5.206e-22,7.034e-24,5.076e-10,5.076e-10,1.00000000
3.650000,-0.358438,-0.157684,-5.288529,5.303007,0.026504,-5.262026,1.234e-21,1.644e-23,5.929e-10,5.929e-10,1.00000000
3.700000,-0.746853,1.187014,-5.100089,5.289394,0.014992,-5.085097,2.709e-21,3.593e-23,8.157e-10,8.157e-10,1.00000000
3.750000,-1.812222,1.912193,-4.562391,5.268401,0.012053,-4.550339,5.666e-21,7.369e-23,9.179e-10,9.179e-10,1.00000000
3.800000,-3.022350,1.692676,-3.941458,5.247365,0.019443,-3.922015,1.047e-20,1.344e-22,1.309e-09,1.309e-09,1.00000000
3.850000,-3.798290,0.659078,-3.538100,5.232547,0.030140,-3.507961,1.955e-20,2.117e-22,1.873e-09,1.873e-09,1.00000000
3.900000,-3.775923,-0.663744,-3.549569,5.224709,0.038864,-3.510704,3.927e-20,3.220e-22,2.612e-09,2.612e-09,1.00000000
3.950000,-2.993906,-1.600419,-3.966957,5.221260,0.044268,-3.922689,8.205e-20,4.792e-22,3.731e-09,3.731e-09,1.00000000
4.000000,-1.887078,-1.678418,-4.567958,5.219616,0.043352,-4.524606,1.669e-19,7.085e-22,5.226e-09,5.226e-09,1.00000000
4.050000,-1.046596,-0.888074,-5.032790,5.216610,0.032984,-4.999806,3.162e-19,1.100e-21,5.664e-09,5.664e-09,1.00000000
4.100000,-0.892018,0.332247,-5.120428,5.208154,0.017882,-5.102546,5.482e-19,1.768e-21,5.693e-09,5.693e-09,1.00000000
4.150000,-1.471373,1.360564,-4.790601,5.192872,0.009585,-4.781016,8.557e-19,3.103e-21,5.436e-09,5.436e-09,1.00000000
4.200000,-2.480720,1.709874,-4.207914,5.175344,0.014347,-4.193567,1.187e-18,5.858e-21,5.482e-09,5.482e-09,1.00000000
4.250000,-3.434976,1.233134,-3.651703,5.162811,0.026525,-3.625178,1.460e-18,1.053e-20,5.503e-09,5.503e-09,1.00000000
4.300000,-3.885101,0.172241,-3.388576,5.158113,0.036989,-3.351587,1.602e-18,1.780e-20,5.100e-09,5.100e-09,1.00000000
4.350000,-3.622579,-0.941636,-3.549005,5.158022,0.043529,-3.505476,1.590e-18,3.085e-20,4.410e-09,4.410e-09,1.00000000
4.400000,-2.802309,-1.534448,-4.050796,5.159110,0.048289,-4.002506,1.521e-18,5.432e-20,3.569e-09,3.569e-09,1.00000000
4.450000,-1.880392,-1.303088,-4.625722,5.160544,0.048828,-4.576894,1.553e-18,9.144e-20,2.680e-09,2.680e-09,1.00000000
4.500000,-1.355144,-0.397387,-4.963140,5.160144,0.039947,-4.923193,1.800e-18,1.383e-19,1.873e-09,1.873e-09,1.00000000
4.550000,-1.479050,0.682865,-4.887896,5.152225,0.025196,-4.862700,2.318e-18,1.840e-19,1.275e-09,1.275e-09,1.00000000
4.600000,-2.152865,1.396600,-4.447568,5.134801,0.017824,-4.429744,3.073e-18,2.235e-19,7.878e-10,7.878e-10,1.00000000
4.650000,-3.036168,1.430923,-3.861525,5.116369,0.024142,-3.837382,4.101e-18,2.577e-19,5.492e-10,5.492e-10,1.00000000
4.700000,-3.727741,0.792779,-3.402759,5.109141,0.035206,-3.367553,5.697e-18,2.874e-19,6.570e-10,6.570e-10,1.00000000
4.750000,-3.912523,-0.215035,-3.286343,5.114110,0.041518,-3.244825,8.395e-18,3.225e-19,1.150e-09,1.150e-09,1.00000000
4.800000,-3.499348,-1.094982,-3.574997,5.121038,0.045665,-3.529333,1.322e-17,3.780e-19,2.061e-09,2.061e-09,1.00000000
4.850000,-2.710133,-1.376659,-4.124266,5.123434,0.053296,-4.070971,2.085e-17,4.515e-19,2.692e-09,2.692e-09,1.00000000
4.900000,-1.993738,-0.904353,-4.633049,5.124255,0.058273,-4.574776,3.396e-17,5.266e-19,2.935e-09,2.935e-09,1.00000000
4.950000,-1.748266,0.043598,-4.816164,5.123843,0.050941,-4.765223,5.726e-17,5.848e-19,4.839e-09,4.839e-09,1.00000000
5.000000,-2.078689,0.942887,-4.578590,5.116002,0.036026,-4.542564,9.057e-17,6.059e-19,1.803e-08,1.803e-08,1.00000000
5.000000,-2.078689,0.942887,-4.578590,5.116002,0.036026,-4.542564,9.057e-17,6.059e-19,1.803e-08,1.803e-08,1.00000000
5.050000,-2.781005,1.341347,-4.057082,5.098345,0.029021,-4.028062,1.281e-16,5.770e-19,4.805e-08,4.805e-08,1.00000000
5.100000,-3.505575,1.071253,-3.519929,5.081982,0.033433,-3.486496,1.637e-16,5.036e-19,8.866e-08,8.866e-08,1.00000000
5.150000,-3.912257,0.275032,-3.225135,5.077686,0.039544,-3.185591,1.923e-16,4.076e-19,1.215e-07,1.215e-07,1.00000000
5.200000,-3.790899,-0.659750,-3.320266,5.082357,0.044179,-3.276087,2.078e-16,3.147e-19,1.931e-07,1.931e-07,1.00000000
5.250000,-3.188317,-1.242675,-3.764223,5.087138,0.052783,-3.711440,2.102e-16,2.400e-19,2.639e-07,2.639e-07,1.00000000
5.300000,-2.428291,-1.149434,-4.321547,5.088573,0.062932,-4.258615,2.063e-16,1.868e-19,3.376e-07,3.376e-07,1.00000000
5.350000,-1.929528,-0.439781,-4.687531,5.088165,0.063507,-4.624024,2.031e-16,1.517e-19,4.388e-07,4.388e-07,1.00000000
5.400000,-1.942812,0.484743,-4.674221,5.085060,0.052769,-4.621452,2.048e-16,1.294e-19,5.730e-07,5.730e-07,1.00000000
5.450000,-2.428653,1.145572,-4.309456,5.077608,0.042787,-4.266668,2.118e-16,1.145e-19,9.086e-07,9.086e-07,1.00000000
5.500000,-3.127773,1.236417,-3.791893,5.068544,0.040380,-3.751513,2.201e-16,1.067e-19,1.411e-06,1.411e-06,1.00000000
5.550000,-3.698870,0.724473,-3.380586,5.063088,0.039362,-3.341224,2.257e-16,1.080e-19,1.994e-06,1.994e-06,1.00000000
5.600000,-3.846820,-0.137215,-3.288775,5.062894,0.038664,-3.250112,2.236e-16,1.237e-19,2.191e-06,2.191e-06,1.00000000
5.650000,-3.477394,-0.888887,-3.575174,5.065990,0.045636,-3.529538,2.136e-16,1.867e-19,2.448e-06,2.448e-06,1.00000000
5.700000,-2.788923,-1.107659,-4.084290,5.068178,0.056333,-4.027957,2.030e-16,4.296e-19,2.549e-06,2.549e-06,1.00000000
5.750000,-2.161066,-0.680395,-4.529823,5.064824,0.055966,-4.473857,1.999e-16,1.195e-18,2.039e-06,2.039e-06,1.00000000
5.800000,-1.916107,0.144914,-4.677710,5.057019,0.043655,-4.634055,2.122e-16,3.146e-18,1.411e-06,1.411e-06,1.00000000
5.850000,-2.156485,0.943327,-4.470111,5.051948,0.035115,-4.434996,2.430e-16,7.358e-18,1.020e-06,1.020e-06,1.00000000
5.900000,-2.753770,1.335900,-4.020741,5.053141,0.035236,-3.985504,2.895e-16,1.525e-17,8.348e-07,8.348e-07,1.00000000
5.950000,-3.417288,1.130937,-3.550192,5.055763,0.031653,-3.518539,3.431e-16,2.846e-17,7.147e-07,7.147e-07,1.00000000
6.000000,-3.801384,0.419373,-3.307315,5.056157,0.023862,-3.283453,3.938e-16,4.793e-17,5.850e-07,5.850e-07,1.00000000
6.050000,-3.684062,-0.411653,-3.441443,5.058191,0.028300,-3.413143,4.337e-16,7.284e-17,4.494e-07,4.494e-07,1.00000000
6.100000,-3.131541,-0.880349,-3.878944,5.062388,0.043088,-3.835856,4.548e-16,9.948e-17,3.764e-07,3.764e-07,1.00000000
6.150000,-2.462870,-0.735425,-4.358239,5.059726,0.042256,-4.315983,4.531e-16,1.216e-16,3.031e-07,3.031e-07,1.00000000
6.200000,-2.024278,-0.093491,-4.620900,5.045707,0.018215,-4.602685,4.326e-16,1.328e-16,2.535e-07,2.535e-07,1.00000000
6.250000,-2.001032,0.706869,-4.563411,5.032744,-0.001321,-4.564732,4.020e-16,1.293e-16,2.222e-07,2.222e-07,1.00000000
6.300000,-2.383750,1.311378,-4.235582,5.034097,0.002457,-4.233126,3.719e-16,1.127e-16,1.865e-07,1.865e-07,1.00000000
6.350000,-3.002836,1.453084,-3.782366,5.043290,0.008658,-3.773708,3.617e-16,8.878e-17,1.927e-07,1.927e-07,1.00000000
6.400000,-3.561236,1.039231,-3.420722,5.046161,-0.002137,-3.422859,3.814e-16,6.409e-17,2.663e-07,2.663e-07,1.00000000
6.450000,-3.748892,0.273492,-3.367439,5.046645,-0.008966,-3.376405,4.336e-16,4.332e-17,3.701e-07,3.701e-07,1.00000000
6.500000,-3.452351,-0.395112,-3.671456,5.055139,0.006657,-3.664799,5.195e-16,2.811e-17,4.456e-07,4.456e-07,1.00000000
6.550000,-2.848796,-0.581316,-4.142002,5.060607,0.016989,-4.125012,6.281e-16,1.795e-17,5.244e-07,5.244e-07,1.00000000
6.600000,-2.262409,-0.219969,-4.503317,5.044477,-0.007186,-4.510503,7.430e-16,1.146e-17,7.631e-07,7.631e-07,1.00000000
6.650000,-1.958397,0.476361,-4.595497,5.018051,-0.041066,-4.636563,8.444e-16,7.365e-18,1.258e-06,1.258e-06,1.00000000
6.700000,-2.054655,1.203468,-4.410781,5.012478,-0.042920,-4.453701,9.146e-16,4.750e-18,1.686e-06,1.686e-06,1.00000000
6.750000,-2.516227,1.661249,-4.026157,5.030019,-0.024561,-4.050718,9.546e-16,3.062e-18,1.877e-06,1.877e-06,1.00000000
6.800000,-3.140905,1.611512,-3.600481,5.042392,-0.026721,-3.627202,9.713e-16,1.972e-18,2.434e-06,2.434e-06,1.00000000
6.850000,-3.596979,1.046601,-3.374055,5.041615,-0.041344,-3.415400,1.080e-15,1.278e-18,3.766e-06,3.766e-06,1.00000000
6.900000,-3.615555,0.296504,-3.511922,5.049133,-0.029806,-3.541728,1.427e-15,8.558e-19,4.613e-06,4.613e-06,1.00000000
6.950000,-3.190622,-0.181832,-3.928967,5.064575,-0.004349,-3.933316,2.244e-15,6.270e-19,4.730e-06,4.730e-06,1.00000000
7.000000,-2.563758,-0.141379,-4.357454,5.057693,-0.013373,-4.370827,3.915e-15,5.781e-19,4.608e-06,4.608e-06,1.00000000
7.050000,-2.041385,0.356914,-4.577115,5.024403,-0.054919,-4.632035,6.884e-15,7.615e-19,4.098e-06,4.098e-06,1.00000000
7.100000,-1.846739,1.079935,-4.523546,5.003916,-0.075433,-4.598979,1.233e-14,1.296e-18,3.536e-06,3.536e-06,1.00000000
7.150000,-2.066257,1.736101,-4.230395,5.017938,-0.060284,-4.290679,2.232e-14,2.656e-18,3.444e-06,3.444e-06,1.00000000
7.200000,-2.615003,2.018667,-3.803106,5.037546,-0.054787,-3.857893,4.079e-14,5.130e-18,4.322e-06,4.322e-06,1.00000000
7.250000,-3.219251,1.749211,-3.458044,5.037994,-0.076285,-3.534328,7.967e-14,8.762e-18,5.264e-06,5.264e-06,1.00000000
7.300000,-3.533072,1.075185,-3.429541,5.039878,-0.082633,-3.512173,1.620e-13,1.399e-17,6.078e-06,6.078e-06,1.00000000
7.350000,-3.367542,0.418384,-3.750772,5.058031,-0.058209,-3.808981,3.397e-13,2.123e-17,5.791e-06,5.791e-06,1.00000000
7.400000,-2.816257,0.161469,-4.205208,5.063709,-0.049144,-4.254351,6.451e-13,3.074e-17,4.202e-06,4.202e-06,1.00000000
7.450000,-2.168677,0.417399,-4.526769,5.036767,-0.080892,-4.607661,1.070e-12,4.197e-17,2.365e-06,2.365e-06,1.00000000
7.500000,-1.732322,1.051459,-4.581833,5.009960,-0.112262,-4.694095,1.569e-12,5.453e-17,1.630e-06,1.630e-06,1.00000000
7.550000,-1.702818,1.793868,-4.365933,5.017860,-0.109954,-4.475887,2.094e-12,6.848e-17,1.390e-06,1.390e-06,1.00000000
7.600000,-2.098469,2.310240,-3.957492,5.040092,-0.106794,-4.064286,3.072e-12,8.115e-17,1.486e-06,1.486e-06,1.00000000
7.650000,-2.730230,2.322705,-3.547442,5.043159,-0.135011,-3.682453,5.603e-12,8.967e-17,1.810e-06,1.810e-06,1.00000000
7.700000,-3.253167,1.816687,-3.395393,5.041045,-0.161531,-3.556924,1.025e-11,9.290e-17,1.926e-06,1.926e-06,1.00000000
7.750000,-3.351870,1.108720,-3.620832,5.057145,-0.151691,-3.772523,1.649e-11,9.285e-17,1.938e-06,1.938e-06,1.00000000
7.800000,-2.953104,0.630513,-4.072062,5.069522,-0.137478,-4.209540,2.376e-11,9.338e-17,1.793e-06,1.793e-06,1.00000000
7.850000,-2.269860,0.642367,-4.465773,5.050547,-0.159567,-4.625340,3.228e-11,9.333e-17,1.782e-06,1.782e-06,1.00000000
7.900000,-1.650456,1.128938,-4.607379,5.022594,-0.196734,-4.804113,4.188e-11,9.254e-17,1.747e-06,1.747e-06,1.00000000
7.950000,-1.381616,1.865802,-4.453719,5.022518,-0.210476,-4.664195,5.262e-11,9.630e-17,1.793e-06,1.793e-06,1.00000000
8.000000,-1.575765,2.521804,-4.071561,5.041839,-0.214844,-4.286405,6.300e-11,1.119e-16,1.692e-06,1.692e-06,1.00000000
8.050000,-2.138379,2.776571,-3.634762,5.049110,-0.244225,-3.878987,7.141e-11,1.403e-16,1.666e-06,1.666e-06,1.00000000
8.100000,-2.777593,2.491970,-3.397613,5.046653,-0.284261,-3.681874,7.599e-11,1.755e-16,1.861e-06,1.861e-06,1.00000000
8.150000,-3.116136,1.840599,-3.530427,5.055890,-0.296757,-3.827185,7.717e-11,2.064e-16,2.149e-06,2.149e-06,1.00000000
8.200000,-2.925394,1.221329,-3.955133,5.068791,-0.289591,-4.244724,7.883e-11,2.235e-16,2.389e-06,2.389e-06,1.00000000
8.250000,-2.292100,0.995260,-4.401856,5.061680,-0.301435,-4.703291,8.869e-11,2.197e-16,2.976e-06,2.976e-06,1.00000000
8.300000,-1.549605,1.277694,-4.623395,5.040790,-0.335637,-4.959033,1.091e-10,2.001e-16,3.762e-06,3.762e-06,1.00000000
8.350000,-1.053849,1.919521,-4.530348,5.031821,-0.362841,-4.893190,1.352e-10,1.723e-16,4.560e-06,4.560e-06,1.00000000
8.400000,-1.008948,2.622475,-4.184724,5.040562,-0.374632,-4.559356,1.627e-10,1.479e-16,5.666e-06,5.666e-06,1.00000000
8.450000,-1.415214,3.069352,-3.753867,5.051264,-0.393004,-4.146871,1.838e-10,1.374e-16,7.016e-06,7.016e-06,1.00000000
8.500000,-2.065757,3.045191,-3.466584,5.055467,-0.426253,-3.892837,1.906e-10,1.487e-16,7.645e-06,7.645e-06,1.00000000
8.550000,-2.592940,2.564627,-3.507453,5.059929,-0.452221,-3.959675,1.818e-10,1.841e-16,7.181e-06,7.181e-06,1.00000000
8.600000,-2.653583,1.909658,-3.870585,5.066530,-0.457751,-4.328336,1.613e-10,2.355e-16,5.876e-06,5.876e-06,1.00000000
8.650000,-2.169869,1.471045,-4.334882,5.065916,-0.462156,-4.797038,1.339e-10,2.858e-16,4.523e-06,4.523e-06,1.00000000
8.700000,-1.388162,1.494288,-4.624365,5.054171,-0.483925,-5.108290,1.085e-10,3.142e-16,3.735e-06,3.735e-06,1.00000000
8.750000,-0.698067,1.952927,-4.593465,5.039955,-0.513058,-5.106523,8.931e-11,3.248e-16,3.812e-06,3.812e-06,1.00000000
8.800000,-0.400821,2.617070,-4.283072,5.035318,-0.530216,-4.813288,7.662e-11,3.516e-16,4.783e-06,4.783e-06,1.00000000
8.850000,-0.597494,3.188866,-3.860828,5.043000,-0.538051,-4.398879,6.859e-11,4.272e-16,5.940e-06,5.940e-06,1.00000000
8.900000,-1.170528,3.409144,-3.541768,5.053367,-0.553702,-4.095470,6.246e-11,5.811e-16,6.628e-06,6.628e-06,1.00000000
8.950000,-1.804684,3.165250,-3.508788,5.058388,-0.575587,-4.084375,5.723e-11,8.272e-16,6.534e-06,6.534e-06,1.00000000
9.000000,-2.107227,2.589872,-3.803931,5.061397,-0.584561,-4.388492,5.095e-11,1.131e-15,5.521e-06,5.521e-06,1.00000000
9.050000,-1.849269,2.020323,-4.261434,5.065700,-0.580438,-4.841872,4.345e-11,1.440e-15,4.171e-06,4.171e-06,1.00000000
9.100000,-1.139213,1.782885,-4.602394,5.065424,-0.585445,-5.187839,3.631e-11,1.754e-15,3.199e-06,3.199e-06,1.00000000
9.150000,-0.339120,1.985542,-4.634273,5.053105,-0.608283,-5.242556,3.036e-11,2.100e-15,2.730e-06,2.730e-06,1.00000000
9.200000,0.184693,2.505933,-4.364430,5.036076,-0.630472,-4.994902,2.685e-11,2.495e-15,2.561e-06,2.561e-06,1.00000000
9.250000,0.234578,3.103344,-3.954604,5.032361,-0.637210,-4.591813,2.549e-11,2.895e-15,2.762e-06,2.762e-06,1.00000000
9.300000,-0.173206,3.512077,-3.615185,5.043238,-0.640296,-4.255481,2.612e-11,3.242e-15,2.716e-06,2.716e-06,1.00000000
9.350000,-0.808020,3.528404,-3.525013,5.052548,-0.652346,-4.177359,2.878e-11,3.460e-15,2.619e-06,2.619e-06,1.00000000
9.400000,-1.288597,3.133040,-3.752342,5.055343,-0.660548,-4.412890,3.359e-11,3.467e-15,2.481e-06,2.481e-06,1.00000000
9.450000,-1.284616,2.546432,-4.181456,5.061535,-0.651961,-4.833417,4.026e-11,3.249e-15,2.464e-06,2.464e-06,1.00000000
9.500000,-0.747698,2.098182,-4.555021,5.070467,-0.641325,-5.196347,4.802e-11,2.882e-15,2.838e-06,2.838e-06,1.00000000
9.550000,0.056350,2.011555,-4.649818,5.066590,-0.649178,-5.298996,5.724e-11,2.475e-15,3.286e-06,3.286e-06,1.00000000
9.600000,0.745816,2.304566,-4.428491,5.047653,-0.668007,-5.096497,6.744e-11,2.107e-15,3.415e-06,3.415e-06,1.00000000
9.650000,1.037338,2.830839,-4.032729,5.035138,-0.677007,-4.709736,7.670e-11,1.798e-15,3.312e-06,3.312e-06,1.00000000
9.700000,0.841749,3.345927,-3.675326,5.041011,-0.676872,-4.352197,8.402e-11,1.531e-15,3.297e-06,3.297e-06,1.00000000
9.750000,0.293919,3.590308,-3.542000,5.051976,-0.681596,-4.223596,8.810e-11,1.292e-15,3.204e-06,3.204e-06,1.00000000
9.800000,-0.277917,3.418772,-3.714296,5.055812,-0.688705,-4.403002,8.643e-11,1.082e-15,3.092e-06,3.092e-06,1.00000000
9.850000,-0.504365,2.908747,-4.108463,5.059117,-0.684765,-4.793228,7.950e-11,9.151e-16,3.259e-06,3.259e-06,1.00000000
9.900000,-0.204575,2.326446,-4.495838,5.066238,-0.674466,-5.170304,6.914e-11,8.110e-16,3.580e-06,3.580e-06,1.00000000
9.950000,0.494660,1.963265,-4.644456,5.066564,-0.675961,-5.320417,5.740e-11,7.728e-16,4.033e-06,4.033e-06,1.00000000
10.000000,1.258774,1.980968,-4.475903,5.053954,-0.691231,-5.167134,4.789e-11,7.915e-16,5.166e-06,5.166e-06,1.00000000
10.000000,1.258774,1.980968,-4.475903,5.053954,-0.691231,-5.167134,4.789e-11,7.915e-16,5.166e-06,5.166e-06,1.00000000
10.050000,1.749166,2.353979,-4.100786,5.041551,-0.705155,-4.805940,4.222e-11,8.359e-16,7.030e-06,7.030e-06,1.00000000
10.100000,1.776594,2.887122,-3.731492,5.041408,-0.712353,-4.443845,3.874e-11,8.684e-16,8.645e-06,8.645e-06,1.00000000
10.150000,1.375314,3.297184,-3.566105,5.047773,-0.721747,-4.287852,3.531e-11,8.894e-16,8.955e-06,8.955e-06,1.00000000
10.200000,0.797949,3.346828,-3.698371,5.051329,-0.734391,-4.432762,3.232e-11,9.220e-16,7.543e-06,7.543e-06,1.00000000
10.250000,0.404174,2.980805,-4.062508,5.054951,-0.740059,-4.802567,3.001e-11,1.118e-15,6.401e-06,6.401e-06,1.00000000
10.300000,0.455998,2.367686,-4.450571,5.061764,-0.739090,-5.189661,2.858e-11,1.700e-15,5.369e-06,5.369e-06,1.00000000
10.350000,0.958292,1.803954,-4.634376,5.064584,-0.744285,-5.378661,3.196e-11,2.689e-15,5.106e-06,5.106e-06,1.00000000
10.400000,1.673860,1.551238,-4.513114,5.057306,-0.760423,-5.273538,4.286e-11,4.241e-15,5.351e-06,5.351e-06,1.00000000
10.450000,2.276114,1.707481,-4.167201,5.045963,-0.779119,-4.946320,6.348e-11,6.726e-15,6.140e-06,6.140e-06,1.00000000
10.500000,2.511550,2.167581,-3.795699,5.041192,-0.794280,-4.589979,9.751e-11,1.003e-14,7.026e-06,7.026e-06,1.00000000
10.550000,2.308219,2.672123,-3.602424,5.044361,-0.809497,-4.411921,1.473e-10,1.424e-14,7.564e-06,7.564e-06,1.00000000
10.600000,1.811479,2.926750,-3.694174,5.049182,-0.826970,-4.521144,2.096e-10,1.913e-14,7.031e-06,7.031e-06,1.00000000
10.650000,1.323189,2.755814,-4.023454,5.053071,-0.841085,-4.864540,2.781e-10,2.557e-14,5.814e-06,5.814e-06,1.00000000
10.700000,1.142442,2.207940,-4.405069,5.058143,-0.848671,-5.253740,3.429e-10,3.761e-14,4.821e-06,4.821e-06,1.00000000
10.750000,1.392996,1.534239,-4.619152,5.062696,-0.855854,-5.475006,3.988e-10,5.904e-14,4.297e-06,4.297e-06,1.00000000
10.800000,1.963236,1.046537,-4.544771,5.060087,-0.869523,-5.414294,4.286e-10,9.416e-14,4.107e-06,4.107e-06,1.00000000
10.850000,2.588195,0.953888,-4.230525,5.050347,-0.887859,-5.118384,4.461e-10,1.523e-13,4.156e-06,4.156e-06,1.00000000
10.900000,2.992092,1.262914,-3.858013,5.042998,-0.904865,-4.762877,4.847e-10,2.437e-13,4.107e-06,4.107e-06,1.00000000
10.950000,3.013637,1.778827,-3.633630,5.044750,-0.919912,-4.553542,5.648e-10,3.642e-13,3.798e-06,3.798e-06,1.00000000
11.000000,2.674661,2.196673,-3.678667,5.050918,-0.936394,-4.615061,6.866e-10,5.019e-13,3.279e-06,3.279e-06,1.00000000
11.050000,2.175956,2.250595,-3.969040,5.055021,-0.952577,-4.921618,8.354e-10,6.485e-13,3.043e-06,3.043e-06,1.00000000
11.100000,1.803033,1.858486,-4.344948,5.058011,-0.963215,-5.308164,1.003e-09,7.670e-13,2.947e-06,2.947e-06,1.00000000
11.150000,1.770868,1.176050,-4.593639,5.061679,-0.969577,-5.563216,1.142e-09,8.401e-13,3.085e-06,3.085e-06,1.00000000
11.200000,2.106266,0.512792,-4.573135,5.060916,-0.978453,-5.551588,1.209e-09,8.929e-13,3.299e-06,3.299e-06,1.00000000
11.250000,2.649866,0.160687,-4.299177,5.052775,-0.990356,-5.289532,1.246e-09,9.553e-13,3.361e-06,3.361e-06,1.00000000
11.300000,3.153479,0.245273,-3.930111,5.044836,-0.999945,-4.930056,1.215e-09,1.018e-12,3.507e-06,3.507e-06,1.00000000
11.350000,3.396782,0.673200,-3.668825,5.044959,-1.006853,-4.675678,1.107e-09,1.073e-12,3.801e-06,3.801e-06,1.00000000
11.400000,3.280315,1.179453,-3.653851,5.049971,-1.016173,-4.670023,9.740e-10,1.131e-12,3.979e-06,3.979e-06,1.00000000
11.450000,2.876841,1.451762,-3.892299,5.053100,-1.027493,-4.919792,8.838e-10,1.211e-12,4.181e-06,4.181e-06,1.00000000
11.500000,2.405515,1.292841,-4.253376,5.054616,-1.035156,-5.288532,8.406e-10,1.301e-12,4.364e-06,4.364e-06,1.00000000
11.550000,2.116290,0.734617,-4.533964,5.057190,-1.038930,-5.572893,8.289e-10,1.514e-12,4.749e-06,4.749e-06,1.00000000
11.600000,2.152803,0.019547,-4.576401,5.057508,-1.043340,-5.619741,8.313e-10,1.924e-12,5.783e-06,5.783e-06,1.00000000
11.650000,2.492484,-0.538606,-4.360974,5.051798,-1.049212,-5.410186,8.290e-10,2.599e-12,6.763e-06,6.763e-06,1.00000000
11.700000,2.974784,-0.714941,-4.010910,5.044589,-1.053803,-5.064713,8.093e-10,3.684e-12,7.065e-06,7.065e-06,1.00000000
11.750000,3.375127,-0.473895,-3.717811,5.043627,-1.057928,-4.775739,7.553e-10,5.156e-12,7.029e-06,7.029e-06,1.00000000
11.800000,3.496992,0.012571,-3.640874,5.048274,-1.064703,-4.705576,6.600e-10,6.908e-12,6.539e-06,6.539e-06,1.00000000
11.850000,3.273315,0.438833,-3.823866,5.052635,-1.072631,-4.896496,5.525e-10,8.634e-12,5.997e-06,5.997e-06,1.00000000
11.900000,2.814589,0.525661,-4.165976,5.055056,-1.077585,-5.243561,4.556e-10,9.923e-12,5.794e-06,5.794e-06,1.00000000
11.950000,2.349696,0.178744,-4.473436,5.056150,-1.080717,-5.554152,3.904e-10,1.080e-11,6.209e-06,6.209e-06,1.00000000
12.000000,2.100661,-0.464240,-4.573666,5.054376,-1.085784,-5.659450,3.572e-10,1.101e-11,6.702e-06,6.702e-06,1.00000000
12.050000,2.177050,-1.120920,-4.416673,5.050050,-1.091083,-5.507756,3.553e-10,1.080e-11,7.693e-06,7.693e-06,1.00000000
12.100000,2.531961,-1.513390,-4.094331,5.046258,-1.094151,-5.188482,3.762e-10,1.070e-11,8.878e-06,8.878e-06,1.00000000
12.150000,2.983889,-1.497735,-3.783445,5.045915,-1.098073,-4.881518,4.100e-10,1.100e-11,8.952e-06,8.952e-06,1.00000000
12.200000,3.294337,-1.132193,-3.654842,5.048998,-1.105833,-4.760675,4.318e-10,1.194e-11,8.476e-06,8.476e-06,1.00000000
12.250000,3.286018,-0.658348,-3.783500,5.054325,-1.113727,-4.897226,4.488e-10,1.339e-11,7.541e-06,7.541e-06,1.00000000
12.300000,2.942780,-0.377124,-4.098163,5.059359,-1.118884,-5.217047,4.615e-10,1.478e-11,5.992e-06,5.992e-06,1.00000000
12.350000,2.419547,-0.478233,-4.417148,5.059062,-1.126053,-5.543200,4.653e-10,1.572e-11,4.838e-06,4.838e-06,1.00000000
12.400000,1.956880,-0.942313,-4.561700,5.052370,-1.137427,-5.699127,4.649e-10,1.585e-11,4.318e-06,4.318e-06,1.00000000
12.450000,1.760847,-1.571075,-4.460900,5.046631,-1.145385,-5.606285,4.972e-10,1.491e-11,4.206e-06,4.206e-06,1.00000000
12.500000,1.906135,-2.096780,-4.176143,5.046782,-1.146341,-5.322484,5.523e-10,1.338e-11,4.123e-06,4.123e-06,1.00000000
12.550000,2.299447,-2.302401,-3.859162,5.047934,-1.149635,-5.008798,6.261e-10,1.234e-11,4.357e-06,4.357e-06,1.00000000
12.600000,2.717879,-2.126562,-3.683262,5.047331,-1.160872,-4.844134,7.116e-10,1.214e-11,4.103e-06,4.103e-06,1.00000000
12.650000,2.915919,-1.707610,-3.754025,5.050863,-1.171612,-4.925637,8.271e-10,1.253e-11,3.791e-06,3.791e-06,1.00000000
12.700000,2.755384,-1.312421,-4.033665,5.058166,-1.177042,-5.210707,9.705e-10,1.300e-11,3.862e-06,3.862e-06,1.00000000
12.750000,2.283768,-1.182150,-4.356295,5.058694,-1.185461,-5.541757,1.104e-09,1.305e-11,3.820e-06,3.820e-06,1.00000000
12.800000,1.708324,-1.406861,-4.539696,5.050393,-1.199656,-5.739352,1.182e-09,1.248e-11,3.907e-06,3.907e-06,1.00000000
12.850000,1.283805,-1.899212,-4.493684,5.044636,-1.208622,-5.702306,1.220e-09,1.121e-11,4.100e-06,4.100e-06,1.00000000
12.900000,1.184323,-2.449286,-4.250147,5.046323,-1.208043,-5.458190,1.254e-09,9.480e-12,4.227e-06,4.227e-06,1.00000000
12.950000,1.423644,-2.819192,-3.937559,5.047671,-1.208425,-5.145985,1.234e-09,7.568e-12,4.279e-06,4.279e-06,1.00000000
13.000000,1.845020,-2.857660,-3.726771,5.045706,-1.215596,-4.942367,1.159e-09,5.817e-12,4.311e-06,4.311e-06,1.00000000
13.050000,2.190362,-2.585022,-3.741614,5.047742,-1.222258,-4.963872,1.023e-09,4.535e-12,4.458e-06,4.458e-06,1.00000000
13.100000,2.234436,-2.181703,-3.973179,5.053581,-1.225805,-5.198984,8.660e-10,3.701e-12,4.931e-06,4.931e-06,1.00000000
13.150000,1.912142,-1.882513,-4.282364,5.053591,-1.233684,-5.516048,7.202e-10,3.242e-12,5.630e-06,5.630e-06,1.00000000
13.200000,1.350945,-1.852411,-4.495877,5.046720,-1.246540,-5.742417,5.830e-10,3.077e-12,6.621e-06,6.621e-06,1.00000000
13.250000,0.790097,-2.117584,-4.507381,5.042311,-1.253368,-5.760750,4.856e-10,3.067e-12,7.824e-06,7.824e-06,1.00000000
13.300000,0.458174,-2.566852,-4.318146,5.044308,-1.249081,-5.567228,4.261e-10,3.061e-12,8.335e-06,8.335e-06,1.00000000
13.350000,0.472210,-3.003457,-4.027598,5.046314,-1.242363,-5.269962,3.814e-10,2.962e-12,8.137e-06,8.137e-06,1.00000000
13.400000,0.781376,-3.233654,-3.792935,5.045139,-1.239929,-5.032864,3.567e-10,2.724e-12,7.680e-06,7.680e-06,1.00000000
13.450000,1.178176,-3.165404,-3.748597,5.045776,-1.238319,-4.986916,3.408e-10,2.367e-12,7.073e-06,7.073e-06,1.00000000
13.500000,1.402480,-2.858635,-3.918283,5.048929,-1.236535,-5.154819,3.355e-10,1.980e-12,6.986e-06,6.986e-06,1.00000000
13.550000,1.290902,-2.487571,-4.198840,5.048236,-1.240248,-5.439088,3.502e-10,1.664e-12,7.565e-06,7.565e-06,1.00000000
13.600000,0.861796,-2.243824,-4.433508,5.043157,-1.248724,-5.682232,3.948e-10,1.499e-12,8.794e-06,8.794e-06,1.00000000
13.650000,0.285434,-2.246966,-4.503904,5.041377,-1.251080,-5.754984,4.812e-10,1.499e-12,9.573e-06,9.573e-06,1.00000000
13.700000,-0.207336,-2.500920,-4.376476,5.044911,-1.244060,-5.620536,6.107e-10,1.763e-12,9.971e-06,9.971e-06,1.00000000
13.750000,-0.421236,-2.891256,-4.113808,5.045812,-1.238180,-5.351988,7.880e-10,2.292e-12,9.417e-06,9.417e-06,1.00000000
13.800000,-0.292536,-3.232188,-3.859373,5.042556,-1.237617,-5.096990,9.912e-10,3.122e-12,8.537e-06,8.537e-06,1.00000000
13.850000,0.059588,-3.357346,-3.762847,5.043247,-1.234753,-4.997599,1.205e-09,4.527e-12,7.235e-06,7.235e-06,1.00000000
13.900000,0.391202,-3.207084,-3.877459,5.047090,-1.229570,-5.107030,1.447e-09,6.776e-12,6.352e-06,6.352e-06,1.00000000
13.950000,0.477587,-2.859131,-4.128984,5.044921,-1.230871,-5.359856,1.745e-09,9.995e-12,5.659e-06,5.659e-06,1.00000000
14.000000,0.231498,-2.487241,-4.377272,5.039887,-1.236299,-5.613570,1.963e-09,1.458e-11,5.780e-06,5.780e-06,1.00000000
14.050000,-0.267558,-2.270611,-4.494373,5.042484,-1.234889,-5.729261,2.168e-09,2.062e-11,6.263e-06,6.263e-06,1.00000000
14.100000,-0.819248,-2.307052,-4.415266,5.048587,-1.229462,-5.644728,2.376e-09,2.790e-11,6.445e-06,6.445e-06,1.00000000
14.150000,-1.192993,-2.570323,-4.176410,5.046998,-1.231101,-5.407511,2.642e-09,3.559e-11,6.251e-06,6.251e-06,1.00000000
14.200000,-1.247113,-2.922628,-3.914397,5.041780,-1.236442,-5.150839,3.085e-09,4.428e-11,5.731e-06,5.731e-06,1.00000000
14.250000,-1.011166,-3.177948,-3.783768,5.043680,-1.235112,-5.018881,3.740e-09,5.136e-11,5.012e-06,5.012e-06,1.00000000
14.300000,-0.666741,-3.193159,-3.851446,5.047222,-1.232325,-5.083771,4.465e-09,5.719e-11,4.349e-06,4.349e-06,1.00000000
14.350000,-0.441714,-2.947213,-4.068583,5.043267,-1.238076,-5.306659,5.201e-09,6.293e-11,4.140e-06,4.140e-06,1.00000000
14.400000,-0.493600,-2.551226,-4.317082,5.038809,-1.246533,-5.563615,5.775e-09,6.899e-11,4.142e-06,4.142e-06,1.00000000
14.450000,-0.838220,-2.185760,-4.466089,5.042431,-1.249363,-5.715452,6.120e-09,7.553e-11,4.260e-06,4.260e-06,1.00000000
14.500000,-1.343660,-2.009764,-4.430278,5.046973,-1.252415,-5.682693,6.169e-09,8.283e-11,4.443e-06,4.443e-06,1.00000000
14.550000,-1.796711,-2.087896,-4.226492,5.044869,-1.261942,-5.488433,6.123e-09,9.077e-11,4.689e-06,4.689e-06,1.00000000
14.600000,-2.016748,-2.361281,-3.973355,5.042863,-1.271777,-5.245132,6.138e-09,1.000e-10,4.862e-06,4.862e-06,1.00000000
14.650000,-1.945383,-2.670931,-3.814391,5.046580,-1.276913,-5.091305,6.273e-09,1.081e-10,5.208e-06,5.208e-06,1.00000000
14.700000,-1.668439,-2.832816,-3.831390,5.048573,-1.283534,-5.114924,6.597e-09,1.156e-10,5.955e-06,5.955e-06,1.00000000
14.750000,-1.372798,-2.735539,-4.010012,5.044596,-1.295489,-5.305501,7.026e-09,1.255e-10,7.010e-06,7.010e-06,1.00000000
14.800000,-1.250610,-2.399971,-4.253541,5.041477,-1.307551,-5.561091,7.308e-09,1.465e-10,7.883e-06,7.883e-06,1.00000000
14.850000,-1.398906,-1.963496,-4.428505,5.042213,-1.317496,-5.746002,7.319e-09,1.820e-10,8.425e-06,8.425e-06,1.00000000
14.900000,-1.773833,-1.610060,-4.437221,5.042589,-1.328534,-5.765755,6.952e-09,2.250e-10,8.751e-06,8.751e-06,1.00000000
14.950000,-2.220341,-1.481716,-4.276886,5.041542,-1.341087,-5.617973,6.202e-09,2.603e-10,8.468e-06,8.468e-06,1.00000000
15.000000,-2.553617,-1.608987,-4.040108,5.043042,-1.352049,-5.392157,5.422e-09,2.775e-10,7.904e-06,7.904e-06,1.00000000
15.050000,-2.646492,-1.892454,-3.858439,5.047064,-1.361549,-5.219988,4.683e-09,2.762e-10,7.653e-06,7.653e-06,1.00000000
15.100000,-2.489961,-2.147554,-3.831279,5.048821,-1.371818,-5.203097,4.189e-09,2.628e-10,8.189e-06,8.189e-06,1.00000000
15.150000,-2.203023,-2.200405,-3.973103,5.047835,-1.382683,-5.355786,4.174e-09,2.429e-10,9.507e-06,9.507e-06,1.00000000
15.200000,-1.966824,-1.982770,-4.204254,5.047328,-1.393122,-5.597375,4.326e-09,2.282e-10,1.117e-05,1.117e-05,1.00000000
15.250000,-1.925096,-1.565018,-4.395689,5.047510,-1.404121,-5.799809,4.514e-09,2.272e-10,1.239e-05,1.239e-05,1.00000000
15.300000,-2.114867,-1.113897,-4.444296,5.046305,-1.415562,-5.859858,4.808e-09,2.359e-10,1.297e-05,1.297e-05,1.00000000
15.350000,-2.462170,-0.807361,-4.327938,5.044320,-1.425317,-5.753255,5.203e-09,2.457e-10,1.208e-05,1.208e-05,1.00000000
15.400000,-2.822554,-0.753232,-4.111575,5.043731,-1.433522,-5.545098,5.443e-09,2.509e-10,1.085e-05,1.085e-05,1.00000000
15.450000,-3.042117,-0.936633,-3.913579,5.044587,-1.442060,-5.355639,5.754e-09,2.500e-10,9.278e-06,9.278e-06,1.00000000
15.500000,-3.030997,-1.215870,-3.845813,5.045350,-1.449989,-5.295803,6.116e-09,2.422e-10,7.803e-06,7.803e-06,1.00000000
15.550000,-2.818911,-1.390208,-3.948492,5.046734,-1.454418,-5.402910,6.558e-09,2.332e-10,6.848e-06,6.848e-06,1.00000000
15.600000,-2.540993,-1.315449,-4.161104,5.049934,-1.456661,-5.617765,7.164e-09,2.244e-10,6.732e-06,6.732e-06,1.00000000
15.650000,-2.354257,-0.986069,-4.359562,5.051795,-1.462062,-5.821624,7.906e-09,2.194e-10,7.095e-06,7.095e-06,1.00000000
15.700000,-2.354861,-0.527375,-4.435361,5.049348,-1.471413,-5.906774,8.275e-09,2.186e-10,7.513e-06,7.513e-06,1.00000000
15.750000,-2.545927,-0.118491,-4.353873,5.044997,-1.479678,-5.833551,8.612e-09,2.216e-10,6.931e-06,6.931e-06,1.00000000
15.800000,-2.846786,0.091828,-4.161295,5.042717,-1.485365,-5.646660,9.076e-09,2.213e-10,5.980e-06,5.980e-06,1.00000000
15.850000,-3.123567,0.045978,-3.958701,5.042826,-1.492626,-5.451327,9.688e-09,2.155e-10,5.218e-06,5.218e-06,1.00000000
15.900000,-3.243007,-0.186950,-3.858602,5.043893,-1.501340,-5.359942,9.923e-09,2.058e-10,4.595e-06,4.595e-06,1.00000000
15.950000,-3.145902,-0.427989,-3.923708,5.047312,-1.504508,-5.428215,9.714e-09,1.945e-10,4.344e-06,4.344e-06,1.00000000
16.000000,-2.890324,-0.486037,-4.117090,5.053774,-1.501181,-5.618271,9.419e-09,1.831e-10,4.413e-06,4.413e-06,1.00000000
16.050000,-2.614950,-0.280700,-4.321049,5.058480,-1.500720,-5.821769,9.034e-09,1.710e-10,4.556e-06,4.556e-06,1.00000000
16.100000,-2.453825,0.118764,-4.420001,5.056854,-1.508290,-5.928291,8.471e-09,1.598e-10,4.887e-06,4.887e-06,1.00000000
16.150000,-2.473346,0.555689,-4.368658,5.050881,-1.518089,-5.886746,7.649e-09,1.466e-10,5.285e-06,5.285e-06,1.00000000
16.200000,-2.656775,0.871309,-4.200497,5.045970,-1.525154,-5.725651,6.759e-09,1.338e-10,5.652e-06,5.652e-06,1.00000000
16.250000,-2.915466,0.963596,-4.002825,5.044905,-1.532387,-5.535211,5.882e-09,1.249e-10,6.195e-06,6.195e-06,1.00000000
16.300000,-3.116740,0.831498,-3.881817,5.047174,-1.541341,-5.423158,5.097e-09,1.183e-10,7.058e-06,7.058e-06,1.00000000
16.350000,-3.143000,0.592795,-3.910247,5.051721,-1.546712,-5.456959,4.461e-09,1.160e-10,8.122e-06,8.122e-06,1.00000000
16.400000,-2.963421,0.432851,-4.075762,5.057772,-1.545179,-5.620940,3.932e-09,1.156e-10,9.493e-06,9.493e-06,1.00000000
16.450000,-2.660398,0.490593,-4.281054,5.064170,-1.542131,-5.823185,3.452e-09,1.140e-10,1.038e-05,1.038e-05,1.00000000
16.500000,-2.375626,0.774046,-4.408031,5.066901,-1.545217,-5.953249,3.123e-09,1.142e-10,1.094e-05,1.094e-05,1.00000000
16.550000,-2.226666,1.175104,-4.391213,5.061784,-1.555370,-5.946583,2.858e-09,1.148e-10,1.021e-05,1.021e-05,1.00000000
16.600000,-2.260477,1.543550,-4.247372,5.052966,-1.566752,-5.814124,2.608e-09,1.157e-10,9.158e-06,9.158e-06,1.00000000
16.650000,-2.444431,1.753148,-4.056181,5.049888,-1.575255,-5.631436,2.404e-09,1.174e-10,9.193e-06,9.193e-06,1.00000000
16.700000,-2.672784,1.744652,-3.917298,5.053001,-1.583850,-5.501148,2.355e-09,1.215e-10,1.088e-05,1.088e-05,1.00000000
16.750000,-2.803653,1.560697,-3.907142,5.055888,-1.593791,-5.500932,2.419e-09,1.278e-10,1.349e-05,1.349e-05,1.00000000
16.800000,-2.734561,1.342433,-4.038353,5.058482,-1.599176,-5.637529,2.645e-09,1.395e-10,1.605e-05,1.605e-05,1.00000000
16.850000,-2.469004,1.254784,-4.240995,5.065225,-1.597462,-5.838457,2.979e-09,1.562e-10,1.781e-05,1.781e-05,1.00000000
16.900000,-2.114557,1.384429,-4.398083,5.072586,-1.596262,-5.994345,3.492e-09,1.804e-10,1.714e-05,1.714e-05,1.00000000
16.950000,-1.817945,1.694636,-4.420490,5.071237,-1.603518,-6.024008,4.104e-09,2.105e-10,1.479e-05,1.479e-05,1.00000000
17.000000,-1.691104,2.064370,-4.302353,5.062776,-1.615677,-5.918030,4.798e-09,2.351e-10,1.202e-05,1.202e-05,1.00000000
17.050000,-1.764851,2.354802,-4.113391,5.057646,-1.626195,-5.739586,5.659e-09,2.566e-10,9.797e-06,9.797e-06,1.00000000
17.100000,-1.972362,2.462146,-3.954356,5.058587,-1.636180,-5.590536,6.543e-09,3.151e-10,8.397e-06,8.397e-06,1.00000000
17.150000,-2.172657,2.364502,-3.910261,5.059787,-1.648334,-5.558595,7.524e-09,4.066e-10,8.027e-06,8.027e-06,1.00000000
17.200000,-2.219330,2.144710,-4.009731,5.059955,-1.658370,-5.668101,8.450e-09,5.260e-10,8.145e-06,8.145e-06,1.00000000
17.250000,-2.041479,1.953604,-4.203002,5.064527,-1.660080,-5.863082,9.584e-09,6.616e-10,8.617e-06,8.617e-06,1.00000000
17.300000,-1.685756,1.923512,-4.381312,5.073221,-1.656508,-6.037820,1.118e-08,8.165e-10,8.679e-06,8.679e-06,1.00000000
17.350000,-1.290442,2.094368,-4.441217,5.077009,-1.656979,-6.098196,1.286e-08,9.949e-10,8.340e-06,8.340e-06,1.00000000
17.400000,-1.012958,2.403988,-4.349938,5.072199,-1.664790,-6.014728,1.456e-08,1.175e-09,7.320e-06,7.320e-06,1.00000000
17.450000,-0.951273,2.726918,-4.161798,5.065724,-1.675599,-5.837397,1.644e-08,1.331e-09,6.160e-06,6.160e-06,1.00000000
17.500000,-1.093671,2.931085,-3.981763,5.063775,-1.685846,-5.667609,1.850e-08,1.428e-09,5.402e-06,5.402e-06,1.00000000
17.550000,-1.322198,2.938631,-3.906399,5.063963,-1.696650,-5.603049,2.006e-08,1.486e-09,5.099e-06,5.099e-06,1.00000000
17.600000,-1.470815,2.767752,-3.976460,5.063199,-1.707226,-5.683686,2.066e-08,1.549e-09,5.292e-06,5.292e-06,1.00000000
17.650000,-1.411530,2.526786,-4.156713,5.065109,-1.711951,-5.868664,2.142e-08,1.644e-09,5.414e-06,5.414e-06,1.00000000
17.700000,-1.119990,2.357142,-4.349283,5.072155,-1.708711,-6.057994,2.260e-08,1.742e-09,5.485e-06,5.485e-06,1.00000000
17.750000,-0.691602,2.359536,-4.444103,5.078954,-1.703759,-6.147862,2.313e-08,1.817e-09,6.164e-06,6.164e-06,1.00000000
17.800000,-0.294933,2.546861,-4.384596,5.079190,-1.704633,-6.089228,2.281e-08,1.852e-09,6.967e-06,6.967e-06,1.00000000
17.850000,-0.085987,2.841437,-4.203337,5.074367,-1.712665,-5.916002,2.258e-08,1.865e-09,8.027e-06,8.027e-06,1.00000000
17.900000,-0.124486,3.108990,-4.004004,5.070834,-1.723371,-5.727375,2.251e-08,1.892e-09,9.505e-06,9.505e-06,1.00000000
17.950000,-0.337409,3.224487,-3.898222,5.070236,-1.733805,-5.632027,2.229e-08,1.903e-09,1.152e-05,1.152e-05,1.00000000
18.000000,-0.559665,3.138012,-3.942589,5.069946,-1.743564,-5.686153,2.109e-08,1.922e-09,1.293e-05,1.293e-05,1.00000000
18.050000,-0.623840,2.899787,-4.111426,5.069691,-1.751174,-5.862600,1.890e-08,1.976e-09,1.365e-05,1.365e-05,1.00000000
18.100000,-0.443725,2.631371,-4.313579,5.072275,-1.753308,-6.066887,1.675e-08,2.059e-09,1.389e-05,1.389e-05,1.00000000
18.150000,-0.054823,2.465737,-4.438857,5.078023,-1.749822,-6.188679,1.472e-08,2.168e-09,1.303e-05,1.303e-05,1.00000000
18.200000,0.400372,2.485693,-4.414620,5.082110,-1.747089,-6.161709,1.344e-08,2.259e-09,1.200e-05,1.200e-05,1.00000000
18.250000,0.739858,2.684293,-4.250027,5.080901,-1.751753,-6.001780,1.246e-08,2.295e-09,1.216e-05,1.216e-05,1.00000000
18.300000,0.837020,2.962966,-4.037847,5.077792,-1.762822,-5.800669,1.210e-08,2.262e-09,1.378e-05,1.378e-05,1.00000000
18.350000,0.693175,3.175142,-3.900295,5.076841,-1.775193,-5.675488,1.240e-08,2.188e-09,1.668e-05,1.668e-05,1.00000000
18.400000,0.438842,3.202697,-3.914870,5.077013,-1.786350,-5.701220,1.292e-08,2.098e-09,1.923e-05,1.923e-05,1.00000000
18.450000,0.260786,3.020427,-4.071344,5.076104,-1.796166,-5.867510,1.350e-08,2.030e-09,2.043e-05,2.043e-05,1.00000000
18.500000,0.301859,2.706862,-4.282717,5.075419,-1.802897,-6.085613,1.431e-08,2.006e-09,1.967e-05,1.967e-05,1.00000000
18.550000,0.592829,2.403985,-4.433355,5.077916,-1.804692,-6.238047,1.551e-08,2.068e-09,1.699e-05,1.699e-05,1.00000000
18.600000,1.036488,2.248670,-4.438291,5.082248,-1.804729,-6.243020,1.662e-08,2.197e-09,1.421e-05,1.421e-05,1.00000000
18.650000,1.454487,2.306379,-4.291795,5.084724,-1.808860,-6.100654,1.784e-08,2.356e-09,1.183e-05,1.183e-05,1.00000000
18.700000,1.678573,2.534428,-4.075365,5.084243,-1.819495,-5.894860,1.943e-08,2.599e-09,1.036e-05,1.036e-05,1.00000000
18.750000,1.641316,2.797586,-3.913008,5.082522,-1.834064,-5.747072,2.067e-08,2.876e-09,9.967e-06,9.967e-06,1.00000000
18.800000,1.413983,2.936254,-3.898752,5.081457,-1.847784,-5.746536,2.248e-08,3.081e-09,1.052e-05,1.052e-05,1.00000000
18.850000,1.166068,2.852217,-4.040084,5.081057,-1.858651,-5.898736,2.467e-08,3.228e-09,1.091e-05,1.091e-05,1.00000000
18.900000,1.071996,2.559234,-4.254795,5.079581,-1.868122,-6.122918,2.664e-08,3.318e-09,1.064e-05,1.064e-05,1.00000000
18.950000,1.221717,2.176398,-4.422814,5.078443,-1.875849,-6.298664,2.776e-08,3.345e-09,1.009e-05,1.009e-05,1.00000000
19.000000,1.580416,1.868893,-4.453736,5.081953,-1.879563,-6.333299,2.886e-08,3.401e-09,8.938e-06,8.938e-06,1.00000000
19.050000,2.006979,1.763951,-4.330323,5.088338,-1.882630,-6.212953,2.950e-08,3.480e-09,7.648e-06,7.648e-06,1.00000000
19.100000,2.323446,1.885422,-4.118171,5.090437,-1.892479,-6.010650,3.002e-08,3.479e-09,6.678e-06,6.678e-06,1.00000000
19.150000,2.407645,2.140647,-3.937315,5.087393,-1.909233,-5.846547,3.020e-08,3.306e-09,6.370e-06,6.370e-06,1.00000000
19.200000,2.259415,2.362576,-3.895051,5.085090,-1.925082,-5.820133,2.948e-08,3.118e-09,6.330e-06,6.330e-06,1.00000000
19.250000,1.999240,2.394306,-4.015839,5.084941,-1.936401,-5.952240,2.856e-08,2.926e-09,6.698e-06,6.698e-06,1.00000000
19.300000,1.799805,2.175879,-4.225957,5.082565,-1.946845,-6.172803,2.726e-08,2.707e-09,7.169e-06,7.169e-06,1.00000000
19.350000,1.796217,1.780184,-4.405887,5.080088,-1.956502,-6.362389,2.549e-08,2.506e-09,7.506e-06,7.506e-06,1.00000000
19.400000,2.019215,1.370262,-4.459321,5.083345,-1.961405,-6.420726,2.291e-08,2.311e-09,7.935e-06,7.935e-06,1.00000000
19.450000,2.383290,1.111536,-4.357541,5.089573,-1.964037,-6.321578,2.003e-08,2.138e-09,8.749e-06,8.749e-06,1.00000000
19.500000,2.733439,1.092415,-4.154809,5.091905,-1.970980,-6.125788,1.729e-08,2.014e-09,1.022e-05,1.022e-05,1.00000000
19.550000,2.923204,1.281799,-3.964859,5.090014,-1.983112,-5.947971,1.535e-08,1.955e-09,1.187e-05,1.187e-05,1.00000000
19.600000,2.886868,1.537065,-3.897661,5.088058,-1.995406,-5.893067,1.404e-08,1.887e-09,1.326e-05,1.326e-05,1.00000000
19.650000,2.671942,1.673699,-3.990864,5.086014,-2.005246,-5.996111,1.316e-08,1.771e-09,1.423e-05,1.423e-05,1.00000000
19.700000,2.415767,1.568661,-4.188069,5.082967,-2.013531,-6.201601,1.236e-08,1.693e-09,1.525e-05,1.525e-05,1.00000000
19.750000,2.270545,1.229125,-4.376954,5.081717,-2.019786,-6.396740,1.130e-08,1.690e-09,1.527e-05,1.527e-05,1.00000000
19.800000,2.324013,0.781987,-4.454392,5.084698,-2.022308,-6.476700,1.049e-08,1.658e-09,1.470e-05,1.470e-05,1.00000000
19.850000,2.562496,0.404423,-4.378786,5.089569,-2.022915,-6.401701,9.822e-09,1.602e-09,1.491e-05,1.491e-05,1.00000000
19.900000,2.881207,0.238341,-4.192565,5.092716,-2.024966,-6.217531,1.000e-08,1.614e-09,1.588e-05,1.588e-05,1.00000000
19.950000,3.135838,0.317878,-4.000313,5.092841,-2.029931,-6.030244,1.048e-08,1.686e-09,1.739e-05,1.739e-05,1.00000000
20.000000,3.213392,0.547877,-3.911142,5.091472,-2.035848,-5.946990,1.138e-08,1.831e-09,1.927e-05,1.927e-05,1.00000000
20.050000,3.088329,0.753152,-3.974595,5.089442,-2.040907,-6.015503,1.252e-08,1.981e-09,2.098e-05,2.098e-05,1.00000000
20.100000,2.834218,0.772176,-4.152127,5.086178,-2.045515,-6.197642,1.393e-08,2.119e-09,2.065e-05,2.065e-05,1.00000000
20.150000,2.585890,0.543135,-4.343588,5.084150,-2.048549,-6.392137,1.550e-08,2.251e-09,1.922e-05,1.922e-05,1.00000000
20.200000,2.471119,0.132501,-4.444075,5.086628,-2.048179,-6.492253,1.662e-08,2.397e-09,1.671e-05,1.671e-05,1.00000000
20.250000,2.546713,-0.300895,-4.397795,5.090863,-2.046986,-6.444781,1.779e-08,2.530e-09,1.458e-05,1.458e-05,1.00000000
20.300000,2.771608,-0.587001,-4.231410,5.092270,-2.047886,-6.279296,1.998e-08,2.860e-09,1.298e-05,1.298e-05,1.00000000
20.350000,3.031401,-0.635146,-4.041335,5.091678,-2.049350,-6.090685,2.344e-08,3.392e-09,1.183e-05,1.183e-05,1.00000000
20.400000,3.195171,-0.480477,-3.935797,5.092197,-2.049052,-5.984849,2.858e-08,4.008e-09,1.163e-05,1.163e-05,1.00000000
20.450000,3.177558,-0.261390,-3.970098,5.091844,-2.049345,-6.019444,3.485e-08,4.691e-09,1.171e-05,1.171e-05,1.00000000
20.500000,2.981220,-0.144387,-4.120431,5.087875,-2.052764,-6.173195,4.076e-08,5.467e-09,1.156e-05,1.156e-05,1.00000000
20.550000,2.697716,-0.239590,-4.303593,5.084878,-2.056010,-6.359603,4.578e-08,6.295e-09,1.114e-05,1.114e-05,1.00000000
20.600000,2.458129,-0.546032,-4.419620,5.086609,-2.056265,-6.475886,5.033e-08,7.025e-09,9.810e-06,9.810e-06,1.00000000
20.650000,2.365971,-0.953876,-4.403686,5.089219,-2.056315,-6.460001,5.484e-08,7.654e-09,8.761e-06,8.761e-06,1.00000000
20.700000,2.450117,-1.304079,-4.266544,5.089901,-2.057530,-6.324073,5.782e-08,8.316e-09,7.740e-06,7.740e-06,1.00000000
20.750000,2.652560,-1.471330,-4.088739,5.091039,-2.057566,-6.146305,5.869e-08,8.810e-09,7.236e-06,7.236e-06,1.00000000
20.800000,2.853600,-1.425914,-3.969735,5.092648,-2.056923,-6.026658,5.857e-08,9.266e-09,7.362e-06,7.362e-06,1.00000000
20.850000,2.931834,-1.246710,-3.972172,5.091963,-2.058875,-6.031047,5.823e-08,9.820e-09,7.695e-06,7.695e-06,1.00000000
20.900000,2.828270,-1.077382,-4.091960,5.089598,-2.063559,-6.155519,5.764e-08,1.034e-08,8.013e-06,8.013e-06,1.00000000
20.950000,2.574275,-1.049944,-4.261516,5.088201,-2.069005,-6.330521,5.769e-08,1.059e-08,8.507e-06,8.507e-06,1.00000000
21.000000,2.272321,-1.217768,-4.386236,5.087776,-2.074838,-6.461074,5.817e-08,1.057e-08,9.330e-06,9.330e-06,1.00000000
21.050000,2.044473,-1.533240,-4.399482,5.087842,-2.079905,-6.479386,5.832e-08,1.024e-08,1.054e-05,1.054e-05,1.00000000
21.100000,1.973286,-1.878049,-4.298408,5.088933,-2.082156,-6.380564,5.812e-08,9.880e-09,1.186e-05,1.186e-05,1.00000000
21.150000,2.062407,-2.125049,-4.140866,5.090789,-2.082032,-6.222898,5.538e-08,9.854e-09,1.349e-05,1.349e-05,1.00000000
21.200000,2.236102,-2.198148,-4.011991,5.091962,-2.082882,-6.094872,5.198e-08,9.980e-09,1.528e-05,1.528e-05,1.00000000
21.250000,2.375147,-2.107165,-3.981153,5.092253,-2.086258,-6.067411,4.827e-08,1.038e-08,1.749e-05,1.749e-05,1.00000000
21.300000,2.375713,-1.942447,-4.064164,5.092597,-2.091329,-6.155493,4.606e-08,1.098e-08,1.860e-05,1.860e-05,1.00000000
21.350000,2.202680,-1.825563,-4.212276,5.091930,-2.098703,-6.310979,4.457e-08,1.149e-08,1.837e-05,1.837e-05,1.00000000
21.400000,1.907923,-1.845717,-4.342395,5.089522,-2.108599,-6.450994,4.336e-08,1.200e-08,1.759e-05,1.759e-05,1.00000000
21.450000,1.600213,-2.018858,-4.387051,5.087503,-2.117277,-6.504328,4.360e-08,1.243e-08,1.725e-05,1.725e-05,1.00000000
21.500000,1.389591,-2.286770,-4.327045,5.087592,-2.121382,-6.448427,4.457e-08,1.247e-08,1.790e-05,1.790e-05,1.00000000
21.550000,1.335641,-2.549907,-4.196340,5.088736,-2.122462,-6.318802,4.515e-08,1.210e-08,1.906e-05,1.906e-05,1.00000000
21.600000,1.422380,-2.712716,-4.064852,5.089697,-2.124096,-6.188948,4.460e-08,1.149e-08,2.011e-05,2.011e-05,1.00000000
21.650000,1.563233,-2.728211,-4.004861,5.091733,-2.126604,-6.131466,4.508e-08,1.123e-08,2.138e-05,2.138e-05,1.00000000
21.700000,1.641816,-2.620936,-4.049057,5.095069,-2.129670,-6.178728,4.626e-08,1.157e-08,2.178e-05,2.178e-05,1.00000000
21.750000,1.572796,-2.472633,-4.170049,5.096755,-2.135442,-6.305490,4.920e-08,1.228e-08,2.108e-05,2.108e-05,1.00000000
21.800000,1.347372,-2.377499,-4.299311,5.094309,-2.145211,-6.444522,5.073e-08,1.295e-08,1.986e-05,1.986e-05,1.00000000
21.850000,1.033449,-2.397348,-4.369540,5.090008,-2.155238,-6.524779,5.242e-08,1.366e-08,1.723e-05,1.723e-05,1.00000000
21.900000,0.737480,-2.537802,-4.347988,5.088155,-2.160475,-6.508463,5.619e-08,1.427e-08,1.461e-05,1.461e-05,1.00000000
21.950000,0.553922,-2.747249,-4.246952,5.088301,-2.161926,-6.408878,6.108e-08,1.489e-08,1.291e-05,1.291e-05,1.00000000
22.000000,0.523092,-2.940499,-4.119958,5.088635,-2.162972,-6.282930,6.456e-08,1.555e-08,1.278e-05,1.278e-05,1.00000000
22.050000,0.608760,-3.040565,-4.037638,5.090987,-2.163254,-6.200892,6.828e-08,1.623e-08,1.373e-05,1.373e-05,1.00000000
22.100000,0.714264,-3.015803,-4.045198,5.095966,-2.162780,-6.207978,7.105e-08,1.669e-08,1.390e-05,1.390e-05,1.00000000
22.150000,0.734186,-2.893066,-4.134949,5.099673,-2.164996,-6.299945,7.176e-08,1.678e-08,1.358e-05,1.358e-05,1.00000000
22.200000,0.610059,-2.741673,-4.255044,5.098465,-2.172142,-6.427186,7.099e-08,1.654e-08,1.242e-05,1.242e-05,1.00000000
22.250000,0.356363,-2.640106,-4.342063,5.094180,-2.181185,-6.523248,6.933e-08,1.635e-08,1.053e-05,1.053e-05,1.00000000
22.300000,0.048882,-2.640111,-4.352824,5.091135,-2.187351,-6.540175,6.792e-08,1.616e-08,9.379e-06,9.379e-06,1.00000000
22.350000,-0.213210,-2.742144,-4.282349,5.089531,-2.190399,-6.472748,6.692e-08,1.577e-08,8.827e-06,8.827e-06,1.00000000
22.400000,-0.354014,-2.897407,-4.168051,5.088511,-2.192303,-6.360354,6.585e-08,1.486e-08,8.450e-06,8.450e-06,1.00000000
22.450000,-0.358630,-3.032455,-4.072824,5.090412,-2.192796,-6.265620,6.338e-08,1.346e-08,8.558e-06,8.558e-06,1.00000000
22.500000,-0.280467,-3.082480,-4.048402,5.096068,-2.192149,-6.240552,5.976e-08,1.241e-08,9.176e-06,9.176e-06,1.00000000
22.550000,-0.213015,-3.020491,-4.104966,5.100930,-2.193704,-6.298670,5.728e-08,1.155e-08,9.918e-06,9.918e-06,1.00000000
22.600000,-0.240552,-2.872417,-4.208702,5.101158,-2.200006,-6.408707,5.403e-08,1.085e-08,1.074e-05,1.074e-05,1.00000000
22.650000,-0.396638,-2.703289,-4.304504,5.098417,-2.208527,-6.513032,4.954e-08,1.017e-08,1.162e-05,1.162e-05,1.00000000
22.700000,-0.651772,-2.583968,-4.342857,5.095302,-2.216004,-6.558861,4.523e-08,9.442e-09,1.280e-05,1.280e-05,1.00000000
22.750000,-0.929425,-2.558472,-4.303181,5.091854,-2.222293,-6.525474,4.211e-08,8.750e-09,1.448e-05,1.448e-05,1.00000000
22.800000,-1.143997,-2.625352,-4.206873,5.089105,-2.227495,-6.434369,3.875e-08,8.446e-09,1.599e-05,1.599e-05,1.00000000
22.850000,-1.242434,-2.739394,-4.106659,5.090439,-2.230574,-6.337233,3.539e-08,8.191e-09,1.752e-05,1.752e-05,1.00000000
22.900000,-1.227867,-2.830380,-4.056435,5.096408,-2.232045,-6.288480,3.358e-08,7.936e-09,1.898e-05,1.898e-05,1.00000000
22.950000,-1.157770,-2.834632,-4.081623,5.102472,-2.234800,-6.316423,3.165e-08,7.766e-09,2.010e-05,2.010e-05,1.00000000
23.000000,-1.115681,-2.729622,-4.166324,5.104296,-2.241633,-6.407957,2.976e-08,7.596e-09,2.086e-05,2.086e-05,1.00000000
23.050000,-1.167413,-2.546438,-4.264766,5.102492,-2.251748,-6.516514,2.917e-08,7.511e-09,2.061e-05,2.061e-05,1.00000000
23.100000,-1.328477,-2.350769,-4.325682,5.099264,-2.262539,-6.588221,2.996e-08,7.715e-09,2.076e-05,2.076e-05,1.00000000
23.150000,-1.561552,-2.209197,-4.317795,5.095327,-2.272448,-6.590243,3.123e-08,8.127e-09,2.135e-05,2.135e-05,1.00000000
23.200000,-1.797536,-2.161366,-4.246241,5.092465,-2.280159,-6.526400,3.272e-08,8.725e-09,2.224e-05,2.224e-05,1.00000000
23.250000,-1.966408,-2.204613,-4.149579,5.093731,-2.285239,-6.434819,3.504e-08,9.444e-09,2.264e-05,2.264e-05,1.00000000
23.300000,-2.027250,-2.288964,-4.080538,5.099009,-2.288275,-6.368813,3.757e-08,9.979e-09,2.304e-05,2.304e-05,1.00000000
23.350000,-1.991736,-2.338491,-4.076276,5.104075,-2.291954,-6.368230,4.032e-08,1.075e-08,2.325e-05,2.325e-05,1.00000000
23.400000,-1.919840,-2.293292,-4.138581,5.106156,-2.298263,-6.436844,4.424e-08,1.176e-08,2.197e-05,2.197e-05,1.00000000
23.450000,-1.886404,-2.142481,-4.233576,5.106066,-2.307395,-6.540971,4.738e-08,1.321e-08,1.971e-05,1.971e-05,1.00000000
23.500000,-1.939968,-1.925315,-4.310891,5.104321,-2.318540,-6.629431,5.326e-08,1.462e-08,1.771e-05,1.771e-05,1.00000000
23.550000,-2.083892,-1.706781,-4.331917,5.101099,-2.329175,-6.661093,6.042e-08,1.639e-08,1.647e-05,1.647e-05,1.00000000
23.600000,-2.282688,-1.549927,-4.287080,5.098234,-2.337057,-6.624137,6.726e-08,1.839e-08,1.636e-05,1.636e-05,1.00000000
23.650000,-2.476308,-1.492103,-4.199836,5.098734,-2.341584,-6.541419,7.193e-08,2.035e-08,1.638e-05,1.638e-05,1.00000000
23.700000,-2.601985,-1.524542,-4.116146,5.102667,-2.344267,-6.460413,7.655e-08,2.265e-08,1.612e-05,1.612e-05,1.00000000
23.750000,-2.625372,-1.588312,-4.081473,5.106244,-2.347508,-6.428980,8.308e-08,2.497e-08,1.512e-05,1.512e-05,1.00000000
23.800000,-2.563777,-1.604717,-4.115878,5.107692,-2.352203,-6.468080,9.308e-08,2.686e-08,1.379e-05,1.379e-05,1.00000000
23.850000,-2.476805,-1.519215,-4.201900,5.108673,-2.357660,-6.559560,1.038e-07,2.851e-08,1.241e-05,1.241e-05,1.00000000
23.900000,-2.430105,-1.328885,-4.292814,5.108777,-2.364419,-6.657233,1.122e-07,2.968e-08,1.133e-05,1.133e-05,1.00000000
23.950000,-2.464188,-1.079225,-4.339501,5.105705,-2.372991,-6.712493,1.174e-07,3.080e-08,1.035e-05,1.035e-05,1.00000000
24.000000,-2.582467,-0.841848,-4.318915,5.102046,-2.379997,-6.698913,1.197e-07,3.203e-08,1.004e-05,1.004e-05,1.00000000
24.050000,-2.751264,-0.684493,-4.242822,5.102894,-2.382416,-6.625238,1.195e-07,3.303e-08,1.025e-05,1.025e-05,1.00000000
24.100000,-2.907477,-0.639727,-4.149399,5.106876,-2.383059,-6.532457,1.194e-07,3.374e-08,1.089e-05,1.089e-05,1.00000000
24.150000,-2.987106,-0.682594,-4.087587,5.108533,-2.386020,-6.473607,1.199e-07,3.407e-08,1.158e-05,1.158e-05,1.00000000
24.200000,-2.964346,-0.739287,-4.094154,5.108423,-2.389808,-6.483962,1.193e-07,3.354e-08,1.240e-05,1.240e-05,1.00000000
24.250000,-2.865342,-0.726992,-4.168796,5.110534,-2.391389,-6.560185,1.155e-07,3.277e-08,1.336e-05,1.336e-05,1.00000000
24.300000,-2.748957,-0.598171,-4.269435,5.112989,-2.392812,-6.662248,1.125e-07,3.229e-08,1.485e-05,1.485e-05,1.00000000
24.350000,-2.677355,-0.364348,-4.338627,5.111229,-2.397376,-6.736003,1.117e-07,3.202e-08,1.664e-05,1.664e-05,1.00000000
24.400000,-2.691743,-0.088384,-4.339687,5.107462,-2.402695,-6.742382,1.091e-07,3.255e-08,1.827e-05,1.827e-05,1.00000000
24.450000,-2.793034,0.145746,-4.273737,5.107554,-2.404250,-6.677987,1.043e-07,3.398e-08,2.067e-05,2.067e-05,1.00000000
24.500000,-2.936210,0.272044,-4.173844,5.110412,-2.403959,-6.577803,1.016e-07,3.559e-08,2.282e-05,2.282e-05,1.00000000
24.550000,-3.050492,0.276771,-4.090620,5.110310,-2.406957,-6.497577,1.004e-07,3.688e-08,2.413e-05,2.413e-05,1.00000000
24.600000,-3.077445,0.209698,-4.071705,5.108173,-2.411752,-6.483457,1.005e-07,3.752e-08,2.478e-05,2.478e-05,1.00000000
24.650000,-3.001319,0.161230,-4.132361,5.109825,-2.412874,-6.545234,9.956e-08,3.761e-08,2.463e-05,2.463e-05,1.00000000
24.700000,-2.855080,0.212420,-4.238883,5.115148,-2.410973,-6.649857,1.009e-07,3.756e-08,2.350e-05,2.350e-05,1.00000000
24.750000,-2.702039,0.389978,-4.328118,5.117197,-2.412198,-6.740315,1.028e-07,3.712e-08,2.257e-05,2.257e-05,1.00000000
24.800000,-2.607977,0.654592,-4.350603,5.114468,-2.417432,-6.768035,1.070e-07,3.670e-08,2.208e-05,2.208e-05,1.00000000
24.850000,-2.610190,0.925851,-4.297974,5.113010,-2.421061,-6.719035,1.085e-07,3.659e-08,2.158e-05,2.158e-05,1.00000000
24.900000,-2.697028,1.120095,-4.198160,5.114012,-2.422691,-6.620851,1.126e-07,3.696e-08,2.209e-05,2.209e-05,1.00000000
24.950000,-2.812349,1.187873,-4.100914,5.112519,-2.427647,-6.528561,1.177e-07,3.747e-08,2.306e-05,2.306e-05,1.00000000
25.000000,-2.882847,1.142050,-4.060688,5.109234,-2.435350,-6.496038,1.225e-07,3.835e-08,2.241e-05,2.241e-05,1.00000000
25.050000,-2.852683,1.056715,-4.106463,5.110526,-2.439054,-6.545516,1.305e-07,3.956e-08,2.060e-05,2.060e-05,1.00000000
25.100000,-2.711482,1.029655,-4.214855,5.116378,-2.437864,-6.652719,1.384e-07,4.064e-08,1.882e-05,1.882e-05,1.00000000
25.150000,-2.505157,1.125653,-4.321165,5.120095,-2.438329,-6.759494,1.437e-07,4.160e-08,1.731e-05,1.731e-05,1.00000000
25.200000,-2.315039,1.340862,-4.365058,5.119673,-2.443036,-6.808094,1.467e-07,4.258e-08,1.685e-05,1.685e-05,1.00000000
25.250000,-2.211737,1.610096,-4.326022,5.118462,-2.448334,-6.774356,1.486e-07,4.424e-08,1.649e-05,1.649e-05,1.00000000
25.300000,-2.219390,1.844506,-4.226257,5.117533,-2.453228,-6.679485,1.482e-07,4.604e-08,1.588e-05,1.588e-05,1.00000000
25.350000,-2.308664,1.971507,-4.116724,5.115094,-2.461157,-6.577882,1.463e-07,4.802e-08,1.516e-05,1.516e-05,1.00000000
25.400000,-2.408695,1.966901,-4.057582,5.112190,-2.471987,-6.529570,1.448e-07,4.825e-08,1.422e-05,1.422e-05,1.00000000
25.450000,-2.434528,1.872137,-4.087450,5.112638,-2.480291,-6.567741,1.447e-07,4.800e-08,1.341e-05,1.341e-05,1.00000000
25.500000,-2.330892,1.779322,-4.194177,5.117633,-2.482952,-6.677129,1.457e-07,4.619e-08,1.255e-05,1.255e-05,1.00000000
25.550000,-2.109446,1.779828,-4.316138,5.123143,-2.484052,-6.800190,1.436e-07,4.422e-08,1.174e-05,1.174e-05,1.00000000
25.600000,-1.845458,1.911521,-4.382169,5.124747,-2.488516,-6.870685,1.422e-07,4.244e-08,1.129e-05,1.129e-05,1.00000000
25.650000,-1.635918,2.142839,-4.356158,5.122900,-2.496059,-6.852218,1.402e-07,4.158e-08,1.159e-05,1.159e-05,1.00000000
25.700000,-1.549027,2.392596,-4.253616,5.120279,-2.504437,-6.758053,1.353e-07,4.004e-08,1.234e-05,1.234e-05,1.00000000
25.750000,-1.591839,2.570371,-4.129501,5.117962,-2.514159,-6.643660,1.291e-07,3.737e-08,1.377e-05,1.377e-05,1.00000000
25.800000,-1.705247,2.617693,-4.051359,5.116023,-2.525987,-6.577345,1.194e-07,3.510e-08,1.527e-05,1.527e-05,1.00000000
25.850000,-1.787884,2.538023,-4.065770,5.115523,-2.537281,-6.603051,1.090e-07,3.358e-08,1.680e-05,1.680e-05,1.00000000
25.900000,-1.745799,2.400544,-4.169950,5.118487,-2.543765,-6.713714,9.901e-08,3.211e-08,1.819e-05,1.819e-05,1.00000000
25.950000,-1.546606,2.305546,-4.307188,5.124393,-2.545311,-6.852499,9.012e-08,3.036e-08,1.894e-05,1.894e-05,1.00000000
26.000000,-1.241741,2.328747,-4.398004,5.129076,-2.546705,-6.944709,8.503e-08,2.796e-08,1.932e-05,1.932e-05,1.00000000
26.050000,-0.939443,2.482554,-4.388694,5.128963,-2.552256,-6.940950,7.858e-08,2.627e-08,1.924e-05,1.924e-05,1.00000000
26.100000,-0.748198,2.713124,-4.284170,5.125910,-2.561346,-6.845515,7.465e-08,2.521e-08,2.026e-05,2.026e-05,1.00000000
26.150000,-0.721030,2.928009,-4.142597,5.123888,-2.571845,-6.714442,7.176e-08,2.536e-08,2.234e-05,2.234e-05,1.00000000
26.200000,-0.826607,3.037294,-4.042113,5.123194,-2.583373,-6.625486,7.089e-08,2.649e-08,2.397e-05,2.397e-05,1.00000000
26.250000,-0.960287,2.998873,-4.039932,5.122152,-2.595103,-6.635036,7.016e-08,2.729e-08,2.499e-05,2.499e-05,1.00000000
26.300000,-0.996347,2.844953,-4.141289,5.122181,-2.603345,-6.744634,7.227e-08,2.787e-08,2.489e-05,2.489e-05,1.00000000
26.350000,-0.856377,2.667505,-4.292748,5.126075,-2.605180,-6.897928,7.486e-08,2.880e-08,2.492e-05,2.492e-05,1.00000000
26.400000,-0.553452,2.568316,-4.407976,5.131551,-2.603661,-7.011637,7.786e-08,3.054e-08,2.497e-05,2.497e-05,1.00000000
26.450000,-0.187554,2.607303,-4.418120,5.133516,-2.604767,-7.022886,8.301e-08,3.247e-08,2.369e-05,2.369e-05,1.00000000
26.500000,0.104762,2.775914,-4.314770,5.131658,-2.610887,-6.925656,9.042e-08,3.495e-08,2.299e-05,2.299e-05,1.00000000
26.550000,0.221289,2.998895,-4.156199,5.129945,-2.619746,-6.775945,9.761e-08,3.666e-08,2.268e-05,2.268e-05,1.00000000
26.600000,0.151886,3.166903,-4.032392,5.129574,-2.629128,-6.661520,1.038e-07,3.820e-08,2.245e-05,2.245e-05,1.00000000
26.650000,-0.013103,3.192991,-4.012920,5.128245,-2.638905,-6.651825,1.118e-07,4.150e-08,2.175e-05,2.175e-05,1.00000000
26.700000,-0.131462,3.061107,-4.110508,5.126786,-2.647035,-6.757543,1.215e-07,4.500e-08,2.019e-05,2.019e-05,1.00000000
26.750000,-0.083503,2.832847,-4.274168,5.128402,-2.649663,-6.923830,1.316e-07,4.918e-08,1.875e-05,1.875e-05,1.00000000
26.800000,0.165955,2.616696,-4.412552,5.132763,-2.647379,-7.059932,1.431e-07,5.461e-08,1.706e-05,1.706e-05,1.00000000
26.850000,0.545822,2.515854,-4.444128,5.135924,-2.645655,-7.089783,1.552e-07,5.914e-08,1.615e-05,1.615e-05,1.00000000
26.900000,0.912590,2.578095,-4.347892,5.136493,-2.648308,-6.996201,1.658e-07,6.317e-08,1.551e-05,1.551e-05,1.00000000
26.950000,1.125996,2.766721,-4.178194,5.136138,-2.654624,-6.832818,1.775e-07,6.784e-08,1.505e-05,1.505e-05,1.00000000
27.000000,1.126004,2.975121,-4.032224,5.135958,-2.662434,-6.694658,1.914e-07,7.189e-08,1.522e-05,1.522e-05,1.00000000
27.050000,0.965473,3.081452,-3.992398,5.134854,-2.671322,-6.663721,2.033e-07,7.346e-08,1.467e-05,1.467e-05,1.00000000
27.100000,0.780084,3.012226,-4.081755,5.132520,-2.680361,-6.762116,2.098e-07,7.498e-08,1.437e-05,1.437e-05,1.00000000
27.150000,0.718558,2.779738,-4.253377,5.131714,-2.685830,-6.939207,2.116e-07,7.618e-08,1.359e-05,1.359e-05,1.00000000
27.200000,0.867663,2.477414,-4.413017,5.134700,-2.685473,-7.098490,2.117e-07,7.826e-08,1.315e-05,1.315e-05,1.00000000
27.250000,1.203409,2.236025,-4.467416,5.138658,-2.683631,-7.151047,2.118e-07,8.068e-08,1.342e-05,1.342e-05,1.00000000
27.300000,1.600423,2.159779,-4.381532,5.140411,-2.685639,-7.067171,2.121e-07,8.572e-08,1.410e-05,1.410e-05,1.00000000
27.350000,1.898723,2.269184,-4.204201,5.140977,-2.691322,-6.895523,2.153e-07,8.881e-08,1.561e-05,1.561e-05,1.00000000
27.400000,1.990505,2.484501,-4.037437,5.141571,-2.698600,-6.736037,2.223e-07,8.740e-08,1.701e-05,1.701e-05,1.00000000
27.450000,1.875726,2.666501,-3.975139,5.141041,-2.707520,-6.682659,2.246e-07,8.576e-08,1.821e-05,1.821e-05,1.00000000
27.500000,1.658914,2.688995,-4.052340,5.138497,-2.717798,-6.770138,2.221e-07,8.351e-08,1.881e-05,1.881e-05,1.00000000
27.550000,1.495658,2.502628,-4.228425,5.136119,-2.725777,-6.954202,2.173e-07,8.248e-08,1.926e-05,1.926e-05,1.00000000
27.600000,1.514534,2.162451,-4.406333,5.136709,-2.728614,-7.134946,2.081e-07,8.379e-08,1.997e-05,1.997e-05,1.00000000
27.650000,1.748127,1.805155,-4.483994,5.140111,-2.728412,-7.212405,1.910e-07,8.579e-08,2.029e-05,2.029e-05,1.00000000
27.700000,2.114749,1.579789,-4.414386,5.143414,-2.729829,-7.144215,1.758e-07,8.841e-08,2.069e-05,2.069e-05,1.00000000
27.750000,2.462961,1.568784,-4.235891,5.144903,-2.734897,-6.970788,1.677e-07,9.139e-08,2.230e-05,2.230e-05,1.00000000
27.800000,2.651659,1.743485,-4.050672,5.145774,-2.742312,-6.792984,1.655e-07,9.330e-08,2.480e-05,2.480e-05,1.00000000
27.850000,2.620874,1.975000,-3.964191,5.146301,-2.751130,-6.715321,1.673e-07,9.503e-08,2.727e-05,2.727e-05,1.00000000
27.900000,2.420712,2.098892,-4.025113,5.144582,-2.761449,-6.786562,1.756e-07,9.610e-08,2.891e-05,2.891e-05,1.00000000
27.950000,2.186334,2.002556,-4.200857,5.141739,-2.770695,-6.971551,1.842e-07,9.671e-08,2.817e-05,2.817e-05,1.00000000
28.000000,2.069226,1.685039,-4.394564,5.141328,-2.775579,-7.170143,1.945e-07,9.573e-08,2.674e-05,2.674e-05,1.00000000
28.050000,2.157130,1.260268,-4.496005,5.143496,-2.777215,-7.273220,2.053e-07,9.469e-08,2.528e-05,2.528e-05,1.00000000
28.100000,2.429569,0.900342,-4.445575,5.145538,-2.779323,-7.224898,2.103e-07,9.413e-08,2.416e-05,2.416e-05,1.00000000
28.150000,2.772649,0.745985,-4.271293,5.146652,-2.783348,-7.054641,2.125e-07,9.421e-08,2.295e-05,2.295e-05,1.00000000
28.200000,3.037689,0.831847,-4.072505,5.148283,-2.788435,-6.860939,2.172e-07,9.685e-08,2.237e-05,2.237e-05,1.00000000
28.250000,3.113173,1.065701,-3.961374,5.149762,-2.794756,-6.756131,2.219e-07,9.988e-08,2.207e-05,2.207e-05,1.00000000
28.300000,2.980822,1.274466,-4.000462,5.149103,-2.802631,-6.803093,2.263e-07,1.037e-07,2.128e-05,2.128e-05,1.00000000
28.350000,2.726256,1.294831,-4.169123,5.146907,-2.810080,-6.979203,2.346e-07,1.059e-07,1.965e-05,1.965e-05,1.00000000
28.400000,2.495000,1.060073,-4.373624,5.145617,-2.814824,-7.188448,2.392e-07,1.068e-07,1.866e-05,1.866e-05,1.00000000
28.450000,2.416357,0.636469,-4.498664,5.146052,-2.816973,-7.315637,2.460e-07,1.069e-07,1.762e-05,1.762e-05,1.00000000
28.500000,2.539943,0.188915,-4.472880,5.147199,-2.818403,-7.291283,2.502e-07,1.056e-07,1.674e-05,1.674e-05,1.00000000
28.550000,2.813575,-0.103947,-4.310383,5.148438,-2.820343,-7.130727,2.491e-07,1.049e-07,1.595e-05,1.595e-05,1.00000000
28.600000,3.109198,-0.143421,-4.103013,5.149990,-2.822760,-6.925773,2.445e-07,1.060e-07,1.555e-05,1.555e-05,1.00000000
28.650000,3.286250,0.036918,-3.967345,5.151760,-2.825933,-6.793278,2.418e-07,1.061e-07,1.550e-05,1.550e-05,1.00000000
28.700000,3.260261,0.288253,-3.979514,5.152565,-2.830096,-6.809610,2.409e-07,1.036e-07,1.496e-05,1.496e-05,1.00000000
28.750000,3.046085,0.423734,-4.132902,5.151608,-2.834690,-6.967592,2.397e-07,9.869e-08,1.478e-05,1.478e-05,1.00000000
28.800000,2.751198,0.316777,-4.341764,5.149791,-2.838537,-7.180300,2.322e-07,9.402e-08,1.489e-05,1.489e-05,1.00000000
28.850000,2.521258,-0.032211,-4.489030,5.148706,-2.840945,-7.329975,2.229e-07,8.804e-08,1.539e-05,1.539e-05,1.00000000
28.900000,2.467234,-0.496462,-4.492086,5.149034,-2.842211,-7.334297,2.134e-07,8.234e-08,1.585e-05,1.585e-05,1.00000000
28.950000,2.610736,-0.890054,-4.349031,5.149971,-2.843379,-7.192409,1.994e-07,7.923e-08,1.643e-05,1.643e-05,1.00000000
29.000000,2.874286,-1.064188,-4.140166,5.151212,-2.845067,-6.985233,1.921e-07,7.694e-08,1.717e-05,1.717e-05,1.00000000
29.050000,3.117931,-0.983665,-3.983253,5.153193,-2.847183,-6.830436,1.854e-07,7.454e-08,1.779e-05,1.779e-05,1.00000000
29.100000,3.206580,-0.745688,-3.966736,5.154920,-2.849778,-6.816514,1.800e-07,7.235e-08,1.871e-05,1.871e-05,1.00000000
29.150000,3.079803,-0.529994,-4.099807,5.155045,-2.852616,-6.952422,1.774e-07,6.935e-08,1.969e-05,1.969e-05,1.00000000
29.200000,2.786099,-0.501778,-4.306540,5.153679,-2.855842,-7.162381,1.711e-07,6.620e-08,2.055e-05,2.055e-05,1.00000000
29.250000,2.456157,-0.723502,-4.470435,5.151792,-2.859418,-7.329854,1.656e-07,6.400e-08,2.158e-05,2.158e-05,1.00000000
29.300000,2.236169,-1.127514,-4.500540,5.150398,-2.862871,-7.363411,1.605e-07,6.305e-08,2.257e-05,2.257e-05,1.00000000
29.350000,2.216401,-1.554768,-4.380957,5.150002,-2.865918,-7.246875,1.576e-07,6.411e-08,2.417e-05,2.417e-05,1.00000000
29.400000,2.386229,-1.835789,-4.178885,5.150465,-2.868806,-7.047691,1.569e-07,6.622e-08,2.515e-05,2.515e-05,1.00000000
29.450000,2.637043,-1.877406,-4.008008,5.151969,-2.871313,-6.879321,1.540e-07,6.876e-08,2.642e-05,2.642e-05,1.00000000
29.500000,2.814986,-1.710857,-3.964084,5.154138,-2.873281,-6.837365,1.530e-07,7.172e-08,2.720e-05,2.720e-05,1.00000000
29.550000,2.800386,-1.472652,-4.070624,5.155662,-2.875199,-6.945823,1.563e-07,7.190e-08,2.791e-05,2.791e-05,1.00000000
29.600000,2.569800,-1.331179,-4.266399,5.155392,-2.878015,-7.144413,1.656e-07,7.312e-08,2.859e-05,2.859e-05,1.00000000
29.650000,2.208561,-1.399088,-4.441395,5.153753,-2.882115,-7.323510,1.755e-07,7.491e-08,2.754e-05,2.754e-05,1.00000000
29.700000,1.866547,-1.678680,-4.498606,5.151642,-2.887330,-7.385935,1.873e-07,7.796e-08,2.569e-05,2.569e-05,1.00000000
29.750000,1.683127,-2.064906,-4.407606,5.150121,-2.892859,-7.300465,2.034e-07,8.041e-08,2.446e-05,2.446e-05,1.00000000
29.800000,1.716867,-2.400420,-4.220556,5.150023,-2.897884,-7.118440,2.203e-07,8.464e-08,2.342e-05,2.342e-05,1.00000000
29.850000,1.913663,-2.555443,-4.042767,5.151345,-2.901844,-6.944611,2.356e-07,9.030e-08,2.298e-05,2.298e-05,1.00000000
29.900000,2.132974,-2.493457,-3.973865,5.153495,-2.904336,-6.878201,2.461e-07,9.874e-08,2.272e-05,2.272e-05,1.00000000
29.950000,2.220412,-2.288559,-4.051772,5.156024,-2.905318,-6.957090,2.631e-07,1.070e-07,2.245e-05,2.245e-05,1.00000000
30.000000,2.088658,-2.082589,-4.230640,5.157324,-2.906682,-7.137322,2.810e-07,1.144e-07,2.129e-05,2.129e-05,1.00000000
30.050000,1.762238,-2.010594,-4.408373,5.155746,-2.910898,-7.319271,2.965e-07,1.207e-07,1.972e-05,1.972e-05,1.00000000
30.100000,1.365175,-2.134635,-4.486169,5.152289,-2.917985,-7.404154,3.206e-07,1.292e-07,1.861e-05,1.861e-05,1.00000000
30.150000,1.056237,-2.415904,-4.423482,5.149701,-2.925501,-7.348983,3.484e-07,1.357e-07,1.746e-05,1.746e-05,1.00000000
30.200000,0.946903,-2.737113,-4.257450,5.149203,-2.931861,-7.189310,3.688e-07,1.419e-07,1.674e-05,1.674e-05,1.00000000
30.250000,1.044456,-2.962137,-4.081164,5.149859,-2.937152,-7.018316,3.796e-07,1.470e-07,1.679e-05,1.679e-05,1.00000000
30.300000,1.247878,-3.005105,-3.994045,5.151723,-2.940195,-6.934240,3.917e-07,1.524e-07,1.645e-05,1.645e-05,1.00000000
30.350000,1.399628,-2.872939,-4.045357,5.155352,-2.939620,-6.984978,3.994e-07,1.561e-07,1.635e-05,1.635e-05,1.00000000
30.400000,1.369569,-2.658015,-4.203195,5.158257,-2.938603,-7.141798,3.894e-07,1.596e-07,1.633e-05,1.633e-05,1.00000000
30.450000,1.124344,-2.488256,-4.375452,5.157533,-2.941783,-7.317235,3.804e-07,1.616e-07,1.685e-05,1.685e-05,1.00000000
30.500000,0.743607,-2.461912,-4.466437,5.153933,-2.949644,-7.416081,3.708e-07,1.632e-07,1.697e-05,1.697e-05,1.00000000
30.550000,0.373012,-2.600406,-4.429579,5.149993,-2.959003,-7.388583,3.688e-07,1.637e-07,1.724e-05,1.724e-05,1.00000000
30.600000,0.147274,-2.843255,-4.288571,5.147585,-2.967172,-7.255744,3.705e-07,1.661e-07,1.750e-05,1.750e-05,1.00000000
30.650000,0.125736,-3.079477,-4.122084,5.146898,-2.973592,-7.095676,3.713e-07,1.674e-07,1.842e-05,1.842e-05,1.00000000
30.700000,0.262809,-3.201375,-4.022933,5.147995,-2.977281,-7.000214,3.684e-07,1.664e-07,2.003e-05,2.003e-05,1.00000000
30.750000,0.429349,-3.158094,-4.047035,5.151348,-2.976556,-7.023591,3.612e-07,1.637e-07,2.221e-05,2.221e-05,1.00000000
30.800000,0.481498,-2.980675,-4.178475,5.155184,-2.973558,-7.152033,3.471e-07,1.633e-07,2.336e-05,2.336e-05,1.00000000
30.850000,0.340136,-2.765044,-4.339035,5.156393,-2.974023,-7.313059,3.226e-07,1.649e-07,2.410e-05,2.410e-05,1.00000000
30.900000,0.031349,-2.620116,-4.438123,5.153924,-2.980680,-7.418803,3.077e-07,1.682e-07,2.474e-05,2.474e-05,1.00000000
30.950000,-0.335245,-2.613201,-4.424832,5.149791,-2.990765,-7.415597,3.004e-07,1.728e-07,2.512e-05,2.512e-05,1.00000000
31.000000,-0.627260,-2.741085,-4.310974,5.146989,-3.000242,-7.311216,3.030e-07,1.746e-07,2.648e-05,2.648e-05,1.00000000
31.050000,-0.753270,-2.933596,-4.160381,5.146083,-3.007879,-7.168260,3.029e-07,1.714e-07,2.751e-05,2.751e-05,1.00000000
31.100000,-0.706964,-3.087638,-4.056119,5.146397,-3.012959,-7.069077,3.051e-07,1.728e-07,2.824e-05,2.824e-05,1.00000000
31.150000,-0.570548,-3.118876,-4.056506,5.148607,-3.013676,-7.070182,3.054e-07,1.705e-07,2.892e-05,2.892e-05,1.00000000
31.200000,-0.472195,-3.003271,-4.159840,5.152365,-3.010966,-7.170805,3.073e-07,1.684e-07,2.909e-05,2.909e-05,1.00000000
31.250000,-0.515133,-2.789380,-4.303786,5.154472,-3.010548,-7.314334,3.122e-07,1.709e-07,2.832e-05,2.832e-05,1.00000000
31.300000,-0.722586,-2.572557,-4.406341,5.153254,-3.016134,-7.422476,3.190e-07,1.757e-07,2.685e-05,2.685e-05,1.00000000
31.350000,-1.032250,-2.444278,-4.414425,5.150455,-3.025677,-7.440102,3.294e-07,1.864e-07,2.549e-05,2.549e-05,1.00000000
31.400000,-1.335065,-2.446371,-4.328151,5.147817,-3.035734,-7.363885,3.357e-07,2.006e-07,2.360e-05,2.360e-05,1.00000000
31.450000,-1.531190,-2.554756,-4.196417,5.145992,-3.044710,-7.241126,3.418e-07,2.149e-07,2.283e-05,2.283e-05,1.00000000
31.500000,-1.575371,-2.694341,-4.091298,5.145871,-3.051497,-7.142796,3.549e-07,2.211e-07,2.186e-05,2.186e-05,1.00000000
31.550000,-1.497388,-2.772361,-4.070567,5.147589,-3.054724,-7.125292,3.619e-07,2.234e-07,2.126e-05,2.126e-05,1.00000000
31.600000,-1.387710,-2.723590,-4.144281,5.149636,-3.055320,-7.199601,3.604e-07,2.238e-07,2.099e-05,2.099e-05,1.00000000
31.650000,-1.350337,-2.546388,-4.269719,5.151505,-3.055801,-7.325521,3.543e-07,2.252e-07,1.991e-05,1.991e-05,1.00000000
31.700000,-1.447101,-2.304361,-4.376068,5.153072,-3.059195,-7.435263,3.442e-07,2.283e-07,1.907e-05,1.907e-05,1.00000000
31.750000,-1.665406,-2.089687,-4.405453,5.152513,-3.067258,-7.472712,3.340e-07,2.311e-07,1.896e-05,1.896e-05,1.00000000
31.800000,-1.932824,-1.974548,-4.345248,5.149353,-3.078302,-7.423550,3.244e-07,2.368e-07,1.885e-05,1.885e-05,1.00000000
31.850000,-2.159002,-1.980489,-4.231671,5.146908,-3.088557,-7.320228,3.178e-07,2.405e-07,1.854e-05,1.854e-05,1.00000000
31.900000,-2.275180,-2.070172,-4.126606,5.146934,-3.096516,-7.223121,3.067e-07,2.352e-07,1.774e-05,1.774e-05,1.00000000
31.950000,-2.263943,-2.162333,-4.085451,5.147041,-3.103116,-7.188567,2.946e-07,2.217e-07,1.732e-05,1.732e-05,1.00000000
32.000000,-2.170958,-2.171491,-4.130238,5.146580,-3.108047,-7.238285,2.921e-07,2.057e-07,1.726e-05,1.726e-05,1.00000000
32.050000,-2.082608,-2.054096,-4.236547,5.148291,-3.110580,-7.347128,2.915e-07,1.895e-07,1.708e-05,1.708e-05,1.00000000
32.100000,-2.076843,-1.830239,-4.345301,5.152154,-3.112759,-7.458060,2.923e-07,1.807e-07,1.720e-05,1.720e-05,1.00000000
32.150000,-2.183796,-1.570350,-4.395904,5.153536,-3.118685,-7.514589,2.945e-07,1.743e-07,1.792e-05,1.792e-05,1.00000000
32.200000,-2.377559,-1.360283,-4.362319,5.151018,-3.128756,-7.491075,2.981e-07,1.731e-07,1.940e-05,1.940e-05,1.00000000
32.250000,-2.592507,-1.260404,-4.266210,5.148812,-3.139027,-7.405237,2.964e-07,1.733e-07,2.115e-05,2.115e-05,1.00000000
32.300000,-2.752338,-1.275948,-4.160486,5.149083,-3.147549,-7.308035,2.905e-07,1.727e-07,2.159e-05,2.159e-05,1.00000000
32.350000,-2.804726,-1.352878,-4.100298,5.148710,-3.156085,-7.256383,2.822e-07,1.696e-07,2.210e-05,2.210e-05,1.00000000
32.400000,-2.749394,-1.404526,-4.117931,5.146768,-3.164315,-7.282246,2.785e-07,1.648e-07,2.307e-05,2.307e-05,1.00000000
32.450000,-2.639671,-1.355824,-4.205702,5.147237,-3.169153,-7.374855,2.720e-07,1.606e-07,2.385e-05,2.385e-05,1.00000000
32.500000,-2.551884,-1.181521,-4.316540,5.151759,-3.170265,-7.486805,2.611e-07,1.566e-07,2.409e-05,2.409e-05,1.00000000
32.550000,-2.545961,-0.918276,-4.387841,5.155414,-3.172549,-7.560390,2.544e-07,1.521e-07,2.448e-05,2.448e-05,1.00000000
32.600000,-2.639889,-0.647130,-4.379541,5.154432,-3.179497,-7.559038,2.525e-07,1.505e-07,2.554e-05,2.554e-05,1.00000000
32.650000,-2.804005,-0.454274,-4.298207,5.152028,-3.188918,-7.487126,2.590e-07,1.482e-07,2.653e-05,2.653e-05,1.00000000
32.700000,-2.972381,-0.386381,-4.189804,5.151582,-3.198041,-7.387845,2.700e-07,1.477e-07,2.797e-05,2.797e-05,1.00000000
32.750000,-3.072960,-0.425829,-4.112175,5.151155,-3.207530,-7.319705,2.876e-07,1.488e-07,2.953e-05,2.953e-05,1.00000000
32.800000,-3.064942,-0.499401,-4.107128,5.148959,-3.217227,-7.324355,3.038e-07,1.502e-07,3.019e-05,3.019e-05,1.00000000
32.850000,-2.960688,-0.514747,-4.179422,5.147641,-3.223855,-7.403277,3.226e-07,1.556e-07,3.036e-05,3.036e-05,1.00000000
32.900000,-2.818616,-0.407719,-4.291438,5.150463,-3.224942,-7.516380,3.365e-07,1.635e-07,2.896e-05,2.896e-05,1.00000000
32.950000,-2.712680,-0.176506,-4.379889,5.154921,-3.224011,-7.603899,3.457e-07,1.723e-07,2.675e-05,2.675e-05,1.00000000
33.000000,-2.697701,0.115632,-4.392970,5.156467,-3.226792,-7.619762,3.560e-07,1.854e-07,2.461e-05,2.461e-05,1.00000000
33.050000,-2.783254,0.372050,-4.323499,5.155344,-3.234395,-7.557894,3.695e-07,2.009e-07,2.337e-05,2.337e-05,1.00000000
33.100000,-2.926445,0.513941,-4.212063,5.154580,-3.244249,-7.456313,3.831e-07,2.178e-07,2.296e-05,2.296e-05,1.00000000
33.150000,-3.051058,0.522698,-4.121048,5.154145,-3.254790,-7.375838,4.040e-07,2.302e-07,2.272e-05,2.272e-05,1.00000000
33.200000,-3.087144,0.449126,-4.100203,5.152071,-3.265416,-7.365618,4.341e-07,2.398e-07,2.218e-05,2.218e-05,1.00000000
33.250000,-3.007901,0.386456,-4.161850,5.149545,-3.273587,-7.435437,4.727e-07,2.485e-07,2.156e-05,2.156e-05,1.00000000
33.300000,-2.842849,0.422983,-4.273723,5.150283,-3.276213,-7.549936,5.186e-07,2.546e-07,2.136e-05,2.136e-05,1.00000000
33.350000,-2.662328,0.595443,-4.373266,5.154416,-3.274663,-7.647929,5.525e-07,2.583e-07,2.049e-05,2.049e-05,1.00000000
33.400000,-2.543860,0.868727,-4.402036,5.157890,-3.274654,-7.676690,5.711e-07,2.643e-07,1.948e-05,1.948e-05,1.00000000
33.450000,-2.534629,1.152670,-4.342637,5.158632,-3.279826,-7.622463,5.780e-07,2.622e-07,1.907e-05,1.907e-05,1.00000000
33.500000,-2.624830,1.350630,-4.229922,5.158117,-3.289330,-7.519253,5.784e-07,2.650e-07,1.879e-05,1.879e-05,1.00000000
33.550000,-2.749751,1.411649,-4.128557,5.157409,-3.300909,-7.429467,5.751e-07,2.691e-07,1.869e-05,1.869e-05,1.00000000
33.600000,-2.823258,1.355728,-4.094884,5.155275,-3.313253,-7.408137,5.715e-07,2.768e-07,1.848e-05,1.848e-05,1.00000000
33.650000,-2.782855,1.262580,-4.147733,5.151900,-3.324038,-7.471770,5.553e-07,2.846e-07,1.851e-05,1.851e-05,1.00000000
33.700000,-2.622093,1.230743,-4.259036,5.150678,-3.329759,-7.588795,5.409e-07,2.870e-07,1.894e-05,1.894e-05,1.00000000
33.750000,-2.394176,1.326148,-4.366818,5.153625,-3.329981,-7.696800,5.301e-07,2.825e-07,1.948e-05,1.948e-05,1.00000000
33.800000,-2.186387,1.546134,-4.408426,5.158007,-3.329311,-7.737737,5.254e-07,2.793e-07,2.030e-05,2.030e-05,1.00000000
33.850000,-2.076880,1.821547,-4.358588,5.160306,-3.332834,-7.691422,5.207e-07,2.788e-07,2.129e-05,2.129e-05,1.00000000
33.900000,-2.093496,2.053395,-4.246173,5.160343,-3.341506,-7.587679,5.217e-07,2.802e-07,2.234e-05,2.234e-05,1.00000000
33.950000,-2.195922,2.165449,-4.136612,5.159729,-3.353050,-7.489662,5.071e-07,2.811e-07,2.338e-05,2.338e-05,1.00000000
34.000000,-2.295170,2.143562,-4.091703,5.157974,-3.365696,-7.457399,4.985e-07,2.794e-07,2.452e-05,2.452e-05,1.00000000
34.050000,-2.301862,2.041760,-4.135957,5.154948,-3.377555,-7.513512,4.965e-07,2.775e-07,2.519e-05,2.519e-05,1.00000000
34.100000,-2.172626,1.952559,-4.244776,5.152757,-3.385868,-7.630643,4.946e-07,2.781e-07,2.625e-05,2.625e-05,1.00000000
34.150000,-1.931977,1.959213,-4.357768,5.153755,-3.389222,-7.746990,4.906e-07,2.855e-07,2.665e-05,2.665e-05,1.00000000
34.200000,-1.660949,2.093672,-4.410757,5.157227,-3.390085,-7.800842,4.753e-07,2.853e-07,2.721e-05,2.721e-05,1.00000000
34.250000,-1.457725,2.320327,-4.372877,5.160517,-3.392638,-7.765514,4.700e-07,2.858e-07,2.747e-05,2.747e-05,1.00000000
34.300000,-1.385731,2.554527,-4.265984,5.161829,-3.399166,-7.665150,4.742e-07,2.921e-07,2.858e-05,2.858e-05,1.00000000
34.350000,-1.437894,2.708416,-4.151682,5.161349,-3.409194,-7.560876,4.794e-07,2.925e-07,2.946e-05,2.946e-05,1.00000000
34.400000,-1.541023,2.736078,-4.094569,5.160074,-3.421046,-7.515614,4.885e-07,2.916e-07,3.055e-05,3.055e-05,1.00000000
34.450000,-1.594451,2.653651,-4.125831,5.158160,-3.432994,-7.558825,4.916e-07,2.932e-07,3.048e-05,3.048e-05,1.00000000
34.500000,-1.521356,2.529542,-4.227446,5.156007,-3.443007,-7.670454,4.983e-07,2.993e-07,2.875e-05,2.875e-05,1.00000000
34.550000,-1.308836,2.450358,-4.342783,5.155296,-3.449474,-7.792257,5.122e-07,3.044e-07,2.736e-05,2.736e-05,1.00000000
34.600000,-1.015437,2.477737,-4.407846,5.157461,-3.452469,-7.860316,5.240e-07,3.135e-07,2.560e-05,2.560e-05,1.00000000
34.650000,-0.741228,2.616180,-4.386270,5.160734,-3.454586,-7.840855,5.370e-07,3.237e-07,2.427e-05,2.427e-05,1.00000000
34.700000,-0.575620,2.813116,-4.290119,5.162372,-3.458916,-7.749035,5.460e-07,3.370e-07,2.352e-05,2.352e-05,1.00000000
34.750000,-0.551682,2.987481,-4.173283,5.161946,-3.466751,-7.640034,5.515e-07,3.512e-07,2.314e-05,2.314e-05,1.00000000
34.800000,-0.629604,3.068815,-4.101508,5.161046,-3.476915,-7.578423,5.512e-07,3.660e-07,2.354e-05,2.354e-05,1.00000000
34.850000,-0.715556,3.030599,-4.114925,5.160345,-3.487432,-7.602357,5.436e-07,3.833e-07,2.388e-05,2.388e-05,1.00000000
34.900000,-0.710355,2.903140,-4.204860,5.158844,-3.497310,-7.702171,5.316e-07,3.896e-07,2.337e-05,2.337e-05,1.00000000
34.950000,-0.562642,2.759408,-4.320859,5.157589,-3.505168,-7.826027,5.209e-07,3.846e-07,2.195e-05,2.195e-05,1.00000000
35.000000,-0.294429,2.677079,-4.399440,5.158344,-3.509734,-7.909174,5.226e-07,3.805e-07,2.121e-05,2.121e-05,1.00000000
35.050000,0.011694,2.700217,-4.397726,5.160552,-3.511974,-7.909700,5.135e-07,3.825e-07,2.018e-05,2.018e-05,1.00000000
35.100000,0.254827,2.819676,-4.316408,5.162062,-3.514702,-7.831109,4.928e-07,3.833e-07,1.950e-05,1.950e-05,1.00000000
35.150000,0.365945,2.978917,-4.200323,5.162419,-3.519885,-7.720208,4.706e-07,3.797e-07,1.913e-05,1.913e-05,1.00000000
35.200000,0.342980,3.099617,-4.114141,5.162501,-3.527496,-7.641637,4.580e-07,3.729e-07,1.917e-05,1.917e-05,1.00000000
35.250000,0.252653,3.119536,-4.105345,5.162286,-3.536967,-7.642311,4.521e-07,3.610e-07,1.959e-05,1.959e-05,1.00000000
35.300000,0.195671,3.023479,-4.178380,5.161257,-3.547078,-7.725458,4.381e-07,3.441e-07,2.000e-05,2.000e-05,1.00000000
35.350000,0.254531,2.851319,-4.293335,5.160187,-3.555688,-7.849022,4.174e-07,3.306e-07,2.056e-05,2.056e-05,1.00000000
35.400000,0.452782,2.677829,-4.387531,5.160059,-3.561230,-7.948761,4.110e-07,3.239e-07,2.154e-05,2.154e-05,1.00000000
35.450000,0.743237,2.577253,-4.408839,5.160668,-3.564365,-7.973204,4.110e-07,3.141e-07,2.242e-05,2.242e-05,1.00000000
35.500000,1.032117,2.587871,-4.345678,5.162099,-3.566064,-7.911743,4.088e-07,3.024e-07,2.325e-05,2.325e-05,1.00000000
35.550000,1.225886,2.692694,-4.232610,5.164144,-3.568119,-7.800729,4.006e-07,2.832e-07,2.374e-05,2.374e-05,1.00000000
35.600000,1.278038,2.825868,-4.131092,5.165736,-3.572983,-7.704075,3.942e-07,2.708e-07,2.409e-05,2.409e-05,1.00000000
35.650000,1.212745,2.903803,-4.096397,5.165587,-3.582121,-7.678518,3.840e-07,2.612e-07,2.485e-05,2.485e-05,1.00000000
35.700000,1.112414,2.866864,-4.148819,5.164210,-3.593729,-7.742548,3.742e-07,2.533e-07,2.560e-05,2.560e-05,1.00000000
35.750000,1.076984,2.708171,-4.261578,5.162861,-3.604192,-7.865770,3.716e-07,2.499e-07,2.649e-05,2.649e-05,1.00000000
35.800000,1.173439,2.478771,-4.373049,5.161862,-3.611494,-7.984542,3.827e-07,2.513e-07,2.788e-05,2.788e-05,1.00000000
35.850000,1.401988,2.265431,-4.420929,5.161624,-3.615389,-8.036319,3.985e-07,2.584e-07,2.946e-05,2.946e-05,1.00000000
35.900000,1.694934,2.149801,-4.377446,5.162991,-3.616874,-7.994320,4.124e-07,2.616e-07,2.974e-05,2.974e-05,1.00000000
35.950000,1.949970,2.165331,-4.265517,5.165818,-3.617928,-7.883446,4.222e-07,2.651e-07,2.974e-05,2.974e-05,1.00000000
36.000000,2.081923,2.277789,-4.145907,5.168295,-3.621642,-7.767549,4.337e-07,2.747e-07,2.947e-05,2.947e-05,1.00000000
36.050000,2.066450,2.400810,-4.084962,5.169238,-3.629742,-7.714704,4.427e-07,2.880e-07,2.894e-05,2.894e-05,1.00000000
36.100000,1.952508,2.437641,-4.118270,5.168610,-3.641159,-7.759428,4.648e-07,2.993e-07,2.870e-05,2.870e-05,1.00000000
36.150000,1.837779,2.329956,-4.229538,5.166731,-3.653130,-7.882668,4.903e-07,3.029e-07,2.806e-05,2.806e-05,1.00000000
36.200000,1.819722,2.089242,-4.358327,5.164430,-3.662783,-8.021110,5.276e-07,3.118e-07,2.782e-05,2.782e-05,1.00000000
36.250000,1.946905,1.794850,-4.432753,5.163451,-3.668563,-8.101316,5.647e-07,3.305e-07,2.788e-05,2.788e-05,1.00000000
36.300000,2.193128,1.556543,-4.409613,5.165010,-3.671049,-8.080662,5.932e-07,3.524e-07,2.726e-05,2.726e-05,1.00000000
36.350000,2.469070,1.458054,-4.299639,5.168087,-3.672734,-7.972373,6.192e-07,3.724e-07,2.626e-05,2.626e-05,1.00000000
36.400000,2.668480,1.511648,-4.163564,5.171182,-3.675876,-7.839440,6.407e-07,3.875e-07,2.546e-05,2.546e-05,1.00000000
36.450000,2.722691,1.649570,-4.077572,5.173077,-3.682318,-7.759890,6.601e-07,4.102e-07,2.447e-05,2.447e-05,1.00000000
36.500000,2.634325,1.757224,-4.090525,5.172997,-3.692805,-7.783330,6.844e-07,4.311e-07,2.331e-05,2.331e-05,1.00000000
36.550000,2.474999,1.730309,-4.197236,5.170723,-3.705504,-7.902740,6.895e-07,4.409e-07,2.286e-05,2.286e-05,1.00000000
36.600000,2.350956,1.529503,-4.340279,5.167629,-3.716883,-8.057161,6.946e-07,4.484e-07,2.236e-05,2.236e-05,1.00000000
36.650000,2.350357,1.204005,-4.439850,5.165857,-3.724632,-8.164482,7.112e-07,4.576e-07,2.182e-05,2.182e-05,1.00000000
36.700000,2.497743,0.869627,-4.438497,5.166742,-3.728850,-8.167346,7.337e-07,4.545e-07,2.110e-05,2.110e-05,1.00000000
36.750000,2.741050,0.650121,-4.334710,5.169693,-3.731565,-8.066275,7.426e-07,4.574e-07,2.032e-05,2.032e-05,1.00000000
36.800000,2.977552,0.611250,-4.185921,5.173140,-3.734739,-7.920661,7.349e-07,4.657e-07,2.018e-05,2.018e-05,1.00000000
36.850000,3.106309,0.724486,-4.076053,5.175736,-3.739906,-7.815959,7.335e-07,4.661e-07,2.034e-05,2.034e-05,1.00000000
36.900000,3.078511,0.879945,-4.067734,5.176678,-3.748050,-7.815784,7.182e-07,4.689e-07,2.112e-05,2.112e-05,1.00000000
36.950000,2.920817,0.942754,-4.166708,5.175076,-3.758998,-7.925706,7.044e-07,4.723e-07,2.225e-05,2.225e-05,1.00000000
37.000000,2.722889,0.823130,-4.318974,5.171577,-3.770418,-8.089392,7.019e-07,4.737e-07,2.266e-05,2.266e-05,1.00000000
37.050000,2.593831,0.524358,-4.440131,5.168914,-3.779095,-8.219225,7.116e-07,4.660e-07,2.372e-05,2.372e-05,1.00000000
37.100000,2.607749,0.143921,-4.461059,5.169344,-3.784140,-8.245198,7.228e-07,4.537e-07,2.546e-05,2.546e-05,1.00000000
37.150000,2.765363,-0.175172,-4.367285,5.172146,-3.787755,-8.155040,7.316e-07,4.429e-07,2.639e-05,2.639e-05,1.00000000
37.200000,2.992144,-0.319374,-4.210500,5.175252,-3.792024,-8.002524,7.162e-07,4.355e-07,2.661e-05,2.661e-05,1.00000000
37.250000,3.176284,-0.267839,-4.080254,5.177740,-3.797239,-7.877493,7.066e-07,4.252e-07,2.622e-05,2.622e-05,1.00000000
37.300000,3.225056,-0.103283,-4.051030,5.179044,-3.803682,-7.854712,6.975e-07,4.160e-07,2.644e-05,2.644e-05,1.00000000
37.350000,3.111005,0.032327,-4.139274,5.178126,-3.812188,-7.951462,6.847e-07,4.206e-07,2.718e-05,2.718e-05,1.00000000
37.400000,2.885620,0.012245,-4.295553,5.174817,-3.822196,-8.117748,6.875e-07,4.291e-07,2.742e-05,2.742e-05,1.00000000
37.450000,2.655618,-0.210006,-4.432893,5.171745,-3.831095,-8.263987,7.176e-07,4.342e-07,2.731e-05,2.731e-05,1.00000000
37.500000,2.530148,-0.574875,-4.473462,5.171460,-3.837653,-8.311116,7.409e-07,4.354e-07,2.773e-05,2.773e-05,1.00000000
37.550000,2.564470,-0.946415,-4.392311,5.173452,-3.843396,-8.235707,7.546e-07,4.445e-07,2.881e-05,2.881e-05,1.00000000
37.600000,2.730834,-1.183574,-4.234296,5.175671,-3.849702,-8.083998,7.734e-07,4.531e-07,2.902e-05,2.902e-05,1.00000000
37.650000,2.931857,-1.216523,-4.090460,5.177603,-3.855617,-7.946077,8.007e-07,4.553e-07,3.021e-05,3.021e-05,1.00000000
37.700000,3.049582,-1.084551,-4.043682,5.179534,-3.860417,-7.904099,8.271e-07,4.598e-07,3.157e-05,3.157e-05,1.00000000
37.750000,3.005488,-0.911949,-4.119625,5.180339,-3.865717,-7.985342,8.411e-07,4.720e-07,3.170e-05,3.170e-05,1.00000000
37.800000,2.800924,-0.840531,-4.273818,5.178531,-3.873530,-8.147348,8.297e-07,4.845e-07,3.073e-05,3.073e-05,1.00000000
37.850000,2.516959,-0.956543,-4.419724,5.175327,-3.882836,-8.302559,8.406e-07,5.020e-07,2.956e-05,2.956e-05,1.00000000
37.900000,2.274568,-1.248709,-4.476347,5.174033,-3.891150,-8.367497,8.461e-07,5.140e-07,2.774e-05,2.774e-05,1.00000000
37.950000,2.173499,-1.613576,-4.410617,5.175062,-3.898878,-8.309495,8.566e-07,5.335e-07,2.611e-05,2.611e-05,1.00000000
38.000000,2.240674,-1.907914,-4.257704,5.175790,-3.908000,-8.165705,8.509e-07,5.586e-07,2.525e-05,2.525e-05,1.00000000
38.050000,2.414591,-2.026060,-4.105446,5.175892,-3.917024,-8.022469,8.397e-07,5.742e-07,2.451e-05,2.451e-05,1.00000000
38.100000,2.575350,-1.956373,-4.043153,5.177539,-3.922596,-7.965748,8.091e-07,5.688e-07,2.363e-05,2.363e-05,1.00000000
38.150000,2.605536,-1.784694,-4.105874,5.179976,-3.925668,-8.031542,7.686e-07,5.585e-07,2.309e-05,2.309e-05,1.00000000
38.200000,2.453556,-1.645938,-4.254843,5.180033,-3.930782,-8.185625,7.557e-07,5.500e-07,2.236e-05,2.236e-05,1.00000000
38.250000,2.162038,-1.652416,-4.405037,5.177764,-3.939206,-8.344243,7.543e-07,5.328e-07,2.215e-05,2.215e-05,1.00000000
38.300000,1.844175,-1.838281,-4.473946,5.176529,-3.948275,-8.422221,7.456e-07,5.203e-07,2.174e-05,2.174e-05,1.00000000
38.350000,1.624722,-2.144371,-4.422897,5.176878,-3.957474,-8.380371,7.255e-07,5.169e-07,2.141e-05,2.141e-05,1.00000000
38.400000,1.578807,-2.449007,-4.278246,5.176259,-3.968992,-8.247238,7.039e-07,5.082e-07,2.114e-05,2.114e-05,1.00000000
38.450000,1.692029,-2.630643,-4.122474,5.174750,-3.981222,-8.103697,6.757e-07,4.969e-07,2.112e-05,2.112e-05,1.00000000
38.500000,1.862915,-2.632439,-4.047632,5.175279,-3.989342,-8.036974,6.350e-07,4.930e-07,2.157e-05,2.157e-05,1.00000000
38.550000,1.954485,-2.491597,-4.097178,5.178314,-3.992531,-8.089709,6.024e-07,4.804e-07,2.247e-05,2.247e-05,1.00000000
38.600000,1.870484,-2.316643,-4.239646,5.180747,-3.995497,-8.235142,5.929e-07,4.634e-07,2.478e-05,2.478e-05,1.00000000
38.650000,1.608818,-2.227033,-4.392055,5.180552,-4.002052,-8.394107,5.821e-07,4.559e-07,2.613e-05,2.613e-05,1.00000000
38.700000,1.259328,-2.293358,-4.470083,5.179483,-4.011352,-8.481435,5.674e-07,4.455e-07,2.623e-05,2.623e-05,1.00000000
38.750000,0.954316,-2.504286,-4.431491,5.178830,-4.021997,-8.453488,5.598e-07,4.337e-07,2.659e-05,2.659e-05,1.00000000
38.800000,0.802515,-2.774807,-4.296855,5.177504,-4.034715,-8.331570,5.526e-07,4.264e-07,2.690e-05,2.690e-05,1.00000000
38.850000,0.834841,-2.988798,-4.141575,5.175183,-4.048641,-8.190216,5.457e-07,4.124e-07,2.726e-05,2.726e-05,1.00000000
38.900000,0.983282,-3.057937,-4.056332,5.174133,-4.059104,-8.115436,5.482e-07,4.056e-07,2.755e-05,2.755e-05,1.00000000
38.950000,1.113566,-2.968601,-4.091592,5.176267,-4.062986,-8.154578,5.599e-07,3.948e-07,2.778e-05,2.778e-05,1.00000000
39.000000,1.100424,-2.787829,-4.224778,5.179930,-4.063713,-8.288491,5.631e-07,3.914e-07,2.810e-05,2.810e-05,1.00000000
39.050000,0.898420,-2.624883,-4.376762,5.182009,-4.067237,-8.443999,5.647e-07,3.882e-07,2.844e-05,2.844e-05,1.00000000
39.100000,0.562466,-2.573401,-4.462169,5.181671,-4.075445,-8.537614,5.860e-07,3.994e-07,2.888e-05,2.888e-05,1.00000000
39.150000,0.214019,-2.667072,-4.435805,5.180293,-4.086643,-8.522447,6.256e-07,4.069e-07,2.975e-05,2.975e-05,1.00000000
39.200000,-0.021631,-2.865822,-4.312878,5.178255,-4.100062,-8.412940,6.641e-07,4.072e-07,3.058e-05,3.058e-05,1.00000000
39.250000,-0.076553,-3.075901,-4.161307,5.175278,-4.115074,-8.276380,6.886e-07,4.131e-07,3.107e-05,3.107e-05,1.00000000
39.300000,0.022738,-3.195376,-4.067836,5.172836,-4.127716,-8.195551,7.024e-07,4.307e-07,3.120e-05,3.120e-05,1.00000000
39.350000,0.164408,-3.166630,-4.088021,5.173634,-4.133091,-8.221112,7.211e-07,4.565e-07,3.089e-05,3.089e-05,1.00000000
39.400000,0.212984,-3.007744,-4.209076,5.177664,-4.132386,-8.341461,7.457e-07,4.894e-07,3.027e-05,3.027e-05,1.00000000
39.450000,0.087535,-2.801415,-4.357901,5.181398,-4.132533,-8.490433,7.654e-07,5.211e-07,2.837e-05,2.837e-05,1.00000000
39.500000,-0.196741,-2.649662,-4.449411,5.182343,-4.138010,-8.587421,7.799e-07,5.487e-07,2.722e-05,2.722e-05,1.00000000
39.550000,-0.543677,-2.622497,-4.435242,5.181163,-4.148120,-8.583362,8.143e-07,5.677e-07,2.655e-05,2.655e-05,1.00000000
39.600000,-0.828512,-2.725314,-4.325314,5.179007,-4.161271,-8.486585,8.457e-07,5.862e-07,2.591e-05,2.591e-05,1.00000000
39.650000,-0.958505,-2.897046,-4.180569,5.175786,-4.176724,-8.357292,8.594e-07,6.047e-07,2.595e-05,2.595e-05,1.00000000
39.700000,-0.921271,-3.039075,-4.083295,5.172815,-4.190766,-8.274061,8.631e-07,6.267e-07,2.587e-05,2.587e-05,1.00000000
39.750000,-0.793996,-3.064522,-4.090876,5.172716,-4.198047,-8.288923,8.819e-07,6.443e-07,2.502e-05,2.502e-05,1.00000000
39.800000,-0.702327,-2.944578,-4.198600,5.176103,-4.198108,-8.396707,9.260e-07,6.521e-07,2.470e-05,2.470e-05,1.00000000
39.850000,-0.748444,-2.724931,-4.341964,5.180547,-4.196531,-8.538494,9.662e-07,6.730e-07,2.377e-05,2.377e-05,1.00000000
39.900000,-0.956376,-2.500476,-4.438145,5.183065,-4.198988,-8.637133,9.994e-07,6.951e-07,2.336e-05,2.336e-05,1.00000000
39.950000,-1.264482,-2.365153,-4.434466,5.182408,-4.207392,-8.641858,1.020e-06,7.102e-07,2.287e-05,2.287e-05,1.00000000
40.000000,-1.561656,-2.365092,-4.335295,5.179500,-4.220564,-8.555860,1.044e-06,7.103e-07,2.268e-05,2.268e-05,1.00000000
40.000000,-1.561656,-2.365092,-4.335295,5.179500,-4.220564,-8.555860,1.044e-06,7.103e-07,2.268e-05,2.268e-05,1.00000000
40.050000,-1.620403,-2.344515,-4.319698,5.175157,-4.236123,-8.555821,1.055e-06,6.923e-07,2.316e-05,2.316e-05,1.00000000
40.100000,-1.678074,-2.321210,-4.303066,5.169171,-4.252715,-8.555781,1.060e-06,6.875e-07,2.371e-05,2.371e-05,1.00000000
40.150000,-1.734532,-2.295230,-4.285395,5.161520,-4.270347,-8.555741,1.048e-06,6.866e-07,2.451e-05,2.451e-05,1.00000000
40.200000,-1.789817,-2.266779,-4.266683,5.152312,-4.289018,-8.555701,1.025e-06,6.911e-07,2.495e-05,2.495e-05,1.00000000
40.250000,-1.843911,-2.235820,-4.247056,5.141632,-4.308605,-8.555662,1.009e-06,6.917e-07,2.597e-05,2.597e-05,1.00000000
40.300000,-1.896524,-2.202392,-4.226567,5.129444,-4.329057,-8.555623,1.008e-06,6.970e-07,2.694e-05,2.694e-05,1.00000000
40.350000,-1.947559,-2.166630,-4.205321,5.115857,-4.350265,-8.555586,1.011e-06,7.073e-07,2.741e-05,2.741e-05,1.00000000
40.400000,-1.997092,-2.128726,-4.183214,5.100895,-4.372339,-8.555553,9.989e-07,7.089e-07,2.823e-05,2.823e-05,1.00000000
40.450000,-2.045083,-2.088697,-4.160370,5.084653,-4.395152,-8.555522,9.821e-07,6.948e-07,2.814e-05,2.814e-05,1.00000000
40.500000,-2.091557,-2.046528,-4.136891,5.067223,-4.418603,-8.555494,9.644e-07,6.802e-07,2.846e-05,2.846e-05,1.00000000
40.550000,-2.136695,-2.002436,-4.112765,5.048767,-4.442706,-8.555471,9.521e-07,6.651e-07,2.916e-05,2.916e-05,1.00000000
40.600000,-2.180521,-1.956445,-4.088064,5.029376,-4.467388,-8.555452,9.733e-07,6.631e-07,3.013e-05,3.013e-05,1.00000000
40.650000,-2.222997,-1.908527,-4.062818,5.009060,-4.492620,-8.555439,9.970e-07,6.816e-07,3.016e-05,3.016e-05,1.00000000
40.700000,-2.264110,-1.858823,-4.037049,4.987904,-4.518381,-8.555430,1.017e-06,6.998e-07,2.961e-05,2.961e-05,1.00000000
40.750000,-2.303827,-1.807462,-4.010848,4.966029,-4.544578,-8.555427,1.040e-06,7.081e-07,2.932e-05,2.932e-05,1.00000000
40.800000,-2.342139,-1.754502,-3.984222,4.943472,-4.571206,-8.555428,1.055e-06,7.160e-07,2.839e-05,2.839e-05,1.00000000
40.850000,-2.379062,-1.699934,-3.957203,4.920281,-4.598231,-8.555434,1.066e-06,7.262e-07,2.759e-05,2.759e-05,1.00000000
40.900000,-2.414562,-1.643950,-3.929808,4.896537,-4.625638,-8.555446,1.076e-06,7.365e-07,2.747e-05,2.747e-05,1.00000000
40.950000,-2.448641,-1.586635,-3.902096,4.872331,-4.653366,-8.555462,1.078e-06,7.347e-07,2.751e-05,2.751e-05,1.00000000
41.000000,-2.481376,-1.528156,-3.873993,4.847711,-4.681491,-8.555483,1.076e-06,7.498e-07,2.742e-05,2.742e-05,1.00000000
41.050000,-2.512638,-1.468648,-3.845492,4.822663,-4.710018,-8.555509,1.079e-06,7.689e-07,2.734e-05,2.734e-05,1.00000000
41.100000,-2.542448,-1.408328,-3.816714,4.797368,-4.738824,-8.555539,1.116e-06,7.809e-07,2.678e-05,2.678e-05,1.00000000
41.150000,-2.570816,-1.347304,-3.787809,4.771982,-4.767762,-8.555570,1.145e-06,7.950e-07,2.584e-05,2.584e-05,1.00000000
41.200000,-2.597782,-1.285630,-3.758725,4.746507,-4.796879,-8.555604,1.135e-06,8.032e-07,2.473e-05,2.473e-05,1.00000000
41.250000,-2.623320,-1.223434,-3.729467,4.720967,-4.826173,-8.555640,1.082e-06,8.093e-07,2.417e-05,2.417e-05,1.00000000
41.300000,-2.647570,-1.160791,-3.700046,4.695466,-4.855632,-8.555677,1.022e-06,8.118e-07,2.404e-05,2.404e-05,1.00000000
41.350000,-2.670512,-1.097788,-3.670525,4.670067,-4.885190,-8.555715,9.861e-07,8.140e-07,2.387e-05,2.387e-05,1.00000000
41.400000,-2.691988,-1.034492,-3.641020,4.644782,-4.914732,-8.555752,9.523e-07,7.977e-07,2.369e-05,2.369e-05,1.00000000
41.450000,-2.711920,-0.970980,-3.611453,4.619514,-4.944335,-8.555788,9.260e-07,7.657e-07,2.371e-05,2.371e-05,1.00000000
41.500000,-2.730307,-0.907249,-3.581786,4.594221,-4.974037,-8.555822,8.943e-07,7.352e-07,2.365e-05,2.365e-05,1.00000000
41.550000,-2.747089,-0.843536,-3.551980,4.568874,-5.003875,-8.555855,8.693e-07,7.180e-07,2.371e-05,2.371e-05,1.00000000
41.600000,-2.762249,-0.779971,-3.522029,4.543464,-5.033856,-8.555885,8.661e-07,7.104e-07,2.440e-05,2.440e-05,1.00000000
41.650000,-2.775926,-0.716709,-3.491982,4.518116,-5.063930,-8.555912,8.546e-07,7.013e-07,2.445e-05,2.445e-05,1.00000000
41.700000,-2.788055,-0.653843,-3.461856,4.492795,-5.094078,-8.555934,8.314e-07,6.788e-07,2.459e-05,2.459e-05,1.00000000
41.750000,-2.798576,-0.591476,-3.431706,4.467491,-5.124246,-8.555952,8.189e-07,6.572e-07,2.486e-05,2.486e-05,1.00000000
41.800000,-2.807512,-0.529917,-3.401680,4.442338,-5.154285,-8.555965,7.919e-07,6.343e-07,2.535e-05,2.535e-05,1.00000000
41.850000,-2.814914,-0.469282,-3.371883,4.417416,-5.184091,-8.555974,7.798e-07,6.016e-07,2.581e-05,2.581e-05,1.00000000
41.900000,-2.820937,-0.409527,-3.342247,4.392723,-5.213731,-8.555977,7.720e-07,5.804e-07,2.623e-05,2.623e-05,1.00000000
41.950000,-2.825531,-0.350818,-3.312804,4.368223,-5.243172,-8.555976,7.724e-07,5.685e-07,2.677e-05,2.677e-05,1.00000000
42.000000,-2.828584,-0.293172,-3.283648,4.343867,-5.272321,-8.555969,7.772e-07,5.674e-07,2.779e-05,2.779e-05,1.00000000
42.050000,-2.830072,-0.236383,-3.254957,4.319714,-5.301001,-8.555958,7.844e-07,5.685e-07,2.869e-05,2.869e-05,1.00000000
42.100000,-2.829954,-0.180408,-3.226894,4.295816,-5.329048,-8.555943,7.796e-07,5.674e-07,2.854e-05,2.854e-05,1.00000000
42.150000,-2.828392,-0.125105,-3.199337,4.272144,-5.356587,-8.555924,7.982e-07,5.689e-07,2.768e-05,2.768e-05,1.00000000
42.200000,-2.825303,-0.070482,-3.172515,4.248783,-5.383386,-8.555901,8.357e-07,5.666e-07,2.773e-05,2.773e-05,1.00000000
42.250000,-2.820644,-0.016435,-3.146549,4.225763,-5.409326,-8.555875,8.526e-07,5.655e-07,2.815e-05,2.815e-05,1.00000000
42.300000,-2.814378,0.037034,-3.121488,4.203068,-5.434359,-8.555847,8.650e-07,5.715e-07,2.787e-05,2.787e-05,1.00000000
42.350000,-2.806668,0.089965,-3.097427,4.180853,-5.458389,-8.555816,8.677e-07,5.815e-07,2.765e-05,2.765e-05,1.00000000
42.400000,-2.797634,0.142317,-3.074375,4.159182,-5.481408,-8.555783,8.625e-07,5.933e-07,2.735e-05,2.735e-05,1.00000000
42.450000,-2.787303,0.194137,-3.052462,4.138148,-5.503287,-8.555749,8.824e-07,6.143e-07,2.724e-05,2.724e-05,1.00000000
42.500000,-2.775663,0.245440,-3.031767,4.117786,-5.523948,-8.555715,9.203e-07,6.531e-07,2.727e-05,2.727e-05,1.00000000
42.550000,-2.762707,0.296177,-3.012297,4.098073,-5.543383,-8.555681,9.645e-07,6.939e-07,2.680e-05,2.680e-05,1.00000000
42.600000,-2.748508,0.346414,-2.994067,4.079060,-5.561580,-8.555647,1.025e-06,7.370e-07,2.643e-05,2.643e-05,1.00000000
42.650000,-2.733205,0.396431,-2.977131,4.060896,-5.578483,-8.555615,1.082e-06,7.683e-07,2.622e-05,2.622e-05,1.00000000
42.700000,-2.716978,0.446303,-2.961297,4.043567,-5.594286,-8.555583,1.138e-06,7.940e-07,2.528e-05,2.528e-05,1.00000000
42.750000,-2.699860,0.495915,-2.946495,4.027035,-5.609058,-8.555553,1.180e-06,8.104e-07,2.446e-05,2.446e-05,1.00000000
42.800000,-2.681767,0.545174,-2.932707,4.011217,-5.622819,-8.555525,1.190e-06,8.307e-07,2.431e-05,2.431e-05,1.00000000
42.850000,-2.662778,0.593971,-2.919815,3.996061,-5.635686,-8.555501,1.179e-06,8.469e-07,2.448e-05,2.448e-05,1.00000000
42.900000,-2.642973,0.642290,-2.907578,3.981438,-5.647901,-8.555479,1.179e-06,8.504e-07,2.418e-05,2.418e-05,1.00000000
42.950000,-2.622354,0.690080,-2.895943,3.967296,-5.659517,-8.555461,1.183e-06,8.550e-07,2.414e-05,2.414e-05,1.00000000
43.000000,-2.600943,0.737484,-2.884838,3.953615,-5.670607,-8.555445,1.201e-06,8.536e-07,2.493e-05,2.493e-05,1.00000000
43.050000,-2.578698,0.784510,-2.874211,3.940333,-5.681221,-8.555432,1.205e-06,8.563e-07,2.465e-05,2.465e-05,1.00000000
43.100000,-2.555673,0.831034,-2.863938,3.927368,-5.691485,-8.555423,1.206e-06,8.658e-07,2.429e-05,2.429e-05,1.00000000
43.150000,-2.531929,0.876940,-2.853924,3.914660,-5.701495,-8.555418,1.213e-06,8.607e-07,2.412e-05,2.412e-05,1.00000000
43.200000,-2.507517,0.922199,-2.844163,3.902224,-5.711254,-8.555416,1.219e-06,8.526e-07,2.430e-05,2.430e-05,1.00000000
43.250000,-2.482423,0.966741,-2.834570,3.889962,-5.720847,-8.555417,1.221e-06,8.495e-07,2.482e-05,2.482e-05,1.00000000
43.300000,-2.456518,1.010333,-2.825193,3.877753,-5.730228,-8.555421,1.219e-06,8.548e-07,2.444e-05,2.444e-05,1.00000000
43.350000,-2.429780,1.052803,-2.816079,3.865556,-5.739349,-8.555428,1.189e-06,8.668e-07,2.431e-05,2.431e-05,1.00000000
43.400000,-2.402255,1.094089,-2.807397,3.853484,-5.748039,-8.555437,1.150e-06,8.789e-07,2.515e-05,2.515e-05,1.00000000
43.450000,-2.374063,1.134152,-2.799137,3.841568,-5.756311,-8.555448,1.132e-06,8.805e-07,2.599e-05,2.599e-05,1.00000000
43.500000,-2.345291,1.173027,-2.791399,3.829920,-5.764062,-8.555461,1.133e-06,8.696e-07,2.662e-05,2.662e-05,1.00000000
43.550000,-2.316063,1.210592,-2.784150,3.818531,-5.771324,-8.555475,1.131e-06,8.669e-07,2.652e-05,2.652e-05,1.00000000
43.600000,-2.286557,1.246807,-2.777457,3.807510,-5.778033,-8.555490,1.141e-06,8.612e-07,2.664e-05,2.664e-05,1.00000000
43.650000,-2.256774,1.281671,-2.771459,3.796932,-5.784047,-8.555506,1.148e-06,8.615e-07,2.661e-05,2.661e-05,1.00000000
43.700000,-2.226702,1.315336,-2.766306,3.786920,-5.789216,-8.555522,1.152e-06,8.619e-07,2.665e-05,2.665e-05,1.00000000
43.750000,-2.196372,1.347895,-2.762036,3.777527,-5.793502,-8.555538,1.160e-06,8.585e-07,2.644e-05,2.644e-05,1.00000000
43.800000,-2.165841,1.379535,-2.758643,3.768832,-5.796913,-8.555556,1.170e-06,8.653e-07,2.640e-05,2.640e-05,1.00000000
43.850000,-2.135082,1.410359,-2.756094,3.760817,-5.799478,-8.555572,1.198e-06,8.615e-07,2.666e-05,2.666e-05,1.00000000
43.900000,-2.104026,1.440297,-2.754256,3.753307,-5.801331,-8.555588,1.236e-06,8.541e-07,2.669e-05,2.669e-05,1.00000000
43.950000,-2.072699,1.469335,-2.752984,3.746191,-5.802618,-8.555602,1.261e-06,8.634e-07,2.658e-05,2.658e-05,1.00000000
44.000000,-2.041040,1.497435,-2.751993,3.739200,-5.803623,-8.555616,1.268e-06,8.700e-07,2.655e-05,2.655e-05,1.00000000
44.050000,-2.008985,1.524409,-2.751125,3.732095,-5.804504,-8.555628,1.248e-06,8.829e-07,2.643e-05,2.643e-05,1.00000000
44.100000,-1.976516,1.550176,-2.750149,3.724645,-5.805491,-8.555640,1.225e-06,8.946e-07,2.665e-05,2.665e-05,1.00000000
44.150000,-1.943659,1.574833,-2.749028,3.716862,-5.806622,-8.555650,1.220e-06,9.079e-07,2.635e-05,2.635e-05,1.00000000
44.200000,-1.910505,1.598479,-2.747627,3.708722,-5.808030,-8.555658,1.244e-06,9.254e-07,2.582e-05,2.582e-05,1.00000000
44.250000,-1.877153,1.621091,-2.745939,3.700246,-5.809726,-8.555665,1.258e-06,9.357e-07,2.559e-05,2.559e-05,1.00000000
44.300000,-1.843653,1.642640,-2.743999,3.691457,-5.811671,-8.555670,1.251e-06,9.342e-07,2.511e-05,2.511e-05,1.00000000
44.350000,-1.810155,1.662948,-2.741828,3.682347,-5.813846,-8.555674,1.222e-06,9.411e-07,2.475e-05,2.475e-05,1.00000000
44.400000,-1.776728,1.682003,-2.739445,3.672936,-5.816233,-8.555678,1.196e-06,9.305e-07,2.455e-05,2.455e-05,1.00000000
44.450000,-1.743443,1.699819,-2.736854,3.663243,-5.818826,-8.555680,1.168e-06,9.312e-07,2.465e-05,2.465e-05,1.00000000
44.500000,-1.710287,1.716465,-2.734157,3.653348,-5.821524,-8.555681,1.137e-06,9.453e-07,2.455e-05,2.455e-05,1.00000000
44.550000,-1.677358,1.731990,-2.731494,3.643402,-5.824187,-8.555680,1.104e-06,9.420e-07,2.432e-05,2.432e-05,1.00000000
44.600000,-1.644799,1.746482,-2.728921,3.633535,-5.826757,-8.555679,1.067e-06,9.311e-07,2.454e-05,2.454e-05,1.00000000
44.650000,-1.612664,1.759982,-2.726478,3.623797,-5.829199,-8.555676,1.041e-06,9.088e-07,2.426e-05,2.426e-05,1.00000000
44.700000,-1.581087,1.772576,-2.724137,3.614248,-5.831535,-8.555672,1.027e-06,8.698e-07,2.457e-05,2.457e-05,1.00000000
44.750000,-1.550083,1.784440,-2.721869,3.604935,-5.833799,-8.555668,1.013e-06,8.330e-07,2.451e-05,2.451e-05,1.00000000
44.800000,-1.519698,1.795723,-2.719524,3.595819,-5.836139,-8.555664,9.941e-07,8.115e-07,2.473e-05,2.473e-05,1.00000000
44.850000,-1.489833,1.806426,-2.717018,3.586776,-5.838641,-8.555659,9.883e-07,7.932e-07,2.452e-05,2.452e-05,1.00000000
44.900000,-1.460625,1.816443,-2.714220,3.577692,-5.841433,-8.555654,9.993e-07,7.791e-07,2.424e-05,2.424e-05,1.00000000
44.950000,-1.432067,1.825623,-2.711121,3.568458,-5.844527,-8.555649,9.928e-07,7.642e-07,2.460e-05,2.460e-05,1.00000000
45.000000,-1.404113,1.834081,-2.707782,3.559139,-5.847862,-8.555643,9.815e-07,7.508e-07,2.528e-05,2.528e-05,1.00000000
45.050000,-1.376693,1.841966,-2.704328,3.549861,-5.851310,-8.555638,9.817e-07,7.330e-07,2.524e-05,2.524e-05,1.00000000
45.100000,-1.349751,1.849367,-2.700985,3.540806,-5.854647,-8.555633,9.897e-07,7.111e-07,2.487e-05,2.487e-05,1.00000000
45.150000,-1.323293,1.856307,-2.697822,3.532028,-5.857805,-8.555627,9.853e-07,6.900e-07,2.442e-05,2.442e-05,1.00000000
45.200000,-1.297261,1.862806,-2.694797,3.523473,-5.860825,-8.555622,9.766e-07,6.836e-07,2.418e-05,2.418e-05,1.00000000
45.250000,-1.271508,1.868782,-2.691936,3.515053,-5.863682,-8.555618,9.706e-07,6.859e-07,2.474e-05,2.474e-05,1.00000000
45.300000,-1.246029,1.874258,-2.689158,3.506708,-5.866455,-8.555614,9.789e-07,6.880e-07,2.539e-05,2.539e-05,1.00000000
45.350000,-1.220920,1.879268,-2.686539,3.498540,-5.869071,-8.555610,9.835e-07,6.812e-07,2.548e-05,2.548e-05,1.00000000
45.400000,-1.196232,1.883977,-2.684065,3.490636,-5.871541,-8.555606,1.002e-06,6.917e-07,2.578e-05,2.578e-05,1.00000000
45.450000,-1.172145,1.888436,-2.681777,3.483108,-5.873827,-8.555603,1.015e-06,7.080e-07,2.583e-05,2.583e-05,1.00000000
45.500000,-1.148758,1.892806,-2.679718,3.476097,-5.875883,-8.555601,1.045e-06,7.264e-07,2.673e-05,2.673e-05,1.00000000
45.550000,-1.125995,1.897353,-2.677717,3.469580,-5.877882,-8.555599,1.075e-06,7.426e-07,2.748e-05,2.748e-05,1.00000000
45.600000,-1.103676,1.902148,-2.675516,3.463330,-5.880082,-8.555598,1.115e-06,7.655e-07,2.736e-05,2.736e-05,1.00000000
45.650000,-1.081629,1.907272,-2.672943,3.457200,-5.882655,-8.555597,1.156e-06,8.013e-07,2.654e-05,2.654e-05,1.00000000
45.700000,-1.059638,1.912776,-2.669924,3.451093,-5.885674,-8.555598,1.215e-06,8.457e-07,2.593e-05,2.593e-05,1.00000000
45.750000,-1.037607,1.918713,-2.666272,3.444865,-5.889327,-8.555599,1.287e-06,8.999e-07,2.515e-05,2.515e-05,1.00000000
45.800000,-1.015514,1.924986,-2.661996,3.438468,-5.893606,-8.555601,1.369e-06,9.517e-07,2.519e-05,2.519e-05,1.00000000
45.850000,-0.993281,1.931569,-2.657048,3.431832,-5.898556,-8.555604,1.429e-06,9.938e-07,2.514e-05,2.514e-05,1.00000000
45.900000,-0.970766,1.938463,-2.651404,3.424904,-5.904203,-8.555608,1.465e-06,1.034e-06,2.481e-05,2.481e-05,1.00000000
45.950000,-0.947929,1.945630,-2.645030,3.417635,-5.910581,-8.555611,1.494e-06,1.059e-06,2.488e-05,2.488e-05,1.00000000
46.000000,-0.924767,1.952988,-2.638007,3.410050,-5.917607,-8.555615,1.505e-06,1.069e-06,2.485e-05,2.485e-05,1.00000000
46.050000,-0.901217,1.960436,-2.630347,3.402092,-5.925272,-8.555619,1.512e-06,1.084e-06,2.498e-05,2.498e-05,1.00000000
46.100000,-0.877286,1.967898,-2.622066,3.393742,-5.933559,-8.555625,1.521e-06,1.089e-06,2.474e-05,2.474e-05,1.00000000
46.150000,-0.853003,1.975358,-2.613251,3.385075,-5.942380,-8.555630,1.497e-06,1.104e-06,2.397e-05,2.397e-05,1.00000000
46.200000,-0.828312,1.982749,-2.603987,3.376113,-5.951650,-8.555636,1.478e-06,1.107e-06,2.381e-05,2.381e-05,1.00000000
46.250000,-0.803229,1.990219,-2.594380,3.367040,-5.961264,-8.555643,1.489e-06,1.107e-06,2.400e-05,2.400e-05,1.00000000
46.300000,-0.777793,1.997842,-2.584677,3.358108,-5.970973,-8.555651,1.489e-06,1.094e-06,2.408e-05,2.408e-05,1.00000000
46.350000,-0.751901,2.005547,-2.575019,3.349373,-5.980639,-8.555658,1.471e-06,1.077e-06,2.390e-05,2.390e-05,1.00000000
46.400000,-0.725514,2.013427,-2.565441,3.340920,-5.990226,-8.555667,1.450e-06,1.070e-06,2.389e-05,2.389e-05,1.00000000
46.450000,-0.698625,2.021687,-2.555950,3.332893,-5.999727,-8.555677,1.424e-06,1.054e-06,2.432e-05,2.432e-05,1.00000000
46.500000,-0.671322,2.030365,-2.546680,3.325452,-6.009006,-8.555686,1.396e-06,1.019e-06,2.448e-05,2.448e-05,1.00000000
46.550000,-0.643638,2.039329,-2.537793,3.318663,-6.017902,-8.555695,1.351e-06,9.914e-07,2.446e-05,2.446e-05,1.00000000
46.600000,-0.615595,2.048568,-2.529282,3.312530,-6.026422,-8.555704,1.329e-06,9.831e-07,2.430e-05,2.430e-05,1.00000000
46.650000,-0.587192,2.058067,-2.521017,3.306957,-6.034695,-8.555712,1.319e-06,9.788e-07,2.374e-05,2.374e-05,1.00000000
46.700000,-0.558427,2.067757,-2.512804,3.301764,-6.042917,-8.555721,1.341e-06,9.854e-07,2.339e-05,2.339e-05,1.00000000
46.750000,-0.529168,2.077621,-2.504482,3.296810,-6.051246,-8.555728,1.344e-06,9.996e-07,2.364e-05,2.364e-05,1.00000000
46.800000,-0.499313,2.087484,-2.496025,3.291967,-6.059710,-8.555735,1.340e-06,9.999e-07,2.415e-05,2.415e-05,1.00000000
46.850000,-0.468946,2.097211,-2.487384,3.287139,-6.068357,-8.555741,1.313e-06,1.000e-06,2.459e-05,2.459e-05,1.00000000
46.900000,-0.438189,2.106763,-2.478475,3.282270,-6.077272,-8.555747,1.298e-06,1.013e-06,2.463e-05,2.463e-05,1.00000000
46.950000,-0.407142,2.115968,-2.469380,3.277335,-6.086371,-8.555751,1.296e-06,1.028e-06,2.522e-05,2.522e-05,1.00000000
47.000000,-0.375817,2.124595,-2.460158,3.272235,-6.095596,-8.555754,1.306e-06,1.049e-06,2.518e-05,2.518e-05,1.00000000
47.050000,-0.344306,2.132589,-2.450965,3.267065,-6.104791,-8.555756,1.324e-06,1.083e-06,2.522e-05,2.522e-05,1.00000000
47.100000,-0.312755,2.139840,-2.442105,3.261995,-6.113653,-8.555758,1.357e-06,1.122e-06,2.573e-05,2.573e-05,1.00000000
47.150000,-0.281255,2.146340,-2.433853,3.257226,-6.121903,-8.555757,1.384e-06,1.147e-06,2.607e-05,2.607e-05,1.00000000
47.200000,-0.249923,2.152085,-2.426431,3.252922,-6.129323,-8.555755,1.424e-06,1.157e-06,2.585e-05,2.585e-05,1.00000000
47.250000,-0.218694,2.157157,-2.419978,3.249222,-6.135773,-8.555751,1.458e-06,1.170e-06,2.542e-05,2.542e-05,1.00000000
47.300000,-0.187358,2.161636,-2.414535,3.246191,-6.141211,-8.555746,1.470e-06,1.181e-06,2.491e-05,2.491e-05,1.00000000
47.350000,-0.155629,2.165472,-2.410039,3.243729,-6.145701,-8.555740,1.481e-06,1.190e-06,2.449e-05,2.449e-05,1.00000000
47.400000,-0.123396,2.168766,-2.406558,3.241959,-6.149174,-8.555732,1.503e-06,1.205e-06,2.459e-05,2.459e-05,1.00000000
47.450000,-0.090632,2.171474,-2.404251,3.240978,-6.151472,-8.555723,1.496e-06,1.214e-06,2.445e-05,2.445e-05,1.00000000
47.500000,-0.057346,2.173602,-2.403242,3.240896,-6.152471,-8.555713,1.468e-06,1.223e-06,2.398e-05,2.398e-05,1.00000000
47.550000,-0.023553,2.175218,-2.403410,3.241683,-6.152291,-8.555701,1.436e-06,1.231e-06,2.384e-05,2.384e-05,1.00000000
47.600000,0.010743,2.176236,-2.404680,3.243240,-6.151007,-8.555687,1.431e-06,1.245e-06,2.403e-05,2.403e-05,1.00000000
47.650000,0.045491,2.176501,-2.407090,3.245506,-6.148583,-8.555674,1.411e-06,1.262e-06,2.410e-05,2.410e-05,1.00000000
47.700000,0.080702,2.175855,-2.410629,3.248382,-6.145031,-8.555659,1.369e-06,1.247e-06,2.453e-05,2.453e-05,1.00000000
47.750000,0.116331,2.174295,-2.415153,3.251778,-6.140491,-8.555644,1.330e-06,1.222e-06,2.409e-05,2.409e-05,1.00000000
47.800000,0.152399,2.171861,-2.420507,3.255620,-6.135121,-8.555628,1.331e-06,1.166e-06,2.357e-05,2.357e-05,1.00000000
47.850000,0.188852,2.168585,-2.426509,3.259812,-6.129103,-8.555612,1.325e-06,1.099e-06,2.318e-05,2.318e-05,1.00000000
47.900000,0.225670,2.164516,-2.433078,3.264342,-6.122518,-8.555596,1.292e-06,1.051e-06,2.325e-05,2.325e-05,1.00000000
47.950000,0.262781,2.159501,-2.440190,3.269102,-6.115391,-8.555582,1.254e-06,1.021e-06,2.350e-05,2.350e-05,1.00000000
48.000000,0.299995,2.153506,-2.447872,3.274089,-6.107695,-8.555567,1.228e-06,9.953e-07,2.338e-05,2.338e-05,1.00000000
48.050000,0.337135,2.146498,-2.456115,3.279270,-6.099437,-8.555552,1.208e-06,9.650e-07,2.320e-05,2.320e-05,1.00000000
48.100000,0.374025,2.138456,-2.464775,3.284510,-6.090763,-8.555538,1.197e-06,9.511e-07,2.293e-05,2.293e-05,1.00000000
48.150000,0.410645,2.129381,-2.473743,3.289726,-6.081782,-8.555525,1.166e-06,9.381e-07,2.295e-05,2.295e-05,1.00000000
48.200000,0.447006,2.119282,-2.482880,3.294824,-6.072633,-8.555513,1.151e-06,9.141e-07,2.313e-05,2.313e-05,1.00000000
48.250000,0.483076,2.108124,-2.492119,3.299728,-6.063383,-8.555502,1.142e-06,8.905e-07,2.321e-05,2.321e-05,1.00000000
48.300000,0.518945,2.095893,-2.501427,3.304423,-6.054065,-8.555492,1.136e-06,8.709e-07,2.347e-05,2.347e-05,1.00000000
48.350000,0.554680,2.082610,-2.510618,3.308797,-6.044866,-8.555484,1.130e-06,8.696e-07,2.370e-05,2.370e-05,1.00000000
48.400000,0.590291,2.068337,-2.519553,3.312795,-6.035925,-8.555478,1.124e-06,8.622e-07,2.385e-05,2.385e-05,1.00000000
48.450000,0.625598,2.052983,-2.528292,3.316379,-6.027181,-8.555473,1.120e-06,8.546e-07,2.409e-05,2.409e-05,1.00000000
48.500000,0.660464,2.036768,-2.536798,3.319636,-6.018670,-8.555468,1.138e-06,8.736e-07,2.411e-05,2.411e-05,1.00000000
48.550000,0.694756,2.019679,-2.545046,3.322506,-6.010419,-8.555465,1.162e-06,9.019e-07,2.401e-05,2.401e-05,1.00000000
48.600000,0.728476,2.001723,-2.552881,3.324872,-6.002581,-8.555463,1.182e-06,9.192e-07,2.398e-05,2.398e-05,1.00000000
48.650000,0.761587,1.982955,-2.560339,3.326779,-5.995123,-8.555462,1.222e-06,9.349e-07,2.456e-05,2.456e-05,1.00000000
48.700000,0.794047,1.963604,-2.567528,3.328431,-5.987934,-8.555462,1.275e-06,9.464e-07,2.470e-05,2.470e-05,1.00000000
48.750000,0.825886,1.943775,-2.574521,3.329941,-5.980942,-8.555463,1.327e-06,9.741e-07,2.472e-05,2.472e-05,1.00000000
48.800000,0.857162,1.923511,-2.581296,3.331323,-5.974169,-8.555465,1.365e-06,1.023e-06,2.454e-05,2.454e-05,1.00000000
48.850000,0.887797,1.902754,-2.587778,3.332454,-5.967690,-8.555467,1.388e-06,1.074e-06,2.435e-05,2.435e-05,1.00000000
48.900000,0.917749,1.881508,-2.594059,3.333389,-5.961411,-8.555470,1.446e-06,1.110e-06,2.426e-05,2.426e-05,1.00000000
48.950000,0.947024,1.859837,-2.600372,3.334334,-5.955100,-8.555472,1.533e-06,1.136e-06,2.423e-05,2.423e-05,1.00000000
49.000000,0.975620,1.837786,-2.606835,3.335398,-5.948640,-8.555475,1.609e-06,1.161e-06,2.393e-05,2.393e-05,1.00000000
49.050000,1.003765,1.815353,-2.613498,3.336679,-5.941979,-8.555477,1.665e-06,1.166e-06,2.381e-05,2.381e-05,1.00000000
49.100000,1.031632,1.792566,-2.620245,3.338149,-5.935235,-8.555480,1.673e-06,1.180e-06,2.373e-05,2.373e-05,1.00000000
49.150000,1.059263,1.769419,-2.626879,3.339667,-5.928604,-8.555483,1.695e-06,1.193e-06,2.395e-05,2.395e-05,1.00000000
49.200000,1.086798,1.745797,-2.633337,3.341167,-5.922149,-8.555486,1.698e-06,1.194e-06,2.403e-05,2.403e-05,1.00000000
49.250000,1.114249,1.721572,-2.639538,3.342532,-5.915950,-8.555488,1.694e-06,1.207e-06,2.385e-05,2.385e-05,1.00000000
49.300000,1.141654,1.696663,-2.645332,3.343624,-5.910158,-8.555490,1.700e-06,1.227e-06,2.337e-05,2.337e-05,1.00000000
49.350000,1.168926,1.671073,-2.650619,3.344347,-5.904872,-8.555492,1.726e-06,1.256e-06,2.303e-05,2.303e-05,1.00000000
49.400000,1.196044,1.644916,-2.655407,3.344765,-5.900086,-8.555493,1.751e-06,1.274e-06,2.236e-05,2.236e-05,1.00000000
49.450000,1.222887,1.618253,-2.659714,3.344888,-5.895781,-8.555495,1.760e-06,1.278e-06,2.254e-05,2.254e-05,1.00000000
49.500000,1.249348,1.591220,-2.663494,3.344706,-5.892002,-8.555496,1.777e-06,1.251e-06,2.297e-05,2.297e-05,1.00000000
49.550000,1.275304,1.563826,-2.666744,3.344171,-5.888753,-8.555497,1.769e-06,1.232e-06,2.290e-05,2.290e-05,1.00000000
49.600000,1.300702,1.536132,-2.669400,3.343235,-5.886098,-8.555497,1.711e-06,1.210e-06,2.265e-05,2.265e-05,1.00000000
49.650000,1.325410,1.508338,-2.671552,3.342004,-5.883945,-8.555497,1.667e-06,1.188e-06,2.318e-05,2.318e-05,1.00000000
49.700000,1.349403,1.480420,-2.673318,3.340533,-5.882178,-8.555497,1.639e-06,1.191e-06,2.335e-05,2.335e-05,1.00000000
49.750000,1.372654,1.452504,-2.674715,3.338869,-5.880782,-8.555497,1.600e-06,1.187e-06,2.296e-05,2.296e-05,1.00000000
49.800000,1.395000,1.424576,-2.675757,3.336932,-5.879741,-8.555497,1.571e-06,1.181e-06,2.262e-05,2.262e-05,1.00000000
49.850000,1.416417,1.396716,-2.676412,3.334702,-5.879085,-8.555498,1.551e-06,1.173e-06,2.255e-05,2.255e-05,1.00000000
49.900000,1.436950,1.368953,-2.676719,3.332219,-5.878780,-8.555499,1.530e-06,1.176e-06,2.248e-05,2.248e-05,1.00000000
49.950000,1.456677,1.341336,-2.676656,3.329501,-5.878844,-8.555500,1.506e-06,1.192e-06,2.232e-05,2.232e-05,1.00000000
50.000000,1.475514,1.313918,-2.676235,3.326523,-5.879266,-8.555502,1.508e-06,1.198e-06,2.215e-05,2.215e-05,1.00000000
50.050000,1.493491,1.286696,-2.675510,3.323320,-5.879993,-8.555504,1.515e-06,1.198e-06,2.231e-05,2.231e-05,1.00000000
50.100000,1.510694,1.259673,-2.674588,3.319999,-5.880918,-8.555506,1.525e-06,1.219e-06,2.303e-05,2.303e-05,1.00000000
50.150000,1.527202,1.232863,-2.673422,3.316547,-5.882085,-8.555508,1.528e-06,1.250e-06,2.328e-05,2.328e-05,1.00000000
50.200000,1.543186,1.206268,-2.671974,3.312997,-5.883536,-8.555510,1.531e-06,1.266e-06,2.327e-05,2.327e-05,1.00000000
50.250000,1.558712,1.179890,-2.670282,3.309400,-5.885230,-8.555513,1.535e-06,1.272e-06,2.340e-05,2.340e-05,1.00000000
50.300000,1.573853,1.153630,-2.668292,3.305701,-5.887224,-8.555516,1.578e-06,1.281e-06,2.374e-05,2.374e-05,1.00000000
50.350000,1.588647,1.127299,-2.665882,3.301746,-5.889638,-8.555520,1.622e-06,1.293e-06,2.406e-05,2.406e-05,1.00000000
50.400000,1.603128,1.100809,-2.662993,3.297474,-5.892531,-8.555524,1.630e-06,1.324e-06,2.426e-05,2.426e-05,1.00000000
50.450000,1.617272,1.074221,-2.659589,3.292861,-5.895939,-8.555527,1.622e-06,1.371e-06,2.408e-05,2.408e-05,1.00000000
50.500000,1.631108,1.047580,-2.655788,3.288031,-5.899743,-8.555531,1.633e-06,1.398e-06,2.397e-05,2.397e-05,1.00000000
50.550000,1.644667,1.020880,-2.651556,3.282967,-5.903978,-8.555534,1.657e-06,1.414e-06,2.387e-05,2.387e-05,1.00000000
50.600000,1.658005,0.994158,-2.646919,3.277730,-5.908617,-8.555536,1.636e-06,1.412e-06,2.321e-05,2.321e-05,1.00000000
50.650000,1.671145,0.967430,-2.642009,3.272440,-5.913530,-8.555539,1.598e-06,1.414e-06,2.270e-05,2.270e-05,1.00000000
50.700000,1.684150,0.940712,-2.636968,3.267246,-5.918574,-8.555542,1.576e-06,1.437e-06,2.263e-05,2.263e-05,1.00000000
50.750000,1.696960,0.914089,-2.631834,3.262174,-5.923710,-8.555544,1.553e-06,1.464e-06,2.285e-05,2.285e-05,1.00000000
50.800000,1.709497,0.887639,-2.626684,3.257261,-5.928861,-8.555546,1.550e-06,1.480e-06,2.325e-05,2.325e-05,1.00000000
50.850000,1.721751,0.861295,-2.621567,3.252517,-5.933980,-8.555546,1.541e-06,1.487e-06,2.364e-05,2.364e-05,1.00000000
50.900000,1.733741,0.834966,-2.616645,3.248054,-5.938902,-8.555547,1.537e-06,1.467e-06,2.372e-05,2.372e-05,1.00000000
50.950000,1.745508,0.808479,-2.611948,3.243872,-5.943599,-8.555547,1.527e-06,1.432e-06,2.332e-05,2.332e-05,1.00000000
51.000000,1.756980,0.781814,-2.607616,3.240042,-5.947930,-8.555546,1.529e-06,1.380e-06,2.263e-05,2.263e-05,1.00000000
51.050000,1.768088,0.754913,-2.603688,3.236544,-5.951856,-8.555544,1.513e-06,1.331e-06,2.223e-05,2.223e-05,1.00000000
51.100000,1.778788,0.727790,-2.600131,3.233333,-5.955411,-8.555542,1.475e-06,1.274e-06,2.178e-05,2.178e-05,1.00000000
51.150000,1.788985,0.700460,-2.596863,3.230295,-5.958676,-8.555539,1.442e-06,1.209e-06,2.193e-05,2.193e-05,1.00000000
51.200000,1.798622,0.672836,-2.593756,3.227278,-5.961780,-8.555536,1.424e-06,1.136e-06,2.186e-05,2.186e-05,1.00000000
51.250000,1.807664,0.644913,-2.590693,3.224167,-5.964840,-8.555533,1.432e-06,1.083e-06,2.213e-05,2.213e-05,1.00000000
51.300000,1.816122,0.616781,-2.587566,3.220903,-5.967962,-8.555528,1.431e-06,1.048e-06,2.240e-05,2.240e-05,1.00000000
51.350000,1.823990,0.588618,-2.584446,3.217573,-5.971077,-8.555523,1.429e-06,1.025e-06,2.235e-05,2.235e-05,1.00000000
51.400000,1.831340,0.560543,-2.581449,3.214326,-5.974071,-8.555519,1.406e-06,1.014e-06,2.256e-05,2.256e-05,1.00000000
51.450000,1.838185,0.532590,-2.578529,3.211135,-5.976986,-8.555515,1.369e-06,1.018e-06,2.252e-05,2.252e-05,1.00000000
51.500000,1.844486,0.504712,-2.575663,3.207944,-5.979847,-8.555510,1.344e-06,1.021e-06,2.236e-05,2.236e-05,1.00000000
51.550000,1.850220,0.476796,-2.572817,3.204689,-5.982688,-8.555505,1.330e-06,1.008e-06,2.188e-05,2.188e-05,1.00000000
51.600000,1.855550,0.448848,-2.569888,3.201383,-5.985612,-8.555499,1.321e-06,1.009e-06,2.187e-05,2.187e-05,1.00000000
51.650000,1.860481,0.420902,-2.566855,3.198014,-5.988638,-8.555494,1.325e-06,1.029e-06,2.178e-05,2.178e-05,1.00000000
51.700000,1.865009,0.392974,-2.563774,3.194624,-5.991714,-8.555488,1.334e-06,1.064e-06,2.202e-05,2.202e-05,1.00000000
51.750000,1.869011,0.365062,-2.560676,3.191165,-5.994806,-8.555482,1.357e-06,1.090e-06,2.233e-05,2.233e-05,1.00000000
51.800000,1.872460,0.336968,-2.557654,3.187672,-5.997821,-8.555476,1.390e-06,1.103e-06,2.271e-05,2.271e-05,1.00000000
51.850000,1.875433,0.308674,-2.554622,3.184121,-6.000847,-8.555470,1.434e-06,1.123e-06,2.284e-05,2.284e-05,1.00000000
51.900000,1.877963,0.280256,-2.551476,3.180459,-6.003986,-8.555463,1.489e-06,1.147e-06,2.309e-05,2.309e-05,1.00000000
51.950000,1.880168,0.251777,-2.548137,3.176700,-6.007320,-8.555456,1.541e-06,1.151e-06,2.348e-05,2.348e-05,1.00000000
52.000000,1.882026,0.223271,-2.544682,3.172898,-6.010768,-8.555450,1.601e-06,1.163e-06,2.369e-05,2.369e-05,1.00000000
52.050000,1.883495,0.194756,-2.541148,3.169056,-6.014296,-8.555444,1.675e-06,1.179e-06,2.327e-05,2.327e-05,1.00000000
52.100000,1.884635,0.166231,-2.537509,3.165191,-6.017929,-8.555438,1.727e-06,1.205e-06,2.275e-05,2.275e-05,1.00000000
52.150000,1.885443,0.137693,-2.533802,3.161330,-6.021631,-8.555432,1.768e-06,1.225e-06,2.245e-05,2.245e-05,1.00000000
52.200000,1.885884,0.109101,-2.530046,3.157467,-6.025381,-8.555427,1.829e-06,1.239e-06,2.240e-05,2.240e-05,1.00000000
52.250000,1.885982,0.080489,-2.526169,3.153559,-6.029253,-8.555421,1.893e-06,1.243e-06,2.233e-05,2.233e-05,1.00000000
52.300000,1.885793,0.051837,-2.522173,3.149644,-6.033243,-8.555416,1.931e-06,1.241e-06,2.255e-05,2.255e-05,1.00000000
52.350000,1.885435,0.023152,-2.518092,3.145821,-6.037318,-8.555411,1.954e-06,1.256e-06,2.265e-05,2.265e-05,1.00000000
52.400000,1.884902,-0.005567,-2.513902,3.142068,-6.041503,-8.555406,1.986e-06,1.290e-06,2.222e-05,2.222e-05,1.00000000
52.450000,1.884162,-0.034285,-2.509607,3.138370,-6.045794,-8.555401,1.989e-06,1.330e-06,2.242e-05,2.242e-05,1.00000000
52.500000,1.883175,-0.063034,-2.505221,3.134718,-6.050175,-8.555396,1.958e-06,1.361e-06,2.268e-05,2.268e-05,1.00000000
52.550000,1.881888,-0.091771,-2.500856,3.131167,-6.054536,-8.555392,1.970e-06,1.363e-06,2.244e-05,2.244e-05,1.00000000
52.600000,1.880237,-0.120532,-2.496679,3.127814,-6.058709,-8.555388,2.001e-06,1.361e-06,2.215e-05,2.215e-05,1.00000000
52.650000,1.878135,-0.149487,-2.492824,3.124726,-6.062559,-8.555383,2.012e-06,1.364e-06,2.169e-05,2.169e-05,1.00000000
52.700000,1.875553,-0.178530,-2.489357,3.121934,-6.066023,-8.555380,2.007e-06,1.349e-06,2.144e-05,2.144e-05,1.00000000
52.750000,1.872518,-0.207569,-2.486294,3.119466,-6.069082,-8.555376,1.950e-06,1.331e-06,2.192e-05,2.192e-05,1.00000000
52.800000,1.869038,-0.236720,-2.483630,3.117331,-6.071743,-8.555373,1.904e-06,1.323e-06,2.235e-05,2.235e-05,1.00000000
52.850000,1.865174,-0.265969,-2.481265,3.115492,-6.074105,-8.555370,1.864e-06,1.317e-06,2.264e-05,2.264e-05,1.00000000
52.900000,1.860887,-0.295242,-2.479315,3.114012,-6.076052,-8.555368,1.841e-06,1.335e-06,2.282e-05,2.282e-05,1.00000000
52.950000,1.856077,-0.324590,-2.477842,3.112889,-6.077524,-8.555365,1.785e-06,1.345e-06,2.273e-05,2.273e-05,1.00000000
53.000000,1.850767,-0.354137,-2.476807,3.112125,-6.078557,-8.555364,1.750e-06,1.352e-06,2.241e-05,2.241e-05,1.00000000
53.050000,1.844882,-0.383850,-2.476324,3.111770,-6.079041,-8.555365,1.741e-06,1.354e-06,2.210e-05,2.210e-05,1.00000000
53.100000,1.838328,-0.413644,-2.476487,3.111838,-6.078878,-8.555365,1.734e-06,1.367e-06,2.186e-05,2.186e-05,1.00000000
53.150000,1.830978,-0.443328,-2.477424,3.112338,-6.077941,-8.555365,1.725e-06,1.393e-06,2.175e-05,2.175e-05,1.00000000
53.200000,1.822664,-0.472873,-2.479121,3.113158,-6.076245,-8.555366,1.723e-06,1.413e-06,2.199e-05,2.199e-05,1.00000000
53.250000,1.813348,-0.502288,-2.481649,3.114338,-6.073718,-8.555367,1.730e-06,1.421e-06,2.196e-05,2.196e-05,1.00000000
53.300000,1.803064,-0.531692,-2.485017,3.115934,-6.070351,-8.555368,1.731e-06,1.417e-06,2.187e-05,2.187e-05,1.00000000
53.350000,1.791821,-0.561190,-2.489130,3.117904,-6.066240,-8.555370,1.740e-06,1.411e-06,2.176e-05,2.176e-05,1.00000000
53.400000,1.779685,-0.590861,-2.493889,3.120237,-6.061484,-8.555373,1.783e-06,1.416e-06,2.157e-05,2.157e-05,1.00000000
53.450000,1.766740,-0.620680,-2.499312,3.123008,-6.056065,-8.555377,1.812e-06,1.452e-06,2.187e-05,2.187e-05,1.00000000
53.500000,1.753059,-0.650587,-2.505361,3.126230,-6.050021,-8.555381,1.810e-06,1.491e-06,2.229e-05,2.229e-05,1.00000000
53.550000,1.738619,-0.680538,-2.512003,3.129870,-6.043383,-8.555386,1.785e-06,1.524e-06,2.254e-05,2.254e-05,1.00000000
53.600000,1.723484,-0.710531,-2.519203,3.133949,-6.036187,-8.555391,1.794e-06,1.556e-06,2.261e-05,2.261e-05,1.00000000
53.650000,1.707763,-0.740551,-2.526911,3.138495,-6.028485,-8.555396,1.806e-06,1.578e-06,2.254e-05,2.254e-05,1.00000000
53.700000,1.691540,-0.770658,-2.535096,3.143554,-6.020305,-8.555402,1.807e-06,1.601e-06,2.267e-05,2.267e-05,1.00000000
53.750000,1.674870,-0.800827,-2.543668,3.149088,-6.011739,-8.555407,1.824e-06,1.625e-06,2.260e-05,2.260e-05,1.00000000
53.800000,1.657843,-0.831005,-2.552500,3.155039,-6.002912,-8.555412,1.831e-06,1.635e-06,2.231e-05,2.231e-05,1.00000000
53.850000,1.640419,-0.861142,-2.561541,3.161334,-5.993875,-8.555416,1.835e-06,1.636e-06,2.207e-05,2.207e-05,1.00000000
53.900000,1.622526,-0.891222,-2.570806,3.167950,-5.984615,-8.555421,1.817e-06,1.643e-06,2.197e-05,2.197e-05,1.00000000
53.950000,1.604094,-0.921236,-2.580293,3.174855,-5.975134,-8.555426,1.781e-06,1.654e-06,2.168e-05,2.168e-05,1.00000000
54.000000,1.585104,-0.951091,-2.589970,3.181992,-5.965462,-8.555431,1.753e-06,1.664e-06,2.183e-05,2.183e-05,1.00000000
54.050000,1.565425,-0.980723,-2.599853,3.189296,-5.955583,-8.555436,1.686e-06,1.646e-06,2.163e-05,2.163e-05,1.00000000
54.100000,1.544980,-1.010008,-2.609884,3.196650,-5.945557,-8.555441,1.645e-06,1.607e-06,2.159e-05,2.159e-05,1.00000000
54.150000,1.523632,-1.038996,-2.620031,3.203987,-5.935414,-8.555446,1.623e-06,1.557e-06,2.171e-05,2.171e-05,1.00000000
54.200000,1.501303,-1.067718,-2.630188,3.211203,-5.925261,-8.555449,1.602e-06,1.492e-06,2.193e-05,2.193e-05,1.00000000
54.250000,1.477929,-1.096177,-2.640266,3.218211,-5.915187,-8.555453,1.578e-06,1.439e-06,2.202e-05,2.202e-05,1.00000000
54.300000,1.453528,-1.124348,-2.650166,3.224947,-5.905291,-8.555457,1.562e-06,1.393e-06,2.197e-05,2.197e-05,1.00000000
54.350000,1.428141,-1.152275,-2.659782,3.231372,-5.895678,-8.555460,1.548e-06,1.355e-06,2.238e-05,2.238e-05,1.00000000
54.400000,1.401851,-1.179904,-2.669152,3.237550,-5.886310,-8.555462,1.540e-06,1.312e-06,2.223e-05,2.223e-05,1.00000000
54.450000,1.374794,-1.207164,-2.678270,3.243522,-5.877193,-8.555463,1.537e-06,1.284e-06,2.184e-05,2.184e-05,1.00000000
54.500000,1.347187,-1.233928,-2.687055,3.249270,-5.868408,-8.555463,1.522e-06,1.255e-06,2.191e-05,2.191e-05,1.00000000
54.550000,1.319159,-1.260091,-2.695425,3.254739,-5.860038,-8.555463,1.520e-06,1.224e-06,2.183e-05,2.183e-05,1.00000000
54.600000,1.290777,-1.285484,-2.703382,3.259885,-5.852080,-8.555462,1.508e-06,1.217e-06,2.170e-05,2.170e-05,1.00000000
54.650000,1.262019,-1.309997,-2.710981,3.264690,-5.844479,-8.555460,1.493e-06,1.217e-06,2.153e-05,2.153e-05,1.00000000
54.700000,1.232925,-1.333530,-2.718254,3.269145,-5.837202,-8.555457,1.487e-06,1.220e-06,2.161e-05,2.161e-05,1.00000000
54.750000,1.203537,-1.356163,-2.725250,3.273326,-5.830203,-8.555453,1.501e-06,1.220e-06,2.146e-05,2.146e-05,1.00000000
54.800000,1.173822,-1.377975,-2.731943,3.277222,-5.823507,-8.555450,1.539e-06,1.198e-06,2.114e-05,2.114e-05,1.00000000
54.850000,1.143849,-1.398930,-2.738268,3.280778,-5.817178,-8.555446,1.564e-06,1.189e-06,2.111e-05,2.111e-05,1.00000000
54.900000,1.113738,-1.419044,-2.744172,3.283988,-5.811269,-8.555441,1.580e-06,1.196e-06,2.154e-05,2.154e-05,1.00000000
54.950000,1.083520,-1.438282,-2.749708,3.286878,-5.805728,-8.555436,1.586e-06,1.226e-06,2.172e-05,2.172e-05,1.00000000
55.000000,1.053353,-1.456603,-2.754849,3.289444,-5.800581,-8.555430,1.622e-06,1.249e-06,2.182e-05,2.182e-05,1.00000000
55.050000,1.023374,-1.474017,-2.759630,3.291744,-5.795794,-8.555424,1.696e-06,1.265e-06,2.184e-05,2.184e-05,1.00000000
55.100000,0.993587,-1.490635,-2.764100,3.293852,-5.791318,-8.555419,1.766e-06,1.299e-06,2.170e-05,2.170e-05,1.00000000
55.150000,0.964023,-1.506536,-2.768364,3.295881,-5.787050,-8.555413,1.833e-06,1.343e-06,2.159e-05,2.159e-05,1.00000000
55.200000,0.934741,-1.521784,-2.772480,3.297911,-5.782928,-8.555408,1.919e-06,1.378e-06,2.130e-05,2.130e-05,1.00000000
55.250000,0.905703,-1.536459,-2.776593,3.300072,-5.778811,-8.555404,1.994e-06,1.409e-06,2.148e-05,2.148e-05,1.00000000
55.300000,0.876845,-1.550611,-2.780699,3.302353,-5.774702,-8.555400,2.043e-06,1.438e-06,2.181e-05,2.181e-05,1.00000000
55.350000,0.847998,-1.564211,-2.784678,3.304586,-5.770719,-8.555396,2.053e-06,1.468e-06,2.214e-05,2.214e-05,1.00000000
55.400000,0.819161,-1.577254,-2.788482,3.306718,-5.766911,-8.555393,2.044e-06,1.496e-06,2.179e-05,2.179e-05,1.00000000
55.450000,0.790265,-1.589776,-2.792023,3.308670,-5.763368,-8.555390,2.046e-06,1.510e-06,2.119e-05,2.119e-05,1.00000000
55.500000,0.761296,-1.601820,-2.795226,3.310391,-5.760162,-8.555388,2.051e-06,1.523e-06,2.081e-05,2.081e-05,1.00000000
55.550000,0.732280,-1.613310,-2.798118,3.311868,-5.757267,-8.555386,2.062e-06,1.540e-06,2.125e-05,2.125e-05,1.00000000
55.600000,0.703170,-1.624220,-2.800611,3.312999,-5.754773,-8.555384,2.080e-06,1.553e-06,2.157e-05,2.157e-05,1.00000000
55.650000,0.673926,-1.634619,-2.802604,3.313720,-5.752779,-8.555383,2.113e-06,1.559e-06,2.166e-05,2.166e-05,1.00000000
55.700000,0.644480,-1.644532,-2.804001,3.313950,-5.751381,-8.555382,2.110e-06,1.569e-06,2.232e-05,2.232e-05,1.00000000
55.750000,0.614756,-1.653951,-2.804804,3.313670,-5.750577,-8.555381,2.089e-06,1.585e-06,2.248e-05,2.248e-05,1.00000000
55.800000,0.584658,-1.662893,-2.805103,3.312950,-5.750278,-8.555381,2.067e-06,1.595e-06,2.273e-05,2.273e-05,1.00000000
55.850000,0.554081,-1.671328,-2.805014,3.311865,-5.750367,-8.555381,2.029e-06,1.577e-06,2.248e-05,2.248e-05,1.00000000
55.900000,0.522997,-1.679249,-2.804646,3.310505,-5.750736,-8.555381,1.991e-06,1.555e-06,2.230e-05,2.230e-05,1.00000000
55.950000,0.491357,-1.686615,-2.804027,3.308877,-5.751355,-8.555382,1.943e-06,1.556e-06,2.195e-05,2.195e-05,1.00000000
56.000000,0.459104,-1.693388,-2.803109,3.306927,-5.752274,-8.555383,1.891e-06,1.581e-06,2.171e-05,2.171e-05,1.00000000
56.050000,0.426261,-1.699578,-2.801824,3.304615,-5.753561,-8.555385,1.890e-06,1.608e-06,2.124e-05,2.124e-05,1.00000000
56.100000,0.392797,-1.705184,-2.800169,3.301953,-5.755217,-8.555386,1.876e-06,1.607e-06,2.097e-05,2.097e-05,1.00000000
56.150000,0.358714,-1.710235,-2.798229,3.299040,-5.757159,-8.555388,1.885e-06,1.574e-06,2.087e-05,2.087e-05,1.00000000
56.200000,0.324218,-1.714659,-2.796061,3.295926,-5.759329,-8.555390,1.895e-06,1.547e-06,2.095e-05,2.095e-05,1.00000000
56.250000,0.289344,-1.718358,-2.793652,3.292562,-5.761740,-8.555391,1.916e-06,1.548e-06,2.125e-05,2.125e-05,1.00000000
56.300000,0.254222,-1.721166,-2.790987,3.288868,-5.764407,-8.555394,1.914e-06,1.559e-06,2.182e-05,2.182e-05,1.00000000
56.350000,0.219016,-1.722952,-2.788058,3.284783,-5.767338,-8.555395,1.919e-06,1.574e-06,2.195e-05,2.195e-05,1.00000000
56.400000,0.183808,-1.723701,-2.784909,3.280343,-5.770488,-8.555397,1.935e-06,1.603e-06,2.188e-05,2.188e-05,1.00000000
56.450000,0.148698,-1.723488,-2.781531,3.275582,-5.773867,-8.555398,1.937e-06,1.644e-06,2.183e-05,2.183e-05,1.00000000
56.500000,0.113713,-1.722441,-2.777870,3.270519,-5.777529,-8.555398,1.924e-06,1.693e-06,2.131e-05,2.131e-05,1.00000000
56.550000,0.078898,-1.720542,-2.773986,3.265193,-5.781413,-8.555398,1.918e-06,1.740e-06,2.123e-05,2.123e-05,1.00000000
56.600000,0.044263,-1.717735,-2.770041,3.259709,-5.785356,-8.555397,1.922e-06,1.785e-06,2.134e-05,2.134e-05,1.00000000
56.650000,0.009853,-1.714007,-2.766134,3.254138,-5.789262,-8.555396,1.921e-06,1.805e-06,2.135e-05,2.135e-05,1.00000000
56.700000,-0.024362,-1.709391,-2.762381,3.248593,-5.793014,-8.555395,1.913e-06,1.824e-06,2.108e-05,2.108e-05,1.00000000
56.750000,-0.058411,-1.703853,-2.758775,3.243049,-5.796618,-8.555393,1.902e-06,1.850e-06,2.091e-05,2.091e-05,1.00000000
56.800000,-0.092259,-1.697371,-2.755280,3.237460,-5.800111,-8.555391,1.908e-06,1.881e-06,2.089e-05,2.089e-05,1.00000000
56.850000,-0.125935,-1.689977,-2.751875,3.231826,-5.803513,-8.555388,1.951e-06,1.911e-06,2.051e-05,2.051e-05,1.00000000
56.900000,-0.159404,-1.681636,-2.748655,3.226208,-5.806730,-8.555385,1.965e-06,1.931e-06,2.048e-05,2.048e-05,1.00000000
56.950000,-0.192699,-1.672158,-2.745579,3.220474,-5.809803,-8.555382,1.959e-06,1.929e-06,2.060e-05,2.060e-05,1.00000000
57.000000,-0.225816,-1.661664,-2.742589,3.214641,-5.812789,-8.555378,1.948e-06,1.928e-06,2.106e-05,2.106e-05,1.00000000
57.050000,-0.258696,-1.650235,-2.739619,3.208693,-5.815755,-8.555374,1.933e-06,1.911e-06,2.178e-05,2.178e-05,1.00000000
57.100000,-0.291284,-1.637874,-2.736654,3.202617,-5.818716,-8.555370,1.905e-06,1.886e-06,2.201e-05,2.201e-05,1.00000000
57.150000,-0.323692,-1.624652,-2.733771,3.196525,-5.821596,-8.555367,1.902e-06,1.849e-06,2.197e-05,2.197e-05,1.00000000
57.200000,-0.355994,-1.610561,-2.730965,3.190425,-5.824397,-8.555362,1.900e-06,1.840e-06,2.181e-05,2.181e-05,1.00000000
57.250000,-0.388194,-1.595562,-2.728200,3.184272,-5.827157,-8.555357,1.872e-06,1.840e-06,2.151e-05,2.151e-05,1.00000000
57.300000,-0.420234,-1.579656,-2.725455,3.178052,-5.829897,-8.555352,1.840e-06,1.810e-06,2.167e-05,2.167e-05,1.00000000
57.350000,-0.451996,-1.562829,-2.722689,3.171714,-5.832658,-8.555347,1.808e-06,1.762e-06,2.185e-05,2.185e-05,1.00000000
57.400000,-0.483413,-1.545212,-2.719804,3.165233,-5.835539,-8.555343,1.771e-06,1.694e-06,2.189e-05,2.189e-05,1.00000000
57.450000,-0.514612,-1.526835,-2.716790,3.158638,-5.838549,-8.555339,1.740e-06,1.633e-06,2.190e-05,2.190e-05,1.00000000
57.500000,-0.545595,-1.507847,-2.713674,3.152032,-5.841661,-8.555335,1.720e-06,1.583e-06,2.147e-05,2.147e-05,1.00000000
57.550000,-0.576286,-1.488176,-2.710448,3.145362,-5.844884,-8.555331,1.711e-06,1.540e-06,2.106e-05,2.106e-05,1.00000000
57.600000,-0.606630,-1.467788,-2.706995,3.138507,-5.848333,-8.555328,1.722e-06,1.500e-06,2.060e-05,2.060e-05,1.00000000
57.650000,-0.636665,-1.446664,-2.703273,3.131432,-5.852053,-8.555325,1.713e-06,1.488e-06,2.036e-05,2.036e-05,1.00000000
57.700000,-0.666171,-1.424925,-2.699189,3.124070,-5.856133,-8.555322,1.680e-06,1.476e-06,2.028e-05,2.028e-05,1.00000000
57.750000,-0.695131,-1.402615,-2.694834,3.116515,-5.860486,-8.555320,1.663e-06,1.468e-06,2.080e-05,2.080e-05,1.00000000
57.800000,-0.723537,-1.379805,-2.690287,3.108860,-5.865031,-8.555318,1.652e-06,1.470e-06,2.137e-05,2.137e-05,1.00000000
57.850000,-0.751317,-1.356532,-2.685722,3.101251,-5.869593,-8.555315,1.649e-06,1.478e-06,2.156e-05,2.156e-05,1.00000000
57.900000,-0.778462,-1.332958,-2.681191,3.093794,-5.874122,-8.555313,1.645e-06,1.473e-06,2.131e-05,2.131e-05,1.00000000
57.950000,-0.804992,-1.309100,-2.676731,3.086526,-5.878580,-8.555311,1.646e-06,1.468e-06,2.115e-05,2.115e-05,1.00000000
58.000000,-0.830930,-1.284946,-2.672395,3.079484,-5.882916,-8.555311,1.669e-06,1.464e-06,2.108e-05,2.108e-05,1.00000000
58.050000,-0.856258,-1.260498,-2.668260,3.072726,-5.887050,-8.555311,1.697e-06,1.466e-06,2.109e-05,2.109e-05,1.00000000
58.100000,-0.880919,-1.235693,-2.664398,3.066263,-5.890913,-8.555310,1.715e-06,1.459e-06,2.088e-05,2.088e-05,1.00000000
58.150000,-0.904828,-1.210446,-2.660809,3.060032,-5.894501,-8.555310,1.782e-06,1.457e-06,2.097e-05,2.097e-05,1.00000000
58.200000,-0.928020,-1.184778,-2.657497,3.054048,-5.897814,-8.555311,1.873e-06,1.464e-06,2.075e-05,2.075e-05,1.00000000
58.250000,-0.950440,-1.158662,-2.654464,3.048280,-5.900847,-8.555311,1.961e-06,1.479e-06,2.062e-05,2.062e-05,1.00000000
58.300000,-0.972104,-1.132011,-2.651634,3.042630,-5.903677,-8.555311,2.006e-06,1.501e-06,2.050e-05,2.050e-05,1.00000000
58.350000,-0.992991,-1.104826,-2.648970,3.037057,-5.906341,-8.555312,2.029e-06,1.553e-06,2.057e-05,2.057e-05,1.00000000
58.400000,-1.013103,-1.077171,-2.646421,3.031538,-5.908892,-8.555314,2.056e-06,1.603e-06,2.040e-05,2.040e-05,1.00000000
58.450000,-1.032456,-1.049088,-2.643994,3.026096,-5.911322,-8.555316,2.091e-06,1.653e-06,2.067e-05,2.067e-05,1.00000000
58.500000,-1.050998,-1.020632,-2.641729,3.020764,-5.913588,-8.555317,2.131e-06,1.698e-06,2.092e-05,2.092e-05,1.00000000
58.550000,-1.068707,-0.991871,-2.639639,3.015566,-5.915680,-8.555319,2.149e-06,1.730e-06,2.115e-05,2.115e-05,1.00000000
58.600000,-1.085613,-0.962783,-2.637721,3.010495,-5.917600,-8.555321,2.164e-06,1.753e-06,2.147e-05,2.147e-05,1.00000000
58.650000,-1.101783,-0.933430,-2.635872,3.005501,-5.919451,-8.555323,2.164e-06,1.775e-06,2.135e-05,2.135e-05,1.00000000
58.700000,-1.117293,-0.903913,-2.634068,3.000620,-5.921256,-8.555324,2.178e-06,1.798e-06,2.114e-05,2.114e-05,1.00000000
58.750000,-1.132229,-0.874383,-2.632146,2.995777,-5.923180,-8.555326,2.206e-06,1.799e-06,2.139e-05,2.139e-05,1.00000000
58.800000,-1.146555,-0.844908,-2.630031,2.990906,-5.925299,-8.555329,2.226e-06,1.775e-06,2.136e-05,2.136e-05,1.00000000
58.850000,-1.160213,-0.815544,-2.627731,2.985997,-5.927602,-8.555333,2.257e-06,1.760e-06,2.101e-05,2.101e-05,1.00000000
58.900000,-1.173151,-0.786315,-2.625323,2.981090,-5.930013,-8.555336,2.265e-06,1.753e-06,2.091e-05,2.091e-05,1.00000000
58.950000,-1.185344,-0.757228,-2.622880,2.976228,-5.932459,-8.555338,2.232e-06,1.743e-06,2.102e-05,2.102e-05,1.00000000
59.000000,-1.196829,-0.728273,-2.620430,2.971437,-5.934909,-8.555340,2.168e-06,1.728e-06,2.148e-05,2.148e-05,1.00000000
59.050000,-1.207553,-0.699333,-2.618031,2.966705,-5.937310,-8.555341,2.136e-06,1.702e-06,2.187e-05,2.187e-05,1.00000000
59.100000,-1.217427,-0.670440,-2.615709,2.962018,-5.939634,-8.555343,2.131e-06,1.704e-06,2.173e-05,2.173e-05,1.00000000
59.150000,-1.226359,-0.641680,-2.613570,2.957441,-5.941774,-8.555345,2.122e-06,1.710e-06,2.142e-05,2.142e-05,1.00000000
59.200000,-1.234306,-0.613122,-2.611673,2.953010,-5.943673,-8.555346,2.115e-06,1.723e-06,2.104e-05,2.104e-05,1.00000000
59.250000,-1.241262,-0.584762,-2.610040,2.948726,-5.945308,-8.555348,2.113e-06,1.749e-06,2.071e-05,2.071e-05,1.00000000
59.300000,-1.247277,-0.556520,-2.608807,2.944705,-5.946542,-8.555349,2.101e-06,1.775e-06,2.053e-05,2.053e-05,1.00000000
59.350000,-1.252404,-0.528289,-2.607970,2.940938,-5.947378,-8.555349,2.047e-06,1.790e-06,2.041e-05,2.041e-05,1.00000000
59.400000,-1.256672,-0.500125,-2.607410,2.937335,-5.947938,-8.555348,2.039e-06,1.783e-06,2.051e-05,2.051e-05,1.00000000
59.450000,-1.259983,-0.472129,-2.607194,2.933926,-5.948154,-8.555348,2.062e-06,1.793e-06,2.084e-05,2.084e-05,1.00000000
59.500000,-1.262383,-0.444513,-2.607252,2.930694,-5.948094,-8.555346,2.083e-06,1.798e-06,2.095e-05,2.095e-05,1.00000000
59.550000,-1.263983,-0.417348,-2.607466,2.927578,-5.947879,-8.555345,2.087e-06,1.812e-06,2.075e-05,2.075e-05,1.00000000
59.600000,-1.264835,-0.390594,-2.607856,2.924599,-5.947488,-8.555344,2.080e-06,1.841e-06,2.035e-05,2.035e-05,1.00000000
59.650000,-1.265082,-0.364182,-2.608443,2.921821,-5.946899,-8.555343,2.083e-06,1.878e-06,2.015e-05,2.015e-05,1.00000000
59.700000,-1.264668,-0.337911,-2.609251,2.919205,-5.946089,-8.555340,2.083e-06,1.913e-06,2.029e-05,2.029e-05,1.00000000
59.750000,-1.263483,-0.311648,-2.610353,2.916754,-5.944985,-8.555338,2.072e-06,1.941e-06,2.074e-05,2.074e-05,1.00000000
59.800000,-1.261555,-0.285359,-2.611747,2.914476,-5.943588,-8.555335,2.068e-06,1.974e-06,2.083e-05,2.083e-05,1.00000000
59.850000,-1.258949,-0.258906,-2.613453,2.912408,-5.941878,-8.555331,2.080e-06,2.012e-06,2.079e-05,2.079e-05,1.00000000
59.900000,-1.255681,-0.232267,-2.615531,2.910615,-5.939797,-8.555327,2.087e-06,2.046e-06,2.079e-05,2.079e-05,1.00000000
59.950000,-1.251832,-0.205449,-2.618070,2.909224,-5.937253,-8.555323,2.117e-06,2.068e-06,2.041e-05,2.041e-05,1.00000000
60.000000,-1.247406,-0.178569,-2.621089,2.908267,-5.934228,-8.555317,2.166e-06,2.111e-06,2.032e-05,2.032e-05,1.00000000
60.050000,-1.242369,-0.151646,-2.624578,2.907729,-5.930734,-8.555312,2.217e-06,2.143e-06,2.017e-05,2.017e-05,1.00000000
60.100000,-1.236737,-0.124746,-2.628390,2.907492,-5.926916,-8.555305,2.245e-06,2.152e-06,2.011e-05,2.011e-05,1.00000000
60.150000,-1.230592,-0.097937,-2.632495,2.907573,-5.922804,-8.555299,2.256e-06,2.150e-06,2.007e-05,2.007e-05,1.00000000
60.200000,-1.223956,-0.071151,-2.636815,2.907907,-5.918478,-8.555293,2.252e-06,2.142e-06,2.018e-05,2.018e-05,1.00000000
60.250000,-1.216931,-0.044343,-2.641296,2.908493,-5.913990,-8.555287,2.247e-06,2.150e-06,2.039e-05,2.039e-05,1.00000000
60.300000,-1.209461,-0.017465,-2.645932,2.909305,-5.909349,-8.555281,2.204e-06,2.162e-06,2.063e-05,2.063e-05,1.00000000
60.350000,-1.201517,0.009508,-2.650656,2.910277,-5.904619,-8.555275,2.157e-06,2.154e-06,2.065e-05,2.065e-05,1.00000000
60.400000,-1.193132,0.036480,-2.655369,2.911336,-5.899902,-8.555271,2.135e-06,2.119e-06,2.081e-05,2.081e-05,1.00000000
60.450000,-1.184276,0.063377,-2.660063,2.912467,-5.895203,-8.555266,2.105e-06,2.093e-06,2.060e-05,2.060e-05,1.00000000
60.500000,-1.174984,0.090020,-2.664805,2.913740,-5.890455,-8.555261,2.074e-06,2.043e-06,2.061e-05,2.061e-05,1.00000000
60.550000,-1.165248,0.116376,-2.669612,2.915163,-5.885644,-8.555256,2.052e-06,1.999e-06,2.070e-05,2.070e-05,1.00000000
60.600000,-1.154958,0.142393,-2.674581,2.916777,-5.880671,-8.555252,2.025e-06,1.939e-06,2.056e-05,2.056e-05,1.00000000
60.650000,-1.144053,0.167986,-2.679708,2.918546,-5.875540,-8.555248,2.013e-06,1.881e-06,2.035e-05,2.035e-05,1.00000000
60.700000,-1.132537,0.193040,-2.684889,2.920366,-5.870355,-8.555245,1.981e-06,1.817e-06,2.049e-05,2.049e-05,1.00000000
60.750000,-1.120569,0.217549,-2.690128,2.922292,-5.865114,-8.555242,1.950e-06,1.773e-06,2.071e-05,2.071e-05,1.00000000
60.800000,-1.108163,0.241498,-2.695392,2.924292,-5.859849,-8.555240,1.926e-06,1.748e-06,2.061e-05,2.061e-05,1.00000000
60.850000,-1.095344,0.264993,-2.700599,2.926301,-5.854640,-8.555239,1.909e-06,1.722e-06,2.059e-05,2.059e-05,1.00000000
60.900000,-1.082181,0.288043,-2.705618,2.928216,-5.849620,-8.555237,1.876e-06,1.701e-06,2.054e-05,2.054e-05,1.00000000
60.950000,-1.068734,0.310528,-2.710386,2.929985,-5.844851,-8.555237,1.862e-06,1.692e-06,2.046e-05,2.046e-05,1.00000000
61.000000,-1.054937,0.332466,-2.714952,2.931619,-5.840284,-8.555236,1.858e-06,1.694e-06,1.997e-05,1.997e-05,1.00000000
61.050000,-1.040741,0.353806,-2.719387,2.933153,-5.835850,-8.555237,1.858e-06,1.688e-06,1.984e-05,1.984e-05,1.00000000
61.100000,-1.026115,0.374728,-2.723734,2.934631,-5.831505,-8.555239,1.870e-06,1.663e-06,1.987e-05,1.987e-05,1.00000000
61.150000,-1.011006,0.395375,-2.727931,2.935994,-5.827310,-8.555241,1.874e-06,1.672e-06,1.994e-05,1.994e-05,1.00000000
61.200000,-0.995325,0.415858,-2.732075,2.937319,-5.823167,-8.555243,1.893e-06,1.698e-06,2.012e-05,2.012e-05,1.00000000
61.250000,-0.979080,0.436152,-2.736225,2.938666,-5.819019,-8.555245,1.900e-06,1.725e-06,1.994e-05,1.994e-05,1.00000000
61.300000,-0.962274,0.456201,-2.740313,2.939967,-5.814935,-8.555247,1.911e-06,1.737e-06,2.002e-05,2.002e-05,1.00000000
61.350000,-0.944870,0.475949,-2.744277,2.941150,-5.810973,-8.555250,1.945e-06,1.757e-06,2.012e-05,2.012e-05,1.00000000
61.400000,-0.926962,0.495300,-2.748061,2.942179,-5.807193,-8.555254,1.978e-06,1.783e-06,2.005e-05,2.005e-05,1.00000000
61.450000,-0.908647,0.514260,-2.751550,2.942980,-5.803707,-8.555257,1.997e-06,1.804e-06,1.999e-05,1.999e-05,1.00000000
61.500000,-0.889957,0.532763,-2.754726,2.943530,-5.800535,-8.555261,2.029e-06,1.834e-06,1.974e-05,1.974e-05,1.00000000
61.550000,-0.870927,0.550756,-2.757568,2.943812,-5.797696,-8.555264,2.097e-06,1.866e-06,2.003e-05,2.003e-05,1.00000000
61.600000,-0.851573,0.568246,-2.759989,2.943742,-5.795279,-8.555268,2.177e-06,1.882e-06,2.026e-05,2.026e-05,1.00000000
61.650000,-0.831915,0.585269,-2.761992,2.943335,-5.793280,-8.555272,2.241e-06,1.876e-06,2.012e-05,2.012e-05,1.00000000
61.700000,-0.811995,0.601811,-2.763742,2.942751,-5.791533,-8.555275,2.278e-06,1.874e-06,2.005e-05,2.005e-05,1.00000000
61.750000,-0.791886,0.617934,-2.765319,2.942094,-5.789959,-8.555279,2.294e-06,1.893e-06,1.988e-05,1.988e-05,1.00000000
61.800000,-0.771513,0.633710,-2.766775,2.941405,-5.788508,-8.555283,2.336e-06,1.904e-06,1.992e-05,1.992e-05,1.00000000
61.850000,-0.750833,0.649168,-2.768136,2.940705,-5.787151,-8.555287,2.398e-06,1.928e-06,1.996e-05,1.996e-05,1.00000000
61.900000,-0.729784,0.664471,-2.769399,2.940013,-5.785892,-8.555291,2.452e-06,1.950e-06,2.009e-05,2.009e-05,1.00000000
61.950000,-0.708309,0.679649,-2.770638,2.939398,-5.784656,-8.555294,2.476e-06,1.976e-06,1.998e-05,1.998e-05,1.00000000
62.000000,-0.686413,0.694681,-2.771988,2.938990,-5.783309,-8.555298,2.473e-06,2.008e-06,1.988e-05,1.988e-05,1.00000000
62.050000,-0.663990,0.709582,-2.773447,2.938775,-5.781853,-8.555300,2.463e-06,2.048e-06,2.008e-05,2.008e-05,1.00000000
62.100000,-0.640991,0.724347,-2.774975,2.938713,-5.780326,-8.555301,2.438e-06,2.042e-06,2.026e-05,2.026e-05,1.00000000
62.150000,-0.617340,0.738883,-2.776527,2.938734,-5.778775,-8.555302,2.412e-06,2.004e-06,2.026e-05,2.026e-05,1.00000000
62.200000,-0.593024,0.753123,-2.778094,2.938823,-5.777210,-8.555304,2.402e-06,1.981e-06,2.069e-05,2.069e-05,1.00000000
62.250000,-0.568061,0.766949,-2.779579,2.938871,-5.775726,-8.555305,2.399e-06,1.988e-06,2.091e-05,2.091e-05,1.00000000
62.300000,-0.542474,0.780310,-2.780940,2.938841,-5.774365,-8.555304,2.378e-06,1.971e-06,2.096e-05,2.096e-05,1.00000000
62.350000,-0.516372,0.793111,-2.782157,2.938718,-5.773146,-8.555303,2.357e-06,1.959e-06,2.098e-05,2.098e-05,1.00000000
62.400000,-0.489927,0.805253,-2.783239,2.938517,-5.772064,-8.555303,2.335e-06,1.949e-06,2.042e-05,2.042e-05,1.00000000
62.450000,-0.463341,0.816601,-2.784198,2.938244,-5.771104,-8.555302,2.323e-06,1.959e-06,2.001e-05,2.001e-05,1.00000000
62.500000,-0.436731,0.827049,-2.785075,2.937923,-5.770225,-8.555301,2.310e-06,1.989e-06,1.979e-05,1.979e-05,1.00000000
62.550000,-0.410056,0.836598,-2.785752,2.937423,-5.769547,-8.555299,2.285e-06,1.993e-06,1.987e-05,1.987e-05,1.00000000
62.600000,-0.383438,0.845210,-2.786222,2.936739,-5.769076,-8.555298,2.275e-06,2.011e-06,1.979e-05,1.979e-05,1.00000000
62.650000,-0.357018,0.852925,-2.786521,2.935923,-5.768774,-8.555296,2.275e-06,2.016e-06,1.973e-05,1.973e-05,1.00000000
62.700000,-0.330894,0.859753,-2.786671,2.934996,-5.768622,-8.555293,2.287e-06,2.043e-06,1.960e-05,1.960e-05,1.00000000
62.750000,-0.305170,0.865667,-2.786767,2.934038,-5.768523,-8.555290,2.294e-06,2.085e-06,1.931e-05,1.931e-05,1.00000000
62.800000,-0.279875,0.870701,-2.786965,2.933193,-5.768322,-8.555287,2.300e-06,2.127e-06,1.928e-05,1.928e-05,1.00000000
62.850000,-0.255019,0.874851,-2.787444,2.932617,-5.767839,-8.555284,2.302e-06,2.162e-06,1.960e-05,1.960e-05,1.00000000
62.900000,-0.230534,0.878171,-2.788198,2.932299,-5.767082,-8.555280,2.288e-06,2.172e-06,1.984e-05,1.984e-05,1.00000000
62.950000,-0.206443,0.880711,-2.789232,2.932250,-5.766044,-8.555276,2.266e-06,2.216e-06,1.980e-05,1.980e-05,1.00000000
63.000000,-0.182799,0.882606,-2.790627,2.932577,-5.764645,-8.555273,2.248e-06,2.265e-06,1.975e-05,1.975e-05,1.00000000
63.050000,-0.159634,0.883888,-2.792380,2.933279,-5.762888,-8.555269,2.282e-06,2.294e-06,1.977e-05,1.977e-05,1.00000000
63.100000,-0.136897,0.884530,-2.794387,2.934235,-5.760877,-8.555264,2.313e-06,2.300e-06,1.999e-05,1.999e-05,1.00000000
63.150000,-0.114558,0.884608,-2.796665,2.935472,-5.758593,-8.555259,2.369e-06,2.322e-06,1.987e-05,1.987e-05,1.00000000
63.200000,-0.092687,0.884151,-2.799172,2.936951,-5.756082,-8.555255,2.439e-06,2.374e-06,1.971e-05,1.971e-05,1.00000000
63.250000,-0.071266,0.883124,-2.801873,2.938619,-5.753378,-8.555251,2.505e-06,2.398e-06,1.963e-05,1.963e-05,1.00000000
63.300000,-0.050214,0.881585,-2.804731,2.940447,-5.750517,-8.555248,2.506e-06,2.391e-06,1.942e-05,1.942e-05,1.00000000
63.350000,-0.029551,0.879632,-2.807729,2.942442,-5.747516,-8.555245,2.472e-06,2.368e-06,1.915e-05,1.915e-05,1.00000000
63.400000,-0.009365,0.877300,-2.810791,2.944536,-5.744451,-8.555242,2.438e-06,2.354e-06,1.889e-05,1.889e-05,1.00000000
63.450000,0.010363,0.874563,-2.813941,2.946732,-5.741298,-8.555238,2.416e-06,2.369e-06,1.902e-05,1.902e-05,1.00000000
63.500000,0.029703,0.871347,-2.817177,2.949003,-5.738058,-8.555235,2.382e-06,2.358e-06,1.928e-05,1.928e-05,1.00000000
63.550000,0.048633,0.867759,-2.820512,2.951383,-5.734720,-8.555232,2.376e-06,2.307e-06,1.947e-05,1.947e-05,1.00000000
63.600000,0.067159,0.863776,-2.823864,2.953782,-5.731366,-8.555230,2.386e-06,2.275e-06,1.984e-05,1.984e-05,1.00000000
63.650000,0.085374,0.859308,-2.827261,2.956198,-5.727967,-8.555228,2.383e-06,2.241e-06,1.985e-05,1.985e-05,1.00000000
63.700000,0.103371,0.854370,-2.830662,2.958595,-5.724564,-8.555226,2.366e-06,2.202e-06,1.976e-05,1.976e-05,1.00000000
63.750000,0.121215,0.848982,-2.834104,2.961014,-5.721120,-8.555224,2.320e-06,2.172e-06,1.974e-05,1.974e-05,1.00000000
63.800000,0.139022,0.843157,-2.837532,2.963415,-5.717690,-8.555222,2.286e-06,2.128e-06,1.988e-05,1.988e-05,1.00000000
63.850000,0.156843,0.836823,-2.840831,2.965669,-5.714390,-8.555220,2.240e-06,2.062e-06,2.006e-05,2.006e-05,1.00000000
63.900000,0.174691,0.829989,-2.843957,2.967742,-5.711261,-8.555218,2.190e-06,1.987e-06,2.001e-05,2.001e-05,1.00000000
63.950000,0.192551,0.822612,-2.846860,2.969575,-5.708356,-8.555216,2.128e-06,1.956e-06,1.997e-05,1.997e-05,1.00000000
64.000000,0.210411,0.814646,-2.849468,2.971092,-5.705748,-8.555216,2.074e-06,1.953e-06,2.018e-05,2.018e-05,1.00000000
64.050000,0.228328,0.806006,-2.851705,2.972205,-5.703512,-8.555217,2.037e-06,1.938e-06,1.992e-05,1.992e-05,1.00000000
64.100000,0.246348,0.796670,-2.853541,2.972889,-5.701678,-8.555219,2.033e-06,1.932e-06,1.963e-05,1.963e-05,1.00000000
64.150000,0.264480,0.786610,-2.854986,2.973155,-5.700235,-8.555221,2.026e-06,1.929e-06,1.949e-05,1.949e-05,1.00000000
64.200000,0.282753,0.775906,-2.856060,2.973056,-5.699162,-8.555222,2.028e-06,1.942e-06,1.919e-05,1.919e-05,1.00000000
64.250000,0.301066,0.764583,-2.856721,2.972555,-5.698503,-8.555224,2.032e-06,1.973e-06,1.907e-05,1.907e-05,1.00000000
64.300000,0.319247,0.752699,-2.856854,2.971547,-5.698371,-8.555225,2.052e-06,2.008e-06,1.919e-05,1.919e-05,1.00000000
64.350000,0.337168,0.740334,-2.856353,2.969937,-5.698872,-8.555225,2.063e-06,2.055e-06,1.916e-05,1.916e-05,1.00000000
64.400000,0.354827,0.727598,-2.855193,2.967731,-5.700031,-8.555224,2.081e-06,2.086e-06,1.928e-05,1.928e-05,1.00000000
64.450000,0.372233,0.714560,-2.853351,2.964922,-5.701872,-8.555223,2.114e-06,2.100e-06,1.934e-05,1.934e-05,1.00000000
64.500000,0.389495,0.701299,-2.850796,2.961514,-5.704428,-8.555224,2.135e-06,2.079e-06,1.945e-05,1.945e-05,1.00000000
64.550000,0.406610,0.687870,-2.847629,2.957615,-5.707596,-8.555225,2.167e-06,2.052e-06,1.956e-05,1.956e-05,1.00000000
64.600000,0.423588,0.674350,-2.843920,2.953313,-5.711307,-8.555227,2.183e-06,2.047e-06,1.961e-05,1.961e-05,1.00000000
64.650000,0.440403,0.660731,-2.839855,2.948779,-5.715372,-8.555228,2.230e-06,2.069e-06,1.953e-05,1.953e-05,1.00000000
64.700000,0.457012,0.646994,-2.835420,2.943989,-5.719809,-8.555229,2.298e-06,2.085e-06,1.937e-05,1.937e-05,1.00000000
64.750000,0.473443,0.633172,-2.830638,2.938974,-5.724592,-8.555230,2.376e-06,2.112e-06,1.909e-05,1.909e-05,1.00000000
64.800000,0.489763,0.619227,-2.825558,2.933784,-5.729673,-8.555231,2.430e-06,2.141e-06,1.896e-05,1.896e-05,1.00000000
64.850000,0.506001,0.605077,-2.820238,2.928464,-5.734995,-8.555233,2.486e-06,2.165e-06,1.898e-05,1.898e-05,1.00000000
64.900000,0.522133,0.590800,-2.814857,2.923198,-5.740377,-8.555234,2.538e-06,2.156e-06,1.874e-05,1.874e-05,1.00000000
64.950000,0.538098,0.576462,-2.809462,2.918036,-5.745774,-8.555236,2.593e-06,2.164e-06,1.864e-05,1.864e-05,1.00000000
65.000000,0.553878,0.562061,-2.804186,2.913100,-5.751050,-8.555236,2.616e-06,2.186e-06,1.891e-05,1.891e-05,1.00000000
65.050000,0.569442,0.547488,-2.799156,2.908484,-5.756081,-8.555236,2.619e-06,2.202e-06,1.929e-05,1.929e-05,1.00000000
65.100000,0.584760,0.532701,-2.794376,2.904178,-5.760861,-8.555237,2.610e-06,2.198e-06,1.920e-05,1.920e-05,1.00000000
65.150000,0.599777,0.517676,-2.789736,2.900060,-5.765503,-8.555239,2.579e-06,2.171e-06,1.912e-05,1.912e-05,1.00000000
65.200000,0.614554,0.502421,-2.785190,2.896099,-5.770051,-8.555241,2.578e-06,2.203e-06,1.928e-05,1.928e-05,1.00000000
65.250000,0.629040,0.486908,-2.780699,2.892241,-5.774543,-8.555243,2.562e-06,2.223e-06,1.932e-05,1.932e-05,1.00000000
65.300000,0.643192,0.471125,-2.776298,2.888509,-5.778946,-8.555244,2.553e-06,2.222e-06,1.941e-05,1.941e-05,1.00000000
65.350000,0.656940,0.455274,-2.772019,2.884950,-5.783225,-8.555244,2.563e-06,2.210e-06,1.967e-05,1.967e-05,1.00000000
65.400000,0.670209,0.439340,-2.768030,2.881700,-5.787214,-8.555245,2.581e-06,2.206e-06,1.975e-05,1.975e-05,1.00000000
65.450000,0.682931,0.423421,-2.764356,2.878775,-5.790889,-8.555245,2.613e-06,2.208e-06,1.993e-05,1.993e-05,1.00000000
65.500000,0.695205,0.407501,-2.760995,2.876188,-5.794250,-8.555245,2.618e-06,2.212e-06,1.995e-05,1.995e-05,1.00000000
65.550000,0.707074,0.391462,-2.757978,2.873959,-5.797266,-8.555244,2.619e-06,2.209e-06,1.996e-05,1.996e-05,1.00000000
65.600000,0.718600,0.375172,-2.755290,2.872066,-5.799952,-8.555242,2.602e-06,2.202e-06,1.971e-05,1.971e-05,1.00000000
65.650000,0.729684,0.358499,-2.752934,2.870471,-5.802308,-8.555242,2.545e-06,2.218e-06,1.949e-05,1.949e-05,1.00000000
65.700000,0.740350,0.341259,-2.750838,2.869091,-5.804403,-8.555241,2.522e-06,2.223e-06,1.936e-05,1.936e-05,1.00000000
65.750000,0.750550,0.323458,-2.748962,2.867881,-5.806279,-8.555241,2.501e-06,2.208e-06,1.918e-05,1.918e-05,1.00000000
65.800000,0.760183,0.305147,-2.747150,2.866675,-5.808090,-8.555240,2.506e-06,2.217e-06,1.903e-05,1.903e-05,1.00000000
65.850000,0.769193,0.286380,-2.745244,2.865316,-5.809995,-8.555239,2.499e-06,2.231e-06,1.925e-05,1.925e-05,1.00000000
65.900000,0.777581,0.267134,-2.743129,2.863695,-5.812111,-8.555240,2.467e-06,2.259e-06,1.920e-05,1.920e-05,1.00000000
65.950000,0.785436,0.247299,-2.740686,2.861717,-5.814555,-8.555241,2.470e-06,2.303e-06,1.929e-05,1.929e-05,1.00000000
66.000000,0.792654,0.226874,-2.737851,2.859301,-5.817390,-8.555241,2.490e-06,2.338e-06,1.924e-05,1.924e-05,1.00000000
66.050000,0.799107,0.205973,-2.734610,2.856412,-5.820630,-8.555240,2.478e-06,2.350e-06,1.901e-05,1.901e-05,1.00000000
66.100000,0.804842,0.184651,-2.730913,2.853025,-5.824326,-8.555239,2.491e-06,2.385e-06,1.887e-05,1.887e-05,1.00000000
66.150000,0.809880,0.162909,-2.726793,2.849183,-5.828447,-8.555239,2.530e-06,2.434e-06,1.914e-05,1.914e-05,1.00000000
66.200000,0.814230,0.140902,-2.722341,2.844990,-5.832897,-8.555238,2.581e-06,2.487e-06,1.918e-05,1.918e-05,1.00000000
66.250000,0.817762,0.118871,-2.717669,2.840526,-5.837566,-8.555236,2.635e-06,2.524e-06,1.873e-05,1.873e-05,1.00000000
66.300000,0.820381,0.096876,-2.712884,2.835869,-5.842349,-8.555234,2.659e-06,2.535e-06,1.842e-05,1.842e-05,1.00000000
66.350000,0.822123,0.074868,-2.708000,2.831034,-5.847230,-8.555230,2.664e-06,2.505e-06,1.849e-05,1.849e-05,1.00000000
66.400000,0.823068,0.052872,-2.703070,2.826097,-5.852156,-8.555226,2.684e-06,2.514e-06,1.860e-05,1.860e-05,1.00000000
66.450000,0.823185,0.031023,-2.698112,2.821065,-5.857111,-8.555223,2.704e-06,2.529e-06,1.881e-05,1.881e-05,1.00000000
66.500000,0.822519,0.009418,-2.693127,2.815948,-5.862092,-8.555220,2.706e-06,2.549e-06,1.891e-05,1.891e-05,1.00000000
66.550000,0.821099,-0.011903,-2.688183,2.810814,-5.867033,-8.555216,2.684e-06,2.541e-06,1.897e-05,1.897e-05,1.00000000
66.600000,0.818964,-0.032945,-2.683357,2.805743,-5.871855,-8.555213,2.682e-06,2.491e-06,1.895e-05,1.895e-05,1.00000000
66.650000,0.816148,-0.053737,-2.678633,2.800725,-5.876576,-8.555209,2.672e-06,2.415e-06,1.867e-05,1.867e-05,1.00000000
66.700000,0.812596,-0.074376,-2.674086,2.795815,-5.881118,-8.555204,2.645e-06,2.377e-06,1.852e-05,1.852e-05,1.00000000
66.750000,0.808403,-0.094934,-2.669759,2.791082,-5.885441,-8.555200,2.615e-06,2.354e-06,1.877e-05,1.877e-05,1.00000000
66.800000,0.803573,-0.115400,-2.665582,2.786462,-5.889615,-8.555196,2.575e-06,2.340e-06,1.911e-05,1.911e-05,1.00000000
66.850000,0.798151,-0.135795,-2.661647,2.782059,-5.893546,-8.555193,2.532e-06,2.358e-06,1.926e-05,1.926e-05,1.00000000
66.900000,0.792148,-0.156069,-2.657989,2.777906,-5.897202,-8.555191,2.486e-06,2.362e-06,1.933e-05,1.933e-05,1.00000000
66.950000,0.785592,-0.176186,-2.654630,2.774033,-5.900558,-8.555189,2.430e-06,2.369e-06,1.930e-05,1.930e-05,1.00000000
67.000000,0.778549,-0.196121,-2.651574,2.770460,-5.903611,-8.555185,2.409e-06,2.337e-06,1.930e-05,1.930e-05,1.00000000
67.050000,0.771044,-0.215736,-2.648888,2.767247,-5.906295,-8.555183,2.373e-06,2.278e-06,1.934e-05,1.934e-05,1.00000000
67.100000,0.763078,-0.235099,-2.646657,2.764481,-5.908523,-8.555180,2.345e-06,2.208e-06,1.956e-05,1.956e-05,1.00000000
67.150000,0.754647,-0.254146,-2.644852,2.762123,-5.910327,-8.555179,2.323e-06,2.167e-06,1.960e-05,1.960e-05,1.00000000
67.200000,0.745693,-0.272951,-2.643527,2.760217,-5.911649,-8.555176,2.311e-06,2.136e-06,1.968e-05,1.968e-05,1.00000000
67.250000,0.736269,-0.291577,-2.642716,2.758814,-5.912457,-8.555172,2.299e-06,2.114e-06,1.936e-05,1.936e-05,1.00000000
67.300000,0.726380,-0.309976,-2.642366,2.757863,-5.912804,-8.555170,2.306e-06,2.106e-06,1.875e-05,1.875e-05,1.00000000
67.350000,0.716033,-0.328177,-2.642416,2.757311,-5.912751,-8.555167,2.318e-06,2.099e-06,1.874e-05,1.874e-05,1.00000000
67.400000,0.705238,-0.346198,-2.642895,2.757192,-5.912270,-8.555165,2.331e-06,2.095e-06,1.889e-05,1.889e-05,1.00000000
67.450000,0.694077,-0.363961,-2.643749,2.757466,-5.911413,-8.555163,2.340e-06,2.097e-06,1.907e-05,1.907e-05,1.00000000
67.500000,0.682561,-0.381474,-2.644832,2.757997,-5.910329,-8.555161,2.326e-06,2.117e-06,1.880e-05,1.880e-05,1.00000000
67.550000,0.670570,-0.398831,-2.646100,2.758727,-5.909058,-8.555158,2.322e-06,2.139e-06,1.876e-05,1.876e-05,1.00000000
67.600000,0.658209,-0.416048,-2.647477,2.759614,-5.907679,-8.555156,2.314e-06,2.135e-06,1.888e-05,1.888e-05,1.00000000
67.650000,0.645644,-0.432982,-2.648857,2.760574,-5.906297,-8.555154,2.338e-06,2.128e-06,1.863e-05,1.863e-05,1.00000000
67.700000,0.633030,-0.449601,-2.650152,2.761552,-5.905000,-8.555152,2.380e-06,2.167e-06,1.839e-05,1.839e-05,1.00000000
67.750000,0.620493,-0.465885,-2.651421,2.762624,-5.903731,-8.555151,2.425e-06,2.221e-06,1.846e-05,1.846e-05,1.00000000
67.800000,0.607985,-0.481764,-2.652632,2.763729,-5.902519,-8.555151,2.450e-06,2.274e-06,1.845e-05,1.845e-05,1.00000000
67.850000,0.595548,-0.497215,-2.653634,2.764720,-5.901515,-8.555149,2.504e-06,2.316e-06,1.856e-05,1.856e-05,1.00000000
67.900000,0.583253,-0.512303,-2.654390,2.765579,-5.900759,-8.555150,2.584e-06,2.339e-06,1.882e-05,1.882e-05,1.00000000
67.950000,0.571117,-0.527093,-2.654880,2.766295,-5.900270,-8.555150,2.642e-06,2.346e-06,1.887e-05,1.887e-05,1.00000000
68.000000,0.559108,-0.541741,-2.655060,2.766844,-5.900091,-8.555151,2.665e-06,2.350e-06,1.894e-05,1.894e-05,1.00000000
68.050000,0.547153,-0.556273,-2.654900,2.767185,-5.900251,-8.555151,2.683e-06,2.361e-06,1.899e-05,1.899e-05,1.00000000
68.100000,0.535232,-0.570655,-2.654412,2.767313,-5.900740,-8.555152,2.721e-06,2.389e-06,1.878e-05,1.878e-05,1.00000000
68.150000,0.523345,-0.584771,-2.653742,2.767344,-5.901411,-8.555154,2.768e-06,2.398e-06,1.871e-05,1.871e-05,1.00000000
68.200000,0.511354,-0.598516,-2.653127,2.767451,-5.902029,-8.555156,2.789e-06,2.390e-06,1.860e-05,1.860e-05,1.00000000
68.250000,0.499280,-0.611837,-2.652634,2.767687,-5.902524,-8.555158,2.760e-06,2.405e-06,1.865e-05,1.865e-05,1.00000000
68.300000,0.487054,-0.624660,-2.652335,2.768087,-5.902825,-8.555160,2.702e-06,2.428e-06,1.854e-05,1.854e-05,1.00000000
68.350000,0.474521,-0.637162,-2.652239,2.768667,-5.902922,-8.555161,2.670e-06,2.432e-06,1.836e-05,1.836e-05,1.00000000
68.400000,0.461720,-0.649432,-2.652267,2.769380,-5.902894,-8.555161,2.654e-06,2.429e-06,1.843e-05,1.843e-05,1.00000000
68.450000,0.448645,-0.661580,-2.652389,2.770223,-5.902773,-8.555162,2.663e-06,2.445e-06,1.851e-05,1.851e-05,1.00000000
68.500000,0.435388,-0.673565,-2.652696,2.771290,-5.902467,-8.555162,2.670e-06,2.437e-06,1.883e-05,1.883e-05,1.00000000
68.550000,0.421915,-0.685240,-2.653218,2.772567,-5.901946,-8.555164,2.687e-06,2.426e-06,1.932e-05,1.932e-05,1.00000000
68.600000,0.408192,-0.696525,-2.653909,2.773987,-5.901254,-8.555164,2.718e-06,2.420e-06,1.927e-05,1.927e-05,1.00000000
68.650000,0.394223,-0.707362,-2.654854,2.775612,-5.900309,-8.555164,2.738e-06,2.402e-06,1.901e-05,1.901e-05,1.00000000
68.700000,0.380011,-0.717804,-2.656068,2.777471,-5.899096,-8.555164,2.739e-06,2.369e-06,1.895e-05,1.895e-05,1.00000000
68.750000,0.365581,-0.727810,-2.657402,2.779414,-5.897763,-8.555165,2.726e-06,2.342e-06,1.902e-05,1.902e-05,1.00000000
68.800000,0.350973,-0.737378,-2.658778,2.781368,-5.896388,-8.555166,2.734e-06,2.331e-06,1.898e-05,1.898e-05,1.00000000
68.850000,0.336158,-0.746490,-2.660046,2.783181,-5.895121,-8.555168,2.716e-06,2.319e-06,1.875e-05,1.875e-05,1.00000000
68.900000,0.321183,-0.755146,-2.660956,2.784617,-5.894212,-8.555168,2.703e-06,2.330e-06,1.873e-05,1.873e-05,1.00000000
68.950000,0.306121,-0.763393,-2.661373,2.785567,-5.893796,-8.555170,2.700e-06,2.338e-06,1.863e-05,1.863e-05,1.00000000
69.000000,0.290948,-0.771244,-2.661298,2.786032,-5.893872,-8.555171,2.688e-06,2.383e-06,1.856e-05,1.856e-05,1.00000000
69.050000,0.275690,-0.778743,-2.660785,2.786076,-5.894387,-8.555171,2.688e-06,2.426e-06,1.871e-05,1.871e-05,1.00000000
69.100000,0.260368,-0.785846,-2.659858,2.785712,-5.895313,-8.555171,2.675e-06,2.469e-06,1.845e-05,1.845e-05,1.00000000
69.150000,0.244997,-0.792453,-2.658521,2.784913,-5.896650,-8.555171,2.661e-06,2.478e-06,1.824e-05,1.824e-05,1.00000000
69.200000,0.229675,-0.798603,-2.656844,2.783763,-5.898328,-8.555171,2.680e-06,2.483e-06,1.826e-05,1.826e-05,1.00000000
69.250000,0.214449,-0.804374,-2.654784,2.782244,-5.900386,-8.555169,2.687e-06,2.516e-06,1.834e-05,1.834e-05,1.00000000
69.300000,0.199300,-0.809783,-2.652296,2.780314,-5.902871,-8.555167,2.722e-06,2.545e-06,1.831e-05,1.831e-05,1.00000000
69.350000,0.184277,-0.814956,-2.649498,2.778120,-5.905667,-8.555165,2.770e-06,2.595e-06,1.817e-05,1.817e-05,1.00000000
69.400000,0.169482,-0.819883,-2.646564,2.775830,-5.908598,-8.555162,2.788e-06,2.656e-06,1.831e-05,1.831e-05,1.00000000
69.450000,0.154875,-0.824508,-2.643602,2.773523,-5.911556,-8.555158,2.819e-06,2.690e-06,1.854e-05,1.854e-05,1.00000000
69.500000,0.140409,-0.828846,-2.640735,2.771314,-5.914418,-8.555153,2.859e-06,2.705e-06,1.868e-05,1.868e-05,1.00000000
69.550000,0.125983,-0.832859,-2.638128,2.769341,-5.917020,-8.555148,2.914e-06,2.688e-06,1.855e-05,1.855e-05,1.00000000
69.600000,0.111509,-0.836512,-2.635841,2.767642,-5.919302,-8.555143,2.920e-06,2.676e-06,1.841e-05,1.841e-05,1.00000000
69.650000,0.096851,-0.839692,-2.633989,2.766290,-5.921149,-8.555138,2.907e-06,2.687e-06,1.848e-05,1.848e-05,1.00000000
69.700000,0.081911,-0.842385,-2.632685,2.765385,-5.922448,-8.555133,2.886e-06,2.691e-06,1.856e-05,1.856e-05,1.00000000
69.750000,0.066512,-0.844566,-2.631998,2.764983,-5.923129,-8.555127,2.845e-06,2.668e-06,1.829e-05,1.829e-05,1.00000000
69.800000,0.050610,-0.846215,-2.631911,2.765068,-5.923211,-8.555122,2.792e-06,2.648e-06,1.806e-05,1.806e-05,1.00000000
69.850000,0.034189,-0.847350,-2.632382,2.765611,-5.922734,-8.555116,2.737e-06,2.636e-06,1.818e-05,1.818e-05,1.00000000
69.900000,0.017322,-0.847903,-2.633352,2.766547,-5.921757,-8.555109,2.718e-06,2.649e-06,1.839e-05,1.839e-05,1.00000000
69.950000,-0.000039,-0.847849,-2.634731,2.767789,-5.920372,-8.555104,2.672e-06,2.640e-06,1.826e-05,1.826e-05,1.00000000
70.000000,-0.017823,-0.847255,-2.636406,2.769259,-5.918694,-8.555099,2.598e-06,2.624e-06,1.815e-05,1.815e-05,1.00000000
70.050000,-0.035960,-0.846129,-2.638155,2.770757,-5.916940,-8.555095,2.547e-06,2.584e-06,1.809e-05,1.809e-05,1.00000000
70.100000,-0.054457,-0.844452,-2.639821,2.772133,-5.915270,-8.555091,2.531e-06,2.532e-06,1.795e-05,1.795e-05,1.00000000
70.150000,-0.073244,-0.842200,-2.641324,2.773312,-5.913762,-8.555086,2.530e-06,2.451e-06,1.803e-05,1.803e-05,1.00000000
70.200000,-0.092279,-0.839297,-2.642538,2.774156,-5.912543,-8.555081,2.501e-06,2.388e-06,1.858e-05,1.858e-05,1.00000000
70.250000,-0.111511,-0.835730,-2.643439,2.774644,-5.911637,-8.555077,2.487e-06,2.357e-06,1.879e-05,1.879e-05,1.00000000
70.300000,-0.130958,-0.831571,-2.643984,2.774763,-5.911089,-8.555072,2.501e-06,2.350e-06,1.860e-05,1.860e-05,1.00000000
70.350000,-0.150631,-0.826880,-2.644030,2.774403,-5.911038,-8.555068,2.514e-06,2.338e-06,1.866e-05,1.866e-05,1.00000000
70.400000,-0.170519,-0.821772,-2.643457,2.773491,-5.911607,-8.555064,2.489e-06,2.313e-06,1.852e-05,1.852e-05,1.00000000
70.450000,-0.190604,-0.816236,-2.642258,2.772020,-5.912802,-8.555060,2.472e-06,2.306e-06,1.829e-05,1.829e-05,1.00000000
70.500000,-0.210810,-0.810242,-2.640423,2.769976,-5.914635,-8.555058,2.465e-06,2.328e-06,1.808e-05,1.808e-05,1.00000000
70.550000,-0.231010,-0.803783,-2.637899,2.767299,-5.917157,-8.555057,2.470e-06,2.351e-06,1.830e-05,1.830e-05,1.00000000
70.600000,-0.251123,-0.796832,-2.634738,2.764028,-5.920316,-8.555054,2.483e-06,2.387e-06,1.832e-05,1.832e-05,1.00000000
70.650000,-0.271066,-0.789407,-2.631013,2.760230,-5.924038,-8.555051,2.477e-06,2.412e-06,1.804e-05,1.804e-05,1.00000000
70.700000,-0.290740,-0.781592,-2.626810,2.756002,-5.928239,-8.555049,2.472e-06,2.433e-06,1.807e-05,1.807e-05,1.00000000
70.750000,-0.310057,-0.773417,-2.622171,2.751379,-5.932875,-8.555046,2.509e-06,2.431e-06,1.814e-05,1.814e-05,1.00000000
70.800000,-0.328905,-0.764922,-2.617129,2.746388,-5.937914,-8.555043,2.559e-06,2.455e-06,1.816e-05,1.816e-05,1.00000000
70.850000,-0.347222,-0.756259,-2.611803,2.741169,-5.943240,-8.555043,2.595e-06,2.479e-06,1.810e-05,1.810e-05,1.00000000
70.900000,-0.364962,-0.747408,-2.606183,2.735691,-5.948858,-8.555042,2.619e-06,2.531e-06,1.805e-05,1.805e-05,1.00000000
70.950000,-0.382177,-0.738399,-2.600215,2.729910,-5.954825,-8.555040,2.639e-06,2.581e-06,1.813e-05,1.813e-05,1.00000000
71.000000,-0.398825,-0.729174,-2.593988,2.723881,-5.961052,-8.555040,2.651e-06,2.622e-06,1.800e-05,1.800e-05,1.00000000
71.050000,-0.414875,-0.719750,-2.587539,2.717632,-5.967501,-8.555040,2.683e-06,2.657e-06,1.781e-05,1.781e-05,1.00000000
71.100000,-0.430383,-0.710145,-2.580946,2.711239,-5.974096,-8.555041,2.715e-06,2.729e-06,1.767e-05,1.767e-05,1.00000000
71.150000,-0.445435,-0.700282,-2.574288,2.704767,-5.980756,-8.555043,2.781e-06,2.790e-06,1.770e-05,1.770e-05,1.00000000
71.200000,-0.460139,-0.690120,-2.567611,2.698262,-5.987434,-8.555045,2.849e-06,2.801e-06,1.788e-05,1.788e-05,1.00000000
71.250000,-0.474499,-0.679656,-2.560939,2.691745,-5.994108,-8.555047,2.881e-06,2.782e-06,1.801e-05,1.801e-05,1.00000000
71.300000,-0.488483,-0.668917,-2.554332,2.685270,-6.000717,-8.555049,2.892e-06,2.788e-06,1.816e-05,1.816e-05,1.00000000
71.350000,-0.502012,-0.657911,-2.547807,2.678840,-6.007242,-8.555050,2.874e-06,2.796e-06,1.823e-05,1.823e-05,1.00000000
71.400000,-0.515102,-0.646707,-2.541429,2.672531,-6.013623,-8.555052,2.869e-06,2.786e-06,1.819e-05,1.819e-05,1.00000000
71.450000,-0.527770,-0.635357,-2.535276,2.666429,-6.019777,-8.555053,2.876e-06,2.730e-06,1.791e-05,1.791e-05,1.00000000
71.500000,-0.540008,-0.623836,-2.529352,2.660526,-6.025702,-8.555054,2.862e-06,2.697e-06,1.777e-05,1.777e-05,1.00000000
71.550000,-0.551791,-0.612003,-2.523652,2.654777,-6.031403,-8.555056,2.873e-06,2.704e-06,1.769e-05,1.769e-05,1.00000000
71.600000,-0.563125,-0.599914,-2.518188,2.649203,-6.036869,-8.555057,2.883e-06,2.684e-06,1.789e-05,1.789e-05,1.00000000
71.650000,-0.574002,-0.587586,-2.513130,2.643966,-6.041929,-8.555059,2.893e-06,2.636e-06,1.786e-05,1.786e-05,1.00000000
71.700000,-0.584415,-0.574994,-2.508666,2.639235,-6.046394,-8.555060,2.906e-06,2.613e-06,1.788e-05,1.788e-05,1.00000000
71.750000,-0.594334,-0.562251,-2.504854,2.635082,-6.050207,-8.555061,2.905e-06,2.589e-06,1.814e-05,1.814e-05,1.00000000
71.800000,-0.603775,-0.549465,-2.501755,2.631584,-6.053306,-8.555061,2.909e-06,2.585e-06,1.825e-05,1.825e-05,1.00000000
71.850000,-0.612826,-0.536636,-2.499447,2.628834,-6.055613,-8.555060,2.887e-06,2.595e-06,1.834e-05,1.834e-05,1.00000000
71.900000,-0.621642,-0.523755,-2.497889,2.626825,-6.057169,-8.555059,2.851e-06,2.599e-06,1.831e-05,1.831e-05,1.00000000
71.950000,-0.630275,-0.510781,-2.496970,2.625453,-6.058089,-8.555059,2.849e-06,2.604e-06,1.832e-05,1.832e-05,1.00000000
72.000000,-0.638716,-0.497574,-2.496577,2.624583,-6.058483,-8.555060,2.859e-06,2.596e-06,1.812e-05,1.812e-05,1.00000000
72.050000,-0.647006,-0.484071,-2.496603,2.624113,-6.058458,-8.555060,2.870e-06,2.586e-06,1.796e-05,1.796e-05,1.00000000
72.100000,-0.655090,-0.470213,-2.496846,2.623830,-6.058214,-8.555060,2.885e-06,2.569e-06,1.790e-05,1.790e-05,1.00000000
72.150000,-0.663074,-0.455918,-2.497013,2.623472,-6.058047,-8.555060,2.903e-06,2.570e-06,1.784e-05,1.784e-05,1.00000000
72.200000,-0.671003,-0.441160,-2.496878,2.622836,-6.058180,-8.555058,2.930e-06,2.590e-06,1.788e-05,1.788e-05,1.00000000
72.250000,-0.678874,-0.425983,-2.496392,2.621889,-6.058664,-8.555055,2.929e-06,2.598e-06,1.793e-05,1.793e-05,1.00000000
72.300000,-0.686575,-0.410489,-2.495551,2.620623,-6.059501,-8.555052,2.924e-06,2.634e-06,1.791e-05,1.791e-05,1.00000000
72.350000,-0.693974,-0.394846,-2.494370,2.619043,-6.060680,-8.555050,2.941e-06,2.688e-06,1.777e-05,1.777e-05,1.00000000
72.400000,-0.700987,-0.379229,-2.492862,2.617167,-6.062185,-8.555047,2.966e-06,2.735e-06,1.780e-05,1.780e-05,1.00000000
72.450000,-0.707534,-0.363702,-2.491058,2.615006,-6.063986,-8.555044,2.994e-06,2.805e-06,1.775e-05,1.775e-05,1.00000000
72.500000,-0.713579,-0.348404,-2.489028,2.612631,-6.066012,-8.555040,3.054e-06,2.861e-06,1.754e-05,1.754e-05,1.00000000
72.550000,-0.719196,-0.333508,-2.486773,2.610079,-6.068261,-8.555035,3.081e-06,2.894e-06,1.732e-05,1.732e-05,1.00000000
72.600000,-0.724452,-0.319057,-2.484375,2.607441,-6.070654,-8.555030,3.093e-06,2.911e-06,1.755e-05,1.755e-05,1.00000000
72.650000,-0.729371,-0.304952,-2.482031,2.604891,-6.072993,-8.555024,3.124e-06,2.918e-06,1.790e-05,1.790e-05,1.00000000
72.700000,-0.733951,-0.291188,-2.479846,2.602520,-6.075174,-8.555020,3.121e-06,2.913e-06,1.796e-05,1.796e-05,1.00000000
72.750000,-0.738177,-0.277866,-2.477880,2.600386,-6.077134,-8.555014,3.066e-06,2.907e-06,1.787e-05,1.787e-05,1.00000000
72.800000,-0.742080,-0.264911,-2.476132,2.598478,-6.078876,-8.555008,3.026e-06,2.893e-06,1.802e-05,1.802e-05,1.00000000
72.850000,-0.745739,-0.252220,-2.474541,2.596748,-6.080459,-8.555001,3.033e-06,2.899e-06,1.806e-05,1.806e-05,1.00000000
72.900000,-0.749188,-0.239719,-2.472950,2.595040,-6.082044,-8.554994,3.032e-06,2.890e-06,1.805e-05,1.805e-05,1.00000000
72.950000,-0.752513,-0.227367,-2.471322,2.593338,-6.083665,-8.554987,3.044e-06,2.899e-06,1.798e-05,1.798e-05,1.00000000
73.000000,-0.755678,-0.215133,-2.469713,2.591682,-6.085267,-8.554980,3.009e-06,2.890e-06,1.789e-05,1.789e-05,1.00000000
73.050000,-0.758663,-0.202956,-2.468157,2.590089,-6.086816,-8.554973,2.939e-06,2.875e-06,1.767e-05,1.767e-05,1.00000000
73.100000,-0.761558,-0.190778,-2.466672,2.588597,-6.088297,-8.554968,2.872e-06,2.827e-06,1.766e-05,1.766e-05,1.00000000
73.150000,-0.764343,-0.178624,-2.465306,2.587249,-6.089657,-8.554963,2.837e-06,2.770e-06,1.757e-05,1.757e-05,1.00000000
73.200000,-0.766888,-0.166394,-2.464002,2.585945,-6.090955,-8.554957,2.816e-06,2.710e-06,1.765e-05,1.765e-05,1.00000000
73.250000,-0.769228,-0.154032,-2.462634,2.584570,-6.092319,-8.554953,2.790e-06,2.653e-06,1.787e-05,1.787e-05,1.00000000
73.300000,-0.771346,-0.141410,-2.461050,2.582971,-6.093899,-8.554949,2.739e-06,2.624e-06,1.780e-05,1.780e-05,1.00000000
73.350000,-0.773270,-0.128530,-2.459211,2.581121,-6.095734,-8.554945,2.724e-06,2.605e-06,1.742e-05,1.742e-05,1.00000000
73.400000,-0.774986,-0.115366,-2.457142,2.579042,-6.097798,-8.554940,2.719e-06,2.601e-06,1.740e-05,1.740e-05,1.00000000
73.450000,-0.776531,-0.102015,-2.454906,2.576814,-6.100032,-8.554938,2.715e-06,2.601e-06,1.757e-05,1.757e-05,1.00000000
73.500000,-0.777841,-0.088484,-2.452691,2.574599,-6.102244,-8.554935,2.699e-06,2.594e-06,1.767e-05,1.767e-05,1.00000000
73.550000,-0.778826,-0.074708,-2.450512,2.572384,-6.104419,-8.554931,2.666e-06,2.581e-06,1.766e-05,1.766e-05,1.00000000
73.600000,-0.779467,-0.060638,-2.448468,2.570261,-6.106463,-8.554930,2.645e-06,2.558e-06,1.785e-05,1.785e-05,1.00000000
73.650000,-0.779783,-0.046310,-2.446498,2.568182,-6.108432,-8.554930,2.622e-06,2.533e-06,1.791e-05,1.791e-05,1.00000000
73.700000,-0.779690,-0.031813,-2.444598,2.566123,-6.110332,-8.554930,2.607e-06,2.525e-06,1.772e-05,1.772e-05,1.00000000
73.750000,-0.779182,-0.017178,-2.442827,2.564142,-6.112102,-8.554929,2.629e-06,2.535e-06,1.751e-05,1.751e-05,1.00000000
73.800000,-0.778353,-0.002437,-2.441342,2.562419,-6.113585,-8.554927,2.647e-06,2.571e-06,1.744e-05,1.744e-05,1.00000000
73.850000,-0.777201,0.012430,-2.440212,2.561022,-6.114714,-8.554926,2.647e-06,2.575e-06,1.721e-05,1.721e-05,1.00000000
73.900000,-0.775756,0.027460,-2.439601,2.560118,-6.115324,-8.554925,2.649e-06,2.572e-06,1.733e-05,1.733e-05,1.00000000
73.950000,-0.774056,0.042613,-2.439522,2.559735,-6.115404,-8.554925,2.674e-06,2.618e-06,1.736e-05,1.736e-05,1.00000000
74.000000,-0.772087,0.057878,-2.440019,2.559914,-6.114907,-8.554926,2.702e-06,2.642e-06,1.750e-05,1.750e-05,1.00000000
74.050000,-0.769733,0.073276,-2.441073,2.560605,-6.113853,-8.554926,2.748e-06,2.659e-06,1.767e-05,1.767e-05,1.00000000
74.100000,-0.766968,0.088807,-2.442521,2.561647,-6.112403,-8.554924,2.780e-06,2.708e-06,1.763e-05,1.763e-05,1.00000000
74.150000,-0.763817,0.104441,-2.444302,2.562993,-6.110623,-8.554925,2.823e-06,2.790e-06,1.759e-05,1.759e-05,1.00000000
74.200000,-0.760298,0.120175,-2.446349,2.564589,-6.108576,-8.554925,2.810e-06,2.878e-06,1.773e-05,1.773e-05,1.00000000
74.250000,-0.756336,0.135978,-2.448546,2.566303,-6.106379,-8.554925,2.801e-06,2.963e-06,1.767e-05,1.767e-05,1.00000000
74.300000,-0.751908,0.151831,-2.450882,2.568121,-6.104044,-8.554926,2.834e-06,3.016e-06,1.767e-05,1.767e-05,1.00000000
74.350000,-0.746997,0.167732,-2.453352,2.570033,-6.101575,-8.554927,2.922e-06,3.009e-06,1.771e-05,1.771e-05,1.00000000
74.400000,-0.741592,0.183636,-2.455969,2.572054,-6.098959,-8.554928,2.997e-06,2.995e-06,1.791e-05,1.791e-05,1.00000000
74.450000,-0.735673,0.199516,-2.458772,2.574214,-6.096157,-8.554929,3.044e-06,2.952e-06,1.811e-05,1.811e-05,1.00000000
74.500000,-0.729249,0.215386,-2.461704,2.576467,-6.093224,-8.554928,3.074e-06,2.905e-06,1.787e-05,1.787e-05,1.00000000
74.550000,-0.722318,0.231273,-2.464660,2.578716,-6.090267,-8.554927,3.103e-06,2.898e-06,1.780e-05,1.780e-05,1.00000000
74.600000,-0.714882,0.247210,-2.467596,2.580930,-6.087331,-8.554927,3.098e-06,2.897e-06,1.767e-05,1.767e-05,1.00000000
74.650000,-0.706898,0.263062,-2.470530,2.583104,-6.084397,-8.554927,3.076e-06,2.880e-06,1.746e-05,1.746e-05,1.00000000
74.700000,-0.698248,0.278832,-2.473492,2.585238,-6.081435,-8.554926,3.060e-06,2.861e-06,1.719e-05,1.719e-05,1.00000000
74.750000,-0.688881,0.294411,-2.476520,2.587351,-6.078404,-8.554924,3.035e-06,2.849e-06,1.708e-05,1.708e-05,1.00000000
74.800000,-0.678810,0.309752,-2.479690,2.589516,-6.075231,-8.554921,3.013e-06,2.852e-06,1.711e-05,1.711e-05,1.00000000
74.850000,-0.668137,0.324859,-2.483081,2.591839,-6.071839,-8.554920,3.027e-06,2.848e-06,1.715e-05,1.715e-05,1.00000000
74.900000,-0.656909,0.339772,-2.486633,2.594285,-6.068286,-8.554919,3.053e-06,2.855e-06,1.714e-05,1.714e-05,1.00000000
74.950000,-0.645086,0.354371,-2.490380,2.596865,-6.064536,-8.554916,3.077e-06,2.869e-06,1.712e-05,1.712e-05,1.00000000
75.000000,-0.632608,0.368567,-2.494279,2.599512,-6.060635,-8.554914,3.094e-06,2.868e-06,1.728e-05,1.728e-05,1.00000000
75.050000,-0.619493,0.382367,-2.498329,2.602234,-6.056584,-8.554913,3.075e-06,2.829e-06,1.760e-05,1.760e-05,1.00000000
75.100000,-0.605786,0.395655,-2.502501,2.605001,-6.052412,-8.554913,3.056e-06,2.801e-06,1.754e-05,1.754e-05,1.00000000
75.150000,-0.591582,0.408386,-2.506867,2.607898,-6.048046,-8.554913,3.038e-06,2.804e-06,1.744e-05,1.744e-05,1.00000000
75.200000,-0.577007,0.420499,-2.511408,2.610924,-6.043504,-8.554912,3.041e-06,2.813e-06,1.745e-05,1.745e-05,1.00000000
75.250000,-0.562133,0.431996,-2.516100,2.614072,-6.038810,-8.554911,3.073e-06,2.821e-06,1.748e-05,1.748e-05,1.00000000
75.300000,-0.546930,0.442909,-2.520735,2.617137,-6.034174,-8.554909,3.103e-06,2.848e-06,1.740e-05,1.740e-05,1.00000000
75.350000,-0.531511,0.453195,-2.525160,2.619986,-6.029748,-8.554908,3.124e-06,2.906e-06,1.716e-05,1.716e-05,1.00000000
75.400000,-0.515966,0.462876,-2.529311,2.622573,-6.025594,-8.554906,3.149e-06,2.959e-06,1.717e-05,1.717e-05,1.00000000
75.450000,-0.500365,0.471977,-2.533186,2.624911,-6.021718,-8.554903,3.163e-06,3.013e-06,1.715e-05,1.715e-05,1.00000000
75.500000,-0.484677,0.480411,-2.536815,2.627001,-6.018087,-8.554902,3.150e-06,3.046e-06,1.722e-05,1.722e-05,1.00000000
75.550000,-0.469000,0.488113,-2.540128,2.628776,-6.014774,-8.554902,3.146e-06,3.102e-06,1.730e-05,1.730e-05,1.00000000
75.600000,-0.453281,0.495184,-2.543094,2.630208,-6.011808,-8.554902,3.158e-06,3.137e-06,1.742e-05,1.742e-05,1.00000000
75.650000,-0.437575,0.501661,-2.545726,2.631323,-6.009175,-8.554901,3.211e-06,3.159e-06,1.765e-05,1.765e-05,1.00000000
75.700000,-0.421968,0.507571,-2.548012,2.632119,-6.006890,-8.554902,3.243e-06,3.144e-06,1.748e-05,1.748e-05,1.00000000
75.750000,-0.406591,0.512886,-2.550069,2.632721,-6.004834,-8.554902,3.255e-06,3.104e-06,1.735e-05,1.735e-05,1.00000000
75.800000,-0.391509,0.517610,-2.552043,2.633272,-6.002860,-8.554903,3.247e-06,3.111e-06,1.739e-05,1.739e-05,1.00000000
75.850000,-0.376677,0.521794,-2.554068,2.633898,-6.000835,-8.554903,3.221e-06,3.129e-06,1.762e-05,1.762e-05,1.00000000
75.900000,-0.362086,0.525415,-2.556153,2.634594,-5.998750,-8.554903,3.228e-06,3.113e-06,1.773e-05,1.773e-05,1.00000000
75.950000,-0.347745,0.528501,-2.558373,2.635434,-5.996528,-8.554901,3.241e-06,3.090e-06,1.784e-05,1.784e-05,1.00000000
76.000000,-0.333663,0.531112,-2.560720,2.636417,-5.994181,-8.554901,3.219e-06,3.108e-06,1.779e-05,1.779e-05,1.00000000
76.050000,-0.319857,0.533294,-2.563320,2.637673,-5.991581,-8.554900,3.156e-06,3.100e-06,1.765e-05,1.765e-05,1.00000000
76.100000,-0.306275,0.535199,-2.566134,2.639183,-5.988766,-8.554899,3.123e-06,3.108e-06,1.732e-05,1.732e-05,1.00000000
76.150000,-0.292849,0.536964,-2.569137,2.640938,-5.985762,-8.554899,3.109e-06,3.118e-06,1.711e-05,1.711e-05,1.00000000
76.200000,-0.279483,0.538598,-2.572242,2.642844,-5.982655,-8.554897,3.088e-06,3.129e-06,1.715e-05,1.715e-05,1.00000000
76.250000,-0.266156,0.540118,-2.575419,2.644872,-5.979477,-8.554896,3.045e-06,3.103e-06,1.712e-05,1.712e-05,1.00000000
76.300000,-0.252888,0.541500,-2.578670,2.647020,-5.976225,-8.554895,3.018e-06,3.057e-06,1.713e-05,1.713e-05,1.00000000
76.350000,-0.239702,0.542767,-2.582010,2.649307,-5.972884,-8.554894,3.005e-06,2.981e-06,1.693e-05,1.693e-05,1.00000000
76.400000,-0.226585,0.543879,-2.585387,2.651674,-5.969506,-8.554893,2.941e-06,2.909e-06,1.693e-05,1.693e-05,1.00000000
76.450000,-0.213472,0.544822,-2.588806,2.654113,-5.966086,-8.554892,2.891e-06,2.870e-06,1.719e-05,1.719e-05,1.00000000
76.500000,-0.200361,0.545741,-2.592190,2.656582,-5.962700,-8.554890,2.865e-06,2.816e-06,1.715e-05,1.715e-05,1.00000000
76.550000,-0.187188,0.546690,-2.595572,2.659117,-5.959314,-8.554887,2.837e-06,2.754e-06,1.698e-05,1.698e-05,1.00000000
76.600000,-0.173875,0.547627,-2.599004,2.661756,-5.955882,-8.554886,2.804e-06,2.721e-06,1.702e-05,1.702e-05,1.00000000
76.650000,-0.160317,0.548438,-2.602629,2.664613,-5.952255,-8.554884,2.799e-06,2.699e-06,1.722e-05,1.722e-05,1.00000000
76.700000,-0.146444,0.548998,-2.606529,2.667741,-5.948354,-8.554884,2.773e-06,2.699e-06,1.686e-05,1.686e-05,1.00000000
76.750000,-0.132120,0.549235,-2.610633,2.671052,-5.944249,-8.554882,2.763e-06,2.675e-06,1.688e-05,1.688e-05,1.00000000
76.800000,-0.117303,0.549128,-2.614790,2.674402,-5.940091,-8.554881,2.785e-06,2.675e-06,1.718e-05,1.718e-05,1.00000000
76.850000,-0.101950,0.548613,-2.618929,2.677715,-5.935949,-8.554878,2.799e-06,2.698e-06,1.737e-05,1.737e-05,1.00000000
76.900000,-0.086014,0.547651,-2.622984,2.680926,-5.931892,-8.554876,2.816e-06,2.688e-06,1.741e-05,1.741e-05,1.00000000
76.950000,-0.069391,0.546150,-2.626955,2.684025,-5.927920,-8.554875,2.825e-06,2.677e-06,1.730e-05,1.730e-05,1.00000000
77.000000,-0.052183,0.544153,-2.630799,2.686993,-5.924073,-8.554873,2.795e-06,2.680e-06,1.712e-05,1.712e-05,1.00000000
77.050000,-0.034522,0.541713,-2.634483,2.689822,-5.920387,-8.554870,2.769e-06,2.698e-06,1.702e-05,1.702e-05,1.00000000
77.100000,-0.016605,0.538760,-2.637828,2.692337,-5.917038,-8.554867,2.762e-06,2.744e-06,1.712e-05,1.712e-05,1.00000000
77.150000,0.001565,0.535189,-2.640754,2.694441,-5.914110,-8.554864,2.770e-06,2.816e-06,1.730e-05,1.730e-05,1.00000000
77.200000,0.019937,0.530990,-2.643154,2.696037,-5.911706,-8.554861,2.814e-06,2.840e-06,1.742e-05,1.742e-05,1.00000000
77.250000,0.038384,0.526220,-2.645012,2.697123,-5.909845,-8.554858,2.893e-06,2.869e-06,1.761e-05,1.761e-05,1.00000000
77.300000,0.056801,0.520960,-2.646333,2.697722,-5.908521,-8.554854,2.951e-06,2.924e-06,1.773e-05,1.773e-05,1.00000000
77.350000,0.075009,0.515174,-2.647227,2.697933,-5.907623,-8.554849,2.992e-06,2.945e-06,1.764e-05,1.764e-05,1.00000000
77.400000,0.092884,0.508856,-2.647789,2.697842,-5.907057,-8.554846,3.033e-06,2.987e-06,1.737e-05,1.737e-05,1.00000000
77.450000,0.110436,0.501921,-2.648152,2.697560,-5.906691,-8.554843,3.070e-06,3.018e-06,1.705e-05,1.705e-05,1.00000000
77.500000,0.127692,0.494392,-2.648388,2.697163,-5.906453,-8.554841,3.102e-06,3.047e-06,1.706e-05,1.706e-05,1.00000000
77.550000,0.144707,0.486318,-2.648511,2.696675,-5.906329,-8.554840,3.113e-06,3.053e-06,1.711e-05,1.711e-05,1.00000000
77.600000,0.161382,0.477840,-2.648565,2.696158,-5.906274,-8.554838,3.113e-06,3.051e-06,1.721e-05,1.721e-05,1.00000000
77.650000,0.177641,0.469013,-2.648622,2.695687,-5.906215,-8.554837,3.117e-06,3.047e-06,1.730e-05,1.730e-05,1.00000000
77.700000,0.193493,0.459845,-2.648677,2.695252,-5.906158,-8.554835,3.136e-06,3.053e-06,1.727e-05,1.727e-05,1.00000000
77.750000,0.208972,0.450366,-2.648680,2.694811,-5.906155,-8.554835,3.124e-06,3.074e-06,1.739e-05,1.739e-05,1.00000000
77.800000,0.223998,0.440649,-2.648584,2.694317,-5.906249,-8.554834,3.120e-06,3.050e-06,1.731e-05,1.731e-05,1.00000000
77.850000,0.238493,0.430665,-2.648405,2.693770,-5.906427,-8.554832,3.117e-06,3.021e-06,1.726e-05,1.726e-05,1.00000000
77.900000,0.252436,0.420415,-2.648296,2.693315,-5.906534,-8.554830,3.130e-06,2.988e-06,1.702e-05,1.702e-05,1.00000000
77.950000,0.265824,0.409798,-2.648420,2.693088,-5.906409,-8.554829,3.177e-06,2.987e-06,1.690e-05,1.690e-05,1.00000000
78.000000,0.278675,0.398729,-2.648875,2.693173,-5.905951,-8.554826,3.211e-06,3.008e-06,1.678e-05,1.678e-05,1.00000000
78.050000,0.291004,0.387224,-2.649668,2.693578,-5.905157,-8.554824,3.237e-06,3.037e-06,1.666e-05,1.666e-05,1.00000000
78.100000,0.302850,0.375255,-2.650778,2.694283,-5.904045,-8.554824,3.230e-06,3.041e-06,1.675e-05,1.675e-05,1.00000000
78.150000,0.314193,0.362768,-2.652095,2.695167,-5.902728,-8.554823,3.221e-06,3.024e-06,1.688e-05,1.688e-05,1.00000000
78.200000,0.325054,0.349761,-2.653390,2.696011,-5.901432,-8.554822,3.235e-06,2.996e-06,1.712e-05,1.712e-05,1.00000000
78.250000,0.335381,0.336342,-2.654493,2.696653,-5.900329,-8.554821,3.204e-06,2.946e-06,1.711e-05,1.711e-05,1.00000000
78.300000,0.345205,0.322478,-2.655230,2.696925,-5.899590,-8.554820,3.160e-06,2.911e-06,1.716e-05,1.716e-05,1.00000000
78.350000,0.354506,0.308071,-2.655441,2.696655,-5.899379,-8.554819,3.130e-06,2.898e-06,1.725e-05,1.725e-05,1.00000000
78.400000,0.363314,0.293100,-2.654864,2.695590,-5.899954,-8.554818,3.104e-06,2.914e-06,1.708e-05,1.708e-05,1.00000000
78.450000,0.371623,0.277674,-2.653539,2.693784,-5.901279,-8.554817,3.102e-06,2.964e-06,1.713e-05,1.713e-05,1.00000000
78.500000,0.379390,0.261929,-2.651548,2.691329,-5.903269,-8.554817,3.097e-06,3.004e-06,1.737e-05,1.737e-05,1.00000000
78.550000,0.386593,0.245923,-2.648947,2.688281,-5.905870,-8.554817,3.106e-06,3.029e-06,1.734e-05,1.734e-05,1.00000000
78.600000,0.393239,0.229729,-2.645744,2.684655,-5.909074,-8.554818,3.126e-06,3.046e-06,1.740e-05,1.740e-05,1.00000000
78.650000,0.399369,0.213413,-2.641974,2.680498,-5.912844,-8.554818,3.162e-06,3.076e-06,1.727e-05,1.727e-05,1.00000000
78.700000,0.405040,0.196952,-2.637796,2.675970,-5.917021,-8.554817,3.204e-06,3.124e-06,1.719e-05,1.719e-05,1.00000000
78.750000,0.410227,0.180487,-2.633307,2.671174,-5.921509,-8.554816,3.257e-06,3.130e-06,1.720e-05,1.720e-05,1.00000000
78.800000,0.414940,0.164031,-2.628471,2.666072,-5.926344,-8.554815,3.293e-06,3.155e-06,1.716e-05,1.716e-05,1.00000000
78.850000,0.419158,0.147607,-2.623330,2.660703,-5.931484,-8.554815,3.295e-06,3.171e-06,1.711e-05,1.711e-05,1.00000000
78.900000,0.422917,0.131270,-2.617927,2.655114,-5.936887,-8.554813,3.307e-06,3.178e-06,1.710e-05,1.710e-05,1.00000000
78.950000,0.426145,0.115014,-2.612515,2.649540,-5.942297,-8.554812,3.339e-06,3.177e-06,1.719e-05,1.719e-05,1.00000000
79.000000,0.428754,0.098867,-2.607196,2.644064,-5.947616,-8.554812,3.362e-06,3.174e-06,1.734e-05,1.734e-05,1.00000000
79.050000,0.430732,0.082860,-2.602166,2.638876,-5.952646,-8.554812,3.390e-06,3.159e-06,1.718e-05,1.718e-05,1.00000000
79.100000,0.432104,0.067009,-2.597683,2.634229,-5.957128,-8.554811,3.373e-06,3.157e-06,1.695e-05,1.695e-05,1.00000000
79.150000,0.432824,0.051357,-2.593789,2.630155,-5.961021,-8.554810,3.352e-06,3.178e-06,1.698e-05,1.698e-05,1.00000000
79.200000,0.432895,0.035874,-2.590368,2.626536,-5.964440,-8.554808,3.355e-06,3.218e-06,1.686e-05,1.686e-05,1.00000000
79.250000,0.432338,0.020484,-2.587366,2.623318,-5.967442,-8.554808,3.337e-06,3.206e-06,1.701e-05,1.701e-05,1.00000000
79.300000,0.431160,0.005222,-2.584593,2.620314,-5.970213,-8.554806,3.303e-06,3.196e-06,1.713e-05,1.713e-05,1.00000000
79.350000,0.429448,-0.009979,-2.581950,2.617440,-5.972853,-8.554803,3.257e-06,3.162e-06,1.718e-05,1.718e-05,1.00000000
79.400000,0.427303,-0.025173,-2.579335,2.614611,-5.975465,-8.554800,3.203e-06,3.178e-06,1.723e-05,1.723e-05,1.00000000
79.450000,0.424742,-0.040325,-2.576639,2.611724,-5.978158,-8.554797,3.108e-06,3.173e-06,1.706e-05,1.706e-05,1.00000000
79.500000,0.421664,-0.055411,-2.573753,2.608654,-5.981040,-8.554792,3.020e-06,3.134e-06,1.699e-05,1.699e-05,1.00000000
79.550000,0.418047,-0.070456,-2.570625,2.605348,-5.984163,-8.554788,3.003e-06,3.067e-06,1.693e-05,1.693e-05,1.00000000
79.600000,0.413849,-0.085376,-2.567236,2.601780,-5.987548,-8.554784,2.985e-06,3.039e-06,1.678e-05,1.678e-05,1.00000000
79.650000,0.409024,-0.100168,-2.563655,2.598011,-5.991126,-8.554781,2.944e-06,3.006e-06,1.672e-05,1.672e-05,1.00000000
79.700000,0.403567,-0.114742,-2.559982,2.594136,-5.994796,-8.554779,2.893e-06,2.967e-06,1.665e-05,1.665e-05,1.00000000
79.750000,0.397563,-0.129049,-2.556368,2.590314,-5.998407,-8.554775,2.894e-06,2.943e-06,1.686e-05,1.686e-05,1.00000000
79.800000,0.391089,-0.143053,-2.552996,2.586736,-6.001776,-8.554772,2.894e-06,2.893e-06,1.711e-05,1.711e-05,1.00000000
79.850000,0.384130,-0.156792,-2.550055,2.583587,-6.004711,-8.554767,2.889e-06,2.857e-06,1.720e-05,1.720e-05,1.00000000
79.900000,0.376686,-0.170283,-2.547678,2.580998,-6.007085,-8.554762,2.885e-06,2.866e-06,1.711e-05,1.711e-05,1.00000000
79.950000,0.368824,-0.183554,-2.545765,2.578884,-6.008993,-8.554758,2.890e-06,2.911e-06,1.712e-05,1.712e-05,1.00000000
80.000000,0.360551,-0.196578,-2.544237,2.577165,-6.010516,-8.554753,2.909e-06,2.962e-06,1.711e-05,1.711e-05,1.00000000
80.050000,0.351944,-0.209299,-2.543019,2.575775,-6.011729,-8.554748,2.890e-06,2.965e-06,1.699e-05,1.699e-05,1.00000000
80.100000,0.342978,-0.221824,-2.541985,2.574592,-6.012757,-8.554742,2.874e-06,2.953e-06,1.687e-05,1.687e-05,1.00000000
80.150000,0.333714,-0.234081,-2.541063,2.573550,-6.013673,-8.554736,2.851e-06,2.914e-06,1.691e-05,1.691e-05,1.00000000
80.200000,0.324191,-0.246032,-2.540291,2.572685,-6.014440,-8.554731,2.860e-06,2.894e-06,1.704e-05,1.704e-05,1.00000000
80.250000,0.314484,-0.257587,-2.539687,2.572015,-6.015041,-8.554728,2.900e-06,2.914e-06,1.709e-05,1.709e-05,1.00000000
80.300000,0.304612,-0.268709,-2.539159,2.571444,-6.015566,-8.554725,2.941e-06,2.939e-06,1.714e-05,1.714e-05,1.00000000
80.350000,0.294532,-0.279406,-2.538613,2.570870,-6.016108,-8.554721,2.996e-06,2.976e-06,1.696e-05,1.696e-05,1.00000000
80.400000,0.284354,-0.289675,-2.537860,2.570118,-6.016857,-8.554718,3.058e-06,3.025e-06,1.690e-05,1.690e-05,1.00000000
80.450000,0.274122,-0.299466,-2.536759,2.569040,-6.017956,-8.554714,3.124e-06,3.052e-06,1.677e-05,1.677e-05,1.00000000
80.500000,0.263817,-0.308799,-2.535221,2.567548,-6.019491,-8.554712,3.156e-06,3.107e-06,1.693e-05,1.693e-05,1.00000000
80.550000,0.253523,-0.317680,-2.533236,2.565635,-6.021472,-8.554709,3.160e-06,3.144e-06,1.704e-05,1.704e-05,1.00000000
80.600000,0.243298,-0.326112,-2.530784,2.563281,-6.023923,-8.554707,3.155e-06,3.182e-06,1.694e-05,1.694e-05,1.00000000
80.650000,0.233116,-0.334043,-2.527932,2.560541,-6.026773,-8.554705,3.149e-06,3.212e-06,1.697e-05,1.697e-05,1.00000000
80.700000,0.223002,-0.341396,-2.524782,2.557500,-6.029921,-8.554703,3.184e-06,3.233e-06,1.690e-05,1.690e-05,1.00000000
80.750000,0.212957,-0.348129,-2.521497,2.554308,-6.033204,-8.554701,3.227e-06,3.228e-06,1.687e-05,1.687e-05,1.00000000
80.800000,0.203001,-0.354300,-2.518225,2.551117,-6.036473,-8.554698,3.261e-06,3.223e-06,1.695e-05,1.695e-05,1.00000000
80.850000,0.193122,-0.359955,-2.515055,2.548012,-6.039642,-8.554697,3.296e-06,3.216e-06,1.693e-05,1.693e-05,1.00000000
80.900000,0.183375,-0.365101,-2.511974,2.544983,-6.042721,-8.554694,3.321e-06,3.183e-06,1.699e-05,1.699e-05,1.00000000
80.950000,0.173712,-0.369726,-2.508977,2.542015,-6.045716,-8.554693,3.349e-06,3.178e-06,1.698e-05,1.698e-05,1.00000000
81.000000,0.164136,-0.373905,-2.506092,2.539142,-6.048600,-8.554692,3.341e-06,3.196e-06,1.686e-05,1.686e-05,1.00000000
81.050000,0.154731,-0.377676,-2.503287,2.536342,-6.051403,-8.554690,3.359e-06,3.197e-06,1.675e-05,1.675e-05,1.00000000
81.100000,0.145517,-0.381207,-2.500440,2.533514,-6.054250,-8.554689,3.368e-06,3.186e-06,1.681e-05,1.681e-05,1.00000000
81.150000,0.136443,-0.384477,-2.497482,2.530584,-6.057207,-8.554689,3.349e-06,3.188e-06,1.679e-05,1.679e-05,1.00000000
81.200000,0.127454,-0.387437,-2.494284,2.527411,-6.060406,-8.554690,3.350e-06,3.207e-06,1.689e-05,1.689e-05,1.00000000
81.250000,0.118489,-0.390150,-2.490861,2.524014,-6.063830,-8.554691,3.374e-06,3.216e-06,1.700e-05,1.700e-05,1.00000000
81.300000,0.109534,-0.392696,-2.487208,2.520399,-6.067483,-8.554691,3.362e-06,3.180e-06,1.714e-05,1.714e-05,1.00000000
81.350000,0.100591,-0.395161,-2.483338,2.516593,-6.071353,-8.554692,3.332e-06,3.131e-06,1.710e-05,1.710e-05,1.00000000
81.400000,0.091660,-0.397495,-2.479254,2.512589,-6.075440,-8.554694,3.321e-06,3.126e-06,1.713e-05,1.713e-05,1.00000000
81.450000,0.082667,-0.399609,-2.475027,2.508442,-6.079668,-8.554695,3.318e-06,3.105e-06,1.694e-05,1.694e-05,1.00000000
81.500000,0.073603,-0.401523,-2.470680,2.504176,-6.084016,-8.554696,3.304e-06,3.112e-06,1.674e-05,1.674e-05,1.00000000
81.550000,0.064383,-0.403271,-2.466320,2.499901,-6.088375,-8.554695,3.286e-06,3.111e-06,1.665e-05,1.665e-05,1.00000000
81.600000,0.055082,-0.404813,-2.462023,2.495689,-6.092673,-8.554696,3.284e-06,3.122e-06,1.681e-05,1.681e-05,1.00000000
81.650000,0.045680,-0.406167,-2.457881,2.491634,-6.096816,-8.554697,3.297e-06,3.178e-06,1.695e-05,1.695e-05,1.00000000
81.700000,0.036196,-0.407310,-2.453945,2.487782,-6.100753,-8.554698,3.295e-06,3.242e-06,1.692e-05,1.692e-05,1.00000000
81.750000,0.026532,-0.408179,-2.450329,2.484235,-6.104368,-8.554697,3.323e-06,3.275e-06,1.670e-05,1.670e-05,1.00000000
81.800000,0.016730,-0.408716,-2.447203,2.481155,-6.107493,-8.554696,3.338e-06,3.296e-06,1.687e-05,1.687e-05,1.00000000
81.850000,0.006943,-0.408992,-2.444766,2.478751,-6.109928,-8.554695,3.315e-06,3.309e-06,1.688e-05,1.688e-05,1.00000000
81.900000,-0.002842,-0.408933,-2.443012,2.477003,-6.111681,-8.554693,3.329e-06,3.347e-06,1.672e-05,1.672e-05,1.00000000
81.950000,-0.012632,-0.408463,-2.441969,2.475927,-6.112722,-8.554691,3.396e-06,3.392e-06,1.670e-05,1.670e-05,1.00000000
82.000000,-0.022439,-0.407529,-2.441496,2.475376,-6.113194,-8.554690,3.466e-06,3.416e-06,1.683e-05,1.683e-05,1.00000000
82.050000,-0.032267,-0.406240,-2.441523,2.475299,-6.113166,-8.554689,3.473e-06,3.407e-06,1.692e-05,1.692e-05,1.00000000
82.100000,-0.042177,-0.404648,-2.442038,2.475695,-6.112650,-8.554688,3.480e-06,3.401e-06,1.716e-05,1.716e-05,1.00000000
82.150000,-0.052195,-0.402708,-2.442968,2.476488,-6.111719,-8.554687,3.487e-06,3.401e-06,1.708e-05,1.708e-05,1.00000000
82.200000,-0.062337,-0.400474,-2.444221,2.477596,-6.110465,-8.554686,3.496e-06,3.441e-06,1.705e-05,1.705e-05,1.00000000
82.250000,-0.072583,-0.397901,-2.445765,2.478983,-6.108919,-8.554683,3.485e-06,3.431e-06,1.683e-05,1.683e-05,1.00000000
82.300000,-0.082889,-0.394982,-2.447636,2.480686,-6.107045,-8.554680,3.434e-06,3.402e-06,1.679e-05,1.679e-05,1.00000000
82.350000,-0.093235,-0.391752,-2.449752,2.482629,-6.104926,-8.554678,3.417e-06,3.359e-06,1.664e-05,1.664e-05,1.00000000
82.400000,-0.103452,-0.388245,-2.451908,2.484610,-6.102766,-8.554674,3.408e-06,3.371e-06,1.658e-05,1.658e-05,1.00000000
82.450000,-0.113501,-0.384478,-2.453991,2.486519,-6.100680,-8.554671,3.404e-06,3.335e-06,1.672e-05,1.672e-05,1.00000000
82.500000,-0.123365,-0.380530,-2.456062,2.488426,-6.098605,-8.554667,3.371e-06,3.352e-06,1.662e-05,1.662e-05,1.00000000
82.550000,-0.132975,-0.376453,-2.458101,2.490314,-6.096563,-8.554664,3.345e-06,3.338e-06,1.652e-05,1.652e-05,1.00000000
82.600000,-0.142249,-0.372194,-2.460152,2.492210,-6.094509,-8.554661,3.296e-06,3.342e-06,1.646e-05,1.646e-05,1.00000000
82.650000,-0.151131,-0.367781,-2.462247,2.494146,-6.092410,-8.554657,3.239e-06,3.338e-06,1.680e-05,1.680e-05,1.00000000
82.700000,-0.159569,-0.363324,-2.464490,2.496232,-6.090164,-8.554653,3.200e-06,3.300e-06,1.695e-05,1.695e-05,1.00000000
82.750000,-0.167550,-0.358865,-2.466908,2.498498,-6.087740,-8.554648,3.182e-06,3.250e-06,1.693e-05,1.693e-05,1.00000000
82.800000,-0.175101,-0.354402,-2.469468,2.500906,-6.085176,-8.554644,3.150e-06,3.196e-06,1.682e-05,1.682e-05,1.00000000
82.850000,-0.182297,-0.349985,-2.472217,2.503513,-6.082423,-8.554639,3.111e-06,3.165e-06,1.707e-05,1.707e-05,1.00000000
82.900000,-0.189114,-0.345582,-2.475131,2.506285,-6.079504,-8.554635,3.080e-06,3.110e-06,1.707e-05,1.707e-05,1.00000000
82.950000,-0.195689,-0.341157,-2.478164,2.509179,-6.076467,-8.554631,3.086e-06,3.102e-06,1.707e-05,1.707e-05,1.00000000
83.000000,-0.202098,-0.336755,-2.481332,2.512222,-6.073295,-8.554627,3.091e-06,3.078e-06,1.702e-05,1.702e-05,1.00000000
83.050000,-0.208415,-0.332391,-2.484677,2.515460,-6.069946,-8.554623,3.085e-06,3.080e-06,1.676e-05,1.676e-05,1.00000000
83.100000,-0.214674,-0.328020,-2.488264,2.518956,-6.066356,-8.554619,3.078e-06,3.077e-06,1.661e-05,1.661e-05,1.00000000
83.150000,-0.220848,-0.323555,-2.492135,2.522736,-6.062480,-8.554615,3.062e-06,3.102e-06,1.667e-05,1.667e-05,1.00000000
83.200000,-0.226940,-0.318984,-2.496306,2.526815,-6.058306,-8.554612,3.057e-06,3.112e-06,1.670e-05,1.670e-05,1.00000000
83.250000,-0.232993,-0.314331,-2.500868,2.531290,-6.053740,-8.554608,3.047e-06,3.093e-06,1.660e-05,1.660e-05,1.00000000
83.300000,-0.239040,-0.309582,-2.505679,2.536022,-6.048925,-8.554604,3.058e-06,3.082e-06,1.670e-05,1.670e-05,1.00000000
83.350000,-0.245102,-0.304734,-2.510576,2.540852,-6.044026,-8.554602,3.042e-06,3.093e-06,1.658e-05,1.658e-05,1.00000000
83.400000,-0.251225,-0.299768,-2.515567,2.545791,-6.039032,-8.554600,3.044e-06,3.116e-06,1.676e-05,1.676e-05,1.00000000
83.450000,-0.257388,-0.294688,-2.520543,2.550730,-6.034054,-8.554597,3.072e-06,3.175e-06,1.677e-05,1.677e-05,1.00000000
83.500000,-0.263605,-0.289387,-2.525441,2.555599,-6.029153,-8.554594,3.106e-06,3.207e-06,1.666e-05,1.666e-05,1.00000000
83.550000,-0.269844,-0.283788,-2.530316,2.560439,-6.024278,-8.554594,3.143e-06,3.211e-06,1.683e-05,1.683e-05,1.00000000
83.600000,-0.276073,-0.277878,-2.535085,2.565168,-6.019508,-8.554593,3.178e-06,3.202e-06,1.684e-05,1.684e-05,1.00000000
83.650000,-0.282213,-0.271652,-2.539696,2.569726,-6.014895,-8.554591,3.231e-06,3.195e-06,1.683e-05,1.683e-05,1.00000000
83.700000,-0.288230,-0.265145,-2.544122,2.574089,-6.010467,-8.554589,3.307e-06,3.200e-06,1.687e-05,1.687e-05,1.00000000
83.750000,-0.294057,-0.258360,-2.548222,2.578111,-6.006365,-8.554587,3.338e-06,3.213e-06,1.686e-05,1.686e-05,1.00000000
83.800000,-0.299735,-0.251348,-2.551834,2.581642,-6.002751,-8.554585,3.346e-06,3.201e-06,1.683e-05,1.683e-05,1.00000000
83.850000,-0.305246,-0.244092,-2.554918,2.584640,-5.999664,-8.554583,3.372e-06,3.194e-06,1.681e-05,1.681e-05,1.00000000
83.900000,-0.310561,-0.236613,-2.557447,2.587078,-5.997133,-8.554581,3.384e-06,3.232e-06,1.680e-05,1.680e-05,1.00000000
83.950000,-0.315670,-0.228979,-2.559431,2.588970,-5.995148,-8.554579,3.382e-06,3.284e-06,1.660e-05,1.660e-05,1.00000000
84.000000,-0.320569,-0.221249,-2.560874,2.590327,-5.993705,-8.554580,3.393e-06,3.296e-06,1.646e-05,1.646e-05,1.00000000
84.050000,-0.325168,-0.213506,-2.561709,2.591076,-5.992870,-8.554580,3.372e-06,3.326e-06,1.652e-05,1.652e-05,1.00000000
84.100000,-0.329470,-0.205726,-2.561936,2.591214,-5.992644,-8.554579,3.355e-06,3.331e-06,1.666e-05,1.666e-05,1.00000000
84.150000,-0.333494,-0.198004,-2.561538,2.590734,-5.993040,-8.554578,3.340e-06,3.303e-06,1.687e-05,1.687e-05,1.00000000
84.200000,-0.337212,-0.190382,-2.560664,2.589780,-5.993912,-8.554576,3.361e-06,3.306e-06,1.694e-05,1.694e-05,1.00000000
84.250000,-0.340578,-0.182769,-2.559474,2.588495,-5.995100,-8.554574,3.392e-06,3.359e-06,1.700e-05,1.700e-05,1.00000000
84.300000,-0.343598,-0.175136,-2.558038,2.586946,-5.996534,-8.554572,3.419e-06,3.405e-06,1.713e-05,1.713e-05,1.00000000
84.350000,-0.346306,-0.167534,-2.556425,2.585209,-5.998146,-8.554571,3.483e-06,3.401e-06,1.704e-05,1.704e-05,1.00000000
84.400000,-0.348744,-0.160008,-2.554750,2.583403,-5.999820,-8.554570,3.492e-06,3.396e-06,1.693e-05,1.693e-05,1.00000000
84.450000,-0.350907,-0.152525,-2.553073,2.581585,-6.001496,-8.554569,3.496e-06,3.400e-06,1.683e-05,1.683e-05,1.00000000
84.500000,-0.352831,-0.145013,-2.551513,2.579872,-6.003057,-8.554570,3.519e-06,3.418e-06,1.686e-05,1.686e-05,1.00000000
84.550000,-0.354537,-0.137456,-2.550238,2.578430,-6.004332,-8.554570,3.502e-06,3.402e-06,1.689e-05,1.689e-05,1.00000000
84.600000,-0.356079,-0.129788,-2.549276,2.577294,-6.005292,-8.554568,3.445e-06,3.400e-06,1.670e-05,1.670e-05,1.00000000
84.650000,-0.357500,-0.122019,-2.548696,2.576537,-6.005871,-8.554566,3.395e-06,3.413e-06,1.650e-05,1.650e-05,1.00000000
84.700000,-0.358838,-0.113965,-2.548490,2.576151,-6.006074,-8.554564,3.405e-06,3.430e-06,1.649e-05,1.649e-05,1.00000000
84.750000,-0.360073,-0.105628,-2.548653,2.576129,-6.005909,-8.554562,3.407e-06,3.441e-06,1.650e-05,1.650e-05,1.00000000
84.800000,-0.361132,-0.097093,-2.549177,2.576460,-6.005385,-8.554561,3.399e-06,3.443e-06,1.638e-05,1.638e-05,1.00000000
84.850000,-0.362023,-0.088465,-2.550025,2.577113,-6.004537,-8.554562,3.427e-06,3.448e-06,1.647e-05,1.647e-05,1.00000000
84.900000,-0.362747,-0.079829,-2.551189,2.578085,-6.003373,-8.554561,3.448e-06,3.491e-06,1.651e-05,1.651e-05,1.00000000
84.950000,-0.363321,-0.071202,-2.552732,2.579441,-6.001829,-8.554561,3.462e-06,3.532e-06,1.646e-05,1.646e-05,1.00000000
85.000000,-0.363773,-0.062543,-2.554705,2.581233,-5.999853,-8.554559,3.489e-06,3.577e-06,1.658e-05,1.658e-05,1.00000000
85.050000,-0.364065,-0.053858,-2.557063,2.583412,-5.997495,-8.554558,3.534e-06,3.605e-06,1.658e-05,1.658e-05,1.00000000
85.100000,-0.364245,-0.045206,-2.559779,2.585960,-5.994778,-8.554557,3.599e-06,3.607e-06,1.654e-05,1.654e-05,1.00000000
85.150000,-0.364421,-0.036611,-2.562732,2.588772,-5.991824,-8.554556,3.645e-06,3.584e-06,1.656e-05,1.656e-05,1.00000000
85.200000,-0.364668,-0.028061,-2.565749,2.591687,-5.988805,-8.554554,3.694e-06,3.605e-06,1.655e-05,1.655e-05,1.00000000
85.250000,-0.364986,-0.019550,-2.568721,2.594595,-5.985832,-8.554552,3.718e-06,3.593e-06,1.657e-05,1.657e-05,1.00000000
85.300000,-0.365345,-0.011002,-2.571513,2.597360,-5.983036,-8.554550,3.689e-06,3.575e-06,1.648e-05,1.648e-05,1.00000000
85.350000,-0.365656,-0.002448,-2.574078,2.599921,-5.980469,-8.554547,3.672e-06,3.614e-06,1.647e-05,1.647e-05,1.00000000
85.400000,-0.365878,0.006261,-2.576513,2.602369,-5.978031,-8.554544,3.628e-06,3.660e-06,1.647e-05,1.647e-05,1.00000000
85.450000,-0.366038,0.015122,-2.578809,2.604702,-5.975732,-8.554541,3.599e-06,3.639e-06,1.674e-05,1.674e-05,1.00000000
85.500000,-0.366067,0.024122,-2.580990,2.606933,-5.973547,-8.554538,3.584e-06,3.562e-06,1.677e-05,1.677e-05,1.00000000
85.550000,-0.365887,0.033322,-2.582926,2.608925,-5.971608,-8.554534,3.549e-06,3.480e-06,1.683e-05,1.683e-05,1.00000000
85.600000,-0.365473,0.042791,-2.584541,2.610604,-5.969991,-8.554532,3.503e-06,3.408e-06,1.691e-05,1.691e-05,1.00000000
85.650000,-0.364827,0.052401,-2.585846,2.611981,-5.968684,-8.554530,3.453e-06,3.390e-06,1.696e-05,1.696e-05,1.00000000
85.700000,-0.363942,0.062043,-2.586864,2.613077,-5.967663,-8.554528,3.423e-06,3.383e-06,1.691e-05,1.691e-05,1.00000000
85.750000,-0.362829,0.071729,-2.587549,2.613848,-5.966977,-8.554526,3.409e-06,3.411e-06,1.681e-05,1.681e-05,1.00000000
85.800000,-0.361453,0.081455,-2.587985,2.614373,-5.966538,-8.554523,3.346e-06,3.427e-06,1.675e-05,1.675e-05,1.00000000
85.850000,-0.359858,0.091237,-2.588236,2.614725,-5.966285,-8.554522,3.268e-06,3.417e-06,1.678e-05,1.678e-05,1.00000000
85.900000,-0.357960,0.101093,-2.588376,2.614966,-5.966145,-8.554521,3.246e-06,3.371e-06,1.698e-05,1.698e-05,1.00000000
85.950000,-0.355693,0.110915,-2.588403,2.615081,-5.966116,-8.554518,3.254e-06,3.352e-06,1.694e-05,1.694e-05,1.00000000
86.000000,-0.353037,0.120647,-2.588344,2.615093,-5.966173,-8.554516,3.290e-06,3.344e-06,1.675e-05,1.675e-05,1.00000000
86.050000,-0.349971,0.130293,-2.588234,2.615036,-5.966278,-8.554513,3.313e-06,3.328e-06,1.672e-05,1.672e-05,1.00000000
86.100000,-0.346486,0.139816,-2.588070,2.614901,-5.966439,-8.554510,3.308e-06,3.298e-06,1.672e-05,1.672e-05,1.00000000
86.150000,-0.342564,0.149198,-2.587904,2.614738,-5.966604,-8.554508,3.277e-06,3.272e-06,1.656e-05,1.656e-05,1.00000000
86.200000,-0.338185,0.158409,-2.587795,2.614602,-5.966710,-8.554505,3.231e-06,3.257e-06,1.649e-05,1.649e-05,1.00000000
86.250000,-0.333347,0.167394,-2.587742,2.614488,-5.966760,-8.554502,3.175e-06,3.246e-06,1.647e-05,1.647e-05,1.00000000
86.300000,-0.328163,0.176131,-2.587630,2.614295,-5.966871,-8.554500,3.171e-06,3.208e-06,1.650e-05,1.650e-05,1.00000000
86.350000,-0.322739,0.184625,-2.587413,2.613991,-5.967084,-8.554497,3.192e-06,3.192e-06,1.643e-05,1.643e-05,1.00000000
86.400000,-0.317165,0.192931,-2.587124,2.613624,-5.967369,-8.554494,3.203e-06,3.194e-06,1.657e-05,1.657e-05,1.00000000
86.450000,-0.311522,0.201024,-2.586813,2.613247,-5.967677,-8.554490,3.215e-06,3.198e-06,1.653e-05,1.653e-05,1.00000000
86.500000,-0.305823,0.208900,-2.586405,2.612788,-5.968081,-8.554487,3.226e-06,3.189e-06,1.643e-05,1.643e-05,1.00000000
86.550000,-0.300148,0.216582,-2.585909,2.612264,-5.968575,-8.554484,3.249e-06,3.191e-06,1.647e-05,1.647e-05,1.00000000
86.600000,-0.294440,0.224103,-2.585410,2.611754,-5.969070,-8.554480,3.291e-06,3.238e-06,1.653e-05,1.653e-05,1.00000000
86.650000,-0.288651,0.231414,-2.584971,2.611311,-5.969505,-8.554476,3.333e-06,3.321e-06,1.665e-05,1.665e-05,1.00000000
86.700000,-0.282794,0.238555,-2.584676,2.611021,-5.969798,-8.554473,3.360e-06,3.377e-06,1.667e-05,1.667e-05,1.00000000
86.750000,-0.276811,0.245545,-2.584509,2.610862,-5.969963,-8.554472,3.373e-06,3.423e-06,1.660e-05,1.660e-05,1.00000000
86.800000,-0.270679,0.252391,-2.584472,2.610836,-5.969998,-8.554470,3.405e-06,3.415e-06,1.655e-05,1.655e-05,1.00000000
86.850000,-0.264473,0.259015,-2.584544,2.610920,-5.969924,-8.554468,3.471e-06,3.403e-06,1.665e-05,1.665e-05,1.00000000
86.900000,-0.258119,0.265401,-2.584721,2.611100,-5.969743,-8.554464,3.527e-06,3.418e-06,1.673e-05,1.673e-05,1.00000000
86.950000,-0.251537,0.271605,-2.584929,2.611302,-5.969530,-8.554459,3.529e-06,3.414e-06,1.673e-05,1.673e-05,1.00000000
87.000000,-0.244732,0.277700,-2.585040,2.611407,-5.969415,-8.554455,3.506e-06,3.462e-06,1.645e-05,1.645e-05,1.00000000
87.050000,-0.237751,0.283711,-2.584930,2.611299,-5.969521,-8.554451,3.518e-06,3.462e-06,1.644e-05,1.644e-05,1.00000000
87.100000,-0.230634,0.289662,-2.584573,2.610960,-5.969875,-8.554448,3.531e-06,3.451e-06,1.662e-05,1.662e-05,1.00000000
87.150000,-0.223351,0.295547,-2.583966,2.610385,-5.970480,-8.554446,3.555e-06,3.470e-06,1.675e-05,1.675e-05,1.00000000
87.200000,-0.215853,0.301330,-2.583110,2.609569,-5.971334,-8.554444,3.573e-06,3.486e-06,1.691e-05,1.691e-05,1.00000000
87.250000,-0.208129,0.307000,-2.582031,2.608535,-5.972412,-8.554444,3.580e-06,3.516e-06,1.685e-05,1.685e-05,1.00000000
87.300000,-0.200196,0.312451,-2.580702,2.607245,-5.973741,-8.554442,3.593e-06,3.569e-06,1.690e-05,1.690e-05,1.00000000
87.350000,-0.192151,0.317608,-2.579179,2.605756,-5.975259,-8.554439,3.613e-06,3.551e-06,1.690e-05,1.690e-05,1.00000000
87.400000,-0.184112,0.322419,-2.577585,2.604188,-5.976853,-8.554438,3.645e-06,3.517e-06,1.695e-05,1.695e-05,1.00000000
87.450000,-0.176076,0.326899,-2.575968,2.602591,-5.978467,-8.554436,3.652e-06,3.493e-06,1.688e-05,1.688e-05,1.00000000
87.500000,-0.167990,0.331136,-2.574401,2.601040,-5.980033,-8.554434,3.638e-06,3.521e-06,1.687e-05,1.687e-05,1.00000000
87.550000,-0.159798,0.335185,-2.572934,2.599591,-5.981497,-8.554431,3.654e-06,3.562e-06,1.695e-05,1.695e-05,1.00000000
87.600000,-0.151503,0.339041,-2.571739,2.598411,-5.982691,-8.554429,3.648e-06,3.607e-06,1.681e-05,1.681e-05,1.00000000
87.650000,-0.143024,0.342734,-2.571009,2.597693,-5.983420,-8.554429,3.627e-06,3.637e-06,1.688e-05,1.688e-05,1.00000000
87.700000,-0.134345,0.346240,-2.570829,2.597517,-5.983599,-8.554428,3.630e-06,3.600e-06,1.672e-05,1.672e-05,1.00000000
87.750000,-0.125394,0.349584,-2.571184,2.597868,-5.983244,-8.554428,3.610e-06,3.579e-06,1.661e-05,1.661e-05,1.00000000
87.800000,-0.116105,0.352791,-2.571948,2.598627,-5.982477,-8.554425,3.591e-06,3.574e-06,1.673e-05,1.673e-05,1.00000000
87.850000,-0.106460,0.355801,-2.573053,2.599718,-5.981369,-8.554422,3.591e-06,3.584e-06,1.670e-05,1.670e-05,1.00000000
87.900000,-0.096525,0.358451,-2.574244,2.600872,-5.980177,-8.554421,3.577e-06,3.607e-06,1.660e-05,1.660e-05,1.00000000
87.950000,-0.086299,0.360739,-2.575505,2.602078,-5.978916,-8.554421,3.532e-06,3.621e-06,1.654e-05,1.654e-05,1.00000000
88.000000,-0.075752,0.362726,-2.576847,2.603353,-5.977574,-8.554421,3.506e-06,3.606e-06,1.648e-05,1.648e-05,1.00000000
88.050000,-0.065021,0.364416,-2.578235,2.604673,-5.976186,-8.554421,3.513e-06,3.621e-06,1.650e-05,1.650e-05,1.00000000
88.100000,-0.054130,0.365830,-2.579577,2.605951,-5.974844,-8.554421,3.535e-06,3.616e-06,1.641e-05,1.641e-05,1.00000000
88.150000,-0.043092,0.366956,-2.580869,2.607182,-5.973552,-8.554421,3.572e-06,3.596e-06,1.655e-05,1.655e-05,1.00000000
88.200000,-0.031855,0.367768,-2.582152,2.608405,-5.972268,-8.554420,3.610e-06,3.608e-06,1.674e-05,1.674e-05,1.00000000
88.250000,-0.020469,0.368238,-2.583414,2.609607,-5.971005,-8.554419,3.658e-06,3.632e-06,1.660e-05,1.660e-05,1.00000000
88.300000,-0.008983,0.368371,-2.584646,2.610780,-5.969770,-8.554416,3.662e-06,3.626e-06,1.653e-05,1.653e-05,1.00000000
88.350000,0.002475,0.368184,-2.585769,2.611852,-5.968644,-8.554413,3.683e-06,3.657e-06,1.652e-05,1.652e-05,1.00000000
88.400000,0.013886,0.367705,-2.586753,2.612794,-5.967657,-8.554411,3.688e-06,3.675e-06,1.657e-05,1.657e-05,1.00000000
88.450000,0.025272,0.366969,-2.587614,2.613628,-5.966793,-8.554408,3.696e-06,3.733e-06,1.649e-05,1.649e-05,1.00000000
88.500000,0.036642,0.366054,-2.588333,2.614346,-5.966072,-8.554405,3.733e-06,3.787e-06,1.645e-05,1.645e-05,1.00000000
88.550000,0.047886,0.364965,-2.588786,2.614824,-5.965617,-8.554403,3.746e-06,3.757e-06,1.637e-05,1.637e-05,1.00000000
88.600000,0.059009,0.363684,-2.588942,2.615027,-5.965459,-8.554400,3.753e-06,3.693e-06,1.633e-05,1.633e-05,1.00000000
88.650000,0.070081,0.362260,-2.588744,2.614907,-5.965655,-8.554399,3.734e-06,3.633e-06,1.649e-05,1.649e-05,1.00000000
88.700000,0.081060,0.360687,-2.588295,2.614563,-5.966102,-8.554397,3.696e-06,3.595e-06,1.676e-05,1.676e-05,1.00000000
88.750000,0.091978,0.358878,-2.587675,2.614061,-5.966720,-8.554395,3.642e-06,3.572e-06,1.679e-05,1.679e-05,1.00000000
88.800000,0.102778,0.356852,-2.586864,2.613383,-5.967528,-8.554392,3.614e-06,3.549e-06,1.688e-05,1.688e-05,1.00000000
88.850000,0.113464,0.354587,-2.585871,2.612534,-5.968517,-8.554388,3.605e-06,3.507e-06,1.691e-05,1.691e-05,1.00000000
88.900000,0.124140,0.352090,-2.584822,2.611644,-5.969561,-8.554384,3.536e-06,3.457e-06,1.691e-05,1.691e-05,1.00000000
88.950000,0.134864,0.349396,-2.583804,2.610806,-5.970576,-8.554380,3.451e-06,3.450e-06,1.686e-05,1.686e-05,1.00000000
89.000000,0.145679,0.346471,-2.582954,2.610157,-5.971421,-8.554375,3.380e-06,3.431e-06,1.682e-05,1.682e-05,1.00000000
89.050000,0.156587,0.343342,-2.582403,2.609829,-5.971971,-8.554373,3.337e-06,3.418e-06,1.690e-05,1.690e-05,1.00000000
89.100000,0.167646,0.340031,-2.582273,2.609954,-5.972098,-8.554371,3.319e-06,3.416e-06,1.701e-05,1.701e-05,1.00000000
89.150000,0.178969,0.336460,-2.582691,2.610657,-5.971679,-8.554371,3.349e-06,3.412e-06,1.701e-05,1.701e-05,1.00000000
89.200000,0.190574,0.332602,-2.583687,2.611968,-5.970682,-8.554368,3.375e-06,3.406e-06,1.704e-05,1.704e-05,1.00000000
89.250000,0.202392,0.328386,-2.585269,2.613889,-5.969097,-8.554365,3.409e-06,3.429e-06,1.690e-05,1.690e-05,1.00000000
89.300000,0.214482,0.323723,-2.587443,2.616421,-5.966919,-8.554362,3.448e-06,3.456e-06,1.682e-05,1.682e-05,1.00000000
89.350000,0.226767,0.318590,-2.590148,2.619501,-5.964211,-8.554358,3.458e-06,3.452e-06,1.663e-05,1.663e-05,1.00000000
89.400000,0.239098,0.312897,-2.593377,2.623104,-5.960978,-8.554355,3.445e-06,3.413e-06,1.661e-05,1.661e-05,1.00000000
89.450000,0.251447,0.306627,-2.597138,2.627237,-5.957214,-8.554352,3.405e-06,3.383e-06,1.671e-05,1.671e-05,1.00000000
89.500000,0.263710,0.299767,-2.601296,2.631757,-5.953053,-8.554349,3.384e-06,3.366e-06,1.664e-05,1.664e-05,1.00000000
89.550000,0.275807,0.292335,-2.605641,2.636455,-5.948705,-8.554346,3.382e-06,3.390e-06,1.655e-05,1.655e-05,1.00000000
89.600000,0.287756,0.284414,-2.609961,2.641134,-5.944383,-8.554343,3.439e-06,3.410e-06,1.650e-05,1.650e-05,1.00000000
89.650000,0.299548,0.275961,-2.614161,2.645699,-5.940181,-8.554342,3.500e-06,3.429e-06,1.652e-05,1.652e-05,1.00000000
89.700000,0.311081,0.267032,-2.618062,2.649967,-5.936277,-8.554340,3.551e-06,3.418e-06,1.654e-05,1.654e-05,1.00000000
89.750000,0.322299,0.257621,-2.621492,2.653765,-5.932845,-8.554338,3.556e-06,3.442e-06,1.660e-05,1.660e-05,1.00000000
89.800000,0.333133,0.247904,-2.624300,2.656951,-5.930035,-8.554336,3.572e-06,3.474e-06,1.653e-05,1.653e-05,1.00000000
89.850000,0.343552,0.237953,-2.626415,2.659456,-5.927917,-8.554332,3.594e-06,3.478e-06,1.645e-05,1.645e-05,1.00000000
89.900000,0.353623,0.227759,-2.627903,2.661352,-5.926428,-8.554330,3.589e-06,3.501e-06,1.659e-05,1.659e-05,1.00000000
89.950000,0.363393,0.217344,-2.628721,2.662605,-5.925609,-8.554329,3.614e-06,3.543e-06,1.668e-05,1.668e-05,1.00000000
90.000000,0.372858,0.206824,-2.628945,2.663297,-5.925383,-8.554328,3.652e-06,3.564e-06,1.653e-05,1.653e-05,1.00000000
