t,Fx,Fy,Fz,Fmag,Lz,Jz,edge_x,edge_y,edge_z,edge_frac,norm
0.000000,-0.000000,0.000000,-5.999999,5.999999,-0.000001,-6.000000,1.660e-33,1.364e-33,3.755e-26,3.755e-26,1.00000000
0.100000,-0.075018,0.001391,-5.999530,5.999999,-0.000001,-5.999531,2.850e-31,2.813e-31,2.147e-25,2.147e-25,1.00000000
0.200000,-0.146965,0.003133,-5.998197,5.999998,-0.000002,-5.998199,5.208e-31,5.208e-31,1.233e-23,1.233e-23,1.00000000
0.300000,-0.218438,0.001906,-5.996019,5.999997,-0.000003,-5.996022,6.954e-31,7.069e-31,3.169e-21,3.169e-21,1.00000000
0.400000,-0.292777,-0.000040,-5.992851,5.999998,-0.000001,-5.992852,8.407e-31,8.741e-31,1.006e-18,1.006e-18,1.00000000
0.500000,-0.368046,0.000812,-5.988701,6.000000,0.000001,-5.988700,9.993e-31,1.005e-30,8.579e-18,8.579e-18,1.00000000
0.600000,-0.440596,0.002874,-5.983799,5.999999,0.000001,-5.983798,1.133e-30,1.135e-30,1.886e-17,1.886e-17,1.00000000
0.700000,-0.511665,0.002413,-5.978140,5.999997,0.000001,-5.978139,1.302e-30,1.347e-30,8.579e-18,8.579e-18,1.00000000
0.800000,-0.585016,0.000322,-5.971409,5.999998,0.000004,-5.971405,1.453e-29,1.439e-29,2.920e-18,2.920e-18,1.00000000
0.900000,-0.660086,0.000405,-5.963579,5.999999,0.000009,-5.963570,4.455e-28,4.467e-28,7.295e-18,7.295e-18,1.00000000
1.000000,-0.733098,0.002448,-5.955044,5.999999,0.000013,-5.955032,3.813e-27,3.811e-27,2.175e-17,2.175e-17,1.00000000
1.100000,-0.803942,0.002712,-5.945893,5.999998,0.000016,-5.945877,1.685e-26,1.685e-26,1.696e-17,1.696e-17,1.00000000
1.200000,-0.876241,0.000782,-5.935669,5.999997,0.000021,-5.935648,4.603e-26,4.605e-26,3.373e-18,3.373e-18,1.00000000
1.300000,-0.950667,0.000221,-5.924206,5.999998,0.000028,-5.924177,6.241e-26,6.245e-26,6.307e-19,6.307e-19,1.00000000
1.400000,-1.023796,0.001995,-5.912007,5.999999,0.000035,-5.911972,4.345e-26,4.348e-26,1.317e-19,1.317e-19,1.00000000
1.500000,-1.094434,0.002798,-5.899338,5.999998,0.000041,-5.899297,1.956e-26,1.958e-26,7.416e-20,7.416e-20,1.00000000
1.600000,-1.165672,0.001208,-5.885675,5.999997,0.000046,-5.885629,8.372e-27,8.368e-27,1.833e-19,1.833e-19,1.00000000
1.700000,-1.239072,0.000215,-5.870662,5.999998,0.000052,-5.870610,6.638e-27,6.594e-27,3.908e-19,3.908e-19,1.00000000
1.800000,-1.311851,0.001605,-5.854830,5.999999,0.000057,-5.854772,1.162e-26,1.150e-26,7.055e-19,7.055e-19,1.00000000
1.900000,-1.382111,0.002743,-5.838642,5.999999,0.000060,-5.838583,1.571e-26,1.554e-26,9.301e-19,9.301e-19,1.00000000
2.000000,-1.452242,0.001556,-5.821594,5.999997,0.000060,-5.821535,1.165e-26,1.152e-26,1.165e-18,1.165e-18,1.00000000
2.100000,-1.524354,0.000306,-5.803130,5.999997,0.000059,-5.803071,5.246e-27,5.182e-27,3.718e-18,3.718e-18,1.00000000
2.200000,-1.596426,0.001287,-5.783719,5.999998,0.000056,-5.783663,1.885e-27,1.863e-27,1.359e-17,1.359e-17,1.00000000
2.300000,-1.666160,0.002618,-5.764017,5.999999,0.000051,-5.763966,6.882e-28,6.812e-28,1.167e-17,1.167e-17,1.00000000
2.400000,-1.735185,0.001841,-5.743614,5.999998,0.000044,-5.743571,2.677e-28,2.654e-28,6.034e-18,6.034e-18,1.00000000
2.500000,-1.805914,0.000450,-5.721769,5.999997,0.000034,-5.721735,1.098e-28,1.079e-28,3.794e-18,3.794e-18,1.00000000
2.600000,-1.877076,0.001031,-5.698821,5.999998,0.000025,-5.698796,4.850e-29,4.708e-29,8.840e-18,8.840e-18,1.00000000
2.700000,-1.946159,0.002460,-5.675601,5.999999,0.000014,-5.675587,2.411e-29,2.373e-29,1.245e-17,1.245e-17,1.00000000
2.800000,-2.014065,0.002062,-5.651860,5.999998,0.000001,-5.651858,1.472e-29,1.449e-29,5.161e-18,5.161e-18,1.00000000
2.900000,-2.083336,0.000611,-5.626693,5.999997,-0.000011,-5.626705,1.252e-29,1.243e-29,1.784e-18,1.784e-18,1.00000000
3.000000,-2.153367,0.000843,-5.600266,5.999997,-0.000022,-5.600288,1.638e-29,1.669e-29,8.054e-19,8.054e-19,1.00000000
3.100000,-2.221565,0.002311,-5.573565,5.999998,-0.000032,-5.573597,2.886e-29,2.959e-29,5.672e-19,5.672e-19,1.00000000
3.200000,-2.288204,0.002233,-5.546539,5.999999,-0.000041,-5.546580,6.293e-29,6.461e-29,3.852e-19,3.852e-19,1.00000000
3.300000,-2.355864,0.000745,-5.518141,5.999998,-0.000047,-5.518188,1.339e-28,1.370e-28,6.657e-19,6.657e-19,1.00000000
3.400000,-2.424532,0.000668,-5.488316,5.999997,-0.000050,-5.488366,2.672e-28,2.736e-28,1.008e-18,1.008e-18,1.00000000
3.500000,-2.491592,0.002184,-5.458199,5.999998,-0.000049,-5.458248,5.044e-28,5.145e-28,1.137e-18,1.137e-18,1.00000000
3.600000,-2.556737,0.002437,-5.427990,5.999999,-0.000044,-5.428034,9.479e-28,9.610e-28,1.138e-18,1.138e-18,1.00000000
3.700000,-2.622565,0.000894,-5.396492,5.999998,-0.000037,-5.396530,1.788e-27,1.788e-27,2.256e-18,2.256e-18,1.00000000
3.800000,-2.689709,0.000422,-5.363342,5.999997,-0.000027,-5.363369,3.162e-27,3.152e-27,1.142e-17,1.142e-17,1.00000000
3.900000,-2.755598,0.001970,-5.329788,5.999997,-0.000013,-5.329802,3.942e-27,3.968e-27,1.391e-17,1.391e-17,1.00000000
4.000000,-2.819199,0.002712,-5.296422,5.999998,0.000003,-5.296420,4.935e-27,3.999e-27,8.493e-18,8.493e-18,1.00000000
4.100000,-2.882971,0.001213,-5.261983,5.999999,0.000019,-5.261963,3.708e-26,1.259e-26,5.263e-18,5.263e-18,1.00000000
4.200000,-2.948376,0.000163,-5.225615,5.999998,0.000036,-5.225579,3.400e-25,8.702e-26,9.649e-18,9.649e-18,1.00000000
4.300000,-3.013136,0.001535,-5.188543,5.999997,0.000054,-5.188489,1.250e-24,3.925e-25,1.482e-17,1.482e-17,1.00000000
4.400000,-3.075314,0.002909,-5.151933,5.999998,0.000071,-5.151862,1.913e-24,9.195e-25,9.212e-18,9.212e-18,1.00000000
4.500000,-3.136840,0.001759,-5.114706,5.999998,0.000086,-5.114620,1.443e-24,1.028e-24,4.899e-18,4.899e-18,1.00000000
4.600000,-3.200059,0.000084,-5.075392,5.999998,0.000098,-5.075294,6.583e-25,6.227e-25,2.113e-18,2.113e-18,1.00000000
4.700000,-3.263456,0.000913,-5.034861,5.999997,0.000107,-5.034754,2.327e-25,2.653e-25,1.026e-18,1.026e-18,1.00000000
4.800000,-3.324295,0.002830,-4.994899,5.999997,0.000112,-4.994788,8.065e-26,1.019e-25,7.976e-19,7.976e-19,1.00000000
4.900000,-3.383494,0.002408,-4.954991,5.999998,0.000113,-4.954878,2.971e-26,3.881e-26,9.574e-19,9.574e-19,1.00000000
5.000000,-3.443981,0.000344,-4.913143,5.999998,0.000109,-4.913034,1.225e-26,1.572e-26,1.072e-18,1.072e-18,1.00000000
5.000000,-3.443981,0.000344,-4.913143,5.999998,0.000109,-4.913034,1.225e-26,1.572e-26,1.072e-18,1.072e-18,1.00000000
5.100000,-3.444422,0.001739,-4.912833,5.999998,0.000110,-4.912723,6.816e-27,8.416e-27,8.252e-19,8.252e-19,1.00000000
5.200000,-3.445460,0.010463,-4.912094,5.999997,0.000014,-4.912080,4.415e-27,5.306e-27,1.331e-18,1.331e-18,1.00000000
5.300000,-3.445010,0.025666,-4.912353,5.999997,-0.000265,-4.912618,2.386e-27,2.782e-27,1.450e-18,1.450e-18,1.00000000
5.400000,-3.443483,0.044790,-4.913288,5.999998,-0.000800,-4.914088,1.101e-27,1.220e-27,3.781e-18,3.781e-18,1.00000000
5.500000,-3.442917,0.068125,-4.913416,5.999998,-0.001649,-4.915065,5.159e-28,5.300e-28,7.242e-18,7.242e-18,1.00000000
5.600000,-3.443179,0.098253,-4.912722,5.999998,-0.002851,-4.915574,2.569e-28,2.629e-28,7.375e-18,7.375e-18,1.00000000
5.700000,-3.442029,0.135420,-4.912644,5.999997,-0.004424,-4.917068,1.727e-28,1.839e-28,5.524e-18,5.524e-18,1.00000000
5.800000,-3.438907,0.177124,-4.913504,5.999998,-0.006367,-4.919871,1.871e-28,1.477e-28,4.602e-18,4.602e-18,1.00000000
5.900000,-3.435617,0.222587,-4.913957,5.999998,-0.008662,-4.922619,7.758e-28,1.678e-28,9.228e-18,9.228e-18,1.00000000
6.000000,-3.432723,0.274083,-4.913377,5.999998,-0.011277,-4.924654,4.026e-27,2.105e-28,1.013e-17,1.013e-17,1.00000000
6.100000,-3.428153,0.332806,-4.912940,5.999998,-0.014166,-4.927106,1.218e-26,2.890e-28,6.753e-18,6.753e-18,1.00000000
6.200000,-3.420505,0.396692,-4.913527,5.999998,-0.017265,-4.930793,1.957e-26,5.219e-28,3.339e-18,3.339e-18,1.00000000
6.300000,-3.411076,0.464081,-4.914180,5.999998,-0.020501,-4.934681,1.725e-26,1.069e-27,1.301e-18,1.301e-18,1.00000000
6.400000,-3.400946,0.536595,-4.913819,5.999998,-0.023791,-4.937610,1.008e-26,1.769e-27,1.066e-18,1.066e-18,1.00000000
6.500000,-3.388412,0.616064,-4.913156,5.999998,-0.027050,-4.940206,8.363e-27,3.017e-27,1.169e-18,1.169e-18,1.00000000
6.600000,-3.371451,0.701059,-4.913431,5.999997,-0.030196,-4.943627,1.260e-26,5.293e-27,1.076e-18,1.076e-18,1.00000000
6.700000,-3.350734,0.789292,-4.914221,5.999998,-0.033163,-4.947385,2.344e-26,8.258e-27,8.252e-19,8.252e-19,1.00000000
6.800000,-3.327683,0.881524,-4.914206,5.999998,-0.035913,-4.950118,4.663e-26,1.254e-26,1.308e-18,1.308e-18,1.00000000
6.900000,-3.301093,0.979888,-4.913510,5.999998,-0.038440,-4.951951,9.524e-26,2.193e-26,2.549e-18,2.549e-18,1.00000000
7.000000,-3.268530,1.083665,-4.913487,5.999998,-0.040779,-4.954266,2.450e-25,4.157e-26,3.772e-18,3.772e-18,1.00000000
7.100000,-3.229993,1.190180,-4.914325,5.999997,-0.042995,-4.957320,3.465e-25,4.710e-26,6.141e-18,6.141e-18,1.00000000
7.200000,-3.187120,1.299191,-4.914707,5.999998,-0.045179,-4.959886,1.224e-24,8.730e-26,7.402e-18,7.402e-18,1.00000000
7.300000,-3.139345,1.412799,-4.914112,5.999998,-0.047442,-4.961554,9.292e-24,8.465e-25,7.217e-18,7.217e-18,1.00000000
7.400000,-3.084024,1.531046,-4.913722,5.999998,-0.049898,-4.963621,4.470e-23,5.633e-24,6.031e-18,6.031e-18,1.00000000
7.500000,-3.020380,1.651137,-4.914369,5.999997,-0.052658,-4.967026,1.195e-22,1.941e-23,6.622e-18,6.622e-18,1.00000000
7.600000,-2.950112,1.771690,-4.915071,5.999998,-0.055818,-4.970889,1.599e-22,3.137e-23,8.856e-18,8.856e-18,1.00000000
7.700000,-2.873488,1.894370,-4.914714,5.999998,-0.059461,-4.974174,1.103e-22,2.450e-23,7.585e-18,7.585e-18,1.00000000
7.800000,-2.787949,2.019958,-4.913969,5.999998,-0.063642,-4.977611,4.794e-23,1.145e-23,4.541e-18,4.541e-18,1.00000000
7.900000,-2.691862,2.145873,-4.914171,5.999998,-0.068385,-4.982556,1.743e-23,4.369e-24,2.435e-18,2.435e-18,1.00000000
8.000000,-2.586751,2.269590,-4.915043,5.999997,-0.073672,-4.988715,6.431e-24,1.689e-24,1.477e-18,1.477e-18,1.00000000
8.100000,-2.473911,2.391876,-4.915147,5.999998,-0.079437,-4.994584,2.479e-24,6.803e-25,1.183e-18,1.183e-18,1.00000000
8.200000,-2.351371,2.514055,-4.914322,5.999998,-0.085562,-4.999883,9.804e-25,2.763e-25,1.237e-18,1.237e-18,1.00000000
8.300000,-2.216746,2.634145,-4.913990,5.999998,-0.091880,-5.005870,3.947e-25,1.103e-25,1.137e-18,1.137e-18,1.00000000
8.400000,-2.071046,2.748741,-4.914790,5.999998,-0.098190,-5.012981,1.598e-25,4.325e-26,1.123e-18,1.123e-18,1.00000000
8.500000,-1.916621,2.857350,-4.915494,5.999998,-0.104285,-5.019779,6.415e-26,1.701e-26,2.626e-18,2.626e-18,1.00000000
8.600000,-1.752753,2.961453,-4.915041,5.999998,-0.109973,-5.025014,2.671e-26,7.187e-27,4.533e-18,4.533e-18,1.00000000
8.700000,-1.576745,3.059973,-4.914307,5.999998,-0.115107,-5.029414,1.256e-26,3.480e-27,5.301e-18,5.301e-18,1.00000000
8.800000,-1.388750,3.149189,-4.914668,5.999998,-0.119601,-5.034268,7.508e-27,1.833e-27,5.714e-18,5.714e-18,1.00000000
8.900000,-1.191835,3.227260,-4.915719,5.999998,-0.123437,-5.039156,6.303e-27,1.268e-27,6.929e-18,6.929e-18,1.00000000
9.000000,-0.987099,3.295343,-4.915926,5.999998,-0.126666,-5.042592,6.739e-27,1.341e-27,7.920e-18,7.920e-18,1.00000000
9.100000,-0.772356,3.353372,-4.915113,5.999998,-0.129399,-5.044512,9.039e-27,1.727e-27,6.559e-18,6.559e-18,1.00000000
9.200000,-0.546783,3.397982,-4.914745,5.999998,-0.131792,-5.046537,2.975e-26,2.200e-27,8.493e-18,8.493e-18,1.00000000
9.300000,-0.313472,3.426241,-4.915545,5.999998,-0.134038,-5.049583,5.868e-26,2.758e-27,8.353e-18,8.353e-18,1.00000000
9.400000,-0.075461,3.438592,-4.916337,5.999998,-0.136360,-5.052697,1.023e-25,4.881e-27,5.810e-18,5.810e-18,1.00000000
9.500000,0.167890,3.435890,-4.915938,5.999998,-0.138998,-5.054936,1.891e-25,1.264e-26,3.864e-18,3.864e-18,1.00000000
9.600000,0.417916,3.415790,-4.915048,5.999998,-0.142197,-5.057245,3.307e-25,2.309e-26,2.534e-18,2.534e-18,1.00000000
9.700000,0.672213,3.374869,-4.915116,5.999998,-0.146207,-5.061323,5.037e-25,3.615e-26,1.959e-18,1.959e-18,1.00000000
9.800000,0.926360,3.312743,-4.916052,5.999998,-0.151267,-5.067318,8.953e-25,7.381e-26,1.508e-18,1.508e-18,1.00000000
9.900000,1.178756,3.231013,-4.916408,5.999998,-0.157588,-5.073996,1.602e-24,1.668e-25,1.231e-18,1.231e-18,1.00000000
10.000000,1.430278,3.128928,-4.915698,5.999998,-0.165331,-5.081028,2.748e-24,3.613e-25,1.218e-18,1.218e-18,1.00000000
10.000000,1.430278,3.128928,-4.915698,5.999998,-0.165331,-5.081028,2.748e-24,3.613e-25,1.218e-18,1.218e-18,1.00000000
10.100000,1.677082,3.004949,-4.915043,5.999998,-0.174570,-5.089612,4.759e-24,7.509e-25,1.826e-18,1.826e-18,1.00000000
10.200000,1.912539,2.860076,-4.915499,5.999998,-0.185240,-5.100739,7.271e-24,1.131e-24,3.560e-18,3.560e-18,1.00000000
10.300000,2.133840,2.697466,-4.916338,5.999998,-0.197189,-5.113527,8.749e-24,2.753e-24,3.730e-18,3.730e-18,1.00000000
10.400000,2.341540,2.519365,-4.916296,5.999998,-0.210211,-5.126506,2.410e-23,4.170e-23,3.955e-18,3.955e-18,1.00000000
10.500000,2.536056,2.325041,-4.915544,5.999997,-0.224062,-5.139606,1.608e-22,3.499e-22,5.064e-18,5.064e-18,1.00000000
10.600000,2.714758,2.114092,-4.915351,5.999998,-0.238496,-5.153847,7.301e-22,1.261e-21,7.232e-18,7.232e-18,1.00000000
10.700000,2.874546,1.889271,-4.916058,5.999998,-0.253281,-5.169339,1.677e-21,2.191e-21,6.136e-18,6.136e-18,1.00000000
10.800000,3.015208,1.653972,-4.916592,5.999998,-0.268218,-5.184810,1.821e-21,1.987e-21,5.167e-18,5.167e-18,1.00000000
10.900000,3.137839,1.408857,-4.916204,5.999998,-0.283143,-5.199347,1.049e-21,1.051e-21,6.235e-18,6.235e-18,1.00000000
11.000000,3.241378,1.153422,-4.915593,5.999997,-0.297931,-5.213524,4.181e-22,4.020e-22,5.591e-18,5.591e-18,1.00000000
11.100000,3.323292,0.889579,-4.915725,5.999998,-0.312491,-5.228216,1.542e-22,1.436e-22,4.144e-18,4.144e-18,1.00000000
11.200000,3.382927,0.621023,-4.916311,5.999998,-0.326760,-5.243071,5.994e-23,5.395e-23,3.171e-18,3.171e-18,1.00000000
11.300000,3.421567,0.349672,-4.916359,5.999998,-0.340704,-5.257063,2.437e-23,2.108e-23,2.734e-18,2.734e-18,1.00000000
11.400000,3.439377,0.075444,-4.915787,5.999997,-0.354307,-5.270094,1.021e-23,8.374e-24,1.936e-18,1.936e-18,1.00000000
11.500000,3.434795,-0.200484,-4.915482,5.999997,-0.367587,-5.283068,4.451e-24,3.359e-24,1.243e-18,1.243e-18,1.00000000
11.600000,3.407232,-0.474804,-4.915822,5.999998,-0.380596,-5.296418,2.019e-24,1.357e-24,1.326e-18,1.326e-18,1.00000000
11.700000,3.358078,-0.744943,-4.916132,5.999998,-0.393423,-5.309555,9.437e-25,5.418e-25,2.092e-18,2.092e-18,1.00000000
11.800000,3.288353,-1.010423,-4.915868,5.999998,-0.406185,-5.322053,5.041e-25,2.167e-25,4.705e-18,4.705e-18,1.00000000
11.900000,3.197458,-1.270475,-4.915499,5.999997,-0.419012,-5.334511,3.929e-25,9.332e-26,5.329e-18,5.329e-18,1.00000000
12.000000,3.085203,-1.522421,-4.915661,5.999997,-0.432031,-5.347692,4.790e-25,4.684e-26,4.062e-18,4.062e-18,1.00000000
12.100000,2.953230,-1.763653,-4.916090,5.999998,-0.445348,-5.361437,5.922e-25,3.183e-26,4.240e-18,4.240e-18,1.00000000
12.200000,2.803224,-1.993444,-4.916106,5.999998,-0.459034,-5.375140,6.811e-25,3.108e-26,6.346e-18,6.346e-18,1.00000000
12.300000,2.635335,-2.211366,-4.915775,5.999998,-0.473125,-5.388900,7.198e-25,3.763e-26,6.874e-18,6.874e-18,1.00000000
12.400000,2.449728,-2.415371,-4.915769,5.999997,-0.487619,-5.403388,8.567e-25,7.227e-26,4.541e-18,4.541e-18,1.00000000
12.500000,2.248331,-2.603075,-4.916196,5.999998,-0.502484,-5.418679,1.155e-24,1.480e-25,5.327e-18,5.327e-18,1.00000000
12.600000,2.033478,-2.773804,-4.916397,5.999998,-0.517664,-5.434061,1.359e-24,5.817e-25,5.466e-18,5.466e-18,1.00000000
12.700000,1.805906,-2.927631,-4.916061,5.999998,-0.533088,-5.449150,1.809e-24,1.619e-24,5.087e-18,5.087e-18,1.00000000
12.800000,1.565862,-3.063211,-4.915769,5.999998,-0.548676,-5.464446,2.355e-24,4.101e-24,4.421e-18,4.421e-18,1.00000000
12.900000,1.315341,-3.178435,-4.916035,5.999997,-0.564340,-5.480375,3.072e-24,1.010e-23,3.270e-18,3.270e-18,1.00000000
13.000000,1.057320,-3.272740,-4.916423,5.999998,-0.579989,-5.496412,5.592e-24,2.043e-23,2.403e-18,2.403e-18,1.00000000
13.100000,0.793229,-3.346828,-4.916250,5.999998,-0.595535,-5.511785,1.224e-23,3.857e-23,2.241e-18,2.241e-18,1.00000000
13.200000,0.523233,-3.400266,-4.915729,5.999998,-0.610912,-5.526641,2.533e-23,7.335e-23,1.882e-18,1.882e-18,1.00000000
13.300000,0.248943,-3.431351,-4.915672,5.999998,-0.626092,-5.541764,4.723e-23,1.373e-22,1.399e-18,1.399e-18,1.00000000
13.400000,-0.026308,-3.439563,-4.916165,5.999997,-0.641107,-5.557273,6.279e-23,2.347e-22,2.997e-18,2.997e-18,1.00000000
13.500000,-0.300237,-3.426186,-4.916410,5.999998,-0.656052,-5.572462,1.427e-22,5.299e-22,5.199e-18,5.199e-18,1.00000000
13.600000,-0.572589,-3.391907,-4.916004,5.999998,-0.671082,-5.587085,8.627e-22,2.760e-21,4.385e-18,4.385e-18,1.00000000
13.700000,-0.842539,-3.335693,-4.915613,5.999998,-0.686392,-5.602005,4.157e-21,1.269e-20,3.384e-18,3.384e-18,1.00000000
13.800000,-1.107068,-3.257016,-4.915915,5.999998,-0.702199,-5.618114,1.114e-20,2.904e-20,5.366e-18,5.366e-18,1.00000000
13.900000,-1.363209,-3.157475,-4.916501,5.999998,-0.718717,-5.635219,1.559e-20,3.492e-20,7.004e-18,7.004e-18,1.00000000
14.000000,-1.610272,-3.038896,-4.916514,5.999998,-0.736138,-5.652652,1.176e-20,2.457e-20,4.928e-18,4.928e-18,1.00000000
14.100000,-1.848205,-2.901220,-4.915998,5.999998,-0.754617,-5.670615,5.563e-21,1.153e-20,3.951e-18,3.951e-18,1.00000000
14.200000,-2.074989,-2.743923,-4.915820,5.999998,-0.774269,-5.690089,2.113e-21,4.363e-21,4.399e-18,4.399e-18,1.00000000
14.300000,-2.287554,-2.568480,-4.916297,5.999998,-0.795163,-5.711460,7.856e-22,1.605e-21,4.389e-18,4.389e-18,1.00000000
14.400000,-2.484590,-2.377562,-4.916705,5.999998,-0.817319,-5.734023,3.053e-22,6.185e-22,4.388e-18,4.388e-18,1.00000000
14.500000,-2.666416,-2.172334,-4.916418,5.999998,-0.840704,-5.757123,1.257e-22,2.534e-22,3.510e-18,3.510e-18,1.00000000
14.600000,-2.832258,-1.952531,-4.915884,5.999998,-0.865226,-5.781109,5.888e-23,1.150e-22,2.692e-18,2.692e-18,1.00000000
14.700000,-2.979660,-1.719163,-4.915900,5.999998,-0.890722,-5.806622,3.254e-23,6.032e-23,2.255e-18,2.255e-18,1.00000000
14.800000,-3.106937,-1.475155,-4.916384,5.999998,-0.916964,-5.833349,2.096e-23,3.556e-23,1.928e-18,1.928e-18,1.00000000
14.900000,-3.214386,-1.222852,-4.916536,5.999998,-0.943666,-5.860202,1.805e-23,2.407e-23,1.465e-18,1.465e-18,1.00000000
15.000000,-3.302287,-0.962688,-4.916107,5.999998,-0.970498,-5.886605,2.332e-23,2.104e-23,2.307e-18,2.307e-18,1.00000000
15.100000,-3.369267,-0.695232,-4.915757,5.999998,-0.997132,-5.912889,3.132e-23,2.306e-23,4.032e-18,4.032e-18,1.00000000
15.200000,-3.413791,-0.423008,-4.916001,5.999998,-1.023278,-5.939279,3.570e-23,2.331e-23,4.948e-18,4.948e-18,1.00000000
15.300000,-3.436042,-0.149031,-4.916440,5.999998,-1.048717,-5.965157,3.210e-23,1.985e-23,4.405e-18,4.405e-18,1.00000000
15.400000,-3.437007,0.125335,-4.916426,5.999998,-1.073328,-5.989755,2.997e-23,1.572e-23,3.484e-18,3.484e-18,1.00000000
15.500000,-3.416524,0.399607,-4.916060,5.999998,-1.097083,-6.013143,3.230e-23,1.604e-23,4.927e-18,4.927e-18,1.00000000
15.600000,-3.373667,0.672028,-4.915966,5.999998,-1.120041,-6.036007,6.464e-23,1.994e-23,5.182e-18,5.182e-18,1.00000000
15.700000,-3.308611,0.939699,-4.916303,5.999998,-1.142332,-6.058635,2.199e-22,3.124e-23,3.466e-18,3.466e-18,1.00000000
15.800000,-3.222720,1.200586,-4.916568,5.999998,-1.164132,-6.080701,3.823e-22,3.600e-23,3.380e-18,3.380e-18,1.00000000
15.900000,-3.116871,1.453961,-4.916410,5.999998,-1.185637,-6.102047,3.138e-22,5.321e-23,3.727e-18,3.727e-18,1.00000000
16.000000,-2.990971,1.698746,-4.916129,5.999998,-1.207039,-6.123168,1.717e-22,1.460e-22,3.568e-18,3.568e-18,1.00000000
16.100000,-2.845349,1.932709,-4.916157,5.999998,-1.228510,-6.144667,1.342e-22,3.677e-22,3.089e-18,3.089e-18,1.00000000
16.200000,-2.681511,2.153718,-4.916399,5.999998,-1.250191,-6.166590,1.896e-22,7.526e-22,2.766e-18,2.766e-18,1.00000000
16.300000,-2.501057,2.360777,-4.916444,5.999998,-1.272178,-6.188622,2.822e-22,1.336e-21,2.652e-18,2.652e-18,1.00000000
16.400000,-2.304751,2.553199,-4.916225,5.999998,-1.294512,-6.210738,4.190e-22,2.174e-21,2.351e-18,2.351e-18,1.00000000
16.500000,-2.093263,2.729543,-4.916078,5.999998,-1.317176,-6.233254,6.206e-22,3.327e-21,1.834e-18,1.834e-18,1.00000000
16.600000,-1.868155,2.888096,-4.916185,5.999998,-1.340094,-6.256279,8.193e-22,4.652e-21,2.317e-18,2.317e-18,1.00000000
16.700000,-1.631413,3.027898,-4.916330,5.999998,-1.363141,-6.279471,3.001e-21,6.998e-21,4.536e-18,4.536e-18,1.00000000
16.800000,-1.384467,3.148543,-4.916289,5.999998,-1.386161,-6.302450,1.834e-20,1.909e-20,5.699e-18,5.699e-18,1.00000000
16.900000,-1.128409,3.249276,-4.916185,5.999998,-1.408993,-6.325178,5.208e-20,5.172e-20,5.437e-18,5.437e-18,1.00000000
17.000000,-0.864885,3.329040,-4.916243,5.999998,-1.431502,-6.347744,8.604e-20,8.675e-20,4.472e-18,4.472e-18,1.00000000
17.100000,-0.596021,3.387274,-4.916412,5.999998,-1.453591,-6.370003,8.369e-20,9.300e-20,4.421e-18,4.421e-18,1.00000000
17.200000,-0.323594,3.423967,-4.916473,5.999998,-1.475221,-6.391695,5.112e-20,6.380e-20,4.947e-18,4.947e-18,1.00000000
17.300000,-0.048958,3.438967,-4.916410,5.999998,-1.496411,-6.412821,2.280e-20,3.064e-20,4.278e-18,4.278e-18,1.00000000
17.400000,0.226217,3.431862,-4.916414,5.999998,-1.517239,-6.433653,9.000e-21,1.278e-20,3.290e-18,3.290e-18,1.00000000
17.500000,0.499810,3.402615,-4.916541,5.999998,-1.537832,-6.454373,3.529e-21,5.405e-21,2.946e-18,2.946e-18,1.00000000
17.600000,0.769944,3.351724,-4.916615,5.999998,-1.558356,-6.474971,1.421e-21,2.425e-21,3.227e-18,3.227e-18,1.00000000
17.700000,1.035237,3.279636,-4.916528,5.999998,-1.578996,-6.495524,6.121e-22,1.225e-21,3.127e-18,3.127e-18,1.00000000
17.800000,1.294181,3.186509,-4.916425,5.999998,-1.599945,-6.516370,3.052e-22,7.323e-22,2.871e-18,2.871e-18,1.00000000
17.900000,1.544812,3.072773,-4.916462,5.999998,-1.621388,-6.537850,1.951e-22,5.328e-22,2.522e-18,2.522e-18,1.00000000
18.000000,1.785283,2.939433,-4.916551,5.999998,-1.643486,-6.560037,1.661e-22,4.772e-22,2.611e-18,2.611e-18,1.00000000
18.100000,2.014313,2.787559,-4.916506,5.999998,-1.666367,-6.582873,1.837e-22,5.064e-22,2.297e-18,2.297e-18,1.00000000
18.200000,2.230738,2.617871,-4.916354,5.999998,-1.690116,-6.606470,2.256e-22,5.966e-22,1.991e-18,1.991e-18,1.00000000
18.300000,2.432991,2.431161,-4.916298,5.999998,-1.714763,-6.631061,2.542e-22,6.789e-22,2.889e-18,2.889e-18,1.00000000
18.400000,2.619436,2.228797,-4.916400,5.999998,-1.740283,-6.656683,2.742e-22,7.026e-22,4.148e-18,4.148e-18,1.00000000
18.500000,2.788954,2.012402,-4.916497,5.999997,-1.766596,-6.683093,3.093e-22,6.880e-22,4.832e-18,4.832e-18,1.00000000
18.600000,2.940796,1.783289,-4.916460,5.999998,-1.793575,-6.710035,4.424e-22,6.482e-22,4.841e-18,4.841e-18,1.00000000
18.700000,3.074019,1.542586,-4.916383,5.999998,-1.821066,-6.737448,6.080e-22,6.319e-22,4.661e-18,4.661e-18,1.00000000
18.800000,3.187479,1.291795,-4.916424,5.999998,-1.848900,-6.765324,1.300e-21,8.674e-22,4.109e-18,4.109e-18,1.00000000
18.900000,3.280334,1.032825,-4.916569,5.999998,-1.876918,-6.793487,3.004e-21,1.271e-21,3.875e-18,3.875e-18,1.00000000
19.000000,3.352216,0.767491,-4.916664,5.999998,-1.904981,-6.821645,4.127e-21,1.284e-21,3.247e-18,3.247e-18,1.00000000
19.100000,3.402860,0.497285,-4.916628,5.999998,-1.932978,-6.849606,3.445e-21,9.998e-22,2.561e-18,2.561e-18,1.00000000
19.200000,3.431834,0.223700,-4.916548,5.999998,-1.960825,-6.877374,2.106e-21,9.124e-22,2.335e-18,2.335e-18,1.00000000
19.300000,3.438735,-0.051451,-4.916546,5.999998,-1.988466,-6.905012,1.713e-21,1.345e-21,1.971e-18,1.971e-18,1.00000000
19.400000,3.423506,-0.326157,-4.916625,5.999998,-2.015858,-6.932484,2.369e-21,2.058e-21,2.039e-18,2.039e-18,1.00000000
19.500000,3.386449,-0.598574,-4.916670,5.999998,-2.042969,-6.959639,3.929e-21,3.267e-21,2.325e-18,2.325e-18,1.00000000
19.600000,3.327936,-0.867163,-4.916589,5.999998,-2.069759,-6.986348,6.309e-21,5.630e-21,2.707e-18,2.707e-18,1.00000000
19.700000,3.248191,-1.130447,-4.916434,5.999998,-2.096186,-7.012619,9.100e-21,9.431e-21,2.648e-18,2.648e-18,1.00000000
19.800000,3.147458,-1.386661,-4.916366,5.999998,-2.122198,-7.038564,1.176e-20,1.371e-20,2.051e-18,2.051e-18,1.00000000
19.900000,3.026396,-1.633820,-4.916455,5.999998,-2.147754,-7.064210,1.742e-20,1.906e-20,2.486e-18,2.486e-18,1.00000000
20.000000,2.886122,-1.870233,-4.916554,5.999998,-2.172829,-7.089382,4.540e-20,3.152e-20,3.431e-18,3.431e-18,1.00000000
20.100000,2.727676,-2.094754,-4.916478,5.999998,-2.197424,-7.113902,1.018e-19,6.130e-20,4.104e-18,4.104e-18,1.00000000
20.200000,2.551694,-2.306248,-4.916305,5.999998,-2.221576,-7.137881,1.177e-19,9.920e-20,5.516e-18,5.516e-18,1.00000000
20.300000,2.358952,-2.503038,-4.916312,5.999998,-2.245357,-7.161669,8.383e-20,1.011e-19,5.876e-18,5.876e-18,1.00000000
20.400000,2.151025,-2.683356,-4.916571,5.999998,-2.268862,-7.185433,4.769e-20,6.337e-20,3.386e-18,3.386e-18,1.00000000
20.500000,1.929828,-2.846240,-4.916772,5.999998,-2.292203,-7.208975,2.267e-20,2.916e-20,3.299e-18,3.299e-18,1.00000000
20.600000,1.696590,-2.991320,-4.916661,5.999998,-2.315489,-7.232150,9.858e-21,1.261e-20,3.278e-18,3.278e-18,1.00000000
20.700000,1.452048,-3.117690,-4.916457,5.999998,-2.338820,-7.255277,4.277e-21,5.963e-21,2.743e-18,2.743e-18,1.00000000
20.800000,1.197725,-3.223801,-4.916558,5.999998,-2.362283,-7.278841,1.931e-21,3.335e-21,2.116e-18,2.116e-18,1.00000000
20.900000,0.936113,-3.308735,-4.916904,5.999998,-2.385939,-7.302843,9.980e-22,2.304e-21,1.863e-18,1.863e-18,1.00000000
21.000000,0.669229,-3.372702,-4.917010,5.999998,-2.409829,-7.326839,6.872e-22,1.756e-21,2.162e-18,2.162e-18,1.00000000
21.100000,0.397917,-3.415795,-4.916704,5.999998,-2.433969,-7.350673,6.035e-22,1.542e-21,2.343e-18,2.343e-18,1.00000000
21.200000,0.123227,-3.437062,-4.916442,5.999998,-2.458349,-7.374791,6.546e-22,1.601e-21,2.619e-18,2.619e-18,1.00000000
21.300000,-0.152370,-3.435631,-4.916625,5.999998,-2.482938,-7.399563,8.048e-22,1.736e-21,2.917e-18,2.917e-18,1.00000000
21.400000,-0.426145,-3.412024,-4.916957,5.999998,-2.507675,-7.424632,9.959e-22,1.917e-21,1.916e-18,1.916e-18,1.00000000
21.500000,-0.696798,-3.367311,-4.916875,5.999997,-2.532479,-7.449354,1.298e-21,2.304e-21,1.845e-18,1.845e-18,1.00000000
21.600000,-0.963771,-3.301474,-4.916441,5.999998,-2.557261,-7.473702,1.769e-21,2.857e-21,2.336e-18,2.336e-18,1.00000000
21.700000,-1.225247,-3.213859,-4.916285,5.999998,-2.581943,-7.498228,1.832e-21,3.592e-21,3.006e-18,3.006e-18,1.00000000
21.800000,-1.478306,-3.105046,-4.916633,5.999998,-2.606471,-7.523104,1.904e-21,4.094e-21,4.955e-18,4.955e-18,1.00000000
21.900000,-1.721049,-2.976854,-4.916940,5.999998,-2.630836,-7.547776,2.477e-21,4.381e-21,5.802e-18,5.802e-18,1.00000000
22.000000,-1.953085,-2.830394,-4.916736,5.999997,-2.655074,-7.571810,4.388e-21,5.415e-21,3.104e-18,3.104e-18,1.00000000
22.100000,-2.173548,-2.665526,-4.916364,5.999998,-2.679272,-7.595636,6.500e-21,9.968e-21,2.720e-18,2.720e-18,1.00000000
22.200000,-2.380060,-2.482719,-4.916442,5.999998,-2.703551,-7.619993,7.166e-21,1.431e-20,3.074e-18,3.074e-18,1.00000000
22.300000,-2.570422,-2.284087,-4.916895,5.999998,-2.728059,-7.644955,5.594e-21,1.192e-20,2.847e-18,2.847e-18,1.00000000
22.400000,-2.744111,-2.071773,-4.917071,5.999998,-2.752950,-7.670021,3.777e-21,7.207e-21,2.580e-18,2.580e-18,1.00000000
22.500000,-2.901063,-1.846446,-4.916752,5.999998,-2.778366,-7.695117,3.404e-21,4.442e-21,2.180e-18,2.180e-18,1.00000000
22.600000,-3.039911,-1.608477,-4.916474,5.999998,-2.804424,-7.720898,4.286e-21,3.268e-21,1.743e-18,1.743e-18,1.00000000
22.700000,-3.158684,-1.359758,-4.916681,5.999999,-2.831206,-7.747887,6.254e-21,4.000e-21,1.610e-18,1.610e-18,1.00000000
22.800000,-3.256679,-1.103039,-4.917044,5.999999,-2.858747,-7.775791,9.108e-21,5.986e-21,2.039e-18,2.039e-18,1.00000000
22.900000,-3.334315,-0.839939,-4.916993,5.999998,-2.887029,-7.804023,1.274e-20,8.675e-21,2.537e-18,2.537e-18,1.00000000
23.000000,-3.391311,-0.570992,-4.916599,5.999997,-2.915977,-7.832576,1.764e-20,1.206e-20,1.863e-18,1.863e-18,1.00000000
23.100000,-3.426366,-0.297591,-4.916445,5.999998,-2.945454,-7.861899,2.706e-20,1.983e-20,1.352e-18,1.352e-18,1.00000000
23.200000,-3.438807,-0.022489,-4.916715,5.999999,-2.975273,-7.891988,4.878e-20,4.528e-20,1.499e-18,1.499e-18,1.00000000
23.300000,-3.429317,0.251955,-4.916939,5.999998,-3.005202,-7.922141,8.243e-20,9.330e-20,2.043e-18,2.043e-18,1.00000000
23.400000,-3.398552,0.524769,-4.916750,5.999998,-3.034997,-7.951747,1.073e-19,1.315e-19,3.657e-18,3.657e-18,1.00000000
23.500000,-3.346114,0.794988,-4.916450,5.999997,-3.064419,-7.980870,9.390e-20,1.121e-19,5.657e-18,5.657e-18,1.00000000
23.600000,-3.271634,1.060351,-4.916507,5.999998,-3.093274,-8.009781,5.557e-20,6.185e-20,4.066e-18,4.066e-18,1.00000000
23.700000,-3.175995,1.318288,-4.916824,5.999999,-3.121432,-8.038256,2.571e-20,2.785e-20,2.253e-18,2.253e-18,1.00000000
23.800000,-3.060572,1.567410,-4.916920,5.999998,-3.148839,-8.065759,1.138e-20,1.319e-20,2.192e-18,2.192e-18,1.00000000
23.900000,-2.925886,1.806991,-4.916700,5.999998,-3.175520,-8.092220,6.057e-21,7.473e-21,2.368e-18,2.368e-18,1.00000000
24.000000,-2.772040,2.035456,-4.916572,5.999998,-3.201568,-8.118141,3.784e-21,5.358e-21,2.557e-18,2.557e-18,1.00000000
24.100000,-2.600082,2.250540,-4.916770,5.999998,-3.227136,-8.143905,2.632e-21,4.556e-21,2.258e-18,2.258e-18,1.00000000
24.200000,-2.411860,2.450742,-4.916988,5.999999,-3.252409,-8.169397,2.015e-21,3.895e-21,1.760e-18,1.760e-18,1.00000000
24.300000,-2.208669,2.635501,-4.916899,5.999998,-3.277585,-8.194484,1.748e-21,3.226e-21,1.571e-18,1.571e-18,1.00000000
24.400000,-1.991099,2.803893,-4.916674,5.999998,-3.302853,-8.219527,1.715e-21,2.929e-21,1.820e-18,1.820e-18,1.00000000
24.500000,-1.760319,2.954220,-4.916689,5.999998,-3.328372,-8.245061,1.788e-21,3.053e-21,2.078e-18,2.078e-18,1.00000000
24.600000,-1.518463,3.085178,-4.916902,5.999998,-3.354266,-8.271168,2.049e-21,3.649e-21,1.690e-18,1.690e-18,1.00000000
24.700000,-1.267404,3.196467,-4.916936,5.999998,-3.380609,-8.297545,2.606e-21,4.829e-21,1.333e-18,1.333e-18,1.00000000
24.800000,-1.008139,3.287781,-4.916719,5.999998,-3.407425,-8.324144,3.742e-21,6.083e-21,1.603e-18,1.603e-18,1.00000000
24.900000,-0.741882,3.358055,-4.916609,5.999998,-3.434686,-8.351295,4.893e-21,7.215e-21,1.965e-18,1.965e-18,1.00000000
25.000000,-0.470883,3.406367,-4.916799,5.999998,-3.462316,-8.379114,7.314e-21,8.550e-21,2.633e-18,2.633e-18,1.00000000
25.100000,-0.197435,3.432824,-4.916983,5.999998,-3.490204,-8.407187,9.837e-21,8.762e-21,4.206e-18,4.206e-18,1.00000000
25.200000,0.077184,3.437800,-4.916864,5.999998,-3.518221,-8.435085,1.277e-20,9.368e-21,3.869e-18,3.869e-18,1.00000000
25.300000,0.351891,3.420904,-4.916662,5.999998,-3.546242,-8.462903,1.474e-20,1.829e-20,2.186e-18,2.186e-18,1.00000000
25.400000,0.624562,3.381619,-4.916762,5.999998,-3.574167,-8.490929,1.411e-20,2.838e-20,2.057e-18,2.057e-18,1.00000000
25.500000,0.892654,3.320490,-4.917061,5.999998,-3.601937,-8.518998,1.139e-20,2.717e-20,2.064e-18,2.064e-18,1.00000000
25.600000,1.154669,3.238643,-4.917104,5.999998,-3.629533,-8.546637,7.833e-21,2.057e-20,2.201e-18,2.201e-18,1.00000000
25.700000,1.409830,3.136429,-4.916825,5.999998,-3.656982,-8.573808,6.373e-21,1.324e-20,2.247e-18,2.247e-18,1.00000000
25.800000,1.656488,3.013673,-4.916685,5.999998,-3.684353,-8.601038,6.597e-21,9.778e-21,1.983e-18,1.983e-18,1.00000000
25.900000,1.892122,2.871180,-4.916928,5.999998,-3.711744,-8.628672,7.064e-21,1.007e-20,1.659e-18,1.659e-18,1.00000000
26.000000,2.115010,2.710766,-4.917160,5.999998,-3.739275,-8.656434,7.951e-21,1.210e-20,1.531e-18,1.531e-18,1.00000000
26.100000,2.324667,2.533648,-4.916964,5.999998,-3.767065,-8.684029,9.235e-21,1.478e-20,1.480e-18,1.480e-18,1.00000000
26.200000,2.520210,2.340016,-4.916589,5.999998,-3.795224,-8.711813,1.089e-20,1.737e-20,1.658e-18,1.658e-18,1.00000000
26.300000,2.699540,2.130653,-4.916582,5.999998,-3.823834,-8.740416,1.578e-20,2.244e-20,1.492e-18,1.492e-18,1.00000000
26.400000,2.860812,1.907783,-4.916919,5.999998,-3.852945,-8.769865,2.862e-20,4.165e-20,1.382e-18,1.382e-18,1.00000000
26.500000,3.003677,1.673548,-4.917026,5.999998,-3.882575,-8.799600,4.314e-20,7.799e-20,1.544e-18,1.544e-18,1.00000000
26.600000,3.128093,1.428701,-4.916689,5.999998,-3.912710,-8.829399,4.429e-20,9.774e-20,2.004e-18,2.004e-18,1.00000000
26.700000,3.232786,1.173841,-4.916418,5.999998,-3.943315,-8.859733,3.273e-20,7.628e-20,3.162e-18,3.162e-18,1.00000000
26.800000,3.316082,0.911102,-4.916652,5.999998,-3.974330,-8.890982,1.991e-20,4.286e-20,3.275e-18,3.275e-18,1.00000000
26.900000,3.377669,0.643317,-4.917059,5.999998,-4.005688,-8.922747,1.116e-20,2.311e-20,2.192e-18,2.192e-18,1.00000000
27.000000,3.418213,0.372027,-4.917051,5.999998,-4.037318,-8.954370,6.858e-21,1.374e-20,1.550e-18,1.550e-18,1.00000000
27.100000,3.437508,0.097755,-4.916702,5.999998,-4.069156,-8.985858,5.542e-21,8.941e-21,1.449e-18,1.449e-18,1.00000000
27.200000,3.434403,-0.177925,-4.916624,5.999998,-4.101150,-9.017773,4.530e-21,6.457e-21,1.696e-18,1.696e-18,1.00000000
27.300000,3.408621,-0.452093,-4.917000,5.999998,-4.133265,-9.050265,3.644e-21,5.629e-21,2.020e-18,2.020e-18,1.00000000
27.400000,3.361281,-0.722471,-4.917297,5.999998,-4.165487,-9.082784,2.990e-21,4.876e-21,2.021e-18,2.021e-18,1.00000000
27.500000,3.293234,-0.988316,-4.917095,5.999998,-4.197816,-9.114911,2.795e-21,4.198e-21,1.801e-18,1.801e-18,1.00000000
27.600000,3.204113,-1.248738,-4.916736,5.999998,-4.230260,-9.146996,3.059e-21,4.031e-21,1.536e-18,1.536e-18,1.00000000
27.700000,3.093739,-1.501356,-4.916776,5.999998,-4.262831,-9.179607,4.205e-21,4.749e-21,1.440e-18,1.440e-18,1.00000000
27.800000,2.963421,-1.743574,-4.917120,5.999998,-4.295533,-9.212652,6.118e-21,6.056e-21,1.400e-18,1.400e-18,1.00000000
27.900000,2.814884,-1.974256,-4.917186,5.999998,-4.328354,-9.245540,7.118e-21,7.027e-21,1.390e-18,1.390e-18,1.00000000
28.000000,2.648698,-2.192982,-4.916829,5.999998,-4.361261,-9.278090,7.943e-21,7.658e-21,1.345e-18,1.345e-18,1.00000000
28.100000,2.464924,-2.398241,-4.916560,5.999998,-4.394196,-9.310756,1.344e-20,8.590e-21,1.591e-18,1.591e-18,1.00000000
28.200000,2.264852,-2.587676,-4.916742,5.999998,-4.427089,-9.343831,1.780e-20,8.569e-21,1.698e-18,1.698e-18,1.00000000
28.300000,2.050775,-2.759910,-4.917032,5.999998,-4.459869,-9.376901,1.911e-20,8.353e-21,1.924e-18,1.924e-18,1.00000000
28.400000,1.824200,-2.914777,-4.916945,5.999998,-4.492482,-9.409427,3.076e-20,1.341e-20,2.072e-18,2.072e-18,1.00000000
28.500000,1.585607,-3.051654,-4.916628,5.999998,-4.524903,-9.441531,5.342e-20,2.230e-20,1.903e-18,1.903e-18,1.00000000
28.600000,1.336150,-3.168853,-4.916610,5.999998,-4.557141,-9.473751,6.553e-20,2.280e-20,1.579e-18,1.579e-18,1.00000000
28.700000,1.078308,-3.265094,-4.916949,5.999998,-4.589250,-9.506199,5.034e-20,2.073e-20,1.429e-18,1.429e-18,1.00000000
28.800000,0.814326,-3.340435,-4.917149,5.999998,-4.621315,-9.538464,2.738e-20,2.083e-20,1.481e-18,1.481e-18,1.00000000
28.900000,0.545171,-3.395048,-4.916952,5.999998,-4.653452,-9.570405,1.429e-20,1.789e-20,1.726e-18,1.726e-18,1.00000000
29.000000,0.271807,-3.428079,-4.916744,5.999998,-4.685787,-9.602531,9.320e-21,1.370e-20,1.871e-18,1.871e-18,1.00000000
29.100000,-0.003485,-3.438592,-4.916914,5.999998,-4.718447,-9.635362,6.820e-21,1.093e-20,1.745e-18,1.745e-18,1.00000000
29.200000,-0.278063,-3.426884,-4.917227,5.999998,-4.751547,-9.668774,5.619e-21,1.031e-20,1.527e-18,1.527e-18,1.00000000
29.300000,-0.550489,-3.393831,-4.917200,5.999998,-4.785174,-9.702374,5.528e-21,1.215e-20,1.424e-18,1.424e-18,1.00000000
29.400000,-0.819985,-3.339443,-4.916881,5.999998,-4.819384,-9.736266,6.514e-21,1.623e-20,1.180e-18,1.180e-18,1.00000000
29.500000,-1.084757,-3.263221,-4.916774,5.999998,-4.854193,-9.770967,9.862e-21,2.325e-20,1.317e-18,1.317e-18,1.00000000
29.600000,-1.342139,-3.165679,-4.917023,5.999998,-4.889578,-9.806601,1.695e-20,3.857e-20,1.325e-18,1.325e-18,1.00000000
29.700000,-1.590324,-3.048304,-4.917183,5.999998,-4.925475,-9.842658,2.142e-20,6.158e-20,1.607e-18,1.607e-18,1.00000000
29.800000,-1.828656,-2.911995,-4.916938,5.999998,-4.961784,-9.878723,1.798e-20,7.133e-20,1.646e-18,1.646e-18,1.00000000
29.900000,-2.055999,-2.756745,-4.916625,5.999998,-4.998382,-9.915008,1.125e-20,5.828e-20,1.619e-18,1.619e-18,1.00000000
30.000000,-2.270055,-2.583186,-4.916704,5.999998,-5.035139,-9.951843,7.254e-21,3.947e-20,1.307e-18,1.307e-18,1.00000000
30.100000,-2.468856,-2.393252,-4.917018,5.999998,-5.071942,-9.988960,5.250e-21,2.696e-20,1.210e-18,1.210e-18,1.00000000
30.200000,-2.651820,-2.188724,-4.917044,5.999998,-5.108709,-10.025753,6.036e-21,1.924e-20,1.255e-18,1.255e-18,1.00000000
30.300000,-2.818525,-1.970192,-4.916730,5.999998,-5.145409,-10.062139,6.519e-21,1.328e-20,1.254e-18,1.254e-18,1.00000000
30.400000,-2.967395,-1.738299,-4.916590,5.999998,-5.182060,-10.098650,5.512e-21,9.841e-21,1.182e-18,1.182e-18,1.00000000
30.500000,-3.096617,-1.495089,-4.916873,5.999998,-5.218739,-10.135612,4.591e-21,7.266e-21,1.298e-18,1.298e-18,1.00000000
30.600000,-3.205676,-1.243046,-4.917159,5.999998,-5.255570,-10.172730,4.847e-21,5.766e-21,1.465e-18,1.465e-18,1.00000000
30.700000,-3.294791,-0.983461,-4.917025,5.999998,-5.292715,-10.209740,5.196e-21,5.202e-21,1.574e-18,1.574e-18,1.00000000
30.800000,-3.363310,-0.716974,-4.916714,5.999998,-5.330351,-10.247065,5.530e-21,5.060e-21,1.599e-18,1.599e-18,1.00000000
30.900000,-3.409885,-0.445342,-4.916740,5.999998,-5.368652,-10.285392,6.665e-21,4.892e-21,1.428e-18,1.428e-18,1.00000000
31.000000,-3.434100,-0.171331,-4.917070,5.999998,-5.407772,-10.324842,8.417e-21,4.903e-21,1.244e-18,1.244e-18,1.00000000
31.100000,-3.436660,0.103084,-4.917186,5.999998,-5.447823,-10.365009,1.135e-20,5.011e-21,1.254e-18,1.254e-18,1.00000000
31.200000,-3.417857,0.377096,-4.916913,5.999998,-5.488859,-10.405772,1.618e-20,5.570e-21,1.280e-18,1.280e-18,1.00000000
31.300000,-3.377050,0.649434,-4.916680,5.999998,-5.530866,-10.447546,2.234e-20,7.067e-21,1.473e-18,1.473e-18,1.00000000
31.400000,-3.314022,0.917580,-4.916836,5.999998,-5.573750,-10.490586,2.772e-20,7.507e-21,1.438e-18,1.438e-18,1.00000000
31.500000,-3.229794,1.179161,-4.917111,5.999998,-5.617344,-10.534455,3.484e-20,7.878e-21,1.487e-18,1.487e-18,1.00000000
31.600000,-3.125495,1.433054,-4.917073,5.999998,-5.661414,-10.578487,5.265e-20,1.232e-20,1.124e-18,1.124e-18,1.00000000
31.700000,-3.001337,1.678395,-4.916803,5.999998,-5.705689,-10.622492,7.107e-20,2.245e-20,8.800e-19,8.800e-19,1.00000000
31.800000,-2.857437,1.913304,-4.916737,5.999998,-5.749899,-10.666635,7.912e-20,3.092e-20,1.130e-18,1.130e-18,1.00000000
31.900000,-2.694990,2.135502,-4.916974,5.999998,-5.793812,-10.710786,6.609e-20,3.229e-20,1.275e-18,1.275e-18,1.00000000
32.000000,-2.515740,2.343648,-4.917147,5.999998,-5.837270,-10.754417,4.190e-20,2.746e-20,1.172e-18,1.172e-18,1.00000000
32.100000,-2.320753,2.537126,-4.917019,5.999998,-5.880202,-10.797220,2.559e-20,2.273e-20,1.104e-18,1.104e-18,1.00000000
32.200000,-2.110608,2.714802,-4.916824,5.999998,-5.922628,-10.839452,1.705e-20,1.881e-20,1.212e-18,1.212e-18,1.00000000
32.300000,-1.886566,2.874935,-4.916869,5.999998,-5.964649,-10.881517,1.166e-20,1.472e-20,1.395e-18,1.395e-18,1.00000000
32.400000,-1.650656,3.016273,-4.917053,5.999998,-6.006430,-10.923483,8.805e-21,1.211e-20,1.505e-18,1.505e-18,1.00000000
32.500000,-1.404605,3.138390,-4.917069,5.999998,-6.048175,-10.965244,7.667e-21,1.232e-20,1.469e-18,1.469e-18,1.00000000
32.600000,-1.149505,3.240803,-4.916890,5.999998,-6.090103,-11.006993,7.846e-21,1.651e-20,1.317e-18,1.317e-18,1.00000000
32.700000,-0.886682,3.322513,-4.916775,5.999998,-6.132422,-11.049197,1.035e-20,2.747e-20,1.147e-18,1.147e-18,1.00000000
32.800000,-0.618162,3.382679,-4.916842,5.999998,-6.175305,-11.092147,1.609e-20,6.049e-20,1.173e-18,1.173e-18,1.00000000
32.900000,-0.345995,3.421143,-4.916914,5.999998,-6.218880,-11.135794,2.229e-20,1.319e-19,1.403e-18,1.403e-18,1.00000000
33.000000,-0.071690,3.437947,-4.916844,5.999998,-6.263213,-11.180057,1.825e-20,2.207e-19,1.297e-18,1.297e-18,1.00000000
33.100000,0.203309,3.432834,-4.916736,5.999998,-6.308309,-11.225045,1.167e-20,3.006e-19,1.227e-18,1.227e-18,1.00000000
33.200000,0.477109,3.405582,-4.916742,5.999998,-6.354110,-11.270852,8.332e-21,3.583e-19,1.023e-18,1.023e-18,1.00000000
33.300000,0.747693,3.356456,-4.916822,5.999998,-6.400508,-11.317330,6.672e-21,3.715e-19,8.055e-19,8.055e-19,1.00000000
33.400000,1.013409,3.285968,-4.916848,5.999998,-6.447361,-11.364209,5.995e-21,3.383e-19,8.537e-19,8.537e-19,1.00000000
33.500000,1.272757,3.194502,-4.916830,5.999998,-6.494518,-11.411348,5.751e-21,2.808e-19,9.811e-19,9.811e-19,1.00000000
33.600000,1.524015,3.082498,-4.916865,5.999998,-6.541848,-11.458713,5.063e-21,2.171e-19,1.015e-18,1.015e-18,1.00000000
33.700000,1.765415,2.950758,-4.916942,5.999998,-6.589265,-11.506207,4.836e-21,1.596e-19,1.059e-18,1.059e-18,1.00000000
33.800000,1.995489,2.800255,-4.916968,5.999998,-6.636737,-11.553705,5.280e-21,1.147e-19,1.072e-18,1.072e-18,1.00000000
33.900000,2.212912,2.631863,-4.916940,5.999998,-6.684294,-11.601233,6.783e-21,8.476e-20,1.183e-18,1.183e-18,1.00000000
34.000000,2.416210,2.446537,-4.916946,5.999998,-6.732020,-11.648965,8.067e-21,6.635e-20,1.346e-18,1.346e-18,1.00000000
34.100000,2.603940,2.245578,-4.916996,5.999998,-6.780045,-11.697041,9.799e-21,5.466e-20,1.390e-18,1.390e-18,1.00000000
34.200000,2.774998,2.030410,-4.916991,5.999998,-6.828532,-11.745522,1.274e-20,4.541e-20,1.200e-18,1.200e-18,1.00000000
34.300000,2.928464,1.802284,-4.916895,5.999998,-6.877653,-11.794547,1.968e-20,3.799e-20,1.035e-18,1.035e-18,1.00000000
34.400000,3.063265,1.562472,-4.916814,5.999998,-6.927570,-11.844384,4.007e-20,3.241e-20,1.088e-18,1.088e-18,1.00000000
34.500000,3.178340,1.312615,-4.916825,5.999998,-6.978406,-11.895231,8.352e-20,2.631e-20,1.381e-18,1.381e-18,1.00000000
34.600000,3.273013,1.054528,-4.916842,5.999998,-7.030225,-11.947067,1.620e-19,2.201e-20,1.266e-18,1.266e-18,1.00000000
34.700000,3.346894,0.789776,-4.916761,5.999998,-7.083016,-11.999777,2.749e-19,2.125e-20,1.108e-18,1.108e-18,1.00000000
34.800000,3.399469,0.519790,-4.916646,5.999998,-7.136692,-12.053338,4.091e-19,2.759e-20,1.099e-18,1.099e-18,1.00000000
34.900000,3.430152,0.246326,-4.916641,5.999998,-7.191102,-12.107743,5.439e-19,4.896e-20,8.043e-19,8.043e-19,1.00000000
35.000000,3.438734,-0.028577,-4.916733,5.999998,-7.246053,-12.162786,6.477e-19,6.702e-20,7.791e-19,7.791e-19,1.00000000
35.100000,3.425410,-0.303121,-4.916773,5.999998,-7.301342,-12.218115,6.921e-19,6.123e-20,9.726e-19,9.726e-19,1.00000000
35.200000,3.390322,-0.575834,-4.916717,5.999998,-7.356785,-12.273503,7.057e-19,4.272e-20,9.875e-19,9.875e-19,1.00000000
35.300000,3.333451,-0.845067,-4.916700,5.999998,-7.412245,-12.328945,7.525e-19,2.651e-20,9.273e-19,9.273e-19,1.00000000
35.400000,3.255073,-1.108819,-4.916807,5.999998,-7.467646,-12.384453,8.407e-19,1.656e-20,9.098e-19,9.098e-19,1.00000000
35.500000,3.155941,-1.365245,-4.916922,5.999998,-7.522980,-12.439901,9.523e-19,1.377e-20,9.952e-19,9.952e-19,1.00000000
35.600000,3.036838,-1.612954,-4.916906,5.999998,-7.578291,-12.495197,1.072e-18,1.903e-20,1.130e-18,1.130e-18,1.00000000
35.700000,2.898305,-1.850577,-4.916825,5.999998,-7.633660,-12.550485,1.194e-18,3.891e-20,1.194e-18,1.194e-18,1.00000000
35.800000,2.741038,-2.076398,-4.916834,5.999998,-7.689180,-12.606014,1.313e-18,7.849e-20,1.139e-18,1.313e-18,1.00000000
35.900000,2.566238,-2.288727,-4.916923,5.999998,-7.744943,-12.661866,1.408e-18,1.346e-19,1.077e-18,1.408e-18,1.00000000
36.000000,2.375259,-2.486354,-4.916926,5.999998,-7.801018,-12.717943,1.447e-18,2.021e-19,1.002e-18,1.447e-18,1.00000000
36.100000,2.169158,-2.668305,-4.916795,5.999998,-7.857438,-12.774233,1.404e-18,2.819e-19,1.346e-18,1.404e-18,1.00000000
36.200000,1.948959,-2.833326,-4.916686,5.999998,-7.914193,-12.830879,1.290e-18,4.164e-19,1.288e-18,1.290e-18,1.00000000
36.300000,1.716164,-2.980051,-4.916712,5.999998,-7.971229,-12.887941,1.129e-18,7.450e-19,1.035e-18,1.129e-18,1.00000000
36.400000,1.472586,-3.107557,-4.916763,5.999998,-8.028447,-12.945210,9.121e-19,1.504e-18,9.130e-19,1.504e-18,1.00000000
36.500000,1.219748,-3.215339,-4.916685,5.999998,-8.085725,-13.002409,6.722e-19,3.000e-18,7.820e-19,3.000e-18,1.00000000
36.600000,0.958910,-3.302739,-4.916541,5.999998,-8.142935,-13.059476,4.564e-19,5.577e-18,6.980e-19,5.577e-18,1.00000000
36.700000,0.691693,-3.368876,-4.916524,5.999998,-8.199976,-13.116500,2.881e-19,9.578e-18,7.352e-19,9.578e-18,1.00000000
36.800000,0.420180,-3.413214,-4.916645,5.999998,-8.256790,-13.173435,1.716e-19,1.512e-17,7.561e-19,1.512e-17,1.00000000
36.900000,0.146264,-3.435785,-4.916703,5.999998,-8.313383,-13.230086,9.822e-20,2.185e-17,7.593e-19,2.185e-17,1.00000000
37.000000,-0.128651,-3.436627,-4.916607,5.999998,-8.369827,-13.286434,5.360e-20,2.895e-17,7.947e-19,2.895e-17,1.00000000
37.100000,-0.403054,-3.415452,-4.916525,5.999998,-8.426258,-13.342783,3.112e-20,3.536e-17,8.803e-19,3.536e-17,1.00000000
37.200000,-0.674877,-3.372150,-4.916617,5.999998,-8.482874,-13.399492,2.117e-20,3.988e-17,1.093e-18,3.988e-17,1.00000000
37.300000,-0.942033,-3.307260,-4.916765,5.999998,-8.539914,-13.456679,2.044e-20,4.123e-17,1.226e-18,4.123e-17,1.00000000
37.400000,-1.203053,-3.221534,-4.916743,5.999998,-8.597630,-13.514373,3.280e-20,3.865e-17,1.151e-18,3.865e-17,1.00000000
37.500000,-1.456704,-3.115321,-4.916581,5.999998,-8.656262,-13.572843,6.673e-20,3.269e-17,1.077e-18,3.269e-17,1.00000000
37.600000,-1.701241,-2.988896,-4.916529,5.999998,-8.716012,-13.632541,1.334e-19,2.500e-17,9.890e-19,2.500e-17,1.00000000
37.700000,-1.934616,-2.843176,-4.916664,5.999998,-8.777018,-13.693683,2.295e-19,1.750e-17,1.235e-18,1.750e-17,1.00000000
37.800000,-2.155336,-2.679558,-4.916755,5.999998,-8.839335,-13.756090,3.323e-19,1.146e-17,1.226e-18,1.146e-17,1.00000000
37.900000,-2.362496,-2.499084,-4.916622,5.999998,-8.902916,-13.819538,4.382e-19,7.244e-18,1.005e-18,7.244e-18,1.00000000
38.000000,-2.554922,-2.302395,-4.916434,5.999998,-8.967607,-13.884041,6.225e-19,4.605e-18,8.535e-19,4.605e-18,1.00000000
38.100000,-2.730901,-2.090594,-4.916459,5.999998,-9.033153,-13.949612,1.204e-18,3.017e-18,7.972e-19,3.017e-18,1.00000000
38.200000,-2.889010,-1.865528,-4.916645,5.999998,-9.099225,-14.015871,3.082e-18,1.953e-18,7.523e-19,3.082e-18,1.00000000
38.300000,-3.028639,-1.628956,-4.916689,5.999998,-9.165459,-14.082148,8.156e-18,1.187e-18,7.796e-19,8.156e-18,1.00000000
38.400000,-3.149311,-1.381959,-4.916503,5.999998,-9.231508,-14.148011,1.935e-17,6.749e-19,6.523e-19,1.935e-17,1.00000000
38.500000,-3.249967,-1.125642,-4.916363,5.999998,-9.297093,-14.213456,3.998e-17,3.850e-19,5.954e-19,3.998e-17,1.00000000
38.600000,-3.329443,-0.861947,-4.916486,5.999998,-9.362040,-14.278526,7.285e-17,2.425e-19,7.399e-19,7.285e-17,1.00000000
38.700000,-3.387370,-0.593174,-4.916690,5.999998,-9.426291,-14.342981,1.193e-16,1.770e-19,9.337e-19,1.193e-16,1.00000000
38.800000,-3.423954,-0.320947,-4.916656,5.999998,-9.489899,-14.406555,1.770e-16,1.597e-19,1.031e-18,1.770e-16,1.00000000
38.900000,-3.438997,-0.046341,-4.916414,5.999998,-9.553013,-14.469427,2.374e-16,1.745e-19,1.102e-18,2.374e-16,1.00000000
39.000000,-3.431836,0.229023,-4.916303,5.999998,-9.615854,-14.532156,2.873e-16,2.110e-19,1.044e-18,2.873e-16,1.00000000
39.100000,-3.402302,0.502748,-4.916459,5.999998,-9.678675,-14.595134,3.164e-16,2.889e-19,1.002e-18,3.164e-16,1.00000000
39.200000,-3.351101,0.772722,-4.916605,5.999998,-9.741728,-14.658333,3.200e-16,5.705e-19,9.015e-19,3.200e-16,1.00000000
39.300000,-3.278936,1.037732,-4.916469,5.999998,-9.805221,-14.721690,2.967e-16,1.588e-18,1.056e-18,2.967e-16,1.00000000
39.400000,-3.185862,1.296631,-4.916199,5.999998,-9.869289,-14.785488,2.491e-16,4.255e-18,1.147e-18,2.491e-16,1.00000000
39.500000,-3.071953,1.547456,-4.916143,5.999998,-9.933977,-14.850120,1.876e-16,9.200e-18,9.664e-19,1.876e-16,1.00000000
39.600000,-2.938167,1.787957,-4.916336,5.999998,-9.999229,-14.915565,1.265e-16,1.611e-17,7.826e-19,1.265e-16,1.00000000
39.700000,-2.785949,2.016665,-4.916455,5.999998,-10.064897,-14.981352,7.709e-17,2.486e-17,6.709e-19,7.709e-17,1.00000000
39.800000,-2.616235,2.232754,-4.916310,5.999998,-10.130756,-15.047065,4.381e-17,3.675e-17,6.619e-19,4.381e-17,1.00000000
39.900000,-2.429511,2.434999,-4.916120,5.999998,-10.196535,-15.112655,2.451e-17,5.346e-17,6.430e-19,5.346e-17,1.00000000
40.000000,-2.226798,2.621558,-4.916175,5.999998,-10.261962,-15.178138,1.426e-17,7.522e-17,5.782e-19,7.522e-17,1.00000000
40.100000,-2.009922,2.790894,-4.916411,5.999998,-10.326797,-15.243209,8.665e-18,1.009e-16,6.057e-19,1.009e-16,1.00000000
40.200000,-1.780642,2.942311,-4.916512,5.999998,-10.390874,-15.307386,5.209e-18,1.296e-16,7.254e-19,1.296e-16,1.00000000
40.300000,-1.540058,3.075298,-4.916374,5.999998,-10.454117,-15.370491,3.105e-18,1.602e-16,8.448e-19,1.602e-16,1.00000000
40.400000,-1.289231,3.188813,-4.916231,5.999998,-10.516549,-15.432780,1.910e-18,1.907e-16,8.910e-19,1.907e-16,1.00000000
40.500000,-1.029935,3.281654,-4.916295,5.999998,-10.578286,-15.494581,1.229e-18,2.221e-16,9.439e-19,2.221e-16,1.00000000
40.600000,-0.764345,3.353241,-4.916455,5.999998,-10.639522,-15.555978,8.326e-19,2.597e-16,9.844e-19,2.597e-16,1.00000000
40.700000,-0.494207,3.403554,-4.916458,5.999998,-10.700510,-15.616968,6.256e-19,3.068e-16,9.328e-19,3.068e-16,1.00000000
40.800000,-0.220785,3.432420,-4.916271,5.999998,-10.761536,-15.677807,5.792e-19,3.512e-16,8.223e-19,3.512e-16,1.00000000
40.900000,0.054400,3.439313,-4.916110,5.999998,-10.822890,-15.739000,7.934e-19,3.749e-16,9.554e-19,3.749e-16,1.00000000
41.000000,0.329269,3.423931,-4.916122,5.999998,-10.884834,-15.800956,1.969e-18,3.684e-16,1.046e-18,3.684e-16,1.00000000
41.100000,0.601736,3.386578,-4.916196,5.999998,-10.947569,-15.863765,6.449e-18,3.337e-16,9.573e-19,3.337e-16,1.00000000
41.200000,0.870211,3.327783,-4.916153,5.999998,-11.011204,-15.927357,1.854e-17,2.770e-16,8.423e-19,2.770e-16,1.00000000
41.300000,1.133329,3.247841,-4.916001,5.999998,-11.075740,-15.991741,4.249e-17,2.076e-16,8.031e-19,2.076e-16,1.00000000
41.400000,1.389418,3.146962,-4.915905,5.999998,-11.141075,-16.056980,7.921e-17,1.393e-16,8.996e-19,1.393e-16,1.00000000
41.500000,1.636545,3.025738,-4.915955,5.999998,-11.207018,-16.122973,1.264e-16,8.510e-17,9.183e-19,1.264e-16,1.00000000
41.600000,1.872986,2.885180,-4.916059,5.999998,-11.273319,-16.189377,1.799e-16,4.915e-17,6.829e-19,1.799e-16,1.00000000
41.700000,2.097413,2.726335,-4.916089,5.999998,-11.339702,-16.255792,2.314e-16,2.762e-17,5.373e-19,2.314e-16,1.00000000
41.800000,2.308587,2.550084,-4.916043,5.999998,-11.405908,-16.321951,2.702e-16,1.495e-17,5.996e-19,2.702e-16,1.00000000
41.900000,2.505098,2.357375,-4.916019,5.999998,-11.471718,-16.387737,2.885e-16,7.593e-18,6.996e-19,2.885e-16,1.00000000
42.000000,2.685500,2.149478,-4.916077,5.999998,-11.536980,-16.453057,2.857e-16,3.832e-18,7.173e-19,2.857e-16,1.00000000
42.100000,2.848594,1.927905,-4.916164,5.999998,-11.601606,-16.517770,2.678e-16,2.553e-18,8.130e-19,2.678e-16,1.00000000
42.200000,2.993481,1.694150,-4.916188,5.999998,-11.665562,-16.581750,2.472e-16,3.187e-18,8.974e-19,2.472e-16,1.00000000
42.300000,3.119358,1.449587,-4.916124,5.999998,-11.728846,-16.644971,2.389e-16,5.836e-18,9.137e-19,2.389e-16,1.00000000
42.400000,3.225368,1.195632,-4.916039,5.999998,-11.791468,-16.707507,2.484e-16,1.108e-17,7.787e-19,2.484e-16,1.00000000
42.500000,3.310686,0.933932,-4.916005,5.999998,-11.853431,-16.769436,2.699e-16,1.930e-17,8.035e-19,2.699e-16,1.00000000
42.600000,3.374728,0.666314,-4.916016,5.999998,-11.914726,-16.830742,2.877e-16,3.023e-17,9.418e-19,2.877e-16,1.00000000
42.700000,3.417204,0.394564,-4.915995,5.999998,-11.975313,-16.891309,2.903e-16,4.553e-17,8.961e-19,2.903e-16,1.00000000
42.800000,3.437944,0.120295,-4.915897,5.999998,-12.035129,-16.951026,2.736e-16,7.294e-17,8.149e-19,2.736e-16,1.00000000
42.900000,3.436734,-0.154898,-4.915775,5.999998,-12.094095,-17.009870,2.381e-16,1.197e-16,7.508e-19,2.381e-16,1.00000000
43.000000,3.413410,-0.429214,-4.915728,5.999998,-12.152141,-17.067870,1.887e-16,1.769e-16,8.032e-19,1.887e-16,1.00000000
43.100000,3.368109,-0.700692,-4.915775,5.999998,-12.209226,-17.125001,1.355e-16,2.223e-16,7.981e-19,2.223e-16,1.00000000
43.200000,3.301297,-0.967522,-4.915823,5.999998,-12.265348,-17.181171,8.941e-17,2.529e-16,6.358e-19,2.529e-16,1.00000000
43.300000,3.213497,-1.228172,-4.915791,5.999998,-12.320551,-17.236342,5.544e-17,2.784e-16,5.289e-19,2.784e-16,1.00000000
43.400000,3.105130,-1.481136,-4.915728,5.999998,-12.374929,-17.290656,3.264e-17,3.055e-16,5.779e-19,3.055e-16,1.00000000
43.500000,2.976729,-1.724679,-4.915744,5.999998,-12.428615,-17.344359,1.827e-17,3.356e-16,6.470e-19,3.356e-16,1.00000000
43.600000,2.829215,-1.957021,-4.915850,5.999998,-12.481781,-17.397631,9.991e-18,3.567e-16,6.099e-19,3.567e-16,1.00000000
43.700000,2.663761,-2.176702,-4.915925,5.999998,-12.534618,-17.450543,5.965e-18,3.541e-16,6.461e-19,3.541e-16,1.00000000
43.800000,2.481422,-2.382566,-4.915883,5.999998,-12.587325,-17.503207,5.314e-18,3.290e-16,7.815e-19,3.290e-16,1.00000000
43.900000,2.283129,-2.573377,-4.915794,5.999998,-12.640087,-17.555881,8.834e-18,2.929e-16,9.117e-19,2.929e-16,1.00000000
44.000000,2.070060,-2.747707,-4.915784,5.999998,-12.693055,-17.608839,1.884e-17,2.541e-16,8.282e-19,2.541e-16,1.00000000
44.100000,1.843781,-2.904286,-4.915849,5.999998,-12.746321,-17.662170,3.866e-17,2.178e-16,7.690e-19,2.178e-16,1.00000000
44.200000,1.605908,-3.042262,-4.915859,5.999998,-12.799903,-17.715763,7.183e-17,1.852e-16,8.565e-19,1.852e-16,1.00000000
44.300000,1.357812,-3.160957,-4.915758,5.999998,-12.853728,-17.769485,1.196e-16,1.593e-16,8.364e-19,1.593e-16,1.00000000
44.400000,1.100844,-3.259541,-4.915640,5.999998,-12.907628,-17.823268,1.774e-16,1.385e-16,8.914e-19,1.774e-16,1.00000000
44.500000,0.836688,-3.337154,-4.915621,5.999998,-12.961354,-17.876976,2.371e-16,1.203e-16,9.018e-19,2.371e-16,1.00000000
44.600000,0.567277,-3.393271,-4.915677,5.999998,-13.014597,-17.930274,2.961e-16,1.009e-16,9.283e-19,2.961e-16,1.00000000
44.700000,0.294387,-3.427725,-4.915690,5.999998,-13.067033,-17.982723,3.432e-16,7.957e-17,9.182e-19,3.432e-16,1.00000000
44.800000,0.019565,-3.440383,-4.915624,5.999998,-13.118371,-18.033995,3.611e-16,5.801e-17,7.399e-19,3.611e-16,1.00000000
44.900000,-0.255560,-3.431014,-4.915568,5.999998,-13.168402,-18.083970,3.386e-16,3.897e-17,5.013e-19,3.386e-16,1.00000000
45.000000,-0.529084,-3.399544,-4.915602,5.999998,-13.217019,-18.132621,3.022e-16,2.483e-17,4.982e-19,3.022e-16,1.00000000
45.000000,-0.529084,-3.399544,-4.915602,5.999998,-13.217019,-18.132621,3.022e-16,2.483e-17,4.982e-19,3.022e-16,1.00000000
45.100000,-0.773356,-3.246800,-4.985999,5.999998,-13.262287,-18.248285,2.839e-16,1.579e-17,5.553e-19,2.839e-16,1.00000000
45.200000,-0.996419,-3.079503,-5.052107,5.999998,-13.302817,-18.354925,2.869e-16,9.823e-18,5.484e-19,2.869e-16,1.00000000
45.300000,-1.201364,-2.896666,-5.115274,5.999998,-13.339119,-18.454393,2.923e-16,6.667e-18,5.604e-19,2.923e-16,1.00000000
45.400000,-1.384010,-2.696666,-5.178077,5.999998,-13.371744,-18.549822,2.854e-16,7.155e-18,6.593e-19,2.854e-16,1.00000000
45.500000,-1.538320,-2.484704,-5.240209,5.999998,-13.401239,-18.641448,2.667e-16,1.398e-17,8.593e-19,2.667e-16,1.00000000
45.600000,-1.665449,-2.268386,-5.299120,5.999998,-13.428094,-18.727214,2.432e-16,3.342e-17,8.598e-19,2.432e-16,1.00000000
45.700000,-1.770645,-2.049016,-5.354094,5.999998,-13.452703,-18.806797,2.206e-16,7.152e-17,6.942e-19,2.206e-16,1.00000000
45.800000,-1.853542,-1.823986,-5.407165,5.999998,-13.475353,-18.882518,2.009e-16,1.286e-16,7.072e-19,2.009e-16,1.00000000
45.900000,-1.908922,-1.596138,-5.459702,5.999998,-13.496220,-18.955922,1.826e-16,1.986e-16,7.772e-19,1.986e-16,1.00000000
46.000000,-1.936479,-1.373474,-5.510317,5.999998,-13.515380,-19.025697,1.622e-16,2.699e-16,8.406e-19,2.699e-16,1.00000000
46.100000,-1.942244,-1.159592,-5.557248,5.999998,-13.532821,-19.090069,1.404e-16,3.238e-16,8.438e-19,3.238e-16,1.00000000
46.200000,-1.929265,-0.951736,-5.601081,5.999998,-13.548465,-19.149547,1.176e-16,3.550e-16,8.016e-19,3.550e-16,1.00000000
46.300000,-1.894166,-0.749890,-5.643561,5.999998,-13.562204,-19.205765,9.612e-17,3.743e-16,8.318e-19,3.743e-16,1.00000000
46.400000,-1.835575,-0.560718,-5.684737,5.999998,-13.573937,-19.258675,7.629e-17,3.931e-16,6.765e-19,3.931e-16,1.00000000
46.500000,-1.759218,-0.389357,-5.723070,5.999998,-13.583608,-19.306678,5.801e-17,4.120e-16,5.461e-19,4.120e-16,1.00000000
46.600000,-1.670662,-0.233690,-5.757973,5.999998,-13.591226,-19.349199,4.408e-17,4.082e-16,5.542e-19,4.082e-16,1.00000000
46.700000,-1.568802,-0.091166,-5.790555,5.999998,-13.596882,-19.387437,3.541e-17,3.692e-16,5.824e-19,3.692e-16,1.00000000
46.800000,-1.451612,0.034145,-5.821652,5.999998,-13.600752,-19.422404,3.152e-17,3.095e-16,5.367e-19,3.095e-16,1.00000000
46.900000,-1.323652,0.136765,-5.850574,5.999998,-13.603089,-19.453663,3.155e-17,2.489e-16,5.020e-19,2.489e-16,1.00000000
47.000000,-1.191878,0.217827,-5.876390,5.999998,-13.604195,-19.480584,2.923e-17,2.007e-16,5.572e-19,2.007e-16,1.00000000
47.100000,-1.057424,0.281652,-5.899365,5.999998,-13.604393,-19.503757,2.400e-17,1.663e-16,7.292e-19,1.663e-16,1.00000000
47.200000,-0.918012,0.327256,-5.920316,5.999998,-13.604002,-19.524317,2.151e-17,1.413e-16,8.486e-19,1.413e-16,1.00000000
47.300000,-0.776409,0.349962,-5.939250,5.999998,-13.603310,-19.542561,2.812e-17,1.211e-16,7.496e-19,1.211e-16,1.00000000
47.400000,-0.639685,0.349989,-5.955526,5.999998,-13.602554,-19.558080,5.312e-17,1.037e-16,7.042e-19,1.037e-16,1.00000000
47.500000,-0.510766,0.332559,-5.968961,5.999998,-13.601905,-19.570866,9.853e-17,8.798e-17,7.809e-19,9.853e-17,1.00000000
47.600000,-0.387480,0.299574,-5.979974,5.999998,-13.601456,-19.581430,1.535e-16,7.362e-17,8.933e-19,1.535e-16,1.00000000
47.700000,-0.270559,0.247916,-5.988765,5.999998,-13.601233,-19.589998,2.037e-16,6.173e-17,9.220e-19,2.037e-16,1.00000000
47.800000,-0.166003,0.177173,-5.995084,5.999998,-13.601195,-19.596279,2.457e-16,5.246e-17,9.501e-19,2.457e-16,1.00000000
47.900000,-0.077706,0.092681,-5.998779,5.999998,-13.601255,-19.600034,2.775e-16,4.446e-17,8.520e-19,2.775e-16,1.00000000
48.000000,-0.003815,-0.001480,-5.999997,5.999998,-13.601299,-19.601296,2.978e-16,3.739e-17,6.921e-19,2.978e-16,1.00000000
48.000000,-0.003815,-0.001480,-5.999997,5.999998,-13.601299,-19.601296,2.978e-16,3.739e-17,6.921e-19,2.978e-16,1.00000000
48.100000,0.003409,-0.001791,-5.999997,5.999998,-13.601293,-19.601290,3.108e-16,3.195e-17,5.280e-19,3.108e-16,1.00000000
48.200000,-0.004045,-0.001121,-5.999996,5.999998,-13.601287,-19.601283,3.174e-16,3.147e-17,5.198e-19,3.174e-16,1.00000000
48.300000,-0.002833,0.002588,-5.999996,5.999997,-13.601280,-19.601275,3.102e-16,3.781e-17,5.528e-19,3.102e-16,1.00000000
48.400000,-0.003665,0.001641,-5.999995,5.999996,-13.601273,-19.601268,2.839e-16,5.046e-17,5.004e-19,2.839e-16,1.00000000
48.500000,-0.002163,-0.003717,-5.999994,5.999995,-13.601268,-19.601262,2.461e-16,6.893e-17,4.623e-19,2.461e-16,1.00000000
48.600000,0.000795,0.002821,-5.999991,5.999992,-13.601267,-19.601258,2.094e-16,9.231e-17,4.847e-19,2.094e-16,1.00000000
48.700000,0.001904,-0.002514,-5.999986,5.999987,-13.601271,-19.601258,1.814e-16,1.130e-16,6.211e-19,1.814e-16,1.00000000
48.800000,0.000804,-0.003310,-5.999973,5.999974,-13.601287,-19.601260,1.635e-16,1.208e-16,8.084e-19,1.635e-16,1.00000000
48.900000,0.002031,-0.000320,-5.999908,5.999909,-13.601356,-19.601264,1.512e-16,1.142e-16,7.967e-19,1.512e-16,1.00000000
49.000000,-0.004890,0.001987,-5.999287,5.999289,-13.601983,-19.601270,1.394e-16,1.105e-16,6.807e-19,1.394e-16,1.00000000
49.000000,-0.004890,0.001987,-5.999287,5.999289,-13.601983,-19.601270,1.394e-16,1.105e-16,6.807e-19,1.394e-16,1.00000000
49.100000,-0.006033,0.001813,-5.995293,5.995296,-13.605984,-19.601277,1.296e-16,1.171e-16,6.589e-19,1.296e-16,1.00000000
49.200000,-0.006904,-0.002327,-5.986974,5.986978,-13.614310,-19.601284,1.229e-16,1.332e-16,7.210e-19,1.332e-16,1.00000000
49.300000,-0.007992,-0.009784,-5.974648,5.974662,-13.626641,-19.601290,1.131e-16,1.649e-16,7.654e-19,1.649e-16,1.00000000
49.400000,-0.009540,-0.019599,-5.958774,5.958814,-13.642520,-19.601294,1.002e-16,2.137e-16,7.968e-19,2.137e-16,1.00000000
49.500000,-0.011501,-0.030638,-5.939911,5.940001,-13.661385,-19.601297,8.416e-17,2.601e-16,7.986e-19,2.601e-16,1.00000000
49.600000,-0.013543,-0.041750,-5.918682,5.918845,-13.682615,-19.601297,6.867e-17,2.774e-16,6.806e-19,2.774e-16,1.00000000
49.700000,-0.015124,-0.051920,-5.895723,5.895971,-13.705572,-19.601295,5.477e-17,2.594e-16,6.162e-19,2.594e-16,1.00000000
49.800000,-0.015600,-0.060394,-5.871626,5.871957,-13.729666,-19.601292,4.225e-17,2.216e-16,5.894e-19,2.216e-16,1.00000000
49.900000,-0.014364,-0.066743,-5.846890,5.847289,-13.754397,-19.601287,3.080e-17,1.826e-16,5.699e-19,1.826e-16,1.00000000
50.000000,-0.010967,-0.070876,-5.821918,5.822360,-13.779363,-19.601281,2.533e-17,1.509e-16,5.023e-19,1.509e-16,1.00000000
50.100000,-0.005226,-0.072989,-5.797032,5.797494,-13.804244,-19.601276,2.634e-17,1.304e-16,4.287e-19,1.304e-16,1.00000000
50.200000,0.002718,-0.073477,-5.772502,5.772970,-13.828769,-19.601271,4.362e-17,1.159e-16,4.209e-19,1.159e-16,1.00000000
50.300000,0.012379,-0.072823,-5.748554,5.749029,-13.852713,-19.601267,8.801e-17,1.035e-16,4.900e-19,1.035e-16,1.00000000
50.400000,0.022965,-0.071493,-5.725360,5.725853,-13.875905,-19.601266,1.269e-16,9.317e-17,6.800e-19,1.269e-16,1.00000000
50.500000,0.033473,-0.069849,-5.703022,5.703548,-13.898244,-19.601266,1.284e-16,8.497e-17,7.576e-19,1.284e-16,1.00000000
50.600000,0.042817,-0.068083,-5.681582,5.682151,-13.919686,-19.601268,1.166e-16,7.738e-17,7.050e-19,1.166e-16,1.00000000
50.700000,0.049975,-0.066185,-5.661055,5.661662,-13.940217,-19.601272,1.146e-16,7.236e-17,6.715e-19,1.146e-16,1.00000000
50.800000,0.054124,-0.063956,-5.641443,5.642065,-13.959833,-19.601276,1.246e-16,7.253e-17,7.077e-19,1.246e-16,1.00000000
50.900000,0.054766,-0.061059,-5.622719,5.623318,-13.978562,-19.601281,1.419e-16,7.743e-17,7.328e-19,1.419e-16,1.00000000
51.000000,0.051793,-0.057118,-5.604811,5.605341,-13.996475,-19.601285,1.646e-16,9.259e-17,7.771e-19,1.646e-16,1.00000000
51.100000,0.045525,-0.051828,-5.587608,5.588033,-14.013681,-19.601289,1.914e-16,1.092e-16,7.560e-19,1.914e-16,1.00000000
51.200000,0.036662,-0.045075,-5.571002,5.571305,-14.030289,-19.601291,2.117e-16,1.072e-16,6.494e-19,2.117e-16,1.00000000
51.300000,0.026204,-0.037017,-5.554910,5.555095,-14.046382,-19.601292,2.135e-16,8.523e-17,5.638e-19,2.135e-16,1.00000000
51.400000,0.015303,-0.028130,-5.539271,5.539364,-14.062021,-19.601292,1.962e-16,5.845e-17,5.465e-19,1.962e-16,1.00000000
51.500000,0.005101,-0.019168,-5.524046,5.524082,-14.077244,-19.601290,1.733e-16,4.062e-17,5.433e-19,1.733e-16,1.00000000
51.600000,-0.003442,-0.011081,-5.509212,5.509224,-14.092075,-19.601287,1.557e-16,2.976e-17,4.632e-19,1.557e-16,1.00000000
51.700000,-0.009680,-0.004883,-5.494756,5.494767,-14.106527,-19.601284,1.426e-16,2.486e-17,4.200e-19,1.426e-16,1.00000000
51.800000,-0.013338,-0.001509,-5.480674,5.480690,-14.120607,-19.601281,1.394e-16,2.353e-17,4.157e-19,1.394e-16,1.00000000
51.900000,-0.014514,-0.001679,-5.466956,5.466975,-14.134322,-19.601277,1.346e-16,2.877e-17,4.547e-19,1.346e-16,1.00000000
52.000000,-0.013622,-0.005777,-5.453578,5.453598,-14.147696,-19.601275,1.285e-16,3.965e-17,5.919e-19,1.285e-16,1.00000000
52.100000,-0.011309,-0.013787,-5.440492,5.440521,-14.160781,-19.601273,1.224e-16,5.377e-17,6.831e-19,1.224e-16,1.00000000
52.200000,-0.008336,-0.025275,-5.427624,5.427689,-14.173648,-19.601272,1.152e-16,7.246e-17,6.824e-19,1.152e-16,1.00000000
52.300000,-0.005440,-0.039425,-5.414909,5.415055,-14.186363,-19.601272,1.054e-16,9.326e-17,6.388e-19,1.054e-16,1.00000000
52.400000,-0.003209,-0.055123,-5.402336,5.402618,-14.198938,-19.601274,9.327e-17,1.072e-16,6.517e-19,1.072e-16,1.00000000
52.500000,-0.001987,-0.071065,-5.389971,5.390440,-14.211305,-19.601276,8.496e-17,1.162e-16,7.254e-19,1.162e-16,1.00000000
52.600000,-0.001838,-0.085897,-5.377953,5.378639,-14.223326,-19.601279,7.892e-17,1.322e-16,7.427e-19,1.322e-16,1.00000000
52.700000,-0.002557,-0.098342,-5.366461,5.367363,-14.234820,-19.601282,7.113e-17,1.497e-16,7.220e-19,1.497e-16,1.00000000
52.800000,-0.003727,-0.107320,-5.355699,5.356775,-14.245585,-19.601284,6.844e-17,1.547e-16,6.484e-19,1.547e-16,1.00000000
52.900000,-0.004790,-0.112049,-5.345870,5.347046,-14.255416,-19.601286,7.089e-17,1.424e-16,6.538e-19,1.424e-16,1.00000000
53.000000,-0.005138,-0.112129,-5.337149,5.338330,-14.264138,-19.601288,6.965e-17,1.212e-16,6.345e-19,1.212e-16,1.00000000
53.100000,-0.004221,-0.107611,-5.329648,5.330736,-14.271640,-19.601288,6.016e-17,1.038e-16,5.829e-19,1.038e-16,1.00000000
53.200000,-0.001646,-0.099013,-5.323386,5.324307,-14.277902,-19.601288,5.136e-17,9.207e-17,4.825e-19,9.207e-17,1.00000000
53.300000,0.002731,-0.087271,-5.318291,5.319008,-14.282997,-19.601288,4.921e-17,8.860e-17,4.119e-19,8.860e-17,1.00000000
53.400000,0.008745,-0.073603,-5.314222,5.314739,-14.287065,-19.601287,5.942e-17,1.066e-16,3.936e-19,1.066e-16,1.00000000
53.500000,0.015902,-0.059328,-5.311012,5.311367,-14.290275,-19.601286,8.115e-17,1.291e-16,4.441e-19,1.291e-16,1.00000000
53.600000,0.023434,-0.045678,-5.308512,5.308760,-14.292774,-19.601285,1.003e-16,1.394e-16,5.231e-19,1.394e-16,1.00000000
53.700000,0.030406,-0.033641,-5.306618,5.306812,-14.294666,-19.601284,9.757e-17,1.295e-16,5.745e-19,1.295e-16,1.00000000
53.800000,0.035877,-0.023858,-5.305272,5.305446,-14.296012,-19.601283,8.501e-17,1.014e-16,6.186e-19,1.014e-16,1.00000000
53.900000,0.039062,-0.016601,-5.304439,5.304609,-14.296843,-19.601283,7.927e-17,7.821e-17,6.511e-19,7.927e-17,1.00000000
54.000000,0.039465,-0.011810,-5.304103,5.304263,-14.297179,-19.601282,8.733e-17,6.634e-17,6.616e-19,8.733e-17,1.00000000
54.100000,0.036947,-0.009175,-5.304254,5.304391,-14.297028,-19.601282,1.124e-16,5.797e-17,7.098e-19,1.124e-16,1.00000000
54.200000,0.031742,-0.008255,-5.304904,5.305006,-14.296377,-19.601282,1.432e-16,4.907e-17,7.173e-19,1.432e-16,1.00000000
54.300000,0.024409,-0.008580,-5.306087,5.306150,-14.295195,-19.601282,1.603e-16,4.239e-17,6.907e-19,1.603e-16,1.00000000
54.400000,0.015754,-0.009764,-5.307847,5.307879,-14.293436,-19.601282,1.673e-16,3.932e-17,6.520e-19,1.673e-16,1.00000000
54.500000,0.006721,-0.011569,-5.310225,5.310242,-14.291058,-19.601283,1.631e-16,3.718e-17,6.257e-19,1.631e-16,1.00000000
54.600000,-0.001730,-0.013945,-5.313237,5.313255,-14.288047,-19.601284,1.428e-16,3.637e-17,5.962e-19,1.428e-16,1.00000000
54.700000,-0.008739,-0.017007,-5.316850,5.316885,-14.284434,-19.601285,1.175e-16,3.941e-17,5.429e-19,1.175e-16,1.00000000
54.800000,-0.013653,-0.020971,-5.320968,5.321027,-14.280317,-19.601285,9.689e-17,4.013e-17,4.891e-19,9.689e-17,1.00000000
54.900000,-0.016113,-0.026068,-5.325425,5.325513,-14.275862,-19.601286,8.602e-17,3.501e-17,4.444e-19,8.602e-17,1.00000000
55.000000,-0.016112,-0.032445,-5.330016,5.330139,-14.271271,-19.601287,8.205e-17,3.027e-17,4.549e-19,8.205e-17,1.00000000
55.100000,-0.013980,-0.040092,-5.334543,5.334712,-14.266744,-19.601287,7.912e-17,2.995e-17,4.798e-19,7.912e-17,1.00000000
55.200000,-0.010296,-0.048796,-5.338853,5.339086,-14.262435,-19.601288,8.668e-17,3.366e-17,5.528e-19,8.668e-17,1.00000000
55.300000,-0.005763,-0.058153,-5.342846,5.343165,-14.258442,-19.601288,9.738e-17,4.016e-17,6.116e-19,9.738e-17,1.00000000
55.400000,-0.001082,-0.067607,-5.346478,5.346905,-14.254810,-19.601287,9.502e-17,4.775e-17,6.489e-19,9.502e-17,1.00000000
55.500000,0.003148,-0.076511,-5.349759,5.350307,-14.251527,-19.601286,9.310e-17,5.686e-17,6.569e-19,9.310e-17,1.00000000
55.600000,0.006489,-0.084199,-5.352753,5.353419,-14.248532,-19.601285,9.813e-17,6.237e-17,6.876e-19,9.813e-17,1.00000000
55.700000,0.008686,-0.090051,-5.355564,5.356328,-14.245720,-19.601284,9.451e-17,6.469e-17,7.079e-19,9.451e-17,1.00000000
55.800000,0.009670,-0.093564,-5.358309,5.359135,-14.242974,-19.601283,8.181e-17,7.837e-17,7.258e-19,8.181e-17,1.00000000
55.900000,0.009535,-0.094410,-5.361071,5.361911,-14.240210,-19.601282,7.405e-17,1.191e-16,7.057e-19,1.191e-16,1.00000000
56.000000,0.008508,-0.092478,-5.363871,5.364675,-14.237410,-19.601281,6.814e-17,1.647e-16,6.609e-19,1.647e-16,1.00000000
56.100000,0.006895,-0.087900,-5.366662,5.367386,-14.234618,-19.601280,5.979e-17,1.626e-16,6.519e-19,1.626e-16,1.00000000
56.200000,0.005030,-0.081059,-5.369358,5.369972,-14.231922,-19.601280,5.117e-17,1.301e-16,6.267e-19,1.301e-16,1.00000000
56.300000,0.003209,-0.072574,-5.371861,5.372352,-14.229419,-19.601280,4.523e-17,1.049e-16,5.473e-19,1.049e-16,1.00000000
56.400000,0.001642,-0.063248,-5.374080,5.374453,-14.227200,-19.601281,4.523e-17,8.096e-17,4.839e-19,8.096e-17,1.00000000
56.500000,0.000411,-0.053987,-5.375949,5.376220,-14.225332,-19.601282,4.930e-17,6.324e-17,4.437e-19,6.324e-17,1.00000000
56.600000,-0.000553,-0.045689,-5.377432,5.377626,-14.223851,-19.601283,5.813e-17,5.945e-17,4.342e-19,5.945e-17,1.00000000
56.700000,-0.001462,-0.039144,-5.378519,5.378662,-14.222765,-19.601284,7.930e-17,5.825e-17,4.328e-19,7.930e-17,1.00000000
56.800000,-0.002630,-0.034937,-5.379226,5.379340,-14.222059,-19.601285,1.010e-16,5.709e-17,4.836e-19,1.010e-16,1.00000000
56.900000,-0.004412,-0.033393,-5.379587,5.379692,-14.221699,-19.601285,1.041e-16,5.663e-17,5.017e-19,1.041e-16,1.00000000
57.000000,-0.007137,-0.034544,-5.379635,5.379751,-14.221650,-19.601286,9.940e-17,5.925e-17,5.453e-19,9.940e-17,1.00000000
57.100000,-0.011036,-0.038132,-5.379388,5.379535,-14.221897,-19.601285,9.602e-17,6.628e-17,5.910e-19,9.602e-17,1.00000000
57.200000,-0.016173,-0.043652,-5.378846,5.379047,-14.222439,-19.601284,9.654e-17,6.771e-17,6.157e-19,9.654e-17,1.00000000
57.300000,-0.022400,-0.050428,-5.378009,5.378292,-14.223274,-19.601283,1.006e-16,6.290e-17,6.513e-19,1.006e-16,1.00000000
57.400000,-0.029341,-0.057718,-5.376882,5.377272,-14.224399,-19.601282,1.071e-16,5.678e-17,6.807e-19,1.071e-16,1.00000000
57.500000,-0.036407,-0.064816,-5.375438,5.375952,-14.225842,-19.601280,1.152e-16,5.003e-17,6.782e-19,1.152e-16,1.00000000
57.600000,-0.042872,-0.071159,-5.373588,5.374230,-14.227691,-19.601279,1.196e-16,4.225e-17,6.514e-19,1.196e-16,1.00000000
57.700000,-0.047984,-0.076387,-5.371200,5.371957,-14.230078,-19.601278,1.201e-16,3.527e-17,6.262e-19,1.201e-16,1.00000000
57.800000,-0.051070,-0.080371,-5.368158,5.369003,-14.233119,-19.601278,1.187e-16,2.983e-17,6.046e-19,1.187e-16,1.00000000
57.900000,-0.051639,-0.083189,-5.364422,5.365316,-14.236856,-19.601278,1.142e-16,2.499e-17,5.313e-19,1.142e-16,1.00000000
58.000000,-0.049460,-0.085059,-5.360045,5.360948,-14.241234,-19.601279,1.071e-16,2.027e-17,4.656e-19,1.071e-16,1.00000000
58.100000,-0.044606,-0.086262,-5.355162,5.356043,-14.246118,-19.601280,8.691e-17,1.729e-17,4.560e-19,8.691e-17,1.00000000
58.200000,-0.037454,-0.087055,-5.349948,5.350787,-14.251334,-19.601282,7.780e-17,1.702e-17,4.524e-19,7.780e-17,1.00000000
58.300000,-0.028625,-0.087611,-5.344578,5.345372,-14.256706,-19.601283,8.091e-17,1.869e-17,4.426e-19,8.091e-17,1.00000000
58.400000,-0.018883,-0.087982,-5.339204,5.339962,-14.262081,-19.601284,7.794e-17,2.279e-17,4.627e-19,7.794e-17,1.00000000
58.500000,-0.009029,-0.088105,-5.333941,5.334676,-14.267345,-19.601285,7.367e-17,3.370e-17,4.589e-19,7.367e-17,1.00000000
58.600000,0.000207,-0.087830,-5.328851,5.329575,-14.272435,-19.601286,7.270e-17,5.793e-17,4.914e-19,7.270e-17,1.00000000
58.700000,0.008239,-0.086972,-5.323935,5.324652,-14.277351,-19.601286,7.445e-17,9.665e-17,5.145e-19,9.665e-17,1.00000000
58.800000,0.014661,-0.085359,-5.319126,5.319831,-14.282160,-19.601285,7.641e-17,1.339e-16,5.609e-19,1.339e-16,1.00000000
58.900000,0.019258,-0.082860,-5.314296,5.314976,-14.286989,-19.601285,7.713e-17,1.463e-16,6.297e-19,1.463e-16,1.00000000
59.000000,0.022005,-0.079421,-5.309281,5.309921,-14.292002,-19.601284,7.617e-17,1.309e-16,6.737e-19,1.309e-16,1.00000000
59.100000,0.023045,-0.075084,-5.303913,5.304495,-14.297369,-19.601282,7.488e-17,1.070e-16,7.070e-19,1.070e-16,1.00000000
59.200000,0.022654,-0.070006,-5.298045,5.298555,-14.303237,-19.601282,7.204e-17,8.596e-17,6.730e-19,8.596e-17,1.00000000
59.300000,0.021191,-0.064448,-5.291575,5.292010,-14.309706,-19.601281,6.601e-17,6.981e-17,6.441e-19,6.981e-17,1.00000000
59.400000,0.019044,-0.058749,-5.284469,5.284830,-14.316811,-19.601281,5.946e-17,5.777e-17,5.996e-19,5.946e-17,1.00000000
59.500000,0.016574,-0.053291,-5.276752,5.277047,-14.324529,-19.601281,5.569e-17,5.514e-17,5.094e-19,5.569e-17,1.00000000
59.600000,0.014067,-0.048463,-5.268471,5.268713,-14.332811,-19.601282,5.377e-17,6.259e-17,4.505e-19,6.259e-17,1.00000000
59.700000,0.011718,-0.044626,-5.259667,5.259869,-14.341616,-19.601283,5.253e-17,6.718e-17,4.403e-19,6.718e-17,1.00000000
59.800000,0.009627,-0.042081,-5.250358,5.250536,-14.350926,-19.601284,5.537e-17,6.385e-17,4.433e-19,6.385e-17,1.00000000
59.900000,0.007819,-0.041039,-5.240562,5.240729,-14.360724,-19.601286,7.537e-17,5.843e-17,4.344e-19,7.537e-17,1.00000000
60.000000,0.006268,-0.041592,-5.230308,5.230477,-14.370979,-19.601287,8.821e-17,5.368e-17,4.545e-19,8.821e-17,1.00000000
60.100000,0.004926,-0.043701,-5.219641,5.219826,-14.381646,-19.601287,8.453e-17,5.307e-17,4.669e-19,8.453e-17,1.00000000
60.200000,0.003740,-0.047188,-5.208627,5.208842,-14.392661,-19.601287,7.538e-17,5.095e-17,4.843e-19,7.538e-17,1.00000000
60.300000,0.002680,-0.051742,-5.197342,5.197600,-14.403945,-19.601287,7.592e-17,4.852e-17,5.215e-19,7.592e-17,1.00000000
60.400000,0.001764,-0.056947,-5.185870,5.186183,-14.415417,-19.601286,8.568e-17,4.737e-17,5.835e-19,8.568e-17,1.00000000
60.500000,0.001069,-0.062331,-5.174284,5.174659,-14.427002,-19.601285,1.028e-16,4.614e-17,6.412e-19,1.028e-16,1.00000000
60.600000,0.000735,-0.067433,-5.162649,5.163090,-14.438635,-19.601284,1.213e-16,4.557e-17,6.984e-19,1.213e-16,1.00000000
60.700000,0.000945,-0.071846,-5.151024,5.151525,-14.450259,-19.601283,1.316e-16,4.391e-17,7.462e-19,1.316e-16,1.00000000
60.800000,0.001901,-0.075263,-5.139449,5.140001,-14.461833,-19.601282,1.283e-16,3.996e-17,7.632e-19,1.283e-16,1.00000000
60.900000,0.003797,-0.077519,-5.127929,5.128516,-14.473352,-19.601281,1.170e-16,3.447e-17,7.580e-19,1.170e-16,1.00000000
61.000000,0.006760,-0.078642,-5.116435,5.117044,-14.484846,-19.601281,1.053e-16,2.973e-17,7.169e-19,1.053e-16,1.00000000
61.100000,0.010787,-0.078846,-5.104936,5.105557,-14.496345,-19.601281,9.419e-17,2.767e-17,6.954e-19,9.419e-17,1.00000000
61.200000,0.015686,-0.078484,-5.093426,5.094054,-14.507856,-19.601282,8.425e-17,2.898e-17,6.928e-19,8.425e-17,1.00000000
61.300000,0.021081,-0.077941,-5.081908,5.082550,-14.519374,-19.601283,7.719e-17,3.291e-17,7.414e-19,7.719e-17,1.00000000
61.400000,0.026472,-0.077537,-5.070383,5.071045,-14.530900,-19.601284,7.255e-17,3.941e-17,8.286e-19,7.255e-17,1.00000000
61.500000,0.031315,-0.077467,-5.058845,5.059535,-14.542440,-19.601285,6.909e-17,4.749e-17,8.979e-19,6.909e-17,1.00000000
61.600000,0.035112,-0.077808,-5.047314,5.048036,-14.553971,-19.601285,6.952e-17,5.359e-17,9.889e-19,6.952e-17,1.00000000
61.700000,0.037492,-0.078564,-5.035876,5.036629,-14.565410,-19.601286,7.162e-17,5.559e-17,1.135e-18,7.162e-17,1.00000000
61.800000,0.038239,-0.079700,-5.024671,5.025449,-14.576615,-19.601286,7.499e-17,5.389e-17,1.276e-18,7.499e-17,1.00000000
61.900000,0.037283,-0.081178,-5.013855,5.014650,-14.587431,-19.601285,7.899e-17,5.179e-17,1.328e-18,7.899e-17,1.00000000
62.000000,0.034658,-0.082972,-5.003538,5.004346,-14.597746,-19.601284,8.067e-17,4.877e-17,1.404e-18,8.067e-17,1.00000000
62.100000,0.030466,-0.085071,-4.993755,4.994573,-14.607528,-19.601283,8.133e-17,4.939e-17,1.457e-18,8.133e-17,1.00000000
62.200000,0.024864,-0.087456,-4.984469,4.985299,-14.616813,-19.601282,8.054e-17,5.805e-17,1.513e-18,8.054e-17,1.00000000
62.300000,0.018069,-0.090086,-4.975607,4.976456,-14.625674,-19.601281,7.769e-17,7.218e-17,1.560e-18,7.769e-17,1.00000000
62.400000,0.010358,-0.092897,-4.967095,4.967975,-14.634185,-19.601280,7.230e-17,8.346e-17,1.498e-18,8.346e-17,1.00000000
62.500000,0.002054,-0.095830,-4.958870,4.959797,-14.642409,-19.601280,6.509e-17,8.178e-17,1.376e-18,8.178e-17,1.00000000
62.600000,-0.006501,-0.098862,-4.950859,4.951850,-14.650421,-19.601280,5.990e-17,6.603e-17,1.227e-18,6.603e-17,1.00000000
62.700000,-0.014996,-0.102010,-4.942950,4.944025,-14.658331,-19.601281,5.689e-17,5.357e-17,1.036e-18,5.689e-17,1.00000000
62.800000,-0.023175,-0.105326,-4.935005,4.936183,-14.666278,-19.601282,5.170e-17,5.014e-17,8.422e-19,5.170e-17,1.00000000
62.900000,-0.030852,-0.108887,-4.926903,4.928203,-14.674380,-19.601284,5.014e-17,5.125e-17,7.263e-19,5.125e-17,1.00000000
63.000000,-0.037891,-0.112779,-4.918586,4.920025,-14.682699,-19.601285,5.272e-17,5.357e-17,6.575e-19,5.357e-17,1.00000000
63.100000,-0.044189,-0.117066,-4.910074,4.911668,-14.691212,-19.601286,7.698e-17,5.488e-17,5.739e-19,7.698e-17,1.00000000
63.200000,-0.049667,-0.121743,-4.901469,4.903232,-14.699818,-19.601287,9.003e-17,5.500e-17,5.413e-19,9.003e-17,1.00000000
63.300000,-0.054287,-0.126697,-4.892942,4.894883,-14.708345,-19.601287,9.046e-17,5.261e-17,5.775e-19,9.046e-17,1.00000000
63.400000,-0.058048,-0.131697,-4.884706,4.886826,-14.716581,-19.601287,8.976e-17,5.009e-17,6.592e-19,8.976e-17,1.00000000
63.500000,-0.060985,-0.136443,-4.876975,4.879265,-14.724311,-19.601286,9.143e-17,4.977e-17,8.120e-19,9.143e-17,1.00000000
63.600000,-0.063174,-0.140606,-4.869941,4.872380,-14.731343,-19.601285,9.275e-17,5.114e-17,1.024e-18,9.275e-17,1.00000000
63.700000,-0.064729,-0.143873,-4.863754,4.866312,-14.737529,-19.601283,9.489e-17,5.272e-17,1.227e-18,9.489e-17,1.00000000
63.800000,-0.065781,-0.145967,-4.858496,4.861133,-14.742785,-19.601281,9.918e-17,5.521e-17,1.303e-18,9.918e-17,1.00000000
63.900000,-0.066448,-0.146670,-4.854170,4.856840,-14.747109,-19.601279,1.017e-16,5.466e-17,1.248e-18,1.017e-16,1.00000000
64.000000,-0.066812,-0.145842,-4.850723,4.853375,-14.750555,-19.601278,1.053e-16,5.262e-17,1.124e-18,1.053e-16,1.00000000
64.100000,-0.066913,-0.143435,-4.848084,4.850667,-14.753192,-19.601277,1.098e-16,4.821e-17,9.852e-19,1.098e-16,1.00000000
64.200000,-0.066759,-0.139478,-4.846198,4.848665,-14.755078,-19.601276,1.046e-16,4.358e-17,8.317e-19,1.046e-16,1.00000000
64.300000,-0.066352,-0.134066,-4.845017,4.847325,-14.756260,-19.601277,9.717e-17,3.850e-17,6.940e-19,9.717e-17,1.00000000
64.400000,-0.065735,-0.127343,-4.844446,4.846565,-14.756831,-19.601278,8.722e-17,3.281e-17,6.037e-19,8.722e-17,1.00000000
64.500000,-0.065005,-0.119505,-4.844325,4.846235,-14.756954,-19.601279,7.679e-17,2.868e-17,5.443e-19,7.679e-17,1.00000000
64.600000,-0.064275,-0.110796,-4.844465,4.846158,-14.756815,-19.601281,7.414e-17,2.752e-17,5.370e-19,7.414e-17,1.00000000
64.700000,-0.063637,-0.101506,-4.844734,4.846215,-14.756548,-19.601282,7.662e-17,2.855e-17,5.174e-19,7.662e-17,1.00000000
64.800000,-0.063151,-0.091949,-4.845094,4.846378,-14.756190,-19.601284,7.842e-17,3.072e-17,5.214e-19,7.842e-17,1.00000000
64.900000,-0.062857,-0.082465,-4.845586,4.846695,-14.755698,-19.601284,7.891e-17,3.349e-17,5.524e-19,7.891e-17,1.00000000
65.000000,-0.062783,-0.073411,-4.846285,4.847247,-14.755000,-19.601285,8.148e-17,4.041e-17,6.355e-19,8.148e-17,1.00000000
65.100000,-0.062915,-0.065108,-4.847249,4.848095,-14.754035,-19.601285,8.573e-17,4.746e-17,7.653e-19,8.573e-17,1.00000000
65.200000,-0.063158,-0.057775,-4.848493,4.849248,-14.752791,-19.601284,8.584e-17,5.185e-17,1.038e-18,8.584e-17,1.00000000
65.300000,-0.063318,-0.051494,-4.849989,4.850676,-14.751294,-19.601283,8.475e-17,5.646e-17,1.356e-18,8.475e-17,1.00000000
65.400000,-0.063130,-0.046222,-4.851697,4.852328,-14.749585,-19.601282,8.420e-17,6.056e-17,1.525e-18,8.420e-17,1.00000000
65.500000,-0.062300,-0.041846,-4.853563,4.854143,-14.747718,-19.601281,7.695e-17,6.513e-17,1.530e-18,7.695e-17,1.00000000
65.600000,-0.060517,-0.038259,-4.855508,4.856036,-14.745773,-19.601280,7.255e-17,6.472e-17,1.430e-18,7.255e-17,1.00000000
65.700000,-0.057475,-0.035393,-4.857433,4.857902,-14.743847,-19.601280,7.000e-17,6.158e-17,1.337e-18,7.000e-17,1.00000000
65.800000,-0.052911,-0.033215,-4.859267,4.859669,-14.742013,-19.601280,6.285e-17,6.077e-17,1.257e-18,6.285e-17,1.00000000
65.900000,-0.046681,-0.031711,-4.861017,4.861344,-14.740265,-19.601281,6.273e-17,6.258e-17,1.153e-18,6.273e-17,1.00000000
66.000000,-0.038797,-0.030867,-4.862767,4.863019,-14.738516,-19.601283,6.642e-17,7.026e-17,9.783e-19,7.026e-17,1.00000000
66.100000,-0.029404,-0.030666,-4.864639,4.864825,-14.736645,-19.601284,5.896e-17,8.014e-17,8.098e-19,8.014e-17,1.00000000
66.200000,-0.018743,-0.031090,-4.866735,4.866871,-14.734551,-19.601286,6.805e-17,8.264e-17,7.335e-19,8.264e-17,1.00000000
66.300000,-0.007116,-0.032108,-4.869091,4.869202,-14.732197,-19.601287,8.109e-17,7.790e-17,6.678e-19,8.109e-17,1.00000000
66.400000,0.005150,-0.033673,-4.871683,4.871802,-14.729606,-19.601288,8.841e-17,6.943e-17,6.372e-19,8.841e-17,1.00000000
66.500000,0.017743,-0.035710,-4.874469,4.874632,-14.726820,-19.601289,9.445e-17,6.444e-17,6.568e-19,9.445e-17,1.00000000
66.600000,0.030401,-0.038091,-4.877418,4.877662,-14.723870,-19.601288,1.059e-16,6.302e-17,7.146e-19,1.059e-16,1.00000000
66.700000,0.042911,-0.040619,-4.880534,4.880891,-14.720754,-19.601287,1.169e-16,6.152e-17,8.380e-19,1.169e-16,1.00000000
66.800000,0.055091,-0.043063,-4.883850,4.884350,-14.717437,-19.601286,1.248e-16,5.842e-17,1.026e-18,1.248e-16,1.00000000
66.900000,0.066766,-0.045216,-4.887422,4.888088,-14.713862,-19.601284,1.262e-16,5.799e-17,1.288e-18,1.262e-16,1.00000000
67.000000,0.077758,-0.046953,-4.891308,4.892151,-14.709975,-19.601283,1.238e-16,5.719e-17,1.603e-18,1.238e-16,1.00000000
67.100000,0.087893,-0.048271,-4.895542,4.896569,-14.705739,-19.601281,1.219e-16,5.299e-17,1.773e-18,1.219e-16,1.00000000
67.200000,0.097016,-0.049290,-4.900128,4.901336,-14.701152,-19.601280,1.208e-16,4.688e-17,1.666e-18,1.208e-16,1.00000000
67.300000,0.105014,-0.050231,-4.905042,4.906423,-14.696237,-19.601279,1.213e-16,4.047e-17,1.375e-18,1.213e-16,1.00000000
67.400000,0.111834,-0.051360,-4.910264,4.911806,-14.691015,-19.601279,1.232e-16,3.565e-17,1.051e-18,1.232e-16,1.00000000
67.500000,0.117487,-0.052959,-4.915776,4.917465,-14.685503,-19.601279,1.277e-16,3.280e-17,8.398e-19,1.277e-16,1.00000000
67.600000,0.122024,-0.055287,-4.921553,4.923376,-14.679727,-19.601280,1.314e-16,2.997e-17,6.900e-19,1.314e-16,1.00000000
67.700000,0.125521,-0.058537,-4.927559,4.929505,-14.673722,-19.601281,1.256e-16,2.797e-17,6.143e-19,1.256e-16,1.00000000
67.800000,0.128065,-0.062810,-4.933746,4.935808,-14.667536,-19.601283,1.174e-16,2.714e-17,5.766e-19,1.174e-16,1.00000000
67.900000,0.129759,-0.068145,-4.940045,4.942219,-14.661238,-19.601284,1.085e-16,2.923e-17,5.902e-19,1.085e-16,1.00000000
68.000000,0.130711,-0.074531,-4.946370,4.948658,-14.654914,-19.601284,1.004e-16,3.300e-17,6.129e-19,1.004e-16,1.00000000
68.100000,0.131005,-0.081890,-4.952633,4.955042,-14.648652,-19.601285,1.012e-16,3.840e-17,6.813e-19,1.012e-16,1.00000000
68.200000,0.130706,-0.090064,-4.958765,4.961305,-14.642520,-19.601284,1.044e-16,4.874e-17,8.276e-19,1.044e-16,1.00000000
68.300000,0.129882,-0.098834,-4.964720,4.967402,-14.636563,-19.601283,1.021e-16,5.872e-17,1.054e-18,1.021e-16,1.00000000
68.400000,0.128622,-0.107946,-4.970470,4.973305,-14.630813,-19.601282,1.014e-16,6.426e-17,1.323e-18,1.014e-16,1.00000000
68.500000,0.127050,-0.117130,-4.976002,4.979002,-14.625279,-19.601281,9.620e-17,6.955e-17,1.553e-18,9.620e-17,1.00000000
68.600000,0.125330,-0.126128,-4.981335,4.984508,-14.619944,-19.601279,8.931e-17,7.389e-17,1.650e-18,8.931e-17,1.00000000
68.700000,0.123634,-0.134717,-4.986526,4.989877,-14.614752,-19.601278,8.186e-17,7.271e-17,1.686e-18,8.186e-17,1.00000000
68.800000,0.122092,-0.142716,-4.991637,4.995169,-14.609640,-19.601277,7.424e-17,6.756e-17,1.716e-18,7.424e-17,1.00000000
68.900000,0.120776,-0.149990,-4.996707,5.000417,-14.604569,-19.601277,6.741e-17,6.478e-17,1.774e-18,6.741e-17,1.00000000
69.000000,0.119700,-0.156440,-5.001731,5.005609,-14.599545,-19.601277,6.515e-17,6.833e-17,1.703e-18,6.833e-17,1.00000000
69.100000,0.118829,-0.161990,-5.006661,5.010690,-14.594616,-19.601277,6.906e-17,7.558e-17,1.399e-18,7.558e-17,1.00000000
69.200000,0.118088,-0.166619,-5.011412,5.015572,-14.589866,-19.601279,7.125e-17,8.346e-17,1.011e-18,8.346e-17,1.00000000
69.300000,0.117394,-0.170378,-5.015904,5.020169,-14.585376,-19.601280,7.219e-17,8.611e-17,7.674e-19,8.611e-17,1.00000000
69.400000,0.116663,-0.173354,-5.020103,5.024450,-14.581178,-19.601281,8.549e-17,8.746e-17,7.158e-19,8.746e-17,1.00000000
69.500000,0.115790,-0.175649,-5.024038,5.028441,-14.577245,-19.601282,9.697e-17,8.819e-17,7.214e-19,9.697e-17,1.00000000
69.600000,0.114621,-0.177375,-5.027792,5.032225,-14.573491,-19.601283,9.773e-17,8.222e-17,7.437e-19,9.773e-17,1.00000000
69.700000,0.112971,-0.178646,-5.031478,5.035915,-14.569806,-19.601283,1.001e-16,7.600e-17,8.003e-19,1.001e-16,1.00000000
69.800000,0.110708,-0.179576,-5.035177,5.039594,-14.566105,-19.601283,1.089e-16,6.982e-17,9.415e-19,1.089e-16,1.00000000
69.900000,0.107802,-0.180259,-5.038907,5.043282,-14.562375,-19.601282,1.206e-16,6.742e-17,1.189e-18,1.206e-16,1.00000000
70.000000,0.104296,-0.180736,-5.042643,5.046959,-14.558637,-19.601280,1.330e-16,6.497e-17,1.557e-18,1.330e-16,1.00000000
70.100000,0.100251,-0.180966,-5.046363,5.050601,-14.554916,-19.601279,1.523e-16,6.359e-17,1.993e-18,1.523e-16,1.00000000
70.200000,0.095726,-0.180878,-5.050041,5.054186,-14.551236,-19.601277,1.689e-16,6.091e-17,2.433e-18,1.689e-16,1.00000000
70.300000,0.090759,-0.180460,-5.053647,5.057682,-14.547629,-19.601276,1.655e-16,5.611e-17,2.721e-18,1.655e-16,1.00000000
70.400000,0.085352,-0.179800,-5.057135,5.061050,-14.544140,-19.601275,1.543e-16,4.926e-17,2.656e-18,1.543e-16,1.00000000
70.500000,0.079493,-0.179051,-5.060468,5.064258,-14.540807,-19.601275,1.424e-16,4.185e-17,2.306e-18,1.424e-16,1.00000000
70.600000,0.073177,-0.178374,-5.063622,5.067291,-14.537653,-19.601275,1.346e-16,3.587e-17,1.904e-18,1.346e-16,1.00000000
70.700000,0.066443,-0.177870,-5.066589,5.070146,-14.534686,-19.601275,1.277e-16,3.572e-17,1.559e-18,1.277e-16,1.00000000
70.800000,0.059362,-0.177585,-5.069366,5.072823,-14.531910,-19.601276,1.267e-16,3.974e-17,1.240e-18,1.267e-16,1.00000000
70.900000,0.052029,-0.177559,-5.071952,5.075325,-14.529326,-19.601277,1.274e-16,4.715e-17,9.962e-19,1.274e-16,1.00000000
71.000000,0.044543,-0.177833,-5.074348,5.077659,-14.526930,-19.601278,1.233e-16,5.383e-17,8.792e-19,1.233e-16,1.00000000
71.100000,0.037034,-0.178408,-5.076554,5.079823,-14.524725,-19.601279,1.194e-16,5.863e-17,8.531e-19,1.194e-16,1.00000000
71.200000,0.029664,-0.179239,-5.078557,5.081806,-14.522721,-19.601279,1.176e-16,6.158e-17,8.919e-19,1.176e-16,1.00000000
71.300000,0.022608,-0.180257,-5.080358,5.083605,-14.520920,-19.601278,1.181e-16,6.005e-17,1.051e-18,1.181e-16,1.00000000
71.400000,0.016022,-0.181338,-5.081979,5.085239,-14.519298,-19.601277,1.153e-16,5.820e-17,1.370e-18,1.153e-16,1.00000000
71.500000,0.010013,-0.182252,-5.083446,5.086722,-14.517830,-19.601276,1.069e-16,5.897e-17,1.833e-18,1.069e-16,1.00000000
71.600000,0.004640,-0.182677,-5.084777,5.088060,-14.516497,-19.601274,9.987e-17,6.269e-17,2.246e-18,9.987e-17,1.00000000
71.700000,-0.000076,-0.182245,-5.086005,5.089269,-14.515268,-19.601273,9.549e-17,6.786e-17,2.436e-18,9.549e-17,1.00000000
71.800000,-0.004114,-0.180609,-5.087185,5.090392,-14.514086,-19.601271,9.311e-17,7.037e-17,2.548e-18,9.311e-17,1.00000000
71.900000,-0.007448,-0.177515,-5.088360,5.091461,-14.512909,-19.601269,8.893e-17,7.387e-17,2.675e-18,8.893e-17,1.00000000
72.000000,-0.010098,-0.172842,-5.089528,5.092472,-14.511741,-19.601268,8.094e-17,7.939e-17,2.859e-18,8.094e-17,1.00000000
72.100000,-0.012155,-0.166629,-5.090638,5.093379,-14.510629,-19.601268,7.341e-17,8.643e-17,2.863e-18,8.643e-17,1.00000000
72.200000,-0.013754,-0.159045,-5.091623,5.094125,-14.509644,-19.601267,7.623e-17,1.017e-16,2.566e-18,1.017e-16,1.00000000
72.300000,-0.015027,-0.150341,-5.092411,5.094652,-14.508857,-19.601268,8.596e-17,1.221e-16,2.033e-18,1.221e-16,1.00000000
72.400000,-0.016127,-0.140814,-5.092942,5.094914,-14.508327,-19.601268,1.023e-16,1.300e-16,1.502e-18,1.300e-16,1.00000000
72.500000,-0.017230,-0.130762,-5.093209,5.094916,-14.508060,-19.601269,1.369e-16,1.323e-16,1.169e-18,1.369e-16,1.00000000
72.600000,-0.018511,-0.120427,-5.093274,5.094731,-14.507996,-19.601270,1.994e-16,1.269e-16,1.075e-18,1.994e-16,1.00000000
72.700000,-0.020111,-0.110020,-5.093225,5.094453,-14.508046,-19.601271,2.452e-16,1.158e-16,1.119e-18,2.452e-16,1.00000000
72.800000,-0.022093,-0.099747,-5.093116,5.094141,-14.508155,-19.601271,2.440e-16,1.020e-16,1.212e-18,2.440e-16,1.00000000
72.900000,-0.024461,-0.089799,-5.092941,5.093792,-14.508330,-19.601271,2.172e-16,8.659e-17,1.366e-18,2.172e-16,1.00000000
73.000000,-0.027207,-0.080315,-5.092660,5.093366,-14.508611,-19.601271,1.859e-16,7.674e-17,1.625e-18,1.859e-16,1.00000000
73.100000,-0.030313,-0.071340,-5.092270,5.092860,-14.509000,-19.601270,1.750e-16,7.303e-17,2.057e-18,1.750e-16,1.00000000
73.200000,-0.033717,-0.062841,-5.091839,5.092338,-14.509431,-19.601270,1.838e-16,7.083e-17,2.546e-18,1.838e-16,1.00000000
73.300000,-0.037268,-0.054779,-5.091468,5.091900,-14.509800,-19.601269,1.963e-16,7.332e-17,2.989e-18,1.963e-16,1.00000000
73.400000,-0.040743,-0.047175,-5.091218,5.091600,-14.510050,-19.601268,2.124e-16,8.396e-17,3.346e-18,2.124e-16,1.00000000
73.500000,-0.043908,-0.040118,-5.091075,5.091422,-14.510193,-19.601267,2.117e-16,1.082e-16,3.520e-18,2.117e-16,1.00000000
73.600000,-0.046551,-0.033719,-5.090999,5.091323,-14.510268,-19.601267,1.995e-16,1.596e-16,3.390e-18,1.995e-16,1.00000000
73.700000,-0.048494,-0.028076,-5.090976,5.091284,-14.510291,-19.601267,1.869e-16,2.664e-16,2.998e-18,2.664e-16,1.00000000
73.800000,-0.049604,-0.023250,-5.091009,5.091304,-14.510259,-19.601267,1.796e-16,4.446e-16,2.511e-18,4.446e-16,1.00000000
73.900000,-0.049827,-0.019267,-5.091096,5.091376,-14.510172,-19.601268,1.751e-16,6.678e-16,2.037e-18,6.678e-16,1.00000000
74.000000,-0.049184,-0.016114,-5.091215,5.091478,-14.510054,-19.601268,1.755e-16,8.671e-16,1.694e-18,8.671e-16,1.00000000
74.100000,-0.047736,-0.013768,-5.091304,5.091546,-14.509965,-19.601269,1.718e-16,1.011e-15,1.495e-18,1.011e-15,1.00000000
74.200000,-0.045558,-0.012216,-5.091246,5.091464,-14.510024,-19.601270,1.649e-16,1.190e-15,1.416e-18,1.190e-15,1.00000000
74.300000,-0.042700,-0.011395,-5.090884,5.091076,-14.510386,-19.601270,1.573e-16,1.383e-15,1.431e-18,1.383e-15,1.00000000
74.400000,-0.039172,-0.011168,-5.090062,5.090225,-14.511208,-19.601270,1.462e-16,1.407e-15,1.538e-18,1.407e-15,1.00000000
74.500000,-0.034992,-0.011372,-5.088676,5.088809,-14.512594,-19.601270,1.347e-16,1.199e-15,1.807e-18,1.199e-15,1.00000000
74.600000,-0.030231,-0.011848,-5.086736,5.086839,-14.514533,-19.601269,1.200e-16,8.800e-16,2.154e-18,8.800e-16,1.00000000
74.700000,-0.025002,-0.012445,-5.084327,5.084403,-14.516941,-19.601268,1.089e-16,6.074e-16,2.473e-18,6.074e-16,1.00000000
74.800000,-0.019415,-0.013027,-5.081508,5.081562,-14.519758,-19.601267,1.028e-16,4.169e-16,2.700e-18,4.169e-16,1.00000000
74.900000,-0.013544,-0.013496,-5.078279,5.078315,-14.522987,-19.601266,1.018e-16,2.884e-16,2.901e-18,2.884e-16,1.00000000
75.000000,-0.007447,-0.013790,-5.074620,5.074644,-14.526645,-19.601265,1.021e-16,2.199e-16,3.094e-18,2.199e-16,1.00000000
75.100000,-0.001174,-0.013878,-5.070539,5.070558,-14.530725,-19.601264,1.028e-16,1.766e-16,3.257e-18,1.766e-16,1.00000000
75.200000,0.005244,-0.013768,-5.066082,5.066103,-14.535182,-19.601264,1.149e-16,1.497e-16,3.323e-18,1.497e-16,1.00000000
75.300000,0.011740,-0.013489,-5.061305,5.061336,-14.539959,-19.601264,1.440e-16,1.371e-16,3.192e-18,1.440e-16,1.00000000
75.400000,0.018201,-0.013097,-5.056264,5.056314,-14.545000,-19.601265,1.812e-16,1.297e-16,2.825e-18,1.812e-16,1.00000000
75.500000,0.024505,-0.012732,-5.051051,5.051126,-14.550214,-19.601265,2.024e-16,1.242e-16,2.403e-18,2.024e-16,1.00000000
75.600000,0.030503,-0.012598,-5.045781,5.045889,-14.555485,-19.601266,1.981e-16,1.271e-16,2.060e-18,1.981e-16,1.00000000
75.700000,0.035992,-0.012919,-5.040546,5.040691,-14.560721,-19.601267,2.003e-16,1.366e-16,1.819e-18,2.003e-16,1.00000000
75.800000,0.040726,-0.013912,-5.035397,5.035581,-14.565870,-19.601268,2.252e-16,1.424e-16,1.747e-18,2.252e-16,1.00000000
75.900000,0.044474,-0.015749,-5.030358,5.030580,-14.570910,-19.601268,2.464e-16,1.380e-16,1.832e-18,2.464e-16,1.00000000
76.000000,0.047095,-0.018518,-5.025406,5.025661,-14.575862,-19.601268,2.481e-16,1.272e-16,1.970e-18,2.481e-16,1.00000000
76.100000,0.048577,-0.022225,-5.020475,5.020759,-14.580792,-19.601267,2.577e-16,1.218e-16,2.043e-18,2.577e-16,1.00000000
76.200000,0.049014,-0.026844,-5.015499,5.015810,-14.585767,-19.601266,3.632e-16,1.250e-16,2.203e-18,3.632e-16,1.00000000
76.300000,0.048585,-0.032315,-5.010436,5.010776,-14.590829,-19.601265,6.498e-16,1.354e-16,2.559e-18,6.498e-16,1.00000000
76.400000,0.047544,-0.038518,-5.005273,5.005647,-14.595991,-19.601264,1.077e-15,1.651e-16,3.011e-18,1.077e-15,1.00000000
76.500000,0.046179,-0.045241,-5.000006,5.000424,-14.601257,-19.601263,1.444e-15,2.317e-16,3.430e-18,1.444e-15,1.00000000
76.600000,0.044752,-0.052197,-4.994642,4.995115,-14.606620,-19.601262,1.556e-15,3.593e-16,3.598e-18,1.556e-15,1.00000000
76.700000,0.043428,-0.059122,-4.989216,4.989756,-14.612045,-19.601261,1.366e-15,5.454e-16,3.485e-18,1.366e-15,1.00000000
76.800000,0.042183,-0.065857,-4.983817,4.984431,-14.617443,-19.601261,1.019e-15,7.518e-16,3.221e-18,1.019e-15,1.00000000
76.900000,0.040802,-0.072285,-4.978592,4.979284,-14.622669,-19.601261,7.008e-16,9.498e-16,2.951e-18,9.498e-16,1.00000000
77.000000,0.038996,-0.078303,-4.973663,4.974432,-14.627599,-19.601261,4.845e-16,1.164e-15,2.735e-18,1.164e-15,1.00000000
77.100000,0.036544,-0.083877,-4.969066,4.969909,-14.632195,-19.601262,3.508e-16,1.358e-15,2.489e-18,1.358e-15,1.00000000
77.200000,0.033365,-0.089048,-4.964795,4.965706,-14.636468,-19.601263,2.713e-16,1.396e-15,2.325e-18,1.396e-15,1.00000000
77.300000,0.029514,-0.093876,-4.960782,4.961757,-14.640482,-19.601264,2.360e-16,1.268e-15,2.227e-18,1.268e-15,1.00000000
77.400000,0.025096,-0.098386,-4.956870,4.957910,-14.644395,-19.601264,2.266e-16,1.212e-15,2.164e-18,1.212e-15,1.00000000
77.500000,0.020240,-0.102551,-4.952892,4.953995,-14.648373,-19.601265,2.177e-16,1.263e-15,2.103e-18,1.263e-15,1.00000000
77.600000,0.015145,-0.106342,-4.948772,4.949937,-14.652493,-19.601265,2.015e-16,1.193e-15,2.079e-18,1.193e-15,1.00000000
77.700000,0.010032,-0.109749,-4.944534,4.945762,-14.656731,-19.601265,1.726e-16,9.820e-16,2.160e-18,9.820e-16,1.00000000
77.800000,0.005008,-0.112735,-4.940268,4.941557,-14.660997,-19.601265,1.529e-16,7.560e-16,2.367e-18,7.560e-16,1.00000000
77.900000,0.000016,-0.115140,-4.936094,4.937437,-14.665171,-19.601265,1.340e-16,5.718e-16,2.645e-18,5.718e-16,1.00000000
78.000000,-0.005081,-0.116639,-4.932142,4.933524,-14.669122,-19.601265,1.340e-16,4.280e-16,2.966e-18,4.280e-16,1.00000000
78.100000,-0.010321,-0.116850,-4.928521,4.929917,-14.672743,-19.601264,1.459e-16,3.292e-16,3.268e-18,3.292e-16,1.00000000
78.200000,-0.015569,-0.115544,-4.925307,4.926686,-14.675958,-19.601264,1.657e-16,2.767e-16,3.397e-18,2.767e-16,1.00000000
78.300000,-0.020691,-0.112743,-4.922549,4.923884,-14.678715,-19.601264,1.878e-16,2.420e-16,3.399e-18,2.420e-16,1.00000000
78.400000,-0.025687,-0.108649,-4.920249,4.921516,-14.681016,-19.601265,2.186e-16,2.064e-16,3.345e-18,2.186e-16,1.00000000
78.500000,-0.030595,-0.103485,-4.918365,4.919549,-14.682900,-19.601265,2.494e-16,1.743e-16,3.197e-18,2.494e-16,1.00000000
78.600000,-0.035385,-0.097391,-4.916872,4.917963,-14.684394,-19.601265,2.596e-16,1.590e-16,2.997e-18,2.596e-16,1.00000000
78.700000,-0.039979,-0.090384,-4.915771,4.916765,-14.685494,-19.601266,2.617e-16,1.636e-16,2.736e-18,2.617e-16,1.00000000
78.800000,-0.044334,-0.082362,-4.915078,4.915968,-14.686188,-19.601266,2.944e-16,1.681e-16,2.459e-18,2.944e-16,1.00000000
78.900000,-0.048448,-0.073187,-4.914768,4.915552,-14.686498,-19.601266,3.788e-16,1.770e-16,2.282e-18,3.788e-16,1.00000000
79.000000,-0.052387,-0.062845,-4.914724,4.915405,-14.686542,-19.601266,4.749e-16,1.781e-16,2.158e-18,4.749e-16,1.00000000
79.100000,-0.056309,-0.051585,-4.914777,4.915371,-14.686489,-19.601266,5.849e-16,1.844e-16,2.107e-18,5.849e-16,1.00000000
79.200000,-0.060390,-0.039882,-4.914809,4.915342,-14.686456,-19.601265,7.144e-16,1.957e-16,2.128e-18,7.144e-16,1.00000000
79.300000,-0.064746,-0.028253,-4.914802,4.915310,-14.686462,-19.601265,8.328e-16,2.147e-16,2.238e-18,8.328e-16,1.00000000
79.400000,-0.069356,-0.017064,-4.914766,4.915285,-14.686498,-19.601264,9.258e-16,2.690e-16,2.436e-18,9.258e-16,1.00000000
79.500000,-0.073988,-0.006540,-4.914630,4.915191,-14.686633,-19.601263,9.880e-16,3.473e-16,2.751e-18,9.880e-16,1.00000000
79.600000,-0.078197,0.003111,-4.914298,4.914921,-14.686963,-19.601262,1.018e-15,4.643e-16,3.129e-18,1.018e-15,1.00000000
79.700000,-0.081517,0.011676,-4.913749,4.914439,-14.687512,-19.601261,1.079e-15,6.749e-16,3.465e-18,1.079e-15,1.00000000
79.800000,-0.083733,0.019067,-4.913015,4.913765,-14.688246,-19.601261,1.164e-15,9.225e-16,3.616e-18,1.164e-15,1.00000000
79.900000,-0.085041,0.025422,-4.912138,4.912940,-14.689123,-19.601261,1.176e-15,1.090e-15,3.609e-18,1.176e-15,1.00000000
80.000000,-0.085898,0.031053,-4.911186,4.912035,-14.690075,-19.601261,1.072e-15,1.123e-15,3.484e-18,1.123e-15,1.00000000
80.100000,-0.086733,0.036316,-4.910226,4.911126,-14.691035,-19.601261,8.790e-16,1.090e-15,3.307e-18,1.090e-15,1.00000000
80.200000,-0.087818,0.041486,-4.909307,4.910268,-14.691954,-19.601261,6.813e-16,1.098e-15,3.057e-18,1.098e-15,1.00000000
80.300000,-0.089311,0.046597,-4.908467,4.909501,-14.692794,-19.601262,5.148e-16,1.086e-15,2.829e-18,1.086e-15,1.00000000
80.400000,-0.091298,0.051431,-4.907744,4.908862,-14.693518,-19.601262,3.962e-16,9.683e-16,2.621e-18,9.683e-16,1.00000000
80.500000,-0.093730,0.055712,-4.907202,4.908413,-14.694060,-19.601262,3.223e-16,8.858e-16,2.447e-18,8.858e-16,1.00000000
80.600000,-0.096328,0.059244,-4.906983,4.908286,-14.694279,-19.601262,2.790e-16,9.505e-16,2.339e-18,9.505e-16,1.00000000
80.700000,-0.098612,0.062004,-4.907222,4.908604,-14.694041,-19.601262,2.535e-16,1.033e-15,2.304e-18,1.033e-15,1.00000000
80.800000,-0.100054,0.064144,-4.907945,4.909383,-14.693317,-19.601262,2.352e-16,1.008e-15,2.363e-18,1.008e-15,1.00000000
80.900000,-0.100217,0.065829,-4.909082,4.910546,-14.692179,-19.601261,2.078e-16,8.535e-16,2.474e-18,8.535e-16,1.00000000
81.000000,-0.098870,0.067139,-4.910538,4.911992,-14.690723,-19.601261,1.999e-16,6.605e-16,2.584e-18,6.605e-16,1.00000000
81.100000,-0.096066,0.068125,-4.912264,4.913676,-14.688996,-19.601260,1.909e-16,5.276e-16,2.737e-18,5.276e-16,1.00000000
81.200000,-0.092102,0.068849,-4.914303,4.915648,-14.686957,-19.601259,1.859e-16,4.663e-16,2.920e-18,4.663e-16,1.00000000
81.300000,-0.087431,0.069405,-4.916779,4.918046,-14.684480,-19.601259,1.914e-16,4.278e-16,3.118e-18,4.278e-16,1.00000000
81.400000,-0.082521,0.069945,-4.919842,4.921031,-14.681417,-19.601259,2.280e-16,3.629e-16,3.320e-18,3.629e-16,1.00000000
81.500000,-0.077644,0.070616,-4.923581,4.924700,-14.677678,-19.601259,2.645e-16,2.965e-16,3.449e-18,2.965e-16,1.00000000
81.600000,-0.072793,0.071437,-4.927955,4.929010,-14.673305,-19.601260,2.986e-16,2.442e-16,3.446e-18,2.986e-16,1.00000000
81.700000,-0.067805,0.072227,-4.932819,4.933813,-14.668441,-19.601260,3.604e-16,2.055e-16,3.342e-18,3.604e-16,1.00000000
81.800000,-0.062543,0.072747,-4.937995,4.938927,-14.663265,-19.601261,4.722e-16,1.924e-16,3.130e-18,4.722e-16,1.00000000
81.900000,-0.056962,0.072909,-4.943310,4.944176,-14.657951,-19.601261,5.985e-16,1.947e-16,2.890e-18,5.985e-16,1.00000000
82.000000,-0.051046,0.072726,-4.948586,4.949383,-14.652676,-19.601262,6.983e-16,2.041e-16,2.656e-18,6.983e-16,1.00000000
82.100000,-0.044741,0.072228,-4.953673,4.954401,-14.647590,-19.601262,7.611e-16,2.223e-16,2.484e-18,7.611e-16,1.00000000
82.200000,-0.037973,0.071465,-4.958511,4.959171,-14.642752,-19.601262,7.916e-16,2.579e-16,2.419e-18,7.916e-16,1.00000000
82.300000,-0.030775,0.070534,-4.963109,4.963705,-14.638154,-19.601262,7.910e-16,2.674e-16,2.395e-18,7.910e-16,1.00000000
82.400000,-0.023331,0.069519,-4.967527,4.968068,-14.633736,-19.601262,7.836e-16,2.732e-16,2.395e-18,7.836e-16,1.00000000
82.500000,-0.015876,0.068437,-4.971847,4.972344,-14.629414,-19.601262,8.011e-16,3.627e-16,2.486e-18,8.011e-16,1.00000000
82.600000,-0.008557,0.067246,-4.976098,4.976560,-14.625163,-19.601261,8.525e-16,4.733e-16,2.710e-18,8.525e-16,1.00000000
82.700000,-0.001370,0.065921,-4.980266,4.980703,-14.620994,-19.601261,9.057e-16,5.984e-16,2.981e-18,9.057e-16,1.00000000
82.800000,0.005778,0.064456,-4.984340,4.984760,-14.616920,-19.601260,9.276e-16,7.152e-16,3.148e-18,9.276e-16,1.00000000
82.900000,0.012962,0.062744,-4.988316,4.988728,-14.612944,-19.601260,9.362e-16,8.368e-16,3.187e-18,9.362e-16,1.00000000
83.000000,0.020251,0.060556,-4.992203,4.992611,-14.609057,-19.601260,9.881e-16,9.785e-16,3.236e-18,9.881e-16,1.00000000
83.100000,0.027668,0.057707,-4.995966,4.996376,-14.605294,-19.601260,1.036e-15,1.080e-15,3.236e-18,1.080e-15,1.00000000
83.200000,0.035091,0.054162,-4.999559,4.999976,-14.601700,-19.601260,1.010e-15,1.059e-15,3.130e-18,1.059e-15,1.00000000
83.300000,0.042294,0.050049,-5.003014,5.003443,-14.598246,-19.601260,9.145e-16,9.652e-16,3.023e-18,9.652e-16,1.00000000
83.400000,0.049125,0.045587,-5.006438,5.006886,-14.594822,-19.601260,7.732e-16,8.846e-16,2.895e-18,8.846e-16,1.00000000
83.500000,0.055533,0.040964,-5.009966,5.010442,-14.591294,-19.601260,6.295e-16,8.497e-16,2.753e-18,8.497e-16,1.00000000
83.600000,0.061460,0.036286,-5.013642,5.014150,-14.587618,-19.601260,5.095e-16,8.284e-16,2.695e-18,8.284e-16,1.00000000
83.700000,0.066842,0.031526,-5.017366,5.017910,-14.583895,-19.601261,4.171e-16,8.072e-16,2.651e-18,8.072e-16,1.00000000
83.800000,0.071620,0.026577,-5.020986,5.021567,-14.580275,-19.601261,3.814e-16,7.958e-16,2.548e-18,7.958e-16,1.00000000
83.900000,0.075767,0.021317,-5.024424,5.025041,-14.576836,-19.601261,3.859e-16,7.652e-16,2.494e-18,7.652e-16,1.00000000
84.000000,0.079329,0.015693,-5.027715,5.028366,-14.573545,-19.601260,3.926e-16,7.171e-16,2.567e-18,7.171e-16,1.00000000
84.100000,0.082565,0.009791,-5.030963,5.031650,-14.570297,-19.601260,3.246e-16,6.403e-16,2.717e-18,6.403e-16,1.00000000
84.200000,0.085941,0.003728,-5.034261,5.034996,-14.566999,-19.601260,2.878e-16,5.527e-16,2.884e-18,5.527e-16,1.00000000
84.300000,0.089881,-0.002435,-5.037638,5.038440,-14.563622,-19.601259,3.026e-16,4.739e-16,3.031e-18,4.739e-16,1.00000000
84.400000,0.094470,-0.008670,-5.041098,5.041990,-14.560162,-19.601259,3.383e-16,4.191e-16,3.148e-18,4.191e-16,1.00000000
84.500000,0.099420,-0.014959,-5.044627,5.045629,-14.556632,-19.601260,3.992e-16,3.983e-16,3.155e-18,3.992e-16,1.00000000
84.600000,0.104345,-0.021251,-5.048179,5.049302,-14.553081,-19.601260,5.296e-16,3.845e-16,3.219e-18,5.296e-16,1.00000000
84.700000,0.108985,-0.027490,-5.051711,5.052961,-14.549550,-19.601261,6.974e-16,3.653e-16,3.330e-18,6.974e-16,1.00000000
84.800000,0.113199,-0.033704,-5.055196,5.056575,-14.546066,-19.601261,9.174e-16,3.313e-16,3.351e-18,9.174e-16,1.00000000
84.900000,0.116955,-0.040044,-5.058574,5.060084,-14.542688,-19.601262,1.089e-15,2.948e-16,3.202e-18,1.089e-15,1.00000000
85.000000,0.120257,-0.046770,-5.061737,5.063381,-14.539526,-19.601262,1.080e-15,2.811e-16,2.985e-18,1.080e-15,1.00000000
85.100000,0.123011,-0.054077,-5.064544,5.066326,-14.536719,-19.601263,9.390e-16,3.159e-16,2.786e-18,9.390e-16,1.00000000
85.200000,0.125010,-0.061909,-5.066865,5.068785,-14.534398,-19.601263,8.204e-16,3.629e-16,2.657e-18,8.204e-16,1.00000000
85.300000,0.126176,-0.069932,-5.068680,5.070732,-14.532583,-19.601263,7.602e-16,3.858e-16,2.604e-18,7.602e-16,1.00000000
85.400000,0.126723,-0.077677,-5.070065,5.072243,-14.531198,-19.601263,7.380e-16,4.374e-16,2.581e-18,7.380e-16,1.00000000
85.500000,0.126967,-0.084695,-5.071095,5.073391,-14.530167,-19.601262,7.822e-16,4.247e-16,2.571e-18,7.822e-16,1.00000000
85.600000,0.127157,-0.090726,-5.071841,5.074246,-14.529420,-19.601261,8.297e-16,3.807e-16,2.626e-18,8.297e-16,1.00000000
85.700000,0.127361,-0.095706,-5.072412,5.074913,-14.528848,-19.601259,9.168e-16,4.076e-16,2.740e-18,9.168e-16,1.00000000
85.800000,0.127470,-0.099655,-5.072899,5.075479,-14.528358,-19.601258,1.082e-15,4.843e-16,2.928e-18,1.082e-15,1.00000000
85.900000,0.127250,-0.102675,-5.073327,5.075961,-14.527929,-19.601256,1.165e-15,5.714e-16,3.092e-18,1.165e-15,1.00000000
86.000000,0.126423,-0.104922,-5.073604,5.076263,-14.527651,-19.601255,1.065e-15,6.692e-16,3.211e-18,1.065e-15,1.00000000
86.100000,0.124759,-0.106555,-5.073619,5.076271,-14.527635,-19.601254,9.279e-16,7.566e-16,3.245e-18,9.279e-16,1.00000000
86.200000,0.122144,-0.107701,-5.073318,5.075931,-14.527935,-19.601253,8.851e-16,8.446e-16,3.206e-18,8.851e-16,1.00000000
86.300000,0.118656,-0.108377,-5.072673,5.075217,-14.528580,-19.601253,9.257e-16,8.644e-16,3.182e-18,9.257e-16,1.00000000
86.400000,0.114519,-0.108583,-5.071661,5.074115,-14.529592,-19.601252,9.657e-16,8.038e-16,3.101e-18,9.657e-16,1.00000000
86.500000,0.109963,-0.108376,-5.070300,5.072650,-14.530952,-19.601252,9.373e-16,7.181e-16,2.935e-18,9.373e-16,1.00000000
86.600000,0.105122,-0.107766,-5.068693,5.070929,-14.532559,-19.601252,8.094e-16,6.465e-16,2.852e-18,8.094e-16,1.00000000
86.700000,0.100086,-0.106661,-5.066990,5.069101,-14.534262,-19.601252,6.506e-16,6.195e-16,2.815e-18,6.506e-16,1.00000000
86.800000,0.094902,-0.105012,-5.065271,5.067248,-14.535982,-19.601253,5.250e-16,6.033e-16,2.770e-18,6.033e-16,1.00000000
86.900000,0.089452,-0.102898,-5.063528,5.065363,-14.537725,-19.601253,4.390e-16,6.069e-16,2.744e-18,6.069e-16,1.00000000
87.000000,0.083467,-0.100503,-5.061739,5.063424,-14.539515,-19.601254,4.020e-16,6.234e-16,2.670e-18,6.234e-16,1.00000000
87.100000,0.076688,-0.097978,-5.059905,5.061434,-14.541349,-19.601254,4.198e-16,6.294e-16,2.705e-18,6.294e-16,1.00000000
87.200000,0.068935,-0.095443,-5.058062,5.059432,-14.543193,-19.601254,4.345e-16,6.391e-16,2.841e-18,6.391e-16,1.00000000
87.300000,0.060209,-0.092979,-5.056223,5.057436,-14.545032,-19.601255,4.638e-16,6.209e-16,2.931e-18,6.209e-16,1.00000000
87.400000,0.050736,-0.090485,-5.054393,5.055457,-14.546862,-19.601255,5.359e-16,5.856e-16,3.091e-18,5.856e-16,1.00000000
87.500000,0.040953,-0.087723,-5.052606,5.053533,-14.548649,-19.601255,6.593e-16,5.782e-16,3.301e-18,6.593e-16,1.00000000
87.600000,0.031415,-0.084496,-5.050889,5.051694,-14.550366,-19.601255,7.496e-16,5.658e-16,3.419e-18,7.496e-16,1.00000000
87.700000,0.022584,-0.080689,-5.049273,5.049969,-14.551982,-19.601256,8.162e-16,5.747e-16,3.473e-18,8.162e-16,1.00000000
87.800000,0.014748,-0.076162,-5.047764,5.048360,-14.553492,-19.601256,8.600e-16,6.079e-16,3.453e-18,8.600e-16,1.00000000
87.900000,0.007957,-0.070828,-5.046375,5.046878,-14.554882,-19.601256,8.731e-16,6.018e-16,3.400e-18,8.731e-16,1.00000000
88.000000,0.001917,-0.064721,-5.045075,5.045490,-14.556182,-19.601257,8.427e-16,5.309e-16,3.376e-18,8.427e-16,1.00000000
88.100000,-0.003846,-0.057796,-5.043775,5.044108,-14.557482,-19.601257,7.594e-16,4.499e-16,3.263e-18,7.594e-16,1.00000000
88.200000,-0.009558,-0.049929,-5.042446,5.042702,-14.558811,-19.601256,7.697e-16,3.747e-16,3.054e-18,7.697e-16,1.00000000
88.300000,-0.015066,-0.041092,-5.041169,5.041359,-14.560087,-19.601256,9.247e-16,3.534e-16,2.864e-18,9.247e-16,1.00000000
88.400000,-0.019979,-0.031305,-5.040126,5.040263,-14.561130,-19.601256,1.141e-15,3.352e-16,2.728e-18,1.141e-15,1.00000000
88.500000,-0.023823,-0.020662,-5.039521,5.039620,-14.561735,-19.601256,1.290e-15,3.267e-16,2.700e-18,1.290e-15,1.00000000
88.600000,-0.026211,-0.009391,-5.039436,5.039513,-14.561820,-19.601256,1.351e-15,3.690e-16,2.704e-18,1.351e-15,1.00000000
88.700000,-0.026933,0.002338,-5.039770,5.039842,-14.561486,-19.601256,1.408e-15,3.959e-16,2.743e-18,1.408e-15,1.00000000
88.800000,-0.025975,0.014460,-5.040302,5.040390,-14.560953,-19.601255,1.473e-15,4.515e-16,2.884e-18,1.473e-15,1.00000000
88.900000,-0.023483,0.026834,-5.040823,5.040950,-14.560432,-19.601255,1.479e-15,5.542e-16,3.061e-18,1.479e-15,1.00000000
89.000000,-0.019723,0.039220,-5.041226,5.041417,-14.560029,-19.601255,1.478e-15,5.823e-16,3.263e-18,1.478e-15,1.00000000
89.100000,-0.015083,0.051355,-5.041518,5.041802,-14.559737,-19.601255,1.358e-15,6.152e-16,3.540e-18,1.358e-15,1.00000000
89.200000,-0.010030,0.062915,-5.041762,5.042165,-14.559493,-19.601255,1.153e-15,6.538e-16,3.707e-18,1.153e-15,1.00000000
89.300000,-0.004955,0.073486,-5.042009,5.042547,-14.559247,-19.601256,9.637e-16,6.673e-16,3.650e-18,9.637e-16,1.00000000
89.400000,0.000008,0.082607,-5.042244,5.042921,-14.559012,-19.601257,8.299e-16,6.566e-16,3.553e-18,8.299e-16,1.00000000
89.500000,0.004998,0.089827,-5.042535,5.043338,-14.558722,-19.601258,8.286e-16,6.944e-16,3.454e-18,8.286e-16,1.00000000
89.600000,0.010296,0.094776,-5.043071,5.043972,-14.558187,-19.601258,8.616e-16,6.686e-16,3.368e-18,8.616e-16,1.00000000
89.700000,0.016091,0.097299,-5.044087,5.045051,-14.557172,-19.601259,8.368e-16,6.882e-16,3.249e-18,8.368e-16,1.00000000
89.800000,0.022345,0.097404,-5.045757,5.046747,-14.555502,-19.601259,7.557e-16,5.950e-16,3.097e-18,7.557e-16,1.00000000
89.900000,0.028914,0.095210,-5.048033,5.049013,-14.553227,-19.601260,6.699e-16,5.606e-16,2.960e-18,6.699e-16,1.00000000
90.000000,0.035605,0.090992,-5.050631,5.051577,-14.550629,-19.601260,6.043e-16,5.861e-16,2.835e-18,6.043e-16,1.00000000
90.100000,0.042129,0.085178,-5.053242,5.054135,-14.548019,-19.601261,5.629e-16,6.178e-16,2.826e-18,6.178e-16,1.00000000
90.200000,0.048199,0.078351,-5.055716,5.056553,-14.545545,-19.601261,5.399e-16,6.812e-16,2.884e-18,6.812e-16,1.00000000
90.300000,0.053650,0.071134,-5.058101,5.058886,-14.543160,-19.601261,5.591e-16,7.159e-16,2.962e-18,7.159e-16,1.00000000
90.400000,0.058411,0.063984,-5.060541,5.061282,-14.540721,-19.601261,5.485e-16,7.432e-16,3.093e-18,7.432e-16,1.00000000
90.500000,0.062406,0.057143,-5.063161,5.063868,-14.538100,-19.601261,5.784e-16,7.672e-16,3.344e-18,7.672e-16,1.00000000
90.600000,0.065521,0.050811,-5.066031,5.066710,-14.535230,-19.601261,7.058e-16,7.482e-16,3.578e-18,7.482e-16,1.00000000
90.700000,0.067650,0.045203,-5.069146,5.069799,-14.532114,-19.601261,8.131e-16,7.194e-16,3.626e-18,8.131e-16,1.00000000
90.800000,0.068732,0.040444,-5.072460,5.073087,-14.528801,-19.601261,8.001e-16,6.780e-16,3.657e-18,8.001e-16,1.00000000
90.900000,0.068698,0.036565,-5.075927,5.076523,-14.525334,-19.601261,7.138e-16,6.193e-16,3.770e-18,7.138e-16,1.00000000
91.000000,0.067578,0.033596,-5.079445,5.080005,-14.521816,-19.601261,6.777e-16,5.543e-16,3.865e-18,6.777e-16,1.00000000
91.100000,0.065564,0.031565,-5.082842,5.083363,-14.518419,-19.601261,8.654e-16,5.030e-16,3.836e-18,8.654e-16,1.00000000
91.200000,0.062849,0.030360,-5.085992,5.086470,-14.515269,-19.601260,1.052e-15,4.744e-16,3.678e-18,1.052e-15,1.00000000
91.300000,0.059468,0.029684,-5.088845,5.089279,-14.512415,-19.601260,1.226e-15,4.636e-16,3.380e-18,1.226e-15,1.00000000
91.400000,0.055345,0.029338,-5.091402,5.091788,-14.509857,-19.601259,1.356e-15,4.211e-16,3.058e-18,1.356e-15,1.00000000
91.500000,0.050533,0.029398,-5.093711,5.094047,-14.507547,-19.601258,1.225e-15,3.800e-16,2.896e-18,1.225e-15,1.00000000
91.600000,0.045314,0.029969,-5.095790,5.096080,-14.505467,-19.601257,1.203e-15,4.004e-16,2.879e-18,1.203e-15,1.00000000
91.700000,0.040062,0.030975,-5.097603,5.097855,-14.503653,-19.601256,1.228e-15,4.489e-16,2.895e-18,1.228e-15,1.00000000
91.800000,0.035056,0.032255,-5.099124,5.099346,-14.502132,-19.601256,1.245e-15,5.146e-16,2.948e-18,1.245e-15,1.00000000
91.900000,0.030402,0.033696,-5.100327,5.100529,-14.500928,-19.601255,1.268e-15,5.621e-16,3.124e-18,1.268e-15,1.00000000
92.000000,0.026080,0.035252,-5.101216,5.101404,-14.500039,-19.601254,1.340e-15,5.863e-16,3.330e-18,1.340e-15,1.00000000
92.100000,0.022034,0.036910,-5.101816,5.101997,-14.499438,-19.601254,1.393e-15,6.144e-16,3.479e-18,1.393e-15,1.00000000
92.200000,0.018304,0.038645,-5.102175,5.102355,-14.499078,-19.601254,1.381e-15,6.704e-16,3.689e-18,1.381e-15,1.00000000
92.300000,0.015045,0.040413,-5.102313,5.102495,-14.498941,-19.601254,1.224e-15,7.194e-16,3.966e-18,1.224e-15,1.00000000
92.400000,0.012386,0.042180,-5.102160,5.102350,-14.499094,-19.601254,1.005e-15,6.425e-16,4.255e-18,1.005e-15,1.00000000
92.500000,0.010279,0.043903,-5.101596,5.101796,-14.499658,-19.601255,8.456e-16,7.323e-16,4.306e-18,8.456e-16,1.00000000
92.600000,0.008516,0.045498,-5.100522,5.100732,-14.500734,-19.601255,7.817e-16,8.968e-16,4.161e-18,8.968e-16,1.00000000
92.700000,0.006903,0.046920,-5.098910,5.099131,-14.502346,-19.601256,7.906e-16,1.020e-15,3.864e-18,1.020e-15,1.00000000
92.800000,0.005327,0.048271,-5.096827,5.097058,-14.504429,-19.601256,8.094e-16,1.113e-15,3.630e-18,1.113e-15,1.00000000
92.900000,0.003660,0.049708,-5.094321,5.094565,-14.506934,-19.601256,7.900e-16,1.294e-15,3.432e-18,1.294e-15,1.00000000
93.000000,0.001829,0.051351,-5.091429,5.091688,-14.509826,-19.601255,7.925e-16,1.156e-15,3.318e-18,1.156e-15,1.00000000
93.100000,-0.000121,0.053291,-5.088242,5.088521,-14.513013,-19.601255,7.774e-16,9.147e-16,3.200e-18,9.147e-16,1.00000000
93.200000,-0.002073,0.055623,-5.084924,5.085228,-14.516331,-19.601254,6.757e-16,7.414e-16,3.115e-18,7.414e-16,1.00000000
93.300000,-0.003875,0.058437,-5.081647,5.081984,-14.519607,-19.601254,6.713e-16,7.065e-16,3.079e-18,7.065e-16,1.00000000
93.400000,-0.005490,0.061711,-5.078523,5.078901,-14.522730,-19.601254,7.433e-16,6.856e-16,3.146e-18,7.433e-16,1.00000000
93.500000,-0.006946,0.065381,-5.075592,5.076018,-14.525662,-19.601253,7.284e-16,6.801e-16,3.269e-18,7.284e-16,1.00000000
93.600000,-0.008080,0.069439,-5.072882,5.073364,-14.528371,-19.601253,7.916e-16,7.183e-16,3.447e-18,7.916e-16,1.00000000
93.700000,-0.008607,0.073927,-5.070368,5.070914,-14.530885,-19.601253,7.237e-16,7.669e-16,3.793e-18,7.669e-16,1.00000000
93.800000,-0.008326,0.078892,-5.067947,5.068568,-14.533307,-19.601253,6.603e-16,7.865e-16,4.150e-18,7.865e-16,1.00000000
93.900000,-0.007187,0.084336,-5.065493,5.066200,-14.535762,-19.601254,8.503e-16,7.102e-16,4.391e-18,8.503e-16,1.00000000
94.000000,-0.005249,0.090197,-5.062836,5.063642,-14.538419,-19.601255,1.196e-15,6.477e-16,4.521e-18,1.196e-15,1.00000000
94.100000,-0.002678,0.096368,-5.059826,5.060744,-14.541430,-19.601256,1.644e-15,6.161e-16,4.497e-18,1.644e-15,1.00000000
94.200000,0.000343,0.102722,-5.056402,5.057446,-14.544855,-19.601257,1.498e-15,6.113e-16,4.243e-18,1.498e-15,1.00000000
94.300000,0.003757,0.109164,-5.052637,5.053818,-14.548621,-19.601258,1.425e-15,6.296e-16,3.933e-18,1.425e-15,1.00000000
94.400000,0.007592,0.115569,-5.048733,5.050061,-14.552526,-19.601259,1.512e-15,6.031e-16,3.755e-18,1.512e-15,1.00000000
94.500000,0.011792,0.121825,-5.044892,5.046377,-14.556367,-19.601259,1.695e-15,6.200e-16,3.584e-18,1.695e-15,1.00000000
94.600000,0.016190,0.127789,-5.041274,5.042919,-14.559985,-19.601259,1.817e-15,6.312e-16,3.369e-18,1.817e-15,1.00000000
94.700000,0.020677,0.133232,-5.037969,5.039772,-14.563290,-19.601258,1.731e-15,5.954e-16,3.222e-18,1.731e-15,1.00000000
94.800000,0.025285,0.137907,-5.035001,5.036953,-14.566257,-19.601258,1.394e-15,6.257e-16,3.198e-18,1.394e-15,1.00000000
94.900000,0.030290,0.141610,-5.032232,5.034315,-14.569026,-19.601257,1.253e-15,6.762e-16,3.241e-18,1.253e-15,1.00000000
95.000000,0.035896,0.144261,-5.029461,5.031658,-14.571795,-19.601256,1.184e-15,7.491e-16,3.305e-18,1.184e-15,1.00000000
95.100000,0.041990,0.145962,-5.026637,5.028931,-14.574619,-19.601256,1.147e-15,8.234e-16,3.485e-18,1.147e-15,1.00000000
95.200000,0.048350,0.146895,-5.023780,5.026160,-14.577475,-19.601255,1.175e-15,7.710e-16,3.756e-18,1.175e-15,1.00000000
95.300000,0.054833,0.147213,-5.020917,5.023374,-14.580337,-19.601254,1.217e-15,7.309e-16,3.957e-18,1.217e-15,1.00000000
95.400000,0.061267,0.147076,-5.018039,5.020568,-14.583214,-19.601253,1.253e-15,7.391e-16,4.249e-18,1.253e-15,1.00000000
95.500000,0.067361,0.146650,-5.015080,5.017676,-14.586173,-19.601253,1.204e-15,7.609e-16,4.501e-18,1.204e-15,1.00000000
95.600000,0.072956,0.146086,-5.011993,5.014652,-14.589260,-19.601253,1.065e-15,9.003e-16,4.673e-18,1.065e-15,1.00000000
95.700000,0.078124,0.145461,-5.008741,5.011461,-14.592513,-19.601253,9.233e-16,1.095e-15,4.566e-18,1.095e-15,1.00000000
95.800000,0.083059,0.144745,-5.005375,5.008156,-14.595879,-19.601254,8.674e-16,1.192e-15,4.254e-18,1.192e-15,1.00000000
95.900000,0.087963,0.143895,-5.001997,5.004839,-14.599257,-19.601254,8.467e-16,1.422e-15,3.996e-18,1.422e-15,1.00000000
96.000000,0.092971,0.142977,-4.998701,5.001610,-14.602553,-19.601254,8.593e-16,1.981e-15,3.796e-18,1.981e-15,1.00000000
96.100000,0.098206,0.142217,-4.995587,4.998575,-14.605667,-19.601253,8.871e-16,2.479e-15,3.681e-18,2.479e-15,1.00000000
96.200000,0.103787,0.141867,-4.992691,4.995784,-14.608562,-19.601253,9.894e-16,2.983e-15,3.584e-18,2.983e-15,1.00000000
96.300000,0.109785,0.141919,-4.989996,4.993221,-14.611256,-19.601252,9.913e-16,2.429e-15,3.580e-18,2.429e-15,1.00000000
96.400000,0.116283,0.142170,-4.987556,4.990937,-14.613695,-19.601251,1.018e-15,1.306e-15,3.669e-18,1.306e-15,1.00000000
96.500000,0.123304,0.142535,-4.985554,4.989115,-14.615696,-19.601250,1.054e-15,8.592e-16,3.737e-18,1.054e-15,1.00000000
96.600000,0.130594,0.142962,-4.984254,4.988014,-14.616995,-19.601249,8.701e-16,7.637e-16,3.653e-18,8.701e-16,1.00000000
96.700000,0.137773,0.143236,-4.983838,4.987799,-14.617411,-19.601249,8.155e-16,7.268e-16,3.696e-18,8.155e-16,1.00000000
96.800000,0.144558,0.143179,-4.984288,4.988439,-14.616961,-19.601248,8.906e-16,7.854e-16,3.943e-18,8.906e-16,1.00000000
96.900000,0.150826,0.142689,-4.985501,4.989823,-14.615747,-19.601248,9.644e-16,8.383e-16,4.219e-18,9.644e-16,1.00000000
97.000000,0.156606,0.141649,-4.987346,4.991815,-14.613902,-19.601248,1.041e-15,8.678e-16,4.527e-18,1.041e-15,1.00000000
97.100000,0.162080,0.139792,-4.989648,4.994237,-14.611601,-19.601249,1.346e-15,8.928e-16,4.775e-18,1.346e-15,1.00000000
97.200000,0.167466,0.136621,-4.992234,4.996910,-14.609016,-19.601250,1.853e-15,8.736e-16,4.902e-18,1.853e-15,1.00000000
97.300000,0.172881,0.131525,-4.994905,4.999626,-14.606346,-19.601251,2.348e-15,8.856e-16,4.787e-18,2.348e-15,1.00000000
97.400000,0.178383,0.124111,-4.997452,5.002174,-14.603800,-19.601252,2.181e-15,8.973e-16,4.477e-18,2.181e-15,1.00000000
97.500000,0.183875,0.114513,-4.999774,5.004464,-14.601479,-19.601253,1.745e-15,8.566e-16,4.182e-18,1.745e-15,1.00000000
97.600000,0.189155,0.103254,-5.001874,5.006514,-14.599380,-19.601253,2.171e-15,8.586e-16,3.962e-18,2.171e-15,1.00000000
97.700000,0.194089,0.090960,-5.003819,5.008408,-14.597434,-19.601253,4.106e-15,8.782e-16,3.886e-18,4.106e-15,1.00000000
97.800000,0.198701,0.078052,-5.005764,5.010314,-14.595489,-19.601253,5.621e-15,9.062e-16,3.846e-18,5.621e-15,1.00000000
97.900000,0.203134,0.064654,-5.007841,5.012376,-14.593412,-19.601252,4.487e-15,8.670e-16,3.800e-18,4.487e-15,1.00000000
98.000000,0.207508,0.050708,-5.010099,5.014650,-14.591152,-19.601251,2.182e-15,8.113e-16,3.758e-18,2.182e-15,1.00000000
98.100000,0.211765,0.036214,-5.012454,5.017056,-14.588796,-19.601250,1.289e-15,9.766e-16,3.727e-18,1.289e-15,1.00000000
98.200000,0.215715,0.021424,-5.014693,5.019376,-14.586555,-19.601249,1.132e-15,1.050e-15,3.748e-18,1.132e-15,1.00000000
98.300000,0.219265,0.006609,-5.016627,5.021420,-14.584620,-19.601247,1.101e-15,9.437e-16,3.924e-18,1.101e-15,1.00000000
98.400000,0.222482,-0.008278,-5.018079,5.023015,-14.583167,-19.601246,1.125e-15,8.672e-16,4.136e-18,1.125e-15,1.00000000
98.500000,0.225448,-0.023545,-5.018850,5.023966,-14.582394,-19.601244,1.202e-15,8.469e-16,4.478e-18,1.202e-15,1.00000000
98.600000,0.228029,-0.039346,-5.018918,5.024249,-14.582325,-19.601243,1.182e-15,9.009e-16,4.958e-18,1.182e-15,1.00000000
98.700000,0.229936,-0.055415,-5.018493,5.024064,-14.582749,-19.601242,1.234e-15,1.116e-15,5.368e-18,1.234e-15,1.00000000
98.800000,0.231031,-0.071285,-5.017759,5.023580,-14.583483,-19.601241,1.203e-15,1.623e-15,5.400e-18,1.623e-15,1.00000000
98.900000,0.231368,-0.086439,-5.016684,5.022760,-14.584557,-19.601241,1.166e-15,1.796e-15,5.111e-18,1.796e-15,1.00000000
99.000000,0.231148,-0.100344,-5.015177,5.021503,-14.586064,-19.601240,1.148e-15,1.545e-15,4.756e-18,1.545e-15,1.00000000
