t,Fx,Fy,Fz,Fmag,Lz,Jz,edge_x,edge_y,edge_z,edge_frac,norm
0.000000,-0.000000,0.000000,-5.999999,5.999999,-0.000001,-6.000000,1.660e-33,1.364e-33,3.755e-26,3.755e-26,1.00000000
0.100000,-0.075018,0.001391,-5.999530,5.999999,-0.000001,-5.999531,2.850e-31,2.813e-31,2.147e-25,2.147e-25,1.00000000
0.200000,-0.146965,0.003133,-5.998197,5.999998,-0.000002,-5.998199,5.208e-31,5.208e-31,1.233e-23,1.233e-23,1.00000000
0.300000,-0.218438,0.001906,-5.996019,5.999997,-0.000003,-5.996022,6.954e-31,7.069e-31,3.169e-21,3.169e-21,1.00000000
0.400000,-0.292777,-0.000040,-5.992851,5.999998,-0.000001,-5.992852,8.407e-31,8.741e-31,1.006e-18,1.006e-18,1.00000000
0.500000,-0.368046,0.000812,-5.988701,6.000000,0.000001,-5.988700,9.993e-31,1.005e-30,8.579e-18,8.579e-18,1.00000000
0.600000,-0.440596,0.002874,-5.983799,5.999999,0.000001,-5.983798,1.133e-30,1.135e-30,1.886e-17,1.886e-17,1.00000000
0.700000,-0.511665,0.002413,-5.978140,5.999997,0.000001,-5.978139,1.302e-30,1.347e-30,8.579e-18,8.579e-18,1.00000000
0.800000,-0.585016,0.000322,-5.971409,5.999998,0.000004,-5.971405,1.453e-29,1.439e-29,2.920e-18,2.920e-18,1.00000000
0.900000,-0.660086,0.000405,-5.963579,5.999999,0.000009,-5.963570,4.455e-28,4.467e-28,7.295e-18,7.295e-18,1.00000000
1.000000,-0.733098,0.002448,-5.955044,5.999999,0.000013,-5.955032,3.813e-27,3.811e-27,2.175e-17,2.175e-17,1.00000000
1.100000,-0.803942,0.002712,-5.945893,5.999998,0.000016,-5.945877,1.685e-26,1.685e-26,1.696e-17,1.696e-17,1.00000000
1.200000,-0.876241,0.000782,-5.935669,5.999997,0.000021,-5.935648,4.603e-26,4.605e-26,3.373e-18,3.373e-18,1.00000000
1.300000,-0.950667,0.000221,-5.924206,5.999998,0.000028,-5.924177,6.241e-26,6.245e-26,6.307e-19,6.307e-19,1.00000000
1.400000,-1.023796,0.001995,-5.912007,5.999999,0.000035,-5.911972,4.345e-26,4.348e-26,1.317e-19,1.317e-19,1.00000000
1.500000,-1.094434,0.002798,-5.899338,5.999998,0.000041,-5.899297,1.956e-26,1.958e-26,7.416e-20,7.416e-20,1.00000000
1.600000,-1.165672,0.001208,-5.885675,5.999997,0.000046,-5.885629,8.372e-27,8.368e-27,1.833e-19,1.833e-19,1.00000000
1.700000,-1.239072,0.000215,-5.870662,5.999998,0.000052,-5.870610,6.638e-27,6.594e-27,3.908e-19,3.908e-19,1.00000000
1.800000,-1.311851,0.001605,-5.854830,5.999999,0.000057,-5.854772,1.162e-26,1.150e-26,7.055e-19,7.055e-19,1.00000000
1.900000,-1.382111,0.002743,-5.838642,5.999999,0.000060,-5.838583,1.571e-26,1.554e-26,9.301e-19,9.301e-19,1.00000000
2.000000,-1.452242,0.001556,-5.821594,5.999997,0.000060,-5.821535,1.165e-26,1.152e-26,1.165e-18,1.165e-18,1.00000000
2.100000,-1.524354,0.000306,-5.803130,5.999997,0.000059,-5.803071,5.246e-27,5.182e-27,3.718e-18,3.718e-18,1.00000000
2.200000,-1.596426,0.001287,-5.783719,5.999998,0.000056,-5.783663,1.885e-27,1.863e-27,1.359e-17,1.359e-17,1.00000000
2.300000,-1.666160,0.002618,-5.764017,5.999999,0.000051,-5.763966,6.882e-28,6.812e-28,1.167e-17,1.167e-17,1.00000000
2.400000,-1.735185,0.001841,-5.743614,5.999998,0.000044,-5.743571,2.677e-28,2.654e-28,6.034e-18,6.034e-18,1.00000000
2.500000,-1.805914,0.000450,-5.721769,5.999997,0.000034,-5.721735,1.098e-28,1.079e-28,3.794e-18,3.794e-18,1.00000000
2.600000,-1.877076,0.001031,-5.698821,5.999998,0.000025,-5.698796,4.850e-29,4.708e-29,8.840e-18,8.840e-18,1.00000000
2.700000,-1.946159,0.002460,-5.675601,5.999999,0.000014,-5.675587,2.411e-29,2.373e-29,1.245e-17,1.245e-17,1.00000000
2.800000,-2.014065,0.002062,-5.651860,5.999998,0.000001,-5.651858,1.472e-29,1.449e-29,5.161e-18,5.161e-18,1.00000000
2.900000,-2.083336,0.000611,-5.626693,5.999997,-0.000011,-5.626705,1.252e-29,1.243e-29,1.784e-18,1.784e-18,1.00000000
3.000000,-2.153367,0.000843,-5.600266,5.999997,-0.000022,-5.600288,1.638e-29,1.669e-29,8.054e-19,8.054e-19,1.00000000
3.100000,-2.221565,0.002311,-5.573565,5.999998,-0.000032,-5.573597,2.886e-29,2.959e-29,5.672e-19,5.672e-19,1.00000000
3.200000,-2.288204,0.002233,-5.546539,5.999999,-0.000041,-5.546580,6.293e-29,6.461e-29,3.852e-19,3.852e-19,1.00000000
3.300000,-2.355864,0.000745,-5.518141,5.999998,-0.000047,-5.518188,1.339e-28,1.370e-28,6.657e-19,6.657e-19,1.00000000
3.400000,-2.424532,0.000668,-5.488316,5.999997,-0.000050,-5.488366,2.672e-28,2.736e-28,1.008e-18,1.008e-18,1.00000000
3.500000,-2.491592,0.002184,-5.458199,5.999998,-0.000049,-5.458248,5.044e-28,5.145e-28,1.137e-18,1.137e-18,1.00000000
3.600000,-2.556737,0.002437,-5.427990,5.999999,-0.000044,-5.428034,9.479e-28,9.610e-28,1.138e-18,1.138e-18,1.00000000
3.700000,-2.622565,0.000894,-5.396492,5.999998,-0.000037,-5.396530,1.788e-27,1.788e-27,2.256e-18,2.256e-18,1.00000000
3.800000,-2.689709,0.000422,-5.363342,5.999997,-0.000027,-5.363369,3.162e-27,3.152e-27,1.142e-17,1.142e-17,1.00000000
3.900000,-2.755598,0.001970,-5.329788,5.999997,-0.000013,-5.329802,3.942e-27,3.968e-27,1.391e-17,1.391e-17,1.00000000
4.000000,-2.819199,0.002712,-5.296422,5.999998,0.000003,-5.296420,4.935e-27,3.999e-27,8.493e-18,8.493e-18,1.00000000
4.100000,-2.882971,0.001213,-5.261983,5.999999,0.000019,-5.261963,3.708e-26,1.259e-26,5.263e-18,5.263e-18,1.00000000
4.200000,-2.948376,0.000163,-5.225615,5.999998,0.000036,-5.225579,3.400e-25,8.702e-26,9.649e-18,9.649e-18,1.00000000
4.300000,-3.013136,0.001535,-5.188543,5.999997,0.000054,-5.188489,1.250e-24,3.925e-25,1.482e-17,1.482e-17,1.00000000
4.400000,-3.075314,0.002909,-5.151933,5.999998,0.000071,-5.151862,1.913e-24,9.195e-25,9.212e-18,9.212e-18,1.00000000
4.500000,-3.136840,0.001759,-5.114706,5.999998,0.000086,-5.114620,1.443e-24,1.028e-24,4.899e-18,4.899e-18,1.00000000
4.600000,-3.200059,0.000084,-5.075392,5.999998,0.000098,-5.075294,6.583e-25,6.227e-25,2.113e-18,2.113e-18,1.00000000
4.700000,-3.263456,0.000913,-5.034861,5.999997,0.000107,-5.034754,2.327e-25,2.653e-25,1.026e-18,1.026e-18,1.00000000
4.800000,-3.324295,0.002830,-4.994899,5.999997,0.000112,-4.994788,8.065e-26,1.019e-25,7.976e-19,7.976e-19,1.00000000
4.900000,-3.383494,0.002408,-4.954991,5.999998,0.000113,-4.954878,2.971e-26,3.881e-26,9.574e-19,9.574e-19,1.00000000
5.000000,-3.443981,0.000344,-4.913143,5.999998,0.000109,-4.913034,1.225e-26,1.572e-26,1.072e-18,1.072e-18,1.00000000
5.000000,-3.443981,0.000344,-4.913143,5.999998,0.000109,-4.913034,1.225e-26,1.572e-26,1.072e-18,1.072e-18,1.00000000
5.100000,-3.444599,-0.003768,-4.912708,5.999998,0.000140,-4.912568,6.816e-27,8.414e-27,8.252e-19,8.252e-19,1.00000000
5.200000,-3.445828,-0.011576,-4.911833,5.999997,0.000255,-4.911578,4.416e-27,5.308e-27,1.331e-18,1.331e-18,1.00000000
5.300000,-3.445573,-0.023905,-4.911967,5.999997,0.000542,-4.911425,2.386e-27,2.783e-27,1.450e-18,1.450e-18,1.00000000
5.400000,-3.444225,-0.043331,-4.912781,5.999998,0.001075,-4.911706,1.101e-27,1.220e-27,3.781e-18,3.781e-18,1.00000000
5.500000,-3.443819,-0.069574,-4.912764,5.999998,0.001911,-4.910853,5.152e-28,5.305e-28,7.242e-18,7.242e-18,1.00000000
5.600000,-3.444259,-0.100038,-4.911929,5.999998,0.003089,-4.908840,2.570e-28,2.629e-28,7.375e-18,7.375e-18,1.00000000
5.700000,-3.443336,-0.134445,-4.911754,5.999997,0.004628,-4.907126,1.723e-28,1.838e-28,5.524e-18,5.524e-18,1.00000000
5.800000,-3.440421,-0.175276,-4.912510,5.999998,0.006532,-4.905978,1.865e-28,1.477e-28,4.601e-18,4.601e-18,1.00000000
5.900000,-3.437251,-0.223307,-4.912781,5.999998,0.008786,-4.903995,7.729e-28,1.678e-28,9.225e-18,9.225e-18,1.00000000
6.000000,-3.434485,-0.276243,-4.912024,5.999998,0.011357,-4.900667,4.003e-27,2.104e-28,1.013e-17,1.013e-17,1.00000000
6.100000,-3.430171,-0.332809,-4.911531,5.999998,0.014200,-4.897331,1.211e-26,2.892e-28,6.752e-18,6.752e-18,1.00000000
6.200000,-3.422802,-0.394940,-4.912069,5.999998,0.017257,-4.894812,1.946e-26,5.213e-28,3.339e-18,3.339e-18,1.00000000
6.300000,-3.413472,-0.464204,-4.912505,5.999998,0.020456,-4.892049,1.715e-26,1.068e-27,1.300e-18,1.300e-18,1.00000000
6.400000,-3.403359,-0.538926,-4.911892,5.999998,0.023716,-4.888176,1.003e-26,1.769e-27,1.066e-18,1.066e-18,1.00000000
6.500000,-3.391059,-0.617114,-4.911197,5.999998,0.026953,-4.884244,8.344e-27,3.017e-27,1.169e-18,1.169e-18,1.00000000
6.600000,-3.374487,-0.699860,-4.911517,5.999997,0.030088,-4.881429,1.259e-26,5.294e-27,1.076e-18,1.076e-18,1.00000000
6.700000,-3.353910,-0.789129,-4.912081,5.999998,0.033057,-4.879024,2.343e-26,8.258e-27,8.254e-19,8.254e-19,1.00000000
6.800000,-3.330729,-0.883985,-4.911699,5.999998,0.035821,-4.875879,4.662e-26,1.255e-26,1.308e-18,1.308e-18,1.00000000
6.900000,-3.304242,-0.982051,-4.910961,5.999998,0.038374,-4.872587,9.521e-26,2.193e-26,2.549e-18,2.549e-18,1.00000000
7.000000,-3.272162,-1.083444,-4.911118,5.999998,0.040749,-4.870369,2.450e-25,4.157e-26,3.770e-18,3.770e-18,1.00000000
7.100000,-3.233903,-1.190098,-4.911772,5.999998,0.043009,-4.868763,3.465e-25,4.709e-26,6.139e-18,6.139e-18,1.00000000
7.200000,-3.190782,-1.301811,-4.911636,5.999998,0.045247,-4.866389,1.226e-24,8.723e-26,7.401e-18,7.401e-18,1.00000000
7.300000,-3.142844,-1.416155,-4.910908,5.999998,0.047568,-4.863340,9.310e-24,8.450e-25,7.215e-18,7.215e-18,1.00000000
7.400000,-3.087979,-1.532252,-4.910862,5.999998,0.050083,-4.860779,4.479e-23,5.624e-24,6.029e-18,6.029e-18,1.00000000
7.500000,-3.024835,-1.651583,-4.911478,5.999998,0.052901,-4.858577,1.197e-22,1.939e-23,6.619e-18,6.619e-18,1.00000000
7.600000,-2.954339,-1.774534,-4.911505,5.999998,0.056119,-4.855386,1.601e-22,3.132e-23,8.853e-18,8.853e-18,1.00000000
7.700000,-2.877199,-1.898921,-4.910784,5.999998,0.059815,-4.850969,1.105e-22,2.446e-23,7.583e-18,7.583e-18,1.00000000
7.800000,-2.791850,-2.022988,-4.910506,5.999998,0.064045,-4.846461,4.800e-23,1.143e-23,4.540e-18,4.540e-18,1.00000000
7.900000,-2.696444,-2.147404,-4.910990,5.999998,0.068829,-4.842161,1.745e-23,4.363e-24,2.434e-18,2.434e-18,1.00000000
8.000000,-2.591335,-2.272825,-4.911132,5.999997,0.074150,-4.836982,6.439e-24,1.686e-24,1.476e-18,1.476e-18,1.00000000
8.100000,-2.477705,-2.397510,-4.910488,5.999997,0.079943,-4.830545,2.482e-24,6.792e-25,1.183e-18,1.183e-18,1.00000000
8.200000,-2.354824,-2.519119,-4.910073,5.999998,0.086088,-4.823986,9.815e-25,2.759e-25,1.237e-18,1.237e-18,1.00000000
8.300000,-2.220803,-2.637326,-4.910450,5.999998,0.092419,-4.818031,3.951e-25,1.101e-25,1.137e-18,1.137e-18,1.00000000
8.400000,-2.075476,-2.752670,-4.910721,5.999998,0.098738,-4.811983,1.599e-25,4.320e-26,1.124e-18,1.124e-18,1.00000000
8.500000,-1.920283,-2.863889,-4.910257,5.999997,0.104838,-4.805419,6.420e-26,1.699e-26,2.624e-18,2.624e-18,1.00000000
8.600000,-1.755447,-2.968460,-4.909850,5.999998,0.110530,-4.799320,2.674e-26,7.181e-27,4.529e-18,4.529e-18,1.00000000
8.700000,-1.579542,-3.065166,-4.910171,5.999998,0.115669,-4.794502,1.257e-26,3.477e-27,5.295e-18,5.295e-18,1.00000000
8.800000,-1.392163,-3.154137,-4.910527,5.999998,0.120172,-4.790355,7.501e-27,1.831e-27,5.711e-18,5.711e-18,1.00000000
8.900000,-1.194873,-3.234508,-4.910214,5.999997,0.124024,-4.786191,6.295e-27,1.266e-27,6.925e-18,6.925e-18,1.00000000
9.000000,-0.988801,-3.303923,-4.909821,5.999998,0.127275,-4.782546,6.721e-27,1.346e-27,7.911e-18,7.911e-18,1.00000000
9.100000,-0.773323,-3.360570,-4.910043,5.999998,0.130037,-4.780006,9.022e-27,1.730e-27,6.552e-18,6.552e-18,1.00000000
9.200000,-0.548156,-3.404092,-4.910363,5.999998,0.132468,-4.777895,2.971e-26,2.181e-27,8.489e-18,8.489e-18,1.00000000
9.300000,-0.314999,-3.433927,-4.910080,5.999998,0.134763,-4.775318,5.859e-26,2.783e-27,8.349e-18,8.349e-18,1.00000000
9.400000,-0.075806,-3.448134,-4.909643,5.999997,0.137141,-4.772502,1.022e-25,4.858e-27,5.807e-18,5.807e-18,1.00000000
9.500000,0.169050,-3.444684,-4.909740,5.999998,0.139841,-4.769899,1.891e-25,1.256e-26,3.861e-18,3.861e-18,1.00000000
9.600000,0.419399,-3.422888,-4.909982,5.999998,0.143111,-4.766871,3.310e-25,2.316e-26,2.533e-18,2.533e-18,1.00000000
9.700000,0.673296,-3.382531,-4.909697,5.999998,0.147198,-4.762500,5.044e-25,3.629e-26,1.957e-18,1.957e-18,1.00000000
9.800000,0.928036,-3.322350,-4.909247,5.999997,0.152339,-4.756908,8.970e-25,7.384e-26,1.506e-18,1.506e-18,1.00000000
9.900000,1.182189,-3.240555,-4.909298,5.999998,0.158745,-4.750552,1.606e-24,1.666e-25,1.230e-18,1.230e-18,1.00000000
10.000000,1.434913,-3.136462,-4.909543,5.999998,0.166575,-4.742968,2.754e-24,3.608e-25,1.219e-18,1.219e-18,1.00000000
10.000000,1.434913,-3.136462,-4.909543,5.999998,0.166575,-4.742968,2.754e-24,3.608e-25,1.219e-18,1.219e-18,1.00000000
10.100000,1.681548,-3.011711,-4.909375,5.999998,0.175902,-4.733474,4.768e-24,7.511e-25,1.827e-18,1.827e-18,1.00000000
10.200000,1.916837,-2.868247,-4.909059,5.999997,0.186662,-4.722397,7.284e-24,1.128e-24,3.559e-18,3.559e-18,1.00000000
10.300000,2.139291,-2.706061,-4.909240,5.999998,0.198703,-4.710537,8.765e-24,2.800e-24,3.725e-18,3.725e-18,1.00000000
10.400000,2.348519,-2.525917,-4.909601,5.999998,0.211815,-4.697785,2.413e-23,4.283e-23,3.956e-18,3.956e-18,1.00000000
10.500000,2.543310,-2.329868,-4.909508,5.999998,0.225761,-4.683747,1.609e-22,3.581e-22,5.063e-18,5.063e-18,1.00000000
10.600000,2.721478,-2.119601,-4.909258,5.999997,0.240294,-4.668965,7.305e-22,1.288e-21,7.223e-18,7.223e-18,1.00000000
10.700000,2.881634,-1.895625,-4.909457,5.999998,0.255185,-4.654272,1.677e-21,2.238e-21,6.126e-18,6.126e-18,1.00000000
10.800000,3.023611,-1.658822,-4.909793,5.999998,0.270236,-4.639557,1.822e-21,2.030e-21,5.164e-18,5.164e-18,1.00000000
10.900000,3.146881,-1.411490,-4.909665,5.999998,0.285284,-4.624381,1.049e-21,1.074e-21,6.232e-18,6.232e-18,1.00000000
11.000000,3.249911,-1.155878,-4.909378,5.999998,0.300206,-4.609172,4.183e-22,4.109e-22,5.588e-18,5.588e-18,1.00000000
11.100000,3.331557,-0.892897,-4.909524,5.999997,0.314911,-4.594614,1.542e-22,1.468e-22,4.144e-18,4.144e-18,1.00000000
11.200000,3.391937,-0.623445,-4.909792,5.999998,0.329338,-4.580454,5.996e-23,5.515e-23,3.169e-18,3.169e-18,1.00000000
11.300000,3.431260,-0.349885,-4.909584,5.999998,0.343449,-4.566135,2.438e-23,2.155e-23,2.732e-18,2.732e-18,1.00000000
11.400000,3.448747,-0.074850,-4.909228,5.999998,0.357230,-4.551998,1.022e-23,8.559e-24,1.935e-18,1.935e-18,1.00000000
11.500000,3.443561,0.200453,-4.909346,5.999997,0.370695,-4.538651,4.452e-24,3.432e-24,1.243e-18,1.243e-18,1.00000000
11.600000,3.416098,0.475250,-4.909621,5.999998,0.383894,-4.525727,2.020e-24,1.385e-24,1.325e-18,1.325e-18,1.00000000
11.700000,3.367346,0.747352,-4.909422,5.999998,0.396914,-4.512508,9.440e-25,5.528e-25,2.093e-18,2.093e-18,1.00000000
11.800000,3.297415,1.013939,-4.909069,5.999998,0.409866,-4.499203,5.047e-25,2.210e-25,4.707e-18,4.707e-18,1.00000000
11.900000,3.205849,1.273556,-4.909231,5.999997,0.422879,-4.486353,3.939e-25,9.499e-26,5.324e-18,5.324e-18,1.00000000
12.000000,3.093222,1.525656,-4.909615,5.999998,0.436078,-4.473537,4.805e-25,4.754e-26,4.058e-18,4.058e-18,1.00000000
12.100000,2.961200,1.768568,-4.909525,5.999998,0.449566,-4.459959,5.932e-25,3.211e-26,4.239e-18,4.239e-18,1.00000000
12.200000,2.810888,1.999631,-4.909212,5.999998,0.463416,-4.445795,6.833e-25,3.115e-26,6.343e-18,6.343e-18,1.00000000
12.300000,2.642346,2.217214,-4.909373,5.999998,0.477664,-4.431709,7.183e-25,3.731e-26,6.861e-18,6.861e-18,1.00000000
12.400000,2.456178,2.420958,-4.909799,5.999998,0.492309,-4.417490,8.569e-25,7.117e-26,4.538e-18,4.538e-18,1.00000000
12.500000,2.254398,2.609942,-4.909773,5.999998,0.507321,-4.402452,1.147e-24,1.533e-25,5.327e-18,5.327e-18,1.00000000
12.600000,2.038980,2.782080,-4.909437,5.999998,0.522647,-4.386790,1.358e-24,5.938e-25,5.465e-18,5.465e-18,1.00000000
12.700000,1.810634,2.935729,-4.909488,5.999998,0.538219,-4.371269,1.810e-24,1.671e-24,5.085e-18,5.085e-18,1.00000000
12.800000,1.569982,3.070596,-4.909844,5.999998,0.553960,-4.355884,2.358e-24,4.214e-24,4.418e-18,4.418e-18,1.00000000
12.900000,1.319027,3.186486,-4.909831,5.999998,0.569785,-4.340047,3.077e-24,1.035e-23,3.269e-18,3.269e-18,1.00000000
13.000000,1.060290,3.282198,-4.909474,5.999998,0.585603,-4.323871,5.593e-24,2.094e-23,2.401e-18,2.401e-18,1.00000000
13.100000,0.795162,3.356387,-4.909415,5.999998,0.601330,-4.308086,1.225e-23,3.953e-23,2.238e-18,2.238e-18,1.00000000
13.200000,0.524404,3.408793,-4.909695,5.999998,0.616899,-4.292796,2.534e-23,7.501e-23,1.882e-18,1.882e-18,1.00000000
13.300000,0.249793,3.439783,-4.909731,5.999997,0.632286,-4.277445,4.724e-23,1.400e-22,1.401e-18,1.401e-18,1.00000000
13.400000,-0.026026,3.449153,-4.909443,5.999998,0.647520,-4.261923,6.276e-23,2.386e-22,3.001e-18,3.001e-18,1.00000000
13.500000,-0.301136,3.436194,-4.909365,5.999998,0.662693,-4.246672,1.426e-22,5.381e-22,5.192e-18,5.192e-18,1.00000000
13.600000,-0.574542,3.400794,-4.909631,5.999998,0.677959,-4.231672,8.629e-22,2.805e-21,4.379e-18,4.379e-18,1.00000000
13.700000,-0.844803,3.343714,-4.909771,5.999997,0.693512,-4.216260,4.156e-21,1.290e-20,3.386e-18,3.386e-18,1.00000000
13.800000,-1.109566,3.265676,-4.909602,5.999997,0.709565,-4.200037,1.113e-20,2.953e-20,5.358e-18,5.358e-18,1.00000000
13.900000,-1.366703,3.166817,-4.909518,5.999998,0.726331,-4.183187,1.557e-20,3.553e-20,6.996e-18,6.996e-18,1.00000000
14.000000,-1.615005,3.047326,-4.909739,5.999998,0.743999,-4.165741,1.174e-20,2.502e-20,4.914e-18,4.914e-18,1.00000000
14.100000,-1.853407,2.908160,-4.909935,5.999998,0.762722,-4.147213,5.550e-21,1.174e-20,3.943e-18,3.943e-18,1.00000000
14.200000,-2.080170,2.750709,-4.909833,5.999997,0.782617,-4.127216,2.108e-21,4.444e-21,4.393e-18,4.393e-18,1.00000000
14.300000,-2.293321,2.576003,-4.909670,5.999998,0.803753,-4.105917,7.838e-22,1.635e-21,4.385e-18,4.385e-18,1.00000000
14.400000,-2.491503,2.384684,-4.909753,5.999998,0.826151,-4.083602,3.045e-22,6.297e-22,4.383e-18,4.383e-18,1.00000000
14.500000,-2.673929,2.177747,-4.909939,5.999998,0.849778,-4.060161,1.254e-22,2.578e-22,3.507e-18,3.507e-18,1.00000000
14.600000,-2.839636,1.956874,-4.909896,5.999997,0.874541,-4.035355,5.872e-23,1.167e-22,2.687e-18,2.687e-18,1.00000000
14.700000,-2.987214,1.723860,-4.909667,5.999998,0.900284,-4.009383,3.243e-23,6.095e-23,2.250e-18,2.250e-18,1.00000000
14.800000,-3.115360,1.480002,-4.909593,5.999998,0.926779,-3.982814,2.089e-23,3.575e-23,1.928e-18,1.928e-18,1.00000000
14.900000,-3.223401,1.226356,-4.909757,5.999998,0.953739,-3.956018,1.800e-23,2.413e-23,1.465e-18,1.465e-18,1.00000000
15.000000,-3.311061,0.964495,-4.909847,5.999998,0.980838,-3.929009,2.329e-23,2.110e-23,2.312e-18,2.312e-18,1.00000000
15.100000,-3.377843,0.696605,-4.909673,5.999998,1.007746,-3.901927,3.131e-23,2.314e-23,4.029e-18,4.029e-18,1.00000000
15.200000,-3.422909,0.424699,-4.909511,5.999998,1.034174,-3.875338,3.569e-23,2.335e-23,4.944e-18,4.944e-18,1.00000000
15.300000,-3.445681,0.150101,-4.909657,5.999998,1.059904,-3.849753,3.209e-23,1.989e-23,4.403e-18,4.403e-18,1.00000000
15.400000,-3.446297,-0.125933,-4.909903,5.999998,1.084810,-3.825093,2.994e-23,1.574e-23,3.485e-18,3.485e-18,1.00000000
15.500000,-3.425214,-0.401385,-4.909865,5.999998,1.108864,-3.801001,3.220e-23,1.616e-23,4.921e-18,4.921e-18,1.00000000
15.600000,-3.382493,-0.673837,-4.909650,5.999998,1.132124,-3.777525,6.453e-23,2.000e-23,5.168e-18,5.168e-18,1.00000000
15.700000,-3.317882,-0.941558,-4.909695,5.999998,1.154721,-3.754974,2.200e-22,3.121e-23,3.458e-18,3.458e-18,1.00000000
15.800000,-3.231645,-1.203534,-4.909985,5.999998,1.176826,-3.733158,3.831e-22,3.609e-23,3.374e-18,3.374e-18,1.00000000
15.900000,-3.124851,-1.458330,-4.910046,5.999998,1.198636,-3.711411,3.142e-22,5.391e-23,3.726e-18,3.726e-18,1.00000000
16.000000,-2.998572,-1.703687,-4.909785,5.999998,1.220340,-3.689445,1.721e-22,1.484e-22,3.567e-18,3.567e-18,1.00000000
16.100000,-2.853223,-1.937583,-4.909671,5.999998,1.242114,-3.667557,1.342e-22,3.733e-22,3.086e-18,3.086e-18,1.00000000
16.200000,-2.689150,-2.159007,-4.909901,5.999998,1.264097,-3.645805,1.896e-22,7.638e-22,2.762e-18,2.762e-18,1.00000000
16.300000,-2.507604,-2.367164,-4.910034,5.999998,1.286384,-3.623650,2.820e-22,1.356e-21,2.651e-18,2.651e-18,1.00000000
16.400000,-2.310429,-2.560443,-4.909789,5.999998,1.309016,-3.600773,4.184e-22,2.207e-21,2.354e-18,2.354e-18,1.00000000
16.500000,-2.098898,-2.736911,-4.909574,5.999998,1.331977,-3.577597,6.197e-22,3.377e-21,1.827e-18,1.827e-18,1.00000000
16.600000,-1.873641,-2.895482,-4.909748,5.999998,1.355192,-3.554556,8.182e-22,4.716e-21,2.315e-18,2.315e-18,1.00000000
16.700000,-1.635852,-3.035814,-4.909969,5.999998,1.378537,-3.531431,3.000e-21,7.086e-21,4.542e-18,4.542e-18,1.00000000
16.800000,-1.387721,-3.157170,-4.909835,5.999998,1.401857,-3.507978,1.832e-20,1.927e-20,5.698e-18,5.698e-18,1.00000000
16.900000,-1.131281,-3.258174,-4.909632,5.999998,1.424992,-3.484640,5.201e-20,5.216e-20,5.430e-18,5.430e-18,1.00000000
17.000000,-0.867615,-3.337842,-4.909789,5.999998,1.447807,-3.461982,8.600e-20,8.742e-20,4.467e-18,4.467e-18,1.00000000
17.100000,-0.597839,-3.396132,-4.910076,5.999998,1.470209,-3.439867,8.370e-20,9.362e-20,4.422e-18,4.422e-18,1.00000000
17.200000,-0.324104,-3.433135,-4.910042,5.999998,1.492159,-3.417884,5.113e-20,6.421e-20,4.937e-18,4.937e-18,1.00000000
17.300000,-0.048821,-3.448319,-4.909856,5.999998,1.513675,-3.396181,2.280e-20,3.085e-20,4.270e-18,4.270e-18,1.00000000
17.400000,0.226514,-3.441080,-4.909952,5.999998,1.534837,-3.375115,8.997e-21,1.287e-20,3.283e-18,3.283e-18,1.00000000
17.500000,0.500819,-3.411613,-4.910199,5.999998,1.555773,-3.354426,3.527e-21,5.448e-21,2.940e-18,2.940e-18,1.00000000
17.600000,0.772219,-3.360631,-4.910174,5.999998,1.576650,-3.333524,1.420e-21,2.446e-21,3.219e-18,3.219e-18,1.00000000
17.700000,1.038336,-3.288463,-4.909974,5.999998,1.597652,-3.312322,6.113e-22,1.234e-21,3.121e-18,3.121e-18,1.00000000
17.800000,1.297484,-3.195076,-4.909990,5.999998,1.618971,-3.291019,3.046e-22,7.365e-22,2.866e-18,2.866e-18,1.00000000
17.900000,1.548590,-3.080962,-4.910144,5.999998,1.640791,-3.269353,1.944e-22,5.350e-22,2.521e-18,2.521e-18,1.00000000
18.000000,1.790111,-2.947288,-4.910088,5.999998,1.663274,-3.246814,1.653e-22,4.788e-22,2.606e-18,2.606e-18,1.00000000
18.100000,2.019996,-2.795064,-4.909909,5.999998,1.686546,-3.223364,1.828e-22,5.074e-22,2.287e-18,2.287e-18,1.00000000
18.200000,2.236685,-2.624858,-4.909923,5.999998,1.710688,-3.199235,2.243e-22,5.966e-22,1.985e-18,1.985e-18,1.00000000
18.300000,2.439228,-2.437575,-4.910027,5.999998,1.735730,-3.174298,2.527e-22,6.773e-22,2.899e-18,2.899e-18,1.00000000
18.400000,2.626404,-2.234788,-4.909959,5.999997,1.761644,-3.148314,2.722e-22,6.994e-22,4.141e-18,4.141e-18,1.00000000
18.500000,2.796604,-2.017961,-4.909868,5.999997,1.788350,-3.121518,3.068e-22,6.817e-22,4.820e-18,4.820e-18,1.00000000
18.600000,2.948683,-1.788080,-4.909991,5.999998,1.815720,-3.094271,4.393e-22,6.395e-22,4.826e-18,4.826e-18,1.00000000
18.700000,3.082080,-1.546470,-4.910111,5.999998,1.843596,-3.066515,6.057e-22,6.268e-22,4.641e-18,4.641e-18,1.00000000
18.800000,3.195990,-1.295150,-4.910011,5.999998,1.871813,-3.038198,1.294e-21,8.652e-22,4.103e-18,4.103e-18,1.00000000
18.900000,3.289237,-1.035893,-4.909971,5.999997,1.900212,-3.009759,2.984e-21,1.267e-21,3.866e-18,3.866e-18,1.00000000
19.000000,3.361157,-0.769790,-4.910196,5.999998,1.928656,-2.981539,4.102e-21,1.276e-21,3.239e-18,3.239e-18,1.00000000
19.100000,3.411816,-0.498327,-4.910312,5.999999,1.957035,-2.953277,3.429e-21,9.962e-22,2.552e-18,2.552e-18,1.00000000
19.200000,3.441055,-0.223920,-4.910090,5.999998,1.985269,-2.924821,2.100e-21,9.140e-22,2.330e-18,2.330e-18,1.00000000
19.300000,3.448108,0.051345,-4.909978,5.999997,2.013301,-2.896677,1.713e-21,1.351e-21,1.971e-18,1.971e-18,1.00000000
19.400000,3.432615,0.326487,-4.910248,5.999998,2.041093,-2.869155,2.372e-21,2.066e-21,2.036e-18,2.036e-18,1.00000000
19.500000,3.395280,0.600260,-4.910371,5.999999,2.068613,-2.841758,3.933e-21,3.275e-21,2.319e-18,2.319e-18,1.00000000
19.600000,3.336867,0.870097,-4.910013,5.999999,2.095823,-2.814190,6.313e-21,5.645e-21,2.706e-18,2.706e-18,1.00000000
19.700000,3.257164,1.133538,-4.909781,5.999998,2.122679,-2.787102,9.101e-21,9.462e-21,2.646e-18,2.646e-18,1.00000000
19.800000,3.155893,1.389689,-4.910099,5.999997,2.149133,-2.760966,1.175e-20,1.376e-20,2.051e-18,2.051e-18,1.00000000
19.900000,3.034161,1.637879,-4.910315,5.999998,2.175141,-2.735174,1.740e-20,1.911e-20,2.497e-18,2.497e-18,1.00000000
20.000000,2.893771,1.875840,-4.909918,5.999999,2.200674,-2.709244,4.542e-20,3.154e-20,3.439e-18,3.439e-18,1.00000000
20.100000,2.735357,2.100845,-4.909607,5.999998,2.225732,-2.683875,1.020e-19,6.116e-20,4.098e-18,4.098e-18,1.00000000
20.200000,2.558680,2.311910,-4.910010,5.999997,2.250350,-2.659660,1.178e-19,9.879e-20,5.509e-18,5.509e-18,1.00000000
20.300000,2.364850,2.509046,-4.910412,5.999998,2.274598,-2.635814,8.394e-20,1.006e-19,5.857e-18,5.857e-18,1.00000000
20.400000,2.156527,2.690820,-4.910077,5.999998,2.298569,-2.611509,4.773e-20,6.308e-20,3.376e-18,3.376e-18,1.00000000
20.500000,1.935430,2.854629,-4.909703,5.999998,2.322371,-2.587332,2.267e-20,2.904e-20,3.297e-18,3.297e-18,1.00000000
20.600000,1.701512,2.999253,-4.910123,5.999998,2.346116,-2.564007,9.847e-21,1.256e-20,3.271e-18,3.271e-18,1.00000000
20.700000,1.455512,3.125196,-4.910662,5.999998,2.369907,-2.540756,4.267e-21,5.943e-21,2.735e-18,2.735e-18,1.00000000
20.800000,1.200418,3.232217,-4.910372,5.999998,2.393830,-2.516542,1.923e-21,3.332e-21,2.111e-18,2.111e-18,1.00000000
20.900000,0.939009,3.318360,-4.909860,5.999998,2.417950,-2.491910,9.939e-22,2.308e-21,1.861e-18,1.861e-18,1.00000000
21.000000,0.671706,3.382166,-4.910167,5.999998,2.442309,-2.467858,6.849e-22,1.760e-21,2.155e-18,2.155e-18,1.00000000
21.100000,0.398715,3.424253,-4.910753,5.999998,2.466927,-2.443825,6.022e-22,1.543e-21,2.341e-18,2.341e-18,1.00000000
21.200000,0.122753,3.445576,-4.910490,5.999998,2.491800,-2.418690,6.538e-22,1.600e-21,2.619e-18,2.619e-18,1.00000000
21.300000,-0.152641,3.445314,-4.909836,5.999998,2.516895,-2.392941,8.027e-22,1.734e-21,2.905e-18,2.905e-18,1.00000000
21.400000,-0.426334,3.422007,-4.909998,5.999998,2.542152,-2.367846,9.917e-22,1.915e-21,1.906e-18,1.906e-18,1.00000000
21.500000,-0.698540,3.376056,-4.910628,5.999998,2.567493,-2.343134,1.292e-21,2.298e-21,1.855e-18,1.855e-18,1.00000000
21.600000,-0.967301,3.309330,-4.910462,5.999998,2.592829,-2.317633,1.761e-21,2.846e-21,2.343e-18,2.343e-18,1.00000000
21.700000,-1.228863,3.222450,-4.909755,5.999998,2.618079,-2.291676,1.823e-21,3.578e-21,2.997e-18,2.997e-18,1.00000000
21.800000,-1.481322,3.114374,-4.909821,5.999998,2.643186,-2.266635,1.900e-21,4.074e-21,4.933e-18,4.933e-18,1.00000000
21.900000,-1.725026,2.985123,-4.910529,5.999998,2.668136,-2.242393,2.478e-21,4.352e-21,5.769e-18,5.769e-18,1.00000000
22.000000,-1.959063,2.837007,-4.910544,5.999998,2.692966,-2.217578,4.393e-21,5.375e-21,3.083e-18,3.083e-18,1.00000000
22.100000,-2.180159,2.672087,-4.909871,5.999998,2.717757,-2.192114,6.494e-21,9.912e-21,2.714e-18,2.714e-18,1.00000000
22.200000,-2.385871,2.490190,-4.909843,5.999998,2.742629,-2.167214,7.157e-21,1.421e-20,3.070e-18,3.070e-18,1.00000000
22.300000,-2.576345,2.291009,-4.910570,5.999998,2.767726,-2.142844,5.597e-21,1.182e-20,2.841e-18,2.841e-18,1.00000000
22.400000,-2.751705,2.076720,-4.910736,5.999998,2.793204,-2.117532,3.783e-21,7.142e-21,2.573e-18,2.573e-18,1.00000000
22.500000,-2.909780,1.850442,-4.910094,5.999998,2.819204,-2.090890,3.412e-21,4.406e-21,2.177e-18,2.177e-18,1.00000000
22.600000,-3.048042,1.613137,-4.909910,5.999998,2.845846,-2.064064,4.297e-21,3.253e-21,1.746e-18,1.746e-18,1.00000000
22.700000,-3.166206,1.364424,-4.910547,5.999998,2.873214,-2.037333,6.265e-21,3.992e-21,1.611e-18,1.611e-18,1.00000000
22.800000,-3.265116,1.105932,-4.910795,5.999998,2.901345,-2.009450,9.108e-21,5.976e-21,2.040e-18,2.040e-18,1.00000000
22.900000,-3.344012,0.841223,-4.910183,5.999998,2.930224,-1.979960,1.272e-20,8.655e-21,2.531e-18,2.531e-18,1.00000000
23.000000,-3.400840,0.572377,-4.909853,5.999998,2.959776,-1.950077,1.764e-20,1.203e-20,1.859e-18,1.859e-18,1.00000000
23.100000,-3.434914,0.299285,-4.910374,5.999998,2.989869,-1.920505,2.713e-20,1.979e-20,1.355e-18,1.355e-18,1.00000000
23.200000,-3.447397,0.022915,-4.910693,5.999998,3.020315,-1.890378,4.887e-20,4.516e-20,1.505e-18,1.505e-18,1.00000000
23.300000,-3.438899,-0.253339,-4.910169,5.999998,3.050884,-1.859285,8.233e-20,9.292e-20,2.039e-18,2.039e-18,1.00000000
23.400000,-3.408326,-0.526616,-4.909782,5.999998,3.081328,-1.828455,1.069e-19,1.308e-19,3.644e-18,3.644e-18,1.00000000
23.500000,-3.354861,-0.796519,-4.910239,5.999998,3.111408,-1.798830,9.341e-20,1.114e-19,5.627e-18,5.627e-18,1.00000000
23.600000,-3.279684,-1.062634,-4.910647,5.999998,3.140931,-1.769716,5.525e-20,6.140e-20,4.029e-18,4.029e-18,1.00000000
23.700000,-3.184506,-1.322218,-4.910258,5.999998,3.169763,-1.740495,2.557e-20,2.765e-20,2.238e-18,2.238e-18,1.00000000
23.800000,-3.069443,-1.572152,-4.909871,5.999998,3.197849,-1.712022,1.133e-20,1.310e-20,2.191e-18,2.191e-18,1.00000000
23.900000,-2.933886,-1.811522,-4.910263,5.999998,3.225211,-1.685052,6.041e-21,7.446e-21,2.359e-18,2.359e-18,1.00000000
24.000000,-2.778854,-2.040299,-4.910716,5.999998,3.251947,-1.658769,3.775e-21,5.360e-21,2.547e-18,2.547e-18,1.00000000
24.100000,-2.606736,-2.256693,-4.910421,5.999998,3.278206,-1.632215,2.628e-21,4.549e-21,2.256e-18,2.256e-18,1.00000000
24.200000,-2.418835,-2.457861,-4.910003,5.999998,3.304176,-1.605827,2.012e-21,3.878e-21,1.760e-18,1.760e-18,1.00000000
24.300000,-2.215008,-2.642510,-4.910281,5.999998,3.330056,-1.580225,1.742e-21,3.212e-21,1.572e-18,1.572e-18,1.00000000
24.400000,-1.996046,-2.810811,-4.910715,5.999998,3.356038,-1.554677,1.709e-21,2.921e-21,1.823e-18,1.823e-18,1.00000000
24.500000,-1.764568,-2.961997,-4.910484,5.999998,3.382285,-1.528199,1.784e-21,3.047e-21,2.077e-18,2.077e-18,1.00000000
24.600000,-1.522824,-3.093937,-4.910044,5.999997,3.408919,-1.501125,2.045e-21,3.642e-21,1.682e-18,1.682e-18,1.00000000
24.700000,-1.271312,-3.205234,-4.910216,5.999998,3.436017,-1.474199,2.594e-21,4.829e-21,1.332e-18,1.332e-18,1.00000000
24.800000,-1.010675,-3.296106,-4.910622,5.999999,3.463603,-1.447018,3.722e-21,6.097e-21,1.613e-18,1.613e-18,1.00000000
24.900000,-0.743406,-3.366686,-4.910474,5.999998,3.491651,-1.418823,4.875e-21,7.232e-21,1.967e-18,1.967e-18,1.00000000
25.000000,-0.472290,-3.415838,-4.910087,5.999997,3.520081,-1.390006,7.298e-21,8.548e-21,2.624e-18,2.624e-18,1.00000000
25.100000,-0.198453,-3.442432,-4.910219,5.999998,3.548781,-1.361438,9.826e-21,8.743e-21,4.179e-18,4.179e-18,1.00000000
25.200000,0.077457,-3.446732,-4.910603,5.999998,3.577620,-1.332983,1.277e-20,9.369e-21,3.820e-18,3.820e-18,1.00000000
25.300000,0.353268,-3.429561,-4.910529,5.999998,3.606472,-1.304057,1.481e-20,1.836e-20,2.157e-18,2.157e-18,1.00000000
25.400000,0.626130,-3.390815,-4.910225,5.999998,3.635234,-1.274990,1.424e-20,2.853e-20,2.048e-18,2.048e-18,1.00000000
25.500000,0.894532,-3.329911,-4.910344,5.999998,3.663845,-1.246499,1.149e-20,2.732e-20,2.062e-18,2.062e-18,1.00000000
25.600000,1.157787,-3.247285,-4.910667,5.999998,3.692287,-1.218379,7.857e-21,2.062e-20,2.199e-18,2.199e-18,1.00000000
25.700000,1.414107,-3.144283,-4.910577,5.999999,3.720589,-1.189989,6.371e-21,1.323e-20,2.243e-18,2.243e-18,1.00000000
25.800000,1.660892,-3.021660,-4.910294,5.999998,3.748817,-1.161477,6.590e-21,9.785e-21,1.982e-18,1.982e-18,1.00000000
25.900000,1.896572,-2.879414,-4.910393,5.999998,3.777075,-1.133318,7.067e-21,1.009e-20,1.664e-18,1.664e-18,1.00000000
26.000000,2.120550,-2.718241,-4.910643,5.999998,3.805483,-1.105160,7.975e-21,1.211e-20,1.541e-18,1.541e-18,1.00000000
26.100000,2.331483,-2.539941,-4.910486,5.999998,3.834164,-1.076322,9.278e-21,1.476e-20,1.479e-18,1.479e-18,1.00000000
26.200000,2.527153,-2.345981,-4.910178,5.999998,3.863229,-1.046949,1.094e-20,1.732e-20,1.648e-18,1.648e-18,1.00000000
26.300000,2.706120,-2.136820,-4.910284,5.999998,3.892761,-1.017523,1.584e-20,2.237e-20,1.489e-18,1.489e-18,1.00000000
26.400000,2.868063,-1.913330,-4.910535,5.999998,3.922811,-0.987725,2.870e-20,4.156e-20,1.390e-18,1.390e-18,1.00000000
26.500000,3.012250,-1.677702,-4.910361,5.999998,3.953396,-0.956965,4.319e-20,7.773e-20,1.545e-18,1.545e-18,1.00000000
26.600000,3.136977,-1.432056,-4.910048,5.999998,3.984502,-0.925545,4.434e-20,9.731e-20,1.994e-18,1.994e-18,1.00000000
26.700000,3.240985,-1.177238,-4.910204,5.999998,4.016088,-0.894115,3.280e-20,7.590e-20,3.149e-18,3.149e-18,1.00000000
26.800000,3.324286,-0.914103,-4.910551,5.999998,4.048096,-0.862455,1.996e-20,4.264e-20,3.246e-18,3.246e-18,1.00000000
26.900000,3.386959,-0.644979,-4.910447,5.999998,4.080453,-0.829993,1.118e-20,2.301e-20,2.164e-18,2.164e-18,1.00000000
27.000000,3.428076,-0.372522,-4.910143,5.999998,4.113086,-0.797057,6.846e-21,1.370e-20,1.545e-18,1.545e-18,1.00000000
27.100000,3.446634,-0.097994,-4.910304,5.999998,4.145926,-0.764378,5.508e-21,8.911e-21,1.450e-18,1.450e-18,1.00000000
27.200000,3.442854,0.177896,-4.910711,5.999998,4.178924,-0.731788,4.505e-21,6.426e-21,1.692e-18,1.692e-18,1.00000000
27.300000,3.417604,0.453101,-4.910667,5.999998,4.212046,-0.698621,3.630e-21,5.599e-21,2.011e-18,2.011e-18,1.00000000
27.400000,3.370968,0.724760,-4.910323,5.999998,4.245278,-0.665045,2.979e-21,4.840e-21,2.019e-18,2.019e-18,1.00000000
27.500000,3.302379,0.991185,-4.910379,5.999998,4.278623,-0.631757,2.788e-21,4.169e-21,1.808e-18,1.808e-18,1.00000000
27.600000,3.212107,1.251763,-4.910747,5.999998,4.312092,-0.598656,3.054e-21,4.015e-21,1.548e-18,1.548e-18,1.00000000
27.700000,3.101545,1.505032,-4.910731,5.999998,4.345701,-0.565029,4.206e-21,4.749e-21,1.437e-18,1.437e-18,1.00000000
27.800000,2.971814,1.748382,-4.910342,5.999998,4.379459,-0.530883,6.131e-21,6.064e-21,1.392e-18,1.392e-18,1.00000000
27.900000,2.823038,1.979838,-4.910262,5.999998,4.413354,-0.496908,7.137e-21,7.019e-21,1.392e-18,1.392e-18,1.00000000
28.000000,2.655535,2.198745,-4.910563,5.999998,4.447357,-0.463206,7.944e-21,7.640e-21,1.351e-18,1.351e-18,1.00000000
28.100000,2.470886,2.404290,-4.910609,5.999998,4.481410,-0.429199,1.344e-20,8.595e-21,1.592e-18,1.592e-18,1.00000000
28.200000,2.271029,2.594548,-4.910267,5.999998,4.515442,-0.394825,1.781e-20,8.603e-21,1.692e-18,1.692e-18,1.00000000
28.300000,2.056950,2.767598,-4.910125,5.999998,4.549379,-0.360747,1.918e-20,8.362e-21,1.918e-18,1.918e-18,1.00000000
28.400000,1.829199,2.922675,-4.910395,5.999998,4.583164,-0.327231,3.097e-20,1.341e-20,2.054e-18,2.054e-18,1.00000000
28.500000,1.589282,3.059495,-4.910565,5.999998,4.616767,-0.293798,5.365e-20,2.221e-20,1.877e-18,1.877e-18,1.00000000
28.600000,1.339527,3.177092,-4.910369,5.999998,4.650196,-0.260173,6.569e-20,2.256e-20,1.566e-18,1.566e-18,1.00000000
28.700000,1.081727,3.274072,-4.910224,5.999998,4.683498,-0.226725,5.040e-20,2.066e-20,1.424e-18,1.424e-18,1.00000000
28.800000,0.816872,3.349685,-4.910429,5.999998,4.716760,-0.193669,2.740e-20,2.080e-20,1.474e-18,1.474e-18,1.00000000
28.900000,0.546292,3.403953,-4.910667,5.999998,4.750094,-0.160573,1.434e-20,1.780e-20,1.720e-18,1.720e-18,1.00000000
29.000000,0.272188,3.436838,-4.910604,5.999998,4.783629,-0.126975,9.338e-21,1.368e-20,1.875e-18,1.875e-18,1.00000000
29.100000,-0.003213,3.447841,-4.910433,5.999998,4.817495,-0.092939,6.809e-21,1.103e-20,1.749e-18,1.749e-18,1.00000000
29.200000,-0.278380,3.436521,-4.910479,5.999998,4.851809,-0.058670,5.590e-21,1.054e-20,1.530e-18,1.530e-18,1.00000000
29.300000,-0.552049,3.403026,-4.910665,5.999998,4.886667,-0.023999,5.477e-21,1.249e-20,1.425e-18,1.425e-18,1.00000000
29.400000,-0.822491,3.347923,-4.910692,5.999998,4.922126,0.011434,6.440e-21,1.665e-20,1.178e-18,1.178e-18,1.00000000
29.500000,-1.087575,3.271691,-4.910519,5.999998,4.958208,0.047689,9.732e-21,2.379e-20,1.320e-18,1.320e-18,1.00000000
29.600000,-1.345395,3.174578,-4.910391,5.999998,4.994892,0.084501,1.665e-20,3.947e-20,1.329e-18,1.329e-18,1.00000000
29.700000,-1.594535,3.056931,-4.910459,5.999998,5.032117,0.121659,2.102e-20,6.318e-20,1.605e-18,1.605e-18,1.00000000
29.800000,-1.833742,2.919535,-4.910569,5.999998,5.069783,0.159215,1.774e-20,7.359e-20,1.644e-18,1.644e-18,1.00000000
29.900000,-2.061479,2.763575,-4.910493,5.999998,5.107763,0.197270,1.122e-20,6.079e-20,1.612e-18,1.612e-18,1.00000000
30.000000,-2.275912,2.590230,-4.910286,5.999998,5.145923,0.235637,7.259e-21,4.172e-20,1.302e-18,1.302e-18,1.00000000
30.100000,-2.475431,2.400349,-4.910249,5.999998,5.184146,0.273897,5.235e-21,2.855e-20,1.199e-18,1.199e-18,1.00000000
30.200000,-2.659049,2.194747,-4.910450,5.999998,5.222344,0.311895,6.024e-21,2.017e-20,1.245e-18,1.245e-18,1.00000000
30.300000,-2.826020,1.974850,-4.910555,5.999998,5.260480,0.349924,6.494e-21,1.385e-20,1.248e-18,1.248e-18,1.00000000
30.400000,-2.975148,1.742630,-4.910368,5.999998,5.298570,0.388202,5.494e-21,1.021e-20,1.180e-18,1.180e-18,1.00000000
30.500000,-3.104927,1.499701,-4.910224,5.999998,5.336689,0.426465,4.594e-21,7.514e-21,1.301e-18,1.301e-18,1.00000000
30.600000,-3.214437,1.246992,-4.910436,5.999998,5.374962,0.464526,4.885e-21,5.947e-21,1.469e-18,1.469e-18,1.00000000
30.700000,-3.303556,0.985738,-4.910684,5.999998,5.413551,0.502867,5.290e-21,5.342e-21,1.574e-18,1.574e-18,1.00000000
30.800000,-3.372059,0.718207,-4.910538,5.999998,5.452637,0.542099,5.780e-21,5.137e-21,1.599e-18,1.599e-18,1.00000000
30.900000,-3.419020,0.446753,-4.910264,5.999998,5.492398,0.582134,7.077e-21,4.922e-21,1.431e-18,1.431e-18,1.00000000
31.000000,-3.443583,0.172644,-4.910387,5.999998,5.532994,0.622606,8.826e-21,4.895e-21,1.244e-18,1.244e-18,1.00000000
31.100000,-3.445905,-0.103223,-4.910708,5.999998,5.574539,0.663831,1.156e-20,4.981e-21,1.253e-18,1.253e-18,1.00000000
31.200000,-3.426686,-0.378837,-4.910630,5.999998,5.617092,0.706463,1.631e-20,5.560e-21,1.286e-18,1.286e-18,1.00000000
31.300000,-3.385979,-0.651453,-4.910268,5.999998,5.660638,0.750370,2.329e-20,7.024e-21,1.475e-18,1.475e-18,1.00000000
31.400000,-3.323249,-0.919316,-4.910280,5.999998,5.705083,0.794803,3.092e-20,7.395e-21,1.438e-18,1.438e-18,1.00000000
31.500000,-3.238678,-1.181740,-4.910644,5.999998,5.750256,0.839612,4.068e-20,7.672e-21,1.481e-18,1.481e-18,1.00000000
31.600000,-3.133573,-1.437337,-4.910678,5.999998,5.795919,0.885241,5.984e-20,1.197e-20,1.120e-18,1.120e-18,1.00000000
31.700000,-3.009099,-1.683502,-4.910308,5.999998,5.841791,0.931484,7.782e-20,2.185e-20,8.707e-19,8.707e-19,1.00000000
31.800000,-2.865389,-1.918109,-4.910232,5.999998,5.887596,0.977364,8.453e-20,3.007e-20,1.119e-18,1.119e-18,1.00000000
31.900000,-2.702622,-2.140478,-4.910617,5.999998,5.933096,1.022478,6.994e-20,3.131e-20,1.269e-18,1.269e-18,1.00000000
32.000000,-2.522321,-2.349948,-4.910766,5.999998,5.978130,1.067364,4.456e-20,2.672e-20,1.173e-18,1.173e-18,1.00000000
32.100000,-2.326579,-2.544571,-4.910414,5.999998,6.022625,1.112211,2.730e-20,2.245e-20,1.104e-18,1.104e-18,1.00000000
32.200000,-2.116419,-2.722192,-4.910236,5.999998,6.066604,1.156367,1.818e-20,1.885e-20,1.213e-18,1.213e-18,1.00000000
32.300000,-1.892129,-2.882022,-4.910578,5.999998,6.110171,1.199592,1.240e-20,1.493e-20,1.399e-18,1.399e-18,1.00000000
32.400000,-1.655100,-3.024023,-4.910795,5.999998,6.153498,1.242703,9.295e-21,1.250e-20,1.509e-18,1.509e-18,1.00000000
32.500000,-1.407947,-3.147230,-4.910459,5.999998,6.196798,1.286339,7.965e-21,1.297e-20,1.470e-18,1.470e-18,1.00000000
32.600000,-1.152577,-3.249891,-4.910169,5.999998,6.240294,1.330125,8.011e-21,1.746e-20,1.314e-18,1.314e-18,1.00000000
32.700000,-0.889571,-3.331122,-4.910425,5.999998,6.284200,1.373775,1.048e-20,3.262e-20,1.150e-18,1.150e-18,1.00000000
32.800000,-0.620012,-3.391269,-4.910688,5.999998,6.328699,1.418011,1.640e-20,8.385e-20,1.179e-18,1.179e-18,1.00000000
32.900000,-0.346549,-3.430419,-4.910407,5.999998,6.373920,1.463512,2.258e-20,1.918e-19,1.406e-18,1.406e-18,1.00000000
33.000000,-0.071738,-3.447619,-4.910067,5.999998,6.419931,1.509865,1.836e-20,3.270e-19,1.298e-18,1.298e-18,1.00000000
33.100000,0.203406,-3.442082,-4.910262,5.999998,6.466735,1.556473,1.179e-20,4.410e-19,1.226e-18,1.226e-18,1.00000000
33.200000,0.478075,-3.414321,-4.910584,5.999998,6.514272,1.603689,8.339e-21,4.988e-19,1.020e-18,1.020e-18,1.00000000
33.300000,0.749987,-3.365308,-4.910417,5.999998,6.562428,1.652011,6.586e-21,4.866e-19,7.998e-19,7.998e-19,1.00000000
33.400000,1.016372,-3.295110,-4.910114,5.999998,6.611054,1.700940,5.917e-21,4.251e-19,8.483e-19,8.483e-19,1.00000000
33.500000,1.275823,-3.203327,-4.910291,5.999998,6.659990,1.749699,5.672e-21,3.446e-19,9.754e-19,9.754e-19,1.00000000
33.600000,1.527711,-3.090571,-4.910646,5.999998,6.709100,1.798453,5.049e-21,2.639e-19,1.010e-18,1.010e-18,1.00000000
33.700000,1.770337,-2.958426,-4.910560,5.999998,6.758294,1.847734,4.870e-21,1.958e-19,1.060e-18,1.060e-18,1.00000000
33.800000,2.001169,-2.807933,-4.910276,5.999998,6.807539,1.897263,5.354e-21,1.460e-19,1.080e-18,1.080e-18,1.00000000
33.900000,2.218635,-2.639249,-4.910397,5.999998,6.856866,1.946468,6.950e-21,1.135e-19,1.189e-18,1.189e-18,1.00000000
34.000000,2.422253,-2.453081,-4.910709,5.999998,6.906363,1.995653,8.401e-21,9.249e-20,1.351e-18,1.351e-18,1.00000000
34.100000,2.610985,-2.251364,-4.910610,5.999998,6.956165,2.045555,1.052e-20,7.690e-20,1.393e-18,1.393e-18,1.00000000
34.200000,2.782823,-2.035919,-4.910286,5.999998,7.006440,2.096154,1.502e-20,6.281e-20,1.198e-18,1.198e-18,1.00000000
34.300000,2.936271,-1.807454,-4.910336,5.999998,7.057365,2.147029,2.800e-20,5.082e-20,1.038e-18,1.038e-18,1.00000000
34.400000,3.071040,-1.566752,-4.910599,5.999998,7.109104,2.198505,6.449e-20,4.173e-20,1.094e-18,1.094e-18,1.00000000
34.500000,3.186785,-1.315921,-4.910471,5.999998,7.161780,2.251309,1.374e-19,3.313e-20,1.386e-18,1.386e-18,1.00000000
34.600000,3.282194,-1.057359,-4.910109,5.999998,7.215456,2.305347,2.521e-19,2.664e-20,1.267e-18,1.267e-18,1.00000000
34.700000,3.356013,-0.792242,-4.910143,5.999998,7.270112,2.359970,3.941e-19,2.458e-20,1.107e-18,1.107e-18,1.00000000
34.800000,3.408190,-0.521346,-4.910440,5.999998,7.325655,2.415216,5.454e-19,3.005e-20,1.097e-18,1.097e-18,1.00000000
34.900000,3.439118,-0.246758,-4.910352,5.999998,7.381922,2.471570,6.971e-19,5.018e-20,7.999e-19,7.999e-19,1.00000000
35.000000,3.448331,0.028741,-4.910006,5.999998,7.438710,2.528703,8.340e-19,6.711e-20,7.767e-19,8.340e-19,1.00000000
35.100000,3.434948,0.303588,-4.910085,5.999998,7.495807,2.585722,9.342e-19,6.080e-20,9.737e-19,9.737e-19,1.00000000
35.200000,3.399130,0.577120,-4.910482,5.999998,7.553023,2.642542,1.024e-18,4.230e-20,9.880e-19,1.024e-18,1.00000000
35.300000,3.341990,0.847555,-4.910472,5.999998,7.610216,2.699744,1.158e-18,2.640e-20,9.289e-19,1.158e-18,1.00000000
35.400000,3.264060,1.112020,-4.910122,5.999998,7.667308,2.757186,1.335e-18,1.719e-20,9.172e-19,1.335e-18,1.00000000
35.500000,3.164954,1.368641,-4.910179,5.999998,7.724293,2.814114,1.521e-18,1.645e-20,1.000e-18,1.521e-18,1.00000000
35.600000,3.044907,1.616912,-4.910612,5.999998,7.781222,2.870610,1.694e-18,2.888e-20,1.134e-18,1.694e-18,1.00000000
35.700000,2.905543,1.855663,-4.910633,5.999999,7.838181,2.927548,1.842e-18,6.494e-20,1.196e-18,1.842e-18,1.00000000
35.800000,2.748419,2.082315,-4.910207,5.999998,7.895270,2.985063,1.956e-18,1.304e-19,1.138e-18,1.956e-18,1.00000000
35.900000,2.573794,2.294776,-4.910149,5.999998,7.952588,3.042440,2.002e-18,2.167e-19,1.078e-18,2.002e-18,1.00000000
36.000000,2.381860,2.492609,-4.910562,5.999998,8.010214,3.099652,1.947e-18,3.100e-19,1.008e-18,1.947e-18,1.00000000
36.100000,2.174410,2.675412,-4.910610,5.999998,8.068187,3.157577,1.793e-18,4.200e-19,1.350e-18,1.793e-18,1.00000000
36.200000,1.953907,2.841306,-4.910113,5.999998,8.126504,3.216391,1.579e-18,6.272e-19,1.291e-18,1.579e-18,1.00000000
36.300000,1.721417,2.988184,-4.909934,5.999998,8.185108,3.275175,1.329e-18,1.140e-18,1.036e-18,1.329e-18,1.00000000
36.400000,1.477100,3.115544,-4.910349,5.999998,8.243905,3.333556,1.029e-18,2.308e-18,9.134e-19,2.308e-18,1.00000000
36.500000,1.222567,3.223725,-4.910490,5.999998,8.302770,3.392280,7.410e-19,4.577e-18,7.745e-19,4.577e-18,1.00000000
36.600000,0.960882,3.311892,-4.909996,5.999999,8.361572,3.451576,4.948e-19,8.457e-18,6.968e-19,8.457e-18,1.00000000
36.700000,0.693998,3.378265,-4.909752,5.999998,8.420203,3.510451,3.126e-19,1.435e-17,7.359e-19,1.435e-17,1.00000000
36.800000,0.422154,3.422207,-4.910220,5.999998,8.478603,3.568384,1.862e-19,2.220e-17,7.589e-19,2.220e-17,1.00000000
36.900000,0.146475,3.444617,-4.910512,5.999998,8.536775,3.626263,1.038e-19,3.138e-17,7.687e-19,3.138e-17,1.00000000
37.000000,-0.129843,3.445930,-4.910060,5.999999,8.594786,3.684726,5.797e-20,4.087e-17,8.030e-19,4.087e-17,1.00000000
37.100000,-0.404061,3.425091,-4.909732,5.999998,8.652772,3.743040,3.442e-20,4.923e-17,8.856e-19,4.923e-17,1.00000000
37.200000,-0.675698,3.381322,-4.910201,5.999998,8.710931,3.800730,2.500e-20,5.444e-17,1.094e-18,5.444e-17,1.00000000
37.300000,-0.944314,3.315730,-4.910619,5.999998,8.769502,3.858883,2.962e-20,5.452e-17,1.222e-18,5.452e-17,1.00000000
37.400000,-1.207173,3.229976,-4.910191,5.999998,8.828739,3.918549,5.621e-20,4.893e-17,1.152e-18,4.893e-17,1.00000000
37.500000,-1.461034,3.124118,-4.909710,5.999999,8.888883,3.979173,1.188e-19,3.932e-17,1.079e-18,3.932e-17,1.00000000
37.600000,-1.704945,2.997356,-4.910091,5.999998,8.950135,4.040044,2.288e-19,2.851e-17,9.982e-19,2.851e-17,1.00000000
37.700000,-1.939098,2.850570,-4.910613,5.999998,9.012633,4.102020,3.738e-19,1.902e-17,1.241e-18,1.902e-17,1.00000000
37.800000,-2.161761,2.686304,-4.910248,5.999998,9.076426,4.166178,5.248e-19,1.199e-17,1.229e-18,1.199e-17,1.00000000
37.900000,-2.369704,2.506006,-4.909625,5.999998,9.141461,4.231836,6.929e-19,7.433e-18,1.006e-18,7.433e-18,1.00000000
38.000000,-2.561365,2.309208,-4.909882,5.999998,9.207576,4.297693,1.019e-18,4.743e-18,8.542e-19,4.743e-18,1.00000000
38.100000,-2.737238,2.096264,-4.910517,5.999998,9.274505,4.363988,2.011e-18,3.122e-18,7.971e-19,3.122e-18,1.00000000
38.200000,-2.896896,1.869998,-4.910303,5.999998,9.341908,4.431605,4.980e-18,1.998e-18,7.486e-19,4.980e-18,1.00000000
38.300000,-3.037822,1.633226,-4.909602,5.999998,9.409406,4.499805,1.243e-17,1.183e-18,7.792e-19,1.243e-17,1.00000000
38.400000,-3.157988,1.386286,-4.909715,5.999998,9.476647,4.566932,2.782e-17,6.688e-19,6.592e-19,2.782e-17,1.00000000
38.500000,-3.257745,1.129005,-4.910440,5.999998,9.543349,4.632909,5.505e-17,3.963e-19,5.990e-19,5.505e-17,1.00000000
38.600000,-3.337905,0.863791,-4.910420,5.999998,9.609336,4.698915,9.727e-17,2.700e-19,7.419e-19,9.727e-17,1.00000000
38.700000,-3.397316,0.594380,-4.909677,5.999998,9.674549,4.764872,1.548e-16,2.209e-19,9.372e-19,1.548e-16,1.00000000
38.800000,-3.433964,0.322257,-4.909585,5.999998,9.739050,4.829465,2.225e-16,2.220e-19,1.030e-18,2.225e-16,1.00000000
38.900000,-3.447702,0.047009,-4.910308,5.999998,9.802994,4.892686,2.878e-16,2.576e-19,1.105e-18,2.878e-16,1.00000000
39.000000,-3.440109,-0.229925,-4.910475,5.999998,9.866606,4.956131,3.380e-16,3.186e-19,1.046e-18,3.380e-16,1.00000000
39.100000,-3.411728,-0.504677,-4.909724,5.999998,9.930146,5.020423,3.638e-16,4.640e-19,1.003e-18,3.638e-16,1.00000000
39.200000,-3.361229,-0.774613,-4.909388,5.999998,9.993870,5.084481,3.596e-16,1.034e-18,9.022e-19,3.596e-16,1.00000000
39.300000,-3.287900,-1.039874,-4.910026,5.999998,10.057989,5.147963,3.235e-16,2.978e-18,1.064e-18,3.235e-16,1.00000000
39.400000,-3.193392,-1.300132,-4.910385,5.999998,10.122642,5.212257,2.627e-16,7.594e-18,1.154e-18,2.627e-16,1.00000000
39.500000,-3.079770,-1.552258,-4.909733,5.999998,10.187872,5.278138,1.923e-16,1.532e-17,9.727e-19,1.923e-16,1.00000000
39.600000,-2.947032,-1.792915,-4.909219,5.999998,10.253623,5.344404,1.270e-16,2.522e-17,7.856e-19,1.270e-16,1.00000000
39.700000,-2.794269,-2.021504,-4.909741,5.999998,10.319748,5.410006,7.660e-17,3.694e-17,6.696e-19,7.660e-17,1.00000000
39.800000,-2.622626,-2.238471,-4.910301,5.999998,10.386021,5.475719,4.360e-17,5.189e-17,6.581e-19,5.189e-17,1.00000000
39.900000,-2.435049,-2.442061,-4.909872,5.999998,10.452171,5.542298,2.475e-17,7.133e-17,6.445e-19,7.133e-17,1.00000000
40.000000,-2.233148,-2.629066,-4.909280,5.999998,10.517923,5.608643,1.456e-17,9.435e-17,5.761e-19,9.435e-17,1.00000000
40.100000,-2.016471,-2.798082,-4.909640,5.999998,10.583043,5.673403,8.673e-18,1.190e-16,6.142e-19,1.190e-16,1.00000000
40.200000,-1.785478,-2.949736,-4.910306,5.999998,10.647367,5.737061,5.050e-18,1.440e-16,7.330e-19,1.440e-16,1.00000000
40.300000,-1.543133,-3.083766,-4.910103,5.999998,10.710822,5.800719,2.949e-18,1.693e-16,8.506e-19,1.693e-16,1.00000000
40.400000,-1.292341,-3.197961,-4.909468,5.999998,10.773435,5.863967,1.820e-18,1.985e-16,8.920e-19,1.985e-16,1.00000000
40.500000,-1.033629,-3.290530,-4.909583,5.999998,10.835328,5.925745,1.204e-18,2.380e-16,9.480e-19,2.380e-16,1.00000000
40.600000,-0.767036,-3.361791,-4.910193,5.999998,10.896702,5.986509,8.713e-19,2.886e-16,9.837e-19,2.886e-16,1.00000000
40.700000,-0.494879,-3.412565,-4.910140,5.999998,10.957808,6.047668,7.517e-19,3.382e-16,9.380e-19,3.382e-16,1.00000000
40.800000,-0.220613,-3.442102,-4.909505,5.999998,11.018932,6.109427,8.453e-19,3.668e-16,8.282e-19,3.668e-16,1.00000000
40.900000,0.054166,-3.448898,-4.909394,5.999998,11.080363,6.170969,1.396e-18,3.659e-16,9.638e-19,3.659e-16,1.00000000
41.000000,0.329367,-3.432875,-4.909875,5.999998,11.142360,6.232485,3.802e-18,3.400e-16,1.054e-18,3.400e-16,1.00000000
41.100000,0.603485,-3.395347,-4.909929,5.999998,11.205111,6.295182,1.172e-17,2.956e-16,9.588e-19,2.956e-16,1.00000000
41.200000,0.873281,-3.336952,-4.909389,5.999998,11.268711,6.359321,3.031e-17,2.369e-16,8.475e-19,2.369e-16,1.00000000
41.300000,1.136465,-3.257025,-4.909196,5.999998,11.333148,6.423952,6.319e-17,1.721e-16,8.160e-19,1.721e-16,1.00000000
41.400000,1.392594,-3.155384,-4.909604,5.999998,11.398309,6.488706,1.101e-16,1.132e-16,8.953e-19,1.132e-16,1.00000000
41.500000,1.640798,-3.033469,-4.909769,5.999998,11.463989,6.554221,1.670e-16,6.902e-17,9.108e-19,1.670e-16,1.00000000
41.600000,1.878511,-2.892927,-4.909393,5.999998,11.529925,6.620532,2.266e-16,4.020e-17,6.893e-19,2.266e-16,1.00000000
41.700000,2.103326,-2.734115,-4.909237,5.999998,11.595835,6.686598,2.780e-16,2.262e-17,5.482e-19,2.780e-16,1.00000000
41.800000,2.314513,-2.557084,-4.909616,5.999998,11.661451,6.751836,3.122e-16,1.201e-17,6.004e-19,3.122e-16,1.00000000
41.900000,2.511655,-2.363294,-4.909828,5.999998,11.726557,6.816729,3.250e-16,5.993e-18,6.986e-19,3.250e-16,1.00000000
42.000000,2.693028,-2.155013,-4.909531,5.999998,11.790995,6.881464,3.179e-16,3.323e-18,7.247e-19,3.179e-16,1.00000000
42.100000,2.856539,-1.933466,-4.909365,5.999998,11.854680,6.945314,2.981e-16,3.172e-18,8.198e-19,2.981e-16,1.00000000
42.200000,3.001392,-1.699034,-4.909675,5.999998,11.917578,7.007903,2.781e-16,5.422e-18,9.018e-19,2.781e-16,1.00000000
42.300000,3.127582,-1.453134,-4.909848,5.999998,11.979691,7.069843,2.676e-16,1.062e-17,9.145e-19,2.676e-16,1.00000000
42.400000,3.234271,-1.198368,-4.909520,5.999998,12.041030,7.131510,2.661e-16,1.963e-17,7.752e-19,2.661e-16,1.00000000
42.500000,3.319892,-0.936632,-4.909279,5.999998,12.101606,7.192327,2.703e-16,3.235e-17,8.099e-19,2.703e-16,1.00000000
42.600000,3.383721,-0.668585,-4.909521,5.999998,12.161414,7.251893,2.714e-16,4.717e-17,9.515e-19,2.714e-16,1.00000000
42.700000,3.426166,-0.395471,-4.909680,5.999998,12.220424,7.310743,2.632e-16,6.720e-17,9.038e-19,2.632e-16,1.00000000
42.800000,3.447331,-0.119988,-4.909327,5.999998,12.278583,7.369256,2.413e-16,1.012e-16,8.201e-19,2.413e-16,1.00000000
42.900000,3.446343,0.155428,-4.909026,5.999998,12.335831,7.426805,2.042e-16,1.521e-16,7.562e-19,2.042e-16,1.00000000
43.000000,3.422596,0.429868,-4.909279,5.999998,12.392118,7.482839,1.566e-16,2.033e-16,7.985e-19,2.033e-16,1.00000000
43.100000,3.376816,0.702448,-4.909548,5.999998,12.447421,7.537873,1.093e-16,2.386e-16,8.076e-19,2.386e-16,1.00000000
43.200000,3.310106,0.970719,-4.909265,5.999998,12.501752,7.592487,7.074e-17,2.664e-16,6.480e-19,2.664e-16,1.00000000
43.300000,3.222535,1.231893,-4.908939,5.999998,12.555170,7.646231,4.320e-17,2.980e-16,5.272e-19,2.980e-16,1.00000000
43.400000,3.113686,1.484766,-4.909216,5.999998,12.607778,7.698562,2.499e-17,3.317e-16,5.817e-19,3.317e-16,1.00000000
43.500000,2.984348,1.728931,-4.909627,5.999998,12.659712,7.750085,1.376e-17,3.540e-16,6.603e-19,3.540e-16,1.00000000
43.600000,2.836452,1.962650,-4.909432,5.999998,12.711135,7.801703,7.613e-18,3.510e-16,6.170e-19,3.510e-16,1.00000000
43.700000,2.671203,2.183162,-4.909018,5.999998,12.762228,7.853210,5.256e-18,3.258e-16,6.492e-19,3.258e-16,1.00000000
43.800000,2.488554,2.388904,-4.909197,5.999998,12.813177,7.903980,6.761e-18,2.909e-16,7.818e-19,2.909e-16,1.00000000
43.900000,2.289057,2.579796,-4.909669,5.999998,12.864151,7.954482,1.403e-17,2.548e-16,9.143e-19,2.548e-16,1.00000000
44.000000,2.074995,2.755127,-4.909547,5.999998,12.915280,8.005733,3.036e-17,2.214e-16,8.291e-19,2.214e-16,1.00000000
44.100000,1.848697,2.912710,-4.909014,5.999998,12.966637,8.057623,5.943e-17,1.934e-16,7.709e-19,1.934e-16,1.00000000
44.200000,1.610816,3.050716,-4.909010,5.999998,13.018223,8.109213,1.043e-16,1.717e-16,8.615e-19,1.717e-16,1.00000000
44.300000,1.361608,3.169049,-4.909494,5.999998,13.069952,8.160458,1.632e-16,1.545e-16,8.411e-19,1.632e-16,1.00000000
44.400000,1.103120,3.268005,-4.909505,5.999998,13.121645,8.212140,2.292e-16,1.373e-16,8.847e-19,2.292e-16,1.00000000
44.500000,0.838445,3.346525,-4.908946,5.999998,13.173048,8.264102,2.969e-16,1.172e-16,9.036e-19,2.969e-16,1.00000000
44.600000,0.569223,3.402918,-4.908779,5.999998,13.223855,8.315076,3.605e-16,9.418e-17,9.294e-19,3.605e-16,1.00000000
44.700000,0.295682,3.436809,-4.909266,5.999998,13.273752,8.364486,4.030e-16,7.050e-17,9.246e-19,4.030e-16,1.00000000
44.800000,0.019196,3.449133,-4.909489,5.999998,13.322463,8.412973,4.038e-16,4.892e-17,7.530e-19,4.038e-16,1.00000000
44.900000,-0.257059,3.440244,-4.909034,5.999998,13.369792,8.460758,3.643e-16,3.195e-17,5.116e-19,3.643e-16,1.00000000
45.000000,-0.530523,3.409219,-4.908742,5.999998,13.415653,8.506911,3.224e-16,2.100e-17,5.013e-19,3.224e-16,1.00000000
45.100000,-0.800602,3.355463,-4.909163,5.999998,13.460069,8.550906,3.006e-16,1.411e-17,5.653e-19,3.006e-16,1.00000000
45.200000,-1.066677,3.280019,-4.909547,5.999998,13.503158,8.593611,2.912e-16,9.067e-18,5.569e-19,2.912e-16,1.00000000
45.300000,-1.326238,3.184442,-4.909215,5.999998,13.545110,8.635895,2.794e-16,6.793e-18,5.686e-19,2.794e-16,1.00000000
45.400000,-1.576317,3.069037,-4.908789,5.999998,13.586167,8.677378,2.624e-16,9.078e-18,6.727e-19,2.624e-16,1.00000000
45.500000,-1.815716,2.933349,-4.909034,5.999998,13.626585,8.717551,2.412e-16,2.041e-17,8.620e-19,2.412e-16,1.00000000
45.600000,-2.044282,2.778139,-4.909464,5.999998,13.666607,8.757143,2.177e-16,4.794e-17,8.612e-19,2.177e-16,1.00000000
45.700000,-2.260578,2.605579,-4.909248,5.999998,13.706427,8.797179,1.957e-16,9.520e-17,6.892e-19,1.957e-16,1.00000000
45.800000,-2.461932,2.417275,-4.908732,5.999998,13.746168,8.837437,1.765e-16,1.588e-16,6.921e-19,1.765e-16,1.00000000
45.900000,-2.646648,2.213380,-4.908786,5.999998,13.785857,8.877071,1.577e-16,2.310e-16,7.503e-19,2.310e-16,1.00000000
46.000000,-2.814627,1.994342,-4.909221,5.999998,13.825405,8.916184,1.369e-16,2.975e-16,8.121e-19,2.975e-16,1.00000000
46.100000,-2.965495,1.762347,-4.909169,5.999998,13.864611,8.955442,1.158e-16,3.430e-16,8.313e-19,3.430e-16,1.00000000
46.200000,-3.097490,1.519969,-4.908688,5.999998,13.903174,8.994486,9.452e-17,3.692e-16,7.976e-19,3.692e-16,1.00000000
46.300000,-3.208850,1.268289,-4.908635,5.999998,13.940730,9.032095,7.447e-17,3.874e-16,8.242e-19,3.874e-16,1.00000000
46.400000,-3.299299,1.007697,-4.909088,5.999998,13.976898,9.067809,5.776e-17,4.029e-16,6.769e-19,4.029e-16,1.00000000
46.500000,-3.369246,0.739986,-4.909234,5.999998,14.011332,9.102098,4.493e-17,4.030e-16,5.455e-19,4.030e-16,1.00000000
46.600000,-3.418167,0.468113,-4.908867,5.999998,14.043780,9.134913,3.659e-17,3.702e-16,5.491e-19,3.702e-16,1.00000000
46.700000,-3.444805,0.194056,-4.908731,5.999998,14.074114,9.165384,3.310e-17,3.142e-16,5.768e-19,3.142e-16,1.00000000
46.800000,-3.448742,-0.081563,-4.909124,5.999998,14.102333,9.193209,3.599e-17,2.561e-16,5.235e-19,2.561e-16,1.00000000
46.900000,-3.430777,-0.357511,-4.909372,5.999998,14.128553,9.219181,3.627e-17,2.094e-16,4.976e-19,2.094e-16,1.00000000
47.000000,-3.391561,-0.631080,-4.909076,5.999998,14.152993,9.243917,2.835e-17,1.765e-16,5.646e-19,1.765e-16,1.00000000
47.100000,-3.330755,-0.899760,-4.908816,5.999998,14.175949,9.267133,2.185e-17,1.533e-16,7.376e-19,1.533e-16,1.00000000
47.200000,-3.248028,-1.162526,-4.909055,5.999998,14.197775,9.288720,2.313e-17,1.352e-16,8.431e-19,1.352e-16,1.00000000
47.300000,-3.144238,-1.418600,-4.909309,5.999998,14.218854,9.309545,4.067e-17,1.189e-16,7.153e-19,1.189e-16,1.00000000
47.400000,-3.020865,-1.665943,-4.909071,5.999998,14.239570,9.330499,8.392e-17,1.034e-16,6.765e-19,1.034e-16,1.00000000
47.500000,-2.878638,-1.902041,-4.908732,5.999998,14.260291,9.351558,1.461e-16,8.919e-17,7.520e-19,1.461e-16,1.00000000
47.600000,-2.717641,-2.125508,-4.908830,5.999998,14.281330,9.372500,2.064e-16,7.762e-17,8.717e-19,2.064e-16,1.00000000
47.700000,-2.538701,-2.335791,-4.909079,5.999998,14.302918,9.393840,2.527e-16,6.830e-17,8.984e-19,2.527e-16,1.00000000
47.800000,-2.343694,-2.531655,-4.908950,5.999998,14.325170,9.416220,2.859e-16,5.997e-17,8.976e-19,2.859e-16,1.00000000
47.900000,-2.134256,-2.711086,-4.908659,5.999998,14.348073,9.439414,3.042e-16,5.091e-17,8.423e-19,3.042e-16,1.00000000
48.000000,-1.911117,-2.872641,-4.908721,5.999998,14.371477,9.462757,3.104e-16,4.290e-17,6.808e-19,3.104e-16,1.00000000
48.100000,-1.675178,-3.015885,-4.908991,5.999998,14.395110,9.486119,3.104e-16,3.942e-17,5.314e-19,3.104e-16,1.00000000
48.200000,-1.428415,-3.140300,-4.908984,5.999998,14.418611,9.509627,3.007e-16,4.011e-17,5.106e-19,3.007e-16,1.00000000
48.300000,-1.173006,-3.244660,-4.908789,5.999998,14.441580,9.532791,2.778e-16,4.920e-17,5.349e-19,2.778e-16,1.00000000
48.400000,-0.910268,-3.327849,-4.908850,5.999998,14.463626,9.554776,2.443e-16,6.478e-17,4.812e-19,2.443e-16,1.00000000
48.500000,-0.641266,-3.389623,-4.909094,5.999998,14.484396,9.575302,2.091e-16,8.772e-17,4.585e-19,2.091e-16,1.00000000
48.600000,-0.367924,-3.430069,-4.909097,5.999998,14.503599,9.594502,1.793e-16,1.100e-16,5.031e-19,1.793e-16,1.00000000
48.700000,-0.092616,-3.448773,-4.908907,5.999998,14.521009,9.612103,1.564e-16,1.136e-16,6.573e-19,1.564e-16,1.00000000
48.800000,0.183007,-3.445132,-4.908926,5.999998,14.536471,9.627545,1.395e-16,9.460e-17,8.064e-19,1.395e-16,1.00000000
48.900000,0.457813,-3.419216,-4.909108,5.999998,14.549893,9.640784,1.283e-16,7.836e-17,7.508e-19,1.283e-16,1.00000000
49.000000,0.730022,-3.371679,-4.909055,5.999998,14.561255,9.652200,1.187e-16,8.124e-17,6.546e-19,1.187e-16,1.00000000
49.100000,0.997254,-3.302881,-4.908812,5.999998,14.570606,9.661794,1.154e-16,1.030e-16,6.631e-19,1.154e-16,1.00000000
49.200000,1.257728,-3.212751,-4.908801,5.999998,14.578072,9.669271,1.190e-16,1.435e-16,7.466e-19,1.435e-16,1.00000000
49.300000,1.510421,-3.101676,-4.908992,5.999998,14.583854,9.674861,1.069e-16,1.987e-16,7.824e-19,1.987e-16,1.00000000
49.400000,1.753891,-2.970872,-4.908946,5.999998,14.588226,9.679280,8.945e-17,2.492e-16,7.954e-19,2.492e-16,1.00000000
49.500000,1.985928,-2.821508,-4.908681,5.999998,14.591517,9.682835,7.285e-17,2.728e-16,8.253e-19,2.728e-16,1.00000000
49.600000,2.204717,-2.654054,-4.908685,5.999998,14.594077,9.685392,5.775e-17,2.641e-16,6.602e-19,2.641e-16,1.00000000
49.700000,2.409467,-2.469080,-4.908980,5.999998,14.596240,9.687259,4.418e-17,2.379e-16,5.701e-19,2.379e-16,1.00000000
49.800000,2.599355,-2.268193,-4.909035,5.999998,14.598278,9.689243,3.367e-17,2.042e-16,5.682e-19,2.042e-16,1.00000000
49.900000,2.772659,-2.053374,-4.908767,5.999998,14.600382,9.691615,2.541e-17,1.737e-16,5.644e-19,1.737e-16,1.00000000
50.000000,2.927635,-1.825720,-4.908734,5.999998,14.602639,9.693905,2.089e-17,1.466e-16,4.922e-19,1.466e-16,1.00000000
50.100000,3.063649,-1.585836,-4.909089,5.999998,14.605048,9.695959,2.190e-17,1.271e-16,4.456e-19,1.271e-16,1.00000000
50.200000,3.180608,-1.335331,-4.909236,5.999998,14.607527,9.698291,3.044e-17,1.141e-16,4.523e-19,1.141e-16,1.00000000
50.300000,3.277654,-1.076770,-4.908923,5.999998,14.609941,9.701018,4.936e-17,1.022e-16,5.114e-19,1.022e-16,1.00000000
50.400000,3.353337,-0.811995,-4.908744,5.999998,14.612120,9.703376,7.595e-17,8.998e-17,6.950e-19,8.998e-17,1.00000000
50.500000,3.407009,-0.541699,-4.909055,5.999998,14.613870,9.704815,1.031e-16,7.980e-17,7.428e-19,1.031e-16,1.00000000
50.600000,3.439123,-0.267113,-4.909283,5.999998,14.614987,9.705705,1.257e-16,7.277e-17,7.133e-19,1.257e-16,1.00000000
50.700000,3.449923,0.009087,-4.908964,5.999998,14.615270,9.706306,1.478e-16,7.096e-17,6.968e-19,1.478e-16,1.00000000
50.800000,3.438668,0.284348,-4.908633,5.999998,14.614536,9.705902,1.720e-16,7.978e-17,7.384e-19,1.720e-16,1.00000000
50.900000,3.404702,0.557648,-4.908870,5.999998,14.612636,9.703765,1.972e-16,1.077e-16,8.035e-19,1.972e-16,1.00000000
51.000000,3.348657,0.828265,-4.909221,5.999998,14.609473,9.700252,2.200e-16,1.322e-16,8.350e-19,2.200e-16,1.00000000
51.100000,3.271805,1.093998,-4.909016,5.999998,14.605021,9.696006,2.294e-16,1.254e-16,8.497e-19,2.294e-16,1.00000000
51.200000,3.174536,1.351954,-4.908616,5.999998,14.599342,9.690726,2.162e-16,9.191e-17,6.780e-19,2.162e-16,1.00000000
51.300000,3.056471,1.600597,-4.908772,5.999998,14.592576,9.683804,1.902e-16,7.067e-17,5.494e-19,1.902e-16,1.00000000
51.400000,2.918113,1.839550,-4.909241,5.999998,14.584926,9.675685,1.663e-16,5.593e-17,5.259e-19,1.663e-16,1.00000000
51.500000,2.761323,2.067533,-4.909213,5.999998,14.576630,9.667417,1.535e-16,4.847e-17,5.508e-19,1.535e-16,1.00000000
51.600000,2.587729,2.281972,-4.908792,5.999998,14.567935,9.659143,1.450e-16,4.064e-17,4.679e-19,1.450e-16,1.00000000
51.700000,2.397645,2.480923,-4.908798,5.999998,14.559066,9.650268,1.328e-16,3.512e-17,4.210e-19,1.328e-16,1.00000000
51.800000,2.191374,2.664019,-4.909262,5.999998,14.550208,9.640945,1.278e-16,3.501e-17,4.143e-19,1.278e-16,1.00000000
51.900000,1.970766,2.830936,-4.909364,5.999998,14.541491,9.632127,1.187e-16,4.065e-17,4.466e-19,1.187e-16,1.00000000
52.000000,1.738347,2.980022,-4.908931,5.999998,14.532991,9.624060,1.066e-16,4.979e-17,5.819e-19,1.066e-16,1.00000000
52.100000,1.495404,3.109339,-4.908742,5.999998,14.524723,9.615981,1.016e-16,6.211e-17,6.971e-19,1.016e-16,1.00000000
52.200000,1.242285,3.218295,-4.909102,5.999998,14.516648,9.607546,9.740e-17,7.825e-17,7.048e-19,9.740e-17,1.00000000
52.300000,0.980438,3.307196,-4.909294,5.999998,14.508665,9.599371,8.918e-17,9.979e-17,6.603e-19,9.979e-17,1.00000000
52.400000,0.712688,3.375585,-4.908918,5.999998,14.500618,9.591699,8.077e-17,1.199e-16,6.392e-19,1.199e-16,1.00000000
52.500000,0.441237,3.422103,-4.908615,5.999998,14.492300,9.583686,7.552e-17,1.313e-16,7.076e-19,1.313e-16,1.00000000
52.600000,0.166819,3.446014,-4.908883,5.999998,14.483468,9.574586,7.022e-17,1.383e-16,7.352e-19,1.383e-16,1.00000000
52.700000,-0.109567,3.447879,-4.909185,5.999997,14.473855,9.564670,6.531e-17,1.408e-16,7.785e-19,1.408e-16,1.00000000
52.800000,-0.385374,3.428337,-4.908968,5.999998,14.463201,9.554233,6.771e-17,1.371e-16,6.974e-19,1.371e-16,1.00000000
52.900000,-0.657898,3.387045,-4.908673,5.999998,14.451283,9.542610,6.669e-17,1.265e-16,6.022e-19,1.265e-16,1.00000000
53.000000,-0.925887,3.323479,-4.908889,5.999998,14.437945,9.529056,4.899e-17,1.140e-16,5.863e-19,1.140e-16,1.00000000
53.100000,-1.188630,3.238243,-4.909268,5.999997,14.423110,9.513843,3.468e-17,1.028e-16,6.069e-19,1.028e-16,1.00000000
53.200000,-1.444224,3.132731,-4.909194,5.999998,14.406787,9.497593,2.776e-17,1.041e-16,5.017e-19,1.041e-16,1.00000000
53.300000,-1.690040,3.007705,-4.908916,5.999998,14.389064,9.480149,2.545e-17,1.271e-16,4.013e-19,1.271e-16,1.00000000
53.400000,-1.924472,2.863173,-4.909035,5.999998,14.370100,9.461065,2.759e-17,1.369e-16,4.039e-19,1.369e-16,1.00000000
53.500000,-2.146937,2.699752,-4.909376,5.999998,14.350109,9.440732,3.234e-17,1.341e-16,4.276e-19,1.341e-16,1.00000000
53.600000,-2.356267,2.519197,-4.909341,5.999998,14.329350,9.420009,3.911e-17,1.187e-16,5.062e-19,1.187e-16,1.00000000
53.700000,-2.550347,2.323165,-4.909034,5.999998,14.308116,9.399083,4.780e-17,9.265e-17,6.377e-19,9.265e-17,1.00000000
53.800000,-2.727527,2.112331,-4.909036,5.999998,14.286724,9.377688,5.609e-17,7.245e-17,6.988e-19,7.245e-17,1.00000000
53.900000,-2.887297,1.887398,-4.909299,5.999998,14.265495,9.356195,6.570e-17,6.306e-17,7.101e-19,6.570e-17,1.00000000
54.000000,-3.029163,1.650227,-4.909266,5.999998,14.244743,9.335477,8.900e-17,5.653e-17,6.805e-19,8.900e-17,1.00000000
54.100000,-3.151762,1.403072,-4.908947,5.999998,14.224750,9.315803,1.261e-16,5.131e-17,6.966e-19,1.261e-16,1.00000000
54.200000,-3.253701,1.147235,-4.908896,5.999998,14.205737,9.296841,1.535e-16,4.775e-17,7.389e-19,1.535e-16,1.00000000
54.300000,-3.334600,0.883543,-4.909151,5.999998,14.187836,9.278685,1.566e-16,4.551e-17,7.686e-19,1.566e-16,1.00000000
54.400000,-3.394586,0.613793,-4.909177,5.999998,14.171077,9.261900,1.515e-16,4.716e-17,7.078e-19,1.515e-16,1.00000000
54.500000,-3.433172,0.340551,-4.908903,5.999998,14.155374,9.246471,1.352e-16,5.268e-17,6.029e-19,1.352e-16,1.00000000
54.600000,-3.449451,0.065614,-4.908865,5.999998,14.140540,9.231675,1.123e-16,5.604e-17,5.431e-19,1.123e-16,1.00000000
54.700000,-3.443233,-0.210099,-4.909173,5.999998,14.126305,9.217132,9.650e-17,5.762e-17,5.655e-19,9.650e-17,1.00000000
54.800000,-3.415203,-0.485045,-4.909286,5.999998,14.112350,9.203064,8.719e-17,4.970e-17,4.835e-19,8.719e-17,1.00000000
54.900000,-3.365817,-0.756655,-4.909045,5.999998,14.098344,9.189299,8.153e-17,4.265e-17,4.277e-19,8.153e-17,1.00000000
55.000000,-3.294816,-1.022796,-4.908977,5.999998,14.083968,9.174991,7.815e-17,3.614e-17,4.044e-19,7.815e-17,1.00000000
55.100000,-3.202202,-1.282501,-4.909284,5.999998,14.068937,9.159653,8.049e-17,3.654e-17,4.335e-19,8.049e-17,1.00000000
55.200000,-3.089043,-1.534667,-4.909439,5.999998,14.053017,9.143578,9.565e-17,3.923e-17,5.037e-19,9.565e-17,1.00000000
55.300000,-2.956685,-1.777074,-4.909174,5.999998,14.036036,9.126861,9.299e-17,4.248e-17,5.624e-19,9.299e-17,1.00000000
55.400000,-2.805659,-2.007474,-4.909002,5.999998,14.017893,9.108891,8.458e-17,4.966e-17,6.200e-19,8.458e-17,1.00000000
55.500000,-2.636171,-2.224827,-4.909248,5.999998,13.998568,9.089319,8.684e-17,5.704e-17,6.226e-19,8.684e-17,1.00000000
55.600000,-2.449423,-2.428540,-4.909429,5.999998,13.978120,9.068691,8.213e-17,6.212e-17,6.095e-19,8.213e-17,1.00000000
55.700000,-2.247448,-2.617082,-4.909158,5.999998,13.956695,9.047536,7.612e-17,8.272e-17,6.196e-19,8.272e-17,1.00000000
55.800000,-2.031646,-2.788396,-4.908893,5.999998,13.934514,9.025621,6.728e-17,1.117e-16,7.077e-19,1.117e-16,1.00000000
55.900000,-1.802535,-2.941373,-4.909090,5.999998,13.911864,9.002773,5.542e-17,1.589e-16,7.489e-19,1.589e-16,1.00000000
56.000000,-1.561228,-3.075850,-4.909347,5.999998,13.889062,8.979715,4.475e-17,1.876e-16,7.200e-19,1.876e-16,1.00000000
56.100000,-1.310086,-3.191215,-4.909154,5.999998,13.866430,8.957276,3.835e-17,1.579e-16,6.800e-19,1.579e-16,1.00000000
56.200000,-1.051304,-3.286001,-4.908862,5.999998,13.844255,8.935392,3.235e-17,1.110e-16,6.163e-19,1.110e-16,1.00000000
56.300000,-0.785844,-3.359138,-4.909033,5.999998,13.822758,8.913725,2.630e-17,8.125e-17,5.719e-19,8.125e-17,1.00000000
56.400000,-0.514612,-3.410735,-4.909382,5.999998,13.802073,8.892691,2.225e-17,6.929e-17,5.352e-19,6.929e-17,1.00000000
56.500000,-0.239858,-3.441113,-4.909296,5.999998,13.782237,8.872941,2.141e-17,6.374e-17,4.533e-19,6.374e-17,1.00000000
56.600000,0.035720,-3.449729,-4.908978,5.999998,13.763194,8.854216,2.629e-17,5.954e-17,4.385e-19,5.954e-17,1.00000000
56.700000,0.310645,-3.435767,-4.909071,5.999998,13.744819,8.835748,3.329e-17,5.606e-17,4.419e-19,5.606e-17,1.00000000
56.800000,0.584195,-3.399415,-4.909447,5.999998,13.726927,8.817480,4.415e-17,5.717e-17,4.808e-19,5.717e-17,1.00000000
56.900000,0.854601,-3.341721,-4.909433,5.999998,13.709303,8.799869,5.661e-17,6.319e-17,5.142e-19,6.319e-17,1.00000000
57.000000,1.119096,-3.263228,-4.909067,5.999998,13.691721,8.782653,6.828e-17,6.066e-17,5.769e-19,6.828e-17,1.00000000
57.100000,1.375740,-3.163655,-4.909032,5.999998,13.673966,8.764934,7.804e-17,6.153e-17,6.379e-19,7.804e-17,1.00000000
57.200000,1.623861,-3.043188,-4.909384,5.999998,13.655852,8.746468,8.507e-17,6.354e-17,6.380e-19,8.507e-17,1.00000000
57.300000,1.862363,-2.903260,-4.909446,5.999998,13.637233,8.727787,8.944e-17,5.683e-17,6.469e-19,8.944e-17,1.00000000
57.400000,2.088902,-2.745443,-4.909074,5.999998,13.618022,8.708948,9.436e-17,5.352e-17,7.259e-19,9.436e-17,1.00000000
57.500000,2.301320,-2.570265,-4.908935,5.999998,13.598207,8.689273,9.786e-17,4.944e-17,7.882e-19,9.786e-17,1.00000000
57.600000,2.498851,-2.377983,-4.909268,5.999998,13.577857,8.668589,9.331e-17,4.363e-17,7.438e-19,9.331e-17,1.00000000
57.700000,2.681066,-2.170075,-4.909443,5.999998,13.557118,8.647675,9.508e-17,3.848e-17,6.858e-19,9.508e-17,1.00000000
57.800000,2.846458,-1.948841,-4.909141,5.999998,13.536203,8.627061,1.002e-16,3.506e-17,6.416e-19,1.002e-16,1.00000000
57.900000,2.993074,-1.715729,-4.908947,5.999998,13.515366,8.606418,9.902e-17,3.330e-17,5.893e-19,9.902e-17,1.00000000
58.000000,3.120043,-1.471244,-4.909251,5.999998,13.494875,8.585624,8.589e-17,3.356e-17,5.245e-19,8.589e-17,1.00000000
58.100000,3.227433,-1.216659,-4.909520,5.999998,13.474987,8.565466,7.847e-17,3.455e-17,4.639e-19,7.847e-17,1.00000000
58.200000,3.314769,-0.954532,-4.909292,5.999998,13.455922,8.546629,7.451e-17,3.330e-17,4.307e-19,7.451e-17,1.00000000
58.300000,3.380728,-0.687083,-4.909030,5.999998,13.437848,8.528819,7.294e-17,3.290e-17,4.299e-19,7.294e-17,1.00000000
58.400000,3.424454,-0.415220,-4.909244,5.999998,13.420874,8.511629,7.220e-17,3.954e-17,4.920e-19,7.220e-17,1.00000000
58.500000,3.446273,-0.139926,-4.909541,5.999998,13.405037,8.495496,7.151e-17,5.772e-17,4.703e-19,7.151e-17,1.00000000
58.600000,3.446670,0.136438,-4.909361,5.999998,13.390315,8.480954,7.281e-17,8.220e-17,4.981e-19,8.220e-17,1.00000000
58.700000,3.425257,0.411209,-4.909022,5.999998,13.376619,8.467597,7.214e-17,1.038e-16,5.800e-19,1.038e-16,1.00000000
58.800000,3.381419,0.683009,-4.909122,5.999998,13.363810,8.454688,6.907e-17,1.137e-16,6.379e-19,1.137e-16,1.00000000
58.900000,3.315563,0.951085,-4.909425,5.999998,13.351697,8.442273,6.633e-17,1.138e-16,6.803e-19,1.138e-16,1.00000000
59.000000,3.228901,1.213595,-4.909314,5.999998,13.340053,8.430739,6.349e-17,1.108e-16,7.422e-19,1.108e-16,1.00000000
59.100000,3.122100,1.467868,-4.908954,5.999998,13.328620,8.419666,5.728e-17,9.940e-17,7.811e-19,9.940e-17,1.00000000
59.200000,2.995064,1.712152,-4.908982,5.999998,13.317135,8.408153,4.940e-17,7.534e-17,7.443e-19,7.534e-17,1.00000000
59.300000,2.848237,1.945800,-4.909316,5.999998,13.305342,8.396026,4.032e-17,6.605e-17,7.149e-19,6.605e-17,1.00000000
59.400000,2.683238,2.167654,-4.909326,5.999998,13.293027,8.383701,3.432e-17,7.553e-17,6.448e-19,7.553e-17,1.00000000
59.500000,2.501705,2.375501,-4.909016,5.999998,13.280036,8.371020,2.974e-17,8.650e-17,5.758e-19,8.650e-17,1.00000000
59.600000,2.304275,2.567483,-4.909004,5.999998,13.266290,8.357286,2.735e-17,9.689e-17,5.249e-19,9.689e-17,1.00000000
59.700000,2.091482,2.742980,-4.909352,5.999998,13.251786,8.342434,2.685e-17,1.005e-16,5.030e-19,1.005e-16,1.00000000
59.800000,1.865037,2.901526,-4.909456,5.999998,13.236593,8.327137,2.999e-17,9.123e-17,4.768e-19,9.123e-17,1.00000000
59.900000,1.627229,3.041715,-4.909182,5.999998,13.220845,8.311663,3.623e-17,8.680e-17,4.627e-19,8.680e-17,1.00000000
60.000000,1.379449,3.161940,-4.909097,5.999998,13.204733,8.295636,4.414e-17,8.131e-17,5.454e-19,8.131e-17,1.00000000
60.100000,1.122409,3.261611,-4.909386,5.999998,13.188487,8.279102,5.156e-17,6.972e-17,5.243e-19,6.972e-17,1.00000000
60.200000,0.857678,3.340817,-4.909512,5.999998,13.172361,8.262850,5.919e-17,6.212e-17,4.786e-19,6.212e-17,1.00000000
60.300000,0.587805,3.399091,-4.909240,5.999998,13.156615,8.247374,6.972e-17,5.556e-17,5.109e-19,6.972e-17,1.00000000
60.400000,0.314772,3.435387,-4.909074,5.999998,13.141496,8.232422,8.303e-17,5.173e-17,6.134e-19,8.303e-17,1.00000000
60.500000,0.039530,3.449242,-4.909291,5.999998,13.127226,8.217935,9.280e-17,4.906e-17,7.372e-19,9.280e-17,1.00000000
60.600000,-0.236591,3.441151,-4.909428,5.999998,13.113979,8.204551,9.518e-17,4.628e-17,8.434e-19,9.518e-17,1.00000000
60.700000,-0.511135,3.411551,-4.909178,5.999998,13.101872,8.192694,8.759e-17,4.452e-17,9.705e-19,8.759e-17,1.00000000
60.800000,-0.781788,3.360162,-4.908981,5.999998,13.090956,8.181975,7.336e-17,4.158e-17,9.031e-19,7.336e-17,1.00000000
60.900000,-1.047383,3.286782,-4.909178,5.999998,13.081210,8.172032,6.475e-17,4.010e-17,7.734e-19,6.475e-17,1.00000000
61.000000,-1.306882,3.192199,-4.909369,5.999998,13.072540,8.163171,6.415e-17,3.936e-17,6.829e-19,6.415e-17,1.00000000
61.100000,-1.558206,3.077639,-4.909186,5.999998,13.064788,8.155603,6.426e-17,3.986e-17,5.995e-19,6.426e-17,1.00000000
61.200000,-1.799018,2.943677,-4.908999,5.999998,13.057752,8.148753,6.372e-17,4.496e-17,5.170e-19,6.372e-17,1.00000000
61.300000,-2.028029,2.790487,-4.909201,5.999998,13.051206,8.142005,6.701e-17,5.544e-17,5.197e-19,6.701e-17,1.00000000
61.400000,-2.244533,2.619037,-4.909449,5.999998,13.044930,8.135481,7.269e-17,6.433e-17,5.107e-19,7.269e-17,1.00000000
61.500000,-2.447068,2.431141,-4.909316,5.999998,13.038732,8.129416,7.768e-17,6.417e-17,4.622e-19,7.768e-17,1.00000000
61.600000,-2.633593,2.228199,-4.909103,5.999998,13.032464,8.123361,7.849e-17,6.581e-17,5.076e-19,7.849e-17,1.00000000
61.700000,-2.802817,2.010816,-4.909257,5.999998,13.026034,8.116776,7.750e-17,7.330e-17,5.344e-19,7.750e-17,1.00000000
61.800000,-2.954359,1.780012,-4.909511,5.999998,13.019406,8.109895,7.909e-17,7.390e-17,5.528e-19,7.909e-17,1.00000000
61.900000,-3.087517,1.537897,-4.909388,5.999998,13.012604,8.103217,8.021e-17,6.823e-17,7.992e-19,8.021e-17,1.00000000
62.000000,-3.200839,1.286558,-4.909111,5.999998,13.005709,8.096597,7.783e-17,7.572e-17,1.128e-18,7.783e-17,1.00000000
62.100000,-3.293178,1.027068,-4.909184,5.999998,12.998852,8.089668,7.524e-17,9.012e-17,1.375e-18,9.012e-17,1.00000000
62.200000,-3.364408,0.760408,-4.909431,5.999998,12.992208,8.082777,6.942e-17,1.030e-16,1.395e-18,1.030e-16,1.00000000
62.300000,-3.414613,0.488671,-4.909338,5.999998,12.985978,8.076640,6.048e-17,1.092e-16,1.242e-18,1.092e-16,1.00000000
62.400000,-3.443172,0.214374,-4.909031,5.999998,12.980370,8.071339,5.129e-17,1.078e-16,1.057e-18,1.078e-16,1.00000000
62.500000,-3.449277,-0.060942,-4.909047,5.999998,12.975579,8.066531,4.381e-17,9.369e-17,9.875e-19,9.369e-17,1.00000000
62.600000,-3.432986,-0.336351,-4.909322,5.999998,12.971763,8.062441,3.901e-17,7.758e-17,9.570e-19,7.758e-17,1.00000000
62.700000,-3.395053,-0.610073,-4.909318,5.999998,12.969024,8.059706,3.414e-17,7.081e-17,8.320e-19,7.081e-17,1.00000000
62.800000,-3.335829,-0.879523,-4.909039,5.999998,12.967389,8.058350,3.089e-17,7.205e-17,6.544e-19,7.205e-17,1.00000000
62.900000,-3.255070,-1.142795,-4.909023,5.999998,12.966810,8.057786,3.117e-17,7.813e-17,5.691e-19,7.813e-17,1.00000000
63.000000,-3.152983,-1.398985,-4.909329,5.999998,12.967174,8.057845,3.402e-17,8.289e-17,5.466e-19,8.289e-17,1.00000000
63.100000,-3.030765,-1.646824,-4.909420,5.999998,12.968317,8.058897,3.914e-17,8.344e-17,5.073e-19,8.344e-17,1.00000000
63.200000,-2.889694,-1.884063,-4.909170,5.999998,12.970044,8.060874,4.295e-17,8.152e-17,5.736e-19,8.152e-17,1.00000000
63.300000,-2.730270,-2.108665,-4.909087,5.999998,12.972142,8.063055,4.946e-17,7.685e-17,6.892e-19,7.685e-17,1.00000000
63.400000,-2.552877,-2.319698,-4.909358,5.999998,12.974401,8.065043,5.992e-17,7.081e-17,7.783e-19,7.081e-17,1.00000000
63.500000,-2.358878,-2.516451,-4.909495,5.999998,12.976620,8.067125,6.767e-17,6.395e-17,9.382e-19,6.767e-17,1.00000000
63.600000,-2.150236,-2.697354,-4.909251,5.999998,12.978625,8.069374,7.518e-17,5.873e-17,1.215e-18,7.518e-17,1.00000000
63.700000,-1.928257,-2.860559,-4.909074,5.999998,12.980280,8.071206,8.029e-17,5.577e-17,1.690e-18,8.029e-17,1.00000000
63.800000,-1.693605,-3.005118,-4.909271,5.999998,12.981502,8.072231,7.664e-17,5.547e-17,2.317e-18,7.664e-17,1.00000000
63.900000,-1.447600,-3.130787,-4.909440,5.999998,12.982266,8.072826,7.134e-17,5.699e-17,2.656e-18,7.134e-17,1.00000000
64.000000,-1.192534,-3.236865,-4.909230,5.999998,12.982607,8.073377,6.703e-17,6.094e-17,2.379e-18,6.703e-17,1.00000000
64.100000,-0.930417,-3.322052,-4.908999,5.999998,12.982625,8.073625,6.585e-17,6.075e-17,1.830e-18,6.585e-17,1.00000000
64.200000,-0.662298,-3.385504,-4.909144,5.999998,12.982474,8.073330,6.739e-17,5.584e-17,1.326e-18,6.739e-17,1.00000000
64.300000,-0.389357,-3.427310,-4.909371,5.999998,12.982362,8.072992,7.111e-17,5.402e-17,1.027e-18,7.111e-17,1.00000000
64.400000,-0.113829,-3.447644,-4.909253,5.999998,12.982526,8.073273,7.787e-17,5.761e-17,8.141e-19,7.787e-17,1.00000000
64.500000,0.161857,-3.446049,-4.909025,5.999998,12.983215,8.074190,8.815e-17,6.562e-17,6.993e-19,8.815e-17,1.00000000
64.600000,0.436251,-3.421997,-4.909134,5.999998,12.984670,8.075535,9.236e-17,6.875e-17,6.973e-19,9.236e-17,1.00000000
64.700000,0.708326,-3.375791,-4.909408,5.999998,12.987102,8.077694,9.623e-17,6.577e-17,7.014e-19,9.623e-17,1.00000000
64.800000,0.976223,-3.308316,-4.909379,5.999998,12.990675,8.081295,1.046e-16,7.114e-17,7.849e-19,1.046e-16,1.00000000
64.900000,1.237499,-3.220063,-4.909151,5.999998,12.995493,8.086342,1.095e-16,7.487e-17,9.251e-19,1.095e-16,1.00000000
65.000000,1.490414,-3.111033,-4.909188,5.999998,13.001591,8.092403,1.061e-16,8.177e-17,1.172e-18,1.061e-16,1.00000000
65.100000,1.734043,-2.981677,-4.909447,5.999998,13.008937,8.099490,9.954e-17,9.259e-17,1.582e-18,9.954e-17,1.00000000
65.200000,1.967082,-2.833320,-4.909466,5.999998,13.017438,8.107971,8.954e-17,9.539e-17,2.078e-18,9.539e-17,1.00000000
65.300000,2.187459,-2.667314,-4.909220,5.999998,13.026947,8.117728,8.305e-17,8.927e-17,2.509e-18,8.927e-17,1.00000000
65.400000,2.393369,-2.484339,-4.909157,5.999998,13.037282,8.128125,7.915e-17,8.491e-17,2.705e-18,8.491e-17,1.00000000
65.500000,2.583935,-2.285027,-4.909370,5.999998,13.048236,8.138867,7.362e-17,8.398e-17,2.658e-18,8.398e-17,1.00000000
65.600000,2.758429,-2.070870,-4.909434,5.999998,13.059596,8.150162,7.424e-17,7.726e-17,2.559e-18,7.726e-17,1.00000000
65.700000,2.915466,-1.843838,-4.909205,5.999998,13.071154,8.161949,9.388e-17,7.868e-17,2.521e-18,9.388e-17,1.00000000
65.800000,3.053495,-1.605340,-4.909076,5.999998,13.082721,8.173645,1.327e-16,8.457e-17,2.395e-18,1.327e-16,1.00000000
65.900000,3.171707,-1.356283,-4.909252,5.999998,13.094148,8.184897,1.817e-16,9.640e-17,1.963e-18,1.817e-16,1.00000000
66.000000,3.269867,-1.098127,-4.909385,5.999998,13.105339,8.195954,2.344e-16,1.096e-16,1.392e-18,2.344e-16,1.00000000
66.100000,3.347440,-0.833099,-4.909232,5.999998,13.116261,8.207029,2.855e-16,1.094e-16,9.866e-19,2.855e-16,1.00000000
66.200000,3.403477,-0.563194,-4.909086,5.999998,13.126950,8.217863,3.378e-16,9.939e-17,9.151e-19,3.378e-16,1.00000000
66.300000,3.437381,-0.289669,-4.909224,5.999998,13.137500,8.228276,3.614e-16,9.725e-17,9.633e-19,3.614e-16,1.00000000
66.400000,3.449276,-0.013865,-4.909407,5.999998,13.148059,8.238652,3.354e-16,9.401e-17,1.036e-18,3.354e-16,1.00000000
66.500000,3.439434,0.262116,-4.909334,5.999998,13.158816,8.249481,3.026e-16,9.077e-17,1.213e-18,3.026e-16,1.00000000
66.600000,3.407729,0.536029,-4.909178,5.999998,13.169978,8.260800,2.875e-16,9.621e-17,1.530e-18,2.875e-16,1.00000000
66.700000,3.353979,0.806308,-4.909243,5.999998,13.181757,8.272513,2.633e-16,1.108e-16,1.943e-18,2.633e-16,1.00000000
66.800000,3.278574,1.071721,-4.909414,5.999998,13.194341,8.284927,2.381e-16,1.552e-16,2.417e-18,2.381e-16,1.00000000
66.900000,3.182384,1.330540,-4.909386,5.999998,13.207879,8.298493,2.002e-16,2.769e-16,2.949e-18,2.769e-16,1.00000000
67.000000,3.066108,1.580658,-4.909223,5.999998,13.222465,8.313241,1.648e-16,5.229e-16,3.560e-18,5.229e-16,1.00000000
67.100000,2.930153,1.820388,-4.909212,5.999998,13.238122,8.328910,1.496e-16,8.876e-16,3.931e-18,8.876e-16,1.00000000
67.200000,2.775191,2.048579,-4.909340,5.999998,13.254800,8.345460,1.411e-16,1.287e-15,3.707e-18,1.287e-15,1.00000000
67.300000,2.602464,2.263946,-4.909348,5.999998,13.272371,8.363022,1.264e-16,1.545e-15,3.070e-18,1.545e-15,1.00000000
67.400000,2.413325,2.464829,-4.909222,5.999998,13.290645,8.381423,1.180e-16,1.538e-15,2.486e-18,1.538e-15,1.00000000
67.500000,2.208814,2.649717,-4.909187,5.999998,13.309381,8.400194,1.145e-16,1.389e-15,1.999e-18,1.389e-15,1.00000000
67.600000,1.989965,2.817610,-4.909286,5.999998,13.328308,8.419022,1.188e-16,1.305e-15,1.601e-18,1.305e-15,1.00000000
67.700000,1.758264,2.967654,-4.909329,5.999998,13.347150,8.437821,1.350e-16,1.291e-15,1.302e-18,1.291e-15,1.00000000
67.800000,1.515453,3.098788,-4.909266,5.999998,13.365661,8.456395,1.574e-16,1.229e-15,1.221e-18,1.229e-15,1.00000000
67.900000,1.263064,3.209970,-4.909250,5.999998,13.383648,8.474398,1.683e-16,1.062e-15,1.297e-18,1.062e-15,1.00000000
68.000000,1.002492,3.300529,-4.909327,5.999998,13.400992,8.491665,1.657e-16,1.052e-15,1.464e-18,1.052e-15,1.00000000
68.100000,0.735400,3.370057,-4.909366,5.999998,13.417663,8.508296,1.612e-16,1.951e-15,1.688e-18,1.951e-15,1.00000000
68.200000,0.463691,3.418104,-4.909331,5.999998,13.433713,8.524382,1.568e-16,4.110e-15,1.983e-18,4.110e-15,1.00000000
68.300000,0.189118,3.444226,-4.909330,5.999998,13.449278,8.539948,1.606e-16,6.520e-15,2.307e-18,6.520e-15,1.00000000
68.400000,-0.086727,3.448256,-4.909377,5.999998,13.464561,8.555184,1.896e-16,8.503e-15,2.772e-18,8.503e-15,1.00000000
68.500000,-0.362090,3.430299,-4.909370,5.999998,13.479819,8.570449,2.578e-16,1.032e-14,3.228e-18,1.032e-14,1.00000000
68.600000,-0.635046,3.390477,-4.909314,5.999998,13.495347,8.586033,3.805e-16,1.121e-14,3.632e-18,1.121e-14,1.00000000
68.700000,-0.903850,3.328913,-4.909315,5.999998,13.511450,8.602136,5.565e-16,1.069e-14,3.690e-18,1.069e-14,1.00000000
68.800000,-1.166962,3.245980,-4.909358,5.999998,13.528427,8.619069,8.153e-16,1.072e-14,3.478e-18,1.072e-14,1.00000000
68.900000,-1.422712,3.142356,-4.909324,5.999998,13.546531,8.637206,1.192e-15,1.049e-14,3.255e-18,1.049e-14,1.00000000
69.000000,-1.669263,3.018752,-4.909243,5.999998,13.565951,8.656708,1.826e-15,8.924e-15,2.995e-18,8.924e-15,1.00000000
69.100000,-1.904996,2.875783,-4.909260,5.999998,13.586788,8.677528,2.935e-15,7.223e-15,2.554e-18,7.223e-15,1.00000000
69.200000,-2.128623,2.714257,-4.909354,5.999998,13.609040,8.699687,4.534e-15,4.941e-15,2.105e-18,4.941e-15,1.00000000
69.300000,-2.338816,2.535382,-4.909354,5.999998,13.632606,8.723253,6.149e-15,2.894e-15,1.864e-18,6.149e-15,1.00000000
69.400000,-2.534011,2.340482,-4.909267,5.999998,13.657297,8.748030,6.976e-15,1.706e-15,1.756e-18,6.976e-15,1.00000000
69.500000,-2.712790,2.130646,-4.909286,5.999998,13.682856,8.773570,7.006e-15,1.216e-15,1.665e-18,7.006e-15,1.00000000
69.600000,-2.874196,1.906961,-4.909427,5.999998,13.708989,8.799561,8.457e-15,9.738e-16,1.705e-18,8.457e-15,1.00000000
69.700000,-3.017436,1.670958,-4.909476,5.999998,13.735393,8.825917,1.424e-14,8.692e-16,1.925e-18,1.424e-14,1.00000000
69.800000,-3.141483,1.424472,-4.909373,5.999998,13.761791,8.852418,2.203e-14,8.855e-16,2.172e-18,2.203e-14,1.00000000
69.900000,-3.245254,1.169072,-4.909335,5.999998,13.787945,8.878610,2.726e-14,1.014e-15,2.515e-18,2.726e-14,1.00000000
70.000000,-3.328105,0.906033,-4.909460,5.999998,13.813678,8.904218,2.790e-14,1.129e-15,3.158e-18,2.790e-14,1.00000000
70.000000,-3.328105,0.906033,-4.909460,5.999998,13.813678,8.904218,2.790e-14,1.129e-15,3.158e-18,2.790e-14,1.00000000
70.100000,-3.289117,0.615655,-4.980226,5.999998,13.838013,8.857787,2.757e-14,1.140e-15,3.920e-18,2.757e-14,1.00000000
70.200000,-3.228357,0.337427,-5.046170,5.999998,13.859918,8.813748,3.041e-14,1.078e-15,4.337e-18,3.041e-14,1.00000000
70.300000,-3.143913,0.077845,-5.109768,5.999998,13.879503,8.769735,3.535e-14,9.891e-16,4.230e-18,3.535e-14,1.00000000
70.400000,-3.033862,-0.164834,-5.173827,5.999998,13.896949,8.723122,3.750e-14,9.085e-16,3.781e-18,3.750e-14,1.00000000
70.500000,-2.902786,-0.393931,-5.236280,5.999998,13.912476,8.676196,3.333e-14,9.975e-16,3.321e-18,3.333e-14,1.00000000
70.600000,-2.757675,-0.605288,-5.294226,5.999998,13.926319,8.632093,2.449e-14,1.402e-15,3.046e-18,2.449e-14,1.00000000
70.700000,-2.599741,-0.791773,-5.349245,5.999998,13.938724,8.589479,1.547e-14,2.018e-15,2.798e-18,1.547e-14,1.00000000
70.800000,-2.426213,-0.953352,-5.404127,5.999998,13.949918,8.545791,8.672e-15,2.592e-15,2.624e-18,8.672e-15,1.00000000
70.900000,-2.239416,-1.095098,-5.457633,5.999998,13.960086,8.502454,4.736e-15,2.906e-15,2.416e-18,4.736e-15,1.00000000
71.000000,-2.047322,-1.216858,-5.507060,5.999998,13.969366,8.462306,3.346e-15,3.264e-15,2.158e-18,3.346e-15,1.00000000
71.100000,-1.854193,-1.312712,-5.553263,5.999998,13.977848,8.424585,3.388e-15,4.134e-15,2.045e-18,4.134e-15,1.00000000
71.200000,-1.657622,-1.380901,-5.598694,5.999998,13.985584,8.386890,3.751e-15,5.478e-15,2.229e-18,5.478e-15,1.00000000
71.300000,-1.457374,-1.426773,-5.642726,5.999998,13.992584,8.349858,3.962e-15,6.298e-15,2.571e-18,6.298e-15,1.00000000
71.400000,-1.260400,-1.453838,-5.683109,5.999998,13.998826,8.315717,4.138e-15,6.611e-15,2.928e-18,6.611e-15,1.00000000
71.500000,-1.072951,-1.458703,-5.720222,5.999998,14.004270,8.284048,3.861e-15,8.008e-15,3.210e-18,8.008e-15,1.00000000
71.600000,-0.893771,-1.438554,-5.756016,5.999998,14.008877,8.252861,3.204e-15,1.072e-14,3.490e-18,1.072e-14,1.00000000
71.700000,-0.720502,-1.397888,-5.790230,5.999998,14.012614,8.222383,2.265e-15,1.318e-14,3.646e-18,1.318e-14,1.00000000
71.800000,-0.557739,-1.342742,-5.821164,5.999998,14.015469,8.194305,1.538e-15,1.473e-14,3.764e-18,1.473e-14,1.00000000
71.900000,-0.412267,-1.272706,-5.848952,5.999998,14.017465,8.168514,1.498e-15,1.579e-14,3.863e-18,1.579e-14,1.00000000
72.000000,-0.284154,-1.184772,-5.874994,5.999998,14.018665,8.143672,2.527e-15,1.615e-14,3.877e-18,1.615e-14,1.00000000
72.100000,-0.169660,-1.082027,-5.899187,5.999998,14.019177,8.119989,3.777e-15,1.642e-14,3.672e-18,1.642e-14,1.00000000
72.200000,-0.070475,-0.971652,-5.920380,5.999998,14.019138,8.098758,4.128e-15,1.651e-14,3.553e-18,1.651e-14,1.00000000
72.300000,0.007409,-0.855889,-5.938634,5.999998,14.018711,8.080076,3.867e-15,1.615e-14,3.380e-18,1.615e-14,1.00000000
72.400000,0.062926,-0.732190,-5.954823,5.999998,14.018058,8.063235,4.105e-15,1.451e-14,3.058e-18,1.451e-14,1.00000000
72.500000,0.100527,-0.602081,-5.968867,5.999998,14.017328,8.048461,5.574e-15,1.210e-14,2.737e-18,1.210e-14,1.00000000
72.600000,0.121372,-0.472604,-5.980125,5.999998,14.016640,8.036515,7.459e-15,9.316e-15,2.526e-18,9.316e-15,1.00000000
72.700000,0.121174,-0.347848,-5.988681,5.999998,14.016074,8.027393,1.050e-14,6.899e-15,2.496e-18,1.050e-14,1.00000000
72.800000,0.098343,-0.226002,-5.994934,5.999998,14.015675,8.020741,1.547e-14,5.011e-15,2.649e-18,1.547e-14,1.00000000
72.900000,0.057490,-0.107022,-5.998768,5.999998,14.015450,8.016682,2.037e-14,3.562e-15,2.883e-18,2.037e-14,1.00000000
73.000000,0.002166,0.003213,-5.999997,5.999998,14.015381,8.015384,2.365e-14,2.408e-15,3.149e-18,2.365e-14,1.00000000
73.000000,0.002166,0.003213,-5.999997,5.999998,14.015381,8.015384,2.365e-14,2.408e-15,3.149e-18,2.365e-14,1.00000000
73.100000,-0.003669,-0.000626,-5.999997,5.999998,14.015381,8.015384,2.444e-14,1.647e-15,3.620e-18,2.444e-14,1.00000000
73.200000,0.002368,0.002862,-5.999996,5.999997,14.015380,8.015384,2.321e-14,1.238e-15,4.187e-18,2.321e-14,1.00000000
73.300000,0.003308,-0.000910,-5.999996,5.999997,14.015381,8.015385,2.373e-14,1.163e-15,4.711e-18,2.373e-14,1.00000000
73.400000,0.003270,0.000135,-5.999995,5.999996,14.015381,8.015386,2.835e-14,1.462e-15,4.885e-18,2.835e-14,1.00000000
73.500000,-0.001186,0.003551,-5.999994,5.999995,14.015381,8.015388,3.502e-14,2.191e-15,4.621e-18,3.502e-14,1.00000000
73.600000,-0.000317,-0.003777,-5.999992,5.999993,14.015382,8.015390,3.663e-14,2.971e-15,4.086e-18,3.663e-14,1.00000000
73.700000,-0.004681,-0.000124,-5.999986,5.999988,14.015377,8.015391,3.244e-14,3.416e-15,3.676e-18,3.244e-14,1.00000000
73.800000,-0.004814,0.000832,-5.999972,5.999974,14.015365,8.015393,2.582e-14,3.495e-15,3.549e-18,2.582e-14,1.00000000
73.900000,-0.005699,-0.003170,-5.999907,5.999911,14.015301,8.015394,1.878e-14,3.693e-15,3.405e-18,1.878e-14,1.00000000
74.000000,-0.004598,0.000784,-5.999239,5.999241,14.014634,8.015395,1.270e-14,4.524e-15,3.086e-18,1.270e-14,1.00000000
74.000000,-0.004598,0.000784,-5.999239,5.999241,14.014634,8.015395,1.270e-14,4.524e-15,3.086e-18,1.270e-14,1.00000000
74.100000,-0.012477,0.010427,-5.995070,5.995092,14.010465,8.015394,8.411e-15,5.170e-15,2.944e-18,8.411e-15,1.00000000
74.200000,-0.019657,0.017464,-5.986418,5.986475,14.001810,8.015393,6.821e-15,5.162e-15,3.018e-18,6.821e-15,1.00000000
74.300000,-0.025752,0.021741,-5.973490,5.973585,13.988881,8.015391,6.382e-15,5.344e-15,3.201e-18,6.382e-15,1.00000000
74.400000,-0.030472,0.023313,-5.956527,5.956650,13.971915,8.015388,6.159e-15,5.964e-15,3.364e-18,6.159e-15,1.00000000
74.500000,-0.033636,0.022401,-5.935769,5.935906,13.951154,8.015385,6.292e-15,7.159e-15,3.711e-18,7.159e-15,1.00000000
74.600000,-0.035168,0.019339,-5.911432,5.911568,13.926814,8.015382,6.558e-15,8.575e-15,4.273e-18,8.575e-15,1.00000000
74.700000,-0.035088,0.014522,-5.883673,5.883795,13.899052,8.015380,6.319e-15,9.206e-15,4.754e-18,9.206e-15,1.00000000
74.800000,-0.033507,0.008371,-5.852576,5.852678,13.867954,8.015378,5.656e-15,1.010e-14,5.171e-18,1.010e-14,1.00000000
74.900000,-0.030604,0.001301,-5.818165,5.818246,13.833542,8.015377,4.970e-15,1.212e-14,5.180e-18,1.212e-14,1.00000000
75.000000,-0.026612,-0.006276,-5.780460,5.780524,13.795837,8.015377,5.168e-15,1.474e-14,4.855e-18,1.474e-14,1.00000000
75.100000,-0.021788,-0.013955,-5.739551,5.739609,13.754930,8.015379,6.099e-15,1.629e-14,4.746e-18,1.629e-14,1.00000000
75.200000,-0.016397,-0.021321,-5.695670,5.695734,13.711051,8.015381,6.766e-15,1.754e-14,4.598e-18,1.754e-14,1.00000000
75.300000,-0.010688,-0.027949,-5.649198,5.649278,13.664582,8.015384,7.281e-15,1.727e-14,4.164e-18,1.727e-14,1.00000000
75.400000,-0.004903,-0.033420,-5.600616,5.600718,13.616004,8.015387,8.222e-15,1.681e-14,3.757e-18,1.681e-14,1.00000000
75.500000,0.000727,-0.037369,-5.550432,5.550558,13.565823,8.015391,9.796e-15,1.765e-14,3.627e-18,1.765e-14,1.00000000
75.600000,0.005976,-0.039527,-5.499123,5.499269,13.514517,8.015393,1.127e-14,1.702e-14,3.833e-18,1.702e-14,1.00000000
75.700000,0.010605,-0.039767,-5.447114,5.447270,13.462510,8.015396,1.251e-14,1.561e-14,4.017e-18,1.561e-14,1.00000000
75.800000,0.014373,-0.038128,-5.394780,5.394934,13.410176,8.015397,1.334e-14,1.407e-14,3.894e-18,1.407e-14,1.00000000
75.900000,0.017059,-0.034810,-5.342446,5.342587,13.357843,8.015397,1.443e-14,1.165e-14,3.847e-18,1.443e-14,1.00000000
76.000000,0.018498,-0.030136,-5.290386,5.290505,13.305782,8.015395,1.572e-14,8.460e-15,4.097e-18,1.572e-14,1.00000000
76.100000,0.018591,-0.024490,-5.238819,5.238909,13.254212,8.015393,1.841e-14,5.564e-15,4.628e-18,1.841e-14,1.00000000
76.200000,0.017309,-0.018258,-5.187918,5.187979,13.203309,8.015391,2.229e-14,3.526e-15,5.295e-18,2.229e-14,1.00000000
76.300000,0.014682,-0.011800,-5.137832,5.137866,13.153220,8.015388,2.525e-14,2.576e-15,6.411e-18,2.525e-14,1.00000000
76.400000,0.010800,-0.005453,-5.088680,5.088695,13.104065,8.015385,2.736e-14,2.586e-15,7.880e-18,2.736e-14,1.00000000
76.500000,0.005824,0.000461,-5.040532,5.040535,13.055914,8.015382,2.765e-14,3.316e-15,9.516e-18,2.765e-14,1.00000000
76.600000,-0.000022,0.005660,-4.993381,4.993384,13.008761,8.015381,2.507e-14,4.460e-15,1.151e-17,2.507e-14,1.00000000
76.700000,-0.006474,0.009904,-4.947170,4.947185,12.962550,8.015380,2.529e-14,5.477e-15,1.516e-17,2.529e-14,1.00000000
76.800000,-0.013267,0.012979,-4.901875,4.901910,12.917254,8.015380,2.669e-14,5.380e-15,2.281e-17,2.669e-14,1.00000000
76.900000,-0.020143,0.014661,-4.857584,4.857648,12.872965,8.015381,2.667e-14,4.539e-15,3.752e-17,2.667e-14,1.00000000
77.000000,-0.026826,0.014740,-4.814511,4.814608,12.829893,8.015382,2.589e-14,4.216e-15,5.918e-17,2.589e-14,1.00000000
77.100000,-0.033010,0.013088,-4.772883,4.773016,12.788268,8.015384,2.530e-14,4.709e-15,8.014e-17,2.530e-14,1.00000000
77.200000,-0.038371,0.009726,-4.732828,4.732994,12.748215,8.015387,2.287e-14,5.340e-15,9.118e-17,2.287e-14,1.00000000
77.300000,-0.042608,0.004847,-4.694311,4.694507,12.709700,8.015389,1.777e-14,5.653e-15,9.008e-17,1.777e-14,1.00000000
77.400000,-0.045495,-0.001205,-4.657165,4.657387,12.672555,8.015390,1.303e-14,5.750e-15,8.075e-17,1.303e-14,1.00000000
77.500000,-0.046928,-0.007983,-4.621143,4.621388,12.636534,8.015392,9.229e-15,5.954e-15,6.815e-17,9.229e-15,1.00000000
77.600000,-0.046942,-0.015033,-4.585941,4.586206,12.601333,8.015392,6.694e-15,6.455e-15,5.555e-17,6.694e-15,1.00000000
77.700000,-0.045681,-0.021981,-4.551202,4.551484,12.566593,8.015392,5.758e-15,6.875e-15,4.495e-17,6.875e-15,1.00000000
77.800000,-0.043336,-0.028569,-4.516524,4.516823,12.531915,8.015391,5.733e-15,8.251e-15,3.733e-17,8.251e-15,1.00000000
77.900000,-0.040098,-0.034623,-4.481498,4.481811,12.496888,8.015389,5.869e-15,1.005e-14,3.250e-17,1.005e-14,1.00000000
78.000000,-0.036153,-0.039995,-4.445741,4.446068,12.461129,8.015388,5.507e-15,1.221e-14,2.961e-17,1.221e-14,1.00000000
78.100000,-0.031720,-0.044545,-4.408896,4.409235,12.424282,8.015386,5.358e-15,1.395e-14,2.792e-17,1.395e-14,1.00000000
78.200000,-0.027047,-0.048172,-4.370603,4.370953,12.385988,8.015385,6.608e-15,1.480e-14,2.687e-17,1.480e-14,1.00000000
78.300000,-0.022366,-0.050831,-4.330520,4.330876,12.345903,8.015384,8.640e-15,1.513e-14,2.607e-17,1.513e-14,1.00000000
78.400000,-0.017879,-0.052543,-4.288403,4.288763,12.303786,8.015383,9.832e-15,1.460e-14,2.625e-17,1.460e-14,1.00000000
78.500000,-0.013778,-0.053395,-4.244246,4.244604,12.259629,8.015383,9.574e-15,1.374e-14,2.715e-17,1.374e-14,1.00000000
78.600000,-0.010266,-0.053562,-4.198308,4.198662,12.213691,8.015383,8.999e-15,1.302e-14,2.626e-17,1.302e-14,1.00000000
78.700000,-0.007524,-0.053291,-4.151017,4.151366,12.166402,8.015384,9.526e-15,1.274e-14,2.267e-17,1.274e-14,1.00000000
78.800000,-0.005668,-0.052860,-4.102807,4.103152,12.118192,8.015385,1.112e-14,1.231e-14,1.951e-17,1.231e-14,1.00000000
78.900000,-0.004736,-0.052559,-4.054044,4.054387,12.069429,8.015386,1.226e-14,1.100e-14,1.847e-17,1.226e-14,1.00000000
79.000000,-0.004667,-0.052676,-4.005056,4.005405,12.020442,8.015387,1.252e-14,9.573e-15,1.925e-17,1.252e-14,1.00000000
79.100000,-0.005267,-0.053404,-3.956186,3.956550,11.971573,8.015387,1.354e-14,8.632e-15,2.077e-17,1.354e-14,1.00000000
79.200000,-0.006218,-0.054724,-3.907787,3.908175,11.923174,8.015387,1.500e-14,7.512e-15,2.248e-17,1.500e-14,1.00000000
79.300000,-0.007169,-0.056396,-3.860192,3.860610,11.875579,8.015387,1.818e-14,6.083e-15,2.523e-17,1.818e-14,1.00000000
79.400000,-0.007807,-0.058100,-3.813724,3.814174,11.829110,8.015387,2.336e-14,4.744e-15,2.987e-17,2.336e-14,1.00000000
79.500000,-0.007852,-0.059615,-3.768770,3.769250,11.784156,8.015386,2.730e-14,3.930e-15,3.407e-17,2.730e-14,1.00000000
79.600000,-0.007018,-0.060892,-3.725862,3.726367,11.741248,8.015385,2.807e-14,3.764e-15,3.460e-17,2.807e-14,1.00000000
79.700000,-0.005002,-0.061953,-3.685658,3.686182,11.701043,8.015385,2.345e-14,3.968e-15,3.299e-17,2.345e-14,1.00000000
79.800000,-0.001583,-0.062718,-3.648851,3.649390,11.664235,8.015384,1.877e-14,4.455e-15,3.233e-17,1.877e-14,1.00000000
79.900000,0.003215,-0.062950,-3.616087,3.616637,11.631471,8.015384,1.831e-14,4.567e-15,3.340e-17,1.831e-14,1.00000000
80.000000,0.009049,-0.062305,-3.587847,3.588399,11.603231,8.015384,1.932e-14,4.415e-15,3.350e-17,1.932e-14,1.00000000
80.100000,0.015341,-0.060386,-3.564337,3.564881,11.579720,8.015384,2.217e-14,4.909e-15,2.884e-17,2.217e-14,1.00000000
80.200000,0.021406,-0.056813,-3.545512,3.546032,11.560896,8.015384,2.614e-14,5.809e-15,2.250e-17,2.614e-14,1.00000000
80.300000,0.026611,-0.051385,-3.531159,3.531633,11.546543,8.015384,2.895e-14,6.265e-15,1.995e-17,2.895e-14,1.00000000
80.400000,0.030592,-0.044221,-3.520883,3.521294,11.536267,8.015384,2.732e-14,6.300e-15,1.994e-17,2.732e-14,1.00000000
80.500000,0.033405,-0.035665,-3.514084,3.514423,11.529468,8.015384,2.296e-14,6.339e-15,1.990e-17,2.296e-14,1.00000000
80.600000,0.035408,-0.026028,-3.509951,3.510226,11.525335,8.015384,1.753e-14,7.089e-15,1.924e-17,1.753e-14,1.00000000
80.700000,0.036954,-0.015506,-3.507491,3.507720,11.522875,8.015384,1.245e-14,7.913e-15,1.901e-17,1.245e-14,1.00000000
80.800000,0.038242,-0.004382,-3.505715,3.505926,11.521098,8.015383,8.579e-15,8.231e-15,1.912e-17,8.579e-15,1.00000000
80.900000,0.039356,0.006848,-3.503927,3.504155,11.519310,8.015383,6.417e-15,8.230e-15,1.817e-17,8.230e-15,1.00000000
81.000000,0.040355,0.017529,-3.501887,3.502164,11.517270,8.015383,5.948e-15,9.343e-15,1.653e-17,9.343e-15,1.00000000
81.100000,0.041412,0.026952,-3.499700,3.500049,11.515082,8.015382,6.234e-15,1.098e-14,1.297e-17,1.098e-14,1.00000000
81.200000,0.042946,0.034507,-3.497505,3.497939,11.512888,8.015382,6.802e-15,1.210e-14,1.008e-17,1.210e-14,1.00000000
81.300000,0.045466,0.039941,-3.495221,3.495745,11.510604,8.015382,6.756e-15,1.291e-14,9.185e-18,1.291e-14,1.00000000
81.400000,0.049129,0.043461,-3.492648,3.493264,11.508031,8.015383,6.158e-15,1.312e-14,8.828e-18,1.312e-14,1.00000000
81.500000,0.053725,0.045460,-3.489765,3.490474,11.505148,8.015383,5.763e-15,1.276e-14,8.266e-18,1.276e-14,1.00000000
81.600000,0.059106,0.046275,-3.486738,3.487545,11.502122,8.015384,6.189e-15,1.191e-14,7.583e-18,1.191e-14,1.00000000
81.700000,0.065289,0.046198,-3.483821,3.484739,11.499206,8.015385,6.877e-15,1.076e-14,6.815e-18,1.076e-14,1.00000000
81.800000,0.072298,0.045461,-3.481291,3.482339,11.496677,8.015386,8.260e-15,9.868e-15,6.493e-18,9.868e-15,1.00000000
81.900000,0.079805,0.044330,-3.479308,3.480505,11.494695,8.015387,1.036e-14,9.570e-15,6.174e-18,1.036e-14,1.00000000
82.000000,0.087089,0.043082,-3.477869,3.479226,11.493256,8.015387,1.141e-14,9.079e-15,6.022e-18,1.141e-14,1.00000000
82.100000,0.093361,0.041822,-3.476841,3.478346,11.492229,8.015388,1.142e-14,8.256e-15,6.104e-18,1.142e-14,1.00000000
82.200000,0.098065,0.040300,-3.476108,3.477725,11.491496,8.015388,1.295e-14,7.881e-15,6.134e-18,1.295e-14,1.00000000
82.300000,0.101167,0.037883,-3.475756,3.477435,11.491143,8.015387,1.513e-14,7.584e-15,6.124e-18,1.513e-14,1.00000000
82.400000,0.103057,0.033902,-3.475958,3.477651,11.491344,8.015386,1.757e-14,6.707e-15,6.259e-18,1.757e-14,1.00000000
82.500000,0.104351,0.028127,-3.476806,3.478486,11.492192,8.015385,2.035e-14,5.612e-15,6.732e-18,2.035e-14,1.00000000
82.600000,0.105782,0.020966,-3.478538,3.480210,11.493923,8.015384,2.374e-14,4.686e-15,7.233e-18,2.374e-14,1.00000000
82.700000,0.107592,0.013297,-3.481636,3.483323,11.497019,8.015383,2.642e-14,3.879e-15,7.870e-18,2.642e-14,1.00000000
82.800000,0.109341,0.005783,-3.486502,3.488221,11.501885,8.015383,2.569e-14,3.759e-15,8.345e-18,2.569e-14,1.00000000
82.900000,0.110639,-0.001361,-3.493084,3.494836,11.508466,8.015383,2.335e-14,4.489e-15,8.566e-18,2.335e-14,1.00000000
83.000000,0.111562,-0.007951,-3.500922,3.502708,11.516305,8.015383,2.234e-14,5.355e-15,9.040e-18,2.234e-14,1.00000000
83.100000,0.112541,-0.013803,-3.509541,3.511372,11.524925,8.015384,2.117e-14,5.480e-15,9.769e-18,2.117e-14,1.00000000
83.200000,0.114125,-0.018854,-3.518860,3.520761,11.534244,8.015384,2.185e-14,5.094e-15,9.602e-18,2.185e-14,1.00000000
83.300000,0.116475,-0.023213,-3.529093,3.531091,11.544478,8.015385,2.654e-14,5.343e-15,8.661e-18,2.654e-14,1.00000000
83.400000,0.119359,-0.027024,-3.540422,3.542536,11.555808,8.015386,3.014e-14,6.034e-15,8.114e-18,3.014e-14,1.00000000
83.500000,0.122601,-0.030409,-3.552689,3.554933,11.568075,8.015387,3.069e-14,6.543e-15,8.273e-18,3.069e-14,1.00000000
83.600000,0.126184,-0.033428,-3.565275,3.567664,11.580662,8.015387,2.887e-14,7.439e-15,8.488e-18,2.887e-14,1.00000000
83.700000,0.130105,-0.035508,-3.577337,3.579878,11.592724,8.015387,2.534e-14,7.961e-15,8.410e-18,2.534e-14,1.00000000
83.800000,0.134123,-0.035968,-3.588362,3.591048,11.603749,8.015387,2.051e-14,8.045e-15,8.396e-18,2.051e-14,1.00000000
83.900000,0.137842,-0.034447,-3.598728,3.601532,11.614115,8.015386,1.557e-14,8.005e-15,8.456e-18,1.557e-14,1.00000000
84.000000,0.141049,-0.030352,-3.609460,3.612342,11.624845,8.015386,1.115e-14,7.902e-15,8.845e-18,1.115e-14,1.00000000
84.100000,0.143559,-0.022857,-3.621276,3.624192,11.636661,8.015385,8.106e-15,8.580e-15,9.806e-18,8.580e-15,1.00000000
84.200000,0.144962,-0.011835,-3.633973,3.636882,11.649357,8.015384,6.231e-15,9.345e-15,1.140e-17,9.345e-15,1.00000000
84.300000,0.144948,0.002002,-3.647030,3.649910,11.662414,8.015384,5.325e-15,9.370e-15,1.346e-17,9.370e-15,1.00000000
84.400000,0.143605,0.017522,-3.660031,3.662889,11.675415,8.015384,5.004e-15,1.019e-14,1.577e-17,1.019e-14,1.00000000
84.500000,0.141241,0.033541,-3.672723,3.675591,11.688108,8.015385,4.878e-15,1.015e-14,1.764e-17,1.015e-14,1.00000000
84.600000,0.138101,0.049408,-3.685139,3.688057,11.700525,8.015386,5.110e-15,9.528e-15,1.805e-17,9.528e-15,1.00000000
84.700000,0.134330,0.064763,-3.697397,3.700403,11.712784,8.015388,5.690e-15,9.204e-15,1.589e-17,9.204e-15,1.00000000
84.800000,0.129989,0.078988,-3.709444,3.712561,11.724833,8.015389,6.263e-15,8.602e-15,1.228e-17,8.602e-15,1.00000000
84.900000,0.124769,0.091309,-3.721046,3.724257,11.736437,8.015391,6.869e-15,8.561e-15,9.889e-18,8.561e-15,1.00000000
85.000000,0.118299,0.101190,-3.732079,3.735324,11.747471,8.015393,7.642e-15,8.867e-15,8.653e-18,8.867e-15,1.00000000
85.100000,0.110790,0.108846,-3.742590,3.745811,11.757984,8.015394,9.047e-15,8.784e-15,8.197e-18,9.047e-15,1.00000000
85.200000,0.102947,0.115376,-3.752593,3.755777,11.767988,8.015395,1.045e-14,8.228e-15,8.398e-18,1.045e-14,1.00000000
85.300000,0.095466,0.122248,-3.762082,3.765279,11.777478,8.015396,1.202e-14,7.353e-15,8.754e-18,1.202e-14,1.00000000
85.400000,0.088787,0.130645,-3.771049,3.774356,11.786445,8.015396,1.424e-14,6.835e-15,9.244e-18,1.424e-14,1.00000000
85.500000,0.082982,0.140744,-3.779483,3.783013,11.794879,8.015397,1.512e-14,6.455e-15,1.010e-17,1.512e-14,1.00000000
85.600000,0.078036,0.151778,-3.787663,3.791506,11.803059,8.015397,1.573e-14,5.798e-15,1.113e-17,1.573e-14,1.00000000
85.700000,0.073884,0.163049,-3.795883,3.800102,11.811280,8.015397,1.852e-14,5.170e-15,1.275e-17,1.852e-14,1.00000000
85.800000,0.070616,0.174382,-3.804133,3.808782,11.819529,8.015397,2.426e-14,4.766e-15,1.613e-17,2.426e-14,1.00000000
85.900000,0.068278,0.185959,-3.812251,3.817394,11.827648,8.015397,2.888e-14,4.608e-15,2.038e-17,2.888e-14,1.00000000
86.000000,0.066282,0.198085,-3.820180,3.825887,11.835578,8.015398,3.008e-14,4.791e-15,2.510e-17,3.008e-14,1.00000000
86.100000,0.063735,0.210448,-3.828522,3.834831,11.843922,8.015400,2.740e-14,5.343e-15,3.062e-17,2.740e-14,1.00000000
86.200000,0.060331,0.222023,-3.837920,3.844810,11.853322,8.015401,2.259e-14,6.002e-15,3.491e-17,2.259e-14,1.00000000
86.300000,0.055752,0.232453,-3.848205,3.855623,11.863609,8.015404,2.199e-14,6.371e-15,3.311e-17,2.199e-14,1.00000000
86.400000,0.050125,0.241919,-3.858400,3.866302,11.873806,8.015406,2.475e-14,6.575e-15,2.692e-17,2.475e-14,1.00000000
86.500000,0.044160,0.250828,-3.867658,3.876035,11.883066,8.015408,2.614e-14,7.344e-15,2.093e-17,2.614e-14,1.00000000
86.600000,0.038674,0.259718,-3.876075,3.884959,11.891485,8.015411,2.617e-14,7.523e-15,1.600e-17,2.617e-14,1.00000000
86.700000,0.034304,0.268694,-3.883971,3.893405,11.899383,8.015412,2.593e-14,7.645e-15,1.300e-17,2.593e-14,1.00000000
86.800000,0.031092,0.277552,-3.891258,3.901267,11.906671,8.015414,2.419e-14,7.931e-15,1.176e-17,2.419e-14,1.00000000
86.900000,0.028663,0.286001,-3.897763,3.908347,11.913177,8.015414,2.137e-14,7.048e-15,1.183e-17,2.137e-14,1.00000000
87.000000,0.026682,0.293841,-3.903501,3.914636,11.918915,8.015414,1.717e-14,6.170e-15,1.295e-17,1.717e-14,1.00000000
87.100000,0.024744,0.300816,-3.908130,3.919768,11.923544,8.015414,1.393e-14,6.182e-15,1.589e-17,1.393e-14,1.00000000
87.200000,0.022634,0.306904,-3.911256,3.923344,11.926669,8.015413,1.084e-14,6.890e-15,1.980e-17,1.084e-14,1.00000000
87.300000,0.020946,0.312227,-3.913184,3.925676,11.928595,8.015411,7.938e-15,7.092e-15,2.450e-17,7.938e-15,1.00000000
87.400000,0.020325,0.316640,-3.914345,3.927183,11.929754,8.015409,6.226e-15,7.220e-15,3.009e-17,7.220e-15,1.00000000
87.500000,0.021249,0.320965,-3.914960,3.928152,11.930367,8.015408,5.333e-15,7.620e-15,3.535e-17,7.620e-15,1.00000000
87.600000,0.024140,0.326639,-3.915485,3.929160,11.930891,8.015406,4.936e-15,7.249e-15,3.666e-17,7.249e-15,1.00000000
87.700000,0.029288,0.334946,-3.916082,3.930490,11.931487,8.015404,5.083e-15,6.819e-15,3.621e-17,6.819e-15,1.00000000
87.800000,0.036796,0.346520,-3.916650,3.932121,11.932052,8.015403,6.054e-15,6.756e-15,3.720e-17,6.756e-15,1.00000000
87.900000,0.045798,0.360570,-3.917091,3.933918,11.932493,8.015401,6.684e-15,6.820e-15,3.630e-17,6.820e-15,1.00000000
88.000000,0.055246,0.375452,-3.916974,3.935315,11.932374,8.015399,7.383e-15,7.592e-15,3.094e-17,7.592e-15,1.00000000
88.100000,0.064323,0.389671,-3.915914,3.935780,11.931312,8.015397,9.559e-15,9.031e-15,2.430e-17,9.559e-15,1.00000000
88.200000,0.072127,0.402525,-3.913929,3.935234,11.929324,8.015395,1.093e-14,9.789e-15,1.901e-17,1.093e-14,1.00000000
88.300000,0.078103,0.413634,-3.911165,3.933752,11.926557,8.015392,1.020e-14,9.264e-15,1.640e-17,1.020e-14,1.00000000
88.400000,0.082430,0.422631,-3.907785,3.931436,11.923173,8.015389,9.772e-15,7.891e-15,1.597e-17,9.772e-15,1.00000000
88.500000,0.085893,0.429463,-3.903923,3.928414,11.919309,8.015385,1.023e-14,6.904e-15,1.682e-17,1.023e-14,1.00000000
88.600000,0.089072,0.434186,-3.899648,3.924755,11.915029,8.015381,1.152e-14,6.695e-15,1.837e-17,1.152e-14,1.00000000
88.700000,0.092193,0.436867,-3.895310,3.920815,11.910687,8.015377,1.301e-14,6.638e-15,2.192e-17,1.301e-14,1.00000000
88.800000,0.095439,0.437819,-3.891216,3.916932,11.906589,8.015373,1.567e-14,6.815e-15,2.739e-17,1.567e-14,1.00000000
88.900000,0.098705,0.437263,-3.887387,3.913147,11.902757,8.015370,2.089e-14,6.985e-15,3.332e-17,2.089e-14,1.00000000
89.000000,0.101514,0.435372,-3.883517,3.909163,11.898884,8.015367,2.638e-14,6.791e-15,3.860e-17,2.638e-14,1.00000000
89.100000,0.103271,0.432363,-3.879243,3.904629,11.894607,8.015364,3.124e-14,6.950e-15,4.212e-17,3.124e-14,1.00000000
89.200000,0.103829,0.428615,-3.874514,3.899532,11.889877,8.015363,3.104e-14,8.052e-15,4.377e-17,3.104e-14,1.00000000
89.300000,0.103816,0.424386,-3.869596,3.894182,11.884957,8.015362,2.617e-14,8.402e-15,4.681e-17,2.617e-14,1.00000000
89.400000,0.103941,0.419703,-3.865104,3.889214,11.880465,8.015361,2.330e-14,7.813e-15,4.921e-17,2.330e-14,1.00000000
89.500000,0.104347,0.414015,-3.861798,3.885329,11.877160,8.015361,2.418e-14,7.610e-15,5.111e-17,2.418e-14,1.00000000
89.600000,0.104991,0.406874,-3.859855,3.882660,11.875216,8.015361,2.546e-14,6.800e-15,4.817e-17,2.546e-14,1.00000000
89.700000,0.106269,0.398850,-3.859038,3.881050,11.874400,8.015362,2.608e-14,6.061e-15,3.980e-17,2.608e-14,1.00000000
89.800000,0.108537,0.390905,-3.859257,3.880522,11.874618,8.015362,2.602e-14,6.091e-15,3.150e-17,2.602e-14,1.00000000
89.900000,0.111900,0.383441,-3.860366,3.880976,11.875727,8.015361,2.582e-14,5.731e-15,2.596e-17,2.582e-14,1.00000000
90.000000,0.116290,0.375723,-3.861671,3.881648,11.877031,8.015361,2.429e-14,4.483e-15,2.347e-17,2.429e-14,1.00000000
90.100000,0.121529,0.367019,-3.862267,3.881569,11.877627,8.015360,2.242e-14,4.136e-15,2.476e-17,2.242e-14,1.00000000
90.200000,0.127686,0.357303,-3.861882,3.880477,11.877240,8.015358,2.238e-14,4.361e-15,2.861e-17,2.238e-14,1.00000000
90.300000,0.134833,0.347251,-3.860737,3.878666,11.876094,8.015357,2.127e-14,5.247e-15,3.277e-17,2.127e-14,1.00000000
90.400000,0.142581,0.337926,-3.859337,3.876726,11.874692,8.015355,1.613e-14,5.787e-15,3.671e-17,1.613e-14,1.00000000
90.500000,0.150356,0.329950,-3.858114,3.875115,11.873468,8.015354,1.175e-14,5.606e-15,4.101e-17,1.175e-14,1.00000000
90.600000,0.157659,0.323299,-3.857207,3.873941,11.872560,8.015353,1.062e-14,5.318e-15,4.393e-17,1.062e-14,1.00000000
90.700000,0.164756,0.317284,-3.856448,3.872984,11.871800,8.015352,1.162e-14,5.235e-15,4.512e-17,1.162e-14,1.00000000
90.800000,0.172504,0.311836,-3.855498,3.871933,11.870850,8.015353,1.255e-14,5.370e-15,4.637e-17,1.255e-14,1.00000000
90.900000,0.181361,0.307932,-3.854302,3.870835,11.869655,8.015353,1.461e-14,5.759e-15,4.688e-17,1.461e-14,1.00000000
91.000000,0.190944,0.306135,-3.852724,3.869582,11.868078,8.015354,1.532e-14,5.940e-15,4.761e-17,1.532e-14,1.00000000
91.100000,0.200433,0.306344,-3.850502,3.867865,11.865857,8.015356,1.406e-14,6.517e-15,4.807e-17,1.406e-14,1.00000000
91.200000,0.209287,0.308347,-3.847749,3.865753,11.863106,8.015357,1.282e-14,8.332e-15,4.469e-17,1.282e-14,1.00000000
91.300000,0.217872,0.312026,-3.844716,3.863505,11.860075,8.015358,1.214e-14,1.023e-14,3.950e-17,1.214e-14,1.00000000
91.400000,0.226440,0.316662,-3.841149,3.860826,11.856509,8.015360,1.081e-14,1.062e-14,3.596e-17,1.081e-14,1.00000000
91.500000,0.234563,0.321405,-3.837001,3.857576,11.852361,8.015360,1.024e-14,1.128e-14,3.379e-17,1.128e-14,1.00000000
91.600000,0.241716,0.325442,-3.832610,3.853989,11.847970,8.015361,1.106e-14,1.185e-14,3.285e-17,1.185e-14,1.00000000
91.700000,0.247976,0.328532,-3.827887,3.849954,11.843248,8.015361,1.258e-14,1.380e-14,3.349e-17,1.380e-14,1.00000000
91.800000,0.253919,0.331480,-3.822682,3.845420,11.838043,8.015361,1.403e-14,1.881e-14,3.476e-17,1.881e-14,1.00000000
91.900000,0.260181,0.335397,-3.817119,3.840649,11.832479,8.015360,1.543e-14,2.202e-14,3.698e-17,2.202e-14,1.00000000
92.000000,0.266403,0.340561,-3.811371,3.835818,11.826731,8.015360,1.820e-14,2.236e-14,4.180e-17,2.236e-14,1.00000000
92.100000,0.270453,0.345996,-3.805735,3.830989,11.821094,8.015360,2.263e-14,2.320e-14,4.943e-17,2.320e-14,1.00000000
92.200000,0.271007,0.350676,-3.800553,3.826307,11.815913,8.015359,2.650e-14,2.353e-14,5.775e-17,2.650e-14,1.00000000
92.300000,0.267880,0.354347,-3.795658,3.821563,11.811017,8.015359,2.839e-14,2.169e-14,6.496e-17,2.839e-14,1.00000000
92.400000,0.261354,0.357057,-3.790966,3.816702,11.806326,8.015360,2.778e-14,1.772e-14,7.714e-17,2.778e-14,1.00000000
92.500000,0.252107,0.358635,-3.786363,3.811656,11.801723,8.015360,2.651e-14,1.455e-14,9.367e-17,2.651e-14,1.00000000
92.600000,0.240701,0.359363,-3.781972,3.806624,11.797333,8.015361,2.600e-14,1.207e-14,9.636e-17,2.600e-14,1.00000000
92.700000,0.227688,0.360111,-3.777770,3.801719,11.793131,8.015361,2.543e-14,9.308e-15,8.551e-17,2.543e-14,1.00000000
92.800000,0.213047,0.361596,-3.774040,3.797304,11.789402,8.015362,2.793e-14,7.019e-15,7.177e-17,2.793e-14,1.00000000
92.900000,0.196951,0.363943,-3.770476,3.793117,11.785838,8.015362,3.339e-14,5.452e-15,5.884e-17,3.339e-14,1.00000000
93.000000,0.180364,0.367035,-3.766799,3.788934,11.782160,8.015361,3.517e-14,4.525e-15,4.840e-17,3.517e-14,1.00000000
93.100000,0.165235,0.371275,-3.763110,3.784989,11.778470,8.015361,3.724e-14,4.042e-15,4.252e-17,3.724e-14,1.00000000
93.200000,0.153378,0.377334,-3.759931,3.781929,11.775291,8.015359,4.746e-14,3.660e-15,4.093e-17,4.746e-14,1.00000000
93.300000,0.145368,0.385600,-3.757843,3.780371,11.773200,8.015357,5.882e-14,3.761e-15,4.350e-17,5.882e-14,1.00000000
93.400000,0.141130,0.396616,-3.756468,3.779984,11.771823,8.015355,6.246e-14,4.334e-15,5.049e-17,6.246e-14,1.00000000
93.500000,0.139831,0.410049,-3.755171,3.780080,11.770523,8.015352,5.073e-14,5.001e-15,6.021e-17,5.073e-14,1.00000000
93.600000,0.139967,0.424008,-3.753731,3.780194,11.769080,8.015349,3.449e-14,5.167e-15,6.764e-17,3.449e-14,1.00000000
93.700000,0.139573,0.436721,-3.752353,3.780259,11.767699,8.015347,3.550e-14,4.951e-15,6.943e-17,3.550e-14,1.00000000
93.800000,0.137933,0.447398,-3.751259,3.780362,11.766603,8.015344,3.558e-14,5.369e-15,6.982e-17,3.558e-14,1.00000000
93.900000,0.135846,0.456211,-3.750199,3.780288,11.765542,8.015342,3.305e-14,6.096e-15,7.411e-17,3.305e-14,1.00000000
94.000000,0.133525,0.463780,-3.749220,3.780155,11.764561,8.015341,3.291e-14,7.320e-15,8.018e-17,3.291e-14,1.00000000
94.100000,0.130899,0.470890,-3.748599,3.780327,11.763940,8.015340,3.119e-14,8.062e-15,8.459e-17,3.119e-14,1.00000000
94.200000,0.128944,0.477725,-3.748393,3.780912,11.763733,8.015340,2.691e-14,8.367e-15,8.531e-17,2.691e-14,1.00000000
94.300000,0.129267,0.484408,-3.748661,3.782039,11.764001,8.015340,2.431e-14,9.659e-15,8.046e-17,2.431e-14,1.00000000
94.400000,0.132722,0.491531,-3.749454,3.783864,11.764794,8.015340,2.248e-14,1.260e-14,7.324e-17,2.248e-14,1.00000000
94.500000,0.138450,0.499061,-3.750867,3.786453,11.766206,8.015339,2.084e-14,1.654e-14,6.456e-17,2.084e-14,1.00000000
94.600000,0.145446,0.506656,-3.752964,3.789802,11.768303,8.015338,1.924e-14,1.969e-14,5.746e-17,1.969e-14,1.00000000
94.700000,0.153539,0.514187,-3.755735,3.793877,11.771072,8.015337,1.870e-14,2.578e-14,5.401e-17,2.578e-14,1.00000000
94.800000,0.162109,0.521335,-3.758892,3.798334,11.774228,8.015335,1.916e-14,3.221e-14,5.464e-17,3.221e-14,1.00000000
94.900000,0.170344,0.527670,-3.761694,3.802341,11.777028,8.015333,1.856e-14,3.783e-14,5.723e-17,3.783e-14,1.00000000
95.000000,0.177603,0.533046,-3.763473,3.805182,11.778804,8.015331,1.826e-14,5.508e-14,6.082e-17,5.508e-14,1.00000000
95.100000,0.182674,0.537283,-3.764327,3.806862,11.779655,8.015328,1.770e-14,6.370e-14,6.641e-17,6.370e-14,1.00000000
95.200000,0.184994,0.540073,-3.764863,3.807899,11.780188,8.015325,1.850e-14,6.376e-14,7.262e-17,6.376e-14,1.00000000
95.300000,0.185375,0.541547,-3.765439,3.808696,11.780762,8.015323,2.222e-14,6.289e-14,7.778e-17,6.289e-14,1.00000000
95.400000,0.184590,0.542069,-3.766216,3.809501,11.781537,8.015321,2.562e-14,5.205e-14,8.272e-17,5.205e-14,1.00000000
95.500000,0.182987,0.541760,-3.767389,3.810539,11.782708,8.015320,2.764e-14,3.895e-14,8.925e-17,3.895e-14,1.00000000
95.600000,0.180804,0.540652,-3.769376,3.812242,11.784694,8.015319,2.948e-14,3.321e-14,9.284e-17,3.321e-14,1.00000000
95.700000,0.177824,0.538629,-3.772075,3.814485,11.787393,8.015318,3.238e-14,3.121e-14,9.454e-17,3.238e-14,1.00000000
95.800000,0.173741,0.536059,-3.775095,3.816921,11.790413,8.015318,3.681e-14,2.684e-14,9.717e-17,3.681e-14,1.00000000
95.900000,0.168290,0.533467,-3.778229,3.819414,11.793546,8.015317,4.319e-14,2.034e-14,9.686e-17,4.319e-14,1.00000000
96.000000,0.161221,0.531234,-3.781217,3.821754,11.796534,8.015317,6.084e-14,1.413e-14,8.979e-17,6.084e-14,1.00000000
96.100000,0.152756,0.529843,-3.783823,3.823792,11.799139,8.015316,8.689e-14,9.620e-15,7.988e-17,8.689e-14,1.00000000
96.200000,0.143154,0.529382,-3.786396,3.825902,11.801710,8.015314,1.031e-13,6.881e-15,7.392e-17,1.031e-13,1.00000000
96.300000,0.132698,0.529224,-3.789354,3.828432,11.804666,8.015312,1.076e-13,5.421e-15,7.305e-17,1.076e-13,1.00000000
96.400000,0.122337,0.528972,-3.792539,3.831205,11.807849,8.015310,1.074e-13,4.484e-15,7.612e-17,1.074e-13,1.00000000
96.500000,0.113073,0.528270,-3.795944,3.834194,11.811251,8.015307,1.187e-13,4.410e-15,7.967e-17,1.187e-13,1.00000000
96.600000,0.105727,0.527128,-3.799693,3.837539,11.814997,8.015304,1.471e-13,5.048e-15,8.623e-17,1.471e-13,1.00000000
96.700000,0.100262,0.525747,-3.803598,3.841071,11.818900,8.015301,1.565e-13,5.941e-15,9.297e-17,1.565e-13,1.00000000
96.800000,0.095617,0.524035,-3.807266,3.844350,11.822565,8.015299,1.360e-13,6.220e-15,9.768e-17,1.360e-13,1.00000000
96.900000,0.090278,0.521485,-3.810581,3.847158,11.825879,8.015297,1.169e-13,6.907e-15,9.925e-17,1.169e-13,1.00000000
97.000000,0.083450,0.518380,-3.813781,3.849754,11.829078,8.015296,1.073e-13,8.107e-15,9.812e-17,1.073e-13,1.00000000
97.100000,0.075193,0.515482,-3.817011,3.852395,11.832307,8.015296,9.612e-14,1.039e-14,9.709e-17,9.612e-14,1.00000000
97.200000,0.066461,0.513358,-3.820244,3.855154,11.835540,8.015297,8.515e-14,1.420e-14,9.806e-17,8.515e-14,1.00000000
97.300000,0.058599,0.512686,-3.823655,3.858318,11.838953,8.015298,7.725e-14,1.744e-14,9.819e-17,7.725e-14,1.00000000
97.400000,0.052282,0.513202,-3.827408,3.862016,11.842708,8.015299,7.056e-14,2.268e-14,1.008e-16,7.056e-14,1.00000000
97.500000,0.048029,0.514053,-3.831427,3.866057,11.846728,8.015301,6.067e-14,2.727e-14,1.041e-16,6.067e-14,1.00000000
97.600000,0.045504,0.514422,-3.835311,3.869924,11.850613,8.015302,4.825e-14,3.164e-14,1.006e-16,4.825e-14,1.00000000
97.700000,0.044157,0.513656,-3.838705,3.873170,11.854008,8.015303,3.680e-14,4.802e-14,9.444e-17,4.802e-14,1.00000000
97.800000,0.043467,0.511888,-3.841539,3.875737,11.856842,8.015304,2.836e-14,5.909e-14,9.277e-17,5.909e-14,1.00000000
97.900000,0.042741,0.509403,-3.843929,3.877771,11.859233,8.015304,2.410e-14,7.614e-14,9.340e-17,7.614e-14,1.00000000
98.000000,0.041911,0.507007,-3.846092,3.879592,11.861396,8.015304,2.232e-14,1.122e-13,9.194e-17,1.122e-13,1.00000000
98.100000,0.041368,0.505706,-3.848118,3.881426,11.863422,8.015303,2.137e-14,1.117e-13,9.305e-17,1.117e-13,1.00000000
98.200000,0.041046,0.505633,-3.849998,3.883276,11.865301,8.015303,2.018e-14,9.906e-14,9.948e-17,9.906e-14,1.00000000
98.300000,0.040822,0.506569,-3.851717,3.885100,11.867019,8.015302,1.951e-14,1.311e-13,1.060e-16,1.311e-13,1.00000000
98.400000,0.040916,0.508216,-3.853135,3.886722,11.868437,8.015302,2.156e-14,1.982e-13,1.101e-16,1.982e-13,1.00000000
98.500000,0.041388,0.510563,-3.854071,3.887962,11.869374,8.015302,2.797e-14,2.487e-13,1.180e-16,2.487e-13,1.00000000
98.600000,0.042167,0.513663,-3.854501,3.888805,11.869804,8.015303,3.326e-14,2.605e-13,1.258e-16,2.605e-13,1.00000000
98.700000,0.042897,0.517284,-3.854596,3.889387,11.869900,8.015304,4.354e-14,2.213e-13,1.305e-16,2.213e-13,1.00000000
98.800000,0.043229,0.520912,-3.854546,3.889826,11.869852,8.015305,6.562e-14,1.576e-13,1.321e-16,1.576e-13,1.00000000
98.900000,0.042576,0.524315,-3.854227,3.889959,11.869534,8.015307,9.068e-14,9.925e-14,1.400e-16,9.925e-14,1.00000000
99.000000,0.040336,0.527998,-3.853718,3.889930,11.869027,8.015309,1.069e-13,6.193e-14,1.505e-16,1.069e-13,1.00000000
99.100000,0.035383,0.532386,-3.853167,3.889934,11.868477,8.015310,1.337e-13,3.918e-14,1.544e-16,1.337e-13,1.00000000
99.200000,0.027898,0.537272,-3.852590,3.889973,11.867901,8.015311,1.738e-13,2.595e-14,1.586e-16,1.738e-13,1.00000000
99.300000,0.018408,0.542186,-3.852176,3.890188,11.867488,8.015312,2.257e-13,1.799e-14,1.492e-16,2.257e-13,1.00000000
99.400000,0.007527,0.546815,-3.851953,3.890579,11.867265,8.015313,2.705e-13,1.297e-14,1.401e-16,2.705e-13,1.00000000
99.500000,-0.004138,0.550875,-3.851763,3.890959,11.867076,8.015313,3.043e-13,1.009e-14,1.465e-16,3.043e-13,1.00000000
99.600000,-0.016700,0.554016,-3.852306,3.891975,11.867619,8.015313,3.285e-13,8.259e-15,1.501e-16,3.285e-13,1.00000000
99.700000,-0.029926,0.555819,-3.853806,3.893796,11.869118,8.015313,3.858e-13,7.247e-15,1.617e-16,3.858e-13,1.00000000
99.800000,-0.043172,0.555933,-3.856022,3.896130,11.871334,8.015313,4.652e-13,7.576e-15,1.776e-16,4.652e-13,1.00000000
