t,Fx,Fy,Fz,Fmag,Lz,Jz,edge_x,edge_y,edge_z,edge_frac,norm
0.000000,-0.000000,0.000000,-5.999999,5.999999,-0.000001,-6.000000,1.660e-33,1.364e-33,3.755e-26,3.755e-26,1.00000000
0.100000,-0.075018,0.001391,-5.999530,5.999999,-0.000001,-5.999531,2.850e-31,2.813e-31,2.147e-25,2.147e-25,1.00000000
0.200000,-0.146965,0.003133,-5.998197,5.999998,-0.000002,-5.998199,5.208e-31,5.208e-31,1.233e-23,1.233e-23,1.00000000
0.300000,-0.218438,0.001906,-5.996019,5.999997,-0.000003,-5.996022,6.954e-31,7.069e-31,3.169e-21,3.169e-21,1.00000000
0.400000,-0.292777,-0.000040,-5.992851,5.999998,-0.000001,-5.992852,8.407e-31,8.741e-31,1.006e-18,1.006e-18,1.00000000
0.500000,-0.368046,0.000812,-5.988701,6.000000,0.000001,-5.988700,9.993e-31,1.005e-30,8.579e-18,8.579e-18,1.00000000
0.600000,-0.440596,0.002874,-5.983799,5.999999,0.000001,-5.983798,1.133e-30,1.135e-30,1.886e-17,1.886e-17,1.00000000
0.700000,-0.511665,0.002413,-5.978140,5.999997,0.000001,-5.978139,1.302e-30,1.347e-30,8.579e-18,8.579e-18,1.00000000
0.800000,-0.585016,0.000322,-5.971409,5.999998,0.000004,-5.971405,1.453e-29,1.439e-29,2.920e-18,2.920e-18,1.00000000
0.900000,-0.660086,0.000405,-5.963579,5.999999,0.000009,-5.963570,4.455e-28,4.467e-28,7.295e-18,7.295e-18,1.00000000
1.000000,-0.733098,0.002448,-5.955044,5.999999,0.000013,-5.955032,3.813e-27,3.811e-27,2.175e-17,2.175e-17,1.00000000
1.100000,-0.803942,0.002712,-5.945893,5.999998,0.000016,-5.945877,1.685e-26,1.685e-26,1.696e-17,1.696e-17,1.00000000
1.200000,-0.876241,0.000782,-5.935669,5.999997,0.000021,-5.935648,4.603e-26,4.605e-26,3.373e-18,3.373e-18,1.00000000
1.300000,-0.950667,0.000221,-5.924206,5.999998,0.000028,-5.924177,6.241e-26,6.245e-26,6.307e-19,6.307e-19,1.00000000
1.400000,-1.023796,0.001995,-5.912007,5.999999,0.000035,-5.911972,4.345e-26,4.348e-26,1.317e-19,1.317e-19,1.00000000
1.500000,-1.094434,0.002798,-5.899338,5.999998,0.000041,-5.899297,1.956e-26,1.958e-26,7.416e-20,7.416e-20,1.00000000
1.600000,-1.165672,0.001208,-5.885675,5.999997,0.000046,-5.885629,8.372e-27,8.368e-27,1.833e-19,1.833e-19,1.00000000
1.700000,-1.239072,0.000215,-5.870662,5.999998,0.000052,-5.870610,6.638e-27,6.594e-27,3.908e-19,3.908e-19,1.00000000
1.800000,-1.311851,0.001605,-5.854830,5.999999,0.000057,-5.854772,1.162e-26,1.150e-26,7.055e-19,7.055e-19,1.00000000
1.900000,-1.382111,0.002743,-5.838642,5.999999,0.000060,-5.838583,1.571e-26,1.554e-26,9.301e-19,9.301e-19,1.00000000
2.000000,-1.452242,0.001556,-5.821594,5.999997,0.000060,-5.821535,1.165e-26,1.152e-26,1.165e-18,1.165e-18,1.00000000
2.100000,-1.524354,0.000306,-5.803130,5.999997,0.000059,-5.803071,5.246e-27,5.182e-27,3.718e-18,3.718e-18,1.00000000
2.200000,-1.596426,0.001287,-5.783719,5.999998,0.000056,-5.783663,1.885e-27,1.863e-27,1.359e-17,1.359e-17,1.00000000
2.300000,-1.666160,0.002618,-5.764017,5.999999,0.000051,-5.763966,6.882e-28,6.812e-28,1.167e-17,1.167e-17,1.00000000
2.400000,-1.735185,0.001841,-5.743614,5.999998,0.000044,-5.743571,2.677e-28,2.654e-28,6.034e-18,6.034e-18,1.00000000
2.500000,-1.805914,0.000450,-5.721769,5.999997,0.000034,-5.721735,1.098e-28,1.079e-28,3.794e-18,3.794e-18,1.00000000
2.600000,-1.877076,0.001031,-5.698821,5.999998,0.000025,-5.698796,4.850e-29,4.708e-29,8.840e-18,8.840e-18,1.00000000
2.700000,-1.946159,0.002460,-5.675601,5.999999,0.000014,-5.675587,2.411e-29,2.373e-29,1.245e-17,1.245e-17,1.00000000
2.800000,-2.014065,0.002062,-5.651860,5.999998,0.000001,-5.651858,1.472e-29,1.449e-29,5.161e-18,5.161e-18,1.00000000
2.900000,-2.083336,0.000611,-5.626693,5.999997,-0.000011,-5.626705,1.252e-29,1.243e-29,1.784e-18,1.784e-18,1.00000000
3.000000,-2.153367,0.000843,-5.600266,5.999997,-0.000022,-5.600288,1.638e-29,1.669e-29,8.054e-19,8.054e-19,1.00000000
3.100000,-2.221565,0.002311,-5.573565,5.999998,-0.000032,-5.573597,2.886e-29,2.959e-29,5.672e-19,5.672e-19,1.00000000
3.200000,-2.288204,0.002233,-5.546539,5.999999,-0.000041,-5.546580,6.293e-29,6.461e-29,3.852e-19,3.852e-19,1.00000000
3.300000,-2.355864,0.000745,-5.518141,5.999998,-0.000047,-5.518188,1.339e-28,1.370e-28,6.657e-19,6.657e-19,1.00000000
3.400000,-2.424532,0.000668,-5.488316,5.999997,-0.000050,-5.488366,2.672e-28,2.736e-28,1.008e-18,1.008e-18,1.00000000
3.500000,-2.491592,0.002184,-5.458199,5.999998,-0.000049,-5.458248,5.044e-28,5.145e-28,1.137e-18,1.137e-18,1.00000000
3.600000,-2.556737,0.002437,-5.427990,5.999999,-0.000044,-5.428034,9.479e-28,9.610e-28,1.138e-18,1.138e-18,1.00000000
3.700000,-2.622565,0.000894,-5.396492,5.999998,-0.000037,-5.396530,1.788e-27,1.788e-27,2.256e-18,2.256e-18,1.00000000
3.800000,-2.689709,0.000422,-5.363342,5.999997,-0.000027,-5.363369,3.162e-27,3.152e-27,1.142e-17,1.142e-17,1.00000000
3.900000,-2.755598,0.001970,-5.329788,5.999997,-0.000013,-5.329802,3.942e-27,3.968e-27,1.391e-17,1.391e-17,1.00000000
4.000000,-2.819199,0.002712,-5.296422,5.999998,0.000003,-5.296420,4.935e-27,3.999e-27,8.493e-18,8.493e-18,1.00000000
4.100000,-2.882971,0.001213,-5.261983,5.999999,0.000019,-5.261963,3.708e-26,1.259e-26,5.263e-18,5.263e-18,1.00000000
4.200000,-2.948376,0.000163,-5.225615,5.999998,0.000036,-5.225579,3.400e-25,8.702e-26,9.649e-18,9.649e-18,1.00000000
4.300000,-3.013136,0.001535,-5.188543,5.999997,0.000054,-5.188489,1.250e-24,3.925e-25,1.482e-17,1.482e-17,1.00000000
4.400000,-3.075314,0.002909,-5.151933,5.999998,0.000071,-5.151862,1.913e-24,9.195e-25,9.212e-18,9.212e-18,1.00000000
4.500000,-3.136840,0.001759,-5.114706,5.999998,0.000086,-5.114620,1.443e-24,1.028e-24,4.899e-18,4.899e-18,1.00000000
4.600000,-3.200059,0.000084,-5.075392,5.999998,0.000098,-5.075294,6.583e-25,6.227e-25,2.113e-18,2.113e-18,1.00000000
4.700000,-3.263456,0.000913,-5.034861,5.999997,0.000107,-5.034754,2.327e-25,2.653e-25,1.026e-18,1.026e-18,1.00000000
4.800000,-3.324295,0.002830,-4.994899,5.999997,0.000112,-4.994788,8.065e-26,1.019e-25,7.976e-19,7.976e-19,1.00000000
4.900000,-3.383494,0.002408,-4.954991,5.999998,0.000113,-4.954878,2.971e-26,3.881e-26,9.574e-19,9.574e-19,1.00000000
5.000000,-3.443981,0.000344,-4.913143,5.999998,0.000109,-4.913034,1.225e-26,1.572e-26,1.072e-18,1.072e-18,1.00000000
5.000000,-3.443981,0.000344,-4.913143,5.999998,0.000109,-4.913034,1.225e-26,1.572e-26,1.072e-18,1.072e-18,1.00000000
5.100000,-3.444512,-0.001015,-4.912771,5.999998,0.000125,-4.912646,6.816e-27,8.415e-27,8.252e-19,8.252e-19,1.00000000
5.200000,-3.445661,-0.000556,-4.911963,5.999997,0.000135,-4.911829,4.414e-27,5.307e-27,1.331e-18,1.331e-18,1.00000000
5.300000,-3.445381,0.000882,-4.912160,5.999997,0.000139,-4.912022,2.384e-27,2.783e-27,1.450e-18,1.450e-18,1.00000000
5.400000,-3.444136,0.000734,-4.913034,5.999998,0.000137,-4.912897,1.100e-27,1.221e-27,3.781e-18,3.781e-18,1.00000000
5.500000,-3.444056,-0.000715,-4.913090,5.999998,0.000131,-4.912959,5.150e-28,5.303e-28,7.242e-18,7.242e-18,1.00000000
5.600000,-3.445146,-0.000876,-4.912325,5.999998,0.000118,-4.912207,2.572e-28,2.629e-28,7.375e-18,7.375e-18,1.00000000
5.700000,-3.445327,0.000513,-4.912198,5.999997,0.000101,-4.912097,1.732e-28,1.836e-28,5.524e-18,5.524e-18,1.00000000
5.800000,-3.444175,0.000962,-4.913006,5.999998,0.000081,-4.912925,1.875e-28,1.472e-28,4.602e-18,4.602e-18,1.00000000
5.900000,-3.443660,-0.000307,-4.913368,5.999998,0.000060,-4.913309,7.755e-28,1.679e-28,9.226e-18,9.226e-18,1.00000000
6.000000,-3.444614,-0.001007,-4.912699,5.999998,0.000036,-4.912662,4.013e-27,2.105e-28,1.013e-17,1.013e-17,1.00000000
6.100000,-3.445278,0.000096,-4.912232,5.999998,0.000012,-4.912220,1.215e-26,2.886e-28,6.753e-18,6.753e-18,1.00000000
6.200000,-3.444475,0.001005,-4.912796,5.999998,-0.000011,-4.912807,1.952e-26,5.210e-28,3.339e-18,3.339e-18,1.00000000
6.300000,-3.443698,0.000100,-4.913341,5.999998,-0.000032,-4.913373,1.720e-26,1.069e-27,1.301e-18,1.301e-18,1.00000000
6.400000,-3.444397,-0.000967,-4.912851,5.999998,-0.000050,-4.912901,1.005e-26,1.770e-27,1.066e-18,1.066e-18,1.00000000
6.500000,-3.445368,-0.000278,-4.912170,5.999998,-0.000065,-4.912234,8.353e-27,3.018e-27,1.169e-18,1.169e-18,1.00000000
6.600000,-3.444936,0.000904,-4.912472,5.999997,-0.000075,-4.912547,1.260e-26,5.291e-27,1.076e-18,1.076e-18,1.00000000
6.700000,-3.443963,0.000441,-4.913155,5.999998,-0.000080,-4.913235,2.343e-26,8.257e-27,8.254e-19,8.254e-19,1.00000000
6.800000,-3.444255,-0.000814,-4.912950,5.999998,-0.000078,-4.913029,4.662e-26,1.255e-26,1.307e-18,1.307e-18,1.00000000
6.900000,-3.445289,-0.000586,-4.912226,5.999998,-0.000071,-4.912297,9.520e-26,2.193e-26,2.550e-18,2.550e-18,1.00000000
7.000000,-3.445171,0.000702,-4.912308,5.999998,-0.000060,-4.912368,2.452e-25,4.154e-26,3.777e-18,3.777e-18,1.00000000
7.100000,-3.444075,0.000714,-4.913076,5.999997,-0.000045,-4.913121,3.471e-25,4.708e-26,6.146e-18,6.146e-18,1.00000000
7.200000,-3.443919,-0.000566,-4.913186,5.999998,-0.000026,-4.913212,1.240e-24,8.627e-26,7.400e-18,7.400e-18,1.00000000
7.300000,-3.444905,-0.000821,-4.912495,5.999998,-0.000005,-4.912500,9.450e-24,8.255e-25,7.217e-18,7.217e-18,1.00000000
7.400000,-3.445179,0.000405,-4.912303,5.999998,0.000017,-4.912286,4.550e-23,5.492e-24,6.033e-18,6.033e-18,1.00000000
7.500000,-3.444192,0.000901,-4.912994,5.999998,0.000038,-4.912956,1.217e-22,1.908e-23,6.612e-18,6.612e-18,1.00000000
7.600000,-3.443691,-0.000223,-4.913345,5.999998,0.000058,-4.913287,1.628e-22,3.109e-23,8.827e-18,8.827e-18,1.00000000
7.700000,-3.444577,-0.000946,-4.912725,5.999998,0.000076,-4.912648,1.122e-22,2.441e-23,7.573e-18,7.573e-18,1.00000000
7.800000,-3.445293,0.000032,-4.912223,5.999998,0.000091,-4.912131,4.876e-23,1.145e-23,4.547e-18,4.547e-18,1.00000000
7.900000,-3.444620,0.000957,-4.912694,5.999998,0.000102,-4.912593,1.772e-23,4.380e-24,2.434e-18,2.434e-18,1.00000000
8.000000,-3.443853,0.000170,-4.913232,5.999998,0.000108,-4.913124,6.539e-24,1.696e-24,1.468e-18,1.468e-18,1.00000000
8.100000,-3.444468,-0.000918,-4.912801,5.999998,0.000109,-4.912691,2.520e-24,6.832e-25,1.183e-18,1.183e-18,1.00000000
8.200000,-3.445465,-0.000360,-4.912102,5.999998,0.000106,-4.911996,9.953e-25,2.768e-25,1.235e-18,1.235e-18,1.00000000
8.300000,-3.445144,0.000843,-4.912327,5.999998,0.000097,-4.912230,4.004e-25,1.101e-25,1.149e-18,1.149e-18,1.00000000
8.400000,-3.444142,0.000534,-4.913030,5.999998,0.000083,-4.912947,1.624e-25,4.320e-26,1.131e-18,1.131e-18,1.00000000
8.500000,-3.444271,-0.000728,-4.912939,5.999998,0.000065,-4.912874,6.536e-26,1.707e-26,2.630e-18,2.630e-18,1.00000000
8.600000,-3.445267,-0.000684,-4.912240,5.999998,0.000044,-4.912196,2.714e-26,7.272e-27,4.435e-18,4.435e-18,1.00000000
8.700000,-3.445276,0.000576,-4.912234,5.999998,0.000021,-4.912213,1.280e-26,3.543e-27,5.413e-18,5.413e-18,1.00000000
8.800000,-3.444189,0.000791,-4.912997,5.999998,-0.000002,-4.912999,7.795e-27,1.829e-27,5.781e-18,5.781e-18,1.00000000
8.900000,-3.443832,-0.000410,-4.913247,5.999998,-0.000025,-4.913272,6.459e-27,1.271e-27,7.092e-18,7.092e-18,1.00000000
9.000000,-3.444704,-0.000870,-4.912636,5.999998,-0.000047,-4.912682,7.128e-27,1.344e-27,8.064e-18,8.064e-18,1.00000000
9.100000,-3.445116,0.000220,-4.912347,5.999998,-0.000065,-4.912412,1.001e-26,1.655e-27,6.991e-18,6.991e-18,1.00000000
9.200000,-3.444248,0.000898,-4.912955,5.999998,-0.000079,-4.913034,3.642e-26,2.177e-27,8.529e-18,8.529e-18,1.00000000
9.300000,-3.443606,-0.000033,-4.913406,5.999998,-0.000089,-4.913495,7.186e-26,2.724e-27,8.654e-18,8.654e-18,1.00000000
9.400000,-3.444307,-0.000888,-4.912914,5.999998,-0.000095,-4.913009,1.152e-25,4.888e-27,6.157e-18,6.157e-18,1.00000000
9.500000,-3.445105,-0.000149,-4.912354,5.999998,-0.000095,-4.912449,1.982e-25,1.251e-26,4.103e-18,4.103e-18,1.00000000
9.600000,-3.444648,0.000838,-4.912675,5.999998,-0.000089,-4.912764,3.343e-25,2.423e-26,2.528e-18,2.528e-18,1.00000000
9.700000,-3.443877,0.000319,-4.913216,5.999998,-0.000079,-4.913295,4.990e-25,4.133e-26,1.905e-18,1.905e-18,1.00000000
9.800000,-3.444288,-0.000745,-4.912927,5.999998,-0.000063,-4.912990,8.550e-25,8.342e-26,1.570e-18,1.570e-18,1.00000000
9.900000,-3.445250,-0.000453,-4.912252,5.999998,-0.000043,-4.912296,1.512e-24,1.785e-25,1.261e-18,1.261e-18,1.00000000
10.000000,-3.445167,0.000634,-4.912311,5.999998,-0.000020,-4.912331,2.619e-24,3.629e-25,1.249e-18,1.249e-18,1.00000000
10.000000,-3.445167,0.000634,-4.912311,5.999998,-0.000020,-4.912331,2.619e-24,3.629e-25,1.249e-18,1.249e-18,1.00000000
10.100000,-3.444327,0.000564,-4.912900,5.999998,0.000007,-4.912894,4.592e-24,7.444e-25,1.819e-18,1.819e-18,1.00000000
10.200000,-3.444316,-0.000497,-4.912908,5.999998,0.000034,-4.912874,6.843e-24,1.236e-24,3.514e-18,3.514e-18,1.00000000
10.300000,-3.445151,-0.000634,-4.912322,5.999998,0.000061,-4.912261,1.108e-23,1.384e-24,3.540e-18,3.540e-18,1.00000000
10.400000,-3.445310,0.000354,-4.912210,5.999997,0.000086,-4.912124,9.733e-23,4.862e-24,3.851e-18,3.851e-18,1.00000000
10.500000,-3.444494,0.000673,-4.912783,5.999998,0.000109,-4.912674,7.221e-22,4.000e-23,5.644e-18,5.644e-18,1.00000000
10.600000,-3.444114,-0.000213,-4.913049,5.999998,0.000128,-4.912921,2.553e-21,1.978e-22,7.118e-18,7.118e-18,1.00000000
10.700000,-3.444735,-0.000682,-4.912614,5.999998,0.000142,-4.912473,4.555e-21,4.884e-22,5.947e-18,5.947e-18,1.00000000
10.800000,-3.445123,0.000076,-4.912342,5.999998,0.000150,-4.912192,4.237e-21,5.604e-22,5.233e-18,5.233e-18,1.00000000
10.900000,-3.444525,0.000662,-4.912760,5.999997,0.000152,-4.912608,2.278e-21,3.333e-22,6.789e-18,6.789e-18,1.00000000
11.000000,-3.443993,0.000043,-4.913134,5.999998,0.000149,-4.912985,8.891e-22,1.344e-22,6.549e-18,6.549e-18,1.00000000
11.100000,-3.444444,-0.000624,-4.912818,5.999998,0.000141,-4.912678,3.241e-22,4.964e-23,4.664e-18,4.664e-18,1.00000000
11.200000,-3.445032,-0.000143,-4.912406,5.999998,0.000126,-4.912279,1.232e-22,1.929e-23,3.206e-18,3.206e-18,1.00000000
11.300000,-3.444721,0.000576,-4.912623,5.999997,0.000107,-4.912516,4.846e-23,7.797e-24,2.738e-18,2.738e-18,1.00000000
11.400000,-3.444156,0.000222,-4.913019,5.999997,0.000083,-4.912936,1.955e-23,3.202e-24,2.194e-18,2.194e-18,1.00000000
11.500000,-3.444434,-0.000527,-4.912825,5.999998,0.000058,-4.912768,8.121e-24,1.338e-24,1.339e-18,1.339e-18,1.00000000
11.600000,-3.445081,-0.000286,-4.912371,5.999998,0.000029,-4.912342,3.442e-24,5.631e-25,1.329e-18,1.329e-18,1.00000000
11.700000,-3.444935,0.000483,-4.912473,5.999997,0.000000,-4.912473,1.450e-24,2.367e-25,2.089e-18,2.089e-18,1.00000000
11.800000,-3.444288,0.000342,-4.912926,5.999997,-0.000028,-4.912954,6.727e-25,9.920e-26,5.165e-18,5.165e-18,1.00000000
11.900000,-3.444334,-0.000446,-4.912895,5.999998,-0.000053,-4.912948,5.343e-25,4.422e-26,5.247e-18,5.247e-18,1.00000000
12.000000,-3.444941,-0.000408,-4.912470,5.999998,-0.000074,-4.912544,6.492e-25,2.797e-26,3.929e-18,3.929e-18,1.00000000
12.100000,-3.444896,0.000398,-4.912501,5.999998,-0.000091,-4.912592,6.880e-25,2.222e-26,4.827e-18,4.827e-18,1.00000000
12.200000,-3.444167,0.000473,-4.913011,5.999997,-0.000103,-4.913114,7.491e-25,2.314e-26,6.730e-18,6.730e-18,1.00000000
12.300000,-3.443999,-0.000344,-4.913129,5.999997,-0.000109,-4.913238,1.114e-24,2.767e-26,7.038e-18,7.038e-18,1.00000000
12.400000,-3.444625,-0.000548,-4.912691,5.999998,-0.000108,-4.912800,1.919e-24,3.379e-26,4.381e-18,4.381e-18,1.00000000
12.500000,-3.444827,0.000263,-4.912551,5.999999,-0.000103,-4.912653,2.097e-24,4.392e-26,6.129e-18,6.129e-18,1.00000000
12.600000,-3.444172,0.000613,-4.913008,5.999998,-0.000093,-4.913101,2.597e-24,1.004e-25,6.684e-18,6.684e-18,1.00000000
12.700000,-3.443847,-0.000160,-4.913236,5.999997,-0.000078,-4.913314,4.706e-24,2.698e-25,5.878e-18,5.878e-18,1.00000000
12.800000,-3.444501,-0.000659,-4.912778,5.999998,-0.000058,-4.912836,7.748e-24,5.122e-25,4.958e-18,4.958e-18,1.00000000
12.900000,-3.445038,0.000044,-4.912402,5.999999,-0.000036,-4.912438,1.657e-23,9.991e-25,3.858e-18,3.858e-18,1.00000000
13.000000,-3.444586,0.000689,-4.912719,5.999998,-0.000012,-4.912731,3.551e-23,2.076e-24,2.602e-18,2.602e-18,1.00000000
13.100000,-3.444091,0.000093,-4.913064,5.999997,0.000012,-4.913052,6.448e-23,4.252e-24,2.187e-18,2.187e-18,1.00000000
13.200000,-3.444611,-0.000680,-4.912700,5.999997,0.000037,-4.912663,1.084e-22,8.490e-24,2.284e-18,2.284e-18,1.00000000
13.300000,-3.445360,-0.000222,-4.912176,5.999998,0.000060,-4.912115,1.862e-22,1.654e-23,1.807e-18,1.807e-18,1.00000000
13.400000,-3.445096,0.000651,-4.912361,5.999998,0.000080,-4.912281,2.846e-22,2.367e-23,3.727e-18,3.727e-18,1.00000000
13.500000,-3.444366,0.000354,-4.912872,5.999998,0.000096,-4.912776,5.384e-22,3.314e-23,5.140e-18,5.140e-18,1.00000000
13.600000,-3.444522,-0.000588,-4.912762,5.999997,0.000108,-4.912654,2.405e-21,1.541e-22,3.120e-18,3.120e-18,1.00000000
13.700000,-3.445267,-0.000472,-4.912240,5.999998,0.000114,-4.912126,9.035e-21,9.047e-22,3.211e-18,3.211e-18,1.00000000
13.800000,-3.445186,0.000498,-4.912299,5.999999,0.000115,-4.912183,2.387e-20,3.186e-21,6.233e-18,6.233e-18,1.00000000
13.900000,-3.444315,0.000567,-4.912909,5.999998,0.000111,-4.912798,3.498e-20,5.669e-21,8.462e-18,8.462e-18,1.00000000
14.000000,-3.444103,-0.000395,-4.913056,5.999997,0.000101,-4.912955,2.690e-20,4.948e-21,5.170e-18,5.170e-18,1.00000000
14.100000,-3.444804,-0.000648,-4.912565,5.999997,0.000088,-4.912477,1.282e-20,2.480e-21,4.304e-18,4.304e-18,1.00000000
14.200000,-3.445028,0.000270,-4.912409,5.999998,0.000072,-4.912337,4.936e-21,9.530e-22,5.415e-18,5.415e-18,1.00000000
14.300000,-3.444268,0.000698,-4.912942,5.999999,0.000052,-4.912891,1.872e-21,3.604e-22,6.030e-18,6.030e-18,1.00000000
14.400000,-3.443833,-0.000145,-4.913246,5.999998,0.000030,-4.913216,7.367e-22,1.436e-22,5.855e-18,5.855e-18,1.00000000
14.500000,-3.444488,-0.000731,-4.912786,5.999997,0.000008,-4.912778,3.029e-22,5.949e-23,4.567e-18,4.567e-18,1.00000000
14.600000,-3.445051,0.000014,-4.912392,5.999998,-0.000013,-4.912405,1.354e-22,2.571e-23,3.186e-18,3.186e-18,1.00000000
14.700000,-3.444528,0.000741,-4.912760,5.999999,-0.000033,-4.912793,6.946e-23,1.185e-23,2.805e-18,2.805e-18,1.00000000
14.800000,-3.443927,0.000116,-4.913181,5.999998,-0.000050,-4.913231,4.061e-23,5.653e-24,2.939e-18,2.939e-18,1.00000000
14.900000,-3.444429,-0.000731,-4.912828,5.999997,-0.000064,-4.912892,2.993e-23,2.744e-24,2.210e-18,2.210e-18,1.00000000
15.000000,-3.445204,-0.000244,-4.912284,5.999997,-0.000073,-4.912357,3.216e-23,1.614e-24,2.869e-18,2.869e-18,1.00000000
15.100000,-3.444893,0.000705,-4.912503,5.999998,-0.000077,-4.912580,3.917e-23,1.507e-24,4.897e-18,4.897e-18,1.00000000
15.200000,-3.444088,0.000374,-4.913069,5.999999,-0.000075,-4.913144,3.754e-23,1.800e-24,3.255e-18,3.255e-18,1.00000000
15.300000,-3.444273,-0.000654,-4.912938,5.999998,-0.000068,-4.913006,3.863e-23,1.753e-24,2.809e-18,2.809e-18,1.00000000
15.400000,-3.445110,-0.000504,-4.912350,5.999997,-0.000057,-4.912406,4.128e-23,1.582e-24,4.475e-18,4.475e-18,1.00000000
15.500000,-3.445032,0.000575,-4.912405,5.999997,-0.000040,-4.912445,4.547e-23,1.680e-24,8.152e-18,8.152e-18,1.00000000
15.600000,-3.444103,0.000628,-4.913058,5.999998,-0.000020,-4.913078,6.396e-23,2.319e-24,5.805e-18,5.805e-18,1.00000000
15.700000,-3.443939,-0.000465,-4.913172,5.999998,0.000001,-4.913171,1.144e-22,4.471e-24,3.287e-18,3.287e-18,1.00000000
15.800000,-3.444804,-0.000736,-4.912565,5.999997,0.000023,-4.912542,1.336e-22,5.726e-24,3.912e-18,3.912e-18,1.00000000
15.900000,-3.445114,0.000325,-4.912347,5.999997,0.000046,-4.912302,1.756e-22,6.705e-24,5.127e-18,5.127e-18,1.00000000
16.000000,-3.444290,0.000821,-4.912926,5.999998,0.000067,-4.912858,2.360e-22,1.054e-23,5.510e-18,5.510e-18,1.00000000
16.100000,-3.443830,-0.000156,-4.913249,5.999999,0.000087,-4.913162,3.277e-22,1.775e-23,4.588e-18,4.588e-18,1.00000000
16.200000,-3.444630,-0.000865,-4.912687,5.999998,0.000102,-4.912585,4.843e-22,3.550e-23,3.488e-18,3.488e-18,1.00000000
16.300000,-3.445352,-0.000021,-4.912180,5.999997,0.000114,-4.912066,7.511e-22,6.850e-23,3.076e-18,3.076e-18,1.00000000
16.400000,-3.444797,0.000876,-4.912570,5.999997,0.000122,-4.912448,1.129e-21,1.252e-22,3.352e-18,3.352e-18,1.00000000
16.500000,-3.444063,0.000206,-4.913086,5.999998,0.000125,-4.912961,1.528e-21,2.174e-22,3.450e-18,3.450e-18,1.00000000
16.600000,-3.444580,-0.000841,-4.912723,5.999998,0.000121,-4.912602,1.676e-21,2.951e-22,2.760e-18,2.760e-18,1.00000000
16.700000,-3.445514,-0.000378,-4.912067,5.999997,0.000112,-4.911955,4.956e-21,5.184e-22,5.037e-18,5.037e-18,1.00000000
16.800000,-3.445225,0.000776,-4.912269,5.999997,0.000098,-4.912171,2.917e-20,2.053e-21,4.866e-18,4.866e-18,1.00000000
16.900000,-3.444222,0.000534,-4.912973,5.999998,0.000079,-4.912894,8.168e-20,9.121e-21,3.957e-18,3.957e-18,1.00000000
17.000000,-3.444270,-0.000684,-4.912941,5.999999,0.000057,-4.912884,1.465e-19,2.524e-20,4.913e-18,4.913e-18,1.00000000
17.100000,-3.445203,-0.000680,-4.912286,5.999998,0.000032,-4.912254,1.550e-19,3.466e-20,6.776e-18,6.776e-18,1.00000000
17.200000,-3.445211,0.000556,-4.912279,5.999997,0.000006,-4.912273,9.910e-20,2.481e-20,6.460e-18,6.460e-18,1.00000000
17.300000,-3.444120,0.000795,-4.913044,5.999997,-0.000020,-4.913064,4.490e-20,1.143e-20,3.979e-18,3.979e-18,1.00000000
17.400000,-3.443749,-0.000413,-4.913306,5.999998,-0.000044,-4.913350,1.776e-20,4.478e-21,3.794e-18,3.794e-18,1.00000000
17.500000,-3.444650,-0.000894,-4.912675,5.999999,-0.000066,-4.912741,6.977e-21,1.778e-21,4.514e-18,4.514e-18,1.00000000
17.600000,-3.445100,0.000236,-4.912358,5.999998,-0.000085,-4.912442,2.835e-21,7.399e-22,5.430e-18,5.430e-18,1.00000000
17.700000,-3.444205,0.000954,-4.912984,5.999997,-0.000100,-4.913084,1.191e-21,3.279e-22,5.053e-18,5.053e-18,1.00000000
17.800000,-3.443537,-0.000047,-4.913453,5.999998,-0.000109,-4.913563,5.792e-22,1.688e-22,3.647e-18,3.647e-18,1.00000000
17.900000,-3.444324,-0.000978,-4.912903,5.999999,-0.000113,-4.913016,4.045e-22,1.087e-22,3.164e-18,3.164e-18,1.00000000
18.000000,-3.445217,-0.000150,-4.912277,5.999998,-0.000112,-4.912389,4.525e-22,8.226e-23,4.038e-18,4.038e-18,1.00000000
18.100000,-3.444687,0.000964,-4.912646,5.999997,-0.000105,-4.912752,6.112e-22,7.738e-23,4.540e-18,4.540e-18,1.00000000
18.200000,-3.443784,0.000353,-4.913279,5.999997,-0.000093,-4.913372,7.911e-22,1.000e-22,1.934e-18,1.934e-18,1.00000000
18.300000,-3.444253,-0.000898,-4.912952,5.999998,-0.000074,-4.913026,9.364e-22,1.370e-22,3.546e-18,3.546e-18,1.00000000
18.400000,-3.445374,-0.000537,-4.912167,5.999999,-0.000051,-4.912218,1.050e-21,1.618e-22,5.677e-18,5.677e-18,1.00000000
18.500000,-3.445223,0.000798,-4.912272,5.999998,-0.000026,-4.912297,1.275e-21,1.724e-22,4.628e-18,4.628e-18,1.00000000
18.600000,-3.444126,0.000706,-4.913039,5.999997,0.000002,-4.913037,1.573e-21,1.830e-22,3.993e-18,3.993e-18,1.00000000
18.700000,-3.444080,-0.000656,-4.913073,5.999997,0.000031,-4.913041,2.012e-21,2.085e-22,5.806e-18,5.806e-18,1.00000000
18.800000,-3.445160,-0.000841,-4.912316,5.999999,0.000060,-4.912257,2.792e-21,3.234e-22,7.073e-18,7.073e-18,1.00000000
18.900000,-3.445385,0.000486,-4.912159,5.999998,0.000085,-4.912073,4.826e-21,5.371e-22,4.827e-18,4.827e-18,1.00000000
19.000000,-3.444285,0.000943,-4.912929,5.999997,0.000107,-4.912821,6.297e-21,5.119e-22,3.666e-18,3.666e-18,1.00000000
19.100000,-3.443767,-0.000296,-4.913292,5.999997,0.000125,-4.913167,5.216e-21,2.945e-22,3.764e-18,3.764e-18,1.00000000
19.200000,-3.444702,-0.001007,-4.912637,5.999998,0.000139,-4.912499,3.127e-21,2.090e-22,4.937e-18,4.937e-18,1.00000000
19.300000,-3.445368,0.000092,-4.912171,5.999999,0.000147,-4.912025,3.207e-21,2.669e-22,4.523e-18,4.523e-18,1.00000000
19.400000,-3.444541,0.001032,-4.912750,5.999998,0.000149,-4.912601,4.313e-21,4.439e-22,3.395e-18,3.395e-18,1.00000000
19.500000,-3.443708,0.000116,-4.913333,5.999997,0.000145,-4.913188,6.146e-21,8.111e-22,3.022e-18,3.022e-18,1.00000000
19.600000,-3.444405,-0.001016,-4.912845,5.999997,0.000136,-4.912709,8.713e-21,1.373e-21,3.730e-18,3.730e-18,1.00000000
19.700000,-3.445442,-0.000319,-4.912119,5.999998,0.000122,-4.911997,1.125e-20,1.964e-21,4.559e-18,4.559e-18,1.00000000
19.800000,-3.445016,0.000964,-4.912418,5.999999,0.000103,-4.912314,1.303e-20,2.191e-21,2.835e-18,2.835e-18,1.00000000
19.900000,-3.443957,0.000513,-4.913159,5.999997,0.000080,-4.913079,1.826e-20,5.213e-21,2.528e-18,2.528e-18,1.00000000
20.000000,-3.444246,-0.000877,-4.912956,5.999997,0.000055,-4.912901,4.539e-20,2.404e-20,5.100e-18,5.100e-18,1.00000000
20.100000,-3.445422,-0.000692,-4.912132,5.999998,0.000028,-4.912104,1.036e-19,7.209e-20,5.060e-18,5.060e-18,1.00000000
20.200000,-3.445371,0.000755,-4.912169,5.999999,0.000002,-4.912166,1.601e-19,1.287e-19,4.208e-18,4.208e-18,1.00000000
20.300000,-3.444142,0.000848,-4.913030,5.999998,-0.000023,-4.913052,1.525e-19,1.283e-19,4.436e-18,4.436e-18,1.00000000
20.400000,-3.443894,-0.000606,-4.913202,5.999997,-0.000045,-4.913248,9.020e-20,7.701e-20,5.459e-18,5.459e-18,1.00000000
20.500000,-3.445006,-0.000989,-4.912423,5.999997,-0.000064,-4.912487,4.080e-20,3.369e-20,4.927e-18,4.927e-18,1.00000000
20.600000,-3.445372,0.000416,-4.912168,5.999998,-0.000076,-4.912244,1.739e-20,1.341e-20,3.774e-18,3.774e-18,1.00000000
20.700000,-3.444202,0.001089,-4.912988,5.999999,-0.000084,-4.913073,7.646e-21,5.514e-21,3.194e-18,3.194e-18,1.00000000
20.800000,-3.443487,-0.000201,-4.913489,5.999998,-0.000088,-4.913577,3.781e-21,2.432e-21,3.861e-18,3.861e-18,1.00000000
20.900000,-3.444448,-0.001152,-4.912814,5.999997,-0.000086,-4.912900,2.155e-21,1.252e-21,4.579e-18,4.579e-18,1.00000000
21.000000,-3.445330,-0.000040,-4.912197,5.999998,-0.000079,-4.912276,1.537e-21,8.408e-22,4.020e-18,4.020e-18,1.00000000
21.100000,-3.444533,0.001163,-4.912756,5.999999,-0.000067,-4.912823,1.294e-21,7.241e-22,3.299e-18,3.299e-18,1.00000000
21.200000,-3.443501,0.000293,-4.913480,5.999998,-0.000051,-4.913531,1.230e-21,7.116e-22,3.323e-18,3.323e-18,1.00000000
21.300000,-3.444157,-0.001113,-4.913018,5.999997,-0.000033,-4.913051,1.334e-21,8.717e-22,4.970e-18,4.970e-18,1.00000000
21.400000,-3.445448,-0.000536,-4.912113,5.999997,-0.000012,-4.912125,1.493e-21,1.243e-21,4.026e-18,4.026e-18,1.00000000
21.500000,-3.445188,0.001015,-4.912297,5.999998,0.000011,-4.912286,1.598e-21,1.787e-21,2.097e-18,2.097e-18,1.00000000
21.600000,-3.443956,0.000770,-4.913161,5.999999,0.000034,-4.913127,2.381e-21,2.220e-21,4.346e-18,4.346e-18,1.00000000
21.700000,-3.444070,-0.000852,-4.913080,5.999998,0.000054,-4.913025,3.611e-21,2.634e-21,6.067e-18,6.067e-18,1.00000000
21.800000,-3.445437,-0.000965,-4.912121,5.999997,0.000073,-4.912048,4.562e-21,3.003e-21,6.683e-18,6.683e-18,1.00000000
21.900000,-3.445684,0.000646,-4.911948,5.999998,0.000089,-4.911859,6.751e-21,3.341e-21,5.399e-18,5.399e-18,1.00000000
22.000000,-3.444375,0.001118,-4.912867,5.999998,0.000101,-4.912766,9.344e-21,4.715e-21,4.999e-18,4.999e-18,1.00000000
22.100000,-3.443795,-0.000396,-4.913273,5.999998,0.000107,-4.913166,1.740e-20,6.836e-21,5.212e-18,5.212e-18,1.00000000
22.200000,-3.444900,-0.001216,-4.912497,5.999997,0.000107,-4.912390,1.872e-20,7.008e-21,4.775e-18,4.775e-18,1.00000000
22.300000,-3.445625,0.000114,-4.911989,5.999997,0.000102,-4.911887,1.098e-20,4.633e-21,3.815e-18,3.815e-18,1.00000000
22.400000,-3.444561,0.001239,-4.912736,5.999998,0.000094,-4.912642,8.448e-21,2.889e-21,3.810e-18,3.810e-18,1.00000000
22.500000,-3.443468,0.000169,-4.913502,5.999998,0.000081,-4.913422,7.147e-21,2.944e-21,4.272e-18,4.272e-18,1.00000000
22.600000,-3.444169,-0.001199,-4.913011,5.999998,0.000063,-4.912947,7.862e-21,4.213e-21,3.859e-18,3.859e-18,1.00000000
22.700000,-3.445338,-0.000448,-4.912191,5.999998,0.000043,-4.912147,9.370e-21,6.783e-21,3.191e-18,3.191e-18,1.00000000
22.800000,-3.444863,0.001085,-4.912524,5.999998,0.000022,-4.912502,1.091e-20,1.113e-20,2.827e-18,2.827e-18,1.00000000
22.900000,-3.443584,0.000691,-4.913421,5.999998,0.000001,-4.913420,1.156e-20,1.627e-20,4.293e-18,4.293e-18,1.00000000
23.000000,-3.443791,-0.000918,-4.913276,5.999998,-0.000021,-4.913297,1.148e-20,1.961e-20,5.015e-18,5.015e-18,1.00000000
23.100000,-3.445158,-0.000888,-4.912317,5.999998,-0.000041,-4.912358,1.326e-20,2.388e-20,2.404e-18,2.404e-18,1.00000000
23.200000,-3.445331,0.000710,-4.912195,5.999998,-0.000059,-4.912254,2.450e-20,4.899e-20,3.117e-18,3.117e-18,1.00000000
23.300000,-3.444102,0.001032,-4.913057,5.999998,-0.000073,-4.913130,5.578e-20,1.180e-19,5.597e-18,5.597e-18,1.00000000
23.400000,-3.443745,-0.000474,-4.913309,5.999998,-0.000082,-4.913390,9.353e-20,1.955e-19,7.387e-18,7.387e-18,1.00000000
23.500000,-3.444940,-0.001113,-4.912470,5.999998,-0.000086,-4.912556,9.420e-20,1.882e-19,7.332e-18,7.332e-18,1.00000000
23.600000,-3.445583,0.000229,-4.912019,5.999998,-0.000085,-4.912104,5.838e-20,1.131e-19,4.428e-18,4.428e-18,1.00000000
23.700000,-3.444557,0.001136,-4.912738,5.999998,-0.000078,-4.912816,2.758e-20,5.247e-20,4.361e-18,4.361e-18,1.00000000
23.800000,-3.443695,0.000014,-4.913343,5.999998,-0.000065,-4.913409,1.271e-20,2.302e-20,4.778e-18,4.778e-18,1.00000000
23.900000,-3.444475,-0.001104,-4.912796,5.999998,-0.000048,-4.912844,6.692e-21,1.051e-20,3.590e-18,3.590e-18,1.00000000
24.000000,-3.445423,-0.000243,-4.912132,5.999998,-0.000028,-4.912159,3.921e-21,5.251e-21,2.791e-18,2.791e-18,1.00000000
24.100000,-3.444803,0.001023,-4.912566,5.999998,-0.000005,-4.912570,2.549e-21,3.102e-21,3.053e-18,3.053e-18,1.00000000
24.200000,-3.443712,0.000445,-4.913331,5.999998,0.000020,-4.913311,2.237e-21,2.202e-21,3.096e-18,3.096e-18,1.00000000
24.300000,-3.444068,-0.000902,-4.913082,5.999998,0.000046,-4.913036,2.222e-21,1.832e-21,2.750e-18,2.750e-18,1.00000000
24.400000,-3.445205,-0.000611,-4.912284,5.999998,0.000070,-4.912214,2.325e-21,1.969e-21,2.372e-18,2.372e-18,1.00000000
24.500000,-3.445122,0.000757,-4.912342,5.999998,0.000092,-4.912250,2.827e-21,2.673e-21,3.506e-18,3.506e-18,1.00000000
24.600000,-3.444067,0.000744,-4.913082,5.999998,0.000112,-4.912970,3.620e-21,3.657e-21,4.496e-18,4.496e-18,1.00000000
24.700000,-3.444035,-0.000589,-4.913105,5.999998,0.000128,-4.912977,4.167e-21,4.553e-21,3.978e-18,3.978e-18,1.00000000
24.800000,-3.445165,-0.000832,-4.912312,5.999998,0.000140,-4.912173,5.884e-21,5.511e-21,2.725e-18,2.725e-18,1.00000000
24.900000,-3.445519,0.000424,-4.912064,5.999998,0.000145,-4.911919,8.092e-21,6.507e-21,4.735e-18,4.735e-18,1.00000000
25.000000,-3.444575,0.000893,-4.912726,5.999998,0.000146,-4.912580,8.958e-21,7.668e-21,7.108e-18,7.108e-18,1.00000000
25.100000,-3.444126,-0.000255,-4.913041,5.999998,0.000140,-4.912901,1.279e-20,8.585e-21,9.683e-18,9.683e-18,1.00000000
25.200000,-3.445003,-0.000925,-4.912426,5.999998,0.000128,-4.912298,1.857e-20,8.882e-21,6.668e-18,6.668e-18,1.00000000
25.300000,-3.445585,0.000088,-4.912018,5.999998,0.000111,-4.911907,2.732e-20,1.265e-20,3.871e-18,3.871e-18,1.00000000
25.400000,-3.444752,0.000930,-4.912602,5.999998,0.000090,-4.912512,3.613e-20,1.873e-20,4.110e-18,4.110e-18,1.00000000
25.500000,-3.443914,0.000072,-4.913189,5.999998,0.000064,-4.913125,3.100e-20,1.713e-20,3.568e-18,3.568e-18,1.00000000
25.600000,-3.444453,-0.000923,-4.912812,5.999998,0.000037,-4.912775,2.019e-20,1.121e-20,3.126e-18,3.126e-18,1.00000000
25.700000,-3.445233,-0.000247,-4.912265,5.999998,0.000009,-4.912256,1.220e-20,9.122e-21,3.066e-18,3.066e-18,1.00000000
25.800000,-3.444682,0.000878,-4.912651,5.999998,-0.000018,-4.912669,7.803e-21,1.041e-20,3.041e-18,3.041e-18,1.00000000
25.900000,-3.443656,0.000411,-4.913371,5.999998,-0.000044,-4.913415,6.549e-21,1.408e-20,2.955e-18,2.955e-18,1.00000000
26.000000,-3.443906,-0.000812,-4.913195,5.999998,-0.000068,-4.913263,7.036e-21,2.051e-20,2.891e-18,2.891e-18,1.00000000
26.100000,-3.444922,-0.000578,-4.912482,5.999998,-0.000087,-4.912570,7.726e-21,2.907e-20,4.649e-18,4.649e-18,1.00000000
26.200000,-3.444846,0.000704,-4.912536,5.999998,-0.000102,-4.912638,7.534e-21,3.640e-20,5.713e-18,5.713e-18,1.00000000
26.300000,-3.443825,0.000727,-4.913252,5.999998,-0.000111,-4.913364,7.541e-21,4.171e-20,4.637e-18,4.637e-18,1.00000000
26.400000,-3.443754,-0.000561,-4.913302,5.999998,-0.000116,-4.913417,1.209e-20,6.003e-20,2.265e-18,2.265e-18,1.00000000
26.500000,-3.444859,-0.000846,-4.912526,5.999998,-0.000114,-4.912640,2.554e-20,1.139e-19,3.514e-18,3.514e-18,1.00000000
26.600000,-3.445269,0.000391,-4.912239,5.999997,-0.000106,-4.912345,3.973e-20,1.759e-19,6.811e-18,6.811e-18,1.00000000
26.700000,-3.444361,0.000933,-4.912876,5.999998,-0.000092,-4.912968,4.079e-20,1.682e-19,1.006e-17,1.006e-17,1.00000000
26.800000,-3.443869,-0.000190,-4.913221,5.999998,-0.000073,-4.913295,2.811e-20,1.037e-19,8.492e-18,8.492e-18,1.00000000
26.900000,-3.444757,-0.000968,-4.912598,5.999998,-0.000051,-4.912650,1.645e-20,5.144e-20,3.389e-18,3.389e-18,1.00000000
27.000000,-3.445490,-0.000016,-4.912084,5.999997,-0.000026,-4.912110,1.004e-20,2.504e-20,3.253e-18,3.253e-18,1.00000000
27.100000,-3.444789,0.000958,-4.912576,5.999998,0.000001,-4.912575,6.965e-21,1.286e-20,3.506e-18,3.506e-18,1.00000000
27.200000,-3.443904,0.000224,-4.913197,5.999998,0.000028,-4.913169,5.536e-21,7.703e-21,3.317e-18,3.317e-18,1.00000000
27.300000,-3.444371,-0.000895,-4.912869,5.999998,0.000053,-4.912816,4.768e-21,5.996e-21,3.176e-18,3.176e-18,1.00000000
27.400000,-3.445294,-0.000416,-4.912222,5.999998,0.000076,-4.912146,4.344e-21,5.547e-21,3.004e-18,3.004e-18,1.00000000
27.500000,-3.444985,0.000786,-4.912438,5.999997,0.000095,-4.912343,4.018e-21,5.356e-21,2.843e-18,2.843e-18,1.00000000
27.600000,-3.443970,0.000580,-4.913150,5.999998,0.000111,-4.913039,3.854e-21,5.435e-21,2.732e-18,2.732e-18,1.00000000
27.700000,-3.444024,-0.000639,-4.913113,5.999999,0.000122,-4.912991,3.896e-21,5.847e-21,3.586e-18,3.586e-18,1.00000000
27.800000,-3.445021,-0.000702,-4.912414,5.999998,0.000127,-4.912286,4.934e-21,6.464e-21,4.452e-18,4.452e-18,1.00000000
27.900000,-3.445202,0.000470,-4.912286,5.999997,0.000127,-4.912159,7.325e-21,7.241e-21,4.480e-18,4.480e-18,1.00000000
28.000000,-3.444316,0.000780,-4.912907,5.999998,0.000122,-4.912785,9.393e-21,8.562e-21,3.078e-18,3.078e-18,1.00000000
28.100000,-3.444019,-0.000294,-4.913116,5.999998,0.000113,-4.913004,1.204e-20,1.002e-20,2.972e-18,2.972e-18,1.00000000
28.200000,-3.444889,-0.000810,-4.912506,5.999998,0.000098,-4.912408,1.490e-20,1.099e-20,4.332e-18,4.332e-18,1.00000000
28.300000,-3.445417,0.000128,-4.912135,5.999997,0.000079,-4.912056,1.445e-20,1.209e-20,8.344e-18,8.344e-18,1.00000000
28.400000,-3.444729,0.000806,-4.912617,5.999997,0.000057,-4.912560,1.431e-20,1.399e-20,1.038e-17,1.038e-17,1.00000000
28.500000,-3.444117,0.000023,-4.913047,5.999998,0.000035,-4.913013,2.468e-20,2.206e-20,4.753e-18,4.753e-18,1.00000000
28.600000,-3.444666,-0.000779,-4.912663,5.999999,0.000011,-4.912652,3.881e-20,3.700e-20,2.781e-18,2.781e-18,1.00000000
28.700000,-3.445314,-0.000163,-4.912208,5.999998,-0.000012,-4.912219,3.941e-20,3.913e-20,2.484e-18,2.484e-18,1.00000000
28.800000,-3.444817,0.000725,-4.912555,5.999997,-0.000033,-4.912588,2.836e-20,2.567e-20,2.794e-18,2.794e-18,1.00000000
28.900000,-3.443994,0.000282,-4.913133,5.999997,-0.000050,-4.913182,1.658e-20,1.528e-20,3.032e-18,3.032e-18,1.00000000
29.000000,-3.444215,-0.000660,-4.912979,5.999998,-0.000062,-4.913041,1.082e-20,1.124e-20,2.766e-18,2.766e-18,1.00000000
29.100000,-3.444937,-0.000393,-4.912473,5.999999,-0.000071,-4.912544,7.822e-21,1.145e-20,2.395e-18,2.395e-18,1.00000000
29.200000,-3.444742,0.000571,-4.912608,5.999998,-0.000075,-4.912683,6.856e-21,1.548e-20,2.783e-18,2.783e-18,1.00000000
29.300000,-3.443927,0.000480,-4.913180,5.999997,-0.000074,-4.913253,6.441e-21,2.299e-20,4.438e-18,4.438e-18,1.00000000
29.400000,-3.443930,-0.000473,-4.913178,5.999998,-0.000067,-4.913245,5.897e-21,3.162e-20,4.939e-18,4.939e-18,1.00000000
29.500000,-3.444721,-0.000547,-4.912624,5.999999,-0.000056,-4.912680,5.624e-21,3.892e-20,3.938e-18,3.938e-18,1.00000000
29.600000,-3.444890,0.000371,-4.912506,5.999998,-0.000041,-4.912547,6.991e-21,5.307e-20,3.275e-18,3.275e-18,1.00000000
29.700000,-3.444222,0.000598,-4.912973,5.999997,-0.000024,-4.912997,1.354e-20,9.121e-20,3.267e-18,3.267e-18,1.00000000
29.800000,-3.444054,-0.000261,-4.913091,5.999997,-0.000003,-4.913093,2.065e-20,1.341e-19,3.771e-18,3.771e-18,1.00000000
29.900000,-3.444810,-0.000624,-4.912562,5.999998,0.000020,-4.912542,2.062e-20,1.269e-19,6.150e-18,6.150e-18,1.00000000
30.000000,-3.445233,0.000163,-4.912266,5.999998,0.000042,-4.912223,1.485e-20,8.005e-20,1.091e-17,1.091e-17,1.00000000
30.100000,-3.444680,0.000646,-4.912652,5.999998,0.000063,-4.912589,1.209e-20,4.272e-20,7.658e-18,7.658e-18,1.00000000
30.200000,-3.444272,-0.000057,-4.912937,5.999997,0.000082,-4.912855,8.897e-21,2.379e-20,4.048e-18,4.048e-18,1.00000000
30.300000,-3.444816,-0.000650,-4.912556,5.999998,0.000098,-4.912459,7.477e-21,1.514e-20,2.921e-18,2.921e-18,1.00000000
30.400000,-3.445324,-0.000045,-4.912202,5.999998,0.000109,-4.912093,6.760e-21,1.157e-20,3.265e-18,3.265e-18,1.00000000
30.500000,-3.444828,0.000645,-4.912549,5.999998,0.000114,-4.912434,5.528e-21,1.009e-20,3.469e-18,3.469e-18,1.00000000
30.600000,-3.444166,0.000148,-4.913012,5.999997,0.000115,-4.912897,5.351e-21,9.150e-21,2.853e-18,2.853e-18,1.00000000
30.700000,-3.444458,-0.000632,-4.912807,5.999997,0.000110,-4.912697,5.533e-21,8.177e-21,2.348e-18,2.348e-18,1.00000000
30.800000,-3.445067,-0.000261,-4.912381,5.999998,0.000101,-4.912280,5.801e-21,7.492e-21,2.684e-18,2.684e-18,1.00000000
30.900000,-3.444768,0.000595,-4.912591,5.999999,0.000087,-4.912505,6.343e-21,7.494e-21,4.083e-18,4.083e-18,1.00000000
31.000000,-3.444003,0.000370,-4.913127,5.999998,0.000068,-4.913059,7.532e-21,8.151e-21,5.956e-18,5.956e-18,1.00000000
31.100000,-3.444100,-0.000542,-4.913058,5.999997,0.000047,-4.913011,9.191e-21,9.235e-21,5.170e-18,5.170e-18,1.00000000
31.200000,-3.444861,-0.000480,-4.912525,5.999998,0.000025,-4.912500,1.093e-20,1.099e-20,3.409e-18,3.409e-18,1.00000000
31.300000,-3.444901,0.000461,-4.912498,5.999999,0.000001,-4.912497,1.246e-20,1.243e-20,2.697e-18,2.697e-18,1.00000000
31.400000,-3.444163,0.000576,-4.913016,5.999998,-0.000024,-4.913039,1.510e-20,1.317e-20,3.119e-18,3.119e-18,1.00000000
31.500000,-3.444035,-0.000358,-4.913104,5.999997,-0.000047,-4.913151,1.548e-20,1.404e-20,3.827e-18,3.827e-18,1.00000000
31.600000,-3.444827,-0.000651,-4.912549,5.999997,-0.000067,-4.912616,1.937e-20,1.786e-20,7.674e-18,7.674e-18,1.00000000
31.700000,-3.445177,0.000238,-4.912304,5.999998,-0.000084,-4.912388,3.782e-20,3.441e-20,8.867e-18,8.867e-18,1.00000000
31.800000,-3.444507,0.000700,-4.912774,5.999999,-0.000096,-4.912871,6.085e-20,6.119e-20,5.582e-18,5.582e-18,1.00000000
31.900000,-3.444074,-0.000106,-4.913077,5.999998,-0.000104,-4.913181,5.889e-20,6.640e-20,3.665e-18,3.665e-18,1.00000000
32.000000,-3.444679,-0.000719,-4.912652,5.999997,-0.000105,-4.912757,3.780e-20,4.549e-20,2.620e-18,2.620e-18,1.00000000
32.100000,-3.445208,-0.000028,-4.912281,5.999997,-0.000100,-4.912381,2.054e-20,2.653e-20,2.661e-18,2.661e-18,1.00000000
32.200000,-3.444662,0.000710,-4.912666,5.999998,-0.000090,-4.912756,1.137e-20,1.552e-20,2.390e-18,2.390e-18,1.00000000
32.300000,-3.443972,0.000159,-4.913150,5.999998,-0.000075,-4.913224,7.582e-21,1.052e-20,2.492e-18,2.492e-18,1.00000000
32.400000,-3.444318,-0.000676,-4.912906,5.999998,-0.000055,-4.912961,6.597e-21,1.013e-20,2.787e-18,2.787e-18,1.00000000
32.500000,-3.445002,-0.000285,-4.912426,5.999997,-0.000031,-4.912457,6.223e-21,1.323e-20,3.292e-18,3.292e-18,1.00000000
32.600000,-3.444739,0.000619,-4.912611,5.999998,-0.000006,-4.912617,5.980e-21,1.845e-20,4.461e-18,4.461e-18,1.00000000
32.700000,-3.443986,0.000401,-4.913140,5.999999,0.000021,-4.913119,5.720e-21,2.509e-20,4.983e-18,4.983e-18,1.00000000
32.800000,-3.444115,-0.000536,-4.913049,5.999998,0.000048,-4.913001,7.931e-21,3.816e-20,3.874e-18,3.874e-18,1.00000000
32.900000,-3.444927,-0.000496,-4.912478,5.999997,0.000074,-4.912404,1.131e-20,6.758e-20,2.948e-18,2.948e-18,1.00000000
33.000000,-3.445024,0.000444,-4.912410,5.999997,0.000098,-4.912312,1.483e-20,9.899e-20,3.156e-18,3.156e-18,1.00000000
33.100000,-3.444334,0.000579,-4.912896,5.999998,0.000119,-4.912777,1.542e-20,9.425e-20,3.176e-18,3.176e-18,1.00000000
33.200000,-3.444224,-0.000331,-4.912973,5.999998,0.000136,-4.912837,1.313e-20,6.146e-20,5.342e-18,5.342e-18,1.00000000
33.300000,-3.445007,-0.000632,-4.912423,5.999998,0.000147,-4.912276,1.009e-20,3.588e-20,9.566e-18,9.566e-18,1.00000000
33.400000,-3.445359,0.000220,-4.912175,5.999997,0.000153,-4.912022,1.054e-20,2.412e-20,8.288e-18,8.288e-18,1.00000000
33.500000,-3.444713,0.000670,-4.912629,5.999998,0.000152,-4.912477,9.912e-21,1.933e-20,5.332e-18,5.332e-18,1.00000000
33.600000,-3.444279,-0.000105,-4.912934,5.999998,0.000145,-4.912789,7.791e-21,1.786e-20,3.359e-18,3.359e-18,1.00000000
33.700000,-3.444838,-0.000692,-4.912542,5.999998,0.000133,-4.912409,6.824e-21,1.677e-20,3.184e-18,3.184e-18,1.00000000
33.800000,-3.445306,-0.000015,-4.912213,5.999997,0.000115,-4.912098,6.564e-21,1.454e-20,2.980e-18,2.980e-18,1.00000000
33.900000,-3.444719,0.000692,-4.912624,5.999997,0.000092,-4.912532,6.927e-21,1.191e-20,2.738e-18,2.738e-18,1.00000000
34.000000,-3.444012,0.000129,-4.913121,5.999998,0.000067,-4.913054,7.501e-21,9.887e-21,2.529e-18,2.529e-18,1.00000000
34.100000,-3.444341,-0.000685,-4.912891,5.999998,0.000041,-4.912850,7.931e-21,8.893e-21,3.256e-18,3.256e-18,1.00000000
34.200000,-3.444978,-0.000256,-4.912444,5.999998,0.000014,-4.912430,9.455e-21,8.672e-21,5.789e-18,5.789e-18,1.00000000
34.300000,-3.444638,0.000649,-4.912681,5.999997,-0.000013,-4.912694,1.160e-20,9.146e-21,5.326e-18,5.326e-18,1.00000000
34.400000,-3.443841,0.000373,-4.913240,5.999998,-0.000038,-4.913278,1.227e-20,1.020e-20,4.125e-18,4.125e-18,1.00000000
34.500000,-3.443999,-0.000601,-4.913130,5.999998,-0.000059,-4.913190,1.583e-20,1.090e-20,3.385e-18,3.385e-18,1.00000000
34.600000,-3.444838,-0.000491,-4.912542,5.999998,-0.000077,-4.912619,2.099e-20,1.156e-20,3.083e-18,3.083e-18,1.00000000
34.700000,-3.444862,0.000529,-4.912524,5.999998,-0.000090,-4.912614,2.092e-20,1.458e-20,2.492e-18,2.492e-18,1.00000000
34.800000,-3.444074,0.000602,-4.913077,5.999997,-0.000099,-4.913175,1.926e-20,2.700e-20,2.638e-18,2.638e-18,1.00000000
34.900000,-3.444003,-0.000434,-4.913127,5.999998,-0.000101,-4.913228,2.758e-20,6.027e-20,7.069e-18,7.069e-18,1.00000000
35.000000,-3.444915,-0.000698,-4.912489,5.999998,-0.000098,-4.912586,4.405e-20,9.905e-20,8.005e-18,8.005e-18,1.00000000
35.100000,-3.445267,0.000323,-4.912241,5.999998,-0.000089,-4.912330,4.813e-20,1.013e-19,6.353e-18,6.353e-18,1.00000000
35.200000,-3.444489,0.000784,-4.912786,5.999997,-0.000075,-4.912861,3.516e-20,7.093e-20,4.440e-18,4.440e-18,1.00000000
35.300000,-3.444052,-0.000184,-4.913092,5.999997,-0.000058,-4.913150,2.057e-20,4.413e-20,3.440e-18,3.440e-18,1.00000000
35.400000,-3.444811,-0.000844,-4.912561,5.999998,-0.000036,-4.912597,1.262e-20,2.778e-20,3.138e-18,3.138e-18,1.00000000
35.500000,-3.445411,0.000027,-4.912140,5.999998,-0.000012,-4.912153,8.407e-21,1.760e-20,2.766e-18,2.766e-18,1.00000000
35.600000,-3.444718,0.000876,-4.912625,5.999998,0.000011,-4.912614,6.084e-21,1.217e-20,2.476e-18,2.476e-18,1.00000000
35.700000,-3.443910,0.000149,-4.913191,5.999997,0.000034,-4.913158,4.972e-21,1.137e-20,3.216e-18,3.216e-18,1.00000000
35.800000,-3.444393,-0.000871,-4.912853,5.999998,0.000055,-4.912798,4.883e-21,1.311e-20,4.993e-18,4.993e-18,1.00000000
35.900000,-3.445258,-0.000334,-4.912248,5.999999,0.000074,-4.912174,5.582e-21,1.668e-20,5.174e-18,5.174e-18,1.00000000
36.000000,-3.444891,0.000824,-4.912505,5.999998,0.000089,-4.912416,6.541e-21,2.771e-20,4.204e-18,4.204e-18,1.00000000
36.100000,-3.443896,0.000518,-4.913202,5.999997,0.000100,-4.913102,7.519e-21,5.271e-20,3.013e-18,3.013e-18,1.00000000
36.200000,-3.444056,-0.000733,-4.913089,5.999997,0.000106,-4.912984,8.468e-21,7.770e-20,2.972e-18,2.972e-18,1.00000000
36.300000,-3.445130,-0.000687,-4.912337,5.999998,0.000107,-4.912230,8.378e-21,7.458e-20,3.310e-18,3.310e-18,1.00000000
36.400000,-3.445240,0.000604,-4.912260,5.999998,0.000105,-4.912156,6.569e-21,5.100e-20,2.204e-18,2.204e-18,1.00000000
36.500000,-3.444225,0.000833,-4.912971,5.999998,0.000096,-4.912875,6.203e-21,3.180e-20,4.577e-18,4.577e-18,1.00000000
36.600000,-3.443961,-0.000437,-4.913156,5.999997,0.000083,-4.913073,6.752e-21,2.309e-20,6.772e-18,6.772e-18,1.00000000
36.700000,-3.444999,-0.000943,-4.912429,5.999998,0.000066,-4.912363,6.713e-21,2.005e-20,7.091e-18,7.091e-18,1.00000000
36.800000,-3.445532,0.000242,-4.912056,5.999998,0.000047,-4.912009,6.198e-21,1.891e-20,5.556e-18,5.556e-18,1.00000000
36.900000,-3.444602,0.001008,-4.912707,5.999998,0.000025,-4.912682,6.280e-21,1.806e-20,3.702e-18,3.702e-18,1.00000000
37.000000,-3.443842,-0.000032,-4.913240,5.999997,0.000002,-4.913237,6.987e-21,1.603e-20,2.724e-18,2.724e-18,1.00000000
37.100000,-3.444564,-0.001030,-4.912733,5.999997,-0.000020,-4.912753,7.636e-21,1.277e-20,2.617e-18,2.617e-18,1.00000000
37.200000,-3.445397,-0.000191,-4.912150,5.999998,-0.000039,-4.912189,8.225e-21,1.001e-20,2.438e-18,2.438e-18,1.00000000
37.300000,-3.444737,0.000991,-4.912613,5.999998,-0.000055,-4.912668,8.924e-21,8.812e-21,3.104e-18,3.104e-18,1.00000000
37.400000,-3.443643,0.000398,-4.913379,5.999998,-0.000068,-4.913447,1.003e-20,8.570e-21,4.825e-18,4.825e-18,1.00000000
37.500000,-3.443964,-0.000912,-4.913154,5.999997,-0.000077,-4.913230,1.127e-20,8.563e-21,5.185e-18,5.185e-18,1.00000000
37.600000,-3.445036,-0.000594,-4.912402,5.999998,-0.000080,-4.912482,1.199e-20,8.458e-21,4.176e-18,4.176e-18,1.00000000
37.700000,-3.444881,0.000787,-4.912512,5.999998,-0.000077,-4.912589,1.286e-20,8.674e-21,3.552e-18,3.552e-18,1.00000000
37.800000,-3.443755,0.000758,-4.913301,5.999998,-0.000070,-4.913371,1.425e-20,1.024e-20,3.213e-18,3.213e-18,1.00000000
37.900000,-3.443699,-0.000627,-4.913340,5.999997,-0.000059,-4.913399,1.474e-20,1.593e-20,3.774e-18,3.774e-18,1.00000000
38.000000,-3.444877,-0.000882,-4.912514,5.999997,-0.000043,-4.912557,1.382e-20,3.704e-20,2.520e-18,2.520e-18,1.00000000
38.100000,-3.445275,0.000451,-4.912236,5.999998,-0.000024,-4.912259,1.787e-20,8.633e-20,2.727e-18,2.727e-18,1.00000000
38.200000,-3.444306,0.000977,-4.912915,5.999998,-0.000001,-4.912916,2.787e-20,1.366e-19,6.273e-18,6.273e-18,1.00000000
38.300000,-3.443859,-0.000252,-4.913228,5.999998,0.000022,-4.913206,3.123e-20,1.340e-19,7.704e-18,7.704e-18,1.00000000
38.400000,-3.444885,-0.001023,-4.912508,5.999997,0.000046,-4.912461,2.489e-20,9.360e-20,6.870e-18,6.870e-18,1.00000000
38.500000,-3.445667,0.000057,-4.911960,5.999998,0.000070,-4.911890,1.675e-20,6.144e-20,5.570e-18,5.570e-18,1.00000000
38.600000,-3.444891,0.001042,-4.912505,5.999998,0.000092,-4.912413,1.111e-20,4.279e-20,4.466e-18,4.466e-18,1.00000000
38.700000,-3.444012,0.000149,-4.913121,5.999998,0.000110,-4.913011,8.019e-21,2.930e-20,3.244e-18,3.244e-18,1.00000000
38.800000,-3.444633,-0.001021,-4.912685,5.999998,0.000123,-4.912562,6.671e-21,1.990e-20,2.578e-18,2.578e-18,1.00000000
38.900000,-3.445611,-0.000354,-4.911999,5.999997,0.000132,-4.911868,6.230e-21,1.537e-20,2.547e-18,2.547e-18,1.00000000
39.000000,-3.445110,0.000960,-4.912351,5.999998,0.000135,-4.912216,5.730e-21,1.364e-20,4.399e-18,4.399e-18,1.00000000
39.100000,-3.443924,0.000551,-4.913183,5.999998,0.000133,-4.913050,5.552e-21,1.538e-20,5.689e-18,5.689e-18,1.00000000
39.200000,-3.444080,-0.000862,-4.913073,5.999998,0.000124,-4.912949,6.374e-21,2.670e-20,4.738e-18,4.738e-18,1.00000000
39.300000,-3.445209,-0.000743,-4.912281,5.999998,0.000110,-4.912171,7.067e-21,4.956e-20,3.289e-18,3.289e-18,1.00000000
39.400000,-3.445198,0.000716,-4.912289,5.999998,0.000093,-4.912196,6.824e-21,6.481e-20,2.794e-18,2.794e-18,1.00000000
39.500000,-3.443986,0.000903,-4.913140,5.999998,0.000072,-4.913068,5.790e-21,5.674e-20,3.286e-18,3.286e-18,1.00000000
39.600000,-3.443704,-0.000536,-4.913337,5.999998,0.000048,-4.913290,5.717e-21,4.059e-20,2.773e-18,2.773e-18,1.00000000
39.700000,-3.444869,-0.001033,-4.912520,5.999998,0.000021,-4.912498,6.635e-21,2.971e-20,2.303e-18,2.303e-18,1.00000000
39.800000,-3.445426,0.000322,-4.912129,5.999998,-0.000006,-4.912135,7.424e-21,2.253e-20,4.284e-18,4.284e-18,1.00000000
39.900000,-3.444402,0.001117,-4.912847,5.999998,-0.000032,-4.912879,6.458e-21,1.787e-20,5.855e-18,5.855e-18,1.00000000
40.000000,-3.443668,-0.000089,-4.913362,5.999998,-0.000056,-4.913419,5.683e-21,1.550e-20,6.857e-18,6.857e-18,1.00000000
40.100000,-3.444594,-0.001150,-4.912713,5.999998,-0.000078,-4.912791,5.161e-21,1.413e-20,6.938e-18,6.938e-18,1.00000000
40.200000,-3.445565,-0.000156,-4.912032,5.999998,-0.000096,-4.912128,4.725e-21,1.240e-20,5.039e-18,5.039e-18,1.00000000
40.300000,-3.444846,0.001125,-4.912536,5.999998,-0.000109,-4.912645,5.085e-21,1.023e-20,3.081e-18,3.081e-18,1.00000000
40.400000,-3.443698,0.000395,-4.913341,5.999998,-0.000115,-4.913456,5.719e-21,8.165e-21,2.570e-18,2.570e-18,1.00000000
40.500000,-3.444134,-0.001046,-4.913035,5.999998,-0.000116,-4.913151,6.579e-21,6.726e-21,2.373e-18,2.373e-18,1.00000000
40.600000,-3.445310,-0.000620,-4.912210,5.999998,-0.000111,-4.912321,7.349e-21,6.274e-21,2.954e-18,2.954e-18,1.00000000
40.700000,-3.445046,0.000911,-4.912396,5.999998,-0.000099,-4.912495,9.012e-21,6.762e-21,5.149e-18,5.149e-18,1.00000000
40.800000,-3.443738,0.000812,-4.913313,5.999998,-0.000083,-4.913396,1.056e-20,7.835e-21,5.290e-18,5.290e-18,1.00000000
40.900000,-3.443656,-0.000733,-4.913371,5.999998,-0.000062,-4.913432,1.081e-20,9.736e-21,3.719e-18,3.719e-18,1.00000000
41.000000,-3.444894,-0.000962,-4.912502,5.999998,-0.000038,-4.912540,1.141e-20,1.351e-20,2.641e-18,2.641e-18,1.00000000
41.100000,-3.445225,0.000524,-4.912270,5.999998,-0.000012,-4.912282,1.056e-20,2.080e-20,3.662e-18,3.662e-18,1.00000000
41.200000,-3.444089,0.001068,-4.913067,5.999998,0.000015,-4.913052,9.670e-21,4.349e-20,4.332e-18,4.332e-18,1.00000000
41.300000,-3.443578,-0.000289,-4.913425,5.999998,0.000043,-4.913383,1.019e-20,9.502e-20,3.297e-18,3.297e-18,1.00000000
41.400000,-3.444688,-0.001115,-4.912647,5.999998,0.000068,-4.912578,1.241e-20,1.463e-19,3.193e-18,3.193e-18,1.00000000
41.500000,-3.445547,0.000056,-4.912044,5.999998,0.000092,-4.911953,1.292e-20,1.418e-19,4.812e-18,4.812e-18,1.00000000
41.600000,-3.444760,0.001121,-4.912596,5.999998,0.000111,-4.912485,1.146e-20,9.724e-20,6.686e-18,6.686e-18,1.00000000
41.700000,-3.443876,0.000181,-4.913216,5.999998,0.000127,-4.913089,9.512e-21,6.327e-20,7.519e-18,7.519e-18,1.00000000
41.800000,-3.444590,-0.001070,-4.912715,5.999998,0.000137,-4.912578,8.030e-21,4.695e-20,5.920e-18,5.920e-18,1.00000000
41.900000,-3.445697,-0.000396,-4.911939,5.999998,0.000141,-4.911798,7.037e-21,3.582e-20,4.108e-18,4.108e-18,1.00000000
42.000000,-3.445256,0.000981,-4.912248,5.999998,0.000140,-4.912109,6.945e-21,2.562e-20,2.967e-18,2.967e-18,1.00000000
42.100000,-3.444062,0.000591,-4.913086,5.999998,0.000132,-4.912953,6.757e-21,1.823e-20,2.347e-18,2.347e-18,1.00000000
42.200000,-3.444205,-0.000857,-4.912985,5.999998,0.000120,-4.912866,6.524e-21,1.368e-20,2.822e-18,2.822e-18,1.00000000
42.300000,-3.445328,-0.000763,-4.912198,5.999998,0.000102,-4.912096,6.802e-21,1.371e-20,4.293e-18,4.293e-18,1.00000000
42.400000,-3.445295,0.000693,-4.912221,5.999998,0.000082,-4.912140,7.374e-21,2.328e-20,5.297e-18,5.297e-18,1.00000000
42.500000,-3.444044,0.000893,-4.913099,5.999998,0.000059,-4.913040,6.709e-21,4.282e-20,5.060e-18,5.060e-18,1.00000000
42.600000,-3.443702,-0.000514,-4.913338,5.999998,0.000035,-4.913304,5.496e-21,5.408e-20,3.567e-18,3.567e-18,1.00000000
42.700000,-3.444773,-0.000995,-4.912587,5.999998,0.000010,-4.912576,5.125e-21,4.378e-20,3.360e-18,3.360e-18,1.00000000
42.800000,-3.445253,0.000309,-4.912250,5.999998,-0.000013,-4.912263,5.041e-21,2.862e-20,4.067e-18,4.067e-18,1.00000000
42.900000,-3.444245,0.001049,-4.912958,5.999998,-0.000034,-4.912991,4.685e-21,2.153e-20,2.897e-18,2.897e-18,1.00000000
43.000000,-3.443568,-0.000102,-4.913433,5.999998,-0.000051,-4.913484,4.912e-21,1.863e-20,1.799e-18,1.799e-18,1.00000000
43.100000,-3.444475,-0.001063,-4.912796,5.999998,-0.000066,-4.912862,4.910e-21,1.623e-20,2.964e-18,2.964e-18,1.00000000
43.200000,-3.445394,-0.000103,-4.912151,5.999997,-0.000075,-4.912226,5.402e-21,1.434e-20,5.369e-18,5.369e-18,1.00000000
43.300000,-3.444755,0.001042,-4.912600,5.999998,-0.000079,-4.912679,5.769e-21,1.266e-20,7.061e-18,7.061e-18,1.00000000
43.400000,-3.443812,0.000303,-4.913262,5.999998,-0.000078,-4.913340,5.619e-21,1.057e-20,6.466e-18,6.466e-18,1.00000000
43.500000,-3.444361,-0.000982,-4.912876,5.999998,-0.000072,-4.912948,5.297e-21,8.165e-21,5.038e-18,5.038e-18,1.00000000
43.600000,-3.445482,-0.000488,-4.912089,5.999997,-0.000061,-4.912150,5.555e-21,6.237e-21,3.766e-18,3.766e-18,1.00000000
43.700000,-3.445190,0.000894,-4.912294,5.999997,-0.000045,-4.912339,6.349e-21,5.515e-21,2.675e-18,2.675e-18,1.00000000
43.800000,-3.444018,0.000667,-4.913117,5.999998,-0.000026,-4.913143,7.675e-21,5.733e-21,2.771e-18,2.771e-18,1.00000000
43.900000,-3.444057,-0.000768,-4.913089,5.999998,-0.000005,-4.913094,9.465e-21,6.478e-21,4.132e-18,4.132e-18,1.00000000
44.000000,-3.445195,-0.000830,-4.912291,5.999998,0.000017,-4.912274,1.082e-20,8.175e-21,5.183e-18,5.183e-18,1.00000000
44.100000,-3.445323,0.000602,-4.912201,5.999997,0.000039,-4.912162,9.935e-21,1.186e-20,5.273e-18,5.273e-18,1.00000000
44.200000,-3.444133,0.000965,-4.913036,5.999998,0.000059,-4.912976,8.715e-21,1.803e-20,3.891e-18,3.891e-18,1.00000000
44.300000,-3.443682,-0.000396,-4.913353,5.999999,0.000077,-4.913276,7.616e-21,2.649e-20,3.198e-18,3.198e-18,1.00000000
44.400000,-3.444730,-0.001060,-4.912617,5.999998,0.000092,-4.912526,7.055e-21,4.600e-20,3.811e-18,3.811e-18,1.00000000
44.500000,-3.445392,0.000161,-4.912153,5.999997,0.000102,-4.912051,7.265e-21,8.905e-20,3.528e-18,3.528e-18,1.00000000
44.600000,-3.444489,0.001103,-4.912785,5.999998,0.000108,-4.912677,7.738e-21,1.322e-19,2.481e-18,2.481e-18,1.00000000
44.700000,-3.443651,0.000092,-4.913374,5.999998,0.000110,-4.913265,7.948e-21,1.296e-19,2.413e-18,2.413e-18,1.00000000
44.800000,-3.444418,-0.001083,-4.912837,5.999999,0.000106,-4.912731,8.087e-21,8.991e-20,4.041e-18,4.041e-18,1.00000000
44.900000,-3.445499,-0.000337,-4.912077,5.999997,0.000096,-4.911981,8.199e-21,5.513e-20,5.901e-18,5.901e-18,1.00000000
45.000000,-3.445052,0.001005,-4.912390,5.999997,0.000082,-4.912308,8.384e-21,3.727e-20,5.644e-18,5.644e-18,1.00000000
45.100000,-3.443936,0.000565,-4.913174,5.999998,0.000065,-4.913109,8.881e-21,2.813e-20,4.594e-18,4.594e-18,1.00000000
45.200000,-3.444176,-0.000873,-4.913007,5.999999,0.000045,-4.912962,8.888e-21,2.191e-20,4.055e-18,4.055e-18,1.00000000
45.300000,-3.445352,-0.000757,-4.912181,5.999998,0.000021,-4.912160,9.141e-21,1.759e-20,3.218e-18,3.218e-18,1.00000000
45.400000,-3.445354,0.000691,-4.912179,5.999997,-0.000003,-4.912182,8.845e-21,1.432e-20,3.022e-18,3.022e-18,1.00000000
45.500000,-3.444134,0.000897,-4.913034,5.999997,-0.000026,-4.913060,7.898e-21,1.435e-20,3.371e-18,3.371e-18,1.00000000
45.600000,-3.443776,-0.000484,-4.913287,5.999998,-0.000047,-4.913334,7.722e-21,2.073e-20,4.501e-18,4.501e-18,1.00000000
45.700000,-3.444789,-0.000989,-4.912577,5.999999,-0.000065,-4.912642,5.776e-21,3.244e-20,5.927e-18,5.927e-18,1.00000000
45.800000,-3.445249,0.000253,-4.912253,5.999998,-0.000080,-4.912333,4.994e-21,3.906e-20,4.742e-18,4.742e-18,1.00000000
45.900000,-3.444259,0.001015,-4.912947,5.999997,-0.000090,-4.913037,4.580e-21,3.255e-20,3.540e-18,3.540e-18,1.00000000
46.000000,-3.443517,-0.000029,-4.913467,5.999998,-0.000094,-4.913561,4.365e-21,2.169e-20,3.960e-18,3.960e-18,1.00000000
46.100000,-3.444274,-0.000992,-4.912938,5.999999,-0.000093,-4.913031,5.576e-21,1.622e-20,4.169e-18,4.169e-18,1.00000000
46.200000,-3.445144,-0.000181,-4.912327,5.999998,-0.000088,-4.912415,6.705e-21,1.459e-20,3.613e-18,3.613e-18,1.00000000
46.300000,-3.444626,0.000922,-4.912690,5.999997,-0.000077,-4.912767,6.243e-21,1.299e-20,2.455e-18,2.455e-18,1.00000000
46.400000,-3.443749,0.000368,-4.913304,5.999997,-0.000061,-4.913365,5.873e-21,1.149e-20,2.998e-18,2.998e-18,1.00000000
46.500000,-3.444177,-0.000808,-4.913006,5.999998,-0.000040,-4.913046,5.622e-21,1.017e-20,4.995e-18,4.995e-18,1.00000000
46.600000,-3.445238,-0.000512,-4.912262,5.999999,-0.000017,-4.912280,5.620e-21,9.037e-21,6.212e-18,6.212e-18,1.00000000
46.700000,-3.445181,0.000678,-4.912301,5.999998,0.000008,-4.912293,5.524e-21,7.895e-21,5.671e-18,5.671e-18,1.00000000
46.800000,-3.444290,0.000627,-4.912925,5.999997,0.000035,-4.912890,4.960e-21,6.686e-21,5.207e-18,5.207e-18,1.00000000
46.900000,-3.444292,-0.000523,-4.912924,5.999998,0.000062,-4.912862,5.307e-21,5.974e-21,3.402e-18,3.402e-18,1.00000000
47.000000,-3.445230,-0.000693,-4.912267,5.999999,0.000088,-4.912180,5.724e-21,5.653e-21,2.888e-18,2.888e-18,1.00000000
47.100000,-3.445445,0.000373,-4.912116,5.999998,0.000110,-4.912007,5.981e-21,5.720e-21,3.946e-18,3.946e-18,1.00000000
47.200000,-3.444584,0.000728,-4.912719,5.999997,0.000127,-4.912592,6.605e-21,6.908e-21,4.843e-18,4.843e-18,1.00000000
47.300000,-3.444176,-0.000228,-4.913005,5.999997,0.000141,-4.912863,6.951e-21,1.078e-20,5.374e-18,5.374e-18,1.00000000
47.400000,-3.444848,-0.000737,-4.912535,5.999998,0.000150,-4.912386,7.427e-21,1.809e-20,5.503e-18,5.503e-18,1.00000000
47.500000,-3.445254,0.000090,-4.912251,5.999999,0.000152,-4.912099,7.355e-21,2.861e-20,4.230e-18,4.230e-18,1.00000000
47.600000,-3.444571,0.000722,-4.912729,5.999998,0.000147,-4.912582,6.572e-21,4.591e-20,4.312e-18,4.312e-18,1.00000000
47.700000,-3.443963,0.000031,-4.913154,5.999997,0.000137,-4.913017,5.870e-21,7.393e-20,3.934e-18,3.934e-18,1.00000000
47.800000,-3.444440,-0.000698,-4.912820,5.999998,0.000123,-4.912697,5.434e-21,9.726e-20,4.207e-18,4.207e-18,1.00000000
47.900000,-3.445056,-0.000147,-4.912390,5.999999,0.000104,-4.912285,6.291e-21,9.260e-20,3.017e-18,3.017e-18,1.00000000
48.000000,-3.444666,0.000656,-4.912663,5.999998,0.000081,-4.912582,6.934e-21,6.765e-20,2.522e-18,2.522e-18,1.00000000
48.100000,-3.444002,0.000248,-4.913127,5.999997,0.000054,-4.913072,6.951e-21,4.464e-20,3.689e-18,3.689e-18,1.00000000
48.200000,-3.444305,-0.000605,-4.912914,5.999997,0.000027,-4.912888,7.344e-21,3.042e-20,4.767e-18,4.767e-18,1.00000000
48.300000,-3.445050,-0.000339,-4.912393,5.999998,-0.000001,-4.912395,8.123e-21,2.195e-20,5.624e-18,5.624e-18,1.00000000
48.400000,-3.444917,0.000545,-4.912487,5.999999,-0.000029,-4.912516,8.825e-21,1.688e-20,5.640e-18,5.640e-18,1.00000000
48.500000,-3.444202,0.000417,-4.912987,5.999998,-0.000055,-4.913043,9.133e-21,1.460e-20,3.946e-18,3.946e-18,1.00000000
48.600000,-3.444251,-0.000480,-4.912952,5.999997,-0.000077,-4.913029,1.203e-20,1.391e-20,2.922e-18,2.922e-18,1.00000000
48.700000,-3.444971,-0.000489,-4.912448,5.999997,-0.000094,-4.912542,1.203e-20,1.434e-20,3.945e-18,3.945e-18,1.00000000
48.800000,-3.445004,0.000405,-4.912426,5.999998,-0.000105,-4.912531,1.111e-20,1.768e-20,4.752e-18,4.752e-18,1.00000000
48.900000,-3.444234,0.000550,-4.912965,5.999998,-0.000111,-4.913077,1.048e-20,2.315e-20,4.452e-18,4.452e-18,1.00000000
49.000000,-3.444008,-0.000325,-4.913123,5.999997,-0.000111,-4.913234,8.694e-21,2.571e-20,4.946e-18,4.946e-18,1.00000000
49.100000,-3.444664,-0.000611,-4.912663,5.999997,-0.000105,-4.912768,6.960e-21,2.290e-20,4.390e-18,4.390e-18,1.00000000
49.200000,-3.444921,0.000229,-4.912483,5.999998,-0.000093,-4.912576,6.417e-21,1.883e-20,4.716e-18,4.716e-18,1.00000000
49.300000,-3.444237,0.000661,-4.912964,5.999999,-0.000077,-4.913041,7.703e-21,1.637e-20,4.041e-18,4.041e-18,1.00000000
49.400000,-3.443822,-0.000116,-4.913254,5.999998,-0.000057,-4.913312,8.316e-21,1.467e-20,4.504e-18,4.504e-18,1.00000000
49.500000,-3.444445,-0.000695,-4.912817,5.999997,-0.000035,-4.912851,9.026e-21,1.270e-20,4.030e-18,4.030e-18,1.00000000
49.600000,-3.445022,-0.000008,-4.912412,5.999997,-0.000010,-4.912423,7.914e-21,1.083e-20,2.756e-18,2.756e-18,1.00000000
49.700000,-3.444572,0.000713,-4.912729,5.999998,0.000015,-4.912714,6.847e-21,9.253e-21,2.313e-18,2.313e-18,1.00000000
49.800000,-3.444006,0.000152,-4.913126,5.999998,0.000039,-4.913087,5.951e-21,8.226e-21,3.560e-18,3.560e-18,1.00000000
49.900000,-3.444485,-0.000692,-4.912789,5.999998,0.000062,-4.912727,5.559e-21,7.679e-21,5.179e-18,5.179e-18,1.00000000
50.000000,-3.445297,-0.000289,-4.912219,5.999997,0.000082,-4.912137,4.240e-21,7.454e-21,5.276e-18,5.276e-18,1.00000000
50.100000,-3.445109,0.000649,-4.912351,5.999998,0.000098,-4.912253,4.728e-21,7.290e-21,3.695e-18,3.695e-18,1.00000000
50.200000,-3.444360,0.000430,-4.912877,5.999998,0.000110,-4.912767,4.860e-21,6.929e-21,3.230e-18,3.230e-18,1.00000000
50.300000,-3.444473,-0.000565,-4.912798,5.999998,0.000116,-4.912681,4.733e-21,6.581e-21,4.000e-18,4.000e-18,1.00000000
50.400000,-3.445280,-0.000550,-4.912231,5.999997,0.000117,-4.912114,5.094e-21,7.282e-21,4.857e-18,4.857e-18,1.00000000
50.500000,-3.445309,0.000451,-4.912210,5.999997,0.000112,-4.912098,4.649e-21,1.049e-20,4.999e-18,4.999e-18,1.00000000
50.600000,-3.444439,0.000640,-4.912822,5.999998,0.000103,-4.912719,5.263e-21,1.564e-20,5.532e-18,5.532e-18,1.00000000
50.700000,-3.444123,-0.000319,-4.913044,5.999998,0.000089,-4.912955,5.498e-21,2.309e-20,4.655e-18,4.655e-18,1.00000000
50.800000,-3.444793,-0.000705,-4.912574,5.999998,0.000071,-4.912502,5.429e-21,3.889e-20,5.321e-18,5.321e-18,1.00000000
50.900000,-3.445105,0.000165,-4.912354,5.999997,0.000051,-4.912303,5.755e-21,6.002e-20,4.783e-18,4.783e-18,1.00000000
51.000000,-3.444382,0.000721,-4.912861,5.999998,0.000030,-4.912832,5.566e-21,7.014e-20,4.108e-18,4.108e-18,1.00000000
51.100000,-3.443827,-0.000021,-4.913251,5.999998,0.000008,-4.913243,6.014e-21,6.007e-20,4.298e-18,4.298e-18,1.00000000
51.200000,-3.444356,-0.000710,-4.912880,5.999998,-0.000013,-4.912893,6.378e-21,4.298e-20,3.465e-18,3.465e-18,1.00000000
51.300000,-3.444965,-0.000115,-4.912452,5.999998,-0.000032,-4.912484,6.240e-21,3.093e-20,2.425e-18,2.425e-18,1.00000000
51.400000,-3.444564,0.000670,-4.912733,5.999997,-0.000050,-4.912782,6.294e-21,2.379e-20,2.833e-18,2.833e-18,1.00000000
51.500000,-3.443936,0.000230,-4.913174,5.999998,-0.000063,-4.913237,6.912e-21,1.895e-20,4.532e-18,4.532e-18,1.00000000
51.600000,-3.444285,-0.000613,-4.912930,5.999998,-0.000072,-4.913002,8.411e-21,1.433e-20,6.100e-18,6.100e-18,1.00000000
51.700000,-3.445042,-0.000321,-4.912399,5.999998,-0.000076,-4.912474,1.251e-20,1.079e-20,4.749e-18,4.749e-18,1.00000000
51.800000,-3.444910,0.000552,-4.912490,5.999997,-0.000075,-4.912565,1.816e-20,1.016e-20,3.704e-18,3.704e-18,1.00000000
51.900000,-3.444226,0.000402,-4.912970,5.999997,-0.000069,-4.913039,1.653e-20,1.231e-20,3.976e-18,3.976e-18,1.00000000
52.000000,-3.444314,-0.000484,-4.912909,5.999998,-0.000057,-4.912966,1.263e-20,1.625e-20,5.659e-18,5.659e-18,1.00000000
52.100000,-3.445042,-0.000469,-4.912399,5.999998,-0.000040,-4.912439,1.083e-20,1.984e-20,4.308e-18,4.308e-18,1.00000000
52.200000,-3.445067,0.000415,-4.912381,5.999998,-0.000020,-4.912401,9.527e-21,1.947e-20,4.585e-18,4.585e-18,1.00000000
52.300000,-3.444317,0.000534,-4.912906,5.999997,0.000002,-4.912904,8.128e-21,1.612e-20,4.266e-18,4.266e-18,1.00000000
52.400000,-3.444130,-0.000338,-4.913038,5.999998,0.000025,-4.913013,7.904e-21,1.408e-20,5.825e-18,5.825e-18,1.00000000
52.500000,-3.444798,-0.000593,-4.912570,5.999998,0.000048,-4.912522,8.380e-21,1.467e-20,6.477e-18,6.477e-18,1.00000000
52.600000,-3.445034,0.000250,-4.912404,5.999998,0.000070,-4.912334,8.989e-21,1.540e-20,3.506e-18,3.506e-18,1.00000000
52.700000,-3.444344,0.000647,-4.912887,5.999997,0.000089,-4.912799,8.741e-21,1.336e-20,3.695e-18,3.695e-18,1.00000000
52.800000,-3.443961,-0.000148,-4.913156,5.999997,0.000104,-4.913052,1.091e-20,1.049e-20,3.840e-18,3.840e-18,1.00000000
52.900000,-3.444605,-0.000690,-4.912705,5.999998,0.000116,-4.912590,1.608e-20,9.498e-21,3.038e-18,3.038e-18,1.00000000
53.000000,-3.445143,0.000034,-4.912329,5.999999,0.000123,-4.912206,1.898e-20,9.765e-21,1.859e-18,1.859e-18,1.00000000
53.100000,-3.444635,0.000721,-4.912684,5.999998,0.000125,-4.912559,1.269e-20,9.737e-21,2.643e-18,2.643e-18,1.00000000
53.200000,-3.444068,0.000099,-4.913081,5.999997,0.000120,-4.912961,6.640e-21,9.282e-21,4.249e-18,4.249e-18,1.00000000
53.300000,-3.444578,-0.000727,-4.912723,5.999997,0.000111,-4.912612,5.379e-21,8.616e-21,4.477e-18,4.477e-18,1.00000000
53.400000,-3.445350,-0.000239,-4.912183,5.999998,0.000098,-4.912085,4.870e-21,7.738e-21,3.637e-18,3.637e-18,1.00000000
53.500000,-3.445040,0.000707,-4.912400,5.999998,0.000080,-4.912321,4.588e-21,7.252e-21,4.404e-18,4.404e-18,1.00000000
53.600000,-3.444227,0.000383,-4.912969,5.999997,0.000057,-4.912912,3.879e-21,7.868e-21,5.846e-18,5.846e-18,1.00000000
53.700000,-3.444395,-0.000657,-4.912851,5.999997,0.000031,-4.912820,5.559e-21,1.060e-20,4.786e-18,4.786e-18,1.00000000
53.800000,-3.445228,-0.000525,-4.912268,5.999998,0.000005,-4.912263,6.744e-21,1.492e-20,4.029e-18,4.029e-18,1.00000000
53.900000,-3.445139,0.000569,-4.912331,5.999998,-0.000020,-4.912351,5.744e-21,2.047e-20,4.039e-18,4.039e-18,1.00000000
54.000000,-3.444158,0.000645,-4.913019,5.999998,-0.000045,-4.913064,6.548e-21,3.308e-20,4.914e-18,4.914e-18,1.00000000
54.100000,-3.443929,-0.000462,-4.913178,5.999997,-0.000068,-4.913246,5.882e-21,4.961e-20,6.324e-18,6.324e-18,1.00000000
54.200000,-3.444758,-0.000757,-4.912598,5.999998,-0.000087,-4.912684,5.427e-21,5.394e-20,3.895e-18,3.895e-18,1.00000000
54.300000,-3.445034,0.000320,-4.912405,5.999998,-0.000100,-4.912505,4.434e-21,4.188e-20,3.687e-18,3.687e-18,1.00000000
54.400000,-3.444144,0.000835,-4.913029,5.999998,-0.000108,-4.913137,5.668e-21,2.786e-20,3.933e-18,3.933e-18,1.00000000
54.500000,-3.443623,-0.000161,-4.913394,5.999998,-0.000112,-4.913506,6.141e-21,1.955e-20,3.696e-18,3.696e-18,1.00000000
54.600000,-3.444406,-0.000886,-4.912844,5.999998,-0.000110,-4.912954,7.079e-21,1.587e-20,2.717e-18,2.717e-18,1.00000000
54.700000,-3.445119,-0.000013,-4.912345,5.999998,-0.000102,-4.912447,7.867e-21,1.420e-20,2.325e-18,2.325e-18,1.00000000
54.800000,-3.444528,0.000904,-4.912760,5.999998,-0.000089,-4.912848,7.260e-21,1.235e-20,3.440e-18,3.440e-18,1.00000000
54.900000,-3.443779,0.000201,-4.913284,5.999998,-0.000071,-4.913355,9.310e-21,1.026e-20,3.953e-18,3.953e-18,1.00000000
55.000000,-3.444351,-0.000875,-4.912883,5.999997,-0.000049,-4.912932,1.603e-20,8.904e-21,3.892e-18,3.892e-18,1.00000000
55.100000,-3.445359,-0.000378,-4.912176,5.999998,-0.000024,-4.912199,1.293e-20,8.850e-21,4.414e-18,4.414e-18,1.00000000
55.200000,-3.445109,0.000816,-4.912351,5.999998,0.000005,-4.912347,1.216e-20,1.159e-20,6.893e-18,6.893e-18,1.00000000
55.300000,-3.444140,0.000555,-4.913031,5.999998,0.000034,-4.912997,1.155e-20,1.654e-20,6.494e-18,6.494e-18,1.00000000
55.400000,-3.444267,-0.000709,-4.912941,5.999998,0.000061,-4.912880,9.981e-21,1.816e-20,5.593e-18,5.593e-18,1.00000000
55.500000,-3.445307,-0.000708,-4.912212,5.999997,0.000087,-4.912125,7.552e-21,1.449e-20,5.384e-18,5.384e-18,1.00000000
55.600000,-3.445385,0.000569,-4.912158,5.999998,0.000110,-4.912048,6.823e-21,1.102e-20,4.344e-18,4.344e-18,1.00000000
55.700000,-3.444306,0.000836,-4.912915,5.999998,0.000129,-4.912787,7.611e-21,1.128e-20,6.741e-18,6.741e-18,1.00000000
55.800000,-3.443922,-0.000397,-4.913184,5.999998,0.000141,-4.913042,8.360e-21,1.373e-20,5.300e-18,5.300e-18,1.00000000
55.900000,-3.444839,-0.000929,-4.912541,5.999998,0.000148,-4.912393,8.961e-21,1.372e-20,2.950e-18,2.950e-18,1.00000000
56.000000,-3.445330,0.000198,-4.912196,5.999998,0.000150,-4.912047,1.099e-20,1.155e-20,3.187e-18,3.187e-18,1.00000000
56.100000,-3.444434,0.000974,-4.912825,5.999998,0.000146,-4.912679,1.235e-20,9.857e-21,4.049e-18,4.049e-18,1.00000000
56.200000,-3.443693,0.000007,-4.913345,5.999998,0.000136,-4.913209,1.306e-20,8.923e-21,3.575e-18,3.575e-18,1.00000000
56.300000,-3.444408,-0.000978,-4.912843,5.999998,0.000120,-4.912723,1.442e-20,8.251e-21,2.610e-18,2.610e-18,1.00000000
56.400000,-3.445307,-0.000212,-4.912213,5.999998,0.000101,-4.912112,1.348e-20,7.977e-21,3.016e-18,3.016e-18,1.00000000
56.500000,-3.444805,0.000940,-4.912564,5.999998,0.000078,-4.912486,9.464e-21,7.711e-21,3.391e-18,3.391e-18,1.00000000
56.600000,-3.443850,0.000404,-4.913234,5.999998,0.000053,-4.913181,7.109e-21,7.642e-21,3.947e-18,3.947e-18,1.00000000
56.700000,-3.444231,-0.000867,-4.912968,5.999998,0.000026,-4.912941,5.522e-21,7.505e-21,4.190e-18,4.190e-18,1.00000000
56.800000,-3.445338,-0.000578,-4.912191,5.999998,-0.000000,-4.912191,4.740e-21,8.105e-21,6.465e-18,6.465e-18,1.00000000
56.900000,-3.445224,0.000765,-4.912271,5.999998,-0.000025,-4.912296,5.505e-21,1.098e-20,5.654e-18,5.654e-18,1.00000000
57.000000,-3.444110,0.000731,-4.913052,5.999998,-0.000048,-4.913100,7.566e-21,1.532e-20,3.895e-18,3.895e-18,1.00000000
57.100000,-3.444011,-0.000639,-4.913121,5.999998,-0.000067,-4.913188,6.777e-21,2.037e-20,3.872e-18,3.872e-18,1.00000000
57.200000,-3.445093,-0.000868,-4.912363,5.999998,-0.000080,-4.912443,8.503e-21,2.958e-20,3.118e-18,3.118e-18,1.00000000
57.300000,-3.445342,0.000481,-4.912189,5.999998,-0.000089,-4.912277,6.940e-21,4.008e-20,4.794e-18,4.794e-18,1.00000000
57.400000,-3.444209,0.000976,-4.912983,5.999998,-0.000092,-4.913074,6.320e-21,4.050e-20,5.668e-18,5.668e-18,1.00000000
57.500000,-3.443645,-0.000300,-4.913378,5.999998,-0.000089,-4.913467,6.098e-21,3.080e-20,4.085e-18,4.085e-18,1.00000000
57.600000,-3.444604,-0.001057,-4.912706,5.999998,-0.000081,-4.912787,6.361e-21,2.156e-20,3.582e-18,3.582e-18,1.00000000
57.700000,-3.445305,0.000091,-4.912214,5.999998,-0.000069,-4.912283,7.426e-21,1.598e-20,3.988e-18,3.988e-18,1.00000000
57.800000,-3.444434,0.001098,-4.912825,5.999998,-0.000052,-4.912877,7.656e-21,1.259e-20,4.079e-18,4.079e-18,1.00000000
57.900000,-3.443536,0.000138,-4.913454,5.999998,-0.000033,-4.913487,8.829e-21,1.013e-20,3.169e-18,3.169e-18,1.00000000
58.000000,-3.444270,-0.001087,-4.912940,5.999998,-0.000012,-4.912952,1.075e-20,7.846e-21,2.272e-18,2.272e-18,1.00000000
58.100000,-3.445409,-0.000368,-4.912141,5.999998,0.000010,-4.912131,1.630e-20,7.006e-21,2.720e-18,2.720e-18,1.00000000
58.200000,-3.445007,0.001032,-4.912423,5.999998,0.000033,-4.912391,1.857e-20,7.043e-21,3.630e-18,3.630e-18,1.00000000
58.300000,-3.443884,0.000602,-4.913210,5.999998,0.000054,-4.913157,1.409e-20,7.453e-21,3.464e-18,3.464e-18,1.00000000
58.400000,-3.444180,-0.000915,-4.913003,5.999997,0.000072,-4.912931,1.303e-20,9.277e-21,5.531e-18,5.531e-18,1.00000000
58.500000,-3.445504,-0.000806,-4.912074,5.999998,0.000087,-4.911987,1.151e-20,1.223e-20,6.835e-18,6.835e-18,1.00000000
58.600000,-3.445586,0.000754,-4.912017,5.999998,0.000099,-4.911918,9.448e-21,1.402e-20,5.251e-18,5.251e-18,1.00000000
58.700000,-3.444316,0.000984,-4.912908,5.999998,0.000105,-4.912802,8.130e-21,1.287e-20,5.099e-18,5.099e-18,1.00000000
58.800000,-3.443960,-0.000546,-4.913157,5.999997,0.000106,-4.913051,9.425e-21,1.155e-20,3.347e-18,3.347e-18,1.00000000
58.900000,-3.445119,-0.001117,-4.912344,5.999997,0.000101,-4.912243,1.219e-20,1.258e-20,3.970e-18,3.970e-18,1.00000000
59.000000,-3.445646,0.000299,-4.911975,5.999998,0.000092,-4.911883,1.147e-20,1.435e-20,5.883e-18,5.883e-18,1.00000000
59.100000,-3.444474,0.001186,-4.912797,5.999998,0.000079,-4.912718,1.001e-20,1.421e-20,5.123e-18,5.123e-18,1.00000000
59.200000,-3.443545,-0.000039,-4.913448,5.999998,0.000062,-4.913387,1.083e-20,1.264e-20,3.686e-18,3.686e-18,1.00000000
59.300000,-3.444373,-0.001202,-4.912867,5.999997,0.000041,-4.912825,1.369e-20,1.072e-20,3.106e-18,3.106e-18,1.00000000
59.400000,-3.445363,-0.000234,-4.912173,5.999998,0.000020,-4.912153,1.615e-20,9.141e-21,3.836e-18,3.836e-18,1.00000000
59.500000,-3.444656,0.001146,-4.912670,5.999998,-0.000002,-4.912672,2.112e-20,8.680e-21,4.483e-18,4.483e-18,1.00000000
59.600000,-3.443448,0.000484,-4.913517,5.999998,-0.000023,-4.913540,1.796e-20,8.389e-21,4.209e-18,4.209e-18,1.00000000
59.700000,-3.443864,-0.001036,-4.913224,5.999998,-0.000043,-4.913267,1.062e-20,7.629e-21,2.604e-18,2.604e-18,1.00000000
59.800000,-3.445174,-0.000707,-4.912305,5.999997,-0.000061,-4.912366,8.033e-21,7.308e-21,2.797e-18,2.797e-18,1.00000000
59.900000,-3.445092,0.000878,-4.912363,5.999998,-0.000074,-4.912437,6.714e-21,7.122e-21,2.862e-18,2.862e-18,1.00000000
60.000000,-3.443851,0.000889,-4.913234,5.999999,-0.000083,-4.913317,6.700e-21,7.359e-21,4.796e-18,4.796e-18,1.00000000
60.100000,-3.443766,-0.000682,-4.913293,5.999998,-0.000087,-4.913380,8.223e-21,1.008e-20,7.450e-18,7.450e-18,1.00000000
60.200000,-3.445076,-0.001019,-4.912374,5.999997,-0.000086,-4.912460,9.462e-21,1.448e-20,6.416e-18,6.416e-18,1.00000000
60.300000,-3.445517,0.000468,-4.912065,5.999997,-0.000079,-4.912143,1.009e-20,1.971e-20,5.815e-18,5.815e-18,1.00000000
60.400000,-3.444376,0.001105,-4.912866,5.999998,-0.000066,-4.912932,1.179e-20,2.853e-20,4.036e-18,4.036e-18,1.00000000
60.500000,-3.443742,-0.000236,-4.913310,5.999998,-0.000048,-4.913359,1.085e-20,3.736e-20,3.191e-18,3.191e-18,1.00000000
60.600000,-3.444748,-0.001140,-4.912604,5.999997,-0.000028,-4.912632,9.616e-21,3.653e-20,5.828e-18,5.828e-18,1.00000000
60.700000,-3.445558,0.000001,-4.912035,5.999997,-0.000004,-4.912040,7.955e-21,2.702e-20,6.111e-18,6.111e-18,1.00000000
60.800000,-3.444691,0.001130,-4.912645,5.999998,0.000022,-4.912623,7.485e-21,1.858e-20,4.139e-18,4.139e-18,1.00000000
60.900000,-3.443664,0.000234,-4.913366,5.999999,0.000047,-4.913318,8.305e-21,1.406e-20,3.087e-18,3.087e-18,1.00000000
61.000000,-3.444267,-0.001070,-4.912942,5.999998,0.000071,-4.912871,1.031e-20,1.094e-20,3.413e-18,3.413e-18,1.00000000
61.100000,-3.445383,-0.000455,-4.912159,5.999997,0.000093,-4.912066,1.412e-20,8.069e-21,4.015e-18,4.015e-18,1.00000000
61.200000,-3.445015,0.000967,-4.912417,5.999998,0.000112,-4.912305,1.949e-20,6.712e-21,3.958e-18,3.958e-18,1.00000000
61.300000,-3.443851,0.000658,-4.913234,5.999999,0.000128,-4.913106,1.942e-20,6.187e-21,3.073e-18,3.073e-18,1.00000000
61.400000,-3.444018,-0.000818,-4.913117,5.999999,0.000139,-4.912978,1.537e-20,6.400e-21,2.866e-18,2.866e-18,1.00000000
61.500000,-3.445279,-0.000822,-4.912232,5.999997,0.000144,-4.912088,1.455e-20,8.214e-21,2.877e-18,2.877e-18,1.00000000
61.600000,-3.445464,0.000641,-4.912102,5.999997,0.000143,-4.911958,1.387e-20,1.122e-20,3.026e-18,3.026e-18,1.00000000
61.700000,-3.444342,0.000950,-4.912890,5.999998,0.000138,-4.912752,1.231e-20,1.355e-20,5.915e-18,5.915e-18,1.00000000
61.800000,-3.444009,-0.000439,-4.913124,5.999999,0.000126,-4.912998,1.153e-20,1.277e-20,6.110e-18,6.110e-18,1.00000000
61.900000,-3.445116,-0.001030,-4.912347,5.999998,0.000108,-4.912239,1.050e-20,1.006e-20,4.952e-18,4.952e-18,1.00000000
62.000000,-3.445695,0.000228,-4.911940,5.999997,0.000086,-4.911854,9.127e-21,1.018e-20,3.827e-18,3.827e-18,1.00000000
62.100000,-3.444696,0.001064,-4.912640,5.999997,0.000061,-4.912579,9.772e-21,1.344e-20,2.712e-18,2.712e-18,1.00000000
62.200000,-3.443864,-0.000021,-4.913225,5.999999,0.000034,-4.913191,8.787e-21,1.436e-20,3.937e-18,3.937e-18,1.00000000
62.300000,-3.444590,-0.001064,-4.912716,5.999999,0.000006,-4.912710,7.649e-21,1.268e-20,5.344e-18,5.344e-18,1.00000000
62.400000,-3.445426,-0.000191,-4.912129,5.999997,-0.000023,-4.912151,8.950e-21,1.108e-20,4.633e-18,4.633e-18,1.00000000
62.500000,-3.444719,0.001016,-4.912624,5.999997,-0.000048,-4.912672,1.646e-20,9.817e-21,3.926e-18,3.926e-18,1.00000000
62.600000,-3.443603,0.000382,-4.913408,5.999998,-0.000071,-4.913478,3.398e-20,9.032e-21,3.697e-18,3.697e-18,1.00000000
62.700000,-3.443958,-0.000942,-4.913160,5.999999,-0.000089,-4.913249,4.419e-20,8.120e-21,4.390e-18,4.390e-18,1.00000000
62.800000,-3.445039,-0.000570,-4.912401,5.999998,-0.000104,-4.912505,3.545e-20,7.425e-21,4.661e-18,4.661e-18,1.00000000
62.900000,-3.444833,0.000827,-4.912544,5.999997,-0.000114,-4.912658,2.020e-20,7.278e-21,4.104e-18,4.104e-18,1.00000000
63.000000,-3.443689,0.000736,-4.913347,5.999997,-0.000117,-4.913463,1.209e-20,6.948e-21,3.280e-18,3.280e-18,1.00000000
63.100000,-3.443685,-0.000680,-4.913351,5.999999,-0.000114,-4.913464,9.132e-21,6.577e-21,2.551e-18,2.551e-18,1.00000000
63.200000,-3.444892,-0.000873,-4.912505,5.999999,-0.000106,-4.912611,8.776e-21,7.207e-21,1.995e-18,1.995e-18,1.00000000
63.300000,-3.445236,0.000505,-4.912262,5.999998,-0.000092,-4.912354,9.722e-21,9.689e-21,5.912e-18,5.912e-18,1.00000000
63.400000,-3.444217,0.000983,-4.912976,5.999997,-0.000074,-4.913050,1.068e-20,1.437e-20,8.194e-18,8.194e-18,1.00000000
63.500000,-3.443788,-0.000296,-4.913278,5.999998,-0.000051,-4.913328,9.884e-21,2.029e-20,7.521e-18,7.521e-18,1.00000000
63.600000,-3.444837,-0.001040,-4.912543,5.999999,-0.000024,-4.912568,9.355e-21,2.598e-20,5.750e-18,5.750e-18,1.00000000
63.700000,-3.445585,0.000080,-4.912018,5.999998,0.000002,-4.912016,8.996e-21,2.927e-20,3.205e-18,3.205e-18,1.00000000
63.800000,-3.444768,0.001054,-4.912590,5.999997,0.000029,-4.912560,8.197e-21,2.791e-20,2.747e-18,2.747e-18,1.00000000
63.900000,-3.443882,0.000148,-4.913210,5.999997,0.000056,-4.913155,7.480e-21,2.302e-20,5.075e-18,5.075e-18,1.00000000
64.000000,-3.444498,-0.001011,-4.912781,5.999998,0.000080,-4.912701,7.662e-21,1.744e-20,5.177e-18,5.177e-18,1.00000000
64.100000,-3.445465,-0.000364,-4.912103,5.999999,0.000100,-4.912004,8.958e-21,1.336e-20,4.554e-18,4.554e-18,1.00000000
64.200000,-3.445003,0.000919,-4.912425,5.999998,0.000114,-4.912311,9.010e-21,1.078e-20,3.490e-18,3.490e-18,1.00000000
64.300000,-3.443881,0.000555,-4.913212,5.999997,0.000125,-4.913087,1.206e-20,9.292e-21,3.572e-18,3.572e-18,1.00000000
64.400000,-3.444027,-0.000785,-4.913110,5.999998,0.000130,-4.912980,1.446e-20,8.082e-21,4.445e-18,4.445e-18,1.00000000
64.500000,-3.445109,-0.000714,-4.912353,5.999999,0.000130,-4.912222,1.333e-20,6.626e-21,5.168e-18,5.168e-18,1.00000000
64.600000,-3.445167,0.000616,-4.912312,5.999998,0.000124,-4.912188,1.367e-20,6.327e-21,3.685e-18,3.685e-18,1.00000000
64.700000,-3.444114,0.000828,-4.913048,5.999997,0.000113,-4.912935,1.633e-20,8.942e-21,2.490e-18,2.490e-18,1.00000000
64.800000,-3.443860,-0.000428,-4.913226,5.999997,0.000099,-4.913128,1.525e-20,1.295e-20,2.114e-18,2.114e-18,1.00000000
64.900000,-3.444880,-0.000896,-4.912512,5.999998,0.000081,-4.912432,1.275e-20,1.492e-20,3.868e-18,3.868e-18,1.00000000
65.000000,-3.445398,0.000235,-4.912150,5.999999,0.000059,-4.912091,1.191e-20,1.293e-20,5.653e-18,5.653e-18,1.00000000
65.100000,-3.444573,0.000918,-4.912727,5.999998,0.000035,-4.912692,1.089e-20,1.065e-20,5.511e-18,5.511e-18,1.00000000
65.200000,-3.443967,-0.000050,-4.913151,5.999997,0.000012,-4.913140,1.005e-20,1.271e-20,5.180e-18,5.180e-18,1.00000000
65.300000,-3.444695,-0.000900,-4.912642,5.999998,-0.000011,-4.912652,9.728e-21,1.672e-20,3.612e-18,3.612e-18,1.00000000
65.400000,-3.445437,-0.000121,-4.912123,5.999999,-0.000032,-4.912154,1.016e-20,1.723e-20,2.742e-18,2.742e-18,1.00000000
65.500000,-3.444850,0.000849,-4.912533,5.999998,-0.000050,-4.912583,9.961e-21,1.539e-20,4.292e-18,4.292e-18,1.00000000
65.600000,-3.443973,0.000268,-4.913147,5.999997,-0.000063,-4.913211,1.226e-20,1.446e-20,5.093e-18,5.093e-18,1.00000000
65.700000,-3.444308,-0.000780,-4.912912,5.999997,-0.000071,-4.912984,2.541e-20,1.389e-20,4.802e-18,4.802e-18,1.00000000
65.800000,-3.445128,-0.000402,-4.912339,5.999998,-0.000074,-4.912413,5.406e-20,1.163e-20,4.416e-18,4.416e-18,1.00000000
65.900000,-3.444847,0.000689,-4.912536,5.999999,-0.000073,-4.912609,7.611e-20,8.940e-21,4.254e-18,4.254e-18,1.00000000
66.000000,-3.443903,0.000515,-4.913197,5.999998,-0.000066,-4.913263,6.732e-20,8.190e-21,3.843e-18,3.843e-18,1.00000000
66.100000,-3.443937,-0.000585,-4.913172,5.999997,-0.000055,-4.913227,3.970e-20,8.553e-21,4.244e-18,4.244e-18,1.00000000
66.200000,-3.444831,-0.000612,-4.912546,5.999998,-0.000039,-4.912586,2.080e-20,9.060e-21,4.563e-18,4.563e-18,1.00000000
66.300000,-3.444958,0.000468,-4.912459,5.999999,-0.000021,-4.912480,1.348e-20,9.243e-21,3.943e-18,3.943e-18,1.00000000
66.400000,-3.444135,0.000694,-4.913035,5.999998,-0.000001,-4.913036,1.317e-20,9.001e-21,2.710e-18,2.710e-18,1.00000000
66.500000,-3.443931,-0.000333,-4.913177,5.999997,0.000021,-4.913157,1.552e-20,9.880e-21,3.061e-18,3.061e-18,1.00000000
66.600000,-3.444812,-0.000747,-4.912559,5.999997,0.000043,-4.912516,1.500e-20,1.309e-20,4.647e-18,4.647e-18,1.00000000
66.700000,-3.445301,0.000197,-4.912217,5.999998,0.000064,-4.912153,1.284e-20,1.823e-20,4.936e-18,4.936e-18,1.00000000
66.800000,-3.444644,0.000786,-4.912679,5.999999,0.000083,-4.912596,1.220e-20,2.365e-20,4.628e-18,4.628e-18,1.00000000
66.900000,-3.444148,-0.000044,-4.913025,5.999998,0.000098,-4.912927,1.247e-20,2.485e-20,5.034e-18,5.034e-18,1.00000000
67.000000,-3.444800,-0.000792,-4.912567,5.999997,0.000109,-4.912458,1.120e-20,2.199e-20,3.408e-18,3.408e-18,1.00000000
67.100000,-3.445471,-0.000108,-4.912097,5.999997,0.000116,-4.911982,1.056e-20,1.893e-20,3.420e-18,3.420e-18,1.00000000
67.200000,-3.444953,0.000770,-4.912461,5.999998,0.000116,-4.912345,1.131e-20,1.662e-20,4.085e-18,4.085e-18,1.00000000
67.300000,-3.444137,0.000259,-4.913034,5.999998,0.000111,-4.912922,1.403e-20,1.452e-20,4.625e-18,4.625e-18,1.00000000
67.400000,-3.444404,-0.000719,-4.912846,5.999998,0.000101,-4.912744,1.820e-20,1.240e-20,4.780e-18,4.780e-18,1.00000000
67.500000,-3.445153,-0.000407,-4.912320,5.999997,0.000086,-4.912234,2.023e-20,1.098e-20,4.004e-18,4.004e-18,1.00000000
67.600000,-3.444908,0.000627,-4.912492,5.999998,0.000067,-4.912425,1.769e-20,9.713e-21,3.354e-18,3.354e-18,1.00000000
67.700000,-3.443988,0.000527,-4.913139,5.999999,0.000046,-4.913092,2.226e-20,8.051e-21,4.279e-18,4.279e-18,1.00000000
67.800000,-3.443932,-0.000517,-4.913177,5.999998,0.000023,-4.913154,2.763e-20,7.170e-21,4.780e-18,4.780e-18,1.00000000
67.900000,-3.444749,-0.000628,-4.912603,5.999997,-0.000001,-4.912604,2.294e-20,8.974e-21,4.428e-18,4.428e-18,1.00000000
68.000000,-3.444920,0.000382,-4.912483,5.999997,-0.000025,-4.912508,1.765e-20,1.269e-20,2.640e-18,2.640e-18,1.00000000
68.100000,-3.444139,0.000693,-4.913032,5.999998,-0.000047,-4.913079,1.615e-20,1.421e-20,3.370e-18,3.370e-18,1.00000000
68.200000,-3.443847,-0.000243,-4.913237,5.999999,-0.000067,-4.913304,1.521e-20,1.281e-20,5.463e-18,5.463e-18,1.00000000
68.300000,-3.444622,-0.000729,-4.912693,5.999998,-0.000083,-4.912776,1.490e-20,1.182e-20,5.554e-18,5.554e-18,1.00000000
68.400000,-3.445138,0.000105,-4.912331,5.999997,-0.000096,-4.912426,1.402e-20,1.478e-20,5.142e-18,5.142e-18,1.00000000
68.500000,-3.444560,0.000739,-4.912736,5.999997,-0.000103,-4.912839,1.323e-20,1.823e-20,5.145e-18,5.145e-18,1.00000000
68.600000,-3.444034,0.000034,-4.913106,5.999998,-0.000104,-4.913210,1.357e-20,1.776e-20,4.157e-18,4.157e-18,1.00000000
68.700000,-3.444581,-0.000720,-4.912722,5.999998,-0.000099,-4.912821,1.366e-20,1.428e-20,3.078e-18,3.078e-18,1.00000000
68.800000,-3.445246,-0.000162,-4.912255,5.999998,-0.000088,-4.912344,1.744e-20,1.090e-20,3.742e-18,3.742e-18,1.00000000
68.900000,-3.444846,0.000677,-4.912535,5.999997,-0.000073,-4.912608,4.100e-20,1.000e-20,4.821e-18,4.821e-18,1.00000000
69.000000,-3.444112,0.000281,-4.913051,5.999998,-0.000053,-4.913103,8.649e-20,1.188e-20,5.315e-18,5.315e-18,1.00000000
69.100000,-3.444334,-0.000609,-4.912896,5.999998,-0.000028,-4.912924,1.137e-19,1.316e-20,4.770e-18,4.770e-18,1.00000000
69.200000,-3.445037,-0.000383,-4.912402,5.999998,-0.000001,-4.912404,8.945e-20,1.109e-20,2.977e-18,2.977e-18,1.00000000
69.300000,-3.444889,0.000525,-4.912505,5.999997,0.000025,-4.912480,4.671e-20,8.756e-21,2.566e-18,2.566e-18,1.00000000
69.400000,-3.444130,0.000466,-4.913037,5.999997,0.000052,-4.912985,2.418e-20,8.901e-21,4.124e-18,4.124e-18,1.00000000
69.500000,-3.444110,-0.000427,-4.913053,5.999998,0.000078,-4.912975,1.639e-20,1.027e-20,5.113e-18,5.113e-18,1.00000000
69.600000,-3.444839,-0.000524,-4.912542,5.999998,0.000102,-4.912440,1.302e-20,1.110e-20,3.278e-18,3.278e-18,1.00000000
69.700000,-3.445010,0.000328,-4.912421,5.999998,0.000122,-4.912299,1.343e-20,1.284e-20,3.248e-18,3.248e-18,1.00000000
69.800000,-3.444383,0.000567,-4.912860,5.999997,0.000136,-4.912723,1.418e-20,1.572e-20,4.284e-18,4.284e-18,1.00000000
69.900000,-3.444193,-0.000223,-4.912994,5.999998,0.000147,-4.912847,1.378e-20,1.785e-20,4.596e-18,4.596e-18,1.00000000
70.000000,-3.444870,-0.000586,-4.912520,5.999998,0.000153,-4.912367,1.361e-20,1.844e-20,3.692e-18,3.692e-18,1.00000000
70.000000,-3.444870,-0.000586,-4.912520,5.999998,0.000153,-4.912367,1.361e-20,1.844e-20,3.692e-18,3.692e-18,1.00000000
70.100000,-3.342499,-0.002043,-4.982738,5.999998,0.000195,-4.982542,1.379e-20,1.748e-20,4.543e-18,4.543e-18,1.00000000
70.200000,-3.241376,-0.004297,-5.049102,5.999997,0.000228,-5.048874,1.447e-20,1.724e-20,4.816e-18,4.816e-18,1.00000000
70.300000,-3.139941,-0.003436,-5.112800,5.999997,0.000252,-5.112548,1.418e-20,1.776e-20,3.164e-18,3.164e-18,1.00000000
70.400000,-3.034658,-0.000930,-5.175985,5.999998,0.000268,-5.175717,1.537e-20,1.782e-20,3.518e-18,3.518e-18,1.00000000
70.500000,-2.926281,-0.001146,-5.238021,5.999998,0.000276,-5.237745,1.680e-20,1.785e-20,4.145e-18,4.145e-18,1.00000000
70.600000,-2.818752,-0.003715,-5.296659,5.999998,0.000272,-5.296387,1.802e-20,1.694e-20,5.386e-18,5.386e-18,1.00000000
70.700000,-2.712367,-0.004138,-5.351917,5.999997,0.000258,-5.351659,2.117e-20,1.421e-20,5.031e-18,5.031e-18,1.00000000
70.800000,-2.603258,-0.001694,-5.405832,5.999998,0.000240,-5.405592,2.752e-20,1.229e-20,3.395e-18,3.395e-18,1.00000000
70.900000,-2.490308,-0.000695,-5.458786,5.999999,0.000218,-5.458568,2.682e-20,1.285e-20,2.557e-18,2.557e-18,1.00000000
71.000000,-2.377283,-0.002868,-5.508947,5.999998,0.000193,-5.508754,2.223e-20,1.332e-20,4.040e-18,4.040e-18,1.00000000
71.100000,-2.266275,-0.004341,-5.555533,5.999998,0.000165,-5.555369,1.981e-20,1.222e-20,5.771e-18,5.771e-18,1.00000000
71.200000,-2.154075,-0.002545,-5.599993,5.999998,0.000137,-5.599857,1.948e-20,1.193e-20,3.817e-18,3.817e-18,1.00000000
71.300000,-2.037977,-0.000723,-5.643282,5.999998,0.000111,-5.643171,1.810e-20,1.233e-20,3.138e-18,3.138e-18,1.00000000
71.400000,-1.920685,-0.002083,-5.684272,5.999999,0.000088,-5.684184,1.586e-20,1.179e-20,5.591e-18,5.591e-18,1.00000000
71.500000,-1.805531,-0.004121,-5.721889,5.999998,0.000067,-5.721822,1.400e-20,1.183e-20,7.257e-18,7.257e-18,1.00000000
71.600000,-1.690575,-0.003197,-5.756902,5.999998,0.000049,-5.756853,1.342e-20,1.461e-20,5.143e-18,5.143e-18,1.00000000
71.700000,-1.572225,-0.001063,-5.790344,5.999998,0.000036,-5.790308,1.455e-20,1.651e-20,5.048e-18,5.048e-18,1.00000000
71.800000,-1.451826,-0.001587,-5.821699,5.999998,0.000027,-5.821672,1.653e-20,1.560e-20,5.844e-18,5.844e-18,1.00000000
71.900000,-1.333223,-0.003722,-5.849998,5.999998,0.000023,-5.849976,1.931e-20,1.337e-20,4.332e-18,4.332e-18,1.00000000
72.000000,-1.215788,-0.003538,-5.875527,5.999998,0.000022,-5.875506,3.011e-20,1.213e-20,3.002e-18,3.002e-18,1.00000000
72.100000,-1.095745,-0.001463,-5.899094,5.999998,0.000024,-5.899070,5.828e-20,1.399e-20,3.170e-18,3.170e-18,1.00000000
72.200000,-0.973271,-0.001365,-5.920534,5.999998,0.000030,-5.920504,9.846e-20,1.736e-20,4.760e-18,4.760e-18,1.00000000
72.300000,-0.852172,-0.003347,-5.939172,5.999998,0.000037,-5.939135,1.187e-19,1.655e-20,5.476e-18,5.476e-18,1.00000000
72.400000,-0.732857,-0.003682,-5.955072,5.999998,0.000045,-5.955027,9.182e-20,1.215e-20,4.946e-18,4.946e-18,1.00000000
72.500000,-0.611775,-0.001805,-5.968727,5.999998,0.000052,-5.968675,4.995e-20,9.320e-21,3.798e-18,3.798e-18,1.00000000
72.600000,-0.488189,-0.001259,-5.980104,5.999998,0.000060,-5.980045,2.802e-20,9.329e-21,3.411e-18,3.411e-18,1.00000000
72.700000,-0.365578,-0.003029,-5.988850,5.999998,0.000066,-5.988783,1.977e-20,1.163e-20,4.383e-18,4.383e-18,1.00000000
72.800000,-0.245177,-0.003771,-5.994986,5.999998,0.000072,-5.994913,1.378e-20,1.459e-20,3.996e-18,3.996e-18,1.00000000
72.900000,-0.123798,-0.002107,-5.998720,5.999998,0.000077,-5.998643,1.138e-20,1.752e-20,2.610e-18,2.610e-18,1.00000000
73.000000,0.000090,-0.001173,-5.999998,5.999998,0.000082,-5.999916,1.285e-20,1.990e-20,5.032e-18,5.032e-18,1.00000000
73.000000,0.000090,-0.001173,-5.999998,5.999998,0.000082,-5.999916,1.285e-20,1.990e-20,5.032e-18,5.032e-18,1.00000000
73.100000,0.000360,0.001103,-5.999998,5.999998,0.000082,-5.999916,1.557e-20,1.990e-20,7.287e-18,7.287e-18,1.00000000
73.200000,0.000130,-0.001226,-5.999997,5.999997,0.000081,-5.999916,1.750e-20,1.726e-20,7.062e-18,7.062e-18,1.00000000
73.300000,-0.001010,-0.000852,-5.999996,5.999997,0.000080,-5.999916,1.927e-20,1.544e-20,4.828e-18,4.828e-18,1.00000000
73.400000,-0.000566,-0.001134,-5.999995,5.999996,0.000079,-5.999916,2.125e-20,1.699e-20,4.555e-18,4.555e-18,1.00000000
73.500000,0.001411,-0.000407,-5.999994,5.999994,0.000078,-5.999916,2.033e-20,1.941e-20,4.736e-18,4.736e-18,1.00000000
73.600000,-0.000824,0.000367,-5.999990,5.999990,0.000074,-5.999916,1.995e-20,1.986e-20,3.533e-18,3.533e-18,1.00000000
73.700000,0.001309,0.001123,-5.999983,5.999984,0.000067,-5.999916,2.272e-20,1.924e-20,3.500e-18,3.500e-18,1.00000000
73.800000,0.002237,0.000821,-5.999964,5.999965,0.000048,-5.999916,2.813e-20,1.857e-20,3.700e-18,3.700e-18,1.00000000
73.900000,0.002390,0.000724,-5.999878,5.999879,-0.000038,-5.999916,3.589e-20,1.637e-20,4.983e-18,4.983e-18,1.00000000
74.000000,0.005537,-0.007336,-5.999006,5.999013,-0.000910,-5.999916,3.912e-20,1.306e-20,6.508e-18,6.508e-18,1.00000000
74.000000,0.005537,-0.007336,-5.999006,5.999013,-0.000910,-5.999916,3.912e-20,1.306e-20,6.508e-18,6.508e-18,1.00000000
74.100000,0.005429,-0.022444,-5.993533,5.993577,-0.006383,-5.999916,3.917e-20,1.201e-20,5.300e-18,5.300e-18,1.00000000
74.200000,0.005235,-0.036926,-5.982168,5.982285,-0.017748,-5.999916,3.443e-20,1.196e-20,2.892e-18,2.892e-18,1.00000000
74.300000,0.004995,-0.050107,-5.965165,5.965377,-0.034751,-5.999916,2.752e-20,1.039e-20,3.105e-18,3.105e-18,1.00000000
74.400000,0.004760,-0.061446,-5.942793,5.943113,-0.057123,-5.999916,2.245e-20,9.733e-21,4.611e-18,4.611e-18,1.00000000
74.500000,0.004566,-0.070528,-5.915334,5.915756,-0.084582,-5.999916,2.067e-20,1.066e-20,2.945e-18,2.945e-18,1.00000000
74.600000,0.004417,-0.077037,-5.883064,5.883570,-0.116852,-5.999916,1.991e-20,1.098e-20,3.380e-18,3.380e-18,1.00000000
74.700000,0.004267,-0.080740,-5.846235,5.846794,-0.153681,-5.999916,1.742e-20,1.129e-20,5.985e-18,5.985e-18,1.00000000
74.800000,0.004010,-0.081480,-5.805050,5.805623,-0.194866,-5.999916,1.545e-20,1.315e-20,6.422e-18,6.422e-18,1.00000000
74.900000,0.003496,-0.079196,-5.759663,5.760209,-0.240253,-5.999916,1.495e-20,1.521e-20,5.256e-18,5.256e-18,1.00000000
75.000000,0.002567,-0.073957,-5.710220,5.710699,-0.289696,-5.999916,1.661e-20,1.589e-20,3.592e-18,3.592e-18,1.00000000
75.100000,0.001096,-0.065995,-5.656931,5.657316,-0.342985,-5.999916,1.921e-20,1.526e-20,3.900e-18,3.900e-18,1.00000000
75.200000,-0.000969,-0.055736,-5.600157,5.600434,-0.399759,-5.999916,2.377e-20,1.460e-20,4.005e-18,4.005e-18,1.00000000
75.300000,-0.003599,-0.043787,-5.540443,5.540617,-0.459473,-5.999916,3.590e-20,1.422e-20,3.339e-18,3.339e-18,1.00000000
75.400000,-0.006696,-0.030900,-5.478485,5.478576,-0.521431,-5.999916,6.493e-20,1.300e-20,2.578e-18,2.578e-18,1.00000000
75.500000,-0.010117,-0.017891,-5.415024,5.415063,-0.584892,-5.999916,8.730e-20,1.061e-20,3.722e-18,3.722e-18,1.00000000
75.600000,-0.013701,-0.005569,-5.350745,5.350765,-0.649171,-5.999916,7.295e-20,9.809e-21,5.628e-18,5.628e-18,1.00000000
75.700000,-0.017302,0.005358,-5.286208,5.286239,-0.713708,-5.999916,4.413e-20,1.003e-20,5.509e-18,5.509e-18,1.00000000
75.800000,-0.020841,0.014369,-5.221854,5.221916,-0.778062,-5.999916,2.842e-20,1.152e-20,3.018e-18,3.018e-18,1.00000000
75.900000,-0.024331,0.021167,-5.158059,5.158160,-0.841857,-5.999916,2.022e-20,1.422e-20,1.800e-18,1.800e-18,1.00000000
76.000000,-0.027842,0.025654,-5.095199,5.095340,-0.904717,-5.999916,1.597e-20,1.682e-20,2.890e-18,2.890e-18,1.00000000
76.100000,-0.031418,0.027866,-5.033681,5.033856,-0.966235,-5.999916,1.478e-20,1.819e-20,2.650e-18,2.650e-18,1.00000000
76.200000,-0.034995,0.027907,-4.973885,4.974087,-1.026031,-5.999916,1.459e-20,1.926e-20,3.049e-18,3.049e-18,1.00000000
76.300000,-0.038364,0.025915,-4.916065,4.916283,-1.083851,-5.999916,1.577e-20,1.916e-20,5.982e-18,5.982e-18,1.00000000
76.400000,-0.041210,0.022060,-4.860246,4.860471,-1.139670,-5.999916,1.885e-20,1.759e-20,9.834e-18,9.834e-18,1.00000000
76.500000,-0.043196,0.016561,-4.806193,4.806416,-1.193723,-5.999916,2.083e-20,1.679e-20,1.748e-17,1.748e-17,1.00000000
76.600000,-0.044048,0.009701,-4.753470,4.753684,-1.246446,-5.999916,1.980e-20,1.796e-20,3.008e-17,3.008e-17,1.00000000
76.700000,-0.043594,0.001829,-4.701570,4.701773,-1.298346,-5.999916,1.872e-20,1.843e-20,5.847e-17,5.847e-17,1.00000000
76.800000,-0.041789,-0.006654,-4.650096,4.650288,-1.349820,-5.999916,2.318e-20,1.745e-20,1.039e-16,1.039e-16,1.00000000
76.900000,-0.038732,-0.015305,-4.598892,4.599080,-1.401024,-5.999916,3.115e-20,1.622e-20,1.644e-16,1.644e-16,1.00000000
77.000000,-0.034637,-0.023662,-4.548100,4.548293,-1.451816,-5.999916,4.553e-20,1.473e-20,2.260e-16,2.260e-16,1.00000000
77.100000,-0.029766,-0.031278,-4.498044,4.498251,-1.501872,-5.999916,5.845e-20,1.258e-20,2.759e-16,2.759e-16,1.00000000
77.200000,-0.024398,-0.037760,-4.449010,4.449238,-1.550906,-5.999916,5.617e-20,1.048e-20,3.016e-16,3.016e-16,1.00000000
77.300000,-0.018871,-0.042813,-4.401124,4.401372,-1.598792,-5.999916,4.828e-20,9.569e-21,2.876e-16,2.876e-16,1.00000000
77.400000,-0.013540,-0.046259,-4.354372,4.354639,-1.645544,-5.999916,4.073e-20,9.534e-21,2.430e-16,2.430e-16,1.00000000
77.500000,-0.008647,-0.048047,-4.308637,4.308914,-1.691279,-5.999916,3.428e-20,9.584e-21,1.909e-16,1.909e-16,1.00000000
77.600000,-0.004262,-0.048222,-4.263707,4.263982,-1.736209,-5.999916,2.537e-20,9.860e-21,1.480e-16,1.480e-16,1.00000000
77.700000,-0.000331,-0.046890,-4.219330,4.219590,-1.780586,-5.999916,1.872e-20,1.023e-20,1.137e-16,1.137e-16,1.00000000
77.800000,0.003224,-0.044174,-4.175238,4.175472,-1.824678,-5.999916,1.619e-20,1.103e-20,8.877e-17,8.877e-17,1.00000000
77.900000,0.006406,-0.040195,-4.131120,4.131321,-1.868796,-5.999916,1.444e-20,1.237e-20,7.561e-17,7.561e-17,1.00000000
78.000000,0.009085,-0.035079,-4.086610,4.086770,-1.913306,-5.999916,1.367e-20,1.344e-20,7.061e-17,7.061e-17,1.00000000
78.100000,0.011015,-0.028977,-4.041254,4.041373,-1.958662,-5.999916,1.270e-20,1.359e-20,7.265e-17,7.265e-17,1.00000000
78.200000,0.011917,-0.022097,-3.994569,3.994647,-2.005347,-5.999916,1.320e-20,1.318e-20,7.833e-17,7.833e-17,1.00000000
78.300000,0.011589,-0.014730,-3.946202,3.946247,-2.053714,-5.999916,1.550e-20,1.270e-20,8.436e-17,8.436e-17,1.00000000
78.400000,0.010003,-0.007277,-3.896122,3.896141,-2.103794,-5.999916,2.216e-20,1.173e-20,8.931e-17,8.931e-17,1.00000000
78.500000,0.007340,-0.000231,-3.844758,3.844765,-2.155158,-5.999916,4.043e-20,1.039e-20,8.878e-17,8.878e-17,1.00000000
78.600000,0.003948,0.005884,-3.793081,3.793088,-2.206835,-5.999916,6.493e-20,1.004e-20,8.329e-17,8.329e-17,1.00000000
78.700000,0.000248,0.010593,-3.742534,3.742549,-2.257382,-5.999916,7.576e-20,1.125e-20,7.544e-17,7.544e-17,1.00000000
78.800000,-0.003357,0.013542,-3.694764,3.694790,-2.305152,-5.999916,6.199e-20,1.177e-20,6.403e-17,6.403e-17,1.00000000
78.900000,-0.006510,0.014582,-3.651238,3.651273,-2.348678,-5.999916,4.003e-20,1.135e-20,5.066e-17,5.066e-17,1.00000000
79.000000,-0.008890,0.013815,-3.612900,3.612937,-2.387016,-5.999916,2.562e-20,1.199e-20,3.711e-17,3.711e-17,1.00000000
79.100000,-0.010230,0.011556,-3.580041,3.580074,-2.419875,-5.999916,1.926e-20,1.456e-20,2.626e-17,2.626e-17,1.00000000
79.200000,-0.010383,0.008241,-3.552330,3.552355,-2.447586,-5.999916,1.626e-20,1.705e-20,2.002e-17,2.002e-17,1.00000000
79.300000,-0.009388,0.004331,-3.528938,3.528953,-2.470978,-5.999916,1.512e-20,1.728e-20,1.523e-17,1.523e-17,1.00000000
79.400000,-0.007445,0.000234,-3.508758,3.508766,-2.491158,-5.999916,1.577e-20,1.590e-20,1.355e-17,1.355e-17,1.00000000
79.500000,-0.004866,-0.003738,-3.490718,3.490723,-2.509198,-5.999916,1.594e-20,1.467e-20,1.446e-17,1.446e-17,1.00000000
79.600000,-0.001989,-0.007350,-3.474034,3.474043,-2.525882,-5.999916,1.667e-20,1.461e-20,1.590e-17,1.590e-17,1.00000000
79.700000,0.000881,-0.010349,-3.458346,3.458362,-2.541570,-5.999916,1.781e-20,1.485e-20,1.878e-17,1.878e-17,1.00000000
79.800000,0.003494,-0.012389,-3.443645,3.443669,-2.556271,-5.999916,1.815e-20,1.445e-20,2.228e-17,2.228e-17,1.00000000
79.900000,0.005627,-0.013060,-3.430057,3.430086,-2.569859,-5.999916,1.921e-20,1.388e-20,2.586e-17,2.586e-17,1.00000000
80.000000,0.007039,-0.012030,-3.417659,3.417687,-2.582257,-5.999916,2.280e-20,1.308e-20,2.834e-17,2.834e-17,1.00000000
80.100000,0.007447,-0.009215,-3.406464,3.406484,-2.593452,-5.999916,3.074e-20,1.207e-20,3.020e-17,3.020e-17,1.00000000
80.200000,0.006607,-0.004874,-3.396495,3.396505,-2.603421,-5.999916,4.311e-20,1.076e-20,2.999e-17,2.999e-17,1.00000000
80.300000,0.004454,0.000436,-3.387828,3.387831,-2.612088,-5.999916,5.261e-20,9.624e-21,2.789e-17,2.789e-17,1.00000000
80.400000,0.001185,0.006045,-3.380502,3.380508,-2.619414,-5.999916,5.269e-20,9.589e-21,2.552e-17,2.552e-17,1.00000000
80.500000,-0.002807,0.011398,-3.374366,3.374386,-2.625550,-5.999916,4.726e-20,9.525e-21,2.137e-17,2.137e-17,1.00000000
80.600000,-0.007113,0.016199,-3.368999,3.369045,-2.630917,-5.999916,4.020e-20,9.715e-21,1.541e-17,1.541e-17,1.00000000
80.700000,-0.011506,0.020335,-3.363822,3.363903,-2.636094,-5.999916,3.206e-20,1.110e-20,1.004e-17,1.004e-17,1.00000000
80.800000,-0.015973,0.023724,-3.358290,3.358412,-2.641626,-5.999916,2.307e-20,1.209e-20,7.138e-18,7.138e-18,1.00000000
80.900000,-0.020573,0.026279,-3.352043,3.352209,-2.647873,-5.999916,1.668e-20,1.157e-20,4.958e-18,4.958e-18,1.00000000
81.000000,-0.025300,0.027988,-3.344994,3.345207,-2.654922,-5.999916,1.361e-20,1.063e-20,3.829e-18,3.829e-18,1.00000000
81.100000,-0.030079,0.028968,-3.337325,3.337586,-2.662591,-5.999916,1.236e-20,1.085e-20,4.073e-18,4.073e-18,1.00000000
81.200000,-0.034834,0.029399,-3.329399,3.329711,-2.670517,-5.999916,1.132e-20,1.152e-20,4.307e-18,4.307e-18,1.00000000
81.300000,-0.039459,0.029441,-3.321706,3.322071,-2.678210,-5.999916,1.037e-20,1.208e-20,3.984e-18,3.984e-18,1.00000000
81.400000,-0.043779,0.029160,-3.314818,3.315236,-2.685098,-5.999916,1.058e-20,1.226e-20,3.256e-18,3.256e-18,1.00000000
81.500000,-0.047569,0.028510,-3.309216,3.309681,-2.690700,-5.999916,1.266e-20,1.232e-20,2.615e-18,2.615e-18,1.00000000
81.600000,-0.050593,0.027397,-3.305057,3.305558,-2.694859,-5.999916,1.808e-20,1.210e-20,2.854e-18,2.854e-18,1.00000000
81.700000,-0.052621,0.025758,-3.302097,3.302617,-2.697819,-5.999916,2.785e-20,1.172e-20,2.852e-18,2.852e-18,1.00000000
81.800000,-0.053430,0.023660,-3.299934,3.300451,-2.699982,-5.999916,3.760e-20,1.172e-20,2.790e-18,2.790e-18,1.00000000
81.900000,-0.052893,0.021361,-3.298318,3.298811,-2.701598,-5.999916,3.971e-20,1.172e-20,3.358e-18,3.358e-18,1.00000000
82.000000,-0.051096,0.019231,-3.297219,3.297671,-2.702697,-5.999916,3.099e-20,1.173e-20,3.854e-18,3.854e-18,1.00000000
82.100000,-0.048272,0.017603,-3.296669,3.297069,-2.703247,-5.999916,2.160e-20,1.193e-20,3.738e-18,3.738e-18,1.00000000
82.200000,-0.044602,0.016711,-3.296648,3.296993,-2.703267,-5.999916,1.767e-20,1.204e-20,3.584e-18,3.584e-18,1.00000000
82.300000,-0.040130,0.016707,-3.297102,3.297389,-2.702813,-5.999916,1.596e-20,1.199e-20,3.548e-18,3.548e-18,1.00000000
82.400000,-0.034827,0.017699,-3.297976,3.298208,-2.701939,-5.999916,1.612e-20,1.214e-20,3.884e-18,3.884e-18,1.00000000
82.500000,-0.028701,0.019758,-3.299219,3.299403,-2.700697,-5.999916,1.524e-20,1.223e-20,3.627e-18,3.627e-18,1.00000000
82.600000,-0.021933,0.022906,-3.300810,3.300963,-2.699106,-5.999916,1.439e-20,1.201e-20,3.121e-18,3.121e-18,1.00000000
82.700000,-0.014912,0.026968,-3.302881,3.303025,-2.697035,-5.999916,1.349e-20,1.233e-20,3.124e-18,3.124e-18,1.00000000
82.800000,-0.008022,0.031538,-3.305976,3.306136,-2.693940,-5.999916,1.438e-20,1.363e-20,3.326e-18,3.326e-18,1.00000000
82.900000,-0.001516,0.036154,-3.311111,3.311308,-2.688805,-5.999916,1.445e-20,1.502e-20,3.498e-18,3.498e-18,1.00000000
83.000000,0.004415,0.040409,-3.319069,3.319318,-2.680847,-5.999916,1.368e-20,1.514e-20,3.307e-18,3.307e-18,1.00000000
83.100000,0.009597,0.044069,-3.329807,3.330113,-2.670108,-5.999916,1.463e-20,1.355e-20,3.465e-18,3.465e-18,1.00000000
83.200000,0.013928,0.047073,-3.342915,3.343275,-2.657001,-5.999916,1.837e-20,1.188e-20,4.601e-18,4.601e-18,1.00000000
83.300000,0.017492,0.049377,-3.358124,3.358533,-2.641792,-5.999916,2.658e-20,1.118e-20,5.472e-18,5.472e-18,1.00000000
83.400000,0.020521,0.050928,-3.375265,3.375711,-2.624651,-5.999916,3.733e-20,1.092e-20,4.828e-18,4.828e-18,1.00000000
83.500000,0.023250,0.051695,-3.393968,3.394441,-2.605948,-5.999916,4.230e-20,1.049e-20,4.287e-18,4.287e-18,1.00000000
83.600000,0.025700,0.051686,-3.413756,3.414244,-2.586160,-5.999916,4.054e-20,9.761e-21,3.597e-18,3.597e-18,1.00000000
83.700000,0.027588,0.050854,-3.434300,3.434788,-2.565615,-5.999916,3.656e-20,8.875e-21,3.309e-18,3.309e-18,1.00000000
83.800000,0.028417,0.048992,-3.455348,3.455813,-2.544568,-5.999916,3.067e-20,8.833e-21,4.388e-18,4.388e-18,1.00000000
83.900000,0.027655,0.045860,-3.476767,3.477179,-2.523149,-5.999916,2.204e-20,1.010e-20,5.665e-18,5.665e-18,1.00000000
84.000000,0.024849,0.041424,-3.498881,3.499215,-2.501035,-5.999916,1.554e-20,1.162e-20,5.219e-18,5.219e-18,1.00000000
84.100000,0.019769,0.035958,-3.522436,3.522675,-2.477480,-5.999916,1.280e-20,1.174e-20,4.122e-18,4.122e-18,1.00000000
84.200000,0.012637,0.029886,-3.547963,3.548111,-2.451953,-5.999916,1.158e-20,1.140e-20,3.992e-18,3.992e-18,1.00000000
84.300000,0.004162,0.023544,-3.575293,3.575373,-2.424623,-5.999916,1.056e-20,1.149e-20,5.129e-18,5.129e-18,1.00000000
84.400000,-0.004708,0.017081,-3.603762,3.603806,-2.396154,-5.999916,1.037e-20,1.194e-20,9.190e-18,9.190e-18,1.00000000
84.500000,-0.013108,0.010383,-3.632748,3.632787,-2.367168,-5.999916,1.135e-20,1.241e-20,1.233e-17,1.233e-17,1.00000000
84.600000,-0.020404,0.003197,-3.661975,3.662033,-2.337941,-5.999916,1.275e-20,1.291e-20,1.213e-17,1.213e-17,1.00000000
84.700000,-0.026222,-0.004471,-3.691514,3.691610,-2.308402,-5.999916,1.458e-20,1.293e-20,1.212e-17,1.212e-17,1.00000000
84.800000,-0.030547,-0.012118,-3.721722,3.721867,-2.278194,-5.999916,1.671e-20,1.318e-20,1.298e-17,1.298e-17,1.00000000
84.900000,-0.033872,-0.018922,-3.753191,3.753392,-2.246725,-5.999916,2.119e-20,1.316e-20,1.475e-17,1.475e-17,1.00000000
85.000000,-0.037032,-0.024204,-3.786404,3.786662,-2.213512,-5.999916,2.643e-20,1.181e-20,1.532e-17,1.532e-17,1.00000000
85.100000,-0.040722,-0.027640,-3.821303,3.821620,-2.178613,-5.999916,2.703e-20,9.735e-21,1.440e-17,1.440e-17,1.00000000
85.200000,-0.045285,-0.029249,-3.857299,3.857676,-2.142617,-5.999916,2.322e-20,8.443e-21,1.387e-17,1.387e-17,1.00000000
85.300000,-0.050738,-0.029247,-3.893562,3.894002,-2.106354,-5.999916,1.883e-20,8.484e-21,1.256e-17,1.256e-17,1.00000000
85.400000,-0.056707,-0.027758,-3.929355,3.929862,-2.070561,-5.999916,1.749e-20,9.707e-21,9.132e-18,9.132e-18,1.00000000
85.500000,-0.062600,-0.024722,-3.964384,3.964956,-2.035532,-5.999916,1.906e-20,1.103e-20,6.108e-18,6.108e-18,1.00000000
85.600000,-0.068097,-0.020170,-3.998975,3.999605,-2.000942,-5.999916,2.054e-20,1.211e-20,4.295e-18,4.295e-18,1.00000000
85.700000,-0.073274,-0.014452,-4.033829,4.034520,-1.966087,-5.999916,1.842e-20,1.283e-20,3.185e-18,3.185e-18,1.00000000
85.800000,-0.078300,-0.008258,-4.069548,4.070309,-1.930368,-5.999916,1.497e-20,1.344e-20,2.914e-18,2.914e-18,1.00000000
85.900000,-0.083243,-0.002460,-4.106443,4.107288,-1.893473,-5.999916,1.381e-20,1.465e-20,3.271e-18,3.271e-18,1.00000000
86.000000,-0.088320,0.002424,-4.144620,4.145562,-1.855296,-5.999916,1.391e-20,1.529e-20,3.492e-18,3.492e-18,1.00000000
86.100000,-0.093912,0.006362,-4.183696,4.184755,-1.816220,-5.999916,1.366e-20,1.470e-20,3.613e-18,3.613e-18,1.00000000
86.200000,-0.100452,0.009430,-4.222799,4.224004,-1.777117,-5.999916,1.411e-20,1.351e-20,3.999e-18,3.999e-18,1.00000000
86.300000,-0.108198,0.011820,-4.261325,4.262714,-1.738591,-5.999916,1.602e-20,1.262e-20,4.443e-18,4.443e-18,1.00000000
86.400000,-0.117064,0.013709,-4.299570,4.301185,-1.700346,-5.999916,2.195e-20,1.140e-20,4.617e-18,4.617e-18,1.00000000
86.500000,-0.126652,0.014849,-4.338069,4.339943,-1.661846,-5.999916,3.419e-20,1.050e-20,4.647e-18,4.647e-18,1.00000000
86.600000,-0.136376,0.014877,-4.376991,4.379140,-1.622925,-5.999916,4.731e-20,9.906e-21,5.245e-18,5.245e-18,1.00000000
86.700000,-0.145508,0.013796,-4.416256,4.418674,-1.583660,-5.999916,5.021e-20,9.099e-21,6.700e-18,6.700e-18,1.00000000
86.800000,-0.153271,0.012010,-4.455469,4.458121,-1.544446,-5.999915,4.317e-20,8.146e-21,8.149e-18,8.149e-18,1.00000000
86.900000,-0.159169,0.010031,-4.493950,4.496779,-1.505965,-5.999915,3.547e-20,8.503e-21,6.973e-18,6.973e-18,1.00000000
87.000000,-0.163206,0.008154,-4.531044,4.533990,-1.468871,-5.999915,2.747e-20,1.063e-20,5.759e-18,5.759e-18,1.00000000
87.100000,-0.165681,0.006572,-4.566370,4.569379,-1.433546,-5.999915,2.104e-20,1.337e-20,4.237e-18,4.237e-18,1.00000000
87.200000,-0.166961,0.005513,-4.599900,4.602933,-1.400014,-5.999915,1.700e-20,1.395e-20,2.849e-18,2.849e-18,1.00000000
87.300000,-0.167397,0.005201,-4.631799,4.634826,-1.368116,-5.999915,1.471e-20,1.285e-20,2.182e-18,2.182e-18,1.00000000
87.400000,-0.167211,0.005913,-4.662292,4.665293,-1.337623,-5.999915,1.233e-20,1.248e-20,2.159e-18,2.159e-18,1.00000000
87.500000,-0.166480,0.007946,-4.691526,4.694485,-1.308389,-5.999915,1.125e-20,1.326e-20,2.049e-18,2.049e-18,1.00000000
87.600000,-0.165071,0.011593,-4.719527,4.722427,-1.280388,-5.999914,1.149e-20,1.346e-20,2.268e-18,2.268e-18,1.00000000
87.700000,-0.162983,0.016940,-4.746231,4.749059,-1.253683,-5.999914,1.130e-20,1.338e-20,2.185e-18,2.185e-18,1.00000000
87.800000,-0.160429,0.023465,-4.771243,4.773997,-1.228671,-5.999914,1.123e-20,1.400e-20,1.958e-18,1.958e-18,1.00000000
87.900000,-0.157450,0.030200,-4.794166,4.796846,-1.205748,-5.999914,1.246e-20,1.476e-20,2.002e-18,2.002e-18,1.00000000
88.000000,-0.153712,0.036328,-4.815286,4.817876,-1.184628,-5.999914,1.400e-20,1.482e-20,2.092e-18,2.092e-18,1.00000000
88.100000,-0.148821,0.041641,-4.835369,4.837838,-1.164545,-5.999914,1.771e-20,1.347e-20,2.473e-18,2.473e-18,1.00000000
88.200000,-0.142843,0.046600,-4.855553,4.857877,-1.144361,-5.999914,2.353e-20,1.103e-20,2.509e-18,2.509e-18,1.00000000
88.300000,-0.136259,0.051812,-4.877047,4.879226,-1.122866,-5.999914,2.491e-20,9.731e-21,2.167e-18,2.167e-18,1.00000000
88.400000,-0.129803,0.057508,-4.900659,4.902715,-1.099255,-5.999913,2.284e-20,9.760e-21,2.220e-18,2.220e-18,1.00000000
88.500000,-0.124322,0.063322,-4.926400,4.928375,-1.073514,-5.999913,2.293e-20,1.034e-20,2.100e-18,2.100e-18,1.00000000
88.600000,-0.120193,0.068410,-4.953547,4.955477,-1.046367,-5.999913,2.769e-20,1.182e-20,2.533e-18,2.533e-18,1.00000000
88.700000,-0.117075,0.071892,-4.981089,4.982984,-1.018824,-5.999913,3.322e-20,1.343e-20,2.580e-18,2.580e-18,1.00000000
88.800000,-0.114510,0.073077,-5.008093,5.009935,-0.991820,-5.999913,3.271e-20,1.386e-20,2.080e-18,2.080e-18,1.00000000
88.900000,-0.112343,0.071575,-5.033918,5.035680,-0.965995,-5.999913,2.461e-20,1.304e-20,2.015e-18,2.015e-18,1.00000000
89.000000,-0.110632,0.067268,-5.058327,5.059984,-0.941585,-5.999913,1.705e-20,1.168e-20,2.243e-18,2.243e-18,1.00000000
89.100000,-0.109527,0.060269,-5.081471,5.083009,-0.918442,-5.999913,1.396e-20,1.095e-20,2.179e-18,2.179e-18,1.00000000
89.200000,-0.109245,0.050964,-5.103652,5.105075,-0.896261,-5.999913,1.404e-20,1.091e-20,2.237e-18,2.237e-18,1.00000000
89.300000,-0.109880,0.039838,-5.124981,5.126314,-0.874931,-5.999913,1.472e-20,1.048e-20,2.229e-18,2.229e-18,1.00000000
89.400000,-0.111394,0.027402,-5.145348,5.146627,-0.854565,-5.999913,1.573e-20,1.011e-20,1.909e-18,1.909e-18,1.00000000
89.500000,-0.113651,0.014292,-5.164412,5.165682,-0.835501,-5.999913,2.018e-20,9.854e-21,1.934e-18,1.934e-18,1.00000000
89.600000,-0.116324,0.001271,-5.181770,5.183075,-0.818143,-5.999913,3.007e-20,9.372e-21,2.150e-18,2.150e-18,1.00000000
89.700000,-0.118747,-0.010995,-5.196946,5.198314,-0.802966,-5.999913,4.059e-20,9.005e-21,2.394e-18,2.394e-18,1.00000000
89.800000,-0.120464,-0.021906,-5.209457,5.210896,-0.790456,-5.999913,4.606e-20,8.879e-21,2.465e-18,2.465e-18,1.00000000
89.900000,-0.121590,-0.031007,-5.219011,5.220520,-0.780901,-5.999912,4.329e-20,8.996e-21,2.258e-18,2.258e-18,1.00000000
90.000000,-0.122338,-0.037962,-5.225366,5.226936,-0.774546,-5.999912,3.816e-20,9.154e-21,2.200e-18,2.200e-18,1.00000000
90.100000,-0.123095,-0.042786,-5.228388,5.230012,-0.771524,-5.999912,3.560e-20,9.804e-21,2.264e-18,2.264e-18,1.00000000
90.200000,-0.124014,-0.045915,-5.228106,5.229778,-0.771807,-5.999912,3.320e-20,1.200e-20,2.376e-18,2.376e-18,1.00000000
90.300000,-0.124843,-0.047700,-5.224508,5.226217,-0.775404,-5.999912,2.847e-20,1.492e-20,2.386e-18,2.386e-18,1.00000000
90.400000,-0.125564,-0.048175,-5.217807,5.219540,-0.782105,-5.999912,2.374e-20,1.595e-20,2.087e-18,2.087e-18,1.00000000
90.500000,-0.126245,-0.046939,-5.208617,5.210358,-0.791295,-5.999912,2.022e-20,1.521e-20,2.504e-18,2.504e-18,1.00000000
90.600000,-0.126928,-0.043842,-5.197176,5.198910,-0.802737,-5.999912,1.751e-20,1.444e-20,2.369e-18,2.369e-18,1.00000000
90.700000,-0.127633,-0.039193,-5.183456,5.185175,-0.816456,-5.999912,1.454e-20,1.408e-20,2.006e-18,2.006e-18,1.00000000
90.800000,-0.128495,-0.033737,-5.167528,5.169235,-0.832384,-5.999912,1.179e-20,1.381e-20,2.120e-18,2.120e-18,1.00000000
90.900000,-0.129312,-0.028293,-5.149326,5.151027,-0.850586,-5.999912,1.136e-20,1.371e-20,2.162e-18,2.162e-18,1.00000000
91.000000,-0.129935,-0.023258,-5.128932,5.130631,-0.870979,-5.999912,1.218e-20,1.347e-20,1.930e-18,1.930e-18,1.00000000
91.100000,-0.130268,-0.018908,-5.106781,5.108477,-0.893130,-5.999912,1.324e-20,1.289e-20,1.868e-18,1.868e-18,1.00000000
91.200000,-0.130312,-0.015642,-5.083542,5.085236,-0.916370,-5.999911,1.524e-20,1.153e-20,1.872e-18,1.872e-18,1.00000000
91.300000,-0.130251,-0.013854,-5.060005,5.061700,-0.939906,-5.999911,1.826e-20,1.001e-20,1.996e-18,1.996e-18,1.00000000
91.400000,-0.130177,-0.013871,-5.036715,5.038416,-0.963196,-5.999911,2.196e-20,9.265e-21,2.200e-18,2.200e-18,1.00000000
91.500000,-0.130165,-0.015789,-5.013741,5.015455,-0.986170,-5.999911,2.468e-20,9.371e-21,2.329e-18,2.329e-18,1.00000000
91.600000,-0.130294,-0.019604,-4.990718,4.992457,-1.009193,-5.999911,2.685e-20,9.464e-21,2.429e-18,2.429e-18,1.00000000
91.700000,-0.130674,-0.025193,-4.967055,4.968838,-1.032856,-5.999911,3.341e-20,1.012e-20,2.008e-18,2.008e-18,1.00000000
91.800000,-0.131327,-0.032377,-4.942567,4.944418,-1.057344,-5.999911,4.789e-20,1.127e-20,2.062e-18,2.062e-18,1.00000000
91.900000,-0.131939,-0.040652,-4.917747,4.919685,-1.082164,-5.999911,5.573e-20,1.235e-20,2.274e-18,2.274e-18,1.00000000
92.000000,-0.132460,-0.049484,-4.893235,4.895278,-1.106675,-5.999911,4.678e-20,1.297e-20,2.158e-18,2.158e-18,1.00000000
92.100000,-0.133260,-0.058642,-4.869044,4.871221,-1.130866,-5.999911,3.209e-20,1.236e-20,2.235e-18,2.235e-18,1.00000000
92.200000,-0.134783,-0.067889,-4.844772,4.847121,-1.155139,-5.999911,2.233e-20,1.113e-20,1.973e-18,1.973e-18,1.00000000
92.300000,-0.137035,-0.076949,-4.820106,4.822668,-1.179805,-5.999911,1.811e-20,9.932e-21,1.919e-18,1.919e-18,1.00000000
92.400000,-0.139540,-0.085410,-4.795057,4.797848,-1.204854,-5.999911,1.638e-20,9.557e-21,2.142e-18,2.142e-18,1.00000000
92.500000,-0.141833,-0.092633,-4.769963,4.772971,-1.229948,-5.999911,1.590e-20,9.973e-21,2.014e-18,2.014e-18,1.00000000
92.600000,-0.143577,-0.097767,-4.745274,4.748453,-1.254637,-5.999911,1.861e-20,1.030e-20,1.954e-18,1.954e-18,1.00000000
92.700000,-0.144787,-0.100053,-4.721050,4.724329,-1.278861,-5.999911,2.552e-20,9.855e-21,2.074e-18,2.074e-18,1.00000000
92.800000,-0.146388,-0.098920,-4.696945,4.700267,-1.302966,-5.999911,3.637e-20,8.996e-21,2.089e-18,2.089e-18,1.00000000
92.900000,-0.149706,-0.094431,-4.672374,4.675725,-1.327538,-5.999911,4.552e-20,8.358e-21,2.003e-18,2.003e-18,1.00000000
93.000000,-0.155240,-0.087599,-4.647197,4.650614,-1.352715,-5.999912,4.484e-20,8.040e-21,2.169e-18,2.169e-18,1.00000000
93.100000,-0.162372,-0.079606,-4.621796,4.625332,-1.378116,-5.999912,3.935e-20,8.127e-21,2.677e-18,2.677e-18,1.00000000
93.200000,-0.170055,-0.071329,-4.596178,4.599876,-1.403734,-5.999912,3.700e-20,9.090e-21,2.727e-18,2.727e-18,1.00000000
93.300000,-0.178047,-0.062727,-4.569726,4.573624,-1.430186,-5.999912,3.672e-20,1.096e-20,2.622e-18,2.622e-18,1.00000000
93.400000,-0.187055,-0.052893,-4.541788,4.545946,-1.458124,-5.999912,3.742e-20,1.333e-20,3.068e-18,3.068e-18,1.00000000
93.500000,-0.197692,-0.040993,-4.512135,4.516650,-1.487777,-5.999913,3.757e-20,1.540e-20,3.719e-18,3.719e-18,1.00000000
93.600000,-0.209893,-0.026997,-4.481509,4.486502,-1.518404,-5.999913,3.802e-20,1.638e-20,3.232e-18,3.232e-18,1.00000000
93.700000,-0.223451,-0.011459,-4.451359,4.456979,-1.548554,-5.999913,3.643e-20,1.593e-20,3.354e-18,3.354e-18,1.00000000
93.800000,-0.238020,0.005030,-4.422442,4.428845,-1.577471,-5.999913,2.993e-20,1.429e-20,5.559e-18,5.559e-18,1.00000000
93.900000,-0.253190,0.021834,-4.394457,4.401799,-1.605456,-5.999913,2.260e-20,1.247e-20,7.283e-18,7.283e-18,1.00000000
94.000000,-0.268100,0.038175,-4.366628,4.375017,-1.633285,-5.999913,1.762e-20,1.170e-20,6.029e-18,6.029e-18,1.00000000
94.100000,-0.282323,0.053531,-4.338501,4.348007,-1.661412,-5.999913,1.552e-20,1.162e-20,4.002e-18,4.002e-18,1.00000000
94.200000,-0.296136,0.067788,-4.309875,4.320569,-1.690038,-5.999913,1.539e-20,1.116e-20,3.609e-18,3.609e-18,1.00000000
94.300000,-0.309601,0.081297,-4.280602,4.292554,-1.719311,-5.999913,1.559e-20,1.065e-20,3.322e-18,3.322e-18,1.00000000
94.400000,-0.322198,0.094841,-4.250392,4.263642,-1.749520,-5.999913,1.642e-20,1.005e-20,3.266e-18,3.266e-18,1.00000000
94.500000,-0.332974,0.109174,-4.218969,4.233496,-1.780944,-5.999913,1.856e-20,9.700e-21,3.085e-18,3.085e-18,1.00000000
94.600000,-0.341451,0.124699,-4.186379,4.202131,-1.813534,-5.999912,2.235e-20,9.586e-21,2.700e-18,2.700e-18,1.00000000
94.700000,-0.348102,0.141232,-4.153190,4.170145,-1.846722,-5.999912,2.787e-20,1.028e-20,2.504e-18,2.504e-18,1.00000000
94.800000,-0.354061,0.158278,-4.120152,4.138365,-1.879759,-5.999911,3.485e-20,1.089e-20,2.540e-18,2.540e-18,1.00000000
94.900000,-0.360423,0.176074,-4.087999,4.107633,-1.911912,-5.999911,4.806e-20,1.090e-20,2.809e-18,2.809e-18,1.00000000
95.000000,-0.367804,0.195369,-4.056954,4.078275,-1.942956,-5.999910,6.787e-20,1.091e-20,3.070e-18,3.070e-18,1.00000000
95.100000,-0.376450,0.216434,-4.026371,4.049719,-1.973538,-5.999909,7.404e-20,1.141e-20,3.233e-18,3.233e-18,1.00000000
95.200000,-0.386333,0.238772,-3.995623,4.021351,-2.004286,-5.999909,5.944e-20,1.199e-20,2.737e-18,2.737e-18,1.00000000
95.300000,-0.396944,0.261004,-3.964890,3.993249,-2.035018,-5.999908,3.989e-20,1.182e-20,3.039e-18,3.039e-18,1.00000000
95.400000,-0.407530,0.281338,-3.935137,3.966173,-2.064770,-5.999907,2.784e-20,1.091e-20,3.667e-18,3.667e-18,1.00000000
95.500000,-0.417835,0.298813,-3.907299,3.940921,-2.092607,-5.999906,2.113e-20,9.765e-21,2.705e-18,2.705e-18,1.00000000
95.600000,-0.428058,0.313649,-3.881819,3.917924,-2.118086,-5.999906,1.798e-20,9.127e-21,2.308e-18,2.308e-18,1.00000000
95.700000,-0.438271,0.326894,-3.858850,3.897392,-2.141055,-5.999905,1.752e-20,9.306e-21,2.065e-18,2.065e-18,1.00000000
95.800000,-0.448019,0.339984,-3.838333,3.879318,-2.161572,-5.999904,2.015e-20,9.620e-21,2.044e-18,2.044e-18,1.00000000
95.900000,-0.456149,0.354493,-3.820092,3.863527,-2.179812,-5.999904,2.732e-20,9.609e-21,1.940e-18,1.940e-18,1.00000000
96.000000,-0.461958,0.371629,-3.803908,3.849835,-2.195996,-5.999903,3.708e-20,9.582e-21,1.965e-18,1.965e-18,1.00000000
96.100000,-0.465742,0.391541,-3.789192,3.837733,-2.210711,-5.999903,4.324e-20,9.864e-21,2.171e-18,2.171e-18,1.00000000
96.200000,-0.468352,0.412973,-3.775279,3.826569,-2.224624,-5.999903,4.404e-20,1.022e-20,2.556e-18,2.556e-18,1.00000000
96.300000,-0.470343,0.433769,-3.761980,3.816002,-2.237923,-5.999902,4.138e-20,1.038e-20,3.471e-18,3.471e-18,1.00000000
96.400000,-0.470857,0.451894,-3.749781,3.806149,-2.250121,-5.999902,4.214e-20,1.052e-20,3.523e-18,3.523e-18,1.00000000
96.500000,-0.468384,0.466232,-3.740167,3.798106,-2.259734,-5.999901,4.712e-20,1.118e-20,4.422e-18,4.422e-18,1.00000000
96.600000,-0.461633,0.477012,-3.734293,3.792834,-2.265608,-5.999900,5.040e-20,1.338e-20,6.576e-18,6.576e-18,1.00000000
96.700000,-0.450072,0.485935,-3.731572,3.789898,-2.268328,-5.999899,5.121e-20,1.707e-20,6.558e-18,6.558e-18,1.00000000
96.800000,-0.434832,0.494925,-3.730098,3.787831,-2.269800,-5.999898,4.853e-20,1.826e-20,6.389e-18,6.389e-18,1.00000000
96.900000,-0.418217,0.504843,-3.728136,3.785337,-2.271761,-5.999897,3.981e-20,1.584e-20,6.974e-18,6.974e-18,1.00000000
97.000000,-0.402341,0.514911,-3.725431,3.782308,-2.274464,-5.999896,2.998e-20,1.337e-20,6.865e-18,6.865e-18,1.00000000
97.100000,-0.388342,0.523513,-3.722827,3.779460,-2.277067,-5.999894,2.293e-20,1.211e-20,7.457e-18,7.457e-18,1.00000000
97.200000,-0.376193,0.529322,-3.721178,3.777415,-2.278715,-5.999892,1.930e-20,1.135e-20,5.355e-18,5.355e-18,1.00000000
97.300000,-0.364938,0.531610,-3.721324,3.776777,-2.278566,-5.999890,1.741e-20,1.100e-20,3.043e-18,3.043e-18,1.00000000
97.400000,-0.353158,0.530149,-3.723649,3.777743,-2.276239,-5.999889,1.689e-20,1.072e-20,2.244e-18,2.244e-18,1.00000000
97.500000,-0.339328,0.525360,-3.728028,3.780124,-2.271859,-5.999887,1.854e-20,1.100e-20,2.179e-18,2.179e-18,1.00000000
97.600000,-0.322724,0.518559,-3.734393,3.784011,-2.265493,-5.999885,1.973e-20,1.175e-20,2.724e-18,2.724e-18,1.00000000
97.700000,-0.303673,0.511200,-3.742353,3.789294,-2.257531,-5.999884,2.245e-20,1.239e-20,2.824e-18,2.824e-18,1.00000000
97.800000,-0.282808,0.503964,-3.751219,3.795472,-2.248663,-5.999882,2.860e-20,1.216e-20,2.729e-18,2.729e-18,1.00000000
97.900000,-0.260558,0.497466,-3.760576,3.802275,-2.239305,-5.999881,3.416e-20,1.132e-20,3.128e-18,3.128e-18,1.00000000
98.000000,-0.237542,0.492578,-3.770060,3.809516,-2.229820,-5.999880,4.373e-20,1.130e-20,4.061e-18,4.061e-18,1.00000000
98.100000,-0.214993,0.489507,-3.779110,3.816741,-2.220770,-5.999879,6.323e-20,1.185e-20,3.829e-18,3.829e-18,1.00000000
98.200000,-0.194438,0.486620,-3.787154,3.823237,-2.212725,-5.999878,8.204e-20,1.268e-20,4.435e-18,4.435e-18,1.00000000
98.300000,-0.176562,0.480918,-3.794255,3.828685,-2.205623,-5.999878,8.405e-20,1.298e-20,3.635e-18,3.635e-18,1.00000000
98.400000,-0.160408,0.470415,-3.800981,3.833337,-2.198897,-5.999877,6.850e-20,1.256e-20,2.731e-18,2.731e-18,1.00000000
98.500000,-0.144489,0.455723,-3.807871,3.837765,-2.192006,-5.999877,4.825e-20,1.137e-20,4.653e-18,4.653e-18,1.00000000
98.600000,-0.128267,0.438918,-3.815110,3.842417,-2.184766,-5.999877,3.343e-20,1.007e-20,4.769e-18,4.769e-18,1.00000000
98.700000,-0.112208,0.421576,-3.822510,3.847324,-2.177366,-5.999876,2.475e-20,9.932e-21,3.623e-18,3.623e-18,1.00000000
98.800000,-0.097340,0.404081,-3.829475,3.851965,-2.170401,-5.999876,2.089e-20,1.089e-20,3.901e-18,3.901e-18,1.00000000
98.900000,-0.085220,0.386592,-3.835611,3.855986,-2.164265,-5.999876,1.991e-20,1.134e-20,4.004e-18,4.004e-18,1.00000000
99.000000,-0.077520,0.369344,-3.840986,3.859481,-2.158891,-5.999876,2.323e-20,1.083e-20,3.326e-18,3.326e-18,1.00000000
99.100000,-0.075493,0.352815,-3.845810,3.862698,-2.154066,-5.999876,3.144e-20,1.078e-20,2.166e-18,2.166e-18,1.00000000
99.200000,-0.079392,0.337551,-3.850154,3.865738,-2.149722,-5.999876,4.419e-20,1.152e-20,1.991e-18,1.991e-18,1.00000000
99.300000,-0.088209,0.323960,-3.854138,3.868735,-2.145738,-5.999876,5.124e-20,1.201e-20,2.071e-18,2.071e-18,1.00000000
99.400000,-0.099779,0.312445,-3.857930,3.871848,-2.141946,-5.999876,4.971e-20,1.202e-20,2.376e-18,2.376e-18,1.00000000
99.500000,-0.111645,0.303190,-3.861790,3.875282,-2.138086,-5.999876,4.493e-20,1.220e-20,3.767e-18,3.767e-18,1.00000000
99.600000,-0.122285,0.295036,-3.866087,3.879256,-2.133789,-5.999876,4.451e-20,1.361e-20,3.390e-18,3.390e-18,1.00000000
99.700000,-0.132163,0.285646,-3.871035,3.883809,-2.128841,-5.999876,4.602e-20,1.432e-20,3.212e-18,3.212e-18,1.00000000
99.800000,-0.142670,0.273177,-3.877041,3.889271,-2.122835,-5.999876,4.659e-20,1.495e-20,3.666e-18,3.666e-18,1.00000000
99.900000,-0.154834,0.257247,-3.884371,3.895958,-2.115505,-5.999876,4.664e-20,1.500e-20,3.423e-18,3.423e-18,1.00000000
100.000000,-0.169597,0.238462,-3.892328,3.903312,-2.107548,-5.999876,4.192e-20,1.362e-20,4.322e-18,4.322e-18,1.00000000
100.100000,-0.188119,0.217611,-3.899794,3.910388,-2.100082,-5.999876,3.385e-20,1.251e-20,3.798e-18,3.798e-18,1.00000000
100.200000,-0.210757,0.195435,-3.906530,3.917089,-2.093346,-5.999876,2.704e-20,1.209e-20,3.842e-18,3.842e-18,1.00000000
100.300000,-0.236944,0.172414,-3.913053,3.924010,-2.086823,-5.999876,2.318e-20,1.240e-20,3.209e-18,3.209e-18,1.00000000
100.400000,-0.265637,0.149013,-3.919619,3.931435,-2.080256,-5.999876,2.280e-20,1.368e-20,3.412e-18,3.412e-18,1.00000000
100.500000,-0.295234,0.125986,-3.926129,3.939229,-2.073746,-5.999875,2.273e-20,1.483e-20,4.795e-18,4.795e-18,1.00000000
100.600000,-0.323594,0.104155,-3.932396,3.947062,-2.067479,-5.999875,2.160e-20,1.634e-20,4.194e-18,4.194e-18,1.00000000
100.700000,-0.349114,0.084404,-3.938701,3.955043,-2.061174,-5.999875,2.174e-20,1.923e-20,4.864e-18,4.864e-18,1.00000000
100.800000,-0.371705,0.067604,-3.945857,3.963902,-2.054017,-5.999874,2.415e-20,2.148e-20,6.590e-18,6.590e-18,1.00000000
100.900000,-0.392291,0.054333,-3.954174,3.973958,-2.045699,-5.999874,2.758e-20,2.045e-20,7.023e-18,7.023e-18,1.00000000
101.000000,-0.412233,0.044388,-3.963410,3.985038,-2.036463,-5.999873,3.094e-20,1.762e-20,4.933e-18,4.933e-18,1.00000000
101.100000,-0.432890,0.036836,-3.973309,3.996991,-2.026563,-5.999872,3.875e-20,1.654e-20,4.919e-18,4.919e-18,1.00000000
101.200000,-0.455298,0.030754,-3.983731,4.009783,-2.016140,-5.999871,5.216e-20,1.803e-20,4.024e-18,4.024e-18,1.00000000
101.300000,-0.479228,0.026182,-3.994714,4.023442,-2.005156,-5.999870,6.902e-20,2.080e-20,4.752e-18,4.752e-18,1.00000000
101.400000,-0.502887,0.024342,-4.006633,4.038142,-1.993236,-5.999869,8.080e-20,2.074e-20,6.033e-18,6.033e-18,1.00000000
101.500000,-0.524341,0.026326,-4.019910,4.054047,-1.979958,-5.999868,7.909e-20,1.765e-20,7.517e-18,7.517e-18,1.00000000
101.600000,-0.542913,0.032309,-4.034794,4.071284,-1.965073,-5.999866,6.350e-20,1.441e-20,6.577e-18,6.577e-18,1.00000000
101.700000,-0.558786,0.041772,-4.050964,4.089535,-1.948901,-5.999865,4.614e-20,1.261e-20,5.898e-18,5.898e-18,1.00000000
101.800000,-0.572140,0.053416,-4.067556,4.107944,-1.932308,-5.999864,3.337e-20,1.247e-20,4.110e-18,4.110e-18,1.00000000
101.900000,-0.584123,0.066131,-4.084138,4.126227,-1.915725,-5.999863,2.733e-20,1.304e-20,4.372e-18,4.372e-18,1.00000000
102.000000,-0.596613,0.079812,-4.101274,4.145210,-1.898587,-5.999861,2.517e-20,1.317e-20,3.945e-18,3.945e-18,1.00000000
102.100000,-0.610925,0.094652,-4.119214,4.165346,-1.880646,-5.999860,2.588e-20,1.305e-20,2.503e-18,2.503e-18,1.00000000
102.200000,-0.627449,0.110530,-4.137463,4.186229,-1.862395,-5.999859,3.048e-20,1.353e-20,1.812e-18,1.812e-18,1.00000000
102.300000,-0.645554,0.127065,-4.155416,4.207181,-1.844441,-5.999857,3.823e-20,1.432e-20,1.805e-18,1.805e-18,1.00000000
102.400000,-0.664276,0.144443,-4.172971,4.227980,-1.826885,-5.999856,4.479e-20,1.518e-20,1.778e-18,1.778e-18,1.00000000
102.500000,-0.682619,0.162777,-4.190695,4.249046,-1.809160,-5.999855,4.671e-20,1.571e-20,1.801e-18,1.801e-18,1.00000000
102.600000,-0.699820,0.181779,-4.209195,4.270844,-1.790659,-5.999853,4.464e-20,1.624e-20,1.882e-18,1.882e-18,1.00000000
102.700000,-0.715298,0.201408,-4.228895,4.293689,-1.770958,-5.999852,4.275e-20,1.696e-20,1.887e-18,1.887e-18,1.00000000
102.800000,-0.728661,0.222430,-4.249938,4.317684,-1.749913,-5.999851,4.207e-20,1.740e-20,1.990e-18,1.990e-18,1.00000000
102.900000,-0.739638,0.245504,-4.272032,4.342533,-1.727818,-5.999850,4.056e-20,1.737e-20,2.243e-18,2.243e-18,1.00000000
103.000000,-0.748247,0.270582,-4.294667,4.367751,-1.705182,-5.999849,3.906e-20,1.733e-20,2.301e-18,2.301e-18,1.00000000
103.100000,-0.754825,0.297182,-4.317398,4.392949,-1.682451,-5.999849,3.675e-20,1.676e-20,2.124e-18,2.124e-18,1.00000000
103.200000,-0.759346,0.324393,-4.340084,4.417936,-1.659765,-5.999848,3.146e-20,1.527e-20,1.986e-18,1.986e-18,1.00000000
103.300000,-0.761642,0.351264,-4.362942,4.442831,-1.636906,-5.999848,2.685e-20,1.382e-20,1.857e-18,1.857e-18,1.00000000
103.400000,-0.762027,0.376825,-4.385825,4.467454,-1.614024,-5.999849,2.465e-20,1.366e-20,1.915e-18,1.915e-18,1.00000000
103.500000,-0.761471,0.400250,-4.407904,4.491064,-1.591946,-5.999850,2.389e-20,1.526e-20,2.161e-18,2.161e-18,1.00000000
103.600000,-0.760632,0.421170,-4.428496,4.513039,-1.571355,-5.999851,2.328e-20,1.753e-20,2.127e-18,2.127e-18,1.00000000
103.700000,-0.759149,0.439490,-4.447790,4.533464,-1.552062,-5.999852,2.464e-20,1.999e-20,1.976e-18,1.976e-18,1.00000000
103.800000,-0.756201,0.455721,-4.466856,4.553276,-1.532998,-5.999854,2.782e-20,2.351e-20,1.945e-18,1.945e-18,1.00000000
103.900000,-0.751188,0.470724,-4.486486,4.573229,-1.513370,-5.999856,3.041e-20,2.650e-20,1.488e-18,1.488e-18,1.00000000
104.000000,-0.744035,0.484944,-4.507000,4.593670,-1.492858,-5.999858,3.457e-20,2.479e-20,1.345e-18,1.345e-18,1.00000000
104.100000,-0.735019,0.498795,-4.528561,4.614858,-1.471299,-5.999860,3.828e-20,2.118e-20,1.419e-18,1.419e-18,1.00000000
104.200000,-0.724987,0.512953,-4.551048,4.636892,-1.448813,-5.999862,4.491e-20,2.124e-20,1.512e-18,1.512e-18,1.00000000
104.300000,-0.714879,0.527702,-4.574150,4.659653,-1.425713,-5.999863,6.016e-20,2.616e-20,1.569e-18,1.569e-18,1.00000000
104.400000,-0.704964,0.542831,-4.597445,4.682749,-1.402420,-5.999865,8.165e-20,3.601e-20,1.550e-18,1.550e-18,1.00000000
104.500000,-0.694987,0.558172,-4.620588,4.705783,-1.379279,-5.999867,9.799e-20,4.810e-20,1.670e-18,1.670e-18,1.00000000
104.600000,-0.684503,0.573839,-4.643168,4.728303,-1.356699,-5.999868,1.004e-19,5.186e-20,1.821e-18,1.821e-18,1.00000000
104.700000,-0.673151,0.590098,-4.664670,4.749788,-1.335199,-5.999869,8.928e-20,4.439e-20,1.757e-18,1.757e-18,1.00000000
104.800000,-0.660874,0.607339,-4.684612,4.769823,-1.315257,-5.999869,7.212e-20,3.652e-20,1.696e-18,1.696e-18,1.00000000
104.900000,-0.647560,0.626044,-4.702527,4.788009,-1.297342,-5.999869,5.519e-20,2.978e-20,1.779e-18,1.779e-18,1.00000000
105.000000,-0.633254,0.646428,-4.718208,4.804203,-1.281660,-5.999869,4.153e-20,2.582e-20,1.807e-18,1.807e-18,1.00000000
105.100000,-0.618482,0.668163,-4.731711,4.818511,-1.268157,-5.999868,3.296e-20,2.359e-20,1.810e-18,1.810e-18,1.00000000
105.200000,-0.603484,0.690678,-4.743097,4.830963,-1.256769,-5.999867,2.906e-20,2.168e-20,1.590e-18,1.590e-18,1.00000000
105.300000,-0.588477,0.713298,-4.752503,4.841630,-1.247362,-5.999865,2.838e-20,1.986e-20,1.671e-18,1.671e-18,1.00000000
105.400000,-0.574021,0.735187,-4.760391,4.850910,-1.239472,-5.999863,3.159e-20,1.904e-20,1.630e-18,1.630e-18,1.00000000
105.500000,-0.560737,0.755477,-4.767324,4.859275,-1.232537,-5.999861,3.663e-20,1.949e-20,1.459e-18,1.459e-18,1.00000000
105.600000,-0.548830,0.774020,-4.773677,4.867064,-1.226182,-5.999859,4.222e-20,2.018e-20,1.401e-18,1.401e-18,1.00000000
105.700000,-0.537954,0.791105,-4.779530,4.874335,-1.220328,-5.999857,4.876e-20,2.101e-20,1.449e-18,1.449e-18,1.00000000
105.800000,-0.527510,0.807436,-4.784894,4.881130,-1.214962,-5.999855,5.221e-20,2.172e-20,1.484e-18,1.484e-18,1.00000000
105.900000,-0.516855,0.823147,-4.789899,4.887519,-1.209955,-5.999854,5.020e-20,2.335e-20,1.442e-18,1.442e-18,1.00000000
