t,Fx,Fy,Fz,Fmag,Lz,Jz,edge_x,edge_y,edge_z,edge_frac,norm
0.000000,-0.000000,0.000000,-5.999999,5.999999,-0.000001,-6.000000,1.660e-33,1.364e-33,3.755e-26,3.755e-26,1.00000000
0.100000,-0.075018,0.001391,-5.999530,5.999999,-0.000001,-5.999531,2.850e-31,2.813e-31,2.147e-25,2.147e-25,1.00000000
0.200000,-0.146965,0.003133,-5.998197,5.999998,-0.000002,-5.998199,5.208e-31,5.208e-31,1.233e-23,1.233e-23,1.00000000
0.300000,-0.218438,0.001906,-5.996019,5.999997,-0.000003,-5.996022,6.954e-31,7.069e-31,3.169e-21,3.169e-21,1.00000000
0.400000,-0.292777,-0.000040,-5.992851,5.999998,-0.000001,-5.992852,8.407e-31,8.741e-31,1.006e-18,1.006e-18,1.00000000
0.500000,-0.368046,0.000812,-5.988701,6.000000,0.000001,-5.988700,9.993e-31,1.005e-30,8.579e-18,8.579e-18,1.00000000
0.600000,-0.440596,0.002874,-5.983799,5.999999,0.000001,-5.983798,1.133e-30,1.135e-30,1.886e-17,1.886e-17,1.00000000
0.700000,-0.511665,0.002413,-5.978140,5.999997,0.000001,-5.978139,1.302e-30,1.347e-30,8.579e-18,8.579e-18,1.00000000
0.800000,-0.585016,0.000322,-5.971409,5.999998,0.000004,-5.971405,1.453e-29,1.439e-29,2.920e-18,2.920e-18,1.00000000
0.900000,-0.660086,0.000405,-5.963579,5.999999,0.000009,-5.963570,4.455e-28,4.467e-28,7.295e-18,7.295e-18,1.00000000
1.000000,-0.733098,0.002448,-5.955044,5.999999,0.000013,-5.955032,3.813e-27,3.811e-27,2.175e-17,2.175e-17,1.00000000
1.100000,-0.803942,0.002712,-5.945893,5.999998,0.000016,-5.945877,1.685e-26,1.685e-26,1.696e-17,1.696e-17,1.00000000
1.200000,-0.876241,0.000782,-5.935669,5.999997,0.000021,-5.935648,4.603e-26,4.605e-26,3.373e-18,3.373e-18,1.00000000
1.300000,-0.950667,0.000221,-5.924206,5.999998,0.000028,-5.924177,6.241e-26,6.245e-26,6.307e-19,6.307e-19,1.00000000
1.400000,-1.023796,0.001995,-5.912007,5.999999,0.000035,-5.911972,4.345e-26,4.348e-26,1.317e-19,1.317e-19,1.00000000
1.500000,-1.094434,0.002798,-5.899338,5.999998,0.000041,-5.899297,1.956e-26,1.958e-26,7.416e-20,7.416e-20,1.00000000
1.600000,-1.165672,0.001208,-5.885675,5.999997,0.000046,-5.885629,8.372e-27,8.368e-27,1.833e-19,1.833e-19,1.00000000
1.700000,-1.239072,0.000215,-5.870662,5.999998,0.000052,-5.870610,6.638e-27,6.594e-27,3.908e-19,3.908e-19,1.00000000
1.800000,-1.311851,0.001605,-5.854830,5.999999,0.000057,-5.854772,1.162e-26,1.150e-26,7.055e-19,7.055e-19,1.00000000
1.900000,-1.382111,0.002743,-5.838642,5.999999,0.000060,-5.838583,1.571e-26,1.554e-26,9.301e-19,9.301e-19,1.00000000
2.000000,-1.452242,0.001556,-5.821594,5.999997,0.000060,-5.821535,1.165e-26,1.152e-26,1.165e-18,1.165e-18,1.00000000
2.100000,-1.524354,0.000306,-5.803130,5.999997,0.000059,-5.803071,5.246e-27,5.182e-27,3.718e-18,3.718e-18,1.00000000
2.200000,-1.596426,0.001287,-5.783719,5.999998,0.000056,-5.783663,1.885e-27,1.863e-27,1.359e-17,1.359e-17,1.00000000
2.300000,-1.666160,0.002618,-5.764017,5.999999,0.000051,-5.763966,6.882e-28,6.812e-28,1.167e-17,1.167e-17,1.00000000
2.400000,-1.735185,0.001841,-5.743614,5.999998,0.000044,-5.743571,2.677e-28,2.654e-28,6.034e-18,6.034e-18,1.00000000
2.500000,-1.805914,0.000450,-5.721769,5.999997,0.000034,-5.721735,1.098e-28,1.079e-28,3.794e-18,3.794e-18,1.00000000
2.600000,-1.877076,0.001031,-5.698821,5.999998,0.000025,-5.698796,4.850e-29,4.708e-29,8.840e-18,8.840e-18,1.00000000
2.700000,-1.946159,0.002460,-5.675601,5.999999,0.000014,-5.675587,2.411e-29,2.373e-29,1.245e-17,1.245e-17,1.00000000
2.800000,-2.014065,0.002062,-5.651860,5.999998,0.000001,-5.651858,1.472e-29,1.449e-29,5.161e-18,5.161e-18,1.00000000
2.900000,-2.083336,0.000611,-5.626693,5.999997,-0.000011,-5.626705,1.252e-29,1.243e-29,1.784e-18,1.784e-18,1.00000000
3.000000,-2.153367,0.000843,-5.600266,5.999997,-0.000022,-5.600288,1.638e-29,1.669e-29,8.054e-19,8.054e-19,1.00000000
3.100000,-2.221565,0.002311,-5.573565,5.999998,-0.000032,-5.573597,2.886e-29,2.959e-29,5.672e-19,5.672e-19,1.00000000
3.200000,-2.288204,0.002233,-5.546539,5.999999,-0.000041,-5.546580,6.293e-29,6.461e-29,3.852e-19,3.852e-19,1.00000000
3.300000,-2.355864,0.000745,-5.518141,5.999998,-0.000047,-5.518188,1.339e-28,1.370e-28,6.657e-19,6.657e-19,1.00000000
3.400000,-2.424532,0.000668,-5.488316,5.999997,-0.000050,-5.488366,2.672e-28,2.736e-28,1.008e-18,1.008e-18,1.00000000
3.500000,-2.491592,0.002184,-5.458199,5.999998,-0.000049,-5.458248,5.044e-28,5.145e-28,1.137e-18,1.137e-18,1.00000000
3.600000,-2.556737,0.002437,-5.427990,5.999999,-0.000044,-5.428034,9.479e-28,9.610e-28,1.138e-18,1.138e-18,1.00000000
3.700000,-2.622565,0.000894,-5.396492,5.999998,-0.000037,-5.396530,1.788e-27,1.788e-27,2.256e-18,2.256e-18,1.00000000
3.800000,-2.689709,0.000422,-5.363342,5.999997,-0.000027,-5.363369,3.162e-27,3.152e-27,1.142e-17,1.142e-17,1.00000000
3.900000,-2.755598,0.001970,-5.329788,5.999997,-0.000013,-5.329802,3.942e-27,3.968e-27,1.391e-17,1.391e-17,1.00000000
4.000000,-2.819199,0.002712,-5.296422,5.999998,0.000003,-5.296420,4.935e-27,3.999e-27,8.493e-18,8.493e-18,1.00000000
4.100000,-2.882971,0.001213,-5.261983,5.999999,0.000019,-5.261963,3.708e-26,1.259e-26,5.263e-18,5.263e-18,1.00000000
4.200000,-2.948376,0.000163,-5.225615,5.999998,0.000036,-5.225579,3.400e-25,8.702e-26,9.649e-18,9.649e-18,1.00000000
4.300000,-3.013136,0.001535,-5.188543,5.999997,0.000054,-5.188489,1.250e-24,3.925e-25,1.482e-17,1.482e-17,1.00000000
4.400000,-3.075314,0.002909,-5.151933,5.999998,0.000071,-5.151862,1.913e-24,9.195e-25,9.212e-18,9.212e-18,1.00000000
4.500000,-3.136840,0.001759,-5.114706,5.999998,0.000086,-5.114620,1.443e-24,1.028e-24,4.899e-18,4.899e-18,1.00000000
4.600000,-3.200059,0.000084,-5.075392,5.999998,0.000098,-5.075294,6.583e-25,6.227e-25,2.113e-18,2.113e-18,1.00000000
4.700000,-3.263456,0.000913,-5.034861,5.999997,0.000107,-5.034754,2.327e-25,2.653e-25,1.026e-18,1.026e-18,1.00000000
4.800000,-3.324295,0.002830,-4.994899,5.999997,0.000112,-4.994788,8.065e-26,1.019e-25,7.976e-19,7.976e-19,1.00000000
4.900000,-3.383494,0.002408,-4.954991,5.999998,0.000113,-4.954878,2.971e-26,3.881e-26,9.574e-19,9.574e-19,1.00000000
5.000000,-3.443981,0.000344,-4.913143,5.999998,0.000109,-4.913034,1.225e-26,1.572e-26,1.072e-18,1.072e-18,1.00000000
5.000000,-3.443981,0.000344,-4.913143,5.999998,0.000109,-4.913034,1.225e-26,1.572e-26,1.072e-18,1.072e-18,1.00000000
5.100000,-3.444609,-0.004113,-4.912700,5.999998,0.000142,-4.912559,6.815e-27,8.414e-27,8.252e-19,8.252e-19,1.00000000
5.200000,-3.445846,-0.012953,-4.911817,5.999997,0.000271,-4.911546,4.414e-27,5.305e-27,1.331e-18,1.331e-18,1.00000000
5.300000,-3.445585,-0.027004,-4.911943,5.999997,0.000593,-4.911350,2.384e-27,2.782e-27,1.450e-18,1.450e-18,1.00000000
5.400000,-3.444197,-0.048840,-4.912749,5.999998,0.001192,-4.911557,1.100e-27,1.220e-27,3.781e-18,3.781e-18,1.00000000
5.500000,-3.443692,-0.078181,-4.912724,5.999998,0.002133,-4.910590,5.149e-28,5.302e-28,7.242e-18,7.242e-18,1.00000000
5.600000,-3.443948,-0.112431,-4.911879,5.999998,0.003460,-4.908419,2.564e-28,2.631e-28,7.375e-18,7.375e-18,1.00000000
5.700000,-3.442716,-0.151308,-4.911699,5.999997,0.005194,-4.906505,1.723e-28,1.832e-28,5.524e-18,5.524e-18,1.00000000
5.800000,-3.439317,-0.197288,-4.912449,5.999998,0.007338,-4.905110,1.870e-28,1.475e-28,4.601e-18,4.601e-18,1.00000000
5.900000,-3.435435,-0.251143,-4.912708,5.999998,0.009876,-4.902832,7.728e-28,1.678e-28,9.225e-18,9.225e-18,1.00000000
6.000000,-3.431671,-0.310570,-4.911940,5.999998,0.012770,-4.899170,4.002e-27,2.105e-28,1.013e-17,1.013e-17,1.00000000
6.100000,-3.426019,-0.374281,-4.911444,5.999998,0.015970,-4.895474,1.211e-26,2.888e-28,6.752e-18,6.752e-18,1.00000000
6.200000,-3.416890,-0.444189,-4.911978,5.999998,0.019409,-4.892569,1.945e-26,5.211e-28,3.339e-18,3.339e-18,1.00000000
6.300000,-3.405288,-0.521842,-4.912400,5.999998,0.023008,-4.889392,1.714e-26,1.068e-27,1.300e-18,1.300e-18,1.00000000
6.400000,-3.392314,-0.605540,-4.911773,5.999998,0.026675,-4.885098,1.003e-26,1.768e-27,1.066e-18,1.066e-18,1.00000000
6.500000,-3.376491,-0.693256,-4.911077,5.999998,0.030315,-4.880762,8.344e-27,3.016e-27,1.169e-18,1.169e-18,1.00000000
6.600000,-3.355636,-0.786032,-4.911398,5.999997,0.033840,-4.877558,1.259e-26,5.292e-27,1.076e-18,1.076e-18,1.00000000
6.700000,-3.329892,-0.885767,-4.911946,5.999998,0.037181,-4.874765,2.343e-26,8.257e-27,8.254e-19,8.254e-19,1.00000000
6.800000,-3.300560,-0.991474,-4.911543,5.999998,0.040296,-4.871247,4.663e-26,1.255e-26,1.308e-18,1.308e-18,1.00000000
6.900000,-3.266867,-1.100709,-4.910804,5.999998,0.043183,-4.867621,9.522e-26,2.193e-26,2.548e-18,2.548e-18,1.00000000
7.000000,-3.226425,-1.213487,-4.910968,5.999998,0.045880,-4.865088,2.449e-25,4.158e-26,3.769e-18,3.769e-18,1.00000000
7.100000,-3.178507,-1.331612,-4.911606,5.999998,0.048465,-4.863141,3.463e-25,4.710e-26,6.137e-18,6.137e-18,1.00000000
7.200000,-3.124315,-1.454775,-4.911442,5.999998,0.051046,-4.860395,1.222e-24,8.751e-26,7.401e-18,7.401e-18,1.00000000
7.300000,-3.063836,-1.580445,-4.910711,5.999998,0.053749,-4.856962,9.272e-24,8.504e-25,7.215e-18,7.215e-18,1.00000000
7.400000,-2.994891,-1.707581,-4.910679,5.999998,0.056703,-4.853976,4.459e-23,5.660e-24,6.028e-18,6.028e-18,1.00000000
7.500000,-2.916006,-1.837445,-4.911281,5.999998,0.060039,-4.851242,1.191e-22,1.947e-23,6.621e-18,6.621e-18,1.00000000
7.600000,-2.827999,-1.970229,-4.911272,5.999998,0.063871,-4.847401,1.594e-22,3.139e-23,8.860e-18,8.860e-18,1.00000000
7.700000,-2.731553,-2.103600,-4.910546,5.999998,0.068294,-4.842252,1.100e-22,2.448e-23,7.586e-18,7.586e-18,1.00000000
7.800000,-2.625107,-2.235586,-4.910290,5.999998,0.073376,-4.836914,4.779e-23,1.143e-23,4.538e-18,4.538e-18,1.00000000
7.900000,-2.506768,-2.366535,-4.910764,5.999998,0.079146,-4.831617,1.737e-23,4.359e-24,2.434e-18,2.434e-18,1.00000000
8.000000,-2.376841,-2.496801,-4.910864,5.999997,0.085588,-4.825275,6.411e-24,1.684e-24,1.478e-18,1.478e-18,1.00000000
8.100000,-2.236544,-2.624438,-4.910210,5.999997,0.092629,-4.817581,2.472e-24,6.783e-25,1.183e-18,1.183e-18,1.00000000
8.200000,-2.085264,-2.746863,-4.909826,5.999998,0.100135,-4.809691,9.778e-25,2.757e-25,1.237e-18,1.237e-18,1.00000000
8.300000,-1.921226,-2.863356,-4.910200,5.999998,0.107918,-4.802281,3.936e-25,1.102e-25,1.135e-18,1.135e-18,1.00000000
8.400000,-1.744350,-2.974051,-4.910421,5.999998,0.115752,-4.794669,1.592e-25,4.321e-26,1.122e-18,1.122e-18,1.00000000
8.500000,-1.556224,-3.077434,-4.909942,5.999997,0.123400,-4.786542,6.388e-26,1.698e-26,2.624e-18,2.624e-18,1.00000000
8.600000,-1.357340,-3.170755,-4.909573,5.999998,0.130649,-4.778924,2.662e-26,7.158e-27,4.554e-18,4.554e-18,1.00000000
8.700000,-1.146601,-3.252412,-4.909898,5.999998,0.137337,-4.772561,1.251e-26,3.461e-27,5.270e-18,5.270e-18,1.00000000
8.800000,-0.923923,-3.322094,-4.910197,5.999998,0.143368,-4.766828,7.450e-27,1.826e-27,5.694e-18,5.694e-18,1.00000000
8.900000,-0.691191,-3.378682,-4.909861,5.999997,0.148729,-4.761132,6.272e-27,1.273e-27,6.889e-18,6.889e-18,1.00000000
9.000000,-0.449969,-3.419678,-4.909512,5.999998,0.153478,-4.756033,6.660e-27,1.349e-27,7.879e-18,7.879e-18,1.00000000
9.100000,-0.200213,-3.443009,-4.909744,5.999998,0.157745,-4.751999,8.892e-27,1.734e-27,6.462e-18,6.462e-18,1.00000000
9.200000,0.057745,-3.447979,-4.909999,5.999998,0.161708,-4.748291,2.869e-26,2.174e-27,8.479e-18,8.479e-18,1.00000000
9.300000,0.321654,-3.433876,-4.909685,5.999998,0.165586,-4.744099,5.676e-26,2.814e-27,8.298e-18,8.298e-18,1.00000000
9.400000,0.588955,-3.398807,-4.909299,5.999998,0.169626,-4.739673,1.004e-25,4.869e-27,5.744e-18,5.744e-18,1.00000000
9.500000,0.858468,-3.340756,-4.909416,5.999998,0.174090,-4.735326,1.887e-25,1.258e-26,3.814e-18,3.814e-18,1.00000000
9.600000,1.129130,-3.258989,-4.909586,5.999998,0.179244,-4.730342,3.315e-25,2.317e-26,2.531e-18,2.531e-18,1.00000000
9.700000,1.398227,-3.153421,-4.909264,5.999998,0.185352,-4.723912,5.062e-25,3.596e-26,1.969e-18,1.969e-18,1.00000000
9.800000,1.662333,-3.023169,-4.908876,5.999997,0.192653,-4.716223,9.055e-25,7.306e-26,1.501e-18,1.501e-18,1.00000000
9.900000,1.919107,-2.866904,-4.908957,5.999998,0.201347,-4.707610,1.625e-24,1.659e-25,1.224e-18,1.224e-18,1.00000000
10.000000,2.166653,-2.684407,-4.909130,5.999998,0.211568,-4.697562,2.786e-24,3.631e-25,1.212e-18,1.212e-18,1.00000000
10.000000,2.166653,-2.684407,-4.909130,5.999998,0.211568,-4.697562,2.786e-24,3.631e-25,1.212e-18,1.212e-18,1.00000000
10.100000,2.399640,-2.478734,-4.908928,5.999998,0.223348,-4.685580,4.828e-24,7.491e-25,1.834e-18,1.834e-18,1.00000000
10.200000,2.612710,-2.253534,-4.908696,5.999997,0.236565,-4.672131,7.362e-24,1.110e-24,3.574e-18,3.574e-18,1.00000000
10.300000,2.804148,-2.009767,-4.908927,5.999998,0.251004,-4.657924,8.973e-24,2.879e-24,3.745e-18,3.745e-18,1.00000000
10.400000,2.973241,-1.749132,-4.909211,5.999998,0.266399,-4.642812,2.628e-23,4.433e-23,3.969e-18,3.969e-18,1.00000000
10.500000,3.118740,-1.474572,-4.909080,5.999998,0.282466,-4.626614,1.798e-22,3.641e-22,4.958e-18,4.958e-18,1.00000000
10.600000,3.238727,-1.188692,-4.908933,5.999997,0.298927,-4.610006,8.013e-22,1.299e-21,7.234e-18,7.234e-18,1.00000000
10.700000,3.332021,-0.893033,-4.909185,5.999998,0.315537,-4.593647,1.792e-21,2.261e-21,6.115e-18,6.115e-18,1.00000000
10.800000,3.398530,-0.589541,-4.909421,5.999998,0.332095,-4.577325,1.912e-21,2.060e-21,5.108e-18,5.108e-18,1.00000000
10.900000,3.438034,-0.281394,-4.909248,5.999998,0.348447,-4.560801,1.090e-21,1.093e-21,6.140e-18,6.140e-18,1.00000000
11.000000,3.449648,0.028406,-4.909083,5.999997,0.364487,-4.544596,4.306e-22,4.194e-22,5.442e-18,5.442e-18,1.00000000
11.100000,3.432874,0.338032,-4.909285,5.999998,0.380149,-4.529137,1.568e-22,1.500e-22,4.041e-18,4.041e-18,1.00000000
11.200000,3.388331,0.645552,-4.909425,5.999998,0.395401,-4.514024,6.003e-23,5.634e-23,3.153e-18,3.153e-18,1.00000000
11.300000,3.316872,0.947864,-4.909164,5.999998,0.410236,-4.498928,2.416e-23,2.196e-23,2.722e-18,2.722e-18,1.00000000
11.400000,3.218669,1.241896,-4.908955,5.999998,0.424670,-4.484284,1.022e-23,8.670e-24,1.904e-18,1.904e-18,1.00000000
11.500000,3.093911,1.525804,-4.909135,5.999997,0.438748,-4.470387,4.683e-24,3.448e-24,1.239e-18,1.239e-18,1.00000000
11.600000,2.943892,1.797967,-4.909255,5.999998,0.452541,-4.456714,2.293e-24,1.380e-24,1.341e-18,1.341e-18,1.00000000
11.700000,2.770503,2.055737,-4.908995,5.999998,0.466141,-4.442855,1.144e-24,5.511e-25,2.139e-18,2.139e-18,1.00000000
11.800000,2.574975,2.296295,-4.908819,5.999998,0.479649,-4.429170,6.743e-25,2.232e-25,4.697e-18,4.697e-18,1.00000000
11.900000,2.358149,2.517984,-4.909059,5.999997,0.493163,-4.415896,6.259e-25,9.601e-26,5.317e-18,5.317e-18,1.00000000
12.000000,2.121810,2.719743,-4.909266,5.999998,0.506756,-4.402510,7.866e-25,4.559e-26,4.055e-18,4.055e-18,1.00000000
12.100000,1.868650,2.899800,-4.909102,5.999998,0.520468,-4.388634,8.978e-25,3.165e-26,4.157e-18,4.157e-18,1.00000000
12.200000,1.600855,3.055994,-4.908986,5.999998,0.534301,-4.374685,1.001e-24,2.940e-26,6.331e-18,6.331e-18,1.00000000
12.300000,1.319854,3.187046,-4.909246,5.999998,0.548219,-4.361027,8.607e-25,3.589e-26,6.844e-18,6.844e-18,1.00000000
12.400000,1.027651,3.292546,-4.909485,5.999998,0.562157,-4.347328,9.425e-25,7.333e-26,4.542e-18,4.542e-18,1.00000000
12.500000,0.727291,3.371827,-4.909359,5.999998,0.576022,-4.333337,1.241e-24,1.944e-25,5.240e-18,5.240e-18,1.00000000
12.600000,0.421595,3.423714,-4.909218,5.999998,0.589705,-4.319512,1.539e-24,6.394e-25,5.303e-18,5.303e-18,1.00000000
12.700000,0.112457,3.447490,-4.909393,5.999998,0.603090,-4.306303,1.942e-24,1.637e-24,4.930e-18,4.930e-18,1.00000000
12.800000,-0.198103,3.443371,-4.909575,5.999998,0.616055,-4.293520,2.640e-24,4.252e-24,4.353e-18,4.353e-18,1.00000000
12.900000,-0.507136,3.411777,-4.909436,5.999998,0.628479,-4.280956,3.676e-24,1.002e-23,3.211e-18,3.211e-18,1.00000000
13.000000,-0.811615,3.352695,-4.909246,5.999998,0.640251,-4.268995,6.598e-24,1.942e-23,2.382e-18,2.382e-18,1.00000000
13.100000,-1.109376,3.266155,-4.909327,5.999998,0.651277,-4.258051,1.431e-23,3.597e-23,2.207e-18,2.207e-18,1.00000000
13.200000,-1.398540,3.152965,-4.909467,5.999998,0.661507,-4.247960,2.990e-23,6.875e-23,1.848e-18,1.848e-18,1.00000000
13.300000,-1.676606,3.014483,-4.909364,5.999997,0.670957,-4.238407,6.009e-23,1.260e-22,1.477e-18,1.477e-18,1.00000000
13.400000,-1.940810,2.851848,-4.909195,5.999998,0.679718,-4.229477,8.409e-23,2.135e-22,2.989e-18,2.989e-18,1.00000000
13.500000,-2.189017,2.665965,-4.909258,5.999998,0.687958,-4.221299,1.240e-22,6.392e-22,5.209e-18,5.209e-18,1.00000000
13.600000,-2.419655,2.458193,-4.909433,5.999998,0.695905,-4.213527,5.112e-22,4.630e-21,4.351e-18,4.351e-18,1.00000000
13.700000,-2.630967,2.230568,-4.909435,5.999997,0.703814,-4.205620,2.297e-21,2.127e-20,3.324e-18,3.324e-18,1.00000000
13.800000,-2.820898,1.985193,-4.909329,5.999998,0.711939,-4.197390,6.706e-21,4.586e-20,5.272e-18,5.272e-18,1.00000000
13.900000,-2.987709,1.723821,-4.909380,5.999998,0.720505,-4.188876,1.039e-20,5.341e-20,7.342e-18,7.342e-18,1.00000000
14.000000,-3.130289,1.448242,-4.909568,5.999998,0.729686,-4.179882,8.270e-21,3.748e-20,4.896e-18,4.896e-18,1.00000000
14.100000,-3.247764,1.160806,-4.909637,5.999998,0.739601,-4.170036,3.974e-21,1.779e-20,3.654e-18,3.654e-18,1.00000000
14.200000,-3.339096,0.864191,-4.909540,5.999998,0.750303,-4.159237,1.510e-21,6.822e-21,3.999e-18,3.999e-18,1.00000000
14.300000,-3.403272,0.560822,-4.909500,5.999998,0.761787,-4.147714,5.683e-22,2.526e-21,4.105e-18,4.105e-18,1.00000000
14.400000,-3.439728,0.252811,-4.909617,5.999998,0.773980,-4.135637,2.317e-22,9.677e-22,4.227e-18,4.227e-18,1.00000000
14.500000,-3.448407,-0.057521,-4.909700,5.999998,0.786752,-4.122948,1.092e-22,3.836e-22,3.280e-18,3.280e-18,1.00000000
14.600000,-3.429404,-0.367409,-4.909600,5.999998,0.799911,-4.109689,6.622e-23,1.580e-22,2.487e-18,2.487e-18,1.00000000
14.700000,-3.382717,-0.674073,-4.909463,5.999998,0.813215,-4.096247,5.451e-23,6.873e-23,2.163e-18,2.163e-18,1.00000000
14.800000,-3.308465,-0.975170,-4.909489,5.999998,0.826380,-4.083109,5.920e-23,3.170e-23,1.943e-18,1.943e-18,1.00000000
14.900000,-3.207254,-1.268602,-4.909597,5.999998,0.839099,-4.070498,7.731e-23,1.513e-23,1.570e-18,1.570e-18,1.00000000
15.000000,-3.080174,-1.551996,-4.909563,5.999998,0.851085,-4.058478,1.029e-22,7.952e-24,2.419e-18,2.419e-18,1.00000000
15.100000,-2.928377,-1.822706,-4.909412,5.999998,0.862101,-4.047311,1.210e-22,5.639e-24,4.315e-18,4.315e-18,1.00000000
15.200000,-2.752850,-2.078377,-4.909393,5.999998,0.871999,-4.037394,1.205e-22,5.358e-24,4.912e-18,4.912e-18,1.00000000
15.300000,-2.554763,-2.317220,-4.909547,5.999998,0.880730,-4.028817,9.941e-23,5.165e-24,4.117e-18,4.117e-18,1.00000000
15.400000,-2.335878,-2.537568,-4.909623,5.999998,0.888341,-4.021281,8.849e-23,5.998e-24,3.818e-18,3.818e-18,1.00000000
15.500000,-2.098321,-2.737459,-4.909515,5.999998,0.894959,-4.014556,8.894e-23,6.817e-24,5.338e-18,5.338e-18,1.00000000
15.600000,-1.843996,-2.914943,-4.909456,5.999998,0.900760,-4.008696,1.711e-22,9.614e-24,5.327e-18,5.327e-18,1.00000000
15.700000,-1.574585,-3.068644,-4.909591,5.999998,0.905942,-4.003649,4.993e-22,1.952e-23,3.338e-18,3.338e-18,1.00000000
15.800000,-1.292167,-3.197663,-4.909708,5.999998,0.910697,-3.999011,7.785e-22,3.865e-23,3.152e-18,3.152e-18,1.00000000
15.900000,-0.999382,-3.301035,-4.909621,5.999998,0.915189,-3.994432,5.931e-22,9.562e-23,3.504e-18,3.504e-18,1.00000000
16.000000,-0.698811,-3.377638,-4.909501,5.999998,0.919535,-3.989966,2.608e-22,2.631e-22,3.436e-18,3.436e-18,1.00000000
16.100000,-0.392593,-3.426682,-4.909551,5.999998,0.923799,-3.985753,1.073e-22,6.387e-22,2.981e-18,2.981e-18,1.00000000
16.200000,-0.082914,-3.447974,-4.909641,5.999998,0.927974,-3.981667,9.000e-23,1.225e-21,2.578e-18,2.578e-18,1.00000000
16.300000,0.227528,-3.441562,-4.909568,5.999998,0.931986,-3.977582,1.417e-22,2.077e-21,2.428e-18,2.428e-18,1.00000000
16.400000,0.535916,-3.407380,-4.909433,5.999998,0.935688,-3.973745,2.244e-22,3.269e-21,2.260e-18,2.260e-18,1.00000000
16.500000,0.839855,-3.345457,-4.909433,5.999998,0.938871,-3.970562,3.315e-22,4.805e-21,1.934e-18,1.934e-18,1.00000000
16.600000,1.137170,-3.256313,-4.909505,5.999998,0.941283,-3.968222,4.526e-22,6.505e-21,2.547e-18,2.547e-18,1.00000000
16.700000,1.425413,-3.140876,-4.909487,5.999998,0.942657,-3.966830,1.104e-21,1.050e-20,4.247e-18,4.247e-18,1.00000000
16.800000,1.702012,-3.000105,-4.909430,5.999998,0.942753,-3.966677,6.357e-21,3.468e-20,5.176e-18,5.176e-18,1.00000000
16.900000,1.964711,-2.834979,-4.909458,5.999998,0.941396,-3.968063,2.015e-20,9.978e-20,5.362e-18,5.362e-18,1.00000000
17.000000,2.211540,-2.646798,-4.909534,5.999998,0.938498,-3.971035,3.803e-20,1.634e-19,4.917e-18,4.917e-18,1.00000000
17.100000,2.440515,-2.437206,-4.909571,5.999998,0.934071,-3.975500,4.113e-20,1.763e-19,4.658e-18,4.658e-18,1.00000000
17.200000,2.649693,-2.207934,-4.909596,5.999998,0.928209,-3.981387,2.606e-20,1.265e-19,4.856e-18,4.856e-18,1.00000000
17.300000,2.837398,-1.960785,-4.909631,5.999998,0.921073,-3.988558,1.146e-20,6.406e-20,3.997e-18,3.997e-18,1.00000000
17.400000,3.002151,-1.697791,-4.909641,5.999998,0.912875,-3.996766,4.397e-21,2.726e-20,3.165e-18,3.165e-18,1.00000000
17.500000,3.142566,-1.421113,-4.909652,5.999998,0.903851,-4.005801,1.715e-21,1.126e-20,2.866e-18,2.866e-18,1.00000000
17.600000,3.257508,-1.132882,-4.909704,5.999998,0.894241,-4.015463,7.367e-22,4.750e-21,3.204e-18,3.204e-18,1.00000000
17.700000,3.346181,-0.835394,-4.909702,5.999998,0.884275,-4.025426,3.981e-22,2.102e-21,3.015e-18,3.015e-18,1.00000000
17.800000,3.407886,-0.531258,-4.909588,5.999998,0.874163,-4.035425,3.083e-22,1.043e-21,2.726e-18,2.726e-18,1.00000000
17.900000,3.441915,-0.223008,-4.909527,5.999997,0.864086,-4.045441,3.043e-22,6.046e-22,2.574e-18,2.574e-18,1.00000000
18.000000,3.447909,0.087178,-4.909612,5.999998,0.854192,-4.055420,3.166e-22,4.031e-22,2.670e-18,2.670e-18,1.00000000
18.100000,3.426087,0.396963,-4.909616,5.999998,0.844590,-4.065026,3.452e-22,3.155e-22,2.395e-18,2.395e-18,1.00000000
18.200000,3.376812,0.703442,-4.909408,5.999998,0.835345,-4.074063,3.760e-22,3.037e-22,2.060e-18,2.060e-18,1.00000000
18.300000,3.300167,1.003819,-4.909299,5.999998,0.826472,-4.082827,3.754e-22,3.270e-22,2.477e-18,2.477e-18,1.00000000
18.400000,3.196404,1.296101,-4.909490,5.999997,0.817937,-4.091552,4.770e-22,3.431e-22,4.178e-18,4.178e-18,1.00000000
18.500000,3.066649,1.578407,-4.909610,5.999998,0.809658,-4.099952,8.443e-22,3.407e-22,5.038e-18,5.038e-18,1.00000000
18.600000,2.912510,1.848024,-4.909386,5.999998,0.801519,-4.107867,1.083e-21,3.975e-22,5.544e-18,5.544e-18,1.00000000
18.700000,2.735050,2.102087,-4.909247,5.999998,0.793389,-4.115858,1.537e-21,4.234e-22,4.727e-18,4.727e-18,1.00000000
18.800000,2.534957,2.338868,-4.909547,5.999997,0.785137,-4.124410,3.711e-21,5.687e-22,3.888e-18,3.888e-18,1.00000000
18.900000,2.313879,2.557297,-4.909803,5.999998,0.776646,-4.133157,7.535e-21,1.075e-21,3.889e-18,3.889e-18,1.00000000
19.000000,2.074527,2.755468,-4.909553,5.999998,0.767822,-4.141731,9.362e-21,1.151e-21,3.339e-18,3.339e-18,1.00000000
19.100000,1.819073,2.930830,-4.909296,5.999998,0.758599,-4.150697,7.473e-21,1.235e-21,2.812e-18,2.812e-18,1.00000000
19.200000,1.548569,3.081865,-4.909584,5.999998,0.748937,-4.160647,4.124e-21,1.677e-21,2.288e-18,2.288e-18,1.00000000
19.300000,1.264672,3.208331,-4.909907,5.999998,0.738825,-4.171082,1.900e-21,2.944e-21,1.967e-18,1.967e-18,1.00000000
19.400000,0.970698,3.309605,-4.909607,5.999998,0.728276,-4.181331,1.239e-21,5.138e-21,2.294e-18,2.294e-18,1.00000000
19.500000,0.669868,3.383967,-4.909177,5.999998,0.717325,-4.191852,1.453e-21,8.311e-21,2.717e-18,2.717e-18,1.00000000
19.600000,0.363688,3.430117,-4.909379,5.999998,0.706030,-4.203349,2.052e-21,1.244e-20,2.767e-18,2.767e-18,1.00000000
19.700000,0.053482,3.448391,-4.909757,5.999998,0.694468,-4.215289,2.664e-21,1.700e-20,2.651e-18,2.651e-18,1.00000000
19.800000,-0.257515,3.439598,-4.909463,5.999998,0.682739,-4.226724,3.306e-21,2.087e-20,2.216e-18,2.216e-18,1.00000000
19.900000,-0.565384,3.403364,-4.908913,5.999998,0.670956,-4.237958,7.866e-21,2.310e-20,2.166e-18,2.166e-18,1.00000000
20.000000,-0.868071,3.338801,-4.909056,5.999998,0.659236,-4.249820,2.820e-20,3.340e-20,3.030e-18,3.030e-18,1.00000000
20.100000,-1.164680,3.246501,-4.909554,5.999998,0.647683,-4.261871,6.840e-20,7.938e-20,4.736e-18,4.736e-18,1.00000000
20.200000,-1.452715,3.128490,-4.909393,5.999998,0.636369,-4.273025,1.092e-19,1.456e-19,6.023e-18,6.023e-18,1.00000000
20.300000,-1.728225,2.986061,-4.908834,5.999998,0.625315,-4.283519,1.021e-19,1.445e-19,6.009e-18,6.009e-18,1.00000000
20.400000,-1.988680,2.819088,-4.908958,5.999998,0.614489,-4.294469,5.945e-20,9.481e-20,3.104e-18,3.104e-18,1.00000000
20.500000,-2.233515,2.628177,-4.909589,5.999998,0.603808,-4.305782,2.602e-20,5.130e-20,3.156e-18,3.156e-18,1.00000000
20.600000,-2.461431,2.416045,-4.909589,5.999998,0.593149,-4.316440,1.041e-20,2.655e-20,3.361e-18,3.361e-18,1.00000000
20.700000,-2.669240,2.185566,-4.909015,5.999998,0.582362,-4.326653,4.356e-21,1.505e-20,2.950e-18,2.950e-18,1.00000000
20.800000,-2.854263,1.937679,-4.909028,5.999998,0.571280,-4.337748,2.101e-21,9.124e-21,2.069e-18,2.069e-18,1.00000000
20.900000,-3.016049,1.672916,-4.909661,5.999998,0.559728,-4.349934,1.203e-21,5.705e-21,1.838e-18,1.838e-18,1.00000000
21.000000,-3.154549,1.394020,-4.909735,5.999998,0.547533,-4.362202,8.309e-22,3.673e-21,2.403e-18,2.403e-18,1.00000000
21.100000,-3.267991,1.104943,-4.909105,5.999998,0.534539,-4.374566,6.894e-22,2.570e-21,2.643e-18,2.643e-18,1.00000000
21.200000,-3.354059,0.807797,-4.908944,5.999998,0.520614,-4.388330,7.338e-22,2.072e-21,2.652e-18,2.652e-18,1.00000000
21.300000,-3.412275,0.503182,-4.909497,5.999998,0.505669,-4.403828,9.369e-22,1.917e-21,2.880e-18,2.880e-18,1.00000000
21.400000,-3.443578,0.193387,-4.909618,5.999997,0.489675,-4.419943,1.263e-21,1.932e-21,2.396e-18,2.396e-18,1.00000000
21.500000,-3.447911,-0.117305,-4.908984,5.999998,0.472679,-4.436305,1.881e-21,2.167e-21,1.973e-18,1.973e-18,1.00000000
21.600000,-3.423910,-0.425830,-4.908716,5.999998,0.454820,-4.453896,3.862e-21,2.558e-21,2.541e-18,2.541e-18,1.00000000
21.700000,-3.371165,-0.731322,-4.909215,5.999998,0.436330,-4.472885,6.319e-21,2.733e-21,3.415e-18,3.415e-18,1.00000000
21.800000,-3.291230,-1.032149,-4.909424,5.999997,0.417526,-4.491898,1.445e-20,2.703e-21,5.510e-18,5.510e-18,1.00000000
21.900000,-3.185663,-1.324461,-4.908902,5.999997,0.398773,-4.510130,2.128e-20,3.147e-21,6.407e-18,6.407e-18,1.00000000
22.000000,-3.054451,-1.604817,-4.908652,5.999998,0.380441,-4.528211,2.005e-20,4.014e-21,3.654e-18,3.654e-18,1.00000000
22.100000,-2.897526,-1.872067,-4.909143,5.999998,0.362862,-4.546281,1.739e-20,5.035e-21,3.262e-18,3.262e-18,1.00000000
22.200000,-2.716753,-2.125250,-4.909433,5.999998,0.346291,-4.563143,2.018e-20,4.642e-21,3.393e-18,3.393e-18,1.00000000
22.300000,-2.514879,-2.361515,-4.909032,5.999997,0.330890,-4.578142,2.322e-20,4.052e-21,3.046e-18,3.046e-18,1.00000000
22.400000,-2.293242,-2.577722,-4.908805,5.999998,0.316724,-4.592081,1.911e-20,3.004e-21,2.688e-18,2.688e-18,1.00000000
22.500000,-2.052309,-2.772631,-4.909229,5.999999,0.303766,-4.605463,1.176e-20,3.299e-21,2.404e-18,2.404e-18,1.00000000
22.600000,-1.794070,-2.945884,-4.909487,5.999998,0.291912,-4.617575,7.240e-21,4.141e-21,2.169e-18,2.169e-18,1.00000000
22.700000,-1.521926,-3.095859,-4.909110,5.999997,0.281002,-4.628108,5.380e-21,5.517e-21,1.836e-18,1.836e-18,1.00000000
22.800000,-1.238250,-3.220213,-4.908863,5.999997,0.270835,-4.638028,5.210e-21,8.214e-21,1.902e-18,1.902e-18,1.00000000
22.900000,-0.944068,-3.317921,-4.909187,5.999998,0.261188,-4.647998,6.448e-21,1.258e-20,2.519e-18,2.519e-18,1.00000000
23.000000,-0.641415,-3.389214,-4.909358,5.999998,0.251839,-4.657519,8.553e-21,1.937e-20,2.299e-18,2.299e-18,1.00000000
23.100000,-0.333917,-3.433712,-4.908980,5.999997,0.242585,-4.666395,1.418e-20,3.161e-20,1.589e-18,1.589e-18,1.00000000
23.200000,-0.024521,-3.450138,-4.908759,5.999997,0.233270,-4.675489,3.512e-20,5.283e-20,1.955e-18,1.955e-18,1.00000000
23.300000,0.285358,-3.437990,-4.909050,5.999998,0.223806,-4.685244,7.733e-20,8.450e-20,2.776e-18,2.776e-18,1.00000000
23.400000,0.593735,-3.398158,-4.909173,5.999998,0.214195,-4.694978,1.021e-19,1.219e-19,4.726e-18,4.726e-18,1.00000000
23.500000,0.897102,-3.331444,-4.908835,5.999998,0.204541,-4.704294,7.812e-20,1.301e-19,6.516e-18,6.516e-18,1.00000000
23.600000,1.192413,-3.237687,-4.908717,5.999997,0.195041,-4.713676,4.091e-20,9.021e-20,5.057e-18,5.057e-18,1.00000000
23.700000,1.478198,-3.117057,-4.909059,5.999998,0.185959,-4.723100,1.861e-20,4.973e-20,3.268e-18,3.268e-18,1.00000000
23.800000,1.752768,-2.971168,-4.909170,5.999998,0.177593,-4.731576,8.474e-21,2.910e-20,2.813e-18,2.813e-18,1.00000000
23.900000,2.013056,-2.801917,-4.908853,5.999998,0.170233,-4.738620,4.115e-21,1.814e-20,3.012e-18,3.012e-18,1.00000000
24.000000,2.256283,-2.610121,-4.908811,5.999997,0.164133,-4.744677,2.449e-21,1.214e-20,3.122e-18,3.122e-18,1.00000000
24.100000,2.481249,-2.396505,-4.909189,5.999998,0.159495,-4.749694,1.800e-21,8.382e-21,2.542e-18,2.542e-18,1.00000000
24.200000,2.686898,-2.163282,-4.909253,5.999998,0.156455,-4.752799,1.621e-21,5.707e-21,1.867e-18,1.867e-18,1.00000000
24.300000,2.870927,-1.913312,-4.908869,5.999998,0.155077,-4.753792,1.785e-21,4.216e-21,1.682e-18,1.682e-18,1.00000000
24.400000,3.030993,-1.648236,-4.908805,5.999998,0.155353,-4.753452,2.241e-21,3.679e-21,1.751e-18,1.751e-18,1.00000000
24.500000,3.166300,-1.369059,-4.909195,5.999997,0.157197,-4.751997,2.969e-21,3.731e-21,2.132e-18,2.132e-18,1.00000000
24.600000,3.276715,-1.078258,-4.909224,5.999998,0.160451,-4.748772,4.277e-21,4.446e-21,2.217e-18,2.217e-18,1.00000000
24.700000,3.361051,-0.779460,-4.908743,5.999998,0.164881,-4.743862,7.026e-21,5.575e-21,1.824e-18,1.824e-18,1.00000000
24.800000,3.417555,-0.475064,-4.908625,5.999998,0.170187,-4.738438,1.159e-20,5.847e-21,2.207e-18,2.207e-18,1.00000000
24.900000,3.445772,-0.166135,-4.909076,5.999997,0.176022,-4.733054,2.211e-20,7.043e-21,2.578e-18,2.578e-18,1.00000000
25.000000,3.446570,0.145085,-4.909183,5.999998,0.182016,-4.727167,3.882e-20,8.432e-21,3.091e-18,3.091e-18,1.00000000
25.100000,3.420256,0.454634,-4.908679,5.999998,0.187822,-4.720857,3.828e-20,7.282e-21,5.120e-18,5.120e-18,1.00000000
25.200000,3.365973,0.759418,-4.908512,5.999998,0.193157,-4.715354,3.418e-20,8.354e-21,5.828e-18,5.828e-18,1.00000000
25.300000,3.283483,1.058322,-4.909039,5.999998,0.197836,-4.711203,4.504e-20,1.191e-20,3.551e-18,3.551e-18,1.00000000
25.400000,3.174369,1.349827,-4.909310,5.999998,0.201789,-4.707521,6.846e-20,1.224e-20,2.332e-18,2.332e-18,1.00000000
25.500000,3.040537,1.630417,-4.908854,5.999998,0.205063,-4.703791,8.960e-20,9.046e-21,2.295e-18,2.295e-18,1.00000000
25.600000,2.882460,1.896639,-4.908580,5.999998,0.207799,-4.700780,7.347e-20,6.327e-21,2.660e-18,2.660e-18,1.00000000
25.700000,2.700158,2.147161,-4.909055,5.999998,0.210208,-4.698847,4.194e-20,5.810e-21,2.753e-18,2.753e-18,1.00000000
25.800000,2.495349,2.381311,-4.909436,5.999998,0.212533,-4.696903,2.227e-20,6.289e-21,2.475e-18,2.475e-18,1.00000000
25.900000,2.271080,2.596802,-4.909052,5.999998,0.215030,-4.694022,1.373e-20,7.617e-21,1.982e-18,1.982e-18,1.00000000
26.000000,2.029352,2.790522,-4.908634,5.999998,0.217943,-4.690691,1.093e-20,1.034e-20,1.643e-18,1.643e-18,1.00000000
26.100000,1.770772,2.960874,-4.908927,5.999998,0.221484,-4.687443,1.076e-20,1.572e-20,1.901e-18,1.901e-18,1.00000000
26.200000,1.496836,3.107717,-4.909333,5.999998,0.225816,-4.683516,1.250e-20,2.357e-20,2.481e-18,2.481e-18,1.00000000
26.300000,1.210908,3.230284,-4.909067,5.999998,0.231043,-4.678024,1.877e-20,3.630e-20,2.167e-18,2.167e-18,1.00000000
26.400000,0.916204,3.326598,-4.908594,5.999998,0.237203,-4.671390,3.166e-20,5.997e-20,2.522e-18,2.522e-18,1.00000000
26.500000,0.614250,3.395166,-4.908718,5.999998,0.244270,-4.664448,4.213e-20,8.899e-20,2.489e-18,2.489e-18,1.00000000
26.600000,0.306388,3.436064,-4.909130,5.999998,0.252151,-4.656979,4.035e-20,9.884e-20,2.972e-18,2.972e-18,1.00000000
26.700000,-0.004379,3.449803,-4.909054,5.999997,0.260690,-4.648364,2.905e-20,8.067e-20,3.988e-18,3.988e-18,1.00000000
26.800000,-0.314379,3.435988,-4.908679,5.999998,0.269689,-4.638989,1.709e-20,5.662e-20,5.037e-18,5.037e-18,1.00000000
26.900000,-0.621263,3.393867,-4.908735,5.999998,0.278932,-4.629803,9.283e-21,4.011e-20,4.102e-18,4.102e-18,1.00000000
27.000000,-0.923619,3.323734,-4.909143,5.999998,0.288217,-4.620927,5.059e-21,3.199e-20,2.439e-18,2.439e-18,1.00000000
27.100000,-1.219122,3.226943,-4.909231,5.999997,0.297383,-4.611849,3.189e-21,2.486e-20,1.824e-18,1.824e-18,1.00000000
27.200000,-1.504459,3.104593,-4.908980,5.999998,0.306332,-4.602647,2.708e-21,1.623e-20,2.219e-18,2.219e-18,1.00000000
27.300000,-1.776982,2.957075,-4.908973,5.999998,0.315040,-4.593933,2.895e-21,9.851e-21,2.618e-18,2.618e-18,1.00000000
27.400000,-2.035195,2.785106,-4.909291,5.999998,0.323549,-4.585742,3.468e-21,6.928e-21,2.595e-18,2.595e-18,1.00000000
27.500000,-2.277487,2.590494,-4.909416,5.999998,0.331963,-4.577453,4.384e-21,5.377e-21,2.179e-18,2.179e-18,1.00000000
27.600000,-2.501429,2.375394,-4.909209,5.999998,0.340430,-4.568779,5.460e-21,4.659e-21,1.925e-18,1.925e-18,1.00000000
27.700000,-2.704688,2.141339,-4.909105,5.999998,0.349132,-4.559973,6.832e-21,4.314e-21,1.828e-18,1.828e-18,1.00000000
27.800000,-2.885872,1.889627,-4.909280,5.999998,0.358267,-4.551012,9.004e-21,4.147e-21,2.138e-18,2.138e-18,1.00000000
27.900000,-3.044026,1.622305,-4.909379,5.999998,0.368038,-4.541341,1.183e-20,4.298e-21,2.058e-18,2.058e-18,1.00000000
28.000000,-3.177817,1.342069,-4.909206,5.999998,0.378634,-4.530572,1.669e-20,4.720e-21,2.164e-18,2.164e-18,1.00000000
28.100000,-3.285724,1.051327,-4.909043,5.999998,0.390218,-4.518825,2.849e-20,6.072e-21,2.307e-18,2.307e-18,1.00000000
28.200000,-3.366758,0.751998,-4.909115,5.999998,0.402916,-4.506200,4.572e-20,7.215e-21,2.519e-18,2.519e-18,1.00000000
28.300000,-3.420570,0.446241,-4.909230,5.999997,0.416801,-4.492429,5.616e-20,8.619e-21,3.017e-18,3.017e-18,1.00000000
28.400000,-3.446925,0.136814,-4.909171,5.999997,0.431884,-4.477286,5.470e-20,1.407e-20,4.487e-18,4.487e-18,1.00000000
28.500000,-3.445440,-0.173453,-4.909056,5.999998,0.448100,-4.460956,6.024e-20,1.851e-20,4.591e-18,4.591e-18,1.00000000
28.600000,-3.415877,-0.482167,-4.909102,5.999998,0.465310,-4.443792,7.141e-20,2.069e-20,3.026e-18,3.026e-18,1.00000000
28.700000,-3.358497,-0.787144,-4.909264,5.999998,0.483312,-4.425952,7.245e-20,1.888e-20,1.971e-18,1.971e-18,1.00000000
28.800000,-3.273997,-1.085950,-4.909341,5.999997,0.501873,-4.407468,6.049e-20,1.401e-20,1.716e-18,1.716e-18,1.00000000
28.900000,-3.163180,-1.375907,-4.909292,5.999998,0.520750,-4.388542,4.124e-20,1.076e-20,2.030e-18,2.030e-18,1.00000000
29.000000,-3.026805,-1.654503,-4.909282,5.999998,0.539719,-4.369563,2.747e-20,9.551e-21,2.325e-18,2.325e-18,1.00000000
29.100000,-2.865774,-1.919646,-4.909407,5.999998,0.558586,-4.350821,1.977e-20,9.776e-21,2.524e-18,2.524e-18,1.00000000
29.200000,-2.681421,-2.169447,-4.909527,5.999998,0.577190,-4.332336,1.631e-20,1.107e-20,2.609e-18,2.609e-18,1.00000000
29.300000,-2.475493,-2.401860,-4.909479,5.999998,0.595404,-4.314074,1.532e-20,1.423e-20,2.327e-18,2.327e-18,1.00000000
29.400000,-2.249762,-2.614721,-4.909357,5.999998,0.613126,-4.296231,1.614e-20,1.882e-20,1.924e-18,1.924e-18,1.00000000
29.500000,-2.005802,-2.806204,-4.909374,5.999998,0.630274,-4.279100,2.163e-20,2.756e-20,2.059e-18,2.059e-18,1.00000000
29.600000,-1.745331,-2.975023,-4.909484,5.999998,0.646782,-4.262702,3.204e-20,4.251e-20,2.234e-18,2.234e-18,1.00000000
29.700000,-1.470648,-3.120038,-4.909433,5.999998,0.662597,-4.246836,4.081e-20,5.857e-20,2.425e-18,2.425e-18,1.00000000
29.800000,-1.184342,-3.239869,-4.909232,5.999998,0.677684,-4.231548,3.850e-20,6.107e-20,2.559e-18,2.559e-18,1.00000000
29.900000,-0.888624,-3.333209,-4.909179,5.999998,0.692032,-4.217148,2.773e-20,4.877e-20,2.264e-18,2.264e-18,1.00000000
30.000000,-0.585428,-3.399384,-4.909321,5.999998,0.705657,-4.203664,1.712e-20,3.839e-20,2.530e-18,2.530e-18,1.00000000
30.000000,-0.585428,-3.399384,-4.909321,5.999998,0.705657,-4.203664,1.712e-20,3.839e-20,2.530e-18,2.530e-18,1.00000000
30.100000,-0.266588,-3.335924,-4.980011,5.999998,0.718063,-4.261948,1.060e-20,4.089e-20,3.501e-18,3.501e-18,1.00000000
30.200000,0.036110,-3.246247,-5.045845,5.999998,0.728823,-4.317022,6.956e-21,5.772e-20,3.042e-18,3.042e-18,1.00000000
30.300000,0.315349,-3.129419,-5.109527,5.999998,0.738147,-4.371380,5.750e-21,6.269e-20,2.191e-18,2.191e-18,1.00000000
30.400000,0.572362,-2.984030,-5.173774,5.999998,0.746254,-4.427520,5.197e-21,4.336e-20,1.712e-18,1.712e-18,1.00000000
30.500000,0.810244,-2.815278,-5.236190,5.999998,0.753334,-4.482856,5.006e-21,2.717e-20,1.697e-18,1.697e-18,1.00000000
30.600000,1.024667,-2.631285,-5.293994,5.999998,0.759519,-4.534476,4.828e-21,2.012e-20,2.301e-18,2.301e-18,1.00000000
30.700000,1.208404,-2.434412,-5.349148,5.999998,0.764876,-4.584272,5.352e-21,1.573e-20,2.943e-18,2.943e-18,1.00000000
30.800000,1.361460,-2.222634,-5.404285,5.999998,0.769414,-4.634872,6.267e-21,1.320e-20,3.056e-18,3.056e-18,1.00000000
30.900000,1.489056,-1.998975,-5.457727,5.999998,0.773091,-4.684635,7.216e-21,1.155e-20,2.607e-18,2.607e-18,1.00000000
31.000000,1.591370,-1.772390,-5.506918,5.999998,0.775830,-4.731088,8.763e-21,9.937e-21,2.517e-18,2.517e-18,1.00000000
31.100000,1.662991,-1.548083,-5.553186,5.999998,0.777532,-4.775654,1.229e-20,9.412e-21,2.019e-18,2.019e-18,1.00000000
31.200000,1.702686,-1.324252,-5.598857,5.999998,0.778100,-4.820757,2.005e-20,1.313e-20,2.252e-18,2.252e-18,1.00000000
31.300000,1.716362,-1.101179,-5.642825,5.999998,0.777452,-4.865373,3.006e-20,1.878e-20,2.368e-18,2.368e-18,1.00000000
31.400000,1.708285,-0.886463,-5.682950,5.999998,0.775542,-4.907408,3.908e-20,2.290e-20,2.742e-18,2.742e-18,1.00000000
31.500000,1.675943,-0.686888,-5.720086,5.999998,0.772378,-4.947708,3.697e-20,1.967e-20,2.896e-18,2.896e-18,1.00000000
31.600000,1.617359,-0.501428,-5.756101,5.999998,0.768044,-4.988057,2.679e-20,2.367e-20,2.438e-18,2.438e-18,1.00000000
31.700000,1.537876,-0.327868,-5.790286,5.999998,0.762715,-5.027571,2.517e-20,3.333e-20,3.189e-18,3.189e-18,1.00000000
31.800000,1.444496,-0.170930,-5.821012,5.999997,0.756660,-5.064352,4.263e-20,3.830e-20,3.227e-18,3.227e-18,1.00000000
31.900000,1.337851,-0.037339,-5.848823,5.999998,0.750217,-5.098606,6.170e-20,2.971e-20,2.831e-18,2.831e-18,1.00000000
32.000000,1.215925,0.073072,-5.875046,5.999998,0.743759,-5.131287,6.205e-20,2.084e-20,2.197e-18,2.197e-18,1.00000000
32.100000,1.082656,0.164315,-5.899223,5.999998,0.737634,-5.161589,5.815e-20,1.649e-20,1.846e-18,1.846e-18,1.00000000
32.200000,0.945984,0.235223,-5.920283,5.999997,0.732127,-5.188156,6.432e-20,1.378e-20,1.951e-18,1.951e-18,1.00000000
32.300000,0.809077,0.280656,-5.938569,5.999998,0.727425,-5.211144,6.378e-20,1.141e-20,2.402e-18,2.402e-18,1.00000000
32.400000,0.670398,0.300243,-5.954863,5.999998,0.723610,-5.231254,5.312e-20,1.022e-20,2.807e-18,2.807e-18,1.00000000
32.500000,0.532020,0.298922,-5.968884,5.999998,0.720673,-5.248211,4.013e-20,1.097e-20,3.161e-18,3.161e-18,1.00000000
32.600000,0.401054,0.278853,-5.980081,5.999997,0.718542,-5.261539,3.089e-20,1.359e-20,3.119e-18,3.119e-18,1.00000000
32.700000,0.281990,0.237334,-5.988666,5.999998,0.717102,-5.271564,3.036e-20,1.886e-20,1.842e-18,1.842e-18,1.00000000
32.800000,0.173878,0.173937,-5.994955,5.999998,0.716223,-5.278732,4.483e-20,2.960e-20,1.731e-18,1.731e-18,1.00000000
32.900000,0.076926,0.093744,-5.998772,5.999998,0.715774,-5.282998,7.441e-20,3.915e-20,2.143e-18,2.143e-18,1.00000000
33.000000,-0.003746,0.001240,-5.999996,5.999998,0.715643,-5.284354,9.593e-20,3.354e-20,2.217e-18,2.217e-18,1.00000000
33.000000,-0.003746,0.001240,-5.999996,5.999998,0.715643,-5.284354,9.593e-20,3.354e-20,2.217e-18,2.217e-18,1.00000000
33.100000,0.001066,-0.003535,-5.999996,5.999997,0.715643,-5.284354,7.843e-20,2.362e-20,2.573e-18,2.573e-18,1.00000000
33.200000,-0.003589,0.001286,-5.999995,5.999997,0.715642,-5.284354,4.354e-20,3.495e-20,2.602e-18,2.602e-18,1.00000000
33.300000,-0.000304,0.002633,-5.999995,5.999996,0.715641,-5.284354,2.158e-20,7.508e-20,2.071e-18,2.071e-18,1.00000000
33.400000,-0.001293,0.002161,-5.999994,5.999995,0.715640,-5.284354,1.429e-20,1.386e-19,2.339e-18,2.339e-18,1.00000000
33.500000,-0.004024,-0.002506,-5.999991,5.999993,0.715637,-5.284354,9.696e-21,1.566e-19,2.889e-18,2.889e-18,1.00000000
33.600000,0.002427,-0.001615,-5.999989,5.999990,0.715635,-5.284355,7.693e-21,1.129e-19,3.043e-18,3.043e-18,1.00000000
33.700000,-0.001060,-0.006109,-5.999981,5.999984,0.715626,-5.284355,7.834e-21,7.674e-20,2.222e-18,2.222e-18,1.00000000
33.800000,-0.002330,-0.006811,-5.999962,5.999966,0.715607,-5.284355,8.298e-21,5.824e-20,1.618e-18,1.618e-18,1.00000000
33.900000,0.000146,-0.009534,-5.999877,5.999885,0.715522,-5.284355,8.639e-21,4.943e-20,1.903e-18,1.903e-18,1.00000000
34.000000,-0.010224,-0.010759,-5.999021,5.999040,0.714666,-5.284355,8.643e-21,4.439e-20,2.599e-18,2.599e-18,1.00000000
34.000000,-0.010224,-0.010759,-5.999021,5.999040,0.714666,-5.284355,8.643e-21,4.439e-20,2.599e-18,2.599e-18,1.00000000
34.100000,-0.034513,-0.014117,-5.993689,5.993805,0.709334,-5.284355,9.894e-21,3.863e-20,2.834e-18,2.834e-18,1.00000000
34.200000,-0.051131,-0.019553,-5.982623,5.982873,0.698268,-5.284355,1.316e-20,3.278e-20,2.843e-18,2.843e-18,1.00000000
34.300000,-0.059905,-0.026815,-5.965922,5.966283,0.681567,-5.284355,1.822e-20,3.374e-20,2.300e-18,2.300e-18,1.00000000
34.400000,-0.060941,-0.035578,-5.943572,5.943991,0.659217,-5.284355,2.837e-20,4.781e-20,1.754e-18,1.754e-18,1.00000000
34.500000,-0.054577,-0.045474,-5.915470,5.915896,0.631115,-5.284355,4.276e-20,6.428e-20,2.016e-18,2.016e-18,1.00000000
34.600000,-0.041363,-0.056117,-5.881454,5.881867,0.597099,-5.284355,4.837e-20,5.849e-20,2.160e-18,2.160e-18,1.00000000
34.700000,-0.022103,-0.067107,-5.841334,5.841762,0.556980,-5.284355,4.053e-20,4.968e-20,2.555e-18,2.555e-18,1.00000000
34.800000,0.002088,-0.078043,-5.794928,5.795454,0.510574,-5.284354,3.455e-20,5.491e-20,2.398e-18,2.398e-18,1.00000000
34.900000,0.029727,-0.088528,-5.742115,5.742875,0.457761,-5.284354,5.880e-20,6.539e-20,1.659e-18,1.659e-18,1.00000000
35.000000,0.058983,-0.098172,-5.682926,5.684080,0.398573,-5.284354,1.003e-19,5.572e-20,1.680e-18,1.680e-18,1.00000000
35.100000,0.087801,-0.106571,-5.617637,5.619333,0.333283,-5.284353,1.186e-19,3.377e-20,2.429e-18,2.429e-18,1.00000000
35.200000,0.114099,-0.113321,-5.546804,5.549134,0.262451,-5.284353,1.059e-19,2.014e-20,2.778e-18,2.778e-18,1.00000000
35.300000,0.136009,-0.118070,-5.471184,5.474147,0.186831,-5.284353,8.946e-20,1.563e-20,2.158e-18,2.158e-18,1.00000000
35.400000,0.152093,-0.120631,-5.391560,5.395053,0.107207,-5.284353,8.307e-20,1.387e-20,1.460e-18,1.460e-18,1.00000000
35.500000,0.161478,-0.121052,-5.308588,5.312423,0.024235,-5.284353,7.695e-20,1.306e-20,1.465e-18,1.465e-18,1.00000000
35.600000,0.163877,-0.119601,-5.222713,5.226652,-0.061640,-5.284353,6.821e-20,1.290e-20,2.049e-18,2.049e-18,1.00000000
35.700000,0.159510,-0.116692,-5.134191,5.137993,-0.150163,-5.284354,6.099e-20,1.443e-20,2.428e-18,2.428e-18,1.00000000
35.800000,0.148963,-0.112796,-5.043190,5.046650,-0.241164,-5.284354,5.826e-20,1.579e-20,2.749e-18,2.749e-18,1.00000000
35.900000,0.133038,-0.108404,-4.949947,4.952921,-0.334407,-5.284354,6.607e-20,1.820e-20,2.361e-18,2.361e-18,1.00000000
36.000000,0.112620,-0.103995,-4.854886,4.857305,-0.429469,-5.284355,8.608e-20,2.170e-20,2.002e-18,2.002e-18,1.00000000
36.100000,0.088575,-0.100011,-4.758662,4.760537,-0.525693,-5.284355,1.148e-19,2.297e-20,1.983e-18,1.983e-18,1.00000000
36.200000,0.061697,-0.096818,-4.662110,4.663523,-0.622245,-5.284355,1.421e-19,2.633e-20,2.387e-18,2.387e-18,1.00000000
36.300000,0.032706,-0.094648,-4.566129,4.567226,-0.718226,-5.284355,1.503e-19,3.678e-20,2.644e-18,2.644e-18,1.00000000
36.400000,0.002298,-0.093505,-4.471552,4.472530,-0.812803,-5.284355,1.409e-19,6.256e-20,3.094e-18,3.094e-18,1.00000000
36.500000,-0.028803,-0.093069,-4.379023,4.380106,-0.905332,-5.284355,1.245e-19,1.045e-19,3.192e-18,3.192e-18,1.00000000
36.600000,-0.059838,-0.092701,-4.288909,4.290328,-0.995446,-5.284355,9.543e-20,1.317e-19,4.694e-18,4.694e-18,1.00000000
36.700000,-0.090040,-0.091583,-4.201273,4.203235,-1.083082,-5.284355,5.986e-20,1.344e-19,9.781e-18,9.781e-18,1.00000000
36.800000,-0.118647,-0.088903,-4.115916,4.118585,-1.168439,-5.284355,3.263e-20,1.204e-19,2.214e-17,2.214e-17,1.00000000
36.900000,-0.144926,-0.084009,-4.032524,4.036002,-1.251831,-5.284354,1.826e-20,9.894e-20,5.059e-17,5.059e-17,1.00000000
37.000000,-0.168189,-0.076608,-3.950861,3.955181,-1.333493,-5.284354,1.392e-20,8.518e-20,8.839e-17,8.839e-17,1.00000000
37.100000,-0.187767,-0.066824,-3.870887,3.876014,-1.413467,-5.284354,1.369e-20,7.266e-20,1.034e-16,1.034e-16,1.00000000
37.200000,-0.203028,-0.055007,-3.792710,3.798539,-1.491644,-5.284354,1.435e-20,5.786e-20,9.660e-17,9.660e-17,1.00000000
37.300000,-0.213477,-0.041403,-3.716375,3.722731,-1.567979,-5.284354,1.593e-20,4.984e-20,9.172e-17,9.172e-17,1.00000000
37.400000,-0.218928,-0.026006,-3.641613,3.648281,-1.642740,-5.284354,1.967e-20,4.817e-20,9.377e-17,9.377e-17,1.00000000
37.500000,-0.219541,-0.008711,-3.567763,3.574521,-1.716591,-5.284354,2.746e-20,5.760e-20,9.580e-17,9.580e-17,1.00000000
37.600000,-0.215803,0.010449,-3.493863,3.500537,-1.790491,-5.284354,3.924e-20,8.019e-20,9.687e-17,9.687e-17,1.00000000
37.700000,-0.208500,0.031203,-3.418940,3.425434,-1.865414,-5.284354,4.649e-20,1.011e-19,9.562e-17,9.562e-17,1.00000000
37.800000,-0.198512,0.053098,-3.342305,3.348616,-1.942049,-5.284355,4.815e-20,1.375e-19,9.333e-17,9.333e-17,1.00000000
37.900000,-0.186644,0.075557,-3.263741,3.269947,-2.020614,-5.284355,4.445e-20,1.717e-19,9.181e-17,9.181e-17,1.00000000
38.000000,-0.173566,0.097952,-3.183506,3.189738,-2.100849,-5.284355,5.141e-20,1.629e-19,9.426e-17,9.426e-17,1.00000000
38.100000,-0.159824,0.119660,-3.102198,3.108616,-2.182158,-5.284356,7.295e-20,1.254e-19,1.008e-16,1.008e-16,1.00000000
38.200000,-0.145855,0.140011,-3.020574,3.027333,-2.263782,-5.284356,9.216e-20,8.288e-20,1.053e-16,1.053e-16,1.00000000
38.300000,-0.132023,0.158310,-2.939319,2.946538,-2.345038,-5.284357,1.030e-19,5.218e-20,1.028e-16,1.028e-16,1.00000000
38.400000,-0.118522,0.174265,-2.858765,2.866523,-2.425592,-5.284357,9.792e-20,3.128e-20,9.542e-17,9.542e-17,1.00000000
38.500000,-0.105144,0.188302,-2.778666,2.787024,-2.505691,-5.284357,9.429e-20,2.121e-20,8.946e-17,8.946e-17,1.00000000
38.600000,-0.091267,0.201353,-2.698200,2.707242,-2.586157,-5.284358,9.265e-20,1.706e-20,1.036e-16,1.036e-16,1.00000000
38.700000,-0.076505,0.214348,-2.616319,2.626199,-2.668039,-5.284358,9.031e-20,1.559e-20,1.504e-16,1.504e-16,1.00000000
38.800000,-0.061478,0.227668,-2.532457,2.543413,-2.751901,-5.284358,8.845e-20,1.574e-20,2.391e-16,2.391e-16,1.00000000
38.900000,-0.047590,0.241089,-2.446955,2.459263,-2.837403,-5.284358,8.623e-20,1.677e-20,3.442e-16,3.442e-16,1.00000000
39.000000,-0.036218,0.254094,-2.360849,2.374760,-2.923509,-5.284358,9.949e-20,1.970e-20,4.241e-16,4.241e-16,1.00000000
39.100000,-0.028354,0.266027,-2.275412,2.291086,-3.008946,-5.284358,1.210e-19,2.152e-20,4.470e-16,4.470e-16,1.00000000
39.200000,-0.024608,0.276113,-2.191670,2.209132,-3.092687,-5.284357,1.327e-19,2.402e-20,4.383e-16,4.383e-16,1.00000000
39.300000,-0.025248,0.283643,-2.110322,2.129448,-3.174035,-5.284356,1.451e-19,2.847e-20,4.255e-16,4.255e-16,1.00000000
39.400000,-0.030297,0.288251,-2.032047,2.052614,-3.252308,-5.284356,1.635e-19,3.530e-20,4.085e-16,4.085e-16,1.00000000
39.500000,-0.039563,0.289875,-1.957979,1.979716,-3.326375,-5.284355,1.919e-19,6.273e-20,4.304e-16,4.304e-16,1.00000000
39.600000,-0.052467,0.288529,-1.889992,1.912609,-3.394361,-5.284354,2.304e-19,1.289e-19,4.937e-16,4.937e-16,1.00000000
39.700000,-0.067821,0.284147,-1.830347,1.853512,-3.454006,-5.284352,2.300e-19,1.909e-19,4.268e-16,4.268e-16,1.00000000
39.800000,-0.083830,0.276703,-1.781052,1.804366,-3.503299,-5.284351,1.763e-19,1.823e-19,2.862e-16,2.862e-16,1.00000000
39.900000,-0.098407,0.266707,-1.743371,1.766397,-3.540979,-5.284350,1.279e-19,1.328e-19,2.211e-16,2.211e-16,1.00000000
40.000000,-0.109795,0.255512,-1.717356,1.739728,-3.566993,-5.284349,8.089e-20,9.581e-20,2.165e-16,2.165e-16,1.00000000
40.100000,-0.117022,0.244860,-1.701739,1.723243,-3.582608,-5.284347,4.831e-20,7.769e-20,3.166e-16,3.166e-16,1.00000000
40.200000,-0.120331,0.236115,-1.694564,1.715161,-3.589782,-5.284346,3.623e-20,6.850e-20,2.652e-16,2.652e-16,1.00000000
40.300000,-0.121252,0.229822,-1.693906,1.713720,-3.590439,-5.284345,4.092e-20,6.470e-20,1.832e-16,1.832e-16,1.00000000
40.400000,-0.121310,0.225632,-1.698222,1.717435,-3.586122,-5.284344,4.058e-20,5.837e-20,1.397e-16,1.397e-16,1.00000000
40.500000,-0.120924,0.222727,-1.706469,1.725186,-3.577874,-5.284343,3.756e-20,5.098e-20,1.155e-16,1.155e-16,1.00000000
40.600000,-0.119520,0.220399,-1.717801,1.736002,-3.566540,-5.284341,3.522e-20,6.683e-20,8.808e-17,8.808e-17,1.00000000
40.700000,-0.116726,0.218065,-1.731574,1.749150,-3.552767,-5.284340,3.933e-20,8.384e-20,7.654e-17,7.654e-17,1.00000000
40.800000,-0.112523,0.214790,-1.746967,1.763715,-3.537373,-5.284340,5.072e-20,1.055e-19,6.800e-17,6.800e-17,1.00000000
40.900000,-0.107199,0.209681,-1.763117,1.778775,-3.521221,-5.284339,5.680e-20,1.125e-19,4.840e-17,4.840e-17,1.00000000
41.000000,-0.101503,0.202660,-1.779579,1.793955,-3.504759,-5.284338,5.192e-20,1.241e-19,4.558e-17,4.558e-17,1.00000000
41.100000,-0.096031,0.194881,-1.795487,1.808584,-3.488850,-5.284338,4.858e-20,1.509e-19,4.605e-17,4.605e-17,1.00000000
41.200000,-0.091184,0.187599,-1.809391,1.821374,-3.474946,-5.284337,6.450e-20,1.638e-19,4.529e-17,4.529e-17,1.00000000
41.300000,-0.086322,0.181700,-1.820400,1.831481,-3.463936,-5.284336,8.474e-20,1.489e-19,3.891e-17,3.891e-17,1.00000000
41.400000,-0.079683,0.177639,-1.827898,1.838237,-3.456438,-5.284336,9.108e-20,1.045e-19,3.144e-17,3.144e-17,1.00000000
41.500000,-0.069773,0.175427,-1.831510,1.841215,-3.452825,-5.284336,8.321e-20,6.440e-20,3.222e-17,3.222e-17,1.00000000
41.600000,-0.056829,0.175300,-1.831648,1.840895,-3.452687,-5.284335,7.045e-20,3.723e-20,3.450e-17,3.450e-17,1.00000000
41.700000,-0.042946,0.177456,-1.829209,1.838299,-3.455125,-5.284335,6.065e-20,2.856e-20,4.223e-17,4.223e-17,1.00000000
41.800000,-0.030806,0.181609,-1.825906,1.835174,-3.458429,-5.284334,6.048e-20,2.374e-20,5.200e-17,5.200e-17,1.00000000
41.900000,-0.022772,0.186969,-1.824714,1.834409,-3.459620,-5.284334,6.247e-20,2.406e-20,5.283e-17,5.283e-17,1.00000000
42.000000,-0.020488,0.191714,-1.829036,1.839170,-3.455298,-5.284334,5.756e-20,2.678e-20,4.873e-17,4.873e-17,1.00000000
42.100000,-0.024476,0.193522,-1.840814,1.851120,-3.443520,-5.284334,5.224e-20,2.540e-20,2.949e-17,2.949e-17,1.00000000
42.200000,-0.034053,0.191937,-1.859022,1.869214,-3.425311,-5.284333,5.802e-20,2.797e-20,2.034e-17,2.034e-17,1.00000000
42.300000,-0.047802,0.188585,-1.880427,1.890464,-3.403906,-5.284333,6.558e-20,2.943e-20,2.525e-17,2.525e-17,1.00000000
42.400000,-0.064796,0.185565,-1.902694,1.912819,-3.381639,-5.284333,7.982e-20,3.694e-20,2.786e-17,2.786e-17,1.00000000
42.500000,-0.083482,0.184120,-1.925308,1.935892,-3.359025,-5.284333,8.956e-20,5.344e-20,3.207e-17,3.207e-17,1.00000000
42.600000,-0.101007,0.183473,-1.948201,1.959426,-3.336131,-5.284332,9.718e-20,8.009e-20,3.802e-17,3.802e-17,1.00000000
42.700000,-0.114132,0.181166,-1.970259,1.981859,-3.314073,-5.284332,1.085e-19,1.132e-19,2.198e-17,2.198e-17,1.00000000
42.800000,-0.120012,0.174650,-1.989951,2.001202,-3.294381,-5.284332,1.274e-19,1.681e-19,1.653e-17,1.653e-17,1.00000000
42.900000,-0.116512,0.163094,-2.006154,2.016143,-3.278177,-5.284331,1.294e-19,1.635e-19,1.969e-17,1.969e-17,1.00000000
43.000000,-0.104396,0.147340,-2.018791,2.026851,-3.265541,-5.284331,1.202e-19,1.258e-19,1.049e-17,1.049e-17,1.00000000
43.100000,-0.087769,0.128165,-2.028872,2.034810,-3.255460,-5.284332,8.309e-20,9.503e-20,6.093e-18,6.093e-18,1.00000000
43.200000,-0.070836,0.106237,-2.038270,2.042265,-3.246062,-5.284332,5.914e-20,7.939e-20,4.509e-18,4.509e-18,1.00000000
43.300000,-0.055482,0.083493,-2.048477,2.050928,-3.235855,-5.284332,3.964e-20,8.711e-20,6.392e-18,6.392e-18,1.00000000
43.400000,-0.041524,0.062491,-2.059163,2.060529,-3.225169,-5.284332,3.091e-20,9.429e-20,1.064e-17,1.064e-17,1.00000000
43.500000,-0.028642,0.045368,-2.068228,2.068924,-3.216104,-5.284332,2.674e-20,6.344e-20,1.876e-17,1.876e-17,1.00000000
43.600000,-0.017842,0.033754,-2.073778,2.074130,-3.210554,-5.284333,2.317e-20,7.665e-20,3.018e-17,3.018e-17,1.00000000
43.700000,-0.010767,0.028717,-2.076264,2.076490,-3.208069,-5.284333,2.331e-20,6.679e-20,2.695e-17,2.695e-17,1.00000000
43.800000,-0.008634,0.029959,-2.077650,2.077884,-3.206683,-5.284333,2.772e-20,9.229e-20,1.661e-17,1.661e-17,1.00000000
43.900000,-0.012099,0.036355,-2.079235,2.079588,-3.205098,-5.284333,3.600e-20,1.574e-19,1.608e-17,1.608e-17,1.00000000
44.000000,-0.021125,0.046544,-2.081449,2.082076,-3.202885,-5.284333,4.459e-20,2.204e-19,1.050e-17,1.050e-17,1.00000000
44.100000,-0.034065,0.059807,-2.084767,2.085903,-3.199566,-5.284334,5.015e-20,1.818e-19,9.213e-18,9.213e-18,1.00000000
44.200000,-0.048030,0.075110,-2.089547,2.091448,-3.194787,-5.284335,5.296e-20,1.635e-19,1.283e-17,1.283e-17,1.00000000
44.300000,-0.060309,0.090447,-2.094616,2.097435,-3.189719,-5.284335,4.992e-20,1.662e-19,1.428e-17,1.428e-17,1.00000000
44.400000,-0.069208,0.104665,-2.098816,2.102563,-3.185520,-5.284336,5.926e-20,1.434e-19,1.040e-17,1.040e-17,1.00000000
44.500000,-0.074480,0.118414,-2.102279,2.106928,-3.182058,-5.284337,7.088e-20,1.358e-19,7.725e-18,7.725e-18,1.00000000
44.600000,-0.076711,0.132301,-2.105812,2.111358,-3.178526,-5.284338,7.486e-20,1.303e-19,1.076e-17,1.076e-17,1.00000000
44.700000,-0.076518,0.145224,-2.109973,2.116349,-3.174366,-5.284339,6.096e-20,6.833e-20,3.652e-17,3.652e-17,1.00000000
44.800000,-0.073884,0.155974,-2.114250,2.121283,-3.170090,-5.284340,4.576e-20,4.473e-20,2.858e-17,2.858e-17,1.00000000
44.900000,-0.069701,0.163479,-2.117762,2.125206,-3.166578,-5.284340,3.842e-20,3.160e-20,7.455e-18,7.455e-18,1.00000000
45.000000,-0.065508,0.166310,-2.120036,2.127558,-3.164305,-5.284340,3.694e-20,2.346e-20,7.874e-18,7.874e-18,1.00000000
45.100000,-0.062344,0.164387,-2.122005,2.129276,-3.162335,-5.284341,3.685e-20,2.267e-20,1.260e-17,1.260e-17,1.00000000
45.200000,-0.060809,0.158627,-2.124643,2.131424,-3.159698,-5.284341,4.130e-20,2.462e-20,8.232e-18,8.232e-18,1.00000000
45.300000,-0.061657,0.149551,-2.127429,2.133570,-3.156912,-5.284340,4.779e-20,2.709e-20,3.517e-18,3.517e-18,1.00000000
45.400000,-0.065631,0.137235,-2.129544,2.134970,-3.154796,-5.284340,6.439e-20,3.065e-20,3.406e-18,3.406e-18,1.00000000
45.500000,-0.071352,0.121700,-2.130340,2.135006,-3.154000,-5.284340,8.945e-20,3.657e-20,5.479e-18,5.479e-18,1.00000000
45.600000,-0.076799,0.104176,-2.129885,2.133814,-3.154455,-5.284340,1.036e-19,4.872e-20,1.568e-17,1.568e-17,1.00000000
45.700000,-0.080544,0.086185,-2.128923,2.132189,-3.155417,-5.284340,1.082e-19,5.996e-20,3.994e-17,3.994e-17,1.00000000
45.800000,-0.081621,0.069576,-2.127927,2.130628,-3.156414,-5.284340,1.208e-19,6.579e-20,4.777e-17,4.777e-17,1.00000000
45.900000,-0.080646,0.056833,-2.127928,2.130213,-3.156413,-5.284340,1.677e-19,7.666e-20,3.052e-17,3.052e-17,1.00000000
46.000000,-0.079567,0.047878,-2.129883,2.131907,-3.154457,-5.284340,1.725e-19,9.122e-20,1.256e-17,1.256e-17,1.00000000
46.100000,-0.079108,0.040479,-2.133232,2.135082,-3.151108,-5.284340,1.249e-19,9.719e-20,1.070e-17,1.070e-17,1.00000000
46.200000,-0.079108,0.033286,-2.137075,2.138797,-3.147265,-5.284340,1.067e-19,9.257e-20,8.244e-18,8.244e-18,1.00000000
46.300000,-0.078891,0.027664,-2.141397,2.143028,-3.142943,-5.284340,9.231e-20,8.339e-20,2.051e-17,2.051e-17,1.00000000
46.400000,-0.077670,0.026090,-2.146217,2.147780,-3.138123,-5.284340,8.217e-20,7.889e-20,9.301e-18,9.301e-18,1.00000000
46.500000,-0.075344,0.029192,-2.150358,2.151876,-3.133982,-5.284340,1.003e-19,8.586e-20,2.560e-17,2.560e-17,1.00000000
46.600000,-0.072744,0.034960,-2.153763,2.155275,-3.130577,-5.284340,1.300e-19,9.838e-20,5.732e-17,5.732e-17,1.00000000
46.700000,-0.071787,0.039722,-2.157327,2.158887,-3.127013,-5.284340,1.531e-19,1.303e-19,3.178e-17,3.178e-17,1.00000000
46.800000,-0.073599,0.040621,-2.160619,2.162254,-3.123721,-5.284340,1.975e-19,1.788e-19,2.029e-17,2.029e-17,1.00000000
46.900000,-0.077711,0.037164,-2.163308,2.165022,-3.121032,-5.284339,2.170e-19,2.196e-19,1.092e-17,1.092e-17,1.00000000
47.000000,-0.081889,0.031334,-2.165577,2.167351,-3.118763,-5.284339,2.694e-19,3.793e-19,4.902e-18,4.902e-18,1.00000000
47.100000,-0.083389,0.025941,-2.167593,2.169351,-3.116747,-5.284339,7.313e-19,1.033e-18,4.106e-18,4.106e-18,1.00000000
47.200000,-0.080880,0.021873,-2.169409,2.171027,-3.114930,-5.284339,2.167e-18,2.771e-18,4.682e-18,4.682e-18,1.00000000
47.300000,-0.075710,0.018416,-2.171298,2.172696,-3.113041,-5.284339,4.515e-18,5.009e-18,4.798e-18,5.009e-18,1.00000000
47.400000,-0.069611,0.014361,-2.174519,2.175681,-3.109820,-5.284339,5.975e-18,5.758e-18,3.296e-18,5.975e-18,1.00000000
47.500000,-0.063138,0.009452,-2.179792,2.180727,-3.104547,-5.284339,5.489e-18,4.674e-18,3.557e-18,5.489e-18,1.00000000
47.600000,-0.055597,0.004428,-2.186389,2.187100,-3.097950,-5.284339,3.766e-18,2.937e-18,3.730e-18,3.766e-18,1.00000000
47.700000,-0.045699,-0.000659,-2.193553,2.194029,-3.090785,-5.284339,1.999e-18,1.565e-18,4.819e-18,4.819e-18,1.00000000
47.800000,-0.033922,-0.006015,-2.200593,2.200862,-3.083746,-5.284338,1.021e-18,8.395e-19,4.667e-18,4.667e-18,1.00000000
47.900000,-0.021669,-0.012279,-2.207423,2.207563,-3.076916,-5.284338,5.556e-19,4.699e-19,4.158e-18,4.158e-18,1.00000000
48.000000,-0.011212,-0.020127,-2.214420,2.214540,-3.069918,-5.284338,3.223e-19,2.948e-19,7.630e-18,7.630e-18,1.00000000
48.100000,-0.004882,-0.030295,-2.222233,2.222445,-3.062106,-5.284338,2.411e-19,2.222e-19,2.705e-17,2.705e-17,1.00000000
48.200000,-0.003499,-0.043501,-2.231335,2.231761,-3.053004,-5.284339,2.547e-19,2.163e-19,4.822e-17,4.822e-17,1.00000000
48.300000,-0.006237,-0.058757,-2.242128,2.242906,-3.042211,-5.284339,3.970e-19,3.413e-19,2.797e-17,2.797e-17,1.00000000
48.400000,-0.011552,-0.074241,-2.254011,2.255263,-3.030328,-5.284339,6.000e-19,5.795e-19,1.514e-17,1.514e-17,1.00000000
48.500000,-0.018902,-0.089259,-2.265191,2.267028,-3.019148,-5.284339,6.868e-19,7.536e-19,6.512e-18,6.512e-18,1.00000000
48.600000,-0.029024,-0.103660,-2.274689,2.277234,-3.009650,-5.284339,6.237e-19,7.223e-19,4.705e-18,4.705e-18,1.00000000
48.700000,-0.043828,-0.117469,-2.282899,2.286340,-3.001439,-5.284339,5.538e-19,6.148e-19,6.490e-18,6.490e-18,1.00000000
48.800000,-0.064576,-0.131547,-2.290617,2.295300,-2.993721,-5.284338,6.004e-19,5.796e-19,7.222e-18,7.222e-18,1.00000000
48.900000,-0.091177,-0.146489,-2.297965,2.304434,-2.986372,-5.284337,7.118e-19,6.107e-19,6.430e-18,6.430e-18,1.00000000
49.000000,-0.123139,-0.161544,-2.304832,2.313766,-2.979504,-5.284336,7.548e-19,6.035e-19,9.536e-18,9.536e-18,1.00000000
49.100000,-0.160195,-0.174505,-2.312272,2.324374,-2.972062,-5.284334,6.522e-19,5.321e-19,1.937e-17,1.937e-17,1.00000000
49.200000,-0.201755,-0.182346,-2.321299,2.337174,-2.963033,-5.284332,5.415e-19,4.618e-19,2.574e-17,2.574e-17,1.00000000
49.300000,-0.246359,-0.183470,-2.331053,2.351204,-2.953277,-5.284330,6.315e-19,5.633e-19,2.633e-17,2.633e-17,1.00000000
49.400000,-0.290757,-0.180098,-2.339855,2.364719,-2.944473,-5.284328,9.968e-19,9.415e-19,2.113e-17,2.113e-17,1.00000000
49.500000,-0.331073,-0.174668,-2.347223,2.376883,-2.937103,-5.284326,1.927e-18,1.565e-18,2.131e-17,2.131e-17,1.00000000
49.600000,-0.363952,-0.167593,-2.354610,2.388459,-2.929715,-5.284324,4.111e-18,2.638e-18,4.323e-17,4.323e-17,1.00000000
49.700000,-0.389872,-0.158267,-2.363286,2.400452,-2.921037,-5.284323,7.320e-18,4.668e-18,1.671e-16,1.671e-16,1.00000000
49.800000,-0.412208,-0.145311,-2.373814,2.413716,-2.910508,-5.284322,1.042e-17,6.739e-18,2.557e-16,2.557e-16,1.00000000
49.900000,-0.434203,-0.127961,-2.386382,2.428935,-2.897939,-5.284322,1.224e-17,8.475e-18,2.300e-16,2.300e-16,1.00000000
50.000000,-0.455698,-0.106708,-2.400997,2.446188,-2.883324,-5.284322,1.405e-17,1.053e-17,1.718e-16,1.718e-16,1.00000000
50.100000,-0.476114,-0.082603,-2.417154,2.464983,-2.867168,-5.284322,1.604e-17,1.131e-17,8.593e-17,8.593e-17,1.00000000
50.200000,-0.494818,-0.056558,-2.433753,2.484190,-2.850569,-5.284323,1.672e-17,1.315e-17,5.626e-17,5.626e-17,1.00000000
50.300000,-0.511288,-0.029372,-2.450179,2.503129,-2.834144,-5.284323,2.544e-17,2.886e-17,5.411e-17,5.411e-17,1.00000000
50.400000,-0.525863,-0.001451,-2.466694,2.522125,-2.817630,-5.284324,5.551e-17,6.998e-17,5.831e-17,6.998e-17,1.00000000
50.500000,-0.537959,0.026300,-2.483915,2.541638,-2.800409,-5.284324,1.112e-16,1.296e-16,5.883e-17,1.296e-16,1.00000000
50.600000,-0.546982,0.053965,-2.501661,2.561330,-2.782663,-5.284324,1.878e-16,1.825e-16,5.607e-17,1.878e-16,1.00000000
50.700000,-0.553509,0.082090,-2.518909,2.580313,-2.765415,-5.284324,2.276e-16,2.090e-16,6.347e-17,2.276e-16,1.00000000
50.800000,-0.557862,0.110836,-2.535431,2.598443,-2.748893,-5.284324,1.918e-16,1.909e-16,8.294e-17,1.918e-16,1.00000000
50.900000,-0.560255,0.140500,-2.551891,2.616442,-2.732433,-5.284324,1.319e-16,1.314e-16,8.950e-17,1.319e-16,1.00000000
51.000000,-0.560610,0.171871,-2.568839,2.634911,-2.715485,-5.284324,8.573e-17,7.597e-17,6.873e-17,8.573e-17,1.00000000
51.100000,-0.559638,0.205280,-2.585952,2.653768,-2.698371,-5.284323,5.909e-17,5.140e-17,5.084e-17,5.909e-17,1.00000000
51.200000,-0.557821,0.240199,-2.602923,2.672838,-2.681401,-5.284323,4.362e-17,5.032e-17,7.765e-17,7.765e-17,1.00000000
51.300000,-0.554321,0.274367,-2.619368,2.691401,-2.664955,-5.284324,3.440e-17,5.429e-17,1.873e-16,1.873e-16,1.00000000
51.400000,-0.548156,0.304934,-2.635204,2.708830,-2.649120,-5.284325,3.246e-17,5.329e-17,2.425e-16,2.425e-16,1.00000000
51.500000,-0.538746,0.330368,-2.650953,2.725241,-2.633373,-5.284326,3.795e-17,5.439e-17,2.377e-16,2.377e-16,1.00000000
51.600000,-0.526383,0.350852,-2.666223,2.740241,-2.618105,-5.284328,4.669e-17,6.153e-17,1.775e-16,1.775e-16,1.00000000
51.700000,-0.511892,0.368179,-2.680230,2.753402,-2.604100,-5.284331,5.064e-17,6.106e-17,9.658e-17,9.658e-17,1.00000000
51.800000,-0.495783,0.384780,-2.692918,2.765079,-2.591417,-5.284334,4.418e-17,4.667e-17,6.472e-17,6.472e-17,1.00000000
51.900000,-0.478362,0.401999,-2.704923,2.776156,-2.579416,-5.284339,3.250e-17,3.152e-17,7.292e-17,7.292e-17,1.00000000
52.000000,-0.459722,0.420039,-2.716215,2.786683,-2.568129,-5.284344,2.863e-17,2.419e-17,1.224e-16,1.224e-16,1.00000000
52.100000,-0.440288,0.438387,-2.727168,2.797049,-2.557181,-5.284350,3.186e-17,2.230e-17,1.765e-16,1.765e-16,1.00000000
52.200000,-0.420346,0.456118,-2.737543,2.806933,-2.546813,-5.284356,3.360e-17,2.187e-17,2.108e-16,2.108e-16,1.00000000
52.300000,-0.400214,0.472159,-2.747453,2.816310,-2.536910,-5.284363,2.859e-17,2.083e-17,2.577e-16,2.577e-16,1.00000000
52.400000,-0.380037,0.485125,-2.757359,2.825386,-2.527010,-5.284369,2.180e-17,1.961e-17,2.862e-16,2.862e-16,1.00000000
52.500000,-0.360600,0.494979,-2.766914,2.833875,-2.517462,-5.284376,2.054e-17,2.158e-17,3.190e-16,3.190e-16,1.00000000
52.600000,-0.342252,0.503115,-2.775756,2.841669,-2.508626,-5.284382,2.940e-17,3.038e-17,3.335e-16,3.335e-16,1.00000000
52.700000,-0.324827,0.511367,-2.783788,2.848944,-2.500600,-5.284388,5.361e-17,4.441e-17,3.002e-16,3.002e-16,1.00000000
52.800000,-0.307815,0.520385,-2.790757,2.855499,-2.493637,-5.284394,9.671e-17,6.425e-17,4.841e-16,4.841e-16,1.00000000
52.900000,-0.290602,0.530395,-2.796125,2.860784,-2.488273,-5.284398,1.514e-16,9.850e-17,1.126e-15,1.126e-15,1.00000000
53.000000,-0.273045,0.542015,-2.799379,2.864412,-2.485024,-5.284403,2.244e-16,1.495e-16,1.834e-15,1.834e-15,1.00000000
53.100000,-0.255948,0.556066,-2.800297,2.866424,-2.484108,-5.284406,3.116e-16,2.099e-16,2.168e-15,2.168e-15,1.00000000
53.200000,-0.240211,0.572929,-2.798974,2.867090,-2.485434,-5.284408,3.821e-16,2.826e-16,1.921e-15,1.921e-15,1.00000000
53.300000,-0.226573,0.591955,-2.795715,2.866664,-2.488695,-5.284409,3.856e-16,3.336e-16,1.207e-15,1.207e-15,1.00000000
53.400000,-0.215536,0.611071,-2.791262,2.865485,-2.493148,-5.284410,3.804e-16,3.590e-16,8.317e-16,8.317e-16,1.00000000
53.500000,-0.207508,0.627424,-2.786237,2.863536,-2.498172,-5.284409,4.980e-16,4.693e-16,9.051e-16,9.051e-16,1.00000000
53.600000,-0.202117,0.638379,-2.780767,2.860253,-2.503641,-5.284408,9.389e-16,7.293e-16,9.532e-16,9.532e-16,1.00000000
53.700000,-0.198752,0.643321,-2.774692,2.855220,-2.509714,-5.284406,1.712e-15,1.183e-15,9.892e-16,1.712e-15,1.00000000
53.800000,-0.195922,0.643944,-2.768553,2.849199,-2.515850,-5.284403,2.315e-15,1.735e-15,9.084e-16,2.315e-15,1.00000000
53.900000,-0.191850,0.643468,-2.763252,2.843663,-2.521147,-5.284399,2.297e-15,2.249e-15,8.224e-16,2.297e-15,1.00000000
54.000000,-0.185881,0.644332,-2.758928,2.839260,-2.525466,-5.284394,1.946e-15,2.311e-15,8.666e-16,2.311e-15,1.00000000
54.100000,-0.177745,0.648039,-2.755078,2.835842,-2.529312,-5.284389,1.631e-15,1.834e-15,9.835e-16,1.834e-15,1.00000000
54.200000,-0.167298,0.655777,-2.751528,2.833538,-2.532855,-5.284383,1.380e-15,1.318e-15,7.878e-16,1.380e-15,1.00000000
54.300000,-0.154953,0.667686,-2.748284,2.832469,-2.536093,-5.284377,1.202e-15,1.098e-15,6.267e-16,1.202e-15,1.00000000
54.400000,-0.141633,0.682335,-2.744946,2.832026,-2.539425,-5.284371,1.129e-15,1.161e-15,7.272e-16,1.161e-15,1.00000000
54.500000,-0.127395,0.697778,-2.740644,2.830945,-2.543721,-5.284365,9.817e-16,1.130e-15,1.230e-15,1.230e-15,1.00000000
54.600000,-0.111429,0.712934,-2.735693,2.829260,-2.548665,-5.284359,7.759e-16,8.671e-16,1.738e-15,1.738e-15,1.00000000
54.700000,-0.093155,0.727009,-2.731099,2.827742,-2.553254,-5.284353,6.829e-16,6.585e-16,2.039e-15,2.039e-15,1.00000000
54.800000,-0.072502,0.739205,-2.727074,2.826413,-2.557274,-5.284348,7.098e-16,5.728e-16,1.852e-15,1.852e-15,1.00000000
54.900000,-0.049068,0.749726,-2.723059,2.824809,-2.561285,-5.284344,7.399e-16,5.198e-16,1.382e-15,1.382e-15,1.00000000
55.000000,-0.022379,0.759652,-2.718180,2.822424,-2.566160,-5.284340,7.120e-16,4.548e-16,1.094e-15,1.094e-15,1.00000000
55.100000,0.008910,0.770309,-2.711887,2.819182,-2.572450,-5.284337,6.205e-16,4.032e-16,1.177e-15,1.177e-15,1.00000000
55.200000,0.044491,0.781791,-2.704230,2.815321,-2.580106,-5.284335,5.083e-16,3.755e-16,1.438e-15,1.438e-15,1.00000000
55.300000,0.082245,0.792692,-2.695809,2.811141,-2.588524,-5.284334,4.346e-16,3.657e-16,1.839e-15,1.839e-15,1.00000000
55.400000,0.120994,0.801665,-2.686924,2.806575,-2.597409,-5.284333,3.854e-16,3.318e-16,2.047e-15,2.047e-15,1.00000000
55.500000,0.160903,0.808575,-2.677848,2.801884,-2.606485,-5.284333,3.363e-16,2.794e-16,2.140e-15,2.140e-15,1.00000000
55.600000,0.202302,0.813528,-2.668853,2.797415,-2.615480,-5.284333,2.979e-16,2.650e-16,2.618e-15,2.618e-15,1.00000000
55.700000,0.244696,0.816583,-2.660179,2.793428,-2.624153,-5.284333,3.192e-16,3.207e-16,2.914e-15,2.914e-15,1.00000000
55.800000,0.288230,0.816889,-2.652127,2.790011,-2.632206,-5.284333,4.017e-16,4.323e-16,2.985e-15,2.985e-15,1.00000000
55.900000,0.333235,0.814229,-2.644819,2.787307,-2.639514,-5.284333,5.912e-16,5.775e-16,3.401e-15,3.401e-15,1.00000000
56.000000,0.378526,0.808899,-2.637932,2.785010,-2.646402,-5.284333,9.320e-16,8.036e-16,4.060e-15,4.060e-15,1.00000000
56.100000,0.423498,0.800882,-2.630960,2.782574,-2.653372,-5.284333,1.433e-15,1.169e-15,6.307e-15,6.307e-15,1.00000000
56.200000,0.468209,0.789628,-2.624280,2.780211,-2.660052,-5.284332,2.092e-15,1.561e-15,8.885e-15,8.885e-15,1.00000000
56.300000,0.512801,0.775079,-2.617841,2.777914,-2.666489,-5.284330,2.764e-15,1.828e-15,1.122e-14,1.122e-14,1.00000000
56.400000,0.557164,0.758135,-2.611768,2.776064,-2.672560,-5.284328,3.185e-15,2.176e-15,1.234e-14,1.234e-14,1.00000000
56.500000,0.600321,0.738427,-2.606114,2.774435,-2.678211,-5.284325,3.470e-15,2.536e-15,1.028e-14,1.028e-14,1.00000000
56.600000,0.641500,0.716530,-2.599926,2.772102,-2.684395,-5.284321,3.507e-15,3.112e-15,8.183e-15,8.183e-15,1.00000000
56.700000,0.680149,0.692843,-2.593484,2.769259,-2.690832,-5.284317,3.927e-15,4.157e-15,7.607e-15,7.607e-15,1.00000000
56.800000,0.717016,0.667227,-2.587059,2.766257,-2.697253,-5.284312,5.628e-15,6.453e-15,7.237e-15,7.237e-15,1.00000000
56.900000,0.752924,0.639460,-2.579916,2.762566,-2.704391,-5.284307,8.579e-15,9.995e-15,7.062e-15,9.995e-15,1.00000000
57.000000,0.787866,0.609642,-2.571766,2.757966,-2.712536,-5.284302,1.162e-14,1.387e-14,7.634e-15,1.387e-14,1.00000000
57.100000,0.820934,0.578048,-2.563388,2.753004,-2.720910,-5.284298,1.394e-14,1.550e-14,7.227e-15,1.550e-14,1.00000000
57.200000,0.851491,0.544359,-2.555114,2.747721,-2.729180,-5.284294,1.483e-14,1.461e-14,6.627e-15,1.483e-14,1.00000000
57.300000,0.878909,0.508104,-2.546757,2.741646,-2.737534,-5.284292,1.439e-14,1.282e-14,5.254e-15,1.439e-14,1.00000000
57.400000,0.903835,0.469577,-2.538720,2.735419,-2.745570,-5.284290,1.320e-14,1.160e-14,4.532e-15,1.320e-14,1.00000000
57.500000,0.927652,0.428698,-2.531027,2.729545,-2.753263,-5.284290,1.107e-14,1.077e-14,5.090e-15,1.107e-14,1.00000000
57.600000,0.951756,0.385177,-2.522686,2.723627,-2.761605,-5.284291,8.848e-15,1.015e-14,5.688e-15,1.015e-14,1.00000000
57.700000,0.975486,0.339563,-2.512966,2.716960,-2.771327,-5.284293,7.081e-15,9.619e-15,7.034e-15,9.619e-15,1.00000000
57.800000,0.997083,0.293147,-2.502592,2.709811,-2.781705,-5.284298,6.079e-15,8.536e-15,9.522e-15,9.522e-15,1.00000000
57.900000,1.015404,0.247127,-2.492677,2.702879,-2.791626,-5.284303,5.751e-15,7.235e-15,1.078e-14,1.078e-14,1.00000000
58.000000,1.029698,0.202134,-2.483947,2.696503,-2.800363,-5.284310,5.453e-15,5.919e-15,1.138e-14,1.138e-14,1.00000000
58.100000,1.039176,0.158595,-2.476458,2.690332,-2.807860,-5.284318,4.882e-15,4.343e-15,1.157e-14,1.157e-14,1.00000000
58.200000,1.043548,0.116543,-2.470223,2.684135,-2.814103,-5.284326,4.218e-15,3.287e-15,1.084e-14,1.084e-14,1.00000000
58.300000,1.044287,0.075569,-2.464951,2.678102,-2.819384,-5.284335,3.537e-15,2.891e-15,1.052e-14,1.052e-14,1.00000000
58.400000,1.043197,0.034432,-2.460177,2.672437,-2.824166,-5.284343,3.002e-15,2.809e-15,9.995e-15,9.995e-15,1.00000000
58.500000,1.041354,-0.008289,-2.455231,2.666954,-2.829120,-5.284350,2.792e-15,2.849e-15,1.062e-14,1.062e-14,1.00000000
58.600000,1.039422,-0.053400,-2.449551,2.661494,-2.834806,-5.284357,2.641e-15,2.774e-15,1.260e-14,1.260e-14,1.00000000
58.700000,1.037669,-0.100406,-2.442721,2.655885,-2.841641,-5.284363,2.568e-15,2.551e-15,1.427e-14,1.427e-14,1.00000000
58.800000,1.035280,-0.147777,-2.434633,2.649733,-2.849734,-5.284367,2.833e-15,2.588e-15,1.572e-14,1.572e-14,1.00000000
58.900000,1.031920,-0.194541,-2.425162,2.642747,-2.859210,-5.284371,3.412e-15,3.007e-15,1.545e-14,1.545e-14,1.00000000
59.000000,1.027015,-0.240305,-2.414617,2.634934,-2.869758,-5.284374,4.397e-15,3.675e-15,1.556e-14,1.556e-14,1.00000000
59.100000,1.019502,-0.284788,-2.403984,2.626714,-2.880393,-5.284377,5.638e-15,4.575e-15,1.904e-14,1.904e-14,1.00000000
59.200000,1.008561,-0.328797,-2.393803,2.618319,-2.890576,-5.284379,6.898e-15,6.041e-15,2.489e-14,2.489e-14,1.00000000
59.300000,0.994079,-0.373338,-2.384090,2.609877,-2.900291,-5.284380,8.647e-15,8.350e-15,3.195e-14,3.195e-14,1.00000000
59.400000,0.977023,-0.418552,-2.374209,2.601274,-2.910173,-5.284382,1.123e-14,1.133e-14,4.030e-14,4.030e-14,1.00000000
59.500000,0.958326,-0.463246,-2.364891,2.593394,-2.919492,-5.284383,1.394e-14,1.430e-14,4.349e-14,4.349e-14,1.00000000
59.600000,0.938457,-0.506372,-2.357267,2.587242,-2.927118,-5.284385,1.812e-14,1.614e-14,4.829e-14,4.829e-14,1.00000000
59.700000,0.916710,-0.547061,-2.351247,2.582246,-2.933140,-5.284387,2.301e-14,1.826e-14,4.983e-14,4.983e-14,1.00000000
59.800000,0.892440,-0.586717,-2.346474,2.578105,-2.937915,-5.284389,2.471e-14,2.197e-14,5.196e-14,5.196e-14,1.00000000
59.900000,0.865742,-0.626606,-2.342323,2.574611,-2.942068,-5.284391,2.555e-14,2.688e-14,5.143e-14,5.143e-14,1.00000000
60.000000,0.836530,-0.666974,-2.338148,2.571298,-2.946246,-5.284394,3.053e-14,3.517e-14,5.055e-14,5.055e-14,1.00000000
60.100000,0.804734,-0.707226,-2.334709,2.568780,-2.949687,-5.284396,4.434e-14,4.792e-14,4.556e-14,4.792e-14,1.00000000
60.200000,0.770815,-0.745746,-2.332954,2.567677,-2.951444,-5.284397,6.084e-14,6.012e-14,4.424e-14,6.084e-14,1.00000000
60.300000,0.734672,-0.780956,-2.333059,2.567645,-2.951339,-5.284398,7.283e-14,7.227e-14,4.084e-14,7.283e-14,1.00000000
60.400000,0.696129,-0.812470,-2.334411,2.567913,-2.949988,-5.284399,8.501e-14,8.046e-14,3.754e-14,8.501e-14,1.00000000
60.500000,0.656103,-0.839904,-2.337000,2.568556,-2.947399,-5.284399,9.554e-14,8.285e-14,3.324e-14,9.554e-14,1.00000000
60.600000,0.615261,-0.863213,-2.341039,2.569853,-2.943359,-5.284398,9.844e-14,8.135e-14,2.817e-14,9.844e-14,1.00000000
60.700000,0.573701,-0.883334,-2.346225,2.571806,-2.938171,-5.284396,8.348e-14,7.347e-14,2.720e-14,8.348e-14,1.00000000
60.800000,0.530546,-0.901728,-2.351187,2.573456,-2.933206,-5.284393,6.646e-14,6.173e-14,2.953e-14,6.646e-14,1.00000000
60.900000,0.485202,-0.919982,-2.355037,2.574488,-2.929352,-5.284390,5.559e-14,5.033e-14,3.711e-14,5.559e-14,1.00000000
61.000000,0.437136,-0.938802,-2.357747,2.575152,-2.926638,-5.284386,4.901e-14,3.920e-14,4.497e-14,4.901e-14,1.00000000
61.100000,0.385941,-0.958122,-2.358895,2.575138,-2.925485,-5.284381,4.299e-14,3.208e-14,4.378e-14,4.378e-14,1.00000000
61.200000,0.331378,-0.977928,-2.357959,2.574126,-2.926416,-5.284375,3.440e-14,2.715e-14,4.973e-14,4.973e-14,1.00000000
61.300000,0.274137,-0.997845,-2.355309,2.572611,-2.929060,-5.284369,2.598e-14,2.194e-14,5.464e-14,5.464e-14,1.00000000
61.400000,0.215245,-1.016776,-2.351721,2.571139,-2.932642,-5.284363,2.028e-14,1.842e-14,6.211e-14,6.211e-14,1.00000000
61.500000,0.155917,-1.032914,-2.347915,2.569811,-2.936442,-5.284357,1.731e-14,1.677e-14,6.438e-14,6.438e-14,1.00000000
61.600000,0.097307,-1.045196,-2.344627,2.568887,-2.939724,-5.284351,1.578e-14,1.536e-14,6.417e-14,6.417e-14,1.00000000
61.700000,0.039898,-1.053171,-2.342487,2.568659,-2.941859,-5.284346,1.465e-14,1.403e-14,6.635e-14,6.635e-14,1.00000000
61.800000,-0.016228,-1.056893,-2.341584,2.569105,-2.942758,-5.284343,1.419e-14,1.331e-14,7.154e-14,7.154e-14,1.00000000
61.900000,-0.070377,-1.056020,-2.342284,2.570296,-2.942056,-5.284340,1.493e-14,1.380e-14,7.552e-14,7.552e-14,1.00000000
62.000000,-0.122474,-1.050659,-2.344444,2.572023,-2.939895,-5.284339,1.708e-14,1.562e-14,7.552e-14,7.552e-14,1.00000000
62.100000,-0.172868,-1.041426,-2.347947,2.574355,-2.936392,-5.284339,2.150e-14,1.714e-14,7.522e-14,7.522e-14,1.00000000
62.200000,-0.221094,-1.028700,-2.352748,2.577310,-2.931592,-5.284340,2.864e-14,2.067e-14,7.439e-14,7.439e-14,1.00000000
62.300000,-0.267158,-1.012798,-2.359221,2.581290,-2.925122,-5.284343,3.820e-14,2.688e-14,8.058e-14,8.058e-14,1.00000000
62.400000,-0.311756,-0.994148,-2.366992,2.586151,-2.917354,-5.284346,4.467e-14,3.380e-14,9.623e-14,9.623e-14,1.00000000
62.500000,-0.355036,-0.973219,-2.375332,2.591411,-2.909018,-5.284351,4.904e-14,4.374e-14,1.125e-13,1.125e-13,1.00000000
62.600000,-0.396371,-0.949835,-2.384270,2.596929,-2.900086,-5.284356,6.047e-14,5.512e-14,1.353e-13,1.353e-13,1.00000000
62.700000,-0.436114,-0.923933,-2.393899,2.602806,-2.890463,-5.284362,7.858e-14,7.006e-14,1.533e-13,1.533e-13,1.00000000
62.800000,-0.474366,-0.895094,-2.404201,2.608908,-2.880168,-5.284369,9.119e-14,8.178e-14,1.542e-13,1.542e-13,1.00000000
62.900000,-0.510702,-0.863054,-2.415428,2.615334,-2.868947,-5.284375,9.474e-14,8.819e-14,1.588e-13,1.588e-13,1.00000000
63.000000,-0.544784,-0.827977,-2.427332,2.621884,-2.857050,-5.284382,1.075e-13,1.010e-13,1.867e-13,1.867e-13,1.00000000
63.100000,-0.576712,-0.790479,-2.439272,2.628212,-2.845116,-5.284388,1.270e-13,1.248e-13,2.026e-13,2.026e-13,1.00000000
63.200000,-0.607011,-0.750524,-2.450710,2.633956,-2.833683,-5.284393,1.449e-13,1.541e-13,2.204e-13,2.204e-13,1.00000000
63.300000,-0.636359,-0.708368,-2.460863,2.638671,-2.823535,-5.284398,1.771e-13,1.832e-13,2.298e-13,2.298e-13,1.00000000
63.400000,-0.665635,-0.664830,-2.469156,2.642309,-2.815246,-5.284402,2.129e-13,2.288e-13,2.018e-13,2.288e-13,1.00000000
63.500000,-0.694917,-0.620818,-2.474913,2.644526,-2.809492,-5.284405,2.422e-13,2.771e-13,1.697e-13,2.771e-13,1.00000000
63.600000,-0.723232,-0.577166,-2.478445,2.645539,-2.805962,-5.284407,2.582e-13,3.192e-13,1.527e-13,3.192e-13,1.00000000
63.700000,-0.749712,-0.534185,-2.480409,2.645723,-2.803999,-5.284408,2.951e-13,3.522e-13,1.362e-13,3.522e-13,1.00000000
63.800000,-0.773511,-0.492096,-2.481469,2.645405,-2.802939,-5.284408,3.352e-13,3.580e-13,1.197e-13,3.580e-13,1.00000000
63.900000,-0.794010,-0.450871,-2.482267,2.644879,-2.802140,-5.284408,3.445e-13,3.384e-13,1.162e-13,3.445e-13,1.00000000
64.000000,-0.811760,-0.410088,-2.482764,2.644096,-2.801643,-5.284406,3.313e-13,3.078e-13,1.218e-13,3.313e-13,1.00000000
64.100000,-0.828191,-0.368449,-2.482354,2.642676,-2.802051,-5.284405,2.776e-13,2.769e-13,1.294e-13,2.776e-13,1.00000000
64.200000,-0.844741,-0.324295,-2.480412,2.640303,-2.803990,-5.284402,2.024e-13,2.449e-13,1.486e-13,2.449e-13,1.00000000
64.300000,-0.861599,-0.276868,-2.476407,2.636588,-2.807993,-5.284400,1.507e-13,2.099e-13,1.672e-13,2.099e-13,1.00000000
64.400000,-0.876847,-0.227514,-2.470557,2.631401,-2.813841,-5.284398,1.324e-13,1.745e-13,1.747e-13,1.747e-13,1.00000000
64.500000,-0.888032,-0.178217,-2.463692,2.624908,-2.820703,-5.284395,1.199e-13,1.377e-13,1.873e-13,1.873e-13,1.00000000
64.600000,-0.894381,-0.130543,-2.457042,2.618017,-2.827352,-5.284393,1.033e-13,1.104e-13,2.060e-13,2.060e-13,1.00000000
64.700000,-0.896645,-0.084831,-2.451154,2.611383,-2.833238,-5.284392,8.359e-14,8.934e-14,2.333e-13,2.333e-13,1.00000000
64.800000,-0.895692,-0.040898,-2.446604,2.605726,-2.837787,-5.284391,6.560e-14,7.687e-14,2.811e-13,2.811e-13,1.00000000
64.900000,-0.892655,0.001759,-2.443383,2.601338,-2.841007,-5.284390,5.550e-14,7.027e-14,3.088e-13,3.088e-13,1.00000000
65.000000,-0.888225,0.044208,-2.440773,2.597744,-2.843617,-5.284390,5.369e-14,6.971e-14,2.997e-13,2.997e-13,1.00000000
65.100000,-0.882926,0.087544,-2.437997,2.594428,-2.846393,-5.284390,5.579e-14,7.251e-14,2.909e-13,2.909e-13,1.00000000
65.200000,-0.876274,0.131367,-2.434889,2.591100,-2.849501,-5.284391,6.075e-14,7.829e-14,2.748e-13,2.748e-13,1.00000000
65.300000,-0.867902,0.175071,-2.431328,2.587520,-2.853063,-5.284391,7.294e-14,9.212e-14,2.636e-13,2.636e-13,1.00000000
65.400000,-0.857573,0.218270,-2.426895,2.583194,-2.857496,-5.284391,9.183e-14,1.178e-13,2.648e-13,2.648e-13,1.00000000
65.500000,-0.845220,0.260348,-2.421356,2.577817,-2.863035,-5.284391,1.108e-13,1.400e-13,2.682e-13,2.682e-13,1.00000000
65.600000,-0.830546,0.301802,-2.414872,2.571478,-2.869519,-5.284391,1.390e-13,1.725e-13,2.823e-13,2.823e-13,1.00000000
65.700000,-0.813636,0.342725,-2.407703,2.564469,-2.876686,-5.284389,1.944e-13,2.187e-13,3.058e-13,3.058e-13,1.00000000
65.800000,-0.794115,0.382176,-2.400379,2.557048,-2.884009,-5.284388,2.647e-13,2.505e-13,3.685e-13,3.685e-13,1.00000000
65.900000,-0.771603,0.418779,-2.393579,2.549504,-2.890806,-5.284385,3.125e-13,2.617e-13,4.340e-13,4.340e-13,1.00000000
66.000000,-0.746529,0.452548,-2.386810,2.541450,-2.897572,-5.284382,3.287e-13,2.742e-13,4.879e-13,4.879e-13,1.00000000
66.100000,-0.719945,0.484664,-2.378999,2.532362,-2.905379,-5.284379,3.578e-13,2.714e-13,5.510e-13,5.510e-13,1.00000000
66.200000,-0.692524,0.515831,-2.369690,2.522122,-2.914684,-5.284374,3.863e-13,2.876e-13,6.185e-13,6.185e-13,1.00000000
66.300000,-0.664730,0.546040,-2.359264,2.511205,-2.925106,-5.284370,4.223e-13,3.615e-13,6.925e-13,6.925e-13,1.00000000
66.400000,-0.636006,0.574959,-2.347807,2.499455,-2.936558,-5.284364,4.765e-13,4.687e-13,8.277e-13,8.277e-13,1.00000000
66.500000,-0.605756,0.601928,-2.335893,2.487097,-2.948467,-5.284359,5.484e-13,5.582e-13,7.815e-13,7.815e-13,1.00000000
66.600000,-0.573884,0.626059,-2.324948,2.475213,-2.959406,-5.284354,6.505e-13,6.321e-13,6.397e-13,6.505e-13,1.00000000
66.700000,-0.540224,0.647576,-2.315659,2.464442,-2.968690,-5.284349,7.980e-13,7.689e-13,5.465e-13,7.980e-13,1.00000000
66.800000,-0.505062,0.667097,-2.308055,2.455041,-2.976289,-5.284345,9.065e-13,9.329e-13,4.538e-13,9.329e-13,1.00000000
66.900000,-0.468226,0.685971,-2.301145,2.446439,-2.983195,-5.284341,9.959e-13,1.065e-12,3.938e-13,1.065e-12,1.00000000
67.000000,-0.430132,0.704489,-2.294163,2.438135,-2.990175,-5.284338,1.060e-12,1.076e-12,3.663e-13,1.076e-12,1.00000000
67.100000,-0.391284,0.721767,-2.287381,2.430260,-2.996954,-5.284335,1.097e-12,9.994e-13,3.480e-13,1.097e-12,1.00000000
67.200000,-0.352025,0.737237,-2.280253,2.422188,-3.004080,-5.284334,1.031e-12,9.338e-13,3.485e-13,1.031e-12,1.00000000
67.300000,-0.312437,0.750379,-2.272885,2.413854,-3.011448,-5.284333,8.870e-13,7.999e-13,3.907e-13,8.870e-13,1.00000000
67.400000,-0.272890,0.760819,-2.265470,2.405342,-3.018863,-5.284334,7.578e-13,6.378e-13,4.394e-13,7.578e-13,1.00000000
67.500000,-0.234075,0.768938,-2.257726,2.396536,-3.026609,-5.284335,6.510e-13,5.185e-13,4.993e-13,6.510e-13,1.00000000
67.600000,-0.196401,0.774902,-2.249069,2.386914,-3.035268,-5.284338,5.704e-13,4.471e-13,5.761e-13,5.761e-13,1.00000000
67.700000,-0.159727,0.778671,-2.238972,2.375887,-3.045369,-5.284341,4.780e-13,3.953e-13,6.339e-13,6.339e-13,1.00000000
67.800000,-0.122977,0.780486,-2.228129,2.364073,-3.056217,-5.284346,3.738e-13,3.498e-13,7.142e-13,7.142e-13,1.00000000
67.900000,-0.086069,0.780998,-2.217723,2.352799,-3.066629,-5.284352,2.951e-13,3.103e-13,7.736e-13,7.736e-13,1.00000000
68.000000,-0.049143,0.780650,-2.208921,2.343323,-3.075437,-5.284358,2.368e-13,2.694e-13,8.880e-13,8.880e-13,1.00000000
68.100000,-0.012155,0.779125,-2.202217,2.336010,-3.082148,-5.284365,1.999e-13,2.435e-13,9.443e-13,9.443e-13,1.00000000
68.200000,0.024342,0.775703,-2.197652,2.330661,-3.086721,-5.284373,1.988e-13,2.382e-13,9.097e-13,9.097e-13,1.00000000
68.300000,0.059629,0.769970,-2.195026,2.326919,-3.089354,-5.284381,2.294e-13,2.496e-13,8.562e-13,8.562e-13,1.00000000
68.400000,0.093751,0.761930,-2.194238,2.324652,-3.090151,-5.284388,2.730e-13,2.702e-13,8.030e-13,8.030e-13,1.00000000
68.500000,0.127226,0.752339,-2.195554,2.324362,-3.088842,-5.284396,3.187e-13,3.138e-13,7.498e-13,7.498e-13,1.00000000
68.600000,0.160320,0.741239,-2.198704,2.325819,-3.085699,-5.284403,3.700e-13,3.607e-13,7.439e-13,7.439e-13,1.00000000
68.700000,0.192672,0.728584,-2.203813,2.329110,-3.080595,-5.284409,4.524e-13,4.299e-13,7.449e-13,7.449e-13,1.00000000
68.800000,0.223719,0.714795,-2.211166,2.334575,-3.073247,-5.284413,5.811e-13,5.206e-13,7.865e-13,7.865e-13,1.00000000
68.900000,0.252459,0.699730,-2.221602,2.342835,-3.062815,-5.284417,6.855e-13,6.052e-13,8.415e-13,8.415e-13,1.00000000
69.000000,0.278713,0.682912,-2.235283,2.353835,-3.049137,-5.284419,7.893e-13,7.022e-13,9.749e-13,9.749e-13,1.00000000
69.100000,0.302770,0.664286,-2.251732,2.367117,-3.032688,-5.284420,8.686e-13,7.983e-13,1.151e-12,1.151e-12,1.00000000
69.200000,0.325256,0.644400,-2.270042,2.382044,-3.014378,-5.284420,9.294e-13,8.625e-13,1.362e-12,1.362e-12,1.00000000
69.300000,0.346938,0.623639,-2.288415,2.397110,-2.996002,-5.284418,9.686e-13,8.972e-13,1.481e-12,1.481e-12,1.00000000
69.400000,0.367949,0.601954,-2.304745,2.410308,-2.979670,-5.284414,9.692e-13,9.634e-13,1.578e-12,1.578e-12,1.00000000
69.500000,0.387208,0.579456,-2.318897,2.421360,-2.965512,-5.284410,1.034e-12,1.044e-12,1.609e-12,1.609e-12,1.00000000
69.600000,0.404339,0.556503,-2.331532,2.430890,-2.952872,-5.284404,1.267e-12,1.189e-12,1.749e-12,1.749e-12,1.00000000
69.700000,0.420812,0.533060,-2.342636,2.439094,-2.941761,-5.284398,1.590e-12,1.394e-12,1.799e-12,1.799e-12,1.00000000
69.800000,0.437546,0.508511,-2.352278,2.446067,-2.932112,-5.284390,1.924e-12,1.664e-12,1.593e-12,1.924e-12,1.00000000
69.900000,0.454757,0.482672,-2.360772,2.452146,-2.923611,-5.284382,2.114e-12,1.968e-12,1.486e-12,2.114e-12,1.00000000
70.000000,0.471886,0.455734,-2.368238,2.457422,-2.916136,-5.284374,2.277e-12,2.263e-12,1.303e-12,2.277e-12,1.00000000
70.100000,0.488221,0.427421,-2.374181,2.461257,-2.910185,-5.284366,2.544e-12,2.416e-12,1.140e-12,2.544e-12,1.00000000
70.200000,0.502803,0.398357,-2.378311,2.463303,-2.906047,-5.284358,2.766e-12,2.374e-12,1.154e-12,2.766e-12,1.00000000
70.300000,0.515157,0.369462,-2.381218,2.464160,-2.903133,-5.284351,2.641e-12,2.282e-12,1.121e-12,2.641e-12,1.00000000
70.400000,0.525784,0.341201,-2.382430,2.463502,-2.901913,-5.284344,2.403e-12,2.241e-12,1.069e-12,2.403e-12,1.00000000
70.500000,0.535981,0.313412,-2.380838,2.460466,-2.903500,-5.284338,2.175e-12,2.110e-12,1.091e-12,2.175e-12,1.00000000
70.600000,0.546083,0.285377,-2.375717,2.454318,-2.908616,-5.284333,1.940e-12,1.888e-12,1.234e-12,1.940e-12,1.00000000
70.700000,0.555839,0.256992,-2.367263,2.445187,-2.917066,-5.284329,1.674e-12,1.621e-12,1.364e-12,1.674e-12,1.00000000
70.800000,0.564649,0.228737,-2.356389,2.433869,-2.927938,-5.284327,1.418e-12,1.375e-12,1.517e-12,1.517e-12,1.00000000
70.900000,0.571780,0.200825,-2.343521,2.420610,-2.940805,-5.284326,1.203e-12,1.184e-12,1.645e-12,1.645e-12,1.00000000
71.000000,0.576079,0.173492,-2.329660,2.406093,-2.954666,-5.284326,1.026e-12,1.026e-12,1.743e-12,1.743e-12,1.00000000
71.100000,0.576717,0.147673,-2.316517,2.391790,-2.967811,-5.284328,8.999e-13,8.925e-13,1.907e-12,1.907e-12,1.00000000
71.200000,0.574059,0.124145,-2.305496,2.379132,-2.978834,-5.284331,8.261e-13,7.788e-13,2.062e-12,2.062e-12,1.00000000
71.300000,0.569254,0.102464,-2.296262,2.367988,-2.988073,-5.284335,7.667e-13,7.476e-13,2.223e-12,2.223e-12,1.00000000
71.400000,0.562971,0.081775,-2.287993,2.357655,-2.996346,-5.284339,7.176e-13,7.264e-13,2.236e-12,2.236e-12,1.00000000
71.500000,0.555494,0.061994,-2.280301,2.347805,-3.004044,-5.284345,7.582e-13,7.319e-13,2.238e-12,2.238e-12,1.00000000
71.600000,0.547654,0.042080,-2.272621,2.338055,-3.011730,-5.284351,9.112e-13,7.927e-13,2.170e-12,2.170e-12,1.00000000
71.700000,0.540283,0.021039,-2.264402,2.328061,-3.019954,-5.284357,1.036e-12,9.168e-13,1.998e-12,1.998e-12,1.00000000
71.800000,0.533964,-0.001350,-2.255745,2.318082,-3.028618,-5.284363,1.172e-12,1.024e-12,1.917e-12,1.917e-12,1.00000000
71.900000,0.528865,-0.024475,-2.245998,2.307554,-3.038371,-5.284369,1.318e-12,1.104e-12,1.915e-12,1.915e-12,1.00000000
72.000000,0.524458,-0.047320,-2.235053,2.296248,-3.049322,-5.284375,1.603e-12,1.310e-12,1.933e-12,1.933e-12,1.00000000
72.100000,0.520162,-0.069240,-2.223334,2.284420,-3.061046,-5.284380,1.992e-12,1.569e-12,2.052e-12,2.052e-12,1.00000000
72.200000,0.515368,-0.089694,-2.211658,2.272682,-3.072726,-5.284384,2.375e-12,1.782e-12,2.350e-12,2.375e-12,1.00000000
72.300000,0.510061,-0.108052,-2.200199,2.261131,-3.084189,-5.284388,2.596e-12,1.999e-12,2.603e-12,2.603e-12,1.00000000
72.400000,0.504293,-0.124634,-2.188357,2.249167,-3.096034,-5.284390,2.494e-12,2.199e-12,2.855e-12,2.855e-12,1.00000000
72.500000,0.498204,-0.139873,-2.175399,2.236098,-3.108993,-5.284392,2.386e-12,2.381e-12,3.070e-12,3.070e-12,1.00000000
72.600000,0.491764,-0.153532,-2.161301,2.221852,-3.123091,-5.284392,2.658e-12,2.604e-12,3.044e-12,3.044e-12,1.00000000
72.700000,0.484687,-0.165991,-2.146198,2.206499,-3.138194,-5.284392,2.989e-12,2.836e-12,3.230e-12,3.230e-12,1.00000000
72.800000,0.476750,-0.177375,-2.131332,2.191194,-3.153058,-5.284390,3.305e-12,3.211e-12,3.517e-12,3.517e-12,1.00000000
72.900000,0.468316,-0.187225,-2.117573,2.176807,-3.166815,-5.284388,3.566e-12,3.570e-12,3.525e-12,3.570e-12,1.00000000
73.000000,0.460271,-0.195526,-2.105102,2.163685,-3.179283,-5.284385,3.630e-12,3.976e-12,3.630e-12,3.976e-12,1.00000000
73.100000,0.452771,-0.202352,-2.094258,2.152177,-3.190123,-5.284381,3.931e-12,4.455e-12,3.542e-12,4.455e-12,1.00000000
73.200000,0.445524,-0.208299,-2.084990,2.142210,-3.199386,-5.284376,4.240e-12,4.782e-12,3.143e-12,4.782e-12,1.00000000
73.300000,0.437875,-0.214256,-2.076316,2.132775,-3.208055,-5.284371,5.028e-12,5.023e-12,2.936e-12,5.028e-12,1.00000000
73.400000,0.429911,-0.220308,-2.067991,2.123663,-3.216375,-5.284366,5.617e-12,5.162e-12,2.682e-12,5.617e-12,1.00000000
73.500000,0.421031,-0.227072,-2.059486,2.114311,-3.224875,-5.284361,5.515e-12,5.062e-12,2.688e-12,5.515e-12,1.00000000
73.600000,0.410699,-0.234875,-2.050705,2.104574,-3.233650,-5.284355,5.072e-12,4.830e-12,2.736e-12,5.072e-12,1.00000000
73.700000,0.398552,-0.243897,-2.042127,2.094901,-3.242223,-5.284350,4.672e-12,4.632e-12,2.675e-12,4.672e-12,1.00000000
73.800000,0.384637,-0.254221,-2.035155,2.086728,-3.249189,-5.284344,4.252e-12,4.283e-12,2.854e-12,4.283e-12,1.00000000
73.900000,0.369096,-0.265747,-2.031245,2.081540,-3.253094,-5.284339,3.786e-12,3.877e-12,3.125e-12,3.877e-12,1.00000000
74.000000,0.351924,-0.278236,-2.031480,2.080428,-3.252855,-5.284335,3.358e-12,3.581e-12,3.353e-12,3.581e-12,1.00000000
74.100000,0.333343,-0.291636,-2.035799,2.083421,-3.248533,-5.284332,2.899e-12,3.300e-12,3.596e-12,3.596e-12,1.00000000
74.200000,0.313994,-0.305622,-2.043141,2.089599,-3.241188,-5.284329,2.506e-12,2.972e-12,3.641e-12,3.641e-12,1.00000000
74.300000,0.294061,-0.319684,-2.052073,2.097540,-3.232255,-5.284328,2.271e-12,2.551e-12,3.883e-12,3.883e-12,1.00000000
74.400000,0.273884,-0.333695,-2.062281,2.106981,-3.222047,-5.284328,2.090e-12,2.274e-12,4.046e-12,4.046e-12,1.00000000
74.500000,0.253573,-0.347277,-2.073569,2.117685,-3.210760,-5.284329,2.010e-12,2.156e-12,4.447e-12,4.447e-12,1.00000000
74.600000,0.232332,-0.359792,-2.084552,2.128094,-3.199780,-5.284332,1.936e-12,2.008e-12,4.652e-12,4.652e-12,1.00000000
74.700000,0.210532,-0.370288,-2.094709,2.137579,-3.189627,-5.284335,1.924e-12,2.015e-12,4.825e-12,4.825e-12,1.00000000
74.800000,0.189340,-0.378279,-2.104555,2.146648,-3.179785,-5.284340,2.175e-12,2.307e-12,4.837e-12,4.837e-12,1.00000000
74.900000,0.169531,-0.383739,-2.114407,2.155624,-3.169938,-5.284345,2.533e-12,2.764e-12,4.635e-12,4.635e-12,1.00000000
75.000000,0.151489,-0.387317,-2.125009,2.165324,-3.159342,-5.284351,2.842e-12,3.077e-12,4.430e-12,4.430e-12,1.00000000
75.100000,0.135002,-0.389614,-2.136662,2.176086,-3.147695,-5.284357,3.099e-12,3.293e-12,4.270e-12,4.270e-12,1.00000000
75.200000,0.119254,-0.390797,-2.148115,2.186628,-3.136247,-5.284362,3.473e-12,3.647e-12,4.151e-12,4.151e-12,1.00000000
75.300000,0.103528,-0.390851,-2.158243,2.195790,-3.126125,-5.284368,4.039e-12,3.991e-12,4.539e-12,4.539e-12,1.00000000
75.400000,0.087888,-0.389823,-2.166052,2.202604,-3.118321,-5.284373,4.674e-12,4.381e-12,4.968e-12,4.968e-12,1.00000000
75.500000,0.072624,-0.387549,-2.170835,2.206353,-3.113541,-5.284377,5.169e-12,4.980e-12,5.342e-12,5.342e-12,1.00000000
75.600000,0.057584,-0.384453,-2.172278,2.206788,-3.112102,-5.284380,5.334e-12,5.399e-12,5.492e-12,5.492e-12,1.00000000
75.700000,0.043217,-0.380724,-2.170223,2.203789,-3.114160,-5.284382,5.465e-12,5.629e-12,5.964e-12,5.964e-12,1.00000000
75.800000,0.030022,-0.375917,-2.164730,2.197332,-3.119654,-5.284384,5.693e-12,5.621e-12,6.222e-12,6.222e-12,1.00000000
75.900000,0.018157,-0.369858,-2.156484,2.188046,-3.127900,-5.284384,5.728e-12,5.714e-12,6.717e-12,6.717e-12,1.00000000
76.000000,0.007726,-0.363102,-2.146657,2.177163,-3.137726,-5.284383,6.070e-12,6.061e-12,7.341e-12,7.341e-12,1.00000000
76.100000,-0.001170,-0.355980,-2.136284,2.165741,-3.148097,-5.284381,6.654e-12,6.569e-12,7.184e-12,7.184e-12,1.00000000
76.200000,-0.007760,-0.348533,-2.126649,2.155034,-3.157730,-5.284378,7.211e-12,7.212e-12,7.173e-12,7.212e-12,1.00000000
76.300000,-0.012062,-0.340688,-2.118321,2.145576,-3.166055,-5.284375,8.073e-12,7.950e-12,7.371e-12,8.073e-12,1.00000000
76.400000,-0.014143,-0.333113,-2.110881,2.137050,-3.173490,-5.284371,9.015e-12,8.262e-12,6.968e-12,9.015e-12,1.00000000
76.500000,-0.015161,-0.326219,-2.103513,2.128712,-3.180854,-5.284367,1.013e-11,8.345e-12,6.659e-12,1.013e-11,1.00000000
76.600000,-0.016093,-0.320327,-2.095536,2.119938,-3.188827,-5.284363,1.087e-11,9.036e-12,5.979e-12,1.087e-11,1.00000000
76.700000,-0.017642,-0.315085,-2.085988,2.109724,-3.198370,-5.284358,1.049e-11,1.010e-11,5.524e-12,1.049e-11,1.00000000
76.800000,-0.020053,-0.310301,-2.074273,2.097450,-3.210080,-5.284353,1.005e-11,1.003e-11,5.449e-12,1.005e-11,1.00000000
76.900000,-0.023616,-0.305498,-2.060188,2.082850,-3.224160,-5.284349,9.787e-12,8.956e-12,5.548e-12,9.787e-12,1.00000000
77.000000,-0.028528,-0.300347,-2.043975,2.066121,-3.240369,-5.284344,9.714e-12,8.456e-12,5.898e-12,9.714e-12,1.00000000
77.100000,-0.034286,-0.295061,-2.026643,2.048297,-3.257697,-5.284340,9.296e-12,7.944e-12,6.352e-12,9.296e-12,1.00000000
77.200000,-0.039673,-0.289948,-2.009466,2.030664,-3.274871,-5.284337,8.235e-12,7.082e-12,6.595e-12,8.235e-12,1.00000000
77.300000,-0.043756,-0.285261,-1.993822,2.014600,-3.290512,-5.284334,7.045e-12,6.392e-12,7.162e-12,7.162e-12,1.00000000
77.400000,-0.046542,-0.281466,-1.980949,2.001386,-3.303382,-5.284331,6.143e-12,5.763e-12,7.616e-12,7.616e-12,1.00000000
77.500000,-0.047838,-0.278963,-1.971431,1.991645,-3.312898,-5.284329,5.569e-12,5.198e-12,8.420e-12,8.420e-12,1.00000000
77.600000,-0.047974,-0.277698,-1.964863,1.984969,-3.319465,-5.284328,5.281e-12,5.079e-12,9.135e-12,9.135e-12,1.00000000
77.700000,-0.047873,-0.277024,-1.960460,1.980515,-3.323866,-5.284326,5.021e-12,4.824e-12,9.343e-12,9.343e-12,1.00000000
77.800000,-0.048059,-0.276713,-1.958184,1.978222,-3.326142,-5.284326,5.098e-12,4.873e-12,9.214e-12,9.214e-12,1.00000000
77.900000,-0.048914,-0.276689,-1.958285,1.978341,-3.326040,-5.284326,5.225e-12,4.954e-12,9.433e-12,9.433e-12,1.00000000
78.000000,-0.050870,-0.277030,-1.960179,1.980312,-3.324147,-5.284326,5.140e-12,5.299e-12,9.356e-12,9.356e-12,1.00000000
78.100000,-0.053776,-0.277621,-1.961646,1.981923,-3.322681,-5.284327,5.493e-12,6.196e-12,9.063e-12,9.063e-12,1.00000000
78.200000,-0.056996,-0.278275,-1.960860,1.981327,-3.323468,-5.284328,6.008e-12,7.163e-12,9.031e-12,9.031e-12,1.00000000
78.300000,-0.060109,-0.279152,-1.957523,1.978240,-3.326807,-5.284330,6.997e-12,7.980e-12,8.843e-12,8.843e-12,1.00000000
78.400000,-0.063440,-0.279791,-1.952215,1.973183,-3.332117,-5.284332,8.226e-12,8.651e-12,8.275e-12,8.651e-12,1.00000000
78.500000,-0.066996,-0.280275,-1.946242,1.967461,-3.338092,-5.284335,9.294e-12,9.422e-12,8.099e-12,9.422e-12,1.00000000
78.600000,-0.070720,-0.280577,-1.941744,1.963185,-3.342593,-5.284337,1.070e-11,1.012e-11,8.909e-12,1.070e-11,1.00000000
78.700000,-0.074969,-0.280101,-1.940333,1.961879,-3.344007,-5.284340,1.183e-11,1.051e-11,9.935e-12,1.183e-11,1.00000000
78.800000,-0.079680,-0.278617,-1.941857,1.963361,-3.342486,-5.284343,1.248e-11,1.139e-11,1.039e-11,1.248e-11,1.00000000
78.900000,-0.084536,-0.276495,-1.945062,1.966434,-3.339284,-5.284346,1.212e-11,1.205e-11,1.101e-11,1.212e-11,1.00000000
79.000000,-0.089194,-0.274660,-1.949033,1.970310,-3.335316,-5.284349,1.124e-11,1.195e-11,1.213e-11,1.213e-11,1.00000000
79.100000,-0.093863,-0.273719,-1.953402,1.974718,-3.330950,-5.284352,1.165e-11,1.184e-11,1.229e-11,1.229e-11,1.00000000
79.200000,-0.098698,-0.273492,-1.957487,1.978963,-3.326868,-5.284355,1.248e-11,1.227e-11,1.258e-11,1.258e-11,1.00000000
79.300000,-0.103781,-0.273245,-1.960318,1.981988,-3.324040,-5.284358,1.303e-11,1.301e-11,1.315e-11,1.315e-11,1.00000000
79.400000,-0.109436,-0.272369,-1.961578,1.983419,-3.322782,-5.284360,1.343e-11,1.448e-11,1.345e-11,1.448e-11,1.00000000
79.500000,-0.115756,-0.270238,-1.961198,1.983111,-3.323164,-5.284363,1.420e-11,1.631e-11,1.392e-11,1.631e-11,1.00000000
79.600000,-0.122595,-0.266800,-1.959961,1.981833,-3.324404,-5.284365,1.626e-11,1.811e-11,1.341e-11,1.811e-11,1.00000000
79.700000,-0.129670,-0.262533,-1.958240,1.980011,-3.326127,-5.284367,1.872e-11,1.880e-11,1.304e-11,1.880e-11,1.00000000
79.800000,-0.137118,-0.257671,-1.956438,1.978091,-3.327931,-5.284369,1.963e-11,1.909e-11,1.242e-11,1.963e-11,1.00000000
79.900000,-0.145193,-0.252750,-1.955409,1.977014,-3.328961,-5.284370,2.004e-11,2.038e-11,1.153e-11,2.038e-11,1.00000000
80.000000,-0.153812,-0.247868,-1.955624,1.977261,-3.328747,-5.284370,2.034e-11,2.077e-11,1.089e-11,2.077e-11,1.00000000
80.100000,-0.163077,-0.242852,-1.957353,1.979091,-3.327018,-5.284371,2.100e-11,1.929e-11,1.072e-11,2.100e-11,1.00000000
80.200000,-0.173053,-0.237185,-1.961116,1.982973,-3.323254,-5.284370,2.024e-11,1.697e-11,1.101e-11,2.024e-11,1.00000000
80.300000,-0.182963,-0.230365,-1.966803,1.988683,-3.317566,-5.284369,1.747e-11,1.560e-11,1.202e-11,1.747e-11,1.00000000
80.400000,-0.191860,-0.221300,-1.973848,1.995460,-3.310520,-5.284368,1.519e-11,1.507e-11,1.289e-11,1.519e-11,1.00000000
80.500000,-0.199543,-0.209202,-1.980676,2.001664,-3.303690,-5.284366,1.444e-11,1.401e-11,1.361e-11,1.444e-11,1.00000000
80.600000,-0.205806,-0.194269,-1.985046,2.005120,-3.299317,-5.284364,1.367e-11,1.211e-11,1.453e-11,1.453e-11,1.00000000
80.700000,-0.210151,-0.177536,-1.986345,2.005306,-3.298015,-5.284361,1.297e-11,1.099e-11,1.480e-11,1.480e-11,1.00000000
80.800000,-0.212576,-0.160006,-1.985167,2.002917,-3.299191,-5.284358,1.227e-11,1.092e-11,1.576e-11,1.576e-11,1.00000000
80.900000,-0.212830,-0.142724,-1.981844,1.998343,-3.302511,-5.284355,1.108e-11,1.124e-11,1.628e-11,1.628e-11,1.00000000
81.000000,-0.210827,-0.125991,-1.977509,1.992702,-3.306843,-5.284352,1.039e-11,1.153e-11,1.759e-11,1.759e-11,1.00000000
81.100000,-0.206764,-0.109949,-1.973849,1.987692,-3.310500,-5.284349,1.035e-11,1.164e-11,1.921e-11,1.921e-11,1.00000000
81.200000,-0.200674,-0.094857,-1.972278,1.984729,-3.312068,-5.284346,1.057e-11,1.118e-11,1.887e-11,1.887e-11,1.00000000
81.300000,-0.192946,-0.080268,-1.973539,1.984573,-3.310805,-5.284344,1.143e-11,1.196e-11,1.751e-11,1.751e-11,1.00000000
81.400000,-0.184006,-0.065895,-1.977042,1.986679,-3.307301,-5.284342,1.296e-11,1.401e-11,1.588e-11,1.588e-11,1.00000000
81.500000,-0.174008,-0.051770,-1.981535,1.989834,-3.302806,-5.284341,1.510e-11,1.606e-11,1.539e-11,1.606e-11,1.00000000
81.600000,-0.163497,-0.038102,-1.986076,1.993158,-3.298265,-5.284340,1.711e-11,1.789e-11,1.582e-11,1.789e-11,1.00000000
81.700000,-0.152680,-0.024959,-1.990615,1.996618,-3.293725,-5.284340,1.882e-11,1.892e-11,1.605e-11,1.892e-11,1.00000000
81.800000,-0.141140,-0.012398,-1.995453,2.000477,-3.288887,-5.284340,1.991e-11,1.977e-11,1.668e-11,1.991e-11,1.00000000
81.900000,-0.128331,-0.000052,-2.001073,2.005184,-3.283268,-5.284340,2.140e-11,2.068e-11,1.759e-11,2.140e-11,1.00000000
82.000000,-0.113677,0.011935,-2.007419,2.010670,-3.276923,-5.284341,2.205e-11,2.208e-11,1.990e-11,2.208e-11,1.00000000
82.100000,-0.096786,0.023313,-2.013206,2.015666,-3.271136,-5.284342,2.225e-11,2.291e-11,2.105e-11,2.291e-11,1.00000000
82.200000,-0.077887,0.034081,-2.016905,2.018696,-3.267438,-5.284343,2.263e-11,2.268e-11,2.151e-11,2.268e-11,1.00000000
82.300000,-0.058002,0.043854,-2.017667,2.018977,-3.266676,-5.284344,2.306e-11,2.300e-11,2.230e-11,2.306e-11,1.00000000
82.400000,-0.038153,0.052370,-2.015659,2.016700,-3.268685,-5.284344,2.469e-11,2.404e-11,2.368e-11,2.469e-11,1.00000000
82.500000,-0.018900,0.059744,-2.011253,2.012229,-3.273092,-5.284344,2.701e-11,2.512e-11,2.419e-11,2.701e-11,1.00000000
82.600000,-0.000454,0.066327,-2.004486,2.005583,-3.279858,-5.284345,2.843e-11,2.612e-11,2.530e-11,2.843e-11,1.00000000
82.700000,0.016782,0.072370,-1.995898,1.997280,-3.288446,-5.284344,2.846e-11,2.718e-11,2.542e-11,2.846e-11,1.00000000
82.800000,0.032628,0.077971,-1.986631,1.988428,-3.297713,-5.284344,2.876e-11,2.869e-11,2.510e-11,2.876e-11,1.00000000
82.900000,0.046852,0.082615,-1.978026,1.980305,-3.306317,-5.284343,2.941e-11,3.037e-11,2.334e-11,3.037e-11,1.00000000
83.000000,0.059686,0.085961,-1.971266,1.974042,-3.313077,-5.284342,3.101e-11,3.106e-11,2.100e-11,3.106e-11,1.00000000
83.100000,0.071389,0.088152,-1.967492,1.970759,-3.316849,-5.284341,3.135e-11,3.175e-11,1.998e-11,3.175e-11,1.00000000
83.200000,0.081996,0.089490,-1.966830,1.970571,-3.317510,-5.284340,3.191e-11,3.259e-11,2.028e-11,3.259e-11,1.00000000
83.300000,0.091398,0.090213,-1.969132,1.973315,-3.315207,-5.284339,3.358e-11,3.357e-11,2.044e-11,3.358e-11,1.00000000
83.400000,0.099863,0.090420,-1.973602,1.978194,-3.310736,-5.284338,3.475e-11,3.397e-11,2.041e-11,3.475e-11,1.00000000
83.500000,0.107506,0.090479,-1.978598,1.983581,-3.305739,-5.284337,3.300e-11,3.281e-11,2.250e-11,3.300e-11,1.00000000
83.600000,0.114661,0.090599,-1.982109,1.987488,-3.302228,-5.284336,2.918e-11,2.956e-11,2.361e-11,2.956e-11,1.00000000
83.700000,0.121886,0.090892,-1.983738,1.989556,-3.300598,-5.284336,2.627e-11,2.746e-11,2.446e-11,2.746e-11,1.00000000
83.800000,0.129803,0.091540,-1.984455,1.990802,-3.299881,-5.284336,2.375e-11,2.543e-11,2.595e-11,2.595e-11,1.00000000
83.900000,0.138839,0.092092,-1.985632,1.992609,-3.298704,-5.284336,2.265e-11,2.323e-11,2.731e-11,2.731e-11,1.00000000
84.000000,0.148927,0.092143,-1.988296,1.995994,-3.296040,-5.284336,2.233e-11,2.220e-11,2.856e-11,2.856e-11,1.00000000
