t,Fx,Fy,Fz,Fmag,Lz,Jz,edge_x,edge_y,edge_z,edge_frac,norm
0.000000,-0.000000,-0.000000,-5.998714,5.998714,-0.001286,-6.000000,1.796e-33,1.425e-33,1.242e-25,1.242e-25,1.00000000
0.100000,-0.024090,0.045805,-5.998280,5.998504,-0.001496,-5.999777,2.828e-31,2.816e-31,3.672e-25,3.672e-25,1.00000000
0.200000,-0.139168,0.101331,-5.995891,5.998362,-0.001636,-5.997527,5.163e-31,5.055e-31,1.018e-23,1.018e-23,1.00000000
0.300000,-0.273416,0.067725,-5.991952,5.998569,-0.001414,-5.993366,7.003e-31,6.788e-31,2.694e-21,2.694e-21,1.00000000
0.400000,-0.321512,0.005900,-5.990126,5.998751,-0.001201,-5.991327,8.641e-31,8.569e-31,9.347e-19,9.347e-19,1.00000000
0.500000,-0.332786,0.026380,-5.989314,5.998611,-0.001317,-5.990632,9.755e-31,9.781e-31,8.178e-18,8.178e-18,1.00000000
0.600000,-0.421312,0.091954,-5.982946,5.998466,-0.001450,-5.984396,1.136e-30,1.149e-30,1.825e-17,1.825e-17,1.00000000
0.700000,-0.562289,0.086241,-5.971568,5.998602,-0.001249,-5.972817,1.351e-30,1.342e-30,8.453e-18,8.453e-18,1.00000000
0.800000,-0.639106,0.021664,-5.964569,5.998751,-0.000940,-5.965509,1.314e-29,1.317e-29,2.819e-18,2.819e-18,1.00000000
0.900000,-0.651973,0.014346,-5.963093,5.998646,-0.000882,-5.963975,4.102e-28,4.116e-28,7.152e-18,7.152e-18,1.00000000
1.000000,-0.714083,0.076289,-5.955355,5.998499,-0.000951,-5.956306,3.536e-27,3.538e-27,2.168e-17,2.168e-17,1.00000000
1.100000,-0.848872,0.097501,-5.937378,5.998546,-0.000797,-5.938175,1.572e-26,1.573e-26,1.691e-17,1.691e-17,1.00000000
1.200000,-0.952354,0.043126,-5.922387,5.998625,-0.000418,-5.922805,4.400e-26,4.403e-26,3.344e-18,3.344e-18,1.00000000
1.300000,-0.979851,0.011438,-5.917967,5.998548,-0.000122,-5.918090,6.124e-26,6.129e-26,6.257e-19,6.257e-19,1.00000000
1.400000,-1.020856,0.057074,-5.910658,5.998441,-0.000038,-5.910696,4.357e-26,4.360e-26,1.332e-19,1.332e-19,1.00000000
1.500000,-1.137272,0.098006,-5.888832,5.998444,0.000050,-5.888782,1.972e-26,1.973e-26,7.357e-20,7.357e-20,1.00000000
1.600000,-1.257552,0.063635,-5.864811,5.998457,0.000353,-5.864457,8.207e-27,8.211e-27,1.699e-19,1.699e-19,1.00000000
1.700000,-1.306397,0.016017,-5.854400,5.998411,0.000756,-5.853644,6.073e-27,6.085e-27,3.693e-19,3.693e-19,1.00000000
1.800000,-1.333848,0.036766,-5.848109,5.998406,0.000964,-5.847145,1.017e-26,1.019e-26,6.803e-19,6.803e-19,1.00000000
1.900000,-1.422519,0.086024,-5.826701,5.998450,0.000936,-5.825766,1.341e-26,1.346e-26,8.981e-19,8.981e-19,1.00000000
2.000000,-1.544378,0.076813,-5.795693,5.998422,0.000949,-5.794744,9.759e-27,9.813e-27,1.154e-18,1.154e-18,1.00000000
2.100000,-1.614679,0.026505,-5.776896,5.998368,0.001131,-5.775765,4.346e-27,4.370e-27,3.367e-18,3.367e-18,1.00000000
2.200000,-1.639972,0.022262,-5.769854,5.998435,0.001212,-5.768643,1.563e-27,1.568e-27,1.311e-17,1.311e-17,1.00000000
2.300000,-1.702298,0.068461,-5.751515,5.998536,0.000965,-5.750550,5.741e-28,5.759e-28,1.160e-17,1.160e-17,1.00000000
2.400000,-1.815275,0.083157,-5.716593,5.998464,0.000602,-5.715990,2.237e-28,2.264e-28,5.995e-18,5.995e-18,1.00000000
2.500000,-1.905006,0.042467,-5.687623,5.998326,0.000396,-5.687227,9.258e-29,9.301e-29,3.554e-18,3.554e-18,1.00000000
2.600000,-1.941103,0.018530,-5.675596,5.998384,0.000204,-5.675392,4.198e-29,4.194e-29,8.216e-18,8.216e-18,1.00000000
2.700000,-1.986036,0.051540,-5.659981,5.998531,-0.000265,-5.660246,2.257e-29,2.215e-29,1.170e-17,1.170e-17,1.00000000
2.800000,-2.083600,0.082866,-5.624303,5.998419,-0.000893,-5.625196,1.481e-29,1.453e-29,4.815e-18,4.815e-18,1.00000000
2.900000,-2.186112,0.059720,-5.585277,5.998164,-0.001345,-5.586621,1.285e-29,1.290e-29,1.697e-18,1.697e-18,1.00000000
3.000000,-2.240206,0.024038,-5.564113,5.998204,-0.001635,-5.565748,1.649e-29,1.693e-29,7.390e-19,7.390e-19,1.00000000
3.100000,-2.276622,0.036906,-5.549514,5.998455,-0.002064,-5.551578,2.929e-29,3.045e-29,5.369e-19,5.369e-19,1.00000000
3.200000,-2.353368,0.074703,-5.516929,5.998368,-0.002620,-5.519549,6.344e-29,6.641e-29,3.996e-19,3.996e-19,1.00000000
3.300000,-2.457118,0.072736,-5.471141,5.998008,-0.002942,-5.474082,1.334e-28,1.370e-28,6.556e-19,6.556e-19,1.00000000
3.400000,-2.528919,0.035310,-5.438731,5.998039,-0.002922,-5.441653,2.631e-28,2.721e-28,9.250e-19,9.250e-19,1.00000000
3.500000,-2.564392,0.026407,-5.422590,5.998441,-0.002865,-5.425455,4.878e-28,4.995e-28,1.047e-18,1.047e-18,1.00000000
3.600000,-2.619006,0.060490,-5.396155,5.998445,-0.002927,-5.399082,9.023e-28,9.229e-28,1.078e-18,1.078e-18,1.00000000
3.700000,-2.713374,0.078945,-5.348613,5.998024,-0.002809,-5.351422,1.678e-27,1.688e-27,2.118e-18,2.118e-18,1.00000000
3.800000,-2.799311,0.050183,-5.304488,5.998021,-0.002287,-5.306774,3.048e-27,3.081e-27,1.118e-17,1.118e-17,1.00000000
3.900000,-2.842669,0.024100,-5.282109,5.998502,-0.001622,-5.283731,3.491e-27,3.671e-27,1.398e-17,1.398e-17,1.00000000
4.000000,-2.882334,0.046666,-5.260495,5.998570,-0.001163,-5.261658,3.698e-27,3.031e-27,8.531e-18,8.531e-18,1.00000000
4.100000,-2.963501,0.079740,-5.214240,5.998082,-0.000753,-5.214992,2.895e-26,8.252e-27,4.923e-18,4.923e-18,1.00000000
4.200000,-3.059309,0.066023,-5.158690,5.997984,-0.000044,-5.158735,2.805e-25,5.474e-26,8.401e-18,8.401e-18,1.00000000
4.300000,-3.117070,0.029734,-5.124902,5.998469,0.000852,-5.124050,9.979e-25,2.427e-25,1.310e-17,1.310e-17,1.00000000
4.400000,-3.150856,0.035703,-5.104284,5.998573,0.001487,-5.102797,1.384e-24,5.643e-25,8.064e-18,8.064e-18,1.00000000
4.500000,-3.217231,0.074736,-5.061628,5.998020,0.001828,-5.059800,8.987e-25,6.359e-25,4.082e-18,4.082e-18,1.00000000
4.600000,-3.315184,0.077897,-4.997742,5.997828,0.002282,-4.995460,3.429e-25,3.907e-25,1.966e-18,1.966e-18,1.00000000
4.700000,-3.386700,0.038556,-4.950623,5.998324,0.002925,-4.947698,1.017e-25,1.677e-25,9.271e-19,9.271e-19,1.00000000
4.800000,-3.419348,0.026070,-4.928421,5.998496,0.003318,-4.925103,3.124e-26,6.404e-26,6.907e-19,6.907e-19,1.00000000
4.900000,-3.468496,0.062456,-4.892961,5.997952,0.003271,-4.889690,1.119e-26,2.422e-26,8.191e-19,8.191e-19,1.00000000
5.000000,-3.558111,0.081341,-4.827625,5.997727,0.003150,-4.824475,4.942e-27,9.928e-27,9.312e-19,9.312e-19,1.00000000
5.000000,-3.558111,0.081341,-4.827625,5.997727,0.003150,-4.824475,4.942e-27,9.928e-27,9.312e-19,9.312e-19,1.00000000
5.100000,-3.617622,0.000903,-4.784507,5.998224,0.003473,-4.781034,3.060e-27,5.590e-27,7.940e-19,7.940e-19,1.00000000
5.200000,-3.559517,-0.079219,-4.827498,5.998430,0.004658,-4.822840,2.104e-27,3.670e-27,1.123e-18,1.123e-18,1.00000000
5.300000,-3.490580,-0.013603,-4.877609,5.997950,0.005413,-4.872196,1.167e-27,1.970e-27,1.272e-18,1.272e-18,1.00000000
5.400000,-3.536289,0.075585,-4.843811,5.997796,0.004875,-4.838936,5.492e-28,8.881e-28,3.874e-18,3.874e-18,1.00000000
5.500000,-3.609879,0.022667,-4.790407,5.998311,0.004238,-4.786169,2.673e-28,3.977e-28,7.660e-18,7.660e-18,1.00000000
5.600000,-3.571673,-0.076436,-4.818681,5.998532,0.004430,-4.814252,1.468e-28,2.088e-28,7.221e-18,7.221e-18,1.00000000
5.700000,-3.487042,-0.040333,-4.880195,5.998115,0.004388,-4.875806,1.180e-28,1.524e-28,5.170e-18,5.170e-18,1.00000000
5.800000,-3.506711,0.064329,-4.865641,5.997968,0.003212,-4.862429,1.142e-28,1.352e-28,4.058e-18,4.058e-18,1.00000000
5.900000,-3.590254,0.046018,-4.805089,5.998410,0.001868,-4.803220,1.357e-28,1.579e-28,7.141e-18,7.141e-18,1.00000000
6.000000,-3.581296,-0.060235,-4.811816,5.998574,0.001337,-4.810479,1.846e-28,1.964e-28,7.900e-18,7.900e-18,1.00000000
6.100000,-3.495110,-0.058601,-4.874266,5.998141,0.000838,-4.873428,2.571e-28,2.721e-28,5.151e-18,5.151e-18,1.00000000
6.200000,-3.489249,0.047874,-4.878352,5.997955,-0.000510,-4.878862,5.184e-28,5.021e-28,2.734e-18,2.734e-18,1.00000000
6.300000,-3.574187,0.065142,-4.816736,5.998333,-0.001965,-4.818701,1.052e-27,1.121e-27,1.062e-18,1.062e-18,1.00000000
6.400000,-3.595998,-0.036120,-4.800920,5.998445,-0.002541,-4.803461,1.808e-27,1.759e-27,7.552e-19,7.552e-19,1.00000000
6.500000,-3.518570,-0.069648,-4.857053,5.998012,-0.002783,-4.859836,4.737e-27,2.531e-27,7.767e-19,7.767e-19,1.00000000
6.600000,-3.486771,0.024531,-4.880165,5.997848,-0.003612,-4.883778,9.977e-27,3.956e-27,7.530e-19,7.530e-19,1.00000000
6.700000,-3.559876,0.073859,-4.827039,5.998206,-0.004511,-4.831550,1.963e-26,5.808e-27,6.924e-19,6.924e-19,1.00000000
6.800000,-3.605775,-0.010116,-4.793493,5.998274,-0.004452,-4.797945,3.956e-26,8.472e-27,1.012e-18,1.012e-18,1.00000000
6.900000,-3.543341,-0.073571,-4.838794,5.997883,-0.003762,-4.842556,8.190e-26,1.441e-26,1.926e-18,1.926e-18,1.00000000
7.000000,-3.487595,-0.003145,-4.879591,5.997811,-0.003508,-4.883099,2.257e-25,2.566e-26,2.770e-18,2.770e-18,1.00000000
7.100000,-3.537560,0.070725,-4.843426,5.998175,-0.003531,-4.846957,3.542e-25,3.325e-26,4.559e-18,4.559e-18,1.00000000
7.200000,-3.598564,0.014722,-4.798821,5.998214,-0.002794,-4.801616,1.489e-24,7.587e-26,5.610e-18,5.610e-18,1.00000000
7.300000,-3.557881,-0.067091,-4.828244,5.997913,-0.001327,-4.829571,1.308e-23,5.805e-25,5.588e-18,5.588e-18,1.00000000
7.400000,-3.488771,-0.026438,-4.878837,5.997939,-0.000293,-4.879131,5.791e-23,3.385e-24,5.205e-18,5.205e-18,1.00000000
7.500000,-3.514052,0.060760,-4.860742,5.998255,0.000034,-4.860709,1.175e-22,1.058e-23,4.081e-18,4.081e-18,1.00000000
7.600000,-3.583913,0.037043,-4.809632,5.998197,0.000685,-4.808947,1.208e-22,1.630e-23,5.090e-18,5.090e-18,1.00000000
7.700000,-3.570788,-0.050929,-4.818886,5.997899,0.002068,-4.816818,7.155e-23,1.270e-23,4.485e-18,4.485e-18,1.00000000
7.800000,-3.501439,-0.042182,-4.869673,5.997964,0.003080,-4.866593,2.915e-23,6.051e-24,2.639e-18,2.639e-18,1.00000000
7.900000,-3.503954,0.045175,-4.868159,5.998225,0.003050,-4.865109,1.036e-23,2.352e-24,1.419e-18,1.419e-18,1.00000000
8.000000,-3.573936,0.052275,-4.816715,5.998041,0.002964,-4.813751,3.788e-24,9.160e-25,9.736e-19,9.736e-19,1.00000000
8.100000,-3.587127,-0.030796,-4.806671,5.997709,0.003645,-4.803026,1.457e-24,3.710e-25,7.826e-19,7.826e-19,1.00000000
8.200000,-3.525762,-0.052694,-4.851854,5.997855,0.004114,-4.847739,5.735e-25,1.522e-25,6.312e-19,6.312e-19,1.00000000
8.300000,-3.505536,0.022460,-4.867080,5.998145,0.003387,-4.863692,2.283e-25,6.120e-26,6.720e-19,6.720e-19,1.00000000
8.400000,-3.563232,0.056005,-4.824410,5.997891,0.002375,-4.822035,9.119e-26,2.367e-26,8.186e-19,8.186e-19,1.00000000
8.500000,-3.594940,-0.011336,-4.800717,5.997550,0.002212,-4.798506,3.684e-26,9.094e-27,2.025e-18,2.025e-18,1.00000000
8.600000,-3.545737,-0.057933,-4.837158,5.997808,0.002104,-4.835053,1.517e-26,3.986e-27,3.354e-18,3.354e-18,1.00000000
8.700000,-3.504352,-0.004054,-4.868006,5.998164,0.000873,-4.867132,6.830e-27,1.956e-27,4.246e-18,4.246e-18,1.00000000
8.800000,-3.540134,0.049865,-4.841432,5.997875,-0.000673,-4.842105,3.509e-27,1.134e-27,4.694e-18,4.694e-18,1.00000000
8.900000,-3.583094,0.008562,-4.809560,5.997541,-0.001207,-4.810766,2.691e-27,8.880e-28,5.660e-18,5.660e-18,1.00000000
9.000000,-3.553285,-0.051695,-4.831815,5.997911,-0.001356,-4.833171,3.294e-27,9.382e-28,5.915e-18,5.915e-18,1.00000000
9.100000,-3.501511,-0.024367,-4.870188,5.998325,-0.002452,-4.872640,3.738e-27,1.149e-27,3.949e-18,3.949e-18,1.00000000
9.200000,-3.515092,0.039921,-4.859869,5.997982,-0.003885,-4.863754,7.979e-27,1.418e-27,3.537e-18,3.537e-18,1.00000000
9.300000,-3.564935,0.028946,-4.823013,5.997587,-0.004202,-4.827215,1.799e-26,1.794e-27,3.579e-18,3.579e-18,1.00000000
9.400000,-3.561388,-0.033727,-4.826084,5.997976,-0.003784,-4.829869,3.900e-26,3.567e-27,2.607e-18,2.607e-18,1.00000000
9.500000,-3.512564,-0.035435,-4.862257,5.998409,-0.004127,-4.866384,1.364e-25,8.983e-27,1.772e-18,1.772e-18,1.00000000
9.600000,-3.506175,0.026105,-4.866366,5.997955,-0.004992,-4.871358,3.296e-25,1.745e-26,1.247e-18,1.247e-18,1.00000000
9.700000,-3.554555,0.043460,-4.830326,5.997400,-0.004799,-4.835126,5.399e-25,3.530e-26,9.073e-19,9.073e-19,1.00000000
9.800000,-3.575985,-0.010979,-4.815167,5.997801,-0.003542,-4.818708,9.707e-25,7.075e-26,7.761e-19,7.761e-19,1.00000000
9.900000,-3.538536,-0.039864,-4.843273,5.998343,-0.002815,-4.846089,1.848e-24,1.344e-25,8.475e-19,8.475e-19,1.00000000
10.000000,-3.513293,0.006584,-4.861167,5.997851,-0.002905,-4.864072,3.333e-24,2.509e-25,1.044e-18,1.044e-18,1.00000000
10.000000,-3.513293,0.006584,-4.861167,5.997851,-0.002905,-4.864072,3.333e-24,2.509e-25,1.044e-18,1.044e-18,1.00000000
10.100000,-3.548203,0.045957,-4.834710,5.997189,-0.002241,-4.836950,6.097e-24,5.055e-25,2.289e-18,2.289e-18,1.00000000
10.200000,-3.585202,0.009102,-4.808116,5.997644,-0.000386,-4.808502,9.570e-24,9.080e-25,4.613e-18,4.613e-18,1.00000000
10.300000,-3.561902,-0.039731,-4.826096,5.998327,0.001129,-4.824967,1.814e-23,1.152e-24,4.387e-18,4.387e-18,1.00000000
10.400000,-3.520316,-0.016271,-4.856072,5.997860,0.001505,-4.854567,1.506e-22,3.792e-24,4.321e-18,4.321e-18,1.00000000
10.500000,-3.532851,0.036718,-4.845973,5.997152,0.002120,-4.843853,1.009e-21,2.344e-23,5.068e-18,5.068e-18,1.00000000
10.600000,-3.575601,0.024747,-4.815184,5.997627,0.003755,-4.811429,2.881e-21,8.996e-23,6.964e-18,6.964e-18,1.00000000
10.700000,-3.570008,-0.032102,-4.820255,5.998403,0.005119,-4.815136,3.955e-21,1.888e-22,6.279e-18,6.279e-18,1.00000000
10.800000,-3.522181,-0.033782,-4.854793,5.997993,0.005142,-4.849651,3.020e-21,2.023e-22,3.125e-18,3.125e-18,1.00000000
10.900000,-3.513576,0.022982,-4.860188,5.997264,0.004974,-4.855214,1.458e-21,1.194e-22,3.031e-18,3.031e-18,1.00000000
11.000000,-3.557299,0.037645,-4.828722,5.997696,0.005632,-4.823090,5.469e-22,4.917e-23,2.684e-18,2.684e-18,1.00000000
11.100000,-3.573587,-0.016357,-4.817780,5.998483,0.006118,-4.811662,1.987e-22,1.857e-23,1.863e-18,1.863e-18,1.00000000
11.200000,-3.531596,-0.042794,-4.847981,5.998077,0.005241,-4.842740,7.598e-23,7.318e-24,1.279e-18,1.279e-18,1.00000000
11.300000,-3.505793,0.006615,-4.865837,5.997249,0.003971,-4.861865,3.010e-23,2.998e-24,1.168e-18,1.168e-18,1.00000000
11.400000,-3.543863,0.044712,-4.838394,5.997585,0.003573,-4.834821,1.228e-23,1.256e-24,1.081e-18,1.081e-18,1.00000000
11.500000,-3.580018,0.002777,-4.812917,5.998392,0.003259,-4.809658,5.214e-24,5.430e-25,1.084e-18,1.084e-18,1.00000000
11.600000,-3.551038,-0.045347,-4.833675,5.998028,0.001700,-4.831975,2.280e-24,2.387e-25,1.166e-18,1.166e-18,1.00000000
11.700000,-3.509934,-0.013567,-4.862715,5.997151,-0.000294,-4.863009,9.898e-25,1.049e-25,2.250e-18,2.250e-18,1.00000000
11.800000,-3.532154,0.041848,-4.846801,5.997445,-0.001182,-4.847983,5.286e-25,4.594e-26,5.279e-18,5.279e-18,1.00000000
11.900000,-3.579496,0.020526,-4.813162,5.998311,-0.001544,-4.814706,5.357e-25,2.148e-26,5.158e-18,5.158e-18,1.00000000
12.000000,-3.566440,-0.041473,-4.822424,5.998082,-0.002837,-4.825261,6.958e-25,1.569e-26,3.672e-18,3.672e-18,1.00000000
12.100000,-3.513804,-0.033689,-4.859953,5.997258,-0.004577,-4.864530,7.157e-25,1.456e-26,4.909e-18,4.909e-18,1.00000000
12.200000,-3.513470,0.030978,-4.860510,5.997498,-0.005116,-4.865625,7.050e-25,1.657e-26,7.669e-18,7.669e-18,1.00000000
12.300000,-3.563878,0.036646,-4.824679,5.998341,-0.004771,-4.829450,6.586e-25,2.038e-26,7.848e-18,7.848e-18,1.00000000
12.400000,-3.571198,-0.027616,-4.819197,5.998240,-0.005014,-4.824211,6.591e-25,2.678e-26,4.096e-18,4.096e-18,1.00000000
12.500000,-3.518289,-0.045665,-4.856912,5.997502,-0.005802,-4.862714,6.712e-25,3.838e-26,3.410e-18,3.410e-18,1.00000000
12.600000,-3.497794,0.017418,-4.872050,5.997644,-0.005635,-4.877684,1.486e-24,8.296e-26,2.971e-18,2.971e-18,1.00000000
12.700000,-3.546120,0.049820,-4.837665,5.998371,-0.004544,-4.842209,2.840e-24,2.311e-25,2.087e-18,2.087e-18,1.00000000
12.800000,-3.576340,-0.006280,-4.815563,5.998324,-0.003780,-4.819343,5.942e-24,4.973e-25,1.616e-18,1.616e-18,1.00000000
12.900000,-3.534747,-0.048451,-4.845103,5.997650,-0.003626,-4.848729,1.799e-23,8.506e-25,1.422e-18,1.422e-18,1.00000000
13.000000,-3.499081,0.001782,-4.871199,5.997679,-0.002916,-4.874116,4.086e-23,1.386e-24,1.059e-18,1.059e-18,1.00000000
13.100000,-3.538310,0.055192,-4.843155,5.998236,-0.001500,-4.844655,7.408e-23,2.412e-24,1.152e-18,1.152e-18,1.00000000
13.200000,-3.586537,0.015223,-4.807751,5.998162,-0.000283,-4.808034,1.216e-22,4.462e-24,1.769e-18,1.769e-18,1.00000000
13.300000,-3.561519,-0.046006,-4.825400,5.997585,0.000355,-4.825046,2.102e-22,8.407e-24,2.258e-18,2.258e-18,1.00000000
13.400000,-3.513625,-0.017589,-4.860603,5.997610,0.001158,-4.859445,3.565e-22,1.281e-23,3.755e-18,3.755e-18,1.00000000
13.500000,-3.534171,0.048135,-4.846032,5.998059,0.002286,-4.843746,6.616e-22,2.304e-23,4.707e-18,4.707e-18,1.00000000
13.600000,-3.588812,0.029975,-4.805787,5.998005,0.003211,-4.802577,2.360e-21,1.139e-22,3.239e-18,3.239e-18,1.00000000
13.700000,-3.579426,-0.041171,-4.812231,5.997629,0.003659,-4.808572,6.650e-21,4.932e-22,3.929e-18,3.929e-18,1.00000000
13.800000,-3.522295,-0.037881,-4.854315,5.997697,0.003938,-4.850376,1.305e-20,1.127e-21,6.428e-18,6.428e-18,1.00000000
13.900000,-3.518713,0.031902,-4.857371,5.998035,0.004197,-4.853175,1.569e-20,1.494e-21,8.038e-18,8.038e-18,1.00000000
14.000000,-3.570978,0.039710,-4.818988,5.998009,0.004304,-4.814684,1.109e-20,1.161e-21,4.774e-18,4.774e-18,1.00000000
14.100000,-3.579245,-0.029047,-4.812674,5.997805,0.004126,-4.808548,5.159e-21,5.765e-22,3.286e-18,3.286e-18,1.00000000
14.200000,-3.523889,-0.049374,-4.853236,5.997844,0.003575,-4.849661,1.973e-21,2.273e-22,2.884e-18,2.884e-18,1.00000000
14.300000,-3.501144,0.015045,-4.870116,5.998022,0.002836,-4.867280,7.457e-22,8.726e-23,2.191e-18,2.191e-18,1.00000000
14.400000,-3.547767,0.047032,-4.836005,5.997984,0.002161,-4.833845,2.959e-22,3.499e-23,1.928e-18,1.928e-18,1.00000000
14.500000,-3.575911,-0.009702,-4.815352,5.997904,0.001543,-4.813809,1.273e-22,1.485e-23,1.705e-18,1.705e-18,1.00000000
14.600000,-3.533913,-0.050358,-4.846027,5.997921,0.000501,-4.845526,6.435e-23,6.968e-24,1.391e-18,1.391e-18,1.00000000
14.700000,-3.498574,-0.001360,-4.871879,5.997935,-0.000836,-4.872715,3.997e-23,3.756e-24,1.452e-18,1.452e-18,1.00000000
14.800000,-3.533964,0.048314,-4.845870,5.997807,-0.001833,-4.847703,2.855e-23,2.119e-24,1.736e-18,1.736e-18,1.00000000
14.900000,-3.577230,0.010969,-4.814236,5.997796,-0.002267,-4.816503,2.482e-23,1.162e-24,2.350e-18,2.350e-18,1.00000000
15.000000,-3.554164,-0.043774,-4.831186,5.997863,-0.002968,-4.834154,2.873e-23,7.940e-25,4.483e-18,4.483e-18,1.00000000
15.100000,-3.510755,-0.018165,-4.862887,5.997783,-0.004071,-4.866958,3.539e-23,8.869e-25,4.861e-18,4.861e-18,1.00000000
15.200000,-3.526866,0.039751,-4.850821,5.997569,-0.004651,-4.855472,3.516e-23,1.169e-24,3.674e-18,3.674e-18,1.00000000
15.300000,-3.574079,0.026694,-4.816349,5.997663,-0.004169,-4.820518,3.830e-23,1.235e-24,3.527e-18,3.527e-18,1.00000000
15.400000,-3.569594,-0.032166,-4.819929,5.997895,-0.003716,-4.823645,4.073e-23,1.255e-24,6.073e-18,6.073e-18,1.00000000
15.500000,-3.523137,-0.032596,-4.853879,5.997808,-0.003902,-4.857782,4.979e-23,1.365e-24,8.766e-18,8.766e-18,1.00000000
15.600000,-3.516289,0.023545,-4.858564,5.997540,-0.003737,-4.862302,6.901e-23,1.738e-24,6.099e-18,6.099e-18,1.00000000
15.700000,-3.557843,0.036262,-4.828350,5.997710,-0.002376,-4.830726,1.194e-22,2.858e-24,3.295e-18,3.295e-18,1.00000000
15.800000,-3.571872,-0.014599,-4.818533,5.998061,-0.000975,-4.819508,1.077e-22,3.363e-24,2.864e-18,2.864e-18,1.00000000
15.900000,-3.533126,-0.037994,-4.846745,5.997946,-0.000584,-4.847329,1.460e-22,3.691e-24,2.733e-18,2.733e-18,1.00000000
16.000000,-3.509187,0.006269,-4.863799,5.997580,-0.000223,-4.864021,1.963e-22,6.022e-24,2.661e-18,2.661e-18,1.00000000
16.100000,-3.540492,0.040088,-4.841080,5.997728,0.001270,-4.839810,2.740e-22,1.122e-23,2.177e-18,2.177e-18,1.00000000
16.200000,-3.571722,0.006110,-4.818763,5.998143,0.002820,-4.815943,3.523e-22,2.112e-23,1.622e-18,1.622e-18,1.00000000
16.300000,-3.550148,-0.034621,-4.834383,5.998001,0.003033,-4.831350,4.819e-22,3.676e-23,1.479e-18,1.479e-18,1.00000000
16.400000,-3.516329,-0.011034,-4.858555,5.997520,0.002872,-4.855683,7.423e-22,6.274e-23,1.287e-18,1.287e-18,1.00000000
16.500000,-3.532097,0.035444,-4.847113,5.997622,0.003816,-4.843297,1.107e-21,1.126e-22,1.509e-18,1.509e-18,1.00000000
16.600000,-3.573384,0.024026,-4.817426,5.998104,0.004903,-4.812523,1.310e-21,1.863e-22,4.159e-18,4.159e-18,1.00000000
16.700000,-3.571899,-0.026304,-4.818347,5.997968,0.004405,-4.813942,4.283e-21,4.717e-22,5.643e-18,5.643e-18,1.00000000
16.800000,-3.532684,-0.029359,-4.846459,5.997407,0.003231,-4.843228,1.917e-20,1.747e-21,3.342e-18,3.342e-18,1.00000000
16.900000,-3.525736,0.019643,-4.851663,5.997486,0.003250,-4.848412,3.954e-20,4.591e-21,2.317e-18,2.317e-18,1.00000000
17.000000,-3.564809,0.034318,-4.823651,5.998054,0.003684,-4.819967,5.643e-20,6.894e-21,4.331e-18,4.331e-18,1.00000000
17.100000,-3.581354,-0.014441,-4.811430,5.998014,0.002502,-4.808928,5.382e-20,6.370e-21,8.235e-18,8.235e-18,1.00000000
17.200000,-3.542162,-0.044335,-4.839508,5.997476,0.000447,-4.839061,3.326e-20,3.985e-21,7.361e-18,7.361e-18,1.00000000
17.300000,-3.510649,-0.002103,-4.862713,5.997553,-0.000267,-4.862980,1.504e-20,1.881e-21,3.859e-18,3.859e-18,1.00000000
17.400000,-3.539054,0.039604,-4.842679,5.998167,-0.000097,-4.842776,5.978e-21,7.768e-22,2.799e-18,2.799e-18,1.00000000
17.500000,-3.574178,0.005224,-4.817022,5.998206,-0.001284,-4.818307,2.329e-21,3.139e-22,2.485e-18,2.485e-18,1.00000000
17.600000,-3.547433,-0.046796,-4.835838,5.997649,-0.003481,-4.839319,9.628e-22,1.332e-22,2.516e-18,2.516e-18,1.00000000
17.700000,-3.499687,-0.021456,-4.870648,5.997623,-0.004324,-4.874972,4.399e-22,6.545e-23,2.566e-18,2.566e-18,1.00000000
17.800000,-3.514094,0.040940,-4.860865,5.998211,-0.003852,-4.864717,2.671e-22,4.340e-23,2.278e-18,2.278e-18,1.00000000
17.900000,-3.566275,0.029521,-4.822917,5.998310,-0.004367,-4.827284,2.597e-22,3.690e-23,1.861e-18,1.861e-18,1.00000000
18.000000,-3.562141,-0.037521,-4.825191,5.997727,-0.005994,-4.831185,3.640e-22,3.371e-23,1.822e-18,1.822e-18,1.00000000
18.100000,-3.507426,-0.037896,-4.864936,5.997589,-0.006361,-4.871296,5.399e-22,3.584e-23,1.481e-18,1.481e-18,1.00000000
18.200000,-3.503218,0.034553,-4.868666,5.998136,-0.005146,-4.873812,7.234e-22,4.904e-23,2.267e-18,2.267e-18,1.00000000
18.300000,-3.563910,0.050948,-4.824453,5.998282,-0.004640,-4.829093,8.732e-22,6.936e-23,5.711e-18,5.711e-18,1.00000000
18.400000,-3.584940,-0.021399,-4.808351,5.997707,-0.005288,-4.813639,1.017e-21,8.651e-23,5.269e-18,5.269e-18,1.00000000
18.500000,-3.529984,-0.052288,-4.848368,5.997516,-0.004792,-4.853160,1.171e-21,1.006e-22,3.405e-18,3.405e-18,1.00000000
18.600000,-3.501780,0.017747,-4.869654,5.998025,-0.002689,-4.872342,1.352e-21,1.152e-22,2.626e-18,2.626e-18,1.00000000
18.700000,-3.557364,0.062631,-4.829029,5.998190,-0.001285,-4.830314,1.578e-21,1.308e-22,4.988e-18,4.988e-18,1.00000000
18.800000,-3.599159,-0.003444,-4.797759,5.997704,-0.001178,-4.798937,2.196e-21,2.047e-22,7.515e-18,7.515e-18,1.00000000
18.900000,-3.549300,-0.063230,-4.834197,5.997582,-0.000177,-4.834374,3.793e-21,3.272e-22,4.766e-18,4.766e-18,1.00000000
19.000000,-3.496289,-0.006065,-4.873704,5.998089,0.002189,-4.871515,4.811e-21,3.007e-22,2.935e-18,2.935e-18,1.00000000
19.100000,-3.536827,0.064792,-4.844169,5.998276,0.003668,-4.840501,3.649e-21,1.775e-22,2.070e-18,2.070e-18,1.00000000
19.200000,-3.595936,0.017017,-4.800403,5.997909,0.003631,-4.796771,2.135e-21,1.290e-22,2.161e-18,2.161e-18,1.00000000
19.300000,-3.561138,-0.064248,-4.825772,5.997826,0.004112,-4.821660,1.989e-21,1.555e-22,2.546e-18,2.546e-18,1.00000000
19.400000,-3.492125,-0.028463,-4.876776,5.998224,0.005707,-4.871069,2.583e-21,2.307e-22,2.177e-18,2.177e-18,1.00000000
19.500000,-3.514567,0.060825,-4.860462,5.998330,0.006442,-4.854020,3.807e-21,3.656e-22,1.981e-18,1.981e-18,1.00000000
19.600000,-3.587958,0.039190,-4.806374,5.998017,0.005621,-4.800753,5.439e-21,5.679e-22,2.508e-18,2.508e-18,1.00000000
19.700000,-3.577214,-0.055111,-4.814133,5.997947,0.004999,-4.809134,7.002e-21,8.605e-22,2.749e-18,2.749e-18,1.00000000
19.800000,-3.501841,-0.048319,-4.869652,5.998227,0.005379,-4.864273,8.399e-21,1.296e-21,1.712e-18,1.712e-18,1.00000000
19.900000,-3.502021,0.048573,-4.869535,5.998240,0.005186,-4.864349,1.118e-20,3.696e-21,3.160e-18,3.160e-18,1.00000000
20.000000,-3.580860,0.057844,-4.811441,5.997988,0.003631,-4.807810,2.062e-20,1.148e-20,5.516e-18,5.516e-18,1.00000000
20.100000,-3.596669,-0.039131,-4.799809,5.997977,0.002075,-4.797734,3.795e-20,2.013e-20,4.637e-18,4.637e-18,1.00000000
20.200000,-3.521906,-0.065914,-4.854881,5.998170,0.001469,-4.853413,4.976e-20,1.911e-20,2.616e-18,2.616e-18,1.00000000
20.300000,-3.494295,0.026220,-4.875095,5.998111,0.000763,-4.874332,4.395e-20,1.186e-20,1.899e-18,1.899e-18,1.00000000
20.400000,-3.565159,0.068425,-4.822909,5.997957,-0.000832,-4.823741,2.711e-20,6.057e-21,4.838e-18,4.838e-18,1.00000000
20.500000,-3.604764,-0.017904,-4.793949,5.998049,-0.002443,-4.796392,1.343e-20,2.739e-21,4.353e-18,4.353e-18,1.00000000
20.600000,-3.538252,-0.076592,-4.842853,5.998193,-0.003153,-4.846007,6.136e-21,1.167e-21,2.580e-18,2.580e-18,1.00000000
20.700000,-3.483302,-0.000752,-4.883023,5.998109,-0.003526,-4.886549,2.836e-21,5.097e-22,1.637e-18,1.637e-18,1.00000000
20.800000,-3.536612,0.071913,-4.843984,5.998081,-0.004300,-4.848284,1.532e-21,2.555e-22,1.834e-18,1.834e-18,1.00000000
20.900000,-3.597664,0.009459,-4.799571,5.998263,-0.005070,-4.804641,1.101e-21,1.808e-22,2.020e-18,2.020e-18,1.00000000
21.000000,-3.551646,-0.073488,-4.833254,5.998328,-0.005108,-4.838362,9.231e-22,1.831e-22,1.952e-18,1.952e-18,1.00000000
21.100000,-3.479809,-0.024352,-4.885506,5.998153,-0.004697,-4.890203,9.096e-22,2.143e-22,2.284e-18,2.284e-18,1.00000000
21.200000,-3.511756,0.068782,-4.862145,5.998134,-0.004506,-4.866651,9.636e-22,2.574e-22,3.017e-18,3.017e-18,1.00000000
21.300000,-3.589179,0.037853,-4.805875,5.998339,-0.004383,-4.810258,1.126e-21,3.580e-22,3.751e-18,3.751e-18,1.00000000
21.400000,-3.572348,-0.058927,-4.818174,5.998328,-0.003725,-4.821899,1.331e-21,5.359e-22,3.070e-18,3.070e-18,1.00000000
21.500000,-3.495048,-0.043760,-4.874335,5.998034,-0.002646,-4.876980,1.577e-21,7.979e-22,2.446e-18,2.446e-18,1.00000000
21.600000,-3.501974,0.056160,-4.869175,5.997987,-0.001794,-4.870970,1.943e-21,1.040e-21,4.735e-18,4.735e-18,1.00000000
21.700000,-3.584399,0.059359,-4.809117,5.998253,-0.001172,-4.810289,2.180e-21,1.302e-21,5.247e-18,5.247e-18,1.00000000
21.800000,-3.596692,-0.039283,-4.800106,5.998229,-0.000235,-4.800341,2.419e-21,1.486e-21,3.728e-18,3.728e-18,1.00000000
21.900000,-3.521386,-0.060497,-4.854928,5.997845,0.001042,-4.853886,3.359e-21,1.760e-21,2.344e-18,2.344e-18,1.00000000
22.000000,-3.499177,0.032287,-4.871187,5.997811,0.002025,-4.869161,5.105e-21,2.597e-21,3.142e-18,3.142e-18,1.00000000
22.100000,-3.571573,0.068360,-4.818455,5.998193,0.002555,-4.815900,8.706e-21,3.264e-21,3.495e-18,3.495e-18,1.00000000
22.200000,-3.606599,-0.018797,-4.792744,5.998191,0.003076,-4.789668,8.901e-21,2.801e-21,2.868e-18,2.868e-18,1.00000000
22.300000,-3.539527,-0.071976,-4.841466,5.997768,0.003762,-4.837704,4.447e-21,1.734e-21,2.108e-18,2.108e-18,1.00000000
22.400000,-3.489731,0.002954,-4.878052,5.997801,0.004172,-4.873879,2.766e-21,1.098e-21,1.666e-18,1.666e-18,1.00000000
22.500000,-3.542790,0.067931,-4.839793,5.998297,0.004057,-4.835735,1.927e-21,1.087e-21,1.386e-18,1.386e-18,1.00000000
22.600000,-3.596905,0.005156,-4.800211,5.998315,0.003682,-4.796529,2.030e-21,1.458e-21,1.451e-18,1.451e-18,1.00000000
22.700000,-3.549634,-0.070621,-4.834203,5.997867,0.003339,-4.830864,2.608e-21,2.140e-21,1.995e-18,1.995e-18,1.00000000
22.800000,-3.483589,-0.022265,-4.882514,5.997902,0.002882,-4.879631,3.252e-21,3.095e-21,2.356e-18,2.356e-18,1.00000000
22.900000,-3.515069,0.062087,-4.860170,5.998402,0.002096,-4.858075,4.075e-21,4.122e-21,2.991e-18,2.991e-18,1.00000000
23.000000,-3.584372,0.031094,-4.809551,5.998372,0.001059,-4.808491,6.209e-21,6.505e-21,4.002e-18,4.002e-18,1.00000000
23.100000,-3.566036,-0.056983,-4.822254,5.997833,0.000051,-4.822203,1.130e-20,1.600e-20,2.635e-18,2.635e-18,1.00000000
23.200000,-3.495334,-0.042225,-4.873862,5.997806,-0.000850,-4.874712,1.997e-20,3.095e-20,2.979e-18,2.979e-18,1.00000000
23.300000,-3.501957,0.048284,-4.869682,5.998319,-0.001778,-4.871460,2.994e-20,3.423e-20,4.168e-18,4.168e-18,1.00000000
23.400000,-3.575806,0.052182,-4.815639,5.998291,-0.002786,-4.818425,3.556e-20,2.483e-20,3.785e-18,3.785e-18,1.00000000
23.500000,-3.587350,-0.035961,-4.806457,5.997699,-0.003646,-4.810102,3.088e-20,1.374e-20,2.918e-18,2.918e-18,1.00000000
23.600000,-3.520314,-0.057445,-4.855522,5.997666,-0.004145,-4.859667,1.918e-20,6.634e-21,3.324e-18,3.324e-18,1.00000000
23.700000,-3.498253,0.024991,-4.872435,5.998252,-0.004405,-4.876841,1.004e-20,3.082e-21,3.681e-18,3.681e-18,1.00000000
23.800000,-3.561809,0.062810,-4.825846,5.998268,-0.004626,-4.830473,5.115e-21,1.523e-21,3.220e-18,3.220e-18,1.00000000
23.900000,-3.597794,-0.011383,-4.798745,5.997683,-0.004626,-4.803371,2.833e-21,8.671e-22,2.277e-18,2.277e-18,1.00000000
24.000000,-3.542234,-0.064659,-4.839485,5.997684,-0.004100,-4.843584,1.798e-21,6.372e-22,1.647e-18,1.647e-18,1.00000000
24.100000,-3.494006,-0.002279,-4.875624,5.998316,-0.003265,-4.878889,1.441e-21,5.886e-22,1.546e-18,1.546e-18,1.00000000
24.200000,-3.537370,0.063577,-4.843886,5.998355,-0.002559,-4.846445,1.377e-21,5.974e-22,1.619e-18,1.619e-18,1.00000000
24.300000,-3.592403,0.015388,-4.802891,5.997780,-0.001846,-4.804738,1.416e-21,6.104e-22,1.630e-18,1.630e-18,1.00000000
24.400000,-3.558689,-0.059600,-4.827591,5.997787,-0.000668,-4.828259,1.466e-21,7.148e-22,1.769e-18,1.769e-18,1.00000000
24.500000,-3.495738,-0.025859,-4.874427,5.998407,0.000753,-4.873674,1.690e-21,1.037e-21,2.492e-18,2.492e-18,1.00000000
24.600000,-3.516217,0.056620,-4.859441,5.998430,0.001750,-4.857691,2.178e-21,1.571e-21,2.979e-18,2.979e-18,1.00000000
24.700000,-3.583809,0.040219,-4.809193,5.997803,0.002386,-4.806808,2.783e-21,2.177e-21,1.986e-18,1.986e-18,1.00000000
24.800000,-3.578392,-0.045042,-4.813117,5.997751,0.003328,-4.809789,3.424e-21,2.834e-21,2.519e-18,2.519e-18,1.00000000
24.900000,-3.512150,-0.044963,-4.862415,5.998357,0.004501,-4.857913,3.806e-21,3.185e-21,4.270e-18,4.270e-18,1.00000000
25.000000,-3.507472,0.040506,-4.865829,5.998357,0.005077,-4.860752,4.281e-21,3.249e-21,4.020e-18,4.020e-18,1.00000000
25.100000,-3.576196,0.057041,-4.814499,5.997652,0.004990,-4.809509,5.572e-21,3.412e-21,3.074e-18,3.074e-18,1.00000000
25.200000,-3.597737,-0.026526,-4.798609,5.997588,0.005047,-4.793562,8.789e-21,3.294e-21,3.135e-18,3.135e-18,1.00000000
25.300000,-3.535236,-0.061101,-4.845363,5.998264,0.005361,-4.840002,1.174e-20,2.984e-21,4.153e-18,4.153e-18,1.00000000
25.400000,-3.502016,0.014216,-4.869832,5.998298,0.005107,-4.864725,1.222e-20,3.106e-21,3.656e-18,3.656e-18,1.00000000
25.500000,-3.557651,0.062286,-4.828082,5.997594,0.004136,-4.823946,9.718e-21,2.705e-21,2.383e-18,2.383e-18,1.00000000
25.600000,-3.600347,-0.005865,-4.796717,5.997586,0.003221,-4.793496,5.519e-21,1.962e-21,1.680e-18,1.680e-18,1.00000000
25.700000,-3.548986,-0.069467,-4.835249,5.998313,0.002594,-4.832655,3.575e-21,1.913e-21,1.965e-18,1.965e-18,1.00000000
25.800000,-3.490773,-0.014468,-4.877989,5.998374,0.001621,-4.876369,2.743e-21,2.421e-21,1.994e-18,1.994e-18,1.00000000
25.900000,-3.525705,0.060240,-4.851623,5.997705,0.000183,-4.851439,2.391e-21,3.326e-21,1.619e-18,1.619e-18,1.00000000
26.000000,-3.586364,0.019536,-4.807300,5.997710,-0.001108,-4.808408,2.386e-21,4.798e-21,1.567e-18,1.567e-18,1.00000000
26.100000,-3.557967,-0.063332,-4.828855,5.998415,-0.002040,-4.830895,3.091e-21,6.873e-21,2.383e-18,2.383e-18,1.00000000
26.200000,-3.487104,-0.037255,-4.880624,5.998481,-0.003076,-4.883701,5.056e-21,1.297e-20,2.757e-18,2.757e-18,1.00000000
26.300000,-3.499431,0.052990,-4.870837,5.997823,-0.004300,-4.875137,8.203e-21,3.079e-20,2.235e-18,2.235e-18,1.00000000
26.400000,-3.572613,0.045800,-4.817428,5.997772,-0.005216,-4.822644,1.263e-20,4.834e-20,2.561e-18,2.561e-18,1.00000000
26.500000,-3.574802,-0.045042,-4.816612,5.998416,-0.005616,-4.822228,1.686e-20,4.600e-20,3.699e-18,3.699e-18,1.00000000
26.600000,-3.503446,-0.053444,-4.868746,5.998473,-0.005907,-4.874653,1.828e-20,3.594e-20,4.864e-18,4.864e-18,1.00000000
26.700000,-3.490999,0.038108,-4.876961,5.997772,-0.006295,-4.883256,1.525e-20,2.210e-20,4.308e-18,4.308e-18,1.00000000
26.800000,-3.565095,0.065277,-4.822598,5.997634,-0.006371,-4.828969,1.032e-20,1.059e-20,3.066e-18,3.066e-18,1.00000000
26.900000,-3.596592,-0.021284,-4.800344,5.998269,-0.005785,-4.806129,6.427e-21,4.663e-21,4.110e-18,4.110e-18,1.00000000
27.000000,-3.532629,-0.064718,-4.847390,5.998404,-0.004866,-4.852257,3.910e-21,2.258e-21,3.890e-18,3.890e-18,1.00000000
27.100000,-3.493154,0.014122,-4.875531,5.997760,-0.004117,-4.879648,2.644e-21,1.444e-21,2.877e-18,2.877e-18,1.00000000
27.200000,-3.553463,0.071940,-4.831050,5.997609,-0.003383,-4.834433,2.243e-21,1.299e-21,2.472e-18,2.472e-18,1.00000000
27.300000,-3.606099,0.002191,-4.793217,5.998240,-0.002129,-4.795346,2.140e-21,1.465e-21,2.522e-18,2.522e-18,1.00000000
27.400000,-3.555171,-0.069636,-4.830877,5.998455,-0.000445,-4.831322,2.127e-21,1.696e-21,2.212e-18,2.212e-18,1.00000000
27.500000,-3.492185,-0.013295,-4.876406,5.997906,0.000909,-4.875497,2.202e-21,1.868e-21,1.994e-18,1.994e-18,1.00000000
27.600000,-3.530414,0.068221,-4.848131,5.997737,0.001741,-4.846390,2.291e-21,2.049e-21,1.923e-18,1.923e-18,1.00000000
27.700000,-3.598047,0.025509,-4.799275,5.998303,0.002700,-4.796575,2.359e-21,2.314e-21,2.940e-18,2.940e-18,1.00000000
27.800000,-3.568792,-0.063792,-4.821000,5.998532,0.004066,-4.816935,2.480e-21,2.626e-21,3.484e-18,3.484e-18,1.00000000
27.900000,-3.493892,-0.036250,-4.875216,5.998027,0.005059,-4.870157,3.230e-21,2.946e-21,2.627e-18,2.627e-18,1.00000000
28.000000,-3.509032,0.057970,-4.863862,5.997818,0.005204,-4.858658,4.442e-21,3.180e-21,1.837e-18,1.837e-18,1.00000000
28.100000,-3.585884,0.046730,-4.808226,5.998315,0.005157,-4.803070,5.584e-21,3.195e-21,2.566e-18,2.566e-18,1.00000000
28.200000,-3.583987,-0.048884,-4.809886,5.998530,0.005508,-4.804378,6.046e-21,3.082e-21,4.061e-18,4.061e-18,1.00000000
28.300000,-3.508386,-0.053672,-4.864631,5.998024,0.005593,-4.859038,6.058e-21,2.919e-21,5.316e-18,5.316e-18,1.00000000
28.400000,-3.499444,0.040371,-4.870871,5.997760,0.004741,-4.866130,6.604e-21,2.923e-21,3.681e-18,3.681e-18,1.00000000
28.500000,-3.575036,0.060713,-4.815975,5.998182,0.003566,-4.812409,7.968e-21,3.372e-21,2.473e-18,2.473e-18,1.00000000
28.600000,-3.598728,-0.029538,-4.798813,5.998360,0.002916,-4.795897,8.948e-21,3.859e-21,3.264e-18,3.264e-18,1.00000000
28.700000,-3.529756,-0.065981,-4.848841,5.997899,0.002303,-4.846539,8.207e-21,3.274e-21,3.401e-18,3.401e-18,1.00000000
28.800000,-3.495360,0.015421,-4.873845,5.997679,0.000893,-4.872952,6.075e-21,2.287e-21,3.265e-18,3.265e-18,1.00000000
28.900000,-3.556646,0.064132,-4.829393,5.998073,-0.000772,-4.830165,3.983e-21,2.169e-21,2.703e-18,2.703e-18,1.00000000
29.000000,-3.599183,-0.008211,-4.798424,5.998255,-0.001654,-4.800079,2.959e-21,3.048e-21,2.284e-18,2.284e-18,1.00000000
29.100000,-3.543733,-0.069128,-4.838632,5.997931,-0.002085,-4.840717,2.588e-21,4.705e-21,2.499e-18,2.499e-18,1.00000000
29.200000,-3.488997,-0.009355,-4.878554,5.997790,-0.003114,-4.881668,2.549e-21,7.157e-21,2.674e-18,2.674e-18,1.00000000
29.300000,-3.529569,0.060725,-4.849289,5.998095,-0.004393,-4.853682,3.527e-21,1.184e-20,2.785e-18,2.785e-18,1.00000000
29.400000,-3.586157,0.015618,-4.808102,5.998217,-0.004752,-4.812854,5.552e-21,2.174e-20,4.099e-18,4.099e-18,1.00000000
29.500000,-3.553567,-0.059157,-4.831618,5.997989,-0.004325,-4.835944,7.393e-21,3.597e-20,4.005e-18,4.005e-18,1.00000000
29.600000,-3.491048,-0.027086,-4.877157,5.997900,-0.004390,-4.881547,9.388e-21,4.626e-20,1.767e-18,1.767e-18,1.00000000
29.700000,-3.510754,0.052384,-4.863022,5.998093,-0.004916,-4.867938,1.245e-20,4.430e-20,2.022e-18,2.022e-18,1.00000000
29.800000,-3.574953,0.037058,-4.816174,5.998099,-0.004613,-4.820786,1.301e-20,3.649e-20,3.719e-18,3.719e-18,1.00000000
29.900000,-3.569243,-0.040637,-4.820142,5.997910,-0.003282,-4.823424,1.078e-20,2.498e-20,5.975e-18,5.975e-18,1.00000000
30.000000,-3.509883,-0.038276,-4.863535,5.997893,-0.002343,-4.865878,7.536e-21,1.379e-20,5.246e-18,5.246e-18,1.00000000
30.100000,-3.508976,0.037665,-4.864343,5.998013,-0.002218,-4.866561,5.756e-21,6.871e-21,2.331e-18,2.331e-18,1.00000000
30.200000,-3.570156,0.049629,-4.819336,5.997872,-0.001580,-4.820916,4.123e-21,3.486e-21,2.378e-18,2.378e-18,1.00000000
30.300000,-3.586947,-0.020894,-4.806819,5.997678,0.000181,-4.806639,3.309e-21,2.090e-21,2.958e-18,2.958e-18,1.00000000
30.400000,-3.536013,-0.046053,-4.844372,5.997787,0.001615,-4.842757,2.875e-21,1.811e-21,3.257e-18,3.257e-18,1.00000000
30.500000,-3.513567,0.015111,-4.861054,5.997936,0.001844,-4.859211,2.510e-21,1.881e-21,3.175e-18,3.175e-18,1.00000000
30.600000,-3.559044,0.049162,-4.827376,5.997731,0.002162,-4.825214,2.477e-21,1.871e-21,2.724e-18,2.724e-18,1.00000000
30.700000,-3.589166,-0.004076,-4.805113,5.997603,0.003523,-4.801590,2.524e-21,1.833e-21,2.643e-18,2.643e-18,1.00000000
30.800000,-3.550193,-0.048743,-4.834077,5.997879,0.004570,-4.829508,2.564e-21,1.944e-21,2.579e-18,2.579e-18,1.00000000
30.900000,-3.510472,-0.008652,-4.863439,5.998044,0.004163,-4.859276,2.716e-21,2.215e-21,2.323e-18,2.323e-18,1.00000000
31.000000,-3.535161,0.041177,-4.845020,5.997773,0.003554,-4.841466,3.135e-21,2.529e-21,3.259e-18,3.259e-18,1.00000000
31.100000,-3.574071,0.013169,-4.816419,5.997670,0.003937,-4.812482,4.536e-21,2.770e-21,5.243e-18,5.243e-18,1.00000000
31.200000,-3.555006,-0.040422,-4.830808,5.998034,0.004156,-4.826652,6.939e-21,2.874e-21,3.396e-18,3.396e-18,1.00000000
31.300000,-3.510269,-0.025217,-4.863680,5.998167,0.002907,-4.860773,8.953e-21,3.035e-21,1.901e-18,1.901e-18,1.00000000
31.400000,-3.515912,0.029990,-4.859092,5.997776,0.001341,-4.857752,8.831e-21,3.389e-21,1.929e-18,1.929e-18,1.00000000
31.500000,-3.558976,0.028955,-4.827448,5.997617,0.000896,-4.826552,7.809e-21,3.822e-21,4.916e-18,4.916e-18,1.00000000
31.600000,-3.563827,-0.023632,-4.824431,5.998045,0.000631,-4.823800,1.000e-20,4.505e-21,8.105e-18,8.105e-18,1.00000000
31.700000,-3.524499,-0.034608,-4.853366,5.998205,-0.000981,-4.854347,1.381e-20,5.111e-21,4.816e-18,4.816e-18,1.00000000
31.800000,-3.511956,0.014255,-4.861938,5.997706,-0.002984,-4.864922,1.584e-20,5.631e-21,1.587e-18,1.587e-18,1.00000000
31.900000,-3.549752,0.037825,-4.833966,5.997449,-0.003665,-4.837631,1.338e-20,4.878e-21,1.645e-18,1.645e-18,1.00000000
32.000000,-3.574718,-0.003821,-4.816280,5.997931,-0.003646,-4.819926,8.595e-21,3.588e-21,2.709e-18,2.709e-18,1.00000000
32.100000,-3.546554,-0.037888,-4.837208,5.998171,-0.004644,-4.841851,5.047e-21,2.916e-21,3.277e-18,3.277e-18,1.00000000
32.200000,-3.516415,-0.005784,-4.858627,5.997621,-0.006107,-4.864733,3.546e-21,3.017e-21,2.978e-18,2.978e-18,1.00000000
32.300000,-3.537816,0.036308,-4.842535,5.997300,-0.006184,-4.848719,2.997e-21,4.159e-21,2.608e-18,2.608e-18,1.00000000
32.400000,-3.573922,0.014680,-4.816760,5.997859,-0.005134,-4.821894,3.032e-21,6.631e-21,2.727e-18,2.727e-18,1.00000000
32.500000,-3.560658,-0.033612,-4.826947,5.998235,-0.004749,-4.831695,4.168e-21,1.204e-20,2.792e-18,2.792e-18,1.00000000
32.600000,-3.518966,-0.023994,-4.856856,5.997728,-0.005032,-4.861888,6.049e-21,2.306e-20,2.515e-18,2.515e-18,1.00000000
32.700000,-3.519994,0.027783,-4.855661,5.997380,-0.004299,-4.859959,7.191e-21,3.255e-20,4.027e-18,4.027e-18,1.00000000
32.800000,-3.560692,0.031177,-4.826537,5.997913,-0.002455,-4.828992,7.785e-21,3.366e-20,5.000e-18,5.000e-18,1.00000000
32.900000,-3.567472,-0.020091,-4.822114,5.998337,-0.001092,-4.823206,8.013e-21,2.997e-20,2.439e-18,2.439e-18,1.00000000
33.000000,-3.526351,-0.034565,-4.851582,5.997849,-0.000645,-4.852227,6.970e-21,2.415e-20,1.675e-18,1.675e-18,1.00000000
33.100000,-3.509937,0.015574,-4.863021,5.997405,0.000306,-4.862715,6.063e-21,1.809e-20,2.858e-18,2.858e-18,1.00000000
33.200000,-3.549363,0.042630,-4.834693,5.997837,0.002172,-4.832521,6.044e-21,1.172e-20,7.676e-18,7.676e-18,1.00000000
33.300000,-3.576795,-0.002119,-4.815192,5.998295,0.003643,-4.811549,5.664e-21,7.000e-21,6.966e-18,6.966e-18,1.00000000
33.400000,-3.545101,-0.039257,-4.837852,5.997841,0.004010,-4.833842,5.158e-21,4.045e-21,2.340e-18,2.340e-18,1.00000000
33.500000,-3.513489,-0.001392,-4.860360,5.997309,0.004441,-4.855920,4.559e-21,2.667e-21,1.335e-18,1.335e-18,1.00000000
33.600000,-3.542728,0.044420,-4.839328,5.997666,0.005593,-4.833735,3.508e-21,2.466e-21,2.045e-18,2.045e-18,1.00000000
33.700000,-3.584410,0.014224,-4.809377,5.998192,0.006409,-4.802969,3.217e-21,2.707e-21,2.612e-18,2.612e-18,1.00000000
33.800000,-3.565375,-0.040629,-4.822902,5.997828,0.005996,-4.816907,3.102e-21,2.944e-21,2.525e-18,2.525e-18,1.00000000
33.900000,-3.519645,-0.023000,-4.855796,5.997265,0.005304,-4.850492,3.129e-21,3.264e-21,2.361e-18,2.361e-18,1.00000000
34.000000,-3.529104,0.035081,-4.849230,5.997570,0.005285,-4.843945,3.163e-21,3.515e-21,2.183e-18,2.183e-18,1.00000000
34.100000,-3.575826,0.027178,-4.815671,5.998163,0.005156,-4.810516,3.435e-21,3.539e-21,2.199e-18,2.199e-18,1.00000000
34.200000,-3.572244,-0.035454,-4.818029,5.997965,0.003900,-4.814129,4.457e-21,3.682e-21,2.157e-18,2.157e-18,1.00000000
34.300000,-3.519271,-0.041237,-4.856185,5.997458,0.002204,-4.853981,5.995e-21,4.218e-21,2.789e-18,2.789e-18,1.00000000
34.400000,-3.507364,0.021287,-4.865219,5.997700,0.001272,-4.863947,7.597e-21,4.959e-21,4.318e-18,4.318e-18,1.00000000
34.500000,-3.554390,0.039939,-4.831560,5.998271,0.000653,-4.830907,8.987e-21,5.737e-21,3.419e-18,3.419e-18,1.00000000
34.600000,-3.571920,-0.019351,-4.818605,5.998161,-0.000738,-4.819343,9.535e-21,6.234e-21,2.125e-18,2.125e-18,1.00000000
34.700000,-3.524612,-0.049143,-4.852476,5.997652,-0.002638,-4.855114,1.007e-20,6.663e-21,1.736e-18,1.736e-18,1.00000000
34.800000,-3.495758,0.006645,-4.873682,5.997762,-0.003747,-4.877429,1.118e-20,7.961e-21,4.575e-18,4.575e-18,1.00000000
34.900000,-3.537887,0.049529,-4.843528,5.998238,-0.004126,-4.847654,1.286e-20,8.971e-21,6.561e-18,6.561e-18,1.00000000
35.000000,-3.576857,0.003036,-4.814996,5.998175,-0.004847,-4.819843,1.270e-20,8.164e-21,3.420e-18,3.420e-18,1.00000000
35.100000,-3.544703,-0.048343,-4.837877,5.997692,-0.006084,-4.843961,1.034e-20,6.160e-21,1.935e-18,1.935e-18,1.00000000
35.200000,-3.502525,-0.010284,-4.868750,5.997709,-0.006618,-4.875367,7.133e-21,4.159e-21,1.641e-18,1.641e-18,1.00000000
35.300000,-3.530821,0.050249,-4.848483,5.998084,-0.006204,-4.854687,4.628e-21,3.565e-21,1.977e-18,1.977e-18,1.00000000
35.400000,-3.583493,0.024346,-4.809872,5.998073,-0.005751,-4.815623,3.183e-21,3.562e-21,2.170e-18,2.170e-18,1.00000000
35.500000,-3.569650,-0.041955,-4.819584,5.997712,-0.005716,-4.825300,2.680e-21,3.950e-21,1.941e-18,1.941e-18,1.00000000
35.600000,-3.517083,-0.029215,-4.858150,5.997696,-0.005223,-4.863373,3.277e-21,5.221e-21,1.893e-18,1.893e-18,1.00000000
35.700000,-3.522754,0.039570,-4.854276,5.997946,-0.003943,-4.858219,4.800e-21,8.478e-21,1.505e-18,1.505e-18,1.00000000
35.800000,-3.577475,0.039218,-4.814139,5.997983,-0.002524,-4.816663,6.147e-21,1.580e-20,2.173e-18,2.173e-18,1.00000000
35.900000,-3.581685,-0.031011,-4.810862,5.997818,-0.001504,-4.812366,5.887e-21,2.222e-20,2.176e-18,2.176e-18,1.00000000
36.000000,-3.525522,-0.044688,-4.852068,5.997822,-0.000466,-4.852534,5.905e-21,2.029e-20,2.715e-18,2.715e-18,1.00000000
36.100000,-3.508043,0.022768,-4.865047,5.997964,0.000899,-4.864149,6.428e-21,1.556e-20,2.832e-18,2.832e-18,1.00000000
36.200000,-3.558032,0.048696,-4.828499,5.998030,0.002285,-4.826214,6.948e-21,1.290e-20,2.169e-18,2.169e-18,1.00000000
36.300000,-3.581921,-0.013891,-4.810996,5.998003,0.003242,-4.807754,5.856e-21,1.078e-20,1.334e-18,1.334e-18,1.00000000
36.400000,-3.533989,-0.050935,-4.846009,5.997956,0.003803,-4.842206,4.126e-21,8.020e-21,2.844e-18,2.844e-18,1.00000000
36.500000,-3.499863,0.005001,-4.870944,5.997929,0.004328,-4.866615,3.494e-21,5.432e-21,5.337e-18,5.337e-18,1.00000000
36.600000,-3.540588,0.052409,-4.841148,5.997935,0.004890,-4.836257,3.716e-21,4.179e-21,4.126e-18,4.126e-18,1.00000000
36.700000,-3.582488,0.006062,-4.810571,5.997988,0.005131,-4.805440,3.962e-21,4.245e-21,2.435e-18,2.435e-18,1.00000000
36.800000,-3.551227,-0.049544,-4.833384,5.997939,0.004715,-4.828669,3.719e-21,4.647e-21,1.825e-18,1.825e-18,1.00000000
36.900000,-3.505537,-0.014481,-4.866650,5.997773,0.004022,-4.862628,3.565e-21,4.768e-21,2.061e-18,2.061e-18,1.00000000
37.000000,-3.529414,0.046672,-4.849074,5.997705,0.003532,-4.845542,3.161e-21,4.750e-21,2.330e-18,2.330e-18,1.00000000
37.100000,-3.581034,0.023431,-4.811476,5.997887,0.003060,-4.808417,3.130e-21,4.878e-21,2.279e-18,2.279e-18,1.00000000
37.200000,-3.569030,-0.042587,-4.820322,5.997940,0.001896,-4.818426,3.560e-21,4.867e-21,2.347e-18,2.347e-18,1.00000000
37.300000,-3.515835,-0.034258,-4.859017,5.997693,0.000318,-4.858699,3.969e-21,4.705e-21,2.040e-18,2.040e-18,1.00000000
37.400000,-3.515830,0.031511,-4.858879,5.997563,-0.000769,-4.859649,4.544e-21,4.960e-21,1.747e-18,1.747e-18,1.00000000
37.500000,-3.566723,0.036397,-4.822007,5.997882,-0.001300,-4.823306,5.493e-21,5.447e-21,3.079e-18,3.079e-18,1.00000000
37.600000,-3.575049,-0.028042,-4.816136,5.998077,-0.002296,-4.818432,6.391e-21,5.861e-21,4.630e-18,4.630e-18,1.00000000
37.700000,-3.523217,-0.046772,-4.853661,5.997772,-0.003767,-4.857428,6.543e-21,6.217e-21,3.532e-18,3.532e-18,1.00000000
37.800000,-3.500578,0.013438,-4.869956,5.997558,-0.004586,-4.874542,6.764e-21,6.525e-21,2.074e-18,2.074e-18,1.00000000
37.900000,-3.544424,0.046023,-4.838444,5.997966,-0.004411,-4.842855,7.180e-21,7.604e-21,1.611e-18,1.611e-18,1.00000000
38.000000,-3.574534,-0.005369,-4.816858,5.998287,-0.004431,-4.821289,7.551e-21,1.265e-20,2.698e-18,2.698e-18,1.00000000
38.100000,-3.536502,-0.047474,-4.844151,5.997908,-0.005067,-4.849218,8.189e-21,1.701e-20,4.937e-18,4.937e-18,1.00000000
38.200000,-3.498634,-0.003902,-4.871342,5.997535,-0.005171,-4.876513,8.540e-21,1.438e-20,4.748e-18,4.748e-18,1.00000000
38.300000,-3.530040,0.049239,-4.848867,5.997926,-0.004117,-4.852984,7.118e-21,9.453e-21,3.093e-18,3.093e-18,1.00000000
38.400000,-3.577821,0.019010,-4.814436,5.998330,-0.003093,-4.817529,5.407e-21,5.774e-21,2.358e-18,2.358e-18,1.00000000
38.500000,-3.561108,-0.039665,-4.826153,5.997901,-0.002900,-4.829052,4.532e-21,3.976e-21,2.541e-18,2.541e-18,1.00000000
38.600000,-3.514489,-0.021718,-4.859692,5.997392,-0.002420,-4.862112,4.034e-21,3.201e-21,2.658e-18,2.658e-18,1.00000000
38.700000,-3.525984,0.041399,-4.851700,5.997772,-0.000770,-4.852470,4.203e-21,2.938e-21,2.375e-18,2.375e-18,1.00000000
38.800000,-3.580202,0.037288,-4.812504,5.998286,0.000888,-4.811617,4.493e-21,3.795e-21,2.681e-18,2.681e-18,1.00000000
38.900000,-3.584683,-0.028339,-4.808716,5.997875,0.001409,-4.807307,4.729e-21,6.916e-21,3.070e-18,3.070e-18,1.00000000
39.000000,-3.533393,-0.040521,-4.845748,5.997314,0.001859,-4.843889,5.761e-21,1.290e-20,1.943e-18,1.943e-18,1.00000000
39.100000,-3.518123,0.021602,-4.857469,5.997721,0.003385,-4.854084,4.998e-21,1.661e-20,2.308e-18,2.308e-18,1.00000000
39.200000,-3.565906,0.046417,-4.823094,5.998339,0.004884,-4.818210,4.296e-21,1.342e-20,5.697e-18,5.697e-18,1.00000000
39.300000,-3.589690,-0.013133,-4.805186,5.997988,0.004905,-4.800280,5.333e-21,1.029e-20,5.731e-18,5.731e-18,1.00000000
39.400000,-3.542211,-0.053355,-4.839308,5.997417,0.004424,-4.834884,5.484e-21,9.344e-21,3.208e-18,3.208e-18,1.00000000
39.500000,-3.502650,-0.002120,-4.868794,5.997809,0.004948,-4.863846,4.540e-21,7.773e-21,1.810e-18,1.810e-18,1.00000000
39.600000,-3.537915,0.050162,-4.843789,5.998471,0.005621,-4.838168,5.322e-21,5.736e-21,1.941e-18,1.941e-18,1.00000000
39.700000,-3.581929,0.008716,-4.811210,5.998169,0.004726,-4.806484,5.445e-21,4.431e-21,4.469e-18,4.469e-18,1.00000000
39.800000,-3.551270,-0.054073,-4.832818,5.997547,0.002994,-4.829824,5.029e-21,4.761e-21,5.483e-18,5.483e-18,1.00000000
39.900000,-3.496502,-0.024124,-4.873192,5.997842,0.002303,-4.870890,3.991e-21,6.339e-21,3.999e-18,3.999e-18,1.00000000
40.000000,-3.515054,0.047997,-4.860468,5.998505,0.002214,-4.858253,3.384e-21,7.574e-21,2.945e-18,2.945e-18,1.00000000
40.000000,-3.515054,0.047997,-4.860468,5.998505,0.002214,-4.858253,3.384e-21,7.574e-21,2.945e-18,2.945e-18,1.00000000
40.100000,-3.507804,0.228218,-4.856395,5.995110,-0.001859,-4.858254,3.168e-21,7.421e-21,2.608e-18,2.608e-18,1.00000000
40.200000,-3.488084,0.408935,-4.845350,5.984261,-0.012903,-4.858254,2.926e-21,6.364e-21,2.508e-18,2.508e-18,1.00000000
40.300000,-3.455219,0.589896,-4.827641,5.965956,-0.030610,-4.858251,2.879e-21,5.458e-21,3.164e-18,3.164e-18,1.00000000
40.400000,-3.408547,0.770352,-4.803721,5.940318,-0.054526,-4.858247,3.082e-21,5.018e-21,4.058e-18,4.058e-18,1.00000000
40.500000,-3.347596,0.949002,-4.774188,5.907612,-0.084054,-4.858242,3.396e-21,4.832e-21,3.801e-18,3.801e-18,1.00000000
40.600000,-3.272239,1.124068,-4.739758,5.868252,-0.118477,-4.858234,3.922e-21,4.871e-21,3.432e-18,3.432e-18,1.00000000
40.700000,-3.182905,1.293534,-4.701236,5.822864,-0.156989,-4.858226,4.520e-21,5.332e-21,2.176e-18,2.176e-18,1.00000000
40.800000,-3.080668,1.455400,-4.659475,5.772297,-0.198741,-4.858216,5.173e-21,6.139e-21,4.215e-18,4.215e-18,1.00000000
40.900000,-2.967109,1.607982,-4.615290,5.717538,-0.242915,-4.858205,5.708e-21,7.041e-21,6.534e-18,6.534e-18,1.00000000
41.000000,-2.844123,1.750137,-4.569392,5.659626,-0.288801,-4.858194,5.613e-21,8.452e-21,4.655e-18,4.655e-18,1.00000000
41.100000,-2.713617,1.881321,-4.522357,5.599536,-0.335825,-4.858183,5.710e-21,1.192e-20,3.174e-18,3.174e-18,1.00000000
41.200000,-2.577167,2.001544,-4.474599,5.538050,-0.383574,-4.858173,5.572e-21,1.628e-20,2.525e-18,2.525e-18,1.00000000
41.300000,-2.435950,2.111303,-4.426350,5.475767,-0.431815,-4.858165,5.790e-21,1.616e-20,3.392e-18,3.392e-18,1.00000000
41.400000,-2.290824,2.211374,-4.377690,5.413153,-0.480469,-4.858159,6.375e-21,1.229e-20,5.713e-18,5.713e-18,1.00000000
41.500000,-2.142335,2.302684,-4.328596,5.350579,-0.529561,-4.858157,6.598e-21,9.757e-21,5.049e-18,5.049e-18,1.00000000
41.600000,-1.990796,2.386231,-4.278959,5.288370,-0.579199,-4.858158,5.483e-21,7.395e-21,3.521e-18,3.521e-18,1.00000000
41.700000,-1.836491,2.462869,-4.228592,5.226797,-0.629571,-4.858163,4.300e-21,5.120e-21,2.420e-18,2.420e-18,1.00000000
41.800000,-1.679812,2.533148,-4.177246,5.166042,-0.680927,-4.858173,3.525e-21,3.874e-21,2.213e-18,2.213e-18,1.00000000
41.900000,-1.521356,2.597492,-4.124612,5.106262,-0.733576,-4.858187,3.003e-21,3.645e-21,2.816e-18,2.816e-18,1.00000000
42.000000,-1.361930,2.656227,-4.070321,5.047564,-0.787884,-4.858205,3.005e-21,4.249e-21,3.259e-18,3.259e-18,1.00000000
42.100000,-1.202289,2.709185,-4.014011,4.989736,-0.844216,-4.858227,3.581e-21,6.186e-21,3.737e-18,3.737e-18,1.00000000
42.200000,-1.043066,2.755663,-3.955448,4.932265,-0.902804,-4.858252,4.133e-21,9.613e-21,4.352e-18,4.352e-18,1.00000000
42.300000,-0.885078,2.795044,-3.894584,4.874773,-0.963695,-4.858279,4.199e-21,1.193e-20,4.192e-18,4.192e-18,1.00000000
42.400000,-0.729423,2.827002,-3.831588,4.817164,-1.026719,-4.858307,5.470e-21,1.115e-20,6.215e-18,6.215e-18,1.00000000
42.500000,-0.577170,2.851222,-3.766862,4.759395,-1.091473,-4.858335,6.419e-21,9.592e-21,8.858e-18,8.858e-18,1.00000000
42.600000,-0.429156,2.867430,-3.700956,4.701426,-1.157406,-4.858362,5.930e-21,8.347e-21,8.818e-18,8.818e-18,1.00000000
42.700000,-0.285982,2.875815,-3.634491,4.643449,-1.223896,-4.858387,4.961e-21,6.748e-21,8.053e-18,8.053e-18,1.00000000
42.800000,-0.147936,2.877037,-3.568131,4.585934,-1.290278,-4.858410,5.407e-21,5.267e-21,6.397e-18,6.397e-18,1.00000000
42.900000,-0.014754,2.871804,-3.502582,4.529410,-1.355846,-4.858428,5.376e-21,4.197e-21,5.473e-18,5.473e-18,1.00000000
43.000000,0.114259,2.860724,-3.438571,4.474435,-1.419871,-4.858441,4.517e-21,4.478e-21,5.693e-18,5.693e-18,1.00000000
43.100000,0.239796,2.844444,-3.376805,4.421671,-1.481645,-4.858450,3.645e-21,5.919e-21,5.377e-18,5.377e-18,1.00000000
43.200000,0.362414,2.823533,-3.317841,4.371699,-1.540612,-4.858453,3.234e-21,7.230e-21,4.723e-18,4.723e-18,1.00000000
43.300000,0.482703,2.798224,-3.261958,4.324746,-1.596492,-4.858450,3.013e-21,7.157e-21,3.964e-18,3.964e-18,1.00000000
43.400000,0.601265,2.768529,-3.209191,4.280792,-1.649251,-4.858442,3.013e-21,5.885e-21,2.956e-18,2.956e-18,1.00000000
43.500000,0.718407,2.734630,-3.159448,4.239861,-1.698982,-4.858430,3.245e-21,4.571e-21,2.722e-18,2.722e-18,1.00000000
43.600000,0.834020,2.696956,-3.112496,4.201999,-1.745917,-4.858413,3.438e-21,3.952e-21,3.006e-18,3.006e-18,1.00000000
43.700000,0.947713,2.655992,-3.067934,4.167094,-1.790459,-4.858393,3.723e-21,4.079e-21,2.723e-18,2.723e-18,1.00000000
43.800000,1.058861,2.612278,-3.025319,4.134941,-1.833053,-4.858371,4.677e-21,5.031e-21,3.473e-18,3.473e-18,1.00000000
43.900000,1.166631,2.566463,-2.984320,4.105353,-1.874029,-4.858349,5.334e-21,6.433e-21,3.361e-18,3.361e-18,1.00000000
44.000000,1.270213,2.519194,-2.944680,4.078102,-1.913648,-4.858328,4.954e-21,7.745e-21,3.709e-18,3.709e-18,1.00000000
44.100000,1.369043,2.470996,-2.906134,4.052865,-1.952175,-4.858310,4.346e-21,9.112e-21,5.002e-18,5.002e-18,1.00000000
44.200000,1.462719,2.422359,-2.868478,4.029334,-1.989817,-4.858295,4.194e-21,1.283e-20,5.021e-18,5.021e-18,1.00000000
44.300000,1.550899,2.373822,-2.831653,4.007315,-2.026633,-4.858285,4.067e-21,2.332e-20,4.975e-18,4.975e-18,1.00000000
44.400000,1.633373,2.325833,-2.795679,3.986631,-2.062602,-4.858281,4.577e-21,4.121e-20,4.223e-18,4.223e-18,1.00000000
44.500000,1.710151,2.278602,-2.760610,3.967066,-2.097673,-4.858284,5.225e-21,5.526e-20,2.743e-18,2.743e-18,1.00000000
44.600000,1.781375,2.232128,-2.726643,3.948452,-2.131650,-4.858293,5.179e-21,5.896e-20,3.137e-18,3.137e-18,1.00000000
44.700000,1.847165,2.186300,-2.694217,3.930742,-2.164092,-4.858309,4.260e-21,6.076e-20,3.783e-18,3.783e-18,1.00000000
44.800000,1.907643,2.140948,-2.663933,3.913988,-2.194398,-4.858331,3.697e-21,5.911e-20,4.086e-18,4.086e-18,1.00000000
44.900000,1.963124,2.095765,-2.636380,3.898280,-2.221979,-4.858359,3.647e-21,4.567e-20,3.761e-18,3.761e-18,1.00000000
45.000000,2.014177,2.050174,-2.611915,3.883583,-2.246477,-4.858392,3.428e-21,3.080e-20,3.406e-18,3.406e-18,1.00000000
45.100000,2.061462,2.003467,-2.590315,3.869526,-2.268112,-4.858427,3.367e-21,2.119e-20,3.685e-18,3.685e-18,1.00000000
45.200000,2.105554,1.955107,-2.570604,3.855361,-2.287860,-4.858464,3.713e-21,1.457e-20,4.608e-18,4.608e-18,1.00000000
45.300000,2.146870,1.904878,-2.551351,3.840183,-2.307151,-4.858502,4.438e-21,1.001e-20,4.872e-18,4.872e-18,1.00000000
45.400000,2.185565,1.852831,-2.531249,3.823205,-2.327289,-4.858538,5.856e-21,8.808e-21,4.696e-18,4.696e-18,1.00000000
45.500000,2.221424,1.799233,-2.509424,3.803837,-2.349147,-4.858571,8.551e-21,9.609e-21,3.990e-18,3.990e-18,1.00000000
45.600000,2.254080,1.744489,-2.485414,3.781719,-2.373187,-4.858600,1.221e-20,9.036e-21,3.329e-18,3.329e-18,1.00000000
45.700000,2.283270,1.689047,-2.459113,3.756786,-2.399512,-4.858624,1.720e-20,7.026e-21,3.130e-18,3.130e-18,1.00000000
45.800000,2.308715,1.633449,-2.430807,3.729228,-2.427836,-4.858643,2.148e-20,5.544e-21,3.052e-18,3.052e-18,1.00000000
45.900000,2.330185,1.578523,-2.401123,3.699579,-2.457531,-4.858654,1.997e-20,4.999e-21,3.418e-18,3.418e-18,1.00000000
46.000000,2.347823,1.525474,-2.370923,3.668872,-2.487737,-4.858659,1.748e-20,5.531e-21,3.228e-18,3.228e-18,1.00000000
46.100000,2.362235,1.475656,-2.341205,3.638537,-2.517453,-4.858658,1.558e-20,6.586e-21,2.214e-18,2.214e-18,1.00000000
46.200000,2.374246,1.430025,-2.312927,3.609937,-2.545724,-4.858650,1.398e-20,7.009e-21,2.117e-18,2.117e-18,1.00000000
46.300000,2.384641,1.388597,-2.286828,3.583893,-2.571810,-4.858637,1.352e-20,6.731e-21,2.610e-18,2.610e-18,1.00000000
46.400000,2.394044,1.350434,-2.263323,3.560583,-2.595296,-4.858619,1.181e-20,6.535e-21,2.820e-18,2.820e-18,1.00000000
46.500000,2.402911,1.314067,-2.242349,3.539616,-2.616247,-4.858597,1.210e-20,6.058e-21,2.871e-18,2.871e-18,1.00000000
46.600000,2.411448,1.277908,-2.223262,3.520089,-2.635309,-4.858571,1.393e-20,5.338e-21,2.468e-18,2.468e-18,1.00000000
46.700000,2.419578,1.240571,-2.205114,3.500843,-2.653427,-4.858542,1.600e-20,4.295e-21,2.176e-18,2.176e-18,1.00000000
46.800000,2.427003,1.201175,-2.187221,3.480962,-2.671290,-4.858511,1.849e-20,4.247e-21,2.062e-18,2.062e-18,1.00000000
46.900000,2.433304,1.159398,-2.169532,3.460064,-2.688947,-4.858479,2.487e-20,5.890e-21,2.000e-18,2.000e-18,1.00000000
47.000000,2.438099,1.115342,-2.152572,3.438296,-2.705875,-4.858446,2.465e-20,9.141e-21,2.239e-18,2.239e-18,1.00000000
47.100000,2.441164,1.069462,-2.137048,3.416139,-2.721366,-4.858414,2.178e-20,1.182e-20,2.640e-18,2.640e-18,1.00000000
47.200000,2.442548,1.022608,-2.123570,3.394307,-2.734814,-4.858383,3.143e-20,1.138e-20,2.415e-18,2.415e-18,1.00000000
47.300000,2.442582,0.976088,-2.112614,3.373735,-2.745740,-4.858353,2.122e-20,9.874e-21,2.254e-18,2.254e-18,1.00000000
47.400000,2.441650,0.931482,-2.104570,3.355374,-2.753754,-4.858325,2.035e-20,1.327e-20,2.422e-18,2.422e-18,1.00000000
47.500000,2.440113,0.890050,-2.099828,3.340003,-2.758470,-4.858298,3.705e-20,2.441e-20,2.823e-18,2.823e-18,1.00000000
47.600000,2.438468,0.852168,-2.098697,3.328189,-2.759576,-4.858273,4.087e-20,3.561e-20,3.223e-18,3.223e-18,1.00000000
47.700000,2.437366,0.817059,-2.101067,3.320064,-2.757183,-4.858250,3.865e-20,3.378e-20,2.509e-18,2.509e-18,1.00000000
47.800000,2.437395,0.783072,-2.106368,3.315250,-2.751861,-4.858229,3.291e-20,2.136e-20,1.961e-18,1.961e-18,1.00000000
47.900000,2.438916,0.748331,-2.113789,3.313067,-2.744421,-4.858210,2.902e-20,1.231e-20,1.850e-18,1.850e-18,1.00000000
48.000000,2.442061,0.711171,-2.122421,3.312718,-2.735773,-4.858194,2.209e-20,8.521e-21,2.247e-18,2.247e-18,1.00000000
48.100000,2.446720,0.670345,-2.131535,3.313494,-2.726645,-4.858179,1.637e-20,7.424e-21,2.574e-18,2.574e-18,1.00000000
48.200000,2.452431,0.625295,-2.140873,3.314928,-2.717295,-4.858168,1.673e-20,6.532e-21,2.387e-18,2.387e-18,1.00000000
48.300000,2.458529,0.576143,-2.150471,3.316750,-2.707688,-4.858158,2.379e-20,5.469e-21,2.145e-18,2.145e-18,1.00000000
48.400000,2.464419,0.523671,-2.160293,3.318804,-2.697859,-4.858152,2.703e-20,4.812e-21,2.226e-18,2.226e-18,1.00000000
48.500000,2.469747,0.469077,-2.170142,3.321024,-2.688005,-4.858148,2.340e-20,4.766e-21,1.972e-18,1.972e-18,1.00000000
48.600000,2.474088,0.413185,-2.179721,3.323104,-2.678425,-4.858146,1.486e-20,5.773e-21,1.895e-18,1.895e-18,1.00000000
48.700000,2.476544,0.356062,-2.188644,3.324186,-2.669502,-4.858146,8.224e-21,7.100e-21,2.622e-18,2.622e-18,1.00000000
48.800000,2.476036,0.297196,-2.196365,3.323116,-2.661783,-4.858148,9.632e-21,7.126e-21,2.657e-18,2.657e-18,1.00000000
48.900000,2.471945,0.236087,-2.202058,3.318932,-2.656094,-4.858152,1.407e-20,6.190e-21,2.173e-18,2.173e-18,1.00000000
49.000000,2.464594,0.173283,-2.204922,3.311485,-2.653234,-4.858156,1.020e-20,5.592e-21,2.233e-18,2.233e-18,1.00000000
49.100000,2.455143,0.110643,-2.205019,3.301829,-2.653142,-4.858160,8.464e-21,5.808e-21,2.875e-18,2.875e-18,1.00000000
49.200000,2.444827,0.050276,-2.203308,3.291546,-2.654856,-4.858165,7.685e-21,6.926e-21,3.326e-18,3.326e-18,1.00000000
49.300000,2.434481,-0.006346,-2.200894,3.281871,-2.657275,-4.858169,7.723e-21,7.584e-21,3.029e-18,3.029e-18,1.00000000
49.400000,2.424597,-0.058380,-2.198888,3.273712,-2.659285,-4.858173,8.524e-21,7.230e-21,2.105e-18,2.105e-18,1.00000000
49.500000,2.415541,-0.105900,-2.198470,3.267924,-2.659706,-4.858177,7.871e-21,7.900e-21,1.973e-18,1.973e-18,1.00000000
49.600000,2.407190,-0.150288,-2.200218,3.264677,-2.657962,-4.858180,7.086e-21,1.036e-20,1.903e-18,1.903e-18,1.00000000
49.700000,2.398638,-0.193575,-2.203554,3.262911,-2.654629,-4.858183,6.168e-21,1.142e-20,2.282e-18,2.282e-18,1.00000000
49.800000,2.388600,-0.237646,-2.207383,3.261047,-2.650802,-4.858186,6.163e-21,1.104e-20,2.420e-18,2.420e-18,1.00000000
49.900000,2.376198,-0.283734,-2.210868,3.258030,-2.647320,-4.858188,5.458e-21,7.572e-21,2.314e-18,2.314e-18,1.00000000
50.000000,2.361463,-0.332228,-2.213440,3.253644,-2.644750,-4.858190,5.300e-21,4.983e-21,2.125e-18,2.125e-18,1.00000000
50.100000,2.344911,-0.382916,-2.214693,3.248091,-2.643498,-4.858191,5.149e-21,6.646e-21,1.796e-18,1.796e-18,1.00000000
50.200000,2.326884,-0.435076,-2.214575,3.241608,-2.643619,-4.858193,5.074e-21,9.930e-21,1.677e-18,1.677e-18,1.00000000
50.300000,2.307736,-0.487806,-2.213614,3.234762,-2.644582,-4.858195,4.816e-21,1.238e-20,2.254e-18,2.254e-18,1.00000000
50.400000,2.287554,-0.540375,-2.212613,3.228090,-2.645585,-4.858198,4.753e-21,1.347e-20,2.389e-18,2.389e-18,1.00000000
50.500000,2.265891,-0.592140,-2.212106,3.221538,-2.646094,-4.858200,4.832e-21,1.650e-20,1.983e-18,1.983e-18,1.00000000
50.600000,2.242347,-0.642526,-2.212316,3.214857,-2.645887,-4.858203,4.886e-21,2.621e-20,1.937e-18,1.937e-18,1.00000000
50.700000,2.217105,-0.691011,-2.213241,3.208035,-2.644965,-4.858207,5.542e-21,4.153e-20,2.211e-18,2.211e-18,1.00000000
50.800000,2.190830,-0.737325,-2.214491,3.201149,-2.643718,-4.858210,5.999e-21,4.939e-20,2.837e-18,2.837e-18,1.00000000
50.900000,2.164356,-0.781420,-2.215441,3.194250,-2.642771,-4.858212,6.044e-21,4.065e-20,2.715e-18,2.715e-18,1.00000000
51.000000,2.138416,-0.823473,-2.215552,3.187413,-2.642662,-4.858214,5.401e-21,2.819e-20,2.101e-18,2.101e-18,1.00000000
51.100000,2.113478,-0.864098,-2.214783,3.180993,-2.643432,-4.858215,4.530e-21,1.810e-20,1.827e-18,1.827e-18,1.00000000
51.200000,2.089708,-0.903932,-2.213453,3.175429,-2.644761,-4.858214,3.964e-21,1.163e-20,1.681e-18,1.681e-18,1.00000000
51.300000,2.066492,-0.943692,-2.211701,3.170578,-2.646511,-4.858211,3.498e-21,1.392e-20,1.870e-18,1.870e-18,1.00000000
51.400000,2.042846,-0.984127,-2.209338,3.165897,-2.648869,-4.858207,3.531e-21,2.231e-20,2.257e-18,2.257e-18,1.00000000
51.500000,2.018257,-1.025493,-2.205857,3.160823,-2.652345,-4.858202,3.671e-21,1.298e-20,2.357e-18,2.357e-18,1.00000000
51.600000,1.992585,-1.067470,-2.200929,3.154992,-2.657266,-4.858195,3.879e-21,8.896e-21,2.298e-18,2.298e-18,1.00000000
51.700000,1.965620,-1.109428,-2.194896,3.148342,-2.663290,-4.858186,4.297e-21,8.517e-21,2.145e-18,2.145e-18,1.00000000
51.800000,1.937582,-1.150865,-2.188890,3.141648,-2.669287,-4.858177,4.855e-21,8.289e-21,2.237e-18,2.237e-18,1.00000000
51.900000,1.909255,-1.191689,-2.183940,3.136076,-2.674228,-4.858168,5.146e-21,9.140e-21,2.571e-18,2.571e-18,1.00000000
52.000000,1.881215,-1.232440,-2.180125,3.132223,-2.678034,-4.858158,5.786e-21,9.538e-21,2.658e-18,2.658e-18,1.00000000
52.100000,1.853822,-1.273834,-2.176693,3.130064,-2.681456,-4.858149,8.133e-21,1.031e-20,2.217e-18,2.217e-18,1.00000000
52.200000,1.827279,-1.316167,-2.172764,3.129241,-2.685374,-4.858139,1.131e-20,1.198e-20,1.993e-18,1.993e-18,1.00000000
52.300000,1.801164,-1.359338,-2.167953,3.129219,-2.690177,-4.858130,1.007e-20,1.605e-20,2.272e-18,2.272e-18,1.00000000
52.400000,1.774551,-1.403449,-2.162558,3.129754,-2.695562,-4.858121,8.563e-21,1.905e-20,2.541e-18,2.541e-18,1.00000000
52.500000,1.746330,-1.448546,-2.157271,3.130778,-2.700842,-4.858113,7.090e-21,1.038e-20,2.560e-18,2.560e-18,1.00000000
52.600000,1.715312,-1.494007,-2.152233,3.131527,-2.705872,-4.858106,5.988e-21,6.086e-21,2.270e-18,2.270e-18,1.00000000
52.700000,1.679884,-1.538761,-2.147515,3.130753,-2.710585,-4.858100,4.813e-21,4.861e-21,2.020e-18,2.020e-18,1.00000000
52.800000,1.638712,-1.581775,-2.143486,3.127606,-2.714611,-4.858097,4.927e-21,4.704e-21,1.675e-18,1.675e-18,1.00000000
52.900000,1.591949,-1.622394,-2.139926,3.121818,-2.718170,-4.858096,5.251e-21,5.272e-21,1.690e-18,1.690e-18,1.00000000
53.000000,1.540920,-1.660100,-2.136464,3.113655,-2.721633,-4.858097,4.106e-21,6.364e-21,1.795e-18,1.795e-18,1.00000000
53.100000,1.487036,-1.694725,-2.133202,3.103856,-2.724898,-4.858101,3.239e-21,5.943e-21,1.848e-18,1.848e-18,1.00000000
53.200000,1.431315,-1.726688,-2.130173,3.093178,-2.727934,-4.858107,3.003e-21,6.190e-21,1.880e-18,1.880e-18,1.00000000
53.300000,1.374117,-1.756831,-2.127311,3.082224,-2.730805,-4.858116,2.941e-21,1.020e-20,1.823e-18,1.823e-18,1.00000000
53.400000,1.315096,-1.786287,-2.124432,3.071402,-2.733694,-4.858127,3.194e-21,1.457e-20,1.740e-18,1.740e-18,1.00000000
53.500000,1.253793,-1.815531,-2.120946,3.060484,-2.737194,-4.858140,3.402e-21,1.732e-20,2.017e-18,2.017e-18,1.00000000
53.600000,1.189707,-1.843729,-2.116285,3.048508,-2.741869,-4.858154,3.679e-21,1.844e-20,2.299e-18,2.299e-18,1.00000000
53.700000,1.122399,-1.869735,-2.110455,3.034750,-2.747715,-4.858170,3.441e-21,2.058e-20,2.004e-18,2.004e-18,1.00000000
53.800000,1.052169,-1.893052,-2.103821,3.019399,-2.754366,-4.858187,3.102e-21,2.879e-20,1.841e-18,1.841e-18,1.00000000
53.900000,0.980386,-1.914050,-2.096760,3.003523,-2.761443,-4.858204,3.186e-21,4.306e-20,1.940e-18,1.940e-18,1.00000000
54.000000,0.908604,-1.933234,-2.089525,2.988155,-2.768695,-4.858220,3.806e-21,5.477e-20,2.281e-18,2.281e-18,1.00000000
54.100000,0.838140,-1.950751,-2.081803,2.973518,-2.776433,-4.858236,4.211e-21,5.509e-20,2.238e-18,2.238e-18,1.00000000
54.200000,0.770333,-1.966529,-2.072871,2.959298,-2.785380,-4.858251,3.787e-21,4.336e-20,1.985e-18,1.985e-18,1.00000000
54.300000,0.705948,-1.980201,-2.062456,2.945044,-2.795808,-4.858264,3.831e-21,5.542e-20,1.870e-18,1.870e-18,1.00000000
54.400000,0.644673,-1.991078,-2.051377,2.930553,-2.806900,-4.858276,3.813e-21,4.665e-20,1.599e-18,1.599e-18,1.00000000
54.500000,0.585435,-1.998224,-2.041124,2.915788,-2.817163,-4.858286,3.614e-21,2.109e-20,1.353e-18,1.353e-18,1.00000000
54.600000,0.527006,-2.001280,-2.032809,2.900891,-2.825485,-4.858294,5.099e-21,1.107e-20,1.459e-18,1.459e-18,1.00000000
54.700000,0.469004,-2.000793,-2.027166,2.886614,-2.831133,-4.858299,7.533e-21,8.101e-21,1.652e-18,1.652e-18,1.00000000
54.800000,0.411392,-1.997942,-2.024530,2.873976,-2.833772,-4.858302,6.095e-21,8.355e-21,1.730e-18,1.730e-18,1.00000000
54.900000,0.353881,-1.993795,-2.024669,2.863518,-2.833633,-4.858302,6.859e-21,9.938e-21,1.760e-18,1.760e-18,1.00000000
55.000000,0.296483,-1.988581,-2.026613,2.854736,-2.831688,-4.858301,6.216e-21,1.036e-20,1.959e-18,1.959e-18,1.00000000
55.100000,0.239206,-1.981938,-2.029347,2.846673,-2.828951,-4.858298,6.235e-21,1.619e-20,2.235e-18,2.235e-18,1.00000000
55.200000,0.181734,-1.973831,-2.032264,2.838861,-2.826030,-4.858294,5.675e-21,2.267e-20,2.350e-18,2.350e-18,1.00000000
55.300000,0.123961,-1.964551,-2.034978,2.831248,-2.823311,-4.858289,5.628e-21,1.720e-20,2.057e-18,2.057e-18,1.00000000
55.400000,0.066018,-1.954211,-2.037272,2.823787,-2.821013,-4.858284,6.068e-21,1.868e-20,1.898e-18,1.898e-18,1.00000000
55.500000,0.007995,-1.942412,-2.038678,2.815890,-2.819602,-4.858280,6.484e-21,2.321e-20,1.928e-18,1.928e-18,1.00000000
55.600000,-0.049360,-1.928496,-2.039057,2.807006,-2.819220,-4.858277,6.330e-21,7.171e-20,1.978e-18,1.978e-18,1.00000000
55.700000,-0.105190,-1.912213,-2.038914,2.797283,-2.819360,-4.858274,5.590e-21,2.111e-19,1.902e-18,1.902e-18,1.00000000
55.800000,-0.159115,-1.893560,-2.038886,2.787103,-2.819386,-4.858272,6.636e-21,1.697e-19,1.766e-18,1.766e-18,1.00000000
55.900000,-0.210833,-1.872963,-2.039398,2.776974,-2.818873,-4.858271,1.392e-20,9.758e-20,1.707e-18,1.707e-18,1.00000000
56.000000,-0.260258,-1.850879,-2.040788,2.767364,-2.817482,-4.858270,1.923e-20,3.628e-20,1.574e-18,1.574e-18,1.00000000
56.100000,-0.307338,-1.827645,-2.043339,2.758619,-2.814930,-4.858270,9.512e-21,3.123e-20,1.323e-18,1.323e-18,1.00000000
56.200000,-0.351600,-1.803372,-2.047010,2.750641,-2.811259,-4.858270,3.545e-21,4.226e-20,1.286e-18,1.286e-18,1.00000000
56.300000,-0.392816,-1.777699,-2.051785,2.743053,-2.806485,-4.858269,6.531e-21,5.135e-20,1.465e-18,1.465e-18,1.00000000
56.400000,-0.431554,-1.750028,-2.057527,2.735371,-2.800741,-4.858269,2.703e-20,5.212e-20,1.501e-18,1.501e-18,1.00000000
56.500000,-0.468372,-1.720371,-2.063782,2.727315,-2.794485,-4.858268,3.494e-20,3.034e-20,1.624e-18,1.624e-18,1.00000000
56.600000,-0.503744,-1.689043,-2.070434,2.719066,-2.787832,-4.858266,3.213e-20,2.770e-20,1.809e-18,1.809e-18,1.00000000
56.700000,-0.538177,-1.656142,-2.078388,2.711483,-2.779876,-4.858264,1.046e-20,2.924e-20,1.849e-18,1.849e-18,1.00000000
56.800000,-0.571903,-1.621527,-2.088478,2.705211,-2.769783,-4.858261,5.060e-21,3.678e-20,1.843e-18,1.843e-18,1.00000000
56.900000,-0.605154,-1.585310,-2.101080,2.700732,-2.757179,-4.858258,5.786e-21,3.698e-20,1.751e-18,1.751e-18,1.00000000
57.000000,-0.638042,-1.547718,-2.115752,2.697950,-2.742503,-4.858255,8.672e-21,3.667e-20,1.840e-18,1.840e-18,1.00000000
57.100000,-0.671081,-1.509615,-2.131000,2.696377,-2.727251,-4.858251,2.588e-20,4.727e-20,1.834e-18,1.834e-18,1.00000000
57.200000,-0.704761,-1.472447,-2.144849,2.695396,-2.713399,-4.858247,3.379e-20,6.990e-20,1.677e-18,1.677e-18,1.00000000
57.300000,-0.738444,-1.436794,-2.156133,2.694176,-2.702111,-4.858244,6.527e-21,8.999e-20,1.533e-18,1.533e-18,1.00000000
57.400000,-0.770878,-1.402779,-2.164472,2.692022,-2.693769,-4.858241,4.224e-21,8.870e-20,1.614e-18,1.614e-18,1.00000000
57.500000,-0.801010,-1.370154,-2.169956,2.688428,-2.688284,-4.858240,4.302e-21,1.497e-19,1.687e-18,1.687e-18,1.00000000
57.600000,-0.828696,-1.339005,-2.173040,2.683612,-2.685199,-4.858239,5.085e-21,6.654e-20,1.541e-18,1.541e-18,1.00000000
57.700000,-0.854364,-1.309619,-2.173595,2.677602,-2.684645,-4.858240,5.270e-21,2.403e-20,1.307e-18,1.307e-18,1.00000000
57.800000,-0.878137,-1.281462,-2.170937,2.669501,-2.687305,-4.858242,4.288e-21,3.182e-20,1.246e-18,1.246e-18,1.00000000
57.900000,-0.899629,-1.253414,-2.164962,2.658466,-2.693283,-4.858245,4.309e-21,4.918e-20,1.335e-18,1.335e-18,1.00000000
58.000000,-0.918128,-1.224099,-2.156241,2.644003,-2.702008,-4.858249,5.373e-21,5.164e-20,1.462e-18,1.462e-18,1.00000000
58.100000,-0.933256,-1.192680,-2.145451,2.626102,-2.712803,-4.858254,6.033e-21,3.038e-20,1.614e-18,1.614e-18,1.00000000
58.200000,-0.945362,-1.159277,-2.133337,2.605525,-2.724923,-4.858260,6.005e-21,2.873e-20,1.817e-18,1.817e-18,1.00000000
58.300000,-0.955376,-1.124711,-2.120654,2.583581,-2.737613,-4.858267,5.489e-21,2.113e-20,1.784e-18,1.784e-18,1.00000000
58.400000,-0.964922,-1.090324,-2.107535,2.561559,-2.750738,-4.858273,5.001e-21,2.272e-20,1.680e-18,1.680e-18,1.00000000
58.500000,-0.975818,-1.057277,-2.093492,2.540229,-2.764787,-4.858279,4.808e-21,3.980e-20,1.632e-18,1.632e-18,1.00000000
58.600000,-0.989381,-1.025953,-2.077153,2.519131,-2.781132,-4.858285,4.550e-21,5.267e-20,1.771e-18,1.771e-18,1.00000000
58.700000,-1.005712,-0.995762,-2.057485,2.497247,-2.800805,-4.858290,4.218e-21,5.345e-20,2.051e-18,2.051e-18,1.00000000
58.800000,-1.023350,-0.965296,-2.035013,2.473928,-2.823281,-4.858294,3.885e-21,6.834e-20,1.907e-18,1.907e-18,1.00000000
58.900000,-1.040888,-0.933754,-2.010504,2.448974,-2.847793,-4.858297,3.596e-21,7.857e-20,1.560e-18,1.560e-18,1.00000000
59.000000,-1.057695,-0.901094,-1.984393,2.422499,-2.873906,-4.858299,3.256e-21,6.134e-20,1.479e-18,1.479e-18,1.00000000
59.100000,-1.073102,-0.867754,-1.957499,2.395067,-2.900800,-4.858299,3.330e-21,5.016e-20,1.445e-18,1.445e-18,1.00000000
59.200000,-1.086255,-0.834523,-1.930898,2.367434,-2.927400,-4.858298,3.659e-21,2.082e-20,1.611e-18,1.611e-18,1.00000000
59.300000,-1.096328,-0.802423,-1.905393,2.340158,-2.952903,-4.858295,4.193e-21,9.890e-21,1.644e-18,1.644e-18,1.00000000
59.400000,-1.103267,-0.772003,-1.881793,2.313942,-2.976499,-4.858292,5.126e-21,9.541e-21,1.514e-18,1.514e-18,1.00000000
59.500000,-1.107652,-0.742969,-1.860685,2.289333,-2.997602,-4.858287,6.959e-21,1.113e-20,1.440e-18,1.440e-18,1.00000000
59.600000,-1.109662,-0.715041,-1.841887,2.266094,-3.016395,-4.858283,8.644e-21,1.468e-20,1.442e-18,1.442e-18,1.00000000
59.700000,-1.109135,-0.687764,-1.824645,2.243330,-3.033633,-4.858278,7.890e-21,1.945e-20,1.538e-18,1.538e-18,1.00000000
59.800000,-1.106396,-0.660157,-1.808398,2.220411,-3.049875,-4.858273,8.677e-21,2.443e-20,1.927e-18,1.927e-18,1.00000000
59.900000,-1.102551,-0.631517,-1.793113,2.197655,-3.065155,-4.858269,9.509e-21,2.451e-20,1.881e-18,1.881e-18,1.00000000
60.000000,-1.099013,-0.601891,-1.779379,2.176302,-3.078886,-4.858265,1.139e-20,2.647e-20,1.575e-18,1.575e-18,1.00000000
60.100000,-1.096310,-0.571493,-1.768126,2.157491,-3.090136,-4.858262,1.222e-20,3.754e-20,1.568e-18,1.568e-18,1.00000000
60.200000,-1.094464,-0.540457,-1.759797,2.141689,-3.098463,-4.858260,1.143e-20,4.652e-20,1.605e-18,1.605e-18,1.00000000
60.300000,-1.093109,-0.509303,-1.754103,2.128651,-3.104156,-4.858259,1.355e-20,4.848e-20,1.781e-18,1.781e-18,1.00000000
60.400000,-1.092182,-0.477870,-1.750257,2.117692,-3.108003,-4.858259,1.201e-20,3.786e-20,1.650e-18,1.650e-18,1.00000000
60.500000,-1.091611,-0.445655,-1.747392,2.107985,-3.110868,-4.858260,1.228e-20,2.614e-20,1.506e-18,1.506e-18,1.00000000
60.600000,-1.091328,-0.412388,-1.744815,2.098914,-3.113448,-4.858263,1.213e-20,1.821e-20,1.460e-18,1.460e-18,1.00000000
60.700000,-1.091451,-0.377947,-1.741418,2.089652,-3.116848,-4.858266,1.065e-20,1.417e-20,1.395e-18,1.395e-18,1.00000000
60.800000,-1.091358,-0.342603,-1.736807,2.079648,-3.121464,-4.858271,7.748e-21,1.324e-20,1.391e-18,1.391e-18,1.00000000
60.900000,-1.090150,-0.307728,-1.731675,2.069256,-3.126601,-4.858276,8.225e-21,1.448e-20,1.398e-18,1.398e-18,1.00000000
61.000000,-1.087312,-0.274886,-1.727115,2.059305,-3.131167,-4.858281,7.582e-21,1.725e-20,1.308e-18,1.308e-18,1.00000000
61.100000,-1.082941,-0.245251,-1.724740,2.051253,-3.133547,-4.858288,1.043e-20,3.417e-20,1.175e-18,1.175e-18,1.00000000
61.200000,-1.077565,-0.219476,-1.725946,2.046510,-3.132348,-4.858294,1.066e-20,3.907e-20,1.319e-18,1.319e-18,1.00000000
61.300000,-1.071577,-0.197528,-1.730951,2.045357,-3.127349,-4.858300,1.388e-20,3.272e-20,1.661e-18,1.661e-18,1.00000000
61.400000,-1.064714,-0.179530,-1.739109,2.047033,-3.119197,-4.858306,1.885e-20,3.445e-20,2.124e-18,2.124e-18,1.00000000
61.500000,-1.056815,-0.165381,-1.749153,2.050304,-3.109158,-4.858311,2.685e-20,4.166e-20,2.102e-18,2.102e-18,1.00000000
61.600000,-1.048058,-0.154260,-1.760082,2.054291,-3.098234,-4.858315,2.623e-20,4.223e-20,1.620e-18,1.620e-18,1.00000000
61.700000,-1.039152,-0.144960,-1.771751,2.059114,-3.086568,-4.858319,2.577e-20,4.928e-20,1.632e-18,1.632e-18,1.00000000
61.800000,-1.030674,-0.136300,-1.783838,2.064690,-3.074484,-4.858322,2.985e-20,6.510e-20,1.962e-18,1.962e-18,1.00000000
61.900000,-1.022549,-0.127450,-1.794524,2.069339,-3.063800,-4.858324,2.825e-20,6.202e-20,2.693e-18,2.693e-18,1.00000000
62.000000,-1.014519,-0.118385,-1.802314,2.071618,-3.056011,-4.858325,2.319e-20,5.879e-20,2.082e-18,2.082e-18,1.00000000
62.100000,-1.006317,-0.108993,-1.807264,2.071414,-3.051060,-4.858324,3.140e-20,6.058e-20,1.512e-18,1.512e-18,1.00000000
62.200000,-0.997525,-0.099294,-1.810560,2.069552,-3.047763,-4.858323,3.388e-20,5.865e-20,1.423e-18,1.423e-18,1.00000000
62.300000,-0.987827,-0.090289,-1.813688,2.067224,-3.044634,-4.858321,2.933e-20,4.864e-20,1.564e-18,1.564e-18,1.00000000
62.400000,-0.977734,-0.082666,-1.817496,2.065452,-3.040822,-4.858319,3.309e-20,3.931e-20,1.659e-18,1.659e-18,1.00000000
62.500000,-0.968093,-0.076122,-1.822167,2.064774,-3.036148,-4.858315,4.002e-20,4.751e-20,1.497e-18,1.497e-18,1.00000000
62.600000,-0.959190,-0.069677,-1.826972,2.064637,-3.031339,-4.858311,5.703e-20,8.729e-20,1.514e-18,1.514e-18,1.00000000
62.700000,-0.950616,-0.062122,-1.830944,2.063949,-3.027363,-4.858307,7.733e-20,1.027e-19,2.261e-18,2.261e-18,1.00000000
62.800000,-0.942068,-0.052900,-1.833845,2.062348,-3.024457,-4.858302,9.545e-20,1.178e-19,2.842e-18,2.842e-18,1.00000000
62.900000,-0.934035,-0.041565,-1.835592,2.059987,-3.022705,-4.858297,1.142e-19,1.575e-19,2.574e-18,2.574e-18,1.00000000
63.000000,-0.926980,-0.027549,-1.836083,2.057001,-3.022208,-4.858291,1.448e-19,2.043e-19,1.964e-18,1.964e-18,1.00000000
63.100000,-0.920768,-0.010401,-1.835106,2.053177,-3.023180,-4.858286,1.603e-19,2.175e-19,1.587e-18,1.587e-18,1.00000000
63.200000,-0.914815,0.009479,-1.831967,2.047701,-3.026312,-4.858280,1.771e-19,2.229e-19,1.397e-18,1.397e-18,1.00000000
63.300000,-0.908266,0.030349,-1.826062,2.039699,-3.032212,-4.858274,2.009e-19,2.322e-19,1.469e-18,1.469e-18,1.00000000
63.400000,-0.900709,0.049730,-1.817806,2.029327,-3.040462,-4.858268,2.179e-19,2.278e-19,1.533e-18,1.533e-18,1.00000000
63.500000,-0.892517,0.065844,-1.807663,2.017069,-3.050599,-4.858262,2.066e-19,2.133e-19,1.519e-18,1.519e-18,1.00000000
63.600000,-0.884664,0.077760,-1.795930,2.003508,-3.062327,-4.858257,1.887e-19,1.794e-19,1.423e-18,1.423e-18,1.00000000
63.700000,-0.877742,0.085335,-1.783740,1.989835,-3.074511,-4.858251,1.780e-19,1.478e-19,1.447e-18,1.447e-18,1.00000000
63.800000,-0.871695,0.088926,-1.772308,1.977077,-3.085937,-4.858245,1.653e-19,1.339e-19,1.337e-18,1.337e-18,1.00000000
63.900000,-0.866320,0.089378,-1.761991,1.965480,-3.096249,-4.858240,1.388e-19,1.281e-19,1.318e-18,1.318e-18,1.00000000
64.000000,-0.861768,0.087743,-1.752777,1.955140,-3.105457,-4.858234,1.054e-19,1.447e-19,1.368e-18,1.368e-18,1.00000000
64.100000,-0.858500,0.085048,-1.744990,1.946598,-3.113239,-4.858229,8.410e-20,1.810e-19,1.382e-18,1.382e-18,1.00000000
64.200000,-0.857066,0.082377,-1.739141,1.940608,-3.119083,-4.858224,7.750e-20,2.300e-19,1.284e-18,1.284e-18,1.00000000
64.300000,-0.857598,0.080571,-1.735926,1.937886,-3.122293,-4.858219,8.980e-20,2.828e-19,1.230e-18,1.230e-18,1.00000000
64.400000,-0.859387,0.079995,-1.735465,1.938243,-3.122749,-4.858214,1.544e-19,2.918e-19,1.260e-18,1.260e-18,1.00000000
64.500000,-0.861414,0.080868,-1.736965,1.940521,-3.121244,-4.858209,2.382e-19,3.301e-19,1.252e-18,1.252e-18,1.00000000
64.600000,-0.862670,0.083535,-1.739253,1.943239,-3.118952,-4.858205,4.000e-19,3.985e-19,1.441e-18,1.441e-18,1.00000000
64.700000,-0.862552,0.088074,-1.740698,1.944681,-3.117503,-4.858201,5.138e-19,4.104e-19,1.459e-18,1.459e-18,1.00000000
64.800000,-0.861251,0.094303,-1.739577,1.943393,-3.118621,-4.858198,5.681e-19,3.658e-19,1.350e-18,1.350e-18,1.00000000
64.900000,-0.858996,0.102565,-1.736087,1.939688,-3.122109,-4.858195,9.812e-19,2.994e-19,1.455e-18,1.455e-18,1.00000000
65.000000,-0.855927,0.113152,-1.731751,1.935039,-3.126443,-4.858194,1.781e-18,2.672e-19,1.521e-18,1.781e-18,1.00000000
65.100000,-0.852318,0.125696,-1.728049,1.930906,-3.130145,-4.858193,1.878e-18,2.898e-19,1.633e-18,1.878e-18,1.00000000
65.200000,-0.849057,0.138941,-1.725799,1.928364,-3.132395,-4.858194,2.878e-18,4.016e-19,1.866e-18,2.878e-18,1.00000000
65.300000,-0.847485,0.151136,-1.725640,1.928447,-3.132556,-4.858197,3.044e-18,5.376e-19,2.053e-18,3.044e-18,1.00000000
65.400000,-0.848171,0.161681,-1.728287,1.931971,-3.129913,-4.858201,2.688e-18,5.725e-19,2.356e-18,2.688e-18,1.00000000
65.500000,-0.850662,0.171248,-1.734442,1.939392,-3.123764,-4.858206,3.685e-18,5.930e-19,2.817e-18,3.685e-18,1.00000000
65.600000,-0.854592,0.180715,-1.745185,1.951578,-3.113028,-4.858213,3.097e-18,6.720e-19,3.450e-18,3.450e-18,1.00000000
65.700000,-0.859607,0.190841,-1.761662,1.969466,-3.096560,-4.858222,2.820e-18,8.406e-19,2.996e-18,2.996e-18,1.00000000
65.800000,-0.864362,0.202294,-1.782751,1.991544,-3.075481,-4.858232,2.954e-18,1.047e-18,2.814e-18,2.954e-18,1.00000000
65.900000,-0.866910,0.215318,-1.805395,2.014285,-3.052849,-4.858244,3.950e-18,1.339e-18,2.704e-18,3.950e-18,1.00000000
66.000000,-0.866173,0.229910,-1.827175,2.035113,-3.031081,-4.858256,4.277e-18,1.771e-18,2.932e-18,4.277e-18,1.00000000
66.100000,-0.861934,0.245711,-1.846308,2.052354,-3.011961,-4.858269,4.491e-18,2.332e-18,3.372e-18,4.491e-18,1.00000000
66.200000,-0.854381,0.261811,-1.860910,2.064339,-2.997372,-4.858282,6.840e-18,3.120e-18,3.057e-18,6.840e-18,1.00000000
66.300000,-0.843846,0.277678,-1.869823,2.070125,-2.988472,-4.858295,7.087e-18,3.923e-18,2.439e-18,7.087e-18,1.00000000
66.400000,-0.830873,0.293246,-1.872626,2.069558,-2.985681,-4.858307,6.455e-18,4.626e-18,1.955e-18,6.455e-18,1.00000000
66.500000,-0.816413,0.308577,-1.870020,2.063668,-2.988298,-4.858318,6.363e-18,4.938e-18,1.870e-18,6.363e-18,1.00000000
66.600000,-0.801527,0.323513,-1.863755,2.054432,-2.994573,-4.858328,7.282e-18,4.972e-18,1.864e-18,7.282e-18,1.00000000
66.700000,-0.786619,0.337987,-1.855531,2.043526,-3.002807,-4.858337,7.792e-18,4.720e-18,1.838e-18,7.792e-18,1.00000000
66.800000,-0.771201,0.351744,-1.846351,2.031622,-3.011994,-4.858345,7.264e-18,4.097e-18,2.005e-18,7.264e-18,1.00000000
66.900000,-0.755095,0.364217,-1.837125,2.019369,-3.021227,-4.858351,6.024e-18,3.212e-18,2.463e-18,6.024e-18,1.00000000
67.000000,-0.738260,0.375323,-1.828925,2.007700,-3.029431,-4.858356,5.519e-18,2.471e-18,3.098e-18,5.519e-18,1.00000000
67.100000,-0.720194,0.385481,-1.822538,1.997228,-3.035820,-4.858359,4.964e-18,2.077e-18,3.567e-18,4.964e-18,1.00000000
67.200000,-0.700376,0.394823,-1.818343,1.988161,-3.040017,-4.858360,3.798e-18,2.005e-18,4.074e-18,4.074e-18,1.00000000
67.300000,-0.678577,0.403115,-1.815751,1.979879,-3.042609,-4.858360,2.610e-18,2.056e-18,3.679e-18,3.679e-18,1.00000000
67.400000,-0.655081,0.410318,-1.813718,1.971564,-3.044641,-4.858359,1.822e-18,2.194e-18,3.394e-18,3.394e-18,1.00000000
67.500000,-0.630825,0.417005,-1.811664,1.963150,-3.046692,-4.858356,1.459e-18,2.359e-18,3.314e-18,3.314e-18,1.00000000
67.600000,-0.606563,0.423713,-1.809040,1.954502,-3.049312,-4.858352,1.579e-18,2.627e-18,3.713e-18,3.713e-18,1.00000000
67.700000,-0.582786,0.430428,-1.805817,1.945734,-3.052530,-4.858347,2.156e-18,3.318e-18,4.024e-18,4.024e-18,1.00000000
67.800000,-0.559972,0.436577,-1.802707,1.937503,-3.055634,-4.858341,2.785e-18,4.023e-18,3.965e-18,4.023e-18,1.00000000
67.900000,-0.538124,0.441396,-1.801179,1.930973,-3.057154,-4.858334,3.318e-18,4.560e-18,3.735e-18,4.560e-18,1.00000000
68.000000,-0.516570,0.444678,-1.802239,1.926823,-3.056087,-4.858326,3.864e-18,5.065e-18,3.209e-18,5.065e-18,1.00000000
68.100000,-0.494945,0.446575,-1.804718,1.923904,-3.053600,-4.858318,4.506e-18,5.017e-18,3.212e-18,5.017e-18,1.00000000
68.200000,-0.473337,0.447440,-1.806567,1.920400,-3.051742,-4.858309,5.041e-18,4.784e-18,4.014e-18,5.041e-18,1.00000000
68.300000,-0.452487,0.447857,-1.806760,1.915646,-3.051541,-4.858301,5.864e-18,4.627e-18,5.057e-18,5.864e-18,1.00000000
68.400000,-0.433196,0.448729,-1.805264,1.909973,-3.053028,-4.858292,6.932e-18,5.050e-18,5.749e-18,6.932e-18,1.00000000
68.500000,-0.416043,0.450609,-1.803042,1.904495,-3.055242,-4.858284,7.451e-18,5.786e-18,7.714e-18,7.714e-18,1.00000000
68.600000,-0.401115,0.453422,-1.801459,1.900457,-3.056817,-4.858276,7.452e-18,5.822e-18,9.972e-18,9.972e-18,1.00000000
68.700000,-0.388361,0.457292,-1.801777,1.899037,-3.056492,-4.858269,7.653e-18,6.236e-18,1.450e-17,1.450e-17,1.00000000
68.800000,-0.377471,0.462172,-1.804031,1.900162,-3.054231,-4.858262,8.719e-18,7.505e-18,1.883e-17,1.883e-17,1.00000000
68.900000,-0.367760,0.467454,-1.807671,1.903006,-3.050586,-4.858257,1.038e-17,9.106e-18,1.891e-17,1.891e-17,1.00000000
69.000000,-0.358053,0.472527,-1.811831,1.906362,-3.046421,-4.858252,1.296e-17,1.027e-17,2.015e-17,2.015e-17,1.00000000
69.100000,-0.347568,0.476932,-1.815848,1.909338,-3.042400,-4.858248,1.794e-17,1.229e-17,2.270e-17,2.270e-17,1.00000000
69.200000,-0.336273,0.480575,-1.819087,1.911311,-3.039158,-4.858245,2.305e-17,1.657e-17,2.445e-17,2.445e-17,1.00000000
69.300000,-0.323887,0.483752,-1.820986,1.911782,-3.037257,-4.858243,2.806e-17,2.203e-17,2.184e-17,2.806e-17,1.00000000
69.400000,-0.310650,0.486433,-1.821406,1.910665,-3.036836,-4.858243,3.471e-17,2.964e-17,1.703e-17,3.471e-17,1.00000000
69.500000,-0.297135,0.488193,-1.821055,1.908628,-3.037189,-4.858243,3.951e-17,3.980e-17,1.376e-17,3.980e-17,1.00000000
69.600000,-0.283675,0.488190,-1.820829,1.906363,-3.037415,-4.858245,4.198e-17,5.572e-17,1.017e-17,5.572e-17,1.00000000
69.700000,-0.270654,0.485971,-1.821434,1.904479,-3.036814,-4.858247,4.610e-17,7.008e-17,9.160e-18,7.008e-17,1.00000000
69.800000,-0.258634,0.481620,-1.823212,1.903405,-3.035039,-4.858251,4.886e-17,7.836e-17,7.978e-18,7.836e-17,1.00000000
69.900000,-0.247865,0.475712,-1.826478,1.903618,-3.031777,-4.858255,5.288e-17,7.993e-17,8.084e-18,7.993e-17,1.00000000
70.000000,-0.238048,0.468621,-1.831213,1.905155,-3.027046,-4.858260,5.846e-17,7.199e-17,9.278e-18,7.199e-17,1.00000000
70.100000,-0.228069,0.460279,-1.836680,1.907162,-3.021584,-4.858265,5.867e-17,5.734e-17,1.082e-17,5.867e-17,1.00000000
70.200000,-0.217065,0.450312,-1.842173,1.908795,-3.016098,-4.858270,4.910e-17,4.213e-17,1.430e-17,4.910e-17,1.00000000
70.300000,-0.204942,0.439155,-1.847572,1.910073,-3.010704,-4.858276,3.599e-17,3.093e-17,1.983e-17,3.599e-17,1.00000000
70.400000,-0.192024,0.427670,-1.852930,1.911315,-3.005351,-4.858282,2.644e-17,2.342e-17,2.294e-17,2.644e-17,1.00000000
70.500000,-0.178680,0.416274,-1.857485,1.911926,-3.000802,-4.858288,1.961e-17,1.958e-17,2.268e-17,2.268e-17,1.00000000
70.600000,-0.165081,0.405255,-1.860635,1.911399,-2.997658,-4.858293,1.487e-17,1.902e-17,2.538e-17,2.538e-17,1.00000000
70.700000,-0.150656,0.394943,-1.861044,1.908445,-2.997254,-4.858298,1.218e-17,2.047e-17,2.915e-17,2.915e-17,1.00000000
70.800000,-0.135378,0.385748,-1.857431,1.901888,-3.000871,-4.858303,1.131e-17,2.375e-17,2.967e-17,2.967e-17,1.00000000
70.900000,-0.119621,0.377596,-1.849235,1.891179,-3.009072,-4.858307,1.247e-17,2.785e-17,2.852e-17,2.852e-17,1.00000000
71.000000,-0.103733,0.370077,-1.837668,1.877429,-3.020642,-4.858310,1.666e-17,3.228e-17,2.581e-17,3.228e-17,1.00000000
71.100000,-0.087954,0.362730,-1.823773,1.861574,-3.034540,-4.858313,2.364e-17,3.492e-17,2.359e-17,3.492e-17,1.00000000
71.200000,-0.072359,0.355333,-1.807469,1.843487,-3.050845,-4.858315,3.115e-17,3.548e-17,2.393e-17,3.548e-17,1.00000000
71.300000,-0.056952,0.347420,-1.789333,1.823638,-3.068983,-4.858316,3.683e-17,3.767e-17,2.625e-17,3.767e-17,1.00000000
71.400000,-0.042281,0.338516,-1.771035,1.803592,-3.087281,-4.858316,4.038e-17,4.349e-17,2.683e-17,4.349e-17,1.00000000
71.500000,-0.029611,0.328233,-1.753714,1.784412,-3.104602,-4.858316,4.461e-17,4.781e-17,2.544e-17,4.781e-17,1.00000000
71.600000,-0.020024,0.315854,-1.737727,1.766312,-3.120588,-4.858315,4.853e-17,4.976e-17,2.904e-17,4.976e-17,1.00000000
71.700000,-0.013955,0.301556,-1.722784,1.749033,-3.135530,-4.858314,4.803e-17,5.308e-17,3.773e-17,5.308e-17,1.00000000
71.800000,-0.011225,0.286432,-1.708922,1.732796,-3.149391,-4.858313,5.031e-17,6.009e-17,4.878e-17,6.009e-17,1.00000000
71.900000,-0.011099,0.271316,-1.696342,1.717938,-3.161970,-4.858311,5.678e-17,7.131e-17,6.919e-17,7.131e-17,1.00000000
72.000000,-0.012574,0.256920,-1.686122,1.705630,-3.172188,-4.858310,6.281e-17,7.748e-17,7.786e-17,7.786e-17,1.00000000
72.100000,-0.015360,0.243074,-1.679173,1.696744,-3.179136,-4.858308,7.020e-17,7.657e-17,8.947e-17,8.947e-17,1.00000000
72.200000,-0.019413,0.229254,-1.677142,1.692850,-3.181164,-4.858307,8.610e-17,7.321e-17,1.045e-16,1.045e-16,1.00000000
72.300000,-0.024656,0.215428,-1.680319,1.694252,-3.177986,-4.858305,1.173e-16,7.804e-17,1.132e-16,1.173e-16,1.00000000
72.400000,-0.031442,0.201889,-1.687985,1.700306,-3.170319,-4.858304,1.768e-16,9.742e-17,1.126e-16,1.768e-16,1.00000000
72.500000,-0.039884,0.188785,-1.699310,1.710229,-3.158993,-4.858303,2.516e-16,1.325e-16,1.137e-16,2.516e-16,1.00000000
72.600000,-0.049027,0.175970,-1.712214,1.721930,-3.146088,-4.858302,2.960e-16,1.880e-16,1.183e-16,2.960e-16,1.00000000
72.700000,-0.057823,0.163019,-1.723898,1.732554,-3.134403,-4.858301,3.084e-16,2.629e-16,9.827e-17,3.084e-16,1.00000000
72.800000,-0.065973,0.149646,-1.731936,1.739641,-3.126365,-4.858301,3.109e-16,3.518e-16,8.001e-17,3.518e-16,1.00000000
72.900000,-0.073193,0.135895,-1.735394,1.742244,-3.122907,-4.858300,3.077e-16,4.081e-16,6.934e-17,4.081e-16,1.00000000
73.000000,-0.079533,0.122169,-1.734755,1.740869,-3.123545,-4.858300,3.268e-16,4.167e-16,6.165e-17,4.167e-16,1.00000000
73.100000,-0.085150,0.109194,-1.731659,1.737187,-3.126640,-4.858300,3.678e-16,4.072e-16,5.044e-17,4.072e-16,1.00000000
73.200000,-0.090558,0.096828,-1.727982,1.733060,-3.130318,-4.858299,3.939e-16,3.765e-16,5.079e-17,3.939e-16,1.00000000
73.300000,-0.095893,0.084768,-1.725173,1.729914,-3.133126,-4.858299,4.076e-16,3.208e-16,6.105e-17,4.076e-16,1.00000000
73.400000,-0.101366,0.072963,-1.723761,1.728279,-3.134539,-4.858299,4.204e-16,2.663e-16,7.471e-17,4.204e-16,1.00000000
73.500000,-0.107499,0.061522,-1.723271,1.727717,-3.135028,-4.858299,3.962e-16,2.185e-16,9.534e-17,3.962e-16,1.00000000
73.600000,-0.114423,0.050669,-1.723494,1.728032,-3.134804,-4.858299,3.135e-16,1.830e-16,1.041e-16,3.135e-16,1.00000000
73.700000,-0.122067,0.040483,-1.723869,1.728659,-3.134430,-4.858299,2.148e-16,1.671e-16,1.163e-16,2.148e-16,1.00000000
73.800000,-0.130526,0.030980,-1.724118,1.729329,-3.134181,-4.858298,1.455e-16,1.573e-16,1.336e-16,1.573e-16,1.00000000
73.900000,-0.139418,0.022596,-1.724377,1.730151,-3.133922,-4.858298,1.155e-16,1.442e-16,1.480e-16,1.480e-16,1.00000000
74.000000,-0.148017,0.015166,-1.724125,1.730534,-3.134173,-4.858298,1.052e-16,1.368e-16,1.409e-16,1.409e-16,1.00000000
74.100000,-0.156370,0.008082,-1.722398,1.729501,-3.135900,-4.858298,1.081e-16,1.410e-16,1.590e-16,1.590e-16,1.00000000
74.200000,-0.165153,0.000867,-1.718525,1.726443,-3.139773,-4.858298,1.248e-16,1.515e-16,1.784e-16,1.784e-16,1.00000000
74.300000,-0.174609,-0.006102,-1.713463,1.722348,-3.144834,-4.858297,1.504e-16,1.679e-16,1.815e-16,1.815e-16,1.00000000
74.400000,-0.184836,-0.012681,-1.708734,1.718749,-3.149563,-4.858297,1.874e-16,1.819e-16,1.804e-16,1.874e-16,1.00000000
74.500000,-0.196330,-0.018320,-1.705105,1.716469,-3.153192,-4.858297,2.329e-16,1.985e-16,1.679e-16,2.329e-16,1.00000000
74.600000,-0.208738,-0.022077,-1.702945,1.715832,-3.155352,-4.858297,2.810e-16,2.023e-16,1.544e-16,2.810e-16,1.00000000
74.700000,-0.221501,-0.023484,-1.702081,1.716594,-3.156216,-4.858297,3.261e-16,2.046e-16,1.602e-16,3.261e-16,1.00000000
74.800000,-0.234691,-0.022363,-1.702694,1.718938,-3.155603,-4.858297,3.477e-16,2.474e-16,1.853e-16,3.477e-16,1.00000000
74.900000,-0.248808,-0.018700,-1.705436,1.723591,-3.152861,-4.858297,3.661e-16,3.244e-16,2.090e-16,3.661e-16,1.00000000
75.000000,-0.263909,-0.012831,-1.711132,1.731412,-3.147165,-4.858297,4.068e-16,3.950e-16,2.405e-16,4.068e-16,1.00000000
75.100000,-0.279689,-0.004440,-1.720112,1.742707,-3.138186,-4.858298,4.507e-16,4.413e-16,3.025e-16,4.507e-16,1.00000000
75.200000,-0.295953,0.006437,-1.730471,1.755608,-3.127827,-4.858299,4.721e-16,4.870e-16,3.288e-16,4.870e-16,1.00000000
75.300000,-0.312257,0.018951,-1.739983,1.767881,-3.118317,-4.858300,4.771e-16,5.159e-16,3.774e-16,5.159e-16,1.00000000
75.400000,-0.328085,0.032608,-1.747423,1.778255,-3.110878,-4.858301,4.988e-16,5.143e-16,4.561e-16,5.143e-16,1.00000000
75.500000,-0.343649,0.047431,-1.752416,1.786422,-3.105887,-4.858303,6.122e-16,4.930e-16,4.630e-16,6.122e-16,1.00000000
75.600000,-0.358767,0.063465,-1.755100,1.792517,-3.103204,-4.858304,8.326e-16,5.007e-16,4.433e-16,8.326e-16,1.00000000
75.700000,-0.373067,0.080151,-1.756199,1.797175,-3.102107,-4.858306,1.110e-15,5.851e-16,4.579e-16,1.110e-15,1.00000000
75.800000,-0.386065,0.096912,-1.757371,1.801885,-3.100938,-4.858308,1.309e-15,7.411e-16,4.669e-16,1.309e-15,1.00000000
75.900000,-0.397148,0.113589,-1.758728,1.806586,-3.099583,-4.858311,1.395e-15,9.688e-16,4.301e-16,1.395e-15,1.00000000
76.000000,-0.406243,0.130310,-1.759292,1.810282,-3.099021,-4.858313,1.436e-15,1.293e-15,4.018e-16,1.436e-15,1.00000000
76.100000,-0.413592,0.147021,-1.759146,1.813083,-3.099168,-4.858315,1.483e-15,1.676e-15,3.904e-16,1.676e-15,1.00000000
76.200000,-0.419687,0.163754,-1.758615,1.815400,-3.099702,-4.858317,1.548e-15,1.867e-15,3.380e-16,1.867e-15,1.00000000
76.300000,-0.425100,0.180529,-1.758128,1.817777,-3.100191,-4.858318,1.668e-15,1.890e-15,2.895e-16,1.890e-15,1.00000000
76.400000,-0.429975,0.197488,-1.757760,1.820330,-3.100559,-4.858319,1.734e-15,1.752e-15,2.912e-16,1.752e-15,1.00000000
76.500000,-0.433891,0.214880,-1.757783,1.823248,-3.100537,-4.858320,1.701e-15,1.583e-15,3.113e-16,1.701e-15,1.00000000
76.600000,-0.436924,0.232514,-1.758232,1.826566,-3.100088,-4.858320,1.672e-15,1.430e-15,3.852e-16,1.672e-15,1.00000000
76.700000,-0.439240,0.250154,-1.759080,1.830265,-3.099239,-4.858319,1.603e-15,1.214e-15,4.184e-16,1.603e-15,1.00000000
76.800000,-0.440316,0.268177,-1.760466,1.834404,-3.097852,-4.858317,1.407e-15,9.827e-16,4.826e-16,1.407e-15,1.00000000
76.900000,-0.439900,0.287340,-1.762027,1.838700,-3.096288,-4.858315,1.078e-15,8.698e-16,5.602e-16,1.078e-15,1.00000000
77.000000,-0.437897,0.308042,-1.763065,1.842564,-3.095248,-4.858313,7.907e-16,8.447e-16,6.521e-16,8.447e-16,1.00000000
77.100000,-0.434109,0.330126,-1.762588,1.845034,-3.095721,-4.858309,6.719e-16,8.117e-16,6.536e-16,8.117e-16,1.00000000
77.200000,-0.428622,0.352692,-1.760140,1.845590,-3.098165,-4.858305,6.319e-16,7.492e-16,6.421e-16,7.492e-16,1.00000000
77.300000,-0.421728,0.375237,-1.756538,1.845015,-3.101764,-4.858301,6.109e-16,7.166e-16,6.789e-16,7.166e-16,1.00000000
77.400000,-0.413842,0.397591,-1.753190,1.844728,-3.105107,-4.858297,6.367e-16,7.274e-16,7.676e-16,7.676e-16,1.00000000
77.500000,-0.405417,0.419418,-1.751911,1.846475,-3.106381,-4.858292,7.154e-16,7.929e-16,8.633e-16,8.633e-16,1.00000000
77.600000,-0.396439,0.440947,-1.753698,1.851230,-3.104590,-4.858288,7.791e-16,8.473e-16,8.527e-16,8.527e-16,1.00000000
77.700000,-0.386843,0.462240,-1.757768,1.858241,-3.100516,-4.858284,8.180e-16,8.952e-16,9.021e-16,9.021e-16,1.00000000
77.800000,-0.376722,0.483659,-1.762706,1.866274,-3.095574,-4.858280,9.714e-16,9.490e-16,9.060e-16,9.714e-16,1.00000000
77.900000,-0.365495,0.505602,-1.767113,1.874009,-3.091164,-4.858277,1.210e-15,1.024e-15,7.768e-16,1.210e-15,1.00000000
78.000000,-0.352519,0.527608,-1.769175,1.879527,-3.089099,-4.858275,1.413e-15,1.207e-15,8.743e-16,1.413e-15,1.00000000
78.100000,-0.337685,0.548684,-1.767893,1.881629,-3.090380,-4.858273,1.617e-15,1.485e-15,9.058e-16,1.617e-15,1.00000000
78.200000,-0.321682,0.568103,-1.763001,1.879999,-3.095270,-4.858272,1.859e-15,1.830e-15,9.241e-16,1.859e-15,1.00000000
78.300000,-0.304864,0.585805,-1.754178,1.874366,-3.104094,-4.858271,2.109e-15,2.197e-15,1.103e-15,2.197e-15,1.00000000
78.400000,-0.287573,0.602038,-1.741778,1.865191,-3.116494,-4.858272,2.303e-15,2.486e-15,1.292e-15,2.486e-15,1.00000000
78.500000,-0.270504,0.616626,-1.726611,1.853263,-3.131662,-4.858273,2.245e-15,2.767e-15,1.484e-15,2.767e-15,1.00000000
78.600000,-0.254060,0.629367,-1.710528,1.840260,-3.147747,-4.858275,2.220e-15,2.961e-15,1.626e-15,2.961e-15,1.00000000
78.700000,-0.238546,0.640794,-1.694320,1.827086,-3.163957,-4.858277,2.572e-15,3.110e-15,1.498e-15,3.110e-15,1.00000000
78.800000,-0.223692,0.651299,-1.678246,1.814039,-3.180033,-4.858280,3.220e-15,3.010e-15,1.549e-15,3.220e-15,1.00000000
78.900000,-0.208859,0.660663,-1.663485,1.802021,-3.194798,-4.858283,3.938e-15,2.875e-15,1.618e-15,3.938e-15,1.00000000
79.000000,-0.193074,0.668256,-1.651641,1.792139,-3.206644,-4.858285,4.492e-15,3.087e-15,1.720e-15,4.492e-15,1.00000000
79.100000,-0.176208,0.673966,-1.643619,1.785151,-3.214669,-4.858288,4.959e-15,3.829e-15,1.752e-15,4.959e-15,1.00000000
79.200000,-0.158971,0.678363,-1.638682,1.780654,-3.219609,-4.858291,5.568e-15,4.574e-15,1.675e-15,5.568e-15,1.00000000
79.300000,-0.141297,0.682092,-1.635751,1.777891,-3.222542,-4.858293,5.932e-15,5.299e-15,1.528e-15,5.932e-15,1.00000000
79.400000,-0.122728,0.685337,-1.633969,1.776121,-3.224326,-4.858295,5.828e-15,6.060e-15,1.452e-15,6.060e-15,1.00000000
79.500000,-0.103293,0.687842,-1.632714,1.774697,-3.225582,-4.858296,5.876e-15,6.516e-15,1.309e-15,6.516e-15,1.00000000
79.600000,-0.083022,0.689583,-1.632165,1.773803,-3.226132,-4.858297,5.771e-15,6.232e-15,1.334e-15,6.232e-15,1.00000000
79.700000,-0.062460,0.690807,-1.632494,1.773740,-3.225802,-4.858297,5.352e-15,5.613e-15,1.363e-15,5.613e-15,1.00000000
79.800000,-0.042170,0.691656,-1.633229,1.774149,-3.225067,-4.858296,5.279e-15,5.118e-15,1.327e-15,5.279e-15,1.00000000
79.900000,-0.022454,0.692134,-1.634243,1.774910,-3.224052,-4.858295,5.349e-15,4.645e-15,1.549e-15,5.349e-15,1.00000000
80.000000,-0.003613,0.692165,-1.635571,1.776006,-3.222723,-4.858294,4.901e-15,4.337e-15,1.858e-15,4.901e-15,1.00000000
80.100000,0.014651,0.691704,-1.637116,1.777306,-3.221177,-4.858293,4.024e-15,3.910e-15,2.120e-15,4.024e-15,1.00000000
80.200000,0.032942,0.690622,-1.638502,1.778407,-3.219789,-4.858291,3.209e-15,3.415e-15,2.132e-15,3.415e-15,1.00000000
80.300000,0.051729,0.688384,-1.638816,1.778276,-3.219473,-4.858290,2.764e-15,3.065e-15,2.138e-15,3.065e-15,1.00000000
80.400000,0.071124,0.684584,-1.637119,1.775914,-3.221170,-4.858289,2.771e-15,2.969e-15,2.184e-15,2.969e-15,1.00000000
80.500000,0.090781,0.679330,-1.632884,1.770887,-3.225404,-4.858288,2.750e-15,2.886e-15,2.540e-15,2.886e-15,1.00000000
80.600000,0.110422,0.672367,-1.627225,1.764124,-3.231062,-4.858287,2.790e-15,2.750e-15,2.706e-15,2.790e-15,1.00000000
80.700000,0.129744,0.663553,-1.621983,1.757261,-3.236304,-4.858287,3.043e-15,2.688e-15,2.946e-15,3.043e-15,1.00000000
80.800000,0.148614,0.653545,-1.619203,1.752435,-3.239083,-4.858287,3.331e-15,2.910e-15,3.162e-15,3.331e-15,1.00000000
80.900000,0.167248,0.643013,-1.620595,1.751504,-3.237692,-4.858287,3.655e-15,3.301e-15,2.966e-15,3.655e-15,1.00000000
81.000000,0.185713,0.631976,-1.626661,1.754967,-3.231627,-4.858288,4.125e-15,3.628e-15,3.265e-15,4.125e-15,1.00000000
81.100000,0.204433,0.619656,-1.635460,1.760823,-3.222829,-4.858289,4.565e-15,4.340e-15,3.445e-15,4.565e-15,1.00000000
81.200000,0.223544,0.605378,-1.645275,1.767310,-3.213014,-4.858290,5.007e-15,5.109e-15,3.727e-15,5.109e-15,1.00000000
81.300000,0.242910,0.589243,-1.655692,1.774128,-3.202599,-4.858291,5.732e-15,5.692e-15,4.118e-15,5.732e-15,1.00000000
81.400000,0.261700,0.571915,-1.665982,1.780750,-3.192311,-4.858293,6.269e-15,6.211e-15,4.398e-15,6.269e-15,1.00000000
81.500000,0.279099,0.553852,-1.674442,1.785610,-3.183853,-4.858295,6.792e-15,6.959e-15,4.448e-15,6.959e-15,1.00000000
81.600000,0.294725,0.535569,-1.680454,1.788190,-3.177843,-4.858297,7.412e-15,8.270e-15,4.498e-15,8.270e-15,1.00000000
81.700000,0.308577,0.517453,-1.684556,1.789052,-3.173743,-4.858299,8.133e-15,9.569e-15,4.651e-15,9.569e-15,1.00000000
81.800000,0.320377,0.499633,-1.688151,1.789449,-3.170149,-4.858300,9.252e-15,1.063e-14,4.877e-15,1.063e-14,1.00000000
81.900000,0.330267,0.481842,-1.692586,1.790558,-3.165716,-4.858302,1.110e-14,1.094e-14,4.944e-15,1.110e-14,1.00000000
82.000000,0.339070,0.463757,-1.697806,1.792368,-3.160498,-4.858303,1.385e-14,1.095e-14,5.246e-15,1.385e-14,1.00000000
82.100000,0.347515,0.445285,-1.703038,1.794264,-3.155267,-4.858304,1.663e-14,1.127e-14,6.060e-15,1.663e-14,1.00000000
82.200000,0.355675,0.426286,-1.706843,1.794865,-3.151462,-4.858305,1.765e-14,1.221e-14,5.851e-15,1.765e-14,1.00000000
82.300000,0.363408,0.406656,-1.708776,1.793697,-3.149530,-4.858306,1.801e-14,1.320e-14,5.149e-15,1.801e-14,1.00000000
82.400000,0.370172,0.386770,-1.708501,1.790417,-3.149806,-4.858307,1.827e-14,1.364e-14,5.263e-15,1.827e-14,1.00000000
82.500000,0.375216,0.366990,-1.705574,1.784503,-3.152734,-4.858308,1.813e-14,1.402e-14,5.065e-15,1.813e-14,1.00000000
82.600000,0.378333,0.347195,-1.700062,1.775920,-3.158246,-4.858308,1.709e-14,1.496e-14,4.786e-15,1.709e-14,1.00000000
82.700000,0.379737,0.328000,-1.692005,1.764842,-3.166304,-4.858309,1.605e-14,1.551e-14,5.101e-15,1.605e-14,1.00000000
82.800000,0.379615,0.310342,-1.682334,1.752332,-3.175975,-4.858309,1.533e-14,1.472e-14,5.495e-15,1.533e-14,1.00000000
82.900000,0.378208,0.294726,-1.671896,1.739293,-3.186414,-4.858310,1.459e-14,1.281e-14,5.528e-15,1.459e-14,1.00000000
83.000000,0.375972,0.281598,-1.661488,1.726614,-3.196822,-4.858310,1.365e-14,1.155e-14,5.627e-15,1.365e-14,1.00000000
83.100000,0.373178,0.270505,-1.652150,1.715236,-3.206161,-4.858311,1.281e-14,1.114e-14,5.939e-15,1.281e-14,1.00000000
83.200000,0.370597,0.260290,-1.644135,1.705366,-3.214176,-4.858311,1.184e-14,1.127e-14,6.629e-15,1.184e-14,1.00000000
83.300000,0.368531,0.249613,-1.636825,1.696266,-3.221487,-4.858312,1.072e-14,1.118e-14,6.743e-15,1.118e-14,1.00000000
83.400000,0.367136,0.237166,-1.629955,1.687539,-3.228358,-4.858313,9.818e-15,1.067e-14,6.711e-15,1.067e-14,1.00000000
83.500000,0.366130,0.222729,-1.624686,1.680257,-3.233628,-4.858314,9.567e-15,1.025e-14,6.885e-15,1.025e-14,1.00000000
83.600000,0.365052,0.206624,-1.622646,1.675988,-3.235669,-4.858315,9.555e-15,1.001e-14,7.212e-15,1.001e-14,1.00000000
83.700000,0.363426,0.188993,-1.624542,1.675390,-3.233775,-4.858316,9.658e-15,9.804e-15,8.282e-15,9.804e-15,1.00000000
83.800000,0.360788,0.170220,-1.630098,1.678202,-3.228219,-4.858317,1.011e-14,9.807e-15,7.914e-15,1.011e-14,1.00000000
83.900000,0.356470,0.150614,-1.637740,1.682839,-3.220578,-4.858318,1.082e-14,1.054e-14,7.876e-15,1.082e-14,1.00000000
84.000000,0.350314,0.130661,-1.645291,1.687239,-3.213028,-4.858319,1.256e-14,1.186e-14,8.372e-15,1.256e-14,1.00000000
84.100000,0.342489,0.111007,-1.650974,1.689775,-3.207345,-4.858320,1.500e-14,1.311e-14,9.011e-15,1.500e-14,1.00000000
84.200000,0.333390,0.092342,-1.653041,1.688852,-3.205279,-4.858320,1.726e-14,1.398e-14,9.216e-15,1.726e-14,1.00000000
84.300000,0.324133,0.075121,-1.651379,1.684564,-3.206942,-4.858321,1.891e-14,1.431e-14,1.049e-14,1.891e-14,1.00000000
84.400000,0.315031,0.059969,-1.647136,1.678064,-3.211184,-4.858321,2.021e-14,1.525e-14,1.205e-14,2.021e-14,1.00000000
84.500000,0.305703,0.046775,-1.641403,1.670283,-3.216918,-4.858321,2.083e-14,1.713e-14,1.364e-14,2.083e-14,1.00000000
84.600000,0.296137,0.035154,-1.636552,1.663501,-3.221768,-4.858320,2.060e-14,1.896e-14,1.344e-14,2.060e-14,1.00000000
84.700000,0.286103,0.024714,-1.634358,1.659395,-3.223962,-4.858319,2.029e-14,2.037e-14,1.354e-14,2.037e-14,1.00000000
84.800000,0.275490,0.015052,-1.635214,1.658326,-3.223104,-4.858318,2.164e-14,2.291e-14,1.491e-14,2.291e-14,1.00000000
84.900000,0.263916,0.005162,-1.638138,1.659269,-3.220179,-4.858317,2.423e-14,2.691e-14,1.382e-14,2.691e-14,1.00000000
85.000000,0.251911,-0.005996,-1.641782,1.661007,-3.216533,-4.858315,2.915e-14,3.150e-14,1.429e-14,3.150e-14,1.00000000
85.100000,0.240110,-0.018996,-1.644184,1.661732,-3.214130,-4.858314,3.584e-14,3.455e-14,1.522e-14,3.584e-14,1.00000000
85.200000,0.228200,-0.034190,-1.644374,1.660485,-3.213938,-4.858312,4.410e-14,3.664e-14,1.618e-14,4.410e-14,1.00000000
85.300000,0.215426,-0.051568,-1.642798,1.657665,-3.215511,-4.858310,5.218e-14,3.810e-14,1.560e-14,5.218e-14,1.00000000
85.400000,0.201333,-0.070381,-1.641285,1.655085,-3.217022,-4.858308,5.483e-14,3.830e-14,1.406e-14,5.483e-14,1.00000000
85.500000,0.185932,-0.089134,-1.641811,1.654708,-3.216495,-4.858306,5.186e-14,4.057e-14,1.356e-14,5.186e-14,1.00000000
85.600000,0.169366,-0.106953,-1.645210,1.657360,-3.213094,-4.858304,5.047e-14,4.464e-14,1.434e-14,5.047e-14,1.00000000
85.700000,0.151424,-0.123569,-1.651073,1.662600,-3.207230,-4.858303,4.996e-14,4.793e-14,1.497e-14,4.996e-14,1.00000000
85.800000,0.131788,-0.139069,-1.657595,1.668631,-3.200707,-4.858302,4.717e-14,4.966e-14,1.567e-14,4.966e-14,1.00000000
85.900000,0.111062,-0.153625,-1.663550,1.674316,-3.194751,-4.858301,4.345e-14,4.750e-14,1.607e-14,4.750e-14,1.00000000
86.000000,0.089573,-0.167452,-1.669148,1.679917,-3.189153,-4.858301,3.860e-14,4.416e-14,1.573e-14,4.416e-14,1.00000000
86.100000,0.067432,-0.180127,-1.674873,1.685880,-3.183429,-4.858302,3.697e-14,4.079e-14,1.640e-14,4.079e-14,1.00000000
86.200000,0.044659,-0.191165,-1.681061,1.692485,-3.177242,-4.858303,3.665e-14,3.641e-14,1.738e-14,3.665e-14,1.00000000
86.300000,0.021304,-0.200450,-1.687653,1.699649,-3.170652,-4.858305,3.569e-14,3.192e-14,1.784e-14,3.569e-14,1.00000000
86.400000,-0.002388,-0.208165,-1.694710,1.707448,-3.163597,-4.858307,3.411e-14,2.968e-14,2.005e-14,3.411e-14,1.00000000
86.500000,-0.025922,-0.214074,-1.703354,1.716949,-3.154955,-4.858309,3.109e-14,2.928e-14,1.996e-14,3.109e-14,1.00000000
86.600000,-0.049081,-0.218156,-1.714475,1.728995,-3.143837,-4.858312,2.831e-14,2.900e-14,2.032e-14,2.900e-14,1.00000000
86.700000,-0.071890,-0.220694,-1.726930,1.742458,-3.131385,-4.858314,2.750e-14,2.930e-14,1.983e-14,2.930e-14,1.00000000
86.800000,-0.094433,-0.222135,-1.738799,1.755472,-3.119518,-4.858317,2.709e-14,3.155e-14,2.085e-14,3.155e-14,1.00000000
86.900000,-0.116308,-0.222016,-1.750357,1.768210,-3.107963,-4.858319,2.642e-14,3.362e-14,2.108e-14,3.362e-14,1.00000000
87.000000,-0.137664,-0.220244,-1.761868,1.780910,-3.096453,-4.858321,2.690e-14,3.393e-14,2.054e-14,3.393e-14,1.00000000
87.100000,-0.158386,-0.216931,-1.772648,1.792882,-3.085674,-4.858322,2.956e-14,3.412e-14,2.161e-14,3.412e-14,1.00000000
87.200000,-0.178131,-0.211714,-1.782204,1.803553,-3.076120,-4.858323,3.372e-14,3.583e-14,2.357e-14,3.583e-14,1.00000000
87.300000,-0.196641,-0.204648,-1.789838,1.812199,-3.068486,-4.858324,3.745e-14,3.669e-14,2.437e-14,3.745e-14,1.00000000
87.400000,-0.213662,-0.195911,-1.795817,1.819064,-3.062506,-4.858323,3.965e-14,3.810e-14,2.533e-14,3.965e-14,1.00000000
87.500000,-0.229172,-0.185481,-1.801346,1.825314,-3.056976,-4.858322,3.985e-14,3.867e-14,2.977e-14,3.985e-14,1.00000000
87.600000,-0.243037,-0.173536,-1.806750,1.831264,-3.051571,-4.858320,4.125e-14,4.169e-14,3.340e-14,4.169e-14,1.00000000
87.700000,-0.255475,-0.160107,-1.811838,1.836752,-3.046480,-4.858318,4.534e-14,4.636e-14,3.566e-14,4.636e-14,1.00000000
87.800000,-0.266708,-0.145390,-1.816485,1.841708,-3.041831,-4.858316,4.828e-14,5.086e-14,3.788e-14,5.086e-14,1.00000000
87.900000,-0.276340,-0.130019,-1.821325,1.846752,-3.036988,-4.858313,5.274e-14,5.472e-14,3.792e-14,5.472e-14,1.00000000
88.000000,-0.284585,-0.114620,-1.827447,1.853021,-3.030863,-4.858310,5.750e-14,6.195e-14,3.849e-14,6.195e-14,1.00000000
88.100000,-0.291564,-0.099372,-1.836049,1.861709,-3.022258,-4.858307,6.299e-14,7.712e-14,4.278e-14,7.712e-14,1.00000000
88.200000,-0.297620,-0.084389,-1.847437,1.873159,-3.010867,-4.858304,7.156e-14,9.059e-14,4.536e-14,9.059e-14,1.00000000
88.300000,-0.302895,-0.069783,-1.860850,1.886632,-2.997451,-4.858302,8.714e-14,9.648e-14,4.333e-14,9.648e-14,1.00000000
88.400000,-0.308327,-0.055539,-1.873665,1.899676,-2.984635,-4.858299,1.057e-13,9.825e-14,4.092e-14,1.057e-13,1.00000000
88.500000,-0.314821,-0.041450,-1.883054,1.909639,-2.975243,-4.858297,1.199e-13,9.848e-14,3.843e-14,1.199e-13,1.00000000
88.600000,-0.322178,-0.027259,-1.887117,1.914615,-2.971179,-4.858295,1.254e-13,1.021e-13,3.382e-14,1.254e-13,1.00000000
88.700000,-0.330283,-0.012901,-1.884380,1.913150,-2.973914,-4.858294,1.244e-13,1.079e-13,3.396e-14,1.244e-13,1.00000000
88.800000,-0.339006,0.001609,-1.874717,1.905122,-2.983576,-4.858293,1.266e-13,1.106e-13,3.613e-14,1.266e-13,1.00000000
88.900000,-0.348302,0.016076,-1.860229,1.892624,-2.998062,-4.858292,1.295e-13,1.119e-13,3.572e-14,1.295e-13,1.00000000
89.000000,-0.357128,0.030022,-1.843434,1.877948,-3.014857,-4.858291,1.247e-13,1.102e-13,3.809e-14,1.247e-13,1.00000000
89.100000,-0.364463,0.043391,-1.826592,1.863103,-3.031699,-4.858290,1.144e-13,1.065e-13,4.215e-14,1.144e-13,1.00000000
89.200000,-0.370278,0.056752,-1.810350,1.848700,-3.047940,-4.858290,1.043e-13,1.020e-13,4.507e-14,1.043e-13,1.00000000
89.300000,-0.374624,0.070950,-1.794762,1.834815,-3.063529,-4.858290,9.884e-14,9.675e-14,4.825e-14,9.884e-14,1.00000000
89.400000,-0.377281,0.085514,-1.779983,1.821536,-3.078307,-4.858290,9.566e-14,8.912e-14,4.772e-14,9.566e-14,1.00000000
89.500000,-0.378040,0.099455,-1.765912,1.808660,-3.092379,-4.858291,9.124e-14,8.284e-14,4.868e-14,9.124e-14,1.00000000
89.600000,-0.376986,0.112335,-1.752601,1.796204,-3.105691,-4.858292,8.500e-14,8.152e-14,4.803e-14,8.500e-14,1.00000000
89.700000,-0.375056,0.124235,-1.740270,1.784556,-3.118024,-4.858293,7.916e-14,8.086e-14,4.941e-14,8.086e-14,1.00000000
89.800000,-0.372587,0.135175,-1.729379,1.774217,-3.128916,-4.858295,7.798e-14,7.684e-14,5.169e-14,7.798e-14,1.00000000
89.900000,-0.369805,0.145351,-1.719779,1.765085,-3.138518,-4.858297,7.987e-14,7.297e-14,5.275e-14,7.987e-14,1.00000000
90.000000,-0.367137,0.155152,-1.710816,1.756631,-3.147484,-4.858300,7.982e-14,7.019e-14,5.352e-14,7.982e-14,1.00000000
