t,Fx,Fy,Fz,Fmag,Lz,Jz,edge_x,edge_y,edge_z,edge_frac,norm
0.000000,-0.000000,0.000000,-5.999999,5.999999,-0.000001,-6.000000,1.660e-33,1.364e-33,3.755e-26,3.755e-26,1.00000000
0.100000,-0.075018,0.001391,-5.999530,5.999999,-0.000001,-5.999531,2.850e-31,2.813e-31,2.147e-25,2.147e-25,1.00000000
0.200000,-0.146965,0.003133,-5.998197,5.999998,-0.000002,-5.998199,5.208e-31,5.208e-31,1.233e-23,1.233e-23,1.00000000
0.300000,-0.218438,0.001906,-5.996019,5.999997,-0.000003,-5.996022,6.954e-31,7.069e-31,3.169e-21,3.169e-21,1.00000000
0.400000,-0.292777,-0.000040,-5.992851,5.999998,-0.000001,-5.992852,8.407e-31,8.741e-31,1.006e-18,1.006e-18,1.00000000
0.500000,-0.368046,0.000812,-5.988701,6.000000,0.000001,-5.988700,9.993e-31,1.005e-30,8.579e-18,8.579e-18,1.00000000
0.600000,-0.440596,0.002874,-5.983799,5.999999,0.000001,-5.983798,1.133e-30,1.135e-30,1.886e-17,1.886e-17,1.00000000
0.700000,-0.511665,0.002413,-5.978140,5.999997,0.000001,-5.978139,1.302e-30,1.347e-30,8.579e-18,8.579e-18,1.00000000
0.800000,-0.585016,0.000322,-5.971409,5.999998,0.000004,-5.971405,1.453e-29,1.439e-29,2.920e-18,2.920e-18,1.00000000
0.900000,-0.660086,0.000405,-5.963579,5.999999,0.000009,-5.963570,4.455e-28,4.467e-28,7.295e-18,7.295e-18,1.00000000
1.000000,-0.733098,0.002448,-5.955044,5.999999,0.000013,-5.955032,3.813e-27,3.811e-27,2.175e-17,2.175e-17,1.00000000
1.100000,-0.803942,0.002712,-5.945893,5.999998,0.000016,-5.945877,1.685e-26,1.685e-26,1.696e-17,1.696e-17,1.00000000
1.200000,-0.876241,0.000782,-5.935669,5.999997,0.000021,-5.935648,4.603e-26,4.605e-26,3.373e-18,3.373e-18,1.00000000
1.300000,-0.950667,0.000221,-5.924206,5.999998,0.000028,-5.924177,6.241e-26,6.245e-26,6.307e-19,6.307e-19,1.00000000
1.400000,-1.023796,0.001995,-5.912007,5.999999,0.000035,-5.911972,4.345e-26,4.348e-26,1.317e-19,1.317e-19,1.00000000
1.500000,-1.094434,0.002798,-5.899338,5.999998,0.000041,-5.899297,1.956e-26,1.958e-26,7.416e-20,7.416e-20,1.00000000
1.600000,-1.165672,0.001208,-5.885675,5.999997,0.000046,-5.885629,8.372e-27,8.368e-27,1.833e-19,1.833e-19,1.00000000
1.700000,-1.239072,0.000215,-5.870662,5.999998,0.000052,-5.870610,6.638e-27,6.594e-27,3.908e-19,3.908e-19,1.00000000
1.800000,-1.311851,0.001605,-5.854830,5.999999,0.000057,-5.854772,1.162e-26,1.150e-26,7.055e-19,7.055e-19,1.00000000
1.900000,-1.382111,0.002743,-5.838642,5.999999,0.000060,-5.838583,1.571e-26,1.554e-26,9.301e-19,9.301e-19,1.00000000
2.000000,-1.452242,0.001556,-5.821594,5.999997,0.000060,-5.821535,1.165e-26,1.152e-26,1.165e-18,1.165e-18,1.00000000
2.100000,-1.524354,0.000306,-5.803130,5.999997,0.000059,-5.803071,5.246e-27,5.182e-27,3.718e-18,3.718e-18,1.00000000
2.200000,-1.596426,0.001287,-5.783719,5.999998,0.000056,-5.783663,1.885e-27,1.863e-27,1.359e-17,1.359e-17,1.00000000
2.300000,-1.666160,0.002618,-5.764017,5.999999,0.000051,-5.763966,6.882e-28,6.812e-28,1.167e-17,1.167e-17,1.00000000
2.400000,-1.735185,0.001841,-5.743614,5.999998,0.000044,-5.743571,2.677e-28,2.654e-28,6.034e-18,6.034e-18,1.00000000
2.500000,-1.805914,0.000450,-5.721769,5.999997,0.000034,-5.721735,1.098e-28,1.079e-28,3.794e-18,3.794e-18,1.00000000
2.600000,-1.877076,0.001031,-5.698821,5.999998,0.000025,-5.698796,4.850e-29,4.708e-29,8.840e-18,8.840e-18,1.00000000
2.700000,-1.946159,0.002460,-5.675601,5.999999,0.000014,-5.675587,2.411e-29,2.373e-29,1.245e-17,1.245e-17,1.00000000
2.800000,-2.014065,0.002062,-5.651860,5.999998,0.000001,-5.651858,1.472e-29,1.449e-29,5.161e-18,5.161e-18,1.00000000
2.900000,-2.083336,0.000611,-5.626693,5.999997,-0.000011,-5.626705,1.252e-29,1.243e-29,1.784e-18,1.784e-18,1.00000000
3.000000,-2.153367,0.000843,-5.600266,5.999997,-0.000022,-5.600288,1.638e-29,1.669e-29,8.054e-19,8.054e-19,1.00000000
3.100000,-2.221565,0.002311,-5.573565,5.999998,-0.000032,-5.573597,2.886e-29,2.959e-29,5.672e-19,5.672e-19,1.00000000
3.200000,-2.288204,0.002233,-5.546539,5.999999,-0.000041,-5.546580,6.293e-29,6.461e-29,3.852e-19,3.852e-19,1.00000000
3.300000,-2.355864,0.000745,-5.518141,5.999998,-0.000047,-5.518188,1.339e-28,1.370e-28,6.657e-19,6.657e-19,1.00000000
3.400000,-2.424532,0.000668,-5.488316,5.999997,-0.000050,-5.488366,2.672e-28,2.736e-28,1.008e-18,1.008e-18,1.00000000
3.500000,-2.491592,0.002184,-5.458199,5.999998,-0.000049,-5.458248,5.044e-28,5.145e-28,1.137e-18,1.137e-18,1.00000000
3.600000,-2.556737,0.002437,-5.427990,5.999999,-0.000044,-5.428034,9.479e-28,9.610e-28,1.138e-18,1.138e-18,1.00000000
3.700000,-2.622565,0.000894,-5.396492,5.999998,-0.000037,-5.396530,1.788e-27,1.788e-27,2.256e-18,2.256e-18,1.00000000
3.800000,-2.689709,0.000422,-5.363342,5.999997,-0.000027,-5.363369,3.162e-27,3.152e-27,1.142e-17,1.142e-17,1.00000000
3.900000,-2.755598,0.001970,-5.329788,5.999997,-0.000013,-5.329802,3.942e-27,3.968e-27,1.391e-17,1.391e-17,1.00000000
4.000000,-2.819199,0.002712,-5.296422,5.999998,0.000003,-5.296420,4.935e-27,3.999e-27,8.493e-18,8.493e-18,1.00000000
4.100000,-2.882971,0.001213,-5.261983,5.999999,0.000019,-5.261963,3.708e-26,1.259e-26,5.263e-18,5.263e-18,1.00000000
4.200000,-2.948376,0.000163,-5.225615,5.999998,0.000036,-5.225579,3.400e-25,8.702e-26,9.649e-18,9.649e-18,1.00000000
4.300000,-3.013136,0.001535,-5.188543,5.999997,0.000054,-5.188489,1.250e-24,3.925e-25,1.482e-17,1.482e-17,1.00000000
4.400000,-3.075314,0.002909,-5.151933,5.999998,0.000071,-5.151862,1.913e-24,9.195e-25,9.212e-18,9.212e-18,1.00000000
4.500000,-3.136840,0.001759,-5.114706,5.999998,0.000086,-5.114620,1.443e-24,1.028e-24,4.899e-18,4.899e-18,1.00000000
4.600000,-3.200059,0.000084,-5.075392,5.999998,0.000098,-5.075294,6.583e-25,6.227e-25,2.113e-18,2.113e-18,1.00000000
4.700000,-3.263456,0.000913,-5.034861,5.999997,0.000107,-5.034754,2.327e-25,2.653e-25,1.026e-18,1.026e-18,1.00000000
4.800000,-3.324295,0.002830,-4.994899,5.999997,0.000112,-4.994788,8.065e-26,1.019e-25,7.976e-19,7.976e-19,1.00000000
4.900000,-3.383494,0.002408,-4.954991,5.999998,0.000113,-4.954878,2.971e-26,3.881e-26,9.574e-19,9.574e-19,1.00000000
5.000000,-3.443981,0.000344,-4.913143,5.999998,0.000109,-4.913034,1.225e-26,1.572e-26,1.072e-18,1.072e-18,1.00000000
5.000000,-3.443981,0.000344,-4.913143,5.999998,0.000109,-4.913034,1.225e-26,1.572e-26,1.072e-18,1.072e-18,1.00000000
5.100000,-3.444422,0.001739,-4.912833,5.999998,0.000110,-4.912723,6.816e-27,8.416e-27,8.252e-19,8.252e-19,1.00000000
5.200000,-3.445460,0.010463,-4.912094,5.999997,0.000014,-4.912080,4.415e-27,5.306e-27,1.331e-18,1.331e-18,1.00000000
5.300000,-3.445010,0.025666,-4.912353,5.999997,-0.000265,-4.912618,2.386e-27,2.782e-27,1.450e-18,1.450e-18,1.00000000
5.400000,-3.443483,0.044790,-4.913288,5.999998,-0.000800,-4.914088,1.101e-27,1.220e-27,3.781e-18,3.781e-18,1.00000000
5.500000,-3.442917,0.068125,-4.913416,5.999998,-0.001649,-4.915065,5.159e-28,5.300e-28,7.242e-18,7.242e-18,1.00000000
5.600000,-3.443179,0.098253,-4.912722,5.999998,-0.002851,-4.915574,2.569e-28,2.629e-28,7.375e-18,7.375e-18,1.00000000
5.700000,-3.442029,0.135420,-4.912644,5.999997,-0.004424,-4.917068,1.727e-28,1.839e-28,5.524e-18,5.524e-18,1.00000000
5.800000,-3.438907,0.177124,-4.913504,5.999998,-0.006367,-4.919871,1.871e-28,1.477e-28,4.602e-18,4.602e-18,1.00000000
5.900000,-3.435617,0.222587,-4.913957,5.999998,-0.008662,-4.922619,7.758e-28,1.678e-28,9.228e-18,9.228e-18,1.00000000
6.000000,-3.432723,0.274083,-4.913377,5.999998,-0.011277,-4.924654,4.026e-27,2.105e-28,1.013e-17,1.013e-17,1.00000000
6.100000,-3.428153,0.332806,-4.912940,5.999998,-0.014166,-4.927106,1.218e-26,2.890e-28,6.753e-18,6.753e-18,1.00000000
6.200000,-3.420505,0.396692,-4.913527,5.999998,-0.017265,-4.930793,1.957e-26,5.219e-28,3.339e-18,3.339e-18,1.00000000
6.300000,-3.411076,0.464081,-4.914180,5.999998,-0.020501,-4.934681,1.725e-26,1.069e-27,1.301e-18,1.301e-18,1.00000000
6.400000,-3.400946,0.536595,-4.913819,5.999998,-0.023791,-4.937610,1.008e-26,1.769e-27,1.066e-18,1.066e-18,1.00000000
6.500000,-3.388412,0.616064,-4.913156,5.999998,-0.027050,-4.940206,8.363e-27,3.017e-27,1.169e-18,1.169e-18,1.00000000
6.600000,-3.371451,0.701059,-4.913431,5.999997,-0.030196,-4.943627,1.260e-26,5.293e-27,1.076e-18,1.076e-18,1.00000000
6.700000,-3.350734,0.789292,-4.914221,5.999998,-0.033163,-4.947385,2.344e-26,8.258e-27,8.252e-19,8.252e-19,1.00000000
6.800000,-3.327683,0.881524,-4.914206,5.999998,-0.035913,-4.950118,4.663e-26,1.254e-26,1.308e-18,1.308e-18,1.00000000
6.900000,-3.301093,0.979888,-4.913510,5.999998,-0.038440,-4.951951,9.524e-26,2.193e-26,2.549e-18,2.549e-18,1.00000000
7.000000,-3.268530,1.083665,-4.913487,5.999998,-0.040779,-4.954266,2.450e-25,4.157e-26,3.772e-18,3.772e-18,1.00000000
7.100000,-3.229993,1.190180,-4.914325,5.999997,-0.042995,-4.957320,3.465e-25,4.710e-26,6.141e-18,6.141e-18,1.00000000
7.200000,-3.187120,1.299191,-4.914707,5.999998,-0.045179,-4.959886,1.224e-24,8.730e-26,7.402e-18,7.402e-18,1.00000000
7.300000,-3.139345,1.412799,-4.914112,5.999998,-0.047442,-4.961554,9.292e-24,8.465e-25,7.217e-18,7.217e-18,1.00000000
7.400000,-3.084024,1.531046,-4.913722,5.999998,-0.049898,-4.963621,4.470e-23,5.633e-24,6.031e-18,6.031e-18,1.00000000
7.500000,-3.020380,1.651137,-4.914369,5.999997,-0.052658,-4.967026,1.195e-22,1.941e-23,6.622e-18,6.622e-18,1.00000000
7.600000,-2.950112,1.771690,-4.915071,5.999998,-0.055818,-4.970889,1.599e-22,3.137e-23,8.856e-18,8.856e-18,1.00000000
7.700000,-2.873488,1.894370,-4.914714,5.999998,-0.059461,-4.974174,1.103e-22,2.450e-23,7.585e-18,7.585e-18,1.00000000
7.800000,-2.787949,2.019958,-4.913969,5.999998,-0.063642,-4.977611,4.794e-23,1.145e-23,4.541e-18,4.541e-18,1.00000000
7.900000,-2.691862,2.145873,-4.914171,5.999998,-0.068385,-4.982556,1.743e-23,4.369e-24,2.435e-18,2.435e-18,1.00000000
8.000000,-2.586751,2.269590,-4.915043,5.999997,-0.073672,-4.988715,6.431e-24,1.689e-24,1.477e-18,1.477e-18,1.00000000
8.100000,-2.473911,2.391876,-4.915147,5.999998,-0.079437,-4.994584,2.479e-24,6.803e-25,1.183e-18,1.183e-18,1.00000000
8.200000,-2.351371,2.514055,-4.914322,5.999998,-0.085562,-4.999883,9.804e-25,2.763e-25,1.237e-18,1.237e-18,1.00000000
8.300000,-2.216746,2.634145,-4.913990,5.999998,-0.091880,-5.005870,3.947e-25,1.103e-25,1.137e-18,1.137e-18,1.00000000
8.400000,-2.071046,2.748741,-4.914790,5.999998,-0.098190,-5.012981,1.598e-25,4.325e-26,1.123e-18,1.123e-18,1.00000000
8.500000,-1.916621,2.857350,-4.915494,5.999998,-0.104285,-5.019779,6.415e-26,1.701e-26,2.626e-18,2.626e-18,1.00000000
8.600000,-1.752753,2.961453,-4.915041,5.999998,-0.109973,-5.025014,2.671e-26,7.187e-27,4.533e-18,4.533e-18,1.00000000
8.700000,-1.576745,3.059973,-4.914307,5.999998,-0.115107,-5.029414,1.256e-26,3.480e-27,5.301e-18,5.301e-18,1.00000000
8.800000,-1.388750,3.149189,-4.914668,5.999998,-0.119601,-5.034268,7.508e-27,1.833e-27,5.714e-18,5.714e-18,1.00000000
8.900000,-1.191835,3.227260,-4.915719,5.999998,-0.123437,-5.039156,6.303e-27,1.268e-27,6.929e-18,6.929e-18,1.00000000
9.000000,-0.987099,3.295343,-4.915926,5.999998,-0.126666,-5.042592,6.739e-27,1.341e-27,7.920e-18,7.920e-18,1.00000000
9.100000,-0.772356,3.353372,-4.915113,5.999998,-0.129399,-5.044512,9.039e-27,1.727e-27,6.559e-18,6.559e-18,1.00000000
9.200000,-0.546783,3.397982,-4.914745,5.999998,-0.131792,-5.046537,2.975e-26,2.200e-27,8.493e-18,8.493e-18,1.00000000
9.300000,-0.313472,3.426241,-4.915545,5.999998,-0.134038,-5.049583,5.868e-26,2.758e-27,8.353e-18,8.353e-18,1.00000000
9.400000,-0.075461,3.438592,-4.916337,5.999998,-0.136360,-5.052697,1.023e-25,4.881e-27,5.810e-18,5.810e-18,1.00000000
9.500000,0.167890,3.435890,-4.915938,5.999998,-0.138998,-5.054936,1.891e-25,1.264e-26,3.864e-18,3.864e-18,1.00000000
9.600000,0.417916,3.415790,-4.915048,5.999998,-0.142197,-5.057245,3.307e-25,2.309e-26,2.534e-18,2.534e-18,1.00000000
9.700000,0.672213,3.374869,-4.915116,5.999998,-0.146207,-5.061323,5.037e-25,3.615e-26,1.959e-18,1.959e-18,1.00000000
9.800000,0.926360,3.312743,-4.916052,5.999998,-0.151267,-5.067318,8.953e-25,7.381e-26,1.508e-18,1.508e-18,1.00000000
9.900000,1.178756,3.231013,-4.916408,5.999998,-0.157588,-5.073996,1.602e-24,1.668e-25,1.231e-18,1.231e-18,1.00000000
10.000000,1.430278,3.128928,-4.915698,5.999998,-0.165331,-5.081028,2.748e-24,3.613e-25,1.218e-18,1.218e-18,1.00000000
10.000000,1.430278,3.128928,-4.915698,5.999998,-0.165331,-5.081028,2.748e-24,3.613e-25,1.218e-18,1.218e-18,1.00000000
10.100000,1.677082,3.004949,-4.915043,5.999998,-0.174570,-5.089612,4.759e-24,7.509e-25,1.826e-18,1.826e-18,1.00000000
10.200000,1.912539,2.860076,-4.915499,5.999998,-0.185240,-5.100739,7.271e-24,1.131e-24,3.560e-18,3.560e-18,1.00000000
10.300000,2.133840,2.697466,-4.916338,5.999998,-0.197189,-5.113527,8.749e-24,2.753e-24,3.730e-18,3.730e-18,1.00000000
10.400000,2.341540,2.519365,-4.916296,5.999998,-0.210211,-5.126506,2.410e-23,4.170e-23,3.955e-18,3.955e-18,1.00000000
10.500000,2.536056,2.325041,-4.915544,5.999997,-0.224062,-5.139606,1.608e-22,3.499e-22,5.064e-18,5.064e-18,1.00000000
10.600000,2.714758,2.114092,-4.915351,5.999998,-0.238496,-5.153847,7.301e-22,1.261e-21,7.232e-18,7.232e-18,1.00000000
10.700000,2.874546,1.889271,-4.916058,5.999998,-0.253281,-5.169339,1.677e-21,2.191e-21,6.136e-18,6.136e-18,1.00000000
10.800000,3.015208,1.653972,-4.916592,5.999998,-0.268218,-5.184810,1.821e-21,1.987e-21,5.167e-18,5.167e-18,1.00000000
10.900000,3.137839,1.408857,-4.916204,5.999998,-0.283143,-5.199347,1.049e-21,1.051e-21,6.235e-18,6.235e-18,1.00000000
11.000000,3.241378,1.153422,-4.915593,5.999997,-0.297931,-5.213524,4.181e-22,4.020e-22,5.591e-18,5.591e-18,1.00000000
11.100000,3.323292,0.889579,-4.915725,5.999998,-0.312491,-5.228216,1.542e-22,1.436e-22,4.144e-18,4.144e-18,1.00000000
11.200000,3.382927,0.621023,-4.916311,5.999998,-0.326760,-5.243071,5.994e-23,5.395e-23,3.171e-18,3.171e-18,1.00000000
11.300000,3.421567,0.349672,-4.916359,5.999998,-0.340704,-5.257063,2.437e-23,2.108e-23,2.734e-18,2.734e-18,1.00000000
11.400000,3.439377,0.075444,-4.915787,5.999997,-0.354307,-5.270094,1.021e-23,8.374e-24,1.936e-18,1.936e-18,1.00000000
11.500000,3.434795,-0.200484,-4.915482,5.999997,-0.367587,-5.283068,4.451e-24,3.359e-24,1.243e-18,1.243e-18,1.00000000
11.600000,3.407232,-0.474804,-4.915822,5.999998,-0.380596,-5.296418,2.019e-24,1.357e-24,1.326e-18,1.326e-18,1.00000000
11.700000,3.358078,-0.744943,-4.916132,5.999998,-0.393423,-5.309555,9.437e-25,5.418e-25,2.092e-18,2.092e-18,1.00000000
11.800000,3.288353,-1.010423,-4.915868,5.999998,-0.406185,-5.322053,5.041e-25,2.167e-25,4.705e-18,4.705e-18,1.00000000
11.900000,3.197458,-1.270475,-4.915499,5.999997,-0.419012,-5.334511,3.929e-25,9.332e-26,5.329e-18,5.329e-18,1.00000000
12.000000,3.085203,-1.522421,-4.915661,5.999997,-0.432031,-5.347692,4.790e-25,4.684e-26,4.062e-18,4.062e-18,1.00000000
12.100000,2.953230,-1.763653,-4.916090,5.999998,-0.445348,-5.361437,5.922e-25,3.183e-26,4.240e-18,4.240e-18,1.00000000
12.200000,2.803224,-1.993444,-4.916106,5.999998,-0.459034,-5.375140,6.811e-25,3.108e-26,6.346e-18,6.346e-18,1.00000000
12.300000,2.635335,-2.211366,-4.915775,5.999998,-0.473125,-5.388900,7.198e-25,3.763e-26,6.874e-18,6.874e-18,1.00000000
12.400000,2.449728,-2.415371,-4.915769,5.999997,-0.487619,-5.403388,8.567e-25,7.227e-26,4.541e-18,4.541e-18,1.00000000
12.500000,2.248331,-2.603075,-4.916196,5.999998,-0.502484,-5.418679,1.155e-24,1.480e-25,5.327e-18,5.327e-18,1.00000000
12.600000,2.033478,-2.773804,-4.916397,5.999998,-0.517664,-5.434061,1.359e-24,5.817e-25,5.466e-18,5.466e-18,1.00000000
12.700000,1.805906,-2.927631,-4.916061,5.999998,-0.533088,-5.449150,1.809e-24,1.619e-24,5.087e-18,5.087e-18,1.00000000
12.800000,1.565862,-3.063211,-4.915769,5.999998,-0.548676,-5.464446,2.355e-24,4.101e-24,4.421e-18,4.421e-18,1.00000000
12.900000,1.315341,-3.178435,-4.916035,5.999997,-0.564340,-5.480375,3.072e-24,1.010e-23,3.270e-18,3.270e-18,1.00000000
13.000000,1.057320,-3.272740,-4.916423,5.999998,-0.579989,-5.496412,5.592e-24,2.043e-23,2.403e-18,2.403e-18,1.00000000
13.100000,0.793229,-3.346828,-4.916250,5.999998,-0.595535,-5.511785,1.224e-23,3.857e-23,2.241e-18,2.241e-18,1.00000000
13.200000,0.523233,-3.400266,-4.915729,5.999998,-0.610912,-5.526641,2.533e-23,7.335e-23,1.882e-18,1.882e-18,1.00000000
13.300000,0.248943,-3.431351,-4.915672,5.999998,-0.626092,-5.541764,4.723e-23,1.373e-22,1.399e-18,1.399e-18,1.00000000
13.400000,-0.026308,-3.439563,-4.916165,5.999997,-0.641107,-5.557273,6.279e-23,2.347e-22,2.997e-18,2.997e-18,1.00000000
13.500000,-0.300237,-3.426186,-4.916410,5.999998,-0.656052,-5.572462,1.427e-22,5.299e-22,5.199e-18,5.199e-18,1.00000000
13.600000,-0.572589,-3.391907,-4.916004,5.999998,-0.671082,-5.587085,8.627e-22,2.760e-21,4.385e-18,4.385e-18,1.00000000
13.700000,-0.842539,-3.335693,-4.915613,5.999998,-0.686392,-5.602005,4.157e-21,1.269e-20,3.384e-18,3.384e-18,1.00000000
13.800000,-1.107068,-3.257016,-4.915915,5.999998,-0.702199,-5.618114,1.114e-20,2.904e-20,5.366e-18,5.366e-18,1.00000000
13.900000,-1.363209,-3.157475,-4.916501,5.999998,-0.718717,-5.635219,1.559e-20,3.492e-20,7.004e-18,7.004e-18,1.00000000
14.000000,-1.610272,-3.038896,-4.916514,5.999998,-0.736138,-5.652652,1.176e-20,2.457e-20,4.928e-18,4.928e-18,1.00000000
14.100000,-1.848205,-2.901220,-4.915998,5.999998,-0.754617,-5.670615,5.563e-21,1.153e-20,3.951e-18,3.951e-18,1.00000000
14.200000,-2.074989,-2.743923,-4.915820,5.999998,-0.774269,-5.690089,2.113e-21,4.363e-21,4.399e-18,4.399e-18,1.00000000
14.300000,-2.287554,-2.568480,-4.916297,5.999998,-0.795163,-5.711460,7.856e-22,1.605e-21,4.389e-18,4.389e-18,1.00000000
14.400000,-2.484590,-2.377562,-4.916705,5.999998,-0.817319,-5.734023,3.053e-22,6.185e-22,4.388e-18,4.388e-18,1.00000000
14.500000,-2.666416,-2.172334,-4.916418,5.999998,-0.840704,-5.757123,1.257e-22,2.534e-22,3.510e-18,3.510e-18,1.00000000
14.600000,-2.832258,-1.952531,-4.915884,5.999998,-0.865226,-5.781109,5.888e-23,1.150e-22,2.692e-18,2.692e-18,1.00000000
14.700000,-2.979660,-1.719163,-4.915900,5.999998,-0.890722,-5.806622,3.254e-23,6.032e-23,2.255e-18,2.255e-18,1.00000000
14.800000,-3.106937,-1.475155,-4.916384,5.999998,-0.916964,-5.833349,2.096e-23,3.556e-23,1.928e-18,1.928e-18,1.00000000
14.900000,-3.214386,-1.222852,-4.916536,5.999998,-0.943666,-5.860202,1.805e-23,2.407e-23,1.465e-18,1.465e-18,1.00000000
15.000000,-3.302287,-0.962688,-4.916107,5.999998,-0.970498,-5.886605,2.332e-23,2.104e-23,2.307e-18,2.307e-18,1.00000000
15.100000,-3.369267,-0.695232,-4.915757,5.999998,-0.997132,-5.912889,3.132e-23,2.306e-23,4.032e-18,4.032e-18,1.00000000
15.200000,-3.413791,-0.423008,-4.916001,5.999998,-1.023278,-5.939279,3.570e-23,2.331e-23,4.948e-18,4.948e-18,1.00000000
15.300000,-3.436042,-0.149031,-4.916440,5.999998,-1.048717,-5.965157,3.210e-23,1.985e-23,4.405e-18,4.405e-18,1.00000000
15.400000,-3.437007,0.125335,-4.916426,5.999998,-1.073328,-5.989755,2.997e-23,1.572e-23,3.484e-18,3.484e-18,1.00000000
15.500000,-3.416524,0.399607,-4.916060,5.999998,-1.097083,-6.013143,3.230e-23,1.604e-23,4.927e-18,4.927e-18,1.00000000
15.600000,-3.373667,0.672028,-4.915966,5.999998,-1.120041,-6.036007,6.464e-23,1.994e-23,5.182e-18,5.182e-18,1.00000000
15.700000,-3.308611,0.939699,-4.916303,5.999998,-1.142332,-6.058635,2.199e-22,3.124e-23,3.466e-18,3.466e-18,1.00000000
15.800000,-3.222720,1.200586,-4.916568,5.999998,-1.164132,-6.080701,3.823e-22,3.600e-23,3.380e-18,3.380e-18,1.00000000
15.900000,-3.116871,1.453961,-4.916410,5.999998,-1.185637,-6.102047,3.138e-22,5.321e-23,3.727e-18,3.727e-18,1.00000000
16.000000,-2.990971,1.698746,-4.916129,5.999998,-1.207039,-6.123168,1.717e-22,1.460e-22,3.568e-18,3.568e-18,1.00000000
16.100000,-2.845349,1.932709,-4.916157,5.999998,-1.228510,-6.144667,1.342e-22,3.677e-22,3.089e-18,3.089e-18,1.00000000
16.200000,-2.681511,2.153718,-4.916399,5.999998,-1.250191,-6.166590,1.896e-22,7.526e-22,2.766e-18,2.766e-18,1.00000000
16.300000,-2.501057,2.360777,-4.916444,5.999998,-1.272178,-6.188622,2.822e-22,1.336e-21,2.652e-18,2.652e-18,1.00000000
16.400000,-2.304751,2.553199,-4.916225,5.999998,-1.294512,-6.210738,4.190e-22,2.174e-21,2.351e-18,2.351e-18,1.00000000
16.500000,-2.093263,2.729543,-4.916078,5.999998,-1.317176,-6.233254,6.206e-22,3.327e-21,1.834e-18,1.834e-18,1.00000000
16.600000,-1.868155,2.888096,-4.916185,5.999998,-1.340094,-6.256279,8.193e-22,4.652e-21,2.317e-18,2.317e-18,1.00000000
16.700000,-1.631413,3.027898,-4.916330,5.999998,-1.363141,-6.279471,3.001e-21,6.998e-21,4.536e-18,4.536e-18,1.00000000
16.800000,-1.384467,3.148543,-4.916289,5.999998,-1.386161,-6.302450,1.834e-20,1.909e-20,5.699e-18,5.699e-18,1.00000000
16.900000,-1.128409,3.249276,-4.916185,5.999998,-1.408993,-6.325178,5.208e-20,5.172e-20,5.437e-18,5.437e-18,1.00000000
17.000000,-0.864885,3.329040,-4.916243,5.999998,-1.431502,-6.347744,8.604e-20,8.675e-20,4.472e-18,4.472e-18,1.00000000
17.100000,-0.596021,3.387274,-4.916412,5.999998,-1.453591,-6.370003,8.369e-20,9.300e-20,4.421e-18,4.421e-18,1.00000000
17.200000,-0.323594,3.423967,-4.916473,5.999998,-1.475221,-6.391695,5.112e-20,6.380e-20,4.947e-18,4.947e-18,1.00000000
17.300000,-0.048958,3.438967,-4.916410,5.999998,-1.496411,-6.412821,2.280e-20,3.064e-20,4.278e-18,4.278e-18,1.00000000
17.400000,0.226217,3.431862,-4.916414,5.999998,-1.517239,-6.433653,9.000e-21,1.278e-20,3.290e-18,3.290e-18,1.00000000
17.500000,0.499810,3.402615,-4.916541,5.999998,-1.537832,-6.454373,3.529e-21,5.405e-21,2.946e-18,2.946e-18,1.00000000
17.600000,0.769944,3.351724,-4.916615,5.999998,-1.558356,-6.474971,1.421e-21,2.425e-21,3.227e-18,3.227e-18,1.00000000
17.700000,1.035237,3.279636,-4.916528,5.999998,-1.578996,-6.495524,6.121e-22,1.225e-21,3.127e-18,3.127e-18,1.00000000
17.800000,1.294181,3.186509,-4.916425,5.999998,-1.599945,-6.516370,3.052e-22,7.323e-22,2.871e-18,2.871e-18,1.00000000
17.900000,1.544812,3.072773,-4.916462,5.999998,-1.621388,-6.537850,1.951e-22,5.328e-22,2.522e-18,2.522e-18,1.00000000
18.000000,1.785283,2.939433,-4.916551,5.999998,-1.643486,-6.560037,1.661e-22,4.772e-22,2.611e-18,2.611e-18,1.00000000
18.100000,2.014313,2.787559,-4.916506,5.999998,-1.666367,-6.582873,1.837e-22,5.064e-22,2.297e-18,2.297e-18,1.00000000
18.200000,2.230738,2.617871,-4.916354,5.999998,-1.690116,-6.606470,2.256e-22,5.966e-22,1.991e-18,1.991e-18,1.00000000
18.300000,2.432991,2.431161,-4.916298,5.999998,-1.714763,-6.631061,2.542e-22,6.789e-22,2.889e-18,2.889e-18,1.00000000
18.400000,2.619436,2.228797,-4.916400,5.999998,-1.740283,-6.656683,2.742e-22,7.026e-22,4.148e-18,4.148e-18,1.00000000
18.500000,2.788954,2.012402,-4.916497,5.999997,-1.766596,-6.683093,3.093e-22,6.880e-22,4.832e-18,4.832e-18,1.00000000
18.600000,2.940796,1.783289,-4.916460,5.999998,-1.793575,-6.710035,4.424e-22,6.482e-22,4.841e-18,4.841e-18,1.00000000
18.700000,3.074019,1.542586,-4.916383,5.999998,-1.821066,-6.737448,6.080e-22,6.319e-22,4.661e-18,4.661e-18,1.00000000
18.800000,3.187479,1.291795,-4.916424,5.999998,-1.848900,-6.765324,1.300e-21,8.674e-22,4.109e-18,4.109e-18,1.00000000
18.900000,3.280334,1.032825,-4.916569,5.999998,-1.876918,-6.793487,3.004e-21,1.271e-21,3.875e-18,3.875e-18,1.00000000
19.000000,3.352216,0.767491,-4.916664,5.999998,-1.904981,-6.821645,4.127e-21,1.284e-21,3.247e-18,3.247e-18,1.00000000
19.100000,3.402860,0.497285,-4.916628,5.999998,-1.932978,-6.849606,3.445e-21,9.998e-22,2.561e-18,2.561e-18,1.00000000
19.200000,3.431834,0.223700,-4.916548,5.999998,-1.960825,-6.877374,2.106e-21,9.124e-22,2.335e-18,2.335e-18,1.00000000
19.300000,3.438735,-0.051451,-4.916546,5.999998,-1.988466,-6.905012,1.713e-21,1.345e-21,1.971e-18,1.971e-18,1.00000000
19.400000,3.423506,-0.326157,-4.916625,5.999998,-2.015858,-6.932484,2.369e-21,2.058e-21,2.039e-18,2.039e-18,1.00000000
19.500000,3.386449,-0.598574,-4.916670,5.999998,-2.042969,-6.959639,3.929e-21,3.267e-21,2.325e-18,2.325e-18,1.00000000
19.600000,3.327936,-0.867163,-4.916589,5.999998,-2.069759,-6.986348,6.309e-21,5.630e-21,2.707e-18,2.707e-18,1.00000000
19.700000,3.248191,-1.130447,-4.916434,5.999998,-2.096186,-7.012619,9.100e-21,9.431e-21,2.648e-18,2.648e-18,1.00000000
19.800000,3.147458,-1.386661,-4.916366,5.999998,-2.122198,-7.038564,1.176e-20,1.371e-20,2.051e-18,2.051e-18,1.00000000
19.900000,3.026396,-1.633820,-4.916455,5.999998,-2.147754,-7.064210,1.742e-20,1.906e-20,2.486e-18,2.486e-18,1.00000000
20.000000,2.886122,-1.870233,-4.916554,5.999998,-2.172829,-7.089382,4.540e-20,3.152e-20,3.431e-18,3.431e-18,1.00000000
20.100000,2.727676,-2.094754,-4.916478,5.999998,-2.197424,-7.113902,1.018e-19,6.130e-20,4.104e-18,4.104e-18,1.00000000
20.200000,2.551694,-2.306248,-4.916305,5.999998,-2.221576,-7.137881,1.177e-19,9.920e-20,5.516e-18,5.516e-18,1.00000000
20.300000,2.358952,-2.503038,-4.916312,5.999998,-2.245357,-7.161669,8.383e-20,1.011e-19,5.876e-18,5.876e-18,1.00000000
20.400000,2.151025,-2.683356,-4.916571,5.999998,-2.268862,-7.185433,4.769e-20,6.337e-20,3.386e-18,3.386e-18,1.00000000
20.500000,1.929828,-2.846240,-4.916772,5.999998,-2.292203,-7.208975,2.267e-20,2.916e-20,3.299e-18,3.299e-18,1.00000000
20.600000,1.696590,-2.991320,-4.916661,5.999998,-2.315489,-7.232150,9.858e-21,1.261e-20,3.278e-18,3.278e-18,1.00000000
20.700000,1.452048,-3.117690,-4.916457,5.999998,-2.338820,-7.255277,4.277e-21,5.963e-21,2.743e-18,2.743e-18,1.00000000
20.800000,1.197725,-3.223801,-4.916558,5.999998,-2.362283,-7.278841,1.931e-21,3.335e-21,2.116e-18,2.116e-18,1.00000000
20.900000,0.936113,-3.308735,-4.916904,5.999998,-2.385939,-7.302843,9.980e-22,2.304e-21,1.863e-18,1.863e-18,1.00000000
21.000000,0.669229,-3.372702,-4.917010,5.999998,-2.409829,-7.326839,6.872e-22,1.756e-21,2.162e-18,2.162e-18,1.00000000
21.100000,0.397917,-3.415795,-4.916704,5.999998,-2.433969,-7.350673,6.035e-22,1.542e-21,2.343e-18,2.343e-18,1.00000000
21.200000,0.123227,-3.437062,-4.916442,5.999998,-2.458349,-7.374791,6.546e-22,1.601e-21,2.619e-18,2.619e-18,1.00000000
21.300000,-0.152370,-3.435631,-4.916625,5.999998,-2.482938,-7.399563,8.048e-22,1.736e-21,2.917e-18,2.917e-18,1.00000000
21.400000,-0.426145,-3.412024,-4.916957,5.999998,-2.507675,-7.424632,9.959e-22,1.917e-21,1.916e-18,1.916e-18,1.00000000
21.500000,-0.696798,-3.367311,-4.916875,5.999997,-2.532479,-7.449354,1.298e-21,2.304e-21,1.845e-18,1.845e-18,1.00000000
21.600000,-0.963771,-3.301474,-4.916441,5.999998,-2.557261,-7.473702,1.769e-21,2.857e-21,2.336e-18,2.336e-18,1.00000000
21.700000,-1.225247,-3.213859,-4.916285,5.999998,-2.581943,-7.498228,1.832e-21,3.592e-21,3.006e-18,3.006e-18,1.00000000
21.800000,-1.478306,-3.105046,-4.916633,5.999998,-2.606471,-7.523104,1.904e-21,4.094e-21,4.955e-18,4.955e-18,1.00000000
21.900000,-1.721049,-2.976854,-4.916940,5.999998,-2.630836,-7.547776,2.477e-21,4.381e-21,5.802e-18,5.802e-18,1.00000000
22.000000,-1.953085,-2.830394,-4.916736,5.999997,-2.655074,-7.571810,4.388e-21,5.415e-21,3.104e-18,3.104e-18,1.00000000
22.100000,-2.173548,-2.665526,-4.916364,5.999998,-2.679272,-7.595636,6.500e-21,9.968e-21,2.720e-18,2.720e-18,1.00000000
22.200000,-2.380060,-2.482719,-4.916442,5.999998,-2.703551,-7.619993,7.166e-21,1.431e-20,3.074e-18,3.074e-18,1.00000000
22.300000,-2.570422,-2.284087,-4.916895,5.999998,-2.728059,-7.644955,5.594e-21,1.192e-20,2.847e-18,2.847e-18,1.00000000
22.400000,-2.744111,-2.071773,-4.917071,5.999998,-2.752950,-7.670021,3.777e-21,7.207e-21,2.580e-18,2.580e-18,1.00000000
22.500000,-2.901063,-1.846446,-4.916752,5.999998,-2.778366,-7.695117,3.404e-21,4.442e-21,2.180e-18,2.180e-18,1.00000000
22.600000,-3.039911,-1.608477,-4.916474,5.999998,-2.804424,-7.720898,4.286e-21,3.268e-21,1.743e-18,1.743e-18,1.00000000
22.700000,-3.158684,-1.359758,-4.916681,5.999999,-2.831206,-7.747887,6.254e-21,4.000e-21,1.610e-18,1.610e-18,1.00000000
22.800000,-3.256679,-1.103039,-4.917044,5.999999,-2.858747,-7.775791,9.108e-21,5.986e-21,2.039e-18,2.039e-18,1.00000000
22.900000,-3.334315,-0.839939,-4.916993,5.999998,-2.887029,-7.804023,1.274e-20,8.675e-21,2.537e-18,2.537e-18,1.00000000
23.000000,-3.391311,-0.570992,-4.916599,5.999997,-2.915977,-7.832576,1.764e-20,1.206e-20,1.863e-18,1.863e-18,1.00000000
23.100000,-3.426366,-0.297591,-4.916445,5.999998,-2.945454,-7.861899,2.706e-20,1.983e-20,1.352e-18,1.352e-18,1.00000000
23.200000,-3.438807,-0.022489,-4.916715,5.999999,-2.975273,-7.891988,4.878e-20,4.528e-20,1.499e-18,1.499e-18,1.00000000
23.300000,-3.429317,0.251955,-4.916939,5.999998,-3.005202,-7.922141,8.243e-20,9.330e-20,2.043e-18,2.043e-18,1.00000000
23.400000,-3.398552,0.524769,-4.916750,5.999998,-3.034997,-7.951747,1.073e-19,1.315e-19,3.657e-18,3.657e-18,1.00000000
23.500000,-3.346114,0.794988,-4.916450,5.999997,-3.064419,-7.980870,9.390e-20,1.121e-19,5.657e-18,5.657e-18,1.00000000
23.600000,-3.271634,1.060351,-4.916507,5.999998,-3.093274,-8.009781,5.557e-20,6.185e-20,4.066e-18,4.066e-18,1.00000000
23.700000,-3.175995,1.318288,-4.916824,5.999999,-3.121432,-8.038256,2.571e-20,2.785e-20,2.253e-18,2.253e-18,1.00000000
23.800000,-3.060572,1.567410,-4.916920,5.999998,-3.148839,-8.065759,1.138e-20,1.319e-20,2.192e-18,2.192e-18,1.00000000
23.900000,-2.925886,1.806991,-4.916700,5.999998,-3.175520,-8.092220,6.057e-21,7.473e-21,2.368e-18,2.368e-18,1.00000000
24.000000,-2.772040,2.035456,-4.916572,5.999998,-3.201568,-8.118141,3.784e-21,5.358e-21,2.557e-18,2.557e-18,1.00000000
24.100000,-2.600082,2.250540,-4.916770,5.999998,-3.227136,-8.143905,2.632e-21,4.556e-21,2.258e-18,2.258e-18,1.00000000
24.200000,-2.411860,2.450742,-4.916988,5.999999,-3.252409,-8.169397,2.015e-21,3.895e-21,1.760e-18,1.760e-18,1.00000000
24.300000,-2.208669,2.635501,-4.916899,5.999998,-3.277585,-8.194484,1.748e-21,3.226e-21,1.571e-18,1.571e-18,1.00000000
24.400000,-1.991099,2.803893,-4.916674,5.999998,-3.302853,-8.219527,1.715e-21,2.929e-21,1.820e-18,1.820e-18,1.00000000
24.500000,-1.760319,2.954220,-4.916689,5.999998,-3.328372,-8.245061,1.788e-21,3.053e-21,2.078e-18,2.078e-18,1.00000000
24.600000,-1.518463,3.085178,-4.916902,5.999998,-3.354266,-8.271168,2.049e-21,3.649e-21,1.690e-18,1.690e-18,1.00000000
24.700000,-1.267404,3.196467,-4.916936,5.999998,-3.380609,-8.297545,2.606e-21,4.829e-21,1.333e-18,1.333e-18,1.00000000
24.800000,-1.008139,3.287781,-4.916719,5.999998,-3.407425,-8.324144,3.742e-21,6.083e-21,1.603e-18,1.603e-18,1.00000000
24.900000,-0.741882,3.358055,-4.916609,5.999998,-3.434686,-8.351295,4.893e-21,7.215e-21,1.965e-18,1.965e-18,1.00000000
25.000000,-0.470883,3.406367,-4.916799,5.999998,-3.462316,-8.379114,7.314e-21,8.550e-21,2.633e-18,2.633e-18,1.00000000
25.100000,-0.197435,3.432824,-4.916983,5.999998,-3.490204,-8.407187,9.837e-21,8.762e-21,4.206e-18,4.206e-18,1.00000000
25.200000,0.077184,3.437800,-4.916864,5.999998,-3.518221,-8.435085,1.277e-20,9.368e-21,3.869e-18,3.869e-18,1.00000000
25.300000,0.351891,3.420904,-4.916662,5.999998,-3.546242,-8.462903,1.474e-20,1.829e-20,2.186e-18,2.186e-18,1.00000000
25.400000,0.624562,3.381619,-4.916762,5.999998,-3.574167,-8.490929,1.411e-20,2.838e-20,2.057e-18,2.057e-18,1.00000000
25.500000,0.892654,3.320490,-4.917061,5.999998,-3.601937,-8.518998,1.139e-20,2.717e-20,2.064e-18,2.064e-18,1.00000000
25.600000,1.154669,3.238643,-4.917104,5.999998,-3.629533,-8.546637,7.833e-21,2.057e-20,2.201e-18,2.201e-18,1.00000000
25.700000,1.409830,3.136429,-4.916825,5.999998,-3.656982,-8.573808,6.373e-21,1.324e-20,2.247e-18,2.247e-18,1.00000000
25.800000,1.656488,3.013673,-4.916685,5.999998,-3.684353,-8.601038,6.597e-21,9.778e-21,1.983e-18,1.983e-18,1.00000000
25.900000,1.892122,2.871180,-4.916928,5.999998,-3.711744,-8.628672,7.064e-21,1.007e-20,1.659e-18,1.659e-18,1.00000000
26.000000,2.115010,2.710766,-4.917160,5.999998,-3.739275,-8.656434,7.951e-21,1.210e-20,1.531e-18,1.531e-18,1.00000000
26.100000,2.324667,2.533648,-4.916964,5.999998,-3.767065,-8.684029,9.235e-21,1.478e-20,1.480e-18,1.480e-18,1.00000000
26.200000,2.520210,2.340016,-4.916589,5.999998,-3.795224,-8.711813,1.089e-20,1.737e-20,1.658e-18,1.658e-18,1.00000000
26.300000,2.699540,2.130653,-4.916582,5.999998,-3.823834,-8.740416,1.578e-20,2.244e-20,1.492e-18,1.492e-18,1.00000000
26.400000,2.860812,1.907783,-4.916919,5.999998,-3.852945,-8.769865,2.862e-20,4.165e-20,1.382e-18,1.382e-18,1.00000000
26.500000,3.003677,1.673548,-4.917026,5.999998,-3.882575,-8.799600,4.314e-20,7.799e-20,1.544e-18,1.544e-18,1.00000000
26.600000,3.128093,1.428701,-4.916689,5.999998,-3.912710,-8.829399,4.429e-20,9.774e-20,2.004e-18,2.004e-18,1.00000000
26.700000,3.232786,1.173841,-4.916418,5.999998,-3.943315,-8.859733,3.273e-20,7.628e-20,3.162e-18,3.162e-18,1.00000000
26.800000,3.316082,0.911102,-4.916652,5.999998,-3.974330,-8.890982,1.991e-20,4.286e-20,3.275e-18,3.275e-18,1.00000000
26.900000,3.377669,0.643317,-4.917059,5.999998,-4.005688,-8.922747,1.116e-20,2.311e-20,2.192e-18,2.192e-18,1.00000000
27.000000,3.418213,0.372027,-4.917051,5.999998,-4.037318,-8.954370,6.858e-21,1.374e-20,1.550e-18,1.550e-18,1.00000000
27.100000,3.437508,0.097755,-4.916702,5.999998,-4.069156,-8.985858,5.542e-21,8.941e-21,1.449e-18,1.449e-18,1.00000000
27.200000,3.434403,-0.177925,-4.916624,5.999998,-4.101150,-9.017773,4.530e-21,6.457e-21,1.696e-18,1.696e-18,1.00000000
27.300000,3.408621,-0.452093,-4.917000,5.999998,-4.133265,-9.050265,3.644e-21,5.629e-21,2.020e-18,2.020e-18,1.00000000
27.400000,3.361281,-0.722471,-4.917297,5.999998,-4.165487,-9.082784,2.990e-21,4.876e-21,2.021e-18,2.021e-18,1.00000000
27.500000,3.293234,-0.988316,-4.917095,5.999998,-4.197816,-9.114911,2.795e-21,4.198e-21,1.801e-18,1.801e-18,1.00000000
27.600000,3.204113,-1.248738,-4.916736,5.999998,-4.230260,-9.146996,3.059e-21,4.031e-21,1.536e-18,1.536e-18,1.00000000
27.700000,3.093739,-1.501356,-4.916776,5.999998,-4.262831,-9.179607,4.205e-21,4.749e-21,1.440e-18,1.440e-18,1.00000000
27.800000,2.963421,-1.743574,-4.917120,5.999998,-4.295533,-9.212652,6.118e-21,6.056e-21,1.400e-18,1.400e-18,1.00000000
27.900000,2.814884,-1.974256,-4.917186,5.999998,-4.328354,-9.245540,7.118e-21,7.027e-21,1.390e-18,1.390e-18,1.00000000
28.000000,2.648698,-2.192982,-4.916829,5.999998,-4.361261,-9.278090,7.943e-21,7.658e-21,1.345e-18,1.345e-18,1.00000000
28.100000,2.464924,-2.398241,-4.916560,5.999998,-4.394196,-9.310756,1.344e-20,8.590e-21,1.591e-18,1.591e-18,1.00000000
28.200000,2.264852,-2.587676,-4.916742,5.999998,-4.427089,-9.343831,1.780e-20,8.569e-21,1.698e-18,1.698e-18,1.00000000
28.300000,2.050775,-2.759910,-4.917032,5.999998,-4.459869,-9.376901,1.911e-20,8.353e-21,1.924e-18,1.924e-18,1.00000000
28.400000,1.824200,-2.914777,-4.916945,5.999998,-4.492482,-9.409427,3.076e-20,1.341e-20,2.072e-18,2.072e-18,1.00000000
28.500000,1.585607,-3.051654,-4.916628,5.999998,-4.524903,-9.441531,5.342e-20,2.230e-20,1.903e-18,1.903e-18,1.00000000
28.600000,1.336150,-3.168853,-4.916610,5.999998,-4.557141,-9.473751,6.553e-20,2.280e-20,1.579e-18,1.579e-18,1.00000000
28.700000,1.078308,-3.265094,-4.916949,5.999998,-4.589250,-9.506199,5.034e-20,2.073e-20,1.429e-18,1.429e-18,1.00000000
28.800000,0.814326,-3.340435,-4.917149,5.999998,-4.621315,-9.538464,2.738e-20,2.083e-20,1.481e-18,1.481e-18,1.00000000
28.900000,0.545171,-3.395048,-4.916952,5.999998,-4.653452,-9.570405,1.429e-20,1.789e-20,1.726e-18,1.726e-18,1.00000000
29.000000,0.271807,-3.428079,-4.916744,5.999998,-4.685787,-9.602531,9.320e-21,1.370e-20,1.871e-18,1.871e-18,1.00000000
29.100000,-0.003485,-3.438592,-4.916914,5.999998,-4.718447,-9.635362,6.820e-21,1.093e-20,1.745e-18,1.745e-18,1.00000000
29.200000,-0.278063,-3.426884,-4.917227,5.999998,-4.751547,-9.668774,5.619e-21,1.031e-20,1.527e-18,1.527e-18,1.00000000
29.300000,-0.550489,-3.393831,-4.917200,5.999998,-4.785174,-9.702374,5.528e-21,1.215e-20,1.424e-18,1.424e-18,1.00000000
29.400000,-0.819985,-3.339443,-4.916881,5.999998,-4.819384,-9.736266,6.514e-21,1.623e-20,1.180e-18,1.180e-18,1.00000000
29.500000,-1.084757,-3.263221,-4.916774,5.999998,-4.854193,-9.770967,9.862e-21,2.325e-20,1.317e-18,1.317e-18,1.00000000
29.600000,-1.342139,-3.165679,-4.917023,5.999998,-4.889578,-9.806601,1.695e-20,3.857e-20,1.325e-18,1.325e-18,1.00000000
29.700000,-1.590324,-3.048304,-4.917183,5.999998,-4.925475,-9.842658,2.142e-20,6.158e-20,1.607e-18,1.607e-18,1.00000000
29.800000,-1.828656,-2.911995,-4.916938,5.999998,-4.961784,-9.878723,1.798e-20,7.133e-20,1.646e-18,1.646e-18,1.00000000
29.900000,-2.055999,-2.756745,-4.916625,5.999998,-4.998382,-9.915008,1.125e-20,5.828e-20,1.619e-18,1.619e-18,1.00000000
30.000000,-2.270055,-2.583186,-4.916704,5.999998,-5.035139,-9.951843,7.254e-21,3.947e-20,1.307e-18,1.307e-18,1.00000000
30.100000,-2.468856,-2.393252,-4.917018,5.999998,-5.071942,-9.988960,5.250e-21,2.696e-20,1.210e-18,1.210e-18,1.00000000
30.200000,-2.651820,-2.188724,-4.917044,5.999998,-5.108709,-10.025753,6.036e-21,1.924e-20,1.255e-18,1.255e-18,1.00000000
30.300000,-2.818525,-1.970192,-4.916730,5.999998,-5.145409,-10.062139,6.519e-21,1.328e-20,1.254e-18,1.254e-18,1.00000000
30.400000,-2.967395,-1.738299,-4.916590,5.999998,-5.182060,-10.098650,5.512e-21,9.841e-21,1.182e-18,1.182e-18,1.00000000
30.500000,-3.096617,-1.495089,-4.916873,5.999998,-5.218739,-10.135612,4.591e-21,7.266e-21,1.298e-18,1.298e-18,1.00000000
30.600000,-3.205676,-1.243046,-4.917159,5.999998,-5.255570,-10.172730,4.847e-21,5.766e-21,1.465e-18,1.465e-18,1.00000000
30.700000,-3.294791,-0.983461,-4.917025,5.999998,-5.292715,-10.209740,5.196e-21,5.202e-21,1.574e-18,1.574e-18,1.00000000
30.800000,-3.363310,-0.716974,-4.916714,5.999998,-5.330351,-10.247065,5.530e-21,5.060e-21,1.599e-18,1.599e-18,1.00000000
30.900000,-3.409885,-0.445342,-4.916740,5.999998,-5.368652,-10.285392,6.665e-21,4.892e-21,1.428e-18,1.428e-18,1.00000000
31.000000,-3.434100,-0.171331,-4.917070,5.999998,-5.407772,-10.324842,8.417e-21,4.903e-21,1.244e-18,1.244e-18,1.00000000
31.100000,-3.436660,0.103084,-4.917186,5.999998,-5.447823,-10.365009,1.135e-20,5.011e-21,1.254e-18,1.254e-18,1.00000000
31.200000,-3.417857,0.377096,-4.916913,5.999998,-5.488859,-10.405772,1.618e-20,5.570e-21,1.280e-18,1.280e-18,1.00000000
31.300000,-3.377050,0.649434,-4.916680,5.999998,-5.530866,-10.447546,2.234e-20,7.067e-21,1.473e-18,1.473e-18,1.00000000
31.400000,-3.314022,0.917580,-4.916836,5.999998,-5.573750,-10.490586,2.772e-20,7.507e-21,1.438e-18,1.438e-18,1.00000000
31.500000,-3.229794,1.179161,-4.917111,5.999998,-5.617344,-10.534455,3.484e-20,7.878e-21,1.487e-18,1.487e-18,1.00000000
31.600000,-3.125495,1.433054,-4.917073,5.999998,-5.661414,-10.578487,5.265e-20,1.232e-20,1.124e-18,1.124e-18,1.00000000
31.700000,-3.001337,1.678395,-4.916803,5.999998,-5.705689,-10.622492,7.107e-20,2.245e-20,8.800e-19,8.800e-19,1.00000000
31.800000,-2.857437,1.913304,-4.916737,5.999998,-5.749899,-10.666635,7.912e-20,3.092e-20,1.130e-18,1.130e-18,1.00000000
31.900000,-2.694990,2.135502,-4.916974,5.999998,-5.793812,-10.710786,6.609e-20,3.229e-20,1.275e-18,1.275e-18,1.00000000
32.000000,-2.515740,2.343648,-4.917147,5.999998,-5.837270,-10.754417,4.190e-20,2.746e-20,1.172e-18,1.172e-18,1.00000000
32.100000,-2.320753,2.537126,-4.917019,5.999998,-5.880202,-10.797220,2.559e-20,2.273e-20,1.104e-18,1.104e-18,1.00000000
32.200000,-2.110608,2.714802,-4.916824,5.999998,-5.922628,-10.839452,1.705e-20,1.881e-20,1.212e-18,1.212e-18,1.00000000
32.300000,-1.886566,2.874935,-4.916869,5.999998,-5.964649,-10.881517,1.166e-20,1.472e-20,1.395e-18,1.395e-18,1.00000000
32.400000,-1.650656,3.016273,-4.917053,5.999998,-6.006430,-10.923483,8.805e-21,1.211e-20,1.505e-18,1.505e-18,1.00000000
32.500000,-1.404605,3.138390,-4.917069,5.999998,-6.048175,-10.965244,7.667e-21,1.232e-20,1.469e-18,1.469e-18,1.00000000
32.600000,-1.149505,3.240803,-4.916890,5.999998,-6.090103,-11.006993,7.846e-21,1.651e-20,1.317e-18,1.317e-18,1.00000000
32.700000,-0.886682,3.322513,-4.916775,5.999998,-6.132422,-11.049197,1.035e-20,2.747e-20,1.147e-18,1.147e-18,1.00000000
32.800000,-0.618162,3.382679,-4.916842,5.999998,-6.175305,-11.092147,1.609e-20,6.049e-20,1.173e-18,1.173e-18,1.00000000
32.900000,-0.345995,3.421143,-4.916914,5.999998,-6.218880,-11.135794,2.229e-20,1.319e-19,1.403e-18,1.403e-18,1.00000000
33.000000,-0.071690,3.437947,-4.916844,5.999998,-6.263213,-11.180057,1.825e-20,2.207e-19,1.297e-18,1.297e-18,1.00000000
33.100000,0.203309,3.432834,-4.916736,5.999998,-6.308309,-11.225045,1.167e-20,3.006e-19,1.227e-18,1.227e-18,1.00000000
33.200000,0.477109,3.405582,-4.916742,5.999998,-6.354110,-11.270852,8.332e-21,3.583e-19,1.023e-18,1.023e-18,1.00000000
33.300000,0.747693,3.356456,-4.916822,5.999998,-6.400508,-11.317330,6.672e-21,3.715e-19,8.055e-19,8.055e-19,1.00000000
33.400000,1.013409,3.285968,-4.916848,5.999998,-6.447361,-11.364209,5.995e-21,3.383e-19,8.537e-19,8.537e-19,1.00000000
33.500000,1.272757,3.194502,-4.916830,5.999998,-6.494518,-11.411348,5.751e-21,2.808e-19,9.811e-19,9.811e-19,1.00000000
33.600000,1.524015,3.082498,-4.916865,5.999998,-6.541848,-11.458713,5.063e-21,2.171e-19,1.015e-18,1.015e-18,1.00000000
33.700000,1.765415,2.950758,-4.916942,5.999998,-6.589265,-11.506207,4.836e-21,1.596e-19,1.059e-18,1.059e-18,1.00000000
33.800000,1.995489,2.800255,-4.916968,5.999998,-6.636737,-11.553705,5.280e-21,1.147e-19,1.072e-18,1.072e-18,1.00000000
33.900000,2.212912,2.631863,-4.916940,5.999998,-6.684294,-11.601233,6.783e-21,8.476e-20,1.183e-18,1.183e-18,1.00000000
34.000000,2.416210,2.446537,-4.916946,5.999998,-6.732020,-11.648965,8.067e-21,6.635e-20,1.346e-18,1.346e-18,1.00000000
34.100000,2.603940,2.245578,-4.916996,5.999998,-6.780045,-11.697041,9.799e-21,5.466e-20,1.390e-18,1.390e-18,1.00000000
34.200000,2.774998,2.030410,-4.916991,5.999998,-6.828532,-11.745522,1.274e-20,4.541e-20,1.200e-18,1.200e-18,1.00000000
34.300000,2.928464,1.802284,-4.916895,5.999998,-6.877653,-11.794547,1.968e-20,3.799e-20,1.035e-18,1.035e-18,1.00000000
34.400000,3.063265,1.562472,-4.916814,5.999998,-6.927570,-11.844384,4.007e-20,3.241e-20,1.088e-18,1.088e-18,1.00000000
34.500000,3.178340,1.312615,-4.916825,5.999998,-6.978406,-11.895231,8.352e-20,2.631e-20,1.381e-18,1.381e-18,1.00000000
34.600000,3.273013,1.054528,-4.916842,5.999998,-7.030225,-11.947067,1.620e-19,2.201e-20,1.266e-18,1.266e-18,1.00000000
34.700000,3.346894,0.789776,-4.916761,5.999998,-7.083016,-11.999777,2.749e-19,2.125e-20,1.108e-18,1.108e-18,1.00000000
34.800000,3.399469,0.519790,-4.916646,5.999998,-7.136692,-12.053338,4.091e-19,2.759e-20,1.099e-18,1.099e-18,1.00000000
34.900000,3.430152,0.246326,-4.916641,5.999998,-7.191102,-12.107743,5.439e-19,4.896e-20,8.043e-19,8.043e-19,1.00000000
35.000000,3.438734,-0.028577,-4.916733,5.999998,-7.246053,-12.162786,6.477e-19,6.702e-20,7.791e-19,7.791e-19,1.00000000
35.100000,3.425410,-0.303121,-4.916773,5.999998,-7.301342,-12.218115,6.921e-19,6.123e-20,9.726e-19,9.726e-19,1.00000000
35.200000,3.390322,-0.575834,-4.916717,5.999998,-7.356785,-12.273503,7.057e-19,4.272e-20,9.875e-19,9.875e-19,1.00000000
35.300000,3.333451,-0.845067,-4.916700,5.999998,-7.412245,-12.328945,7.525e-19,2.651e-20,9.273e-19,9.273e-19,1.00000000
35.400000,3.255073,-1.108819,-4.916807,5.999998,-7.467646,-12.384453,8.407e-19,1.656e-20,9.098e-19,9.098e-19,1.00000000
35.500000,3.155941,-1.365245,-4.916922,5.999998,-7.522980,-12.439901,9.523e-19,1.377e-20,9.952e-19,9.952e-19,1.00000000
35.600000,3.036838,-1.612954,-4.916906,5.999998,-7.578291,-12.495197,1.072e-18,1.903e-20,1.130e-18,1.130e-18,1.00000000
35.700000,2.898305,-1.850577,-4.916825,5.999998,-7.633660,-12.550485,1.194e-18,3.891e-20,1.194e-18,1.194e-18,1.00000000
35.800000,2.741038,-2.076398,-4.916834,5.999998,-7.689180,-12.606014,1.313e-18,7.849e-20,1.139e-18,1.313e-18,1.00000000
35.900000,2.566238,-2.288727,-4.916923,5.999998,-7.744943,-12.661866,1.408e-18,1.346e-19,1.077e-18,1.408e-18,1.00000000
36.000000,2.375259,-2.486354,-4.916926,5.999998,-7.801018,-12.717943,1.447e-18,2.021e-19,1.002e-18,1.447e-18,1.00000000
36.100000,2.169158,-2.668305,-4.916795,5.999998,-7.857438,-12.774233,1.404e-18,2.819e-19,1.346e-18,1.404e-18,1.00000000
36.200000,1.948959,-2.833326,-4.916686,5.999998,-7.914193,-12.830879,1.290e-18,4.164e-19,1.288e-18,1.290e-18,1.00000000
36.300000,1.716164,-2.980051,-4.916712,5.999998,-7.971229,-12.887941,1.129e-18,7.450e-19,1.035e-18,1.129e-18,1.00000000
36.400000,1.472586,-3.107557,-4.916763,5.999998,-8.028447,-12.945210,9.121e-19,1.504e-18,9.130e-19,1.504e-18,1.00000000
36.500000,1.219748,-3.215339,-4.916685,5.999998,-8.085725,-13.002409,6.722e-19,3.000e-18,7.820e-19,3.000e-18,1.00000000
36.600000,0.958910,-3.302739,-4.916541,5.999998,-8.142935,-13.059476,4.564e-19,5.577e-18,6.980e-19,5.577e-18,1.00000000
36.700000,0.691693,-3.368876,-4.916524,5.999998,-8.199976,-13.116500,2.881e-19,9.578e-18,7.352e-19,9.578e-18,1.00000000
36.800000,0.420180,-3.413214,-4.916645,5.999998,-8.256790,-13.173435,1.716e-19,1.512e-17,7.561e-19,1.512e-17,1.00000000
36.900000,0.146264,-3.435785,-4.916703,5.999998,-8.313383,-13.230086,9.822e-20,2.185e-17,7.593e-19,2.185e-17,1.00000000
37.000000,-0.128651,-3.436627,-4.916607,5.999998,-8.369827,-13.286434,5.360e-20,2.895e-17,7.947e-19,2.895e-17,1.00000000
37.100000,-0.403054,-3.415452,-4.916525,5.999998,-8.426258,-13.342783,3.112e-20,3.536e-17,8.803e-19,3.536e-17,1.00000000
37.200000,-0.674877,-3.372150,-4.916617,5.999998,-8.482874,-13.399492,2.117e-20,3.988e-17,1.093e-18,3.988e-17,1.00000000
37.300000,-0.942033,-3.307260,-4.916765,5.999998,-8.539914,-13.456679,2.044e-20,4.123e-17,1.226e-18,4.123e-17,1.00000000
37.400000,-1.203053,-3.221534,-4.916743,5.999998,-8.597630,-13.514373,3.280e-20,3.865e-17,1.151e-18,3.865e-17,1.00000000
37.500000,-1.456704,-3.115321,-4.916581,5.999998,-8.656262,-13.572843,6.673e-20,3.269e-17,1.077e-18,3.269e-17,1.00000000
37.600000,-1.701241,-2.988896,-4.916529,5.999998,-8.716012,-13.632541,1.334e-19,2.500e-17,9.890e-19,2.500e-17,1.00000000
37.700000,-1.934616,-2.843176,-4.916664,5.999998,-8.777018,-13.693683,2.295e-19,1.750e-17,1.235e-18,1.750e-17,1.00000000
37.800000,-2.155336,-2.679558,-4.916755,5.999998,-8.839335,-13.756090,3.323e-19,1.146e-17,1.226e-18,1.146e-17,1.00000000
37.900000,-2.362496,-2.499084,-4.916622,5.999998,-8.902916,-13.819538,4.382e-19,7.244e-18,1.005e-18,7.244e-18,1.00000000
38.000000,-2.554922,-2.302395,-4.916434,5.999998,-8.967607,-13.884041,6.225e-19,4.605e-18,8.535e-19,4.605e-18,1.00000000
38.100000,-2.730901,-2.090594,-4.916459,5.999998,-9.033153,-13.949612,1.204e-18,3.017e-18,7.972e-19,3.017e-18,1.00000000
38.200000,-2.889010,-1.865528,-4.916645,5.999998,-9.099225,-14.015871,3.082e-18,1.953e-18,7.523e-19,3.082e-18,1.00000000
38.300000,-3.028639,-1.628956,-4.916689,5.999998,-9.165459,-14.082148,8.156e-18,1.187e-18,7.796e-19,8.156e-18,1.00000000
38.400000,-3.149311,-1.381959,-4.916503,5.999998,-9.231508,-14.148011,1.935e-17,6.749e-19,6.523e-19,1.935e-17,1.00000000
38.500000,-3.249967,-1.125642,-4.916363,5.999998,-9.297093,-14.213456,3.998e-17,3.850e-19,5.954e-19,3.998e-17,1.00000000
38.600000,-3.329443,-0.861947,-4.916486,5.999998,-9.362040,-14.278526,7.285e-17,2.425e-19,7.399e-19,7.285e-17,1.00000000
38.700000,-3.387370,-0.593174,-4.916690,5.999998,-9.426291,-14.342981,1.193e-16,1.770e-19,9.337e-19,1.193e-16,1.00000000
38.800000,-3.423954,-0.320947,-4.916656,5.999998,-9.489899,-14.406555,1.770e-16,1.597e-19,1.031e-18,1.770e-16,1.00000000
38.900000,-3.438997,-0.046341,-4.916414,5.999998,-9.553013,-14.469427,2.374e-16,1.745e-19,1.102e-18,2.374e-16,1.00000000
39.000000,-3.431836,0.229023,-4.916303,5.999998,-9.615854,-14.532156,2.873e-16,2.110e-19,1.044e-18,2.873e-16,1.00000000
39.100000,-3.402302,0.502748,-4.916459,5.999998,-9.678675,-14.595134,3.164e-16,2.889e-19,1.002e-18,3.164e-16,1.00000000
39.200000,-3.351101,0.772722,-4.916605,5.999998,-9.741728,-14.658333,3.200e-16,5.705e-19,9.015e-19,3.200e-16,1.00000000
39.300000,-3.278936,1.037732,-4.916469,5.999998,-9.805221,-14.721690,2.967e-16,1.588e-18,1.056e-18,2.967e-16,1.00000000
39.400000,-3.185862,1.296631,-4.916199,5.999998,-9.869289,-14.785488,2.491e-16,4.255e-18,1.147e-18,2.491e-16,1.00000000
39.500000,-3.071953,1.547456,-4.916143,5.999998,-9.933977,-14.850120,1.876e-16,9.200e-18,9.664e-19,1.876e-16,1.00000000
39.600000,-2.938167,1.787957,-4.916336,5.999998,-9.999229,-14.915565,1.265e-16,1.611e-17,7.826e-19,1.265e-16,1.00000000
39.700000,-2.785949,2.016665,-4.916455,5.999998,-10.064897,-14.981352,7.709e-17,2.486e-17,6.709e-19,7.709e-17,1.00000000
39.800000,-2.616235,2.232754,-4.916310,5.999998,-10.130756,-15.047065,4.381e-17,3.675e-17,6.619e-19,4.381e-17,1.00000000
39.900000,-2.429511,2.434999,-4.916120,5.999998,-10.196535,-15.112655,2.451e-17,5.346e-17,6.430e-19,5.346e-17,1.00000000
40.000000,-2.226798,2.621558,-4.916175,5.999998,-10.261962,-15.178138,1.426e-17,7.522e-17,5.782e-19,7.522e-17,1.00000000
40.100000,-2.009922,2.790894,-4.916411,5.999998,-10.326797,-15.243209,8.665e-18,1.009e-16,6.057e-19,1.009e-16,1.00000000
40.200000,-1.780642,2.942311,-4.916512,5.999998,-10.390874,-15.307386,5.209e-18,1.296e-16,7.254e-19,1.296e-16,1.00000000
40.300000,-1.540058,3.075298,-4.916374,5.999998,-10.454117,-15.370491,3.105e-18,1.602e-16,8.448e-19,1.602e-16,1.00000000
40.400000,-1.289231,3.188813,-4.916231,5.999998,-10.516549,-15.432780,1.910e-18,1.907e-16,8.910e-19,1.907e-16,1.00000000
40.500000,-1.029935,3.281654,-4.916295,5.999998,-10.578286,-15.494581,1.229e-18,2.221e-16,9.439e-19,2.221e-16,1.00000000
40.600000,-0.764345,3.353241,-4.916455,5.999998,-10.639522,-15.555978,8.326e-19,2.597e-16,9.844e-19,2.597e-16,1.00000000
40.700000,-0.494207,3.403554,-4.916458,5.999998,-10.700510,-15.616968,6.256e-19,3.068e-16,9.328e-19,3.068e-16,1.00000000
40.800000,-0.220785,3.432420,-4.916271,5.999998,-10.761536,-15.677807,5.792e-19,3.512e-16,8.223e-19,3.512e-16,1.00000000
40.900000,0.054400,3.439313,-4.916110,5.999998,-10.822890,-15.739000,7.934e-19,3.749e-16,9.554e-19,3.749e-16,1.00000000
41.000000,0.329269,3.423931,-4.916122,5.999998,-10.884834,-15.800956,1.969e-18,3.684e-16,1.046e-18,3.684e-16,1.00000000
41.100000,0.601736,3.386578,-4.916196,5.999998,-10.947569,-15.863765,6.449e-18,3.337e-16,9.573e-19,3.337e-16,1.00000000
41.200000,0.870211,3.327783,-4.916153,5.999998,-11.011204,-15.927357,1.854e-17,2.770e-16,8.423e-19,2.770e-16,1.00000000
41.300000,1.133329,3.247841,-4.916001,5.999998,-11.075740,-15.991741,4.249e-17,2.076e-16,8.031e-19,2.076e-16,1.00000000
41.400000,1.389418,3.146962,-4.915905,5.999998,-11.141075,-16.056980,7.921e-17,1.393e-16,8.996e-19,1.393e-16,1.00000000
41.500000,1.636545,3.025738,-4.915955,5.999998,-11.207018,-16.122973,1.264e-16,8.510e-17,9.183e-19,1.264e-16,1.00000000
41.600000,1.872986,2.885180,-4.916059,5.999998,-11.273319,-16.189377,1.799e-16,4.915e-17,6.829e-19,1.799e-16,1.00000000
41.700000,2.097413,2.726335,-4.916089,5.999998,-11.339702,-16.255792,2.314e-16,2.762e-17,5.373e-19,2.314e-16,1.00000000
41.800000,2.308587,2.550084,-4.916043,5.999998,-11.405908,-16.321951,2.702e-16,1.495e-17,5.996e-19,2.702e-16,1.00000000
41.900000,2.505098,2.357375,-4.916019,5.999998,-11.471718,-16.387737,2.885e-16,7.593e-18,6.996e-19,2.885e-16,1.00000000
42.000000,2.685500,2.149478,-4.916077,5.999998,-11.536980,-16.453057,2.857e-16,3.832e-18,7.173e-19,2.857e-16,1.00000000
42.100000,2.848594,1.927905,-4.916164,5.999998,-11.601606,-16.517770,2.678e-16,2.553e-18,8.130e-19,2.678e-16,1.00000000
42.200000,2.993481,1.694150,-4.916188,5.999998,-11.665562,-16.581750,2.472e-16,3.187e-18,8.974e-19,2.472e-16,1.00000000
42.300000,3.119358,1.449587,-4.916124,5.999998,-11.728846,-16.644971,2.389e-16,5.836e-18,9.137e-19,2.389e-16,1.00000000
42.400000,3.225368,1.195632,-4.916039,5.999998,-11.791468,-16.707507,2.484e-16,1.108e-17,7.787e-19,2.484e-16,1.00000000
42.500000,3.310686,0.933932,-4.916005,5.999998,-11.853431,-16.769436,2.699e-16,1.930e-17,8.035e-19,2.699e-16,1.00000000
42.600000,3.374728,0.666314,-4.916016,5.999998,-11.914726,-16.830742,2.877e-16,3.023e-17,9.418e-19,2.877e-16,1.00000000
42.700000,3.417204,0.394564,-4.915995,5.999998,-11.975313,-16.891309,2.903e-16,4.553e-17,8.961e-19,2.903e-16,1.00000000
42.800000,3.437944,0.120295,-4.915897,5.999998,-12.035129,-16.951026,2.736e-16,7.294e-17,8.149e-19,2.736e-16,1.00000000
42.900000,3.436734,-0.154898,-4.915775,5.999998,-12.094095,-17.009870,2.381e-16,1.197e-16,7.508e-19,2.381e-16,1.00000000
43.000000,3.413410,-0.429214,-4.915728,5.999998,-12.152141,-17.067870,1.887e-16,1.769e-16,8.032e-19,1.887e-16,1.00000000
43.100000,3.368109,-0.700692,-4.915775,5.999998,-12.209226,-17.125001,1.355e-16,2.223e-16,7.981e-19,2.223e-16,1.00000000
43.200000,3.301297,-0.967522,-4.915823,5.999998,-12.265348,-17.181171,8.941e-17,2.529e-16,6.358e-19,2.529e-16,1.00000000
43.300000,3.213497,-1.228172,-4.915791,5.999998,-12.320551,-17.236342,5.544e-17,2.784e-16,5.289e-19,2.784e-16,1.00000000
43.400000,3.105130,-1.481136,-4.915728,5.999998,-12.374929,-17.290656,3.264e-17,3.055e-16,5.779e-19,3.055e-16,1.00000000
43.500000,2.976729,-1.724679,-4.915744,5.999998,-12.428615,-17.344359,1.827e-17,3.356e-16,6.470e-19,3.356e-16,1.00000000
43.600000,2.829215,-1.957021,-4.915850,5.999998,-12.481781,-17.397631,9.991e-18,3.567e-16,6.099e-19,3.567e-16,1.00000000
43.700000,2.663761,-2.176702,-4.915925,5.999998,-12.534618,-17.450543,5.965e-18,3.541e-16,6.461e-19,3.541e-16,1.00000000
43.800000,2.481422,-2.382566,-4.915883,5.999998,-12.587325,-17.503207,5.314e-18,3.290e-16,7.815e-19,3.290e-16,1.00000000
43.900000,2.283129,-2.573377,-4.915794,5.999998,-12.640087,-17.555881,8.834e-18,2.929e-16,9.117e-19,2.929e-16,1.00000000
44.000000,2.070060,-2.747707,-4.915784,5.999998,-12.693055,-17.608839,1.884e-17,2.541e-16,8.282e-19,2.541e-16,1.00000000
44.100000,1.843781,-2.904286,-4.915849,5.999998,-12.746321,-17.662170,3.866e-17,2.178e-16,7.690e-19,2.178e-16,1.00000000
44.200000,1.605908,-3.042262,-4.915859,5.999998,-12.799903,-17.715763,7.183e-17,1.852e-16,8.565e-19,1.852e-16,1.00000000
44.300000,1.357812,-3.160957,-4.915758,5.999998,-12.853728,-17.769485,1.196e-16,1.593e-16,8.364e-19,1.593e-16,1.00000000
44.400000,1.100844,-3.259541,-4.915640,5.999998,-12.907628,-17.823268,1.774e-16,1.385e-16,8.914e-19,1.774e-16,1.00000000
44.500000,0.836688,-3.337154,-4.915621,5.999998,-12.961354,-17.876976,2.371e-16,1.203e-16,9.018e-19,2.371e-16,1.00000000
44.600000,0.567277,-3.393271,-4.915677,5.999998,-13.014597,-17.930274,2.961e-16,1.009e-16,9.283e-19,2.961e-16,1.00000000
44.700000,0.294387,-3.427725,-4.915690,5.999998,-13.067033,-17.982723,3.432e-16,7.957e-17,9.182e-19,3.432e-16,1.00000000
44.800000,0.019565,-3.440383,-4.915624,5.999998,-13.118371,-18.033995,3.611e-16,5.801e-17,7.399e-19,3.611e-16,1.00000000
44.900000,-0.255560,-3.431014,-4.915568,5.999998,-13.168402,-18.083970,3.386e-16,3.897e-17,5.013e-19,3.386e-16,1.00000000
45.000000,-0.529084,-3.399544,-4.915602,5.999998,-13.217019,-18.132621,3.022e-16,2.483e-17,4.982e-19,3.022e-16,1.00000000
45.100000,-0.799076,-3.346269,-4.915682,5.999998,-13.264230,-18.179912,2.839e-16,1.579e-17,5.553e-19,2.839e-16,1.00000000
45.200000,-1.063859,-3.271695,-4.915709,5.999998,-13.310143,-18.225851,2.869e-16,9.823e-18,5.485e-19,2.869e-16,1.00000000
45.300000,-1.321920,-3.176283,-4.915662,5.999998,-13.354949,-18.270611,2.923e-16,6.667e-18,5.605e-19,2.923e-16,1.00000000
45.400000,-1.571633,-3.060498,-4.915618,5.999998,-13.398892,-18.314509,2.854e-16,7.155e-18,6.601e-19,2.854e-16,1.00000000
45.500000,-1.811259,-2.925054,-4.915625,5.999998,-13.442236,-18.357861,2.667e-16,1.398e-17,8.600e-19,2.667e-16,1.00000000
45.600000,-2.039200,-2.770936,-4.915643,5.999998,-13.485239,-18.400882,2.432e-16,3.341e-17,8.619e-19,2.432e-16,1.00000000
45.700000,-2.254098,-2.599192,-4.915610,5.999998,-13.528112,-18.443722,2.206e-16,7.149e-17,6.917e-19,2.206e-16,1.00000000
45.800000,-2.454670,-2.410834,-4.915532,5.999998,-13.570996,-18.486528,2.009e-16,1.285e-16,6.936e-19,2.009e-16,1.00000000
45.900000,-2.639582,-2.206976,-4.915470,5.999998,-13.613925,-18.529395,1.826e-16,1.986e-16,7.555e-19,1.986e-16,1.00000000
46.000000,-2.807561,-1.988956,-4.915448,5.999998,-13.656820,-18.572268,1.621e-16,2.698e-16,8.148e-19,2.698e-16,1.00000000
46.100000,-2.957540,-1.758240,-4.915437,5.999998,-13.699479,-18.614917,1.403e-16,3.236e-16,8.216e-19,3.236e-16,1.00000000
46.200000,-3.088620,-1.516285,-4.915413,5.999998,-13.741595,-18.657007,1.174e-16,3.547e-16,7.850e-19,3.547e-16,1.00000000
46.300000,-3.199959,-1.264578,-4.915392,5.999998,-13.782785,-18.698177,9.541e-17,3.740e-16,8.154e-19,3.740e-16,1.00000000
46.400000,-3.290790,-1.004727,-4.915405,5.999998,-13.822643,-18.738048,7.542e-17,3.928e-16,6.624e-19,3.928e-16,1.00000000
46.500000,-3.360518,-0.738453,-4.915443,5.999998,-13.860801,-18.776243,5.749e-17,4.119e-16,5.321e-19,4.119e-16,1.00000000
46.600000,-3.408740,-0.467476,-4.915478,5.999998,-13.896978,-18.812456,4.335e-17,4.083e-16,5.379e-19,4.083e-16,1.00000000
46.700000,-3.435164,-0.193500,-4.915504,5.999998,-13.931019,-18.846523,3.472e-17,3.695e-16,5.636e-19,3.695e-16,1.00000000
46.800000,-3.439596,0.081729,-4.915535,5.999998,-13.962903,-18.878437,3.242e-17,3.097e-16,5.179e-19,3.097e-16,1.00000000
46.900000,-3.422004,0.356408,-4.915571,5.999998,-13.992733,-18.908304,3.243e-17,2.489e-16,4.935e-19,2.489e-16,1.00000000
47.000000,-3.382545,0.628763,-4.915590,5.999998,-14.020720,-18.936310,2.670e-17,2.004e-16,5.543e-19,2.004e-16,1.00000000
47.100000,-3.321494,0.897097,-4.915574,5.999998,-14.047158,-18.962732,1.959e-17,1.660e-16,7.308e-19,1.660e-16,1.00000000
47.200000,-3.239205,1.159729,-4.915542,5.999998,-14.072402,-18.987944,1.744e-17,1.415e-16,8.445e-19,1.415e-16,1.00000000
47.300000,-3.136171,1.414944,-4.915521,5.999998,-14.096843,-19.012364,2.549e-17,1.226e-16,7.286e-19,1.226e-16,1.00000000
47.400000,-3.013083,1.661060,-4.915504,5.999998,-14.120882,-19.036386,5.257e-17,1.076e-16,6.872e-19,1.076e-16,1.00000000
47.500000,-2.870777,1.896531,-4.915464,5.999998,-14.144900,-19.060364,9.986e-17,9.490e-17,7.546e-19,9.986e-17,1.00000000
47.600000,-2.710136,2.119915,-4.915394,5.999998,-14.169228,-19.084622,1.552e-16,8.389e-17,8.629e-19,1.552e-16,1.00000000
47.700000,-2.532112,2.329785,-4.915331,5.999998,-14.194114,-19.109446,2.051e-16,7.473e-17,8.860e-19,2.051e-16,1.00000000
47.800000,-2.337830,2.524725,-4.915312,5.999998,-14.219694,-19.135006,2.483e-16,6.724e-17,8.990e-19,2.483e-16,1.00000000
47.900000,-2.128597,2.703448,-4.915325,5.999998,-14.245970,-19.161295,2.821e-16,5.938e-17,8.296e-19,2.821e-16,1.00000000
48.000000,-1.905791,2.864865,-4.915331,5.999998,-14.272805,-19.188136,3.033e-16,5.194e-17,6.682e-19,3.033e-16,1.00000000
48.100000,-1.670785,3.008001,-4.915321,5.999998,-14.299934,-19.215255,3.157e-16,4.628e-17,5.099e-19,3.157e-16,1.00000000
48.200000,-1.425015,3.131915,-4.915325,5.999998,-14.327003,-19.242328,3.213e-16,4.315e-17,5.036e-19,3.213e-16,1.00000000
48.300000,-1.170077,3.235742,-4.915371,5.999998,-14.353612,-19.268983,3.132e-16,4.801e-17,5.279e-19,3.132e-16,1.00000000
48.400000,-0.907689,3.318815,-4.915439,5.999998,-14.379366,-19.294805,2.863e-16,5.895e-17,4.744e-19,2.863e-16,1.00000000
48.500000,-0.639559,3.380677,-4.915482,5.999998,-14.403910,-19.319392,2.469e-16,7.642e-17,4.510e-19,2.469e-16,1.00000000
48.600000,-0.367331,3.420982,-4.915478,5.999998,-14.426948,-19.342427,2.075e-16,9.879e-17,4.965e-19,2.075e-16,1.00000000
48.700000,-0.092681,3.439426,-4.915458,5.999998,-14.448251,-19.363709,1.762e-16,1.103e-16,6.494e-19,1.762e-16,1.00000000
48.800000,0.182601,3.435823,-4.915461,5.999998,-14.467654,-19.383115,1.555e-16,9.943e-17,8.044e-19,1.555e-16,1.00000000
48.900000,0.456663,3.410205,-4.915479,5.999998,-14.485061,-19.400540,1.417e-16,7.936e-17,7.679e-19,1.417e-16,1.00000000
49.000000,0.727743,3.362816,-4.915469,5.999998,-14.500440,-19.415908,1.306e-16,7.637e-17,6.680e-19,1.306e-16,1.00000000
49.100000,0.994195,3.293983,-4.915406,5.999998,-14.513826,-19.429233,1.242e-16,9.423e-17,6.647e-19,1.242e-16,1.00000000
49.200000,1.254376,3.204068,-4.915329,5.999998,-14.525328,-19.440657,1.245e-16,1.276e-16,7.406e-19,1.276e-16,1.00000000
49.300000,1.506556,3.093565,-4.915294,5.999998,-14.535125,-19.450419,1.166e-16,1.719e-16,7.709e-19,1.719e-16,1.00000000
49.400000,1.749011,2.963223,-4.915307,5.999998,-14.543469,-19.458776,1.033e-16,2.227e-16,7.842e-19,2.227e-16,1.00000000
49.500000,1.980192,2.813976,-4.915318,5.999998,-14.550666,-19.465984,8.753e-17,2.650e-16,8.068e-19,2.650e-16,1.00000000
49.600000,2.198731,2.646786,-4.915290,5.999998,-14.557049,-19.472339,7.154e-17,2.793e-16,6.366e-19,2.793e-16,1.00000000
49.700000,2.403279,2.462616,-4.915256,5.999998,-14.562940,-19.478196,5.590e-17,2.621e-16,5.614e-19,2.621e-16,1.00000000
49.800000,2.592430,2.262587,-4.915281,5.999998,-14.568610,-19.483890,4.229e-17,2.268e-16,5.584e-19,2.268e-16,1.00000000
49.900000,2.764877,2.048079,-4.915364,5.999998,-14.574250,-19.489614,3.081e-17,1.889e-16,5.548e-19,1.889e-16,1.00000000
50.000000,2.919582,1.820583,-4.915434,5.999998,-14.579962,-19.495395,2.296e-17,1.555e-16,4.895e-19,1.555e-16,1.00000000
50.100000,3.055695,1.581512,-4.915437,5.999998,-14.585755,-19.501191,2.016e-17,1.322e-16,4.402e-19,1.322e-16,1.00000000
50.200000,3.172357,1.332248,-4.915408,5.999998,-14.591567,-19.506975,2.415e-17,1.169e-16,4.471e-19,1.169e-16,1.00000000
50.300000,3.268692,1.074364,-4.915422,5.999998,-14.597279,-19.512701,3.722e-17,1.051e-16,5.034e-19,1.051e-16,1.00000000
50.400000,3.344026,0.809651,-4.915479,5.999998,-14.602735,-19.518214,6.002e-17,9.482e-17,6.868e-19,9.482e-17,1.00000000
50.500000,3.397985,0.539884,-4.915506,5.999998,-14.607751,-19.523257,8.460e-17,8.555e-17,7.458e-19,8.555e-17,1.00000000
50.600000,3.430331,0.266674,-4.915454,5.999998,-14.612132,-19.527586,1.036e-16,7.695e-17,7.201e-19,1.036e-16,1.00000000
50.700000,3.440782,-0.008374,-4.915376,5.999998,-14.615676,-19.531052,1.200e-16,7.336e-17,7.003e-19,1.200e-16,1.00000000
50.800000,3.429129,-0.283456,-4.915354,5.999998,-14.618197,-19.533551,1.394e-16,7.859e-17,7.496e-19,1.394e-16,1.00000000
50.900000,3.395450,-0.556646,-4.915388,5.999998,-14.619535,-19.534924,1.625e-16,9.361e-17,7.989e-19,1.625e-16,1.00000000
51.000000,3.340092,-0.826168,-4.915405,5.999998,-14.619582,-19.534988,1.914e-16,1.257e-16,8.203e-19,1.914e-16,1.00000000
51.100000,3.263450,-1.090439,-4.915365,5.999998,-14.618299,-19.533664,2.217e-16,1.333e-16,8.328e-19,2.217e-16,1.00000000
51.200000,3.165894,-1.347849,-4.915322,5.999998,-14.615730,-19.531052,2.366e-16,1.022e-16,6.606e-19,2.366e-16,1.00000000
51.300000,3.047962,-1.596643,-4.915347,5.999998,-14.612002,-19.527349,2.285e-16,7.918e-17,5.299e-19,2.285e-16,1.00000000
51.400000,2.910495,-1.835096,-4.915426,5.999998,-14.607314,-19.522741,2.046e-16,6.307e-17,5.183e-19,2.046e-16,1.00000000
51.500000,2.754503,-2.061727,-4.915482,5.999998,-14.601906,-19.517388,1.815e-16,5.532e-17,5.442e-19,1.815e-16,1.00000000
51.600000,2.580964,-2.275228,-4.915479,5.999998,-14.596030,-19.511509,1.633e-16,4.714e-17,4.610e-19,1.633e-16,1.00000000
51.700000,2.390868,-2.474257,-4.915463,5.999998,-14.589923,-19.505386,1.468e-16,4.015e-17,4.196e-19,1.468e-16,1.00000000
51.800000,2.185410,-2.657433,-4.915487,5.999998,-14.583784,-19.499271,1.375e-16,3.659e-17,4.110e-19,1.375e-16,1.00000000
51.900000,1.966008,-2.823530,-4.915533,5.999998,-14.577763,-19.493296,1.258e-16,3.873e-17,4.338e-19,1.258e-16,1.00000000
52.000000,1.734129,-2.971567,-4.915543,5.999998,-14.571953,-19.487496,1.146e-16,4.702e-17,5.708e-19,1.146e-16,1.00000000
52.100000,1.491186,-3.100680,-4.915498,5.999998,-14.566387,-19.481886,1.096e-16,6.001e-17,6.993e-19,1.096e-16,1.00000000
52.200000,1.238642,-3.210015,-4.915439,5.999998,-14.561038,-19.476478,1.049e-16,7.691e-17,7.119e-19,1.049e-16,1.00000000
52.300000,0.978124,-3.298793,-4.915406,5.999998,-14.555815,-19.471221,9.598e-17,9.751e-17,6.624e-19,9.751e-17,1.00000000
52.400000,0.711364,-3.366429,-4.915393,5.999998,-14.550565,-19.465959,8.726e-17,1.174e-16,6.486e-19,1.174e-16,1.00000000
52.500000,0.440084,-3.412530,-4.915377,5.999998,-14.545078,-19.460455,8.238e-17,1.300e-16,7.088e-19,1.300e-16,1.00000000
52.600000,0.165980,-3.436823,-4.915351,5.999998,-14.539095,-19.454446,7.851e-17,1.399e-16,7.228e-19,1.399e-16,1.00000000
52.700000,-0.109229,-3.439126,-4.915329,5.999998,-14.532332,-19.447661,7.313e-17,1.465e-16,7.658e-19,1.465e-16,1.00000000
52.800000,-0.383776,-3.419390,-4.915329,5.999998,-14.524505,-19.439834,7.618e-17,1.474e-16,6.783e-19,1.474e-16,1.00000000
52.900000,-0.655875,-3.377725,-4.915361,5.999998,-14.515363,-19.430724,7.684e-17,1.396e-16,5.881e-19,1.396e-16,1.00000000
53.000000,-0.923747,-3.314409,-4.915420,5.999998,-14.504719,-19.420139,5.948e-17,1.237e-16,5.675e-19,1.237e-16,1.00000000
53.100000,-1.185661,-3.229892,-4.915484,5.999998,-14.492475,-19.407958,4.165e-17,1.092e-16,5.990e-19,1.092e-16,1.00000000
53.200000,-1.439976,-3.124749,-4.915525,5.999998,-14.478619,-19.394144,3.170e-17,9.801e-17,4.963e-19,9.801e-17,1.00000000
53.300000,-1.685120,-2.999631,-4.915543,5.999998,-14.463229,-19.378772,2.593e-17,1.123e-16,3.976e-19,1.123e-16,1.00000000
53.400000,-1.919510,-2.855283,-4.915569,5.999998,-14.446457,-19.362026,2.506e-17,1.340e-16,3.999e-19,1.340e-16,1.00000000
53.500000,-2.141568,-2.692641,-4.915622,5.999998,-14.428517,-19.344140,2.715e-17,1.357e-16,4.203e-19,1.357e-16,1.00000000
53.600000,-2.349851,-2.512840,-4.915670,5.999998,-14.409673,-19.325343,3.274e-17,1.242e-16,4.956e-19,1.242e-16,1.00000000
53.700000,-2.543122,-2.317070,-4.915658,5.999998,-14.390226,-19.305884,4.125e-17,1.033e-16,6.304e-19,1.033e-16,1.00000000
53.800000,-2.720228,-2.106487,-4.915592,5.999998,-14.370503,-19.286096,4.900e-17,8.238e-17,6.886e-19,8.238e-17,1.00000000
53.900000,-2.879969,-1.882339,-4.915542,5.999998,-14.350843,-19.266385,5.625e-17,6.996e-17,7.080e-19,6.996e-17,1.00000000
54.000000,-3.021197,-1.646122,-4.915549,5.999998,-14.331577,-19.247126,7.268e-17,6.097e-17,6.835e-19,7.268e-17,1.00000000
54.100000,-3.143030,-1.399488,-4.915564,5.999998,-14.313005,-19.228569,1.024e-16,5.543e-17,7.026e-19,1.024e-16,1.00000000
54.200000,-3.244833,-1.143997,-4.915516,5.999998,-14.295370,-19.210886,1.353e-16,5.138e-17,7.274e-19,1.353e-16,1.00000000
54.300000,-3.325988,-0.881106,-4.915428,5.999998,-14.278825,-19.194253,1.566e-16,4.803e-17,7.616e-19,1.566e-16,1.00000000
54.400000,-3.385820,-0.612433,-4.915397,5.999998,-14.263415,-19.178812,1.654e-16,4.867e-17,7.012e-19,1.654e-16,1.00000000
54.500000,-3.423848,-0.339860,-4.915459,5.999998,-14.249069,-19.164528,1.549e-16,5.620e-17,6.004e-19,1.549e-16,1.00000000
54.600000,-3.439952,-0.065267,-4.915531,5.999998,-14.235606,-19.151137,1.341e-16,6.160e-17,5.353e-19,1.341e-16,1.00000000
54.700000,-3.434176,0.209710,-4.915530,5.999998,-14.222756,-19.138286,1.168e-16,6.309e-17,5.621e-19,1.168e-16,1.00000000
54.800000,-3.406483,0.483502,-4.915493,5.999998,-14.210199,-19.125692,1.024e-16,5.875e-17,4.756e-19,1.024e-16,1.00000000
54.900000,-3.356877,0.754307,-4.915524,5.999998,-14.197593,-19.113116,9.087e-17,5.065e-17,4.204e-19,9.087e-17,1.00000000
55.000000,-3.285695,1.020179,-4.915630,5.999998,-14.184607,-19.100236,8.363e-17,4.289e-17,4.094e-19,8.363e-17,1.00000000
55.100000,-3.193586,1.279385,-4.915705,5.999998,-14.170946,-19.086651,8.228e-17,4.048e-17,4.330e-19,8.228e-17,1.00000000
55.200000,-3.081190,1.530465,-4.915681,5.999998,-14.156366,-19.072047,9.537e-17,4.037e-17,4.928e-19,9.537e-17,1.00000000
55.300000,-2.949055,1.771924,-4.915621,5.999998,-14.140683,-19.056305,9.335e-17,4.218e-17,5.469e-19,9.335e-17,1.00000000
55.400000,-2.797916,2.002067,-4.915625,5.999998,-14.123784,-19.039409,8.567e-17,4.970e-17,6.150e-19,8.567e-17,1.00000000
55.500000,-2.628869,2.219261,-4.915679,5.999998,-14.105636,-19.021315,9.047e-17,5.862e-17,6.181e-19,9.047e-17,1.00000000
55.600000,-2.443146,2.422197,-4.915687,5.999998,-14.086291,-19.001978,8.757e-17,6.061e-17,6.115e-19,8.757e-17,1.00000000
55.700000,-2.241865,2.609749,-4.915610,5.999998,-14.065889,-18.981499,8.171e-17,7.210e-17,6.173e-19,8.171e-17,1.00000000
55.800000,-2.026138,2.780704,-4.915529,5.999998,-14.044646,-18.960175,7.566e-17,8.955e-17,6.878e-19,8.955e-17,1.00000000
55.900000,-1.797345,2.933797,-4.915522,5.999998,-14.022848,-18.938370,6.658e-17,1.263e-16,7.274e-19,1.263e-16,1.00000000
56.000000,-1.557113,3.067994,-4.915565,5.999998,-14.000820,-18.916385,5.609e-17,1.714e-16,7.133e-19,1.714e-16,1.00000000
56.100000,-1.307043,3.182564,-4.915578,5.999998,-13.978893,-18.894471,4.838e-17,1.614e-16,6.777e-19,1.614e-16,1.00000000
56.200000,-1.048611,3.276864,-4.915542,5.999998,-13.957366,-18.872908,4.083e-17,1.174e-16,6.200e-19,1.174e-16,1.00000000
56.300000,-0.783369,3.350216,-4.915522,5.999998,-13.936474,-18.851996,3.397e-17,8.166e-17,5.755e-19,8.166e-17,1.00000000
56.400000,-0.513084,3.402050,-4.915564,5.999998,-13.916359,-18.831923,2.902e-17,6.785e-17,5.331e-19,6.785e-17,1.00000000
56.500000,-0.239603,3.432072,-4.915633,5.999998,-13.897069,-18.812701,2.469e-17,6.247e-17,4.476e-19,6.247e-17,1.00000000
56.600000,0.035343,3.440196,-4.915666,5.999998,-13.878554,-18.794221,2.506e-17,5.900e-17,4.357e-19,5.900e-17,1.00000000
56.700000,0.310106,3.426383,-4.915659,5.999998,-13.860691,-18.776350,2.815e-17,5.514e-17,4.400e-19,5.514e-17,1.00000000
56.800000,0.582958,3.390644,-4.915656,5.999998,-13.843293,-18.758949,3.536e-17,5.665e-17,4.767e-19,5.665e-17,1.00000000
56.900000,0.852084,3.333172,-4.915678,5.999998,-13.826144,-18.741822,4.603e-17,6.538e-17,4.995e-19,6.538e-17,1.00000000
57.000000,1.115713,3.254387,-4.915702,5.999998,-13.809010,-18.724712,5.785e-17,6.390e-17,5.599e-19,6.390e-17,1.00000000
57.100000,1.372199,3.154831,-4.915698,5.999998,-13.791669,-18.707367,6.556e-17,6.355e-17,6.320e-19,6.556e-17,1.00000000
57.200000,1.619952,3.035115,-4.915670,5.999998,-13.773922,-18.689591,6.902e-17,6.936e-17,6.375e-19,6.936e-17,1.00000000
57.300000,1.857376,2.895958,-4.915644,5.999998,-13.755610,-18.671254,7.260e-17,6.224e-17,6.465e-19,7.260e-17,1.00000000
57.400000,2.082910,2.738250,-4.915633,5.999998,-13.736632,-18.652265,8.216e-17,5.831e-17,7.207e-19,8.216e-17,1.00000000
57.500000,2.295098,2.563023,-4.915629,5.999998,-13.716963,-18.632592,9.533e-17,5.472e-17,7.712e-19,9.533e-17,1.00000000
57.600000,2.492591,2.371404,-4.915629,5.999998,-13.696660,-18.612289,1.014e-16,4.864e-17,7.385e-19,1.014e-16,1.00000000
57.700000,2.674129,2.164616,-4.915633,5.999998,-13.675867,-18.591500,1.079e-16,4.203e-17,6.930e-19,1.079e-16,1.00000000
57.800000,2.838550,1.943985,-4.915641,5.999998,-13.654797,-18.570438,1.150e-16,3.771e-17,6.629e-19,1.150e-16,1.00000000
57.900000,2.984809,1.710920,-4.915653,5.999998,-13.633711,-18.549364,1.137e-16,3.536e-17,6.118e-19,1.137e-16,1.00000000
58.000000,3.111967,1.466905,-4.915671,5.999998,-13.612889,-18.528561,1.006e-16,3.598e-17,5.381e-19,1.006e-16,1.00000000
58.100000,3.219196,1.213515,-4.915703,5.999998,-13.592603,-18.508305,9.196e-17,3.780e-17,4.725e-19,9.196e-17,1.00000000
58.200000,3.305821,0.952401,-4.915735,5.999998,-13.573090,-18.488825,8.605e-17,3.814e-17,4.388e-19,8.605e-17,1.00000000
58.300000,3.371328,0.685234,-4.915748,5.999998,-13.554536,-18.470284,7.966e-17,3.859e-17,4.280e-19,7.966e-17,1.00000000
58.400000,3.415317,0.413675,-4.915736,5.999998,-13.537065,-18.452800,7.667e-17,4.199e-17,4.812e-19,7.667e-17,1.00000000
58.500000,3.437473,0.139430,-4.915721,5.999998,-13.520730,-18.436452,7.446e-17,5.245e-17,4.555e-19,7.446e-17,1.00000000
58.600000,3.437619,-0.135710,-4.915724,5.999998,-13.505520,-18.421244,7.443e-17,7.066e-17,4.881e-19,7.443e-17,1.00000000
58.700000,3.415783,-0.409940,-4.915725,5.999998,-13.491361,-18.407086,7.462e-17,9.412e-17,5.667e-19,9.412e-17,1.00000000
58.800000,3.372152,-0.681535,-4.915697,5.999998,-13.478117,-18.393814,7.412e-17,1.113e-16,6.101e-19,1.113e-16,1.00000000
58.900000,3.306986,-0.948830,-4.915643,5.999998,-13.465605,-18.381248,7.349e-17,1.096e-16,6.499e-19,1.096e-16,1.00000000
59.000000,3.220629,-1.210117,-4.915602,5.999998,-13.453595,-18.369197,7.266e-17,9.585e-17,7.078e-19,9.585e-17,1.00000000
59.100000,3.113615,-1.463652,-4.915597,5.999998,-13.441827,-18.357425,6.702e-17,9.268e-17,7.442e-19,9.268e-17,1.00000000
59.200000,2.986683,-1.707776,-4.915607,5.999998,-13.430024,-18.345632,6.058e-17,9.103e-17,7.306e-19,9.103e-17,1.00000000
59.300000,2.840676,-1.940976,-4.915602,5.999998,-13.417918,-18.333520,5.078e-17,7.948e-17,7.281e-19,7.948e-17,1.00000000
59.400000,2.676484,-2.161804,-4.915589,5.999998,-13.405278,-18.320866,4.222e-17,7.461e-17,6.635e-19,7.461e-17,1.00000000
59.500000,2.495110,-2.368817,-4.915599,5.999998,-13.391930,-18.307529,3.570e-17,8.196e-17,6.055e-19,8.196e-17,1.00000000
59.600000,2.297743,-2.560630,-4.915641,5.999998,-13.377778,-18.293419,3.050e-17,9.686e-17,5.489e-19,9.686e-17,1.00000000
59.700000,2.085705,-2.736020,-4.915690,5.999998,-13.362805,-18.278495,2.714e-17,1.106e-16,5.198e-19,1.106e-16,1.00000000
59.800000,1.860363,-2.893910,-4.915721,5.999998,-13.347067,-18.262788,2.701e-17,1.032e-16,4.822e-19,1.032e-16,1.00000000
59.900000,1.623128,-3.033313,-4.915735,5.999998,-13.330688,-18.246423,2.995e-17,9.861e-17,4.600e-19,9.861e-17,1.00000000
60.000000,1.375502,-3.153321,-4.915744,5.999998,-13.313850,-18.229594,3.616e-17,9.292e-17,5.394e-19,9.292e-17,1.00000000
60.100000,1.119083,-3.253153,-4.915752,5.999998,-13.296779,-18.212531,4.403e-17,8.556e-17,5.151e-19,8.556e-17,1.00000000
60.200000,0.855521,-3.332174,-4.915758,5.999998,-13.279732,-18.195490,5.243e-17,7.186e-17,4.621e-19,7.186e-17,1.00000000
60.300000,0.586514,-3.389881,-4.915759,5.999998,-13.262976,-18.178735,6.042e-17,6.081e-17,4.858e-19,6.081e-17,1.00000000
60.400000,0.313790,-3.425925,-4.915745,5.999998,-13.246773,-18.162518,7.142e-17,5.438e-17,5.800e-19,7.142e-17,1.00000000
60.500000,0.039065,-3.440100,-4.915705,5.999998,-13.231360,-18.147065,8.476e-17,4.973e-17,6.785e-19,8.476e-17,1.00000000
60.600000,-0.235957,-3.432294,-4.915654,5.999998,-13.216933,-18.132587,9.082e-17,4.845e-17,7.728e-19,9.082e-17,1.00000000
60.700000,-0.509509,-3.402491,-4.915631,5.999998,-13.203634,-18.119265,8.585e-17,4.658e-17,9.074e-19,8.585e-17,1.00000000
60.800000,-0.779753,-3.350876,-4.915648,5.999998,-13.191536,-18.107183,8.298e-17,4.402e-17,8.912e-19,8.298e-17,1.00000000
60.900000,-1.044935,-3.277865,-4.915658,5.999998,-13.180633,-18.096290,8.171e-17,4.249e-17,7.968e-19,8.171e-17,1.00000000
61.000000,-1.303469,-3.183961,-4.915621,5.999998,-13.170839,-18.086461,7.827e-17,4.152e-17,7.117e-19,7.827e-17,1.00000000
61.100000,-1.553785,-3.069655,-4.915582,5.999998,-13.162001,-18.077582,7.252e-17,4.100e-17,6.356e-19,7.252e-17,1.00000000
61.200000,-1.794173,-2.935582,-4.915615,5.999998,-13.153912,-18.069528,6.982e-17,4.388e-17,5.387e-19,6.982e-17,1.00000000
61.300000,-2.022945,-2.782707,-4.915711,5.999998,-13.146344,-18.062054,7.154e-17,5.227e-17,5.274e-19,7.154e-17,1.00000000
61.400000,-2.238708,-2.612172,-4.915763,5.999998,-13.139064,-18.054826,7.432e-17,6.582e-17,5.174e-19,7.432e-17,1.00000000
61.500000,-2.440287,-2.425005,-4.915722,5.999998,-13.131863,-18.047585,7.817e-17,7.187e-17,4.669e-19,7.817e-17,1.00000000
61.600000,-2.626392,-2.222189,-4.915680,5.999998,-13.124574,-18.040255,8.089e-17,6.727e-17,5.014e-19,8.089e-17,1.00000000
61.700000,-2.795601,-2.005023,-4.915737,5.999998,-13.117085,-18.032822,8.365e-17,6.616e-17,5.102e-19,8.365e-17,1.00000000
61.800000,-2.946755,-1.775150,-4.915837,5.999998,-13.109344,-18.025181,8.707e-17,7.437e-17,4.857e-19,8.707e-17,1.00000000
61.900000,-3.079119,-1.534133,-4.915835,5.999998,-13.101363,-18.017198,8.917e-17,7.624e-17,6.263e-19,8.917e-17,1.00000000
62.000000,-3.192005,-1.283264,-4.915721,5.999998,-13.093212,-18.008933,8.748e-17,7.512e-17,8.469e-19,8.748e-17,1.00000000
62.100000,-3.284501,-1.023950,-4.915644,5.999998,-13.085017,-18.000661,8.264e-17,8.505e-17,1.074e-18,8.505e-17,1.00000000
62.200000,-3.355780,-0.758053,-4.915697,5.999998,-13.076944,-17.992641,7.760e-17,1.023e-16,1.175e-18,1.023e-16,1.00000000
62.300000,-3.405510,-0.487556,-4.915767,5.999998,-13.069195,-17.984962,7.047e-17,1.179e-16,1.138e-18,1.179e-16,1.00000000
62.400000,-3.433651,-0.214071,-4.915709,5.999998,-13.061989,-17.977697,6.060e-17,1.209e-16,1.036e-18,1.209e-16,1.00000000
62.500000,-3.439973,0.060991,-4.915571,5.999998,-13.055539,-17.971110,5.096e-17,1.046e-16,9.856e-19,1.046e-16,1.00000000
62.600000,-3.424133,0.335868,-4.915535,5.999998,-13.050026,-17.965560,4.417e-17,9.019e-17,9.979e-19,9.019e-17,1.00000000
62.700000,-3.386184,0.608455,-4.915639,5.999998,-13.045574,-17.961214,3.940e-17,8.122e-17,9.256e-19,8.122e-17,1.00000000
62.800000,-3.326664,0.876890,-4.915724,5.999998,-13.042236,-17.957960,3.624e-17,7.777e-17,7.402e-19,7.777e-17,1.00000000
62.900000,-3.246088,1.139765,-4.915671,5.999998,-13.039986,-17.955657,3.343e-17,8.074e-17,6.042e-19,8.074e-17,1.00000000
63.000000,-3.144719,1.395618,-4.915584,5.999998,-13.038724,-17.954308,3.306e-17,8.690e-17,5.428e-19,8.690e-17,1.00000000
63.100000,-3.023000,1.642589,-4.915623,5.999998,-13.038293,-17.953916,3.658e-17,9.005e-17,5.022e-19,9.005e-17,1.00000000
63.200000,-2.881900,1.878817,-4.915758,5.999998,-13.038497,-17.954254,4.126e-17,8.399e-17,5.406e-19,8.399e-17,1.00000000
63.300000,-2.722587,2.102916,-4.915815,5.999998,-13.039121,-17.954936,4.582e-17,7.899e-17,6.154e-19,7.899e-17,1.00000000
63.400000,-2.545978,2.313759,-4.915739,5.999998,-13.039947,-17.955687,5.310e-17,7.065e-17,6.613e-19,7.065e-17,1.00000000
63.500000,-2.352913,2.509982,-4.915666,5.999998,-13.040767,-17.956433,6.124e-17,6.529e-17,7.461e-19,6.529e-17,1.00000000
63.600000,-2.144637,2.690045,-4.915706,5.999998,-13.041393,-17.957099,7.077e-17,5.941e-17,9.242e-19,7.077e-17,1.00000000
63.700000,-1.922758,2.852722,-4.915786,5.999998,-13.041673,-17.957459,7.928e-17,5.363e-17,1.307e-18,7.928e-17,1.00000000
63.800000,-1.688767,2.997209,-4.915768,5.999998,-13.041505,-17.957273,7.938e-17,5.366e-17,1.929e-18,7.938e-17,1.00000000
63.900000,-1.443924,3.122709,-4.915664,5.999998,-13.040847,-17.956511,7.508e-17,5.557e-17,2.433e-18,7.508e-17,1.00000000
64.000000,-1.189652,3.228240,-4.915605,5.999998,-13.039718,-17.955322,7.084e-17,5.977e-17,2.411e-18,7.084e-17,1.00000000
64.100000,-0.927753,3.312958,-4.915644,5.999998,-13.038204,-17.953848,7.269e-17,6.392e-17,1.974e-18,7.269e-17,1.00000000
64.200000,-0.660085,3.376424,-4.915691,5.999998,-13.036454,-17.952145,7.902e-17,6.139e-17,1.464e-18,7.902e-17,1.00000000
64.300000,-0.388265,3.418401,-4.915664,5.999998,-13.034673,-17.950337,8.147e-17,5.919e-17,1.122e-18,8.147e-17,1.00000000
64.400000,-0.113847,3.438575,-4.915609,5.999998,-13.033103,-17.948712,8.672e-17,5.921e-17,8.854e-19,8.672e-17,1.00000000
64.500000,0.161382,3.436662,-4.915617,5.999998,-13.032006,-17.947623,9.338e-17,6.331e-17,7.415e-19,9.338e-17,1.00000000
64.600000,0.435491,3.412678,-4.915685,5.999998,-13.031633,-17.947318,9.807e-17,7.170e-17,7.044e-19,9.807e-17,1.00000000
64.700000,0.706703,3.366914,-4.915733,5.999998,-13.032211,-17.947944,1.033e-16,7.796e-17,6.613e-19,1.033e-16,1.00000000
64.800000,0.973417,3.299702,-4.915730,5.999998,-13.033918,-17.949648,1.098e-16,7.645e-17,6.946e-19,1.098e-16,1.00000000
64.900000,1.233988,3.211377,-4.915721,5.999998,-13.036874,-17.952595,1.148e-16,8.064e-17,8.014e-19,1.148e-16,1.00000000
65.000000,1.486668,3.102458,-4.915746,5.999998,-13.041133,-17.956878,1.148e-16,9.036e-17,9.572e-19,1.148e-16,1.00000000
65.100000,1.729780,2.973706,-4.915782,5.999998,-13.046678,-17.962459,1.090e-16,8.919e-17,1.242e-18,1.090e-16,1.00000000
65.200000,1.961822,2.825996,-4.915788,5.999998,-13.053426,-17.969214,1.002e-16,8.942e-17,1.635e-18,1.002e-16,1.00000000
65.300000,2.181370,2.660233,-4.915766,5.999998,-13.061237,-17.977004,9.253e-17,9.599e-17,2.046e-18,9.599e-17,1.00000000
65.400000,2.387001,2.477429,-4.915745,5.999998,-13.069929,-17.985674,8.213e-17,1.013e-16,2.332e-18,1.013e-16,1.00000000
65.500000,2.577361,2.278760,-4.915734,5.999998,-13.079289,-17.995023,7.424e-17,9.867e-17,2.448e-18,9.867e-17,1.00000000
65.600000,2.751230,2.065523,-4.915722,5.999998,-13.089090,-18.004812,6.682e-17,9.449e-17,2.516e-18,9.449e-17,1.00000000
65.700000,2.907512,1.839075,-4.915705,5.999998,-13.099111,-18.014816,5.903e-17,9.138e-17,2.647e-18,9.138e-17,1.00000000
65.800000,3.045202,1.600851,-4.915689,5.999998,-13.109149,-18.024838,5.631e-17,9.097e-17,2.709e-18,9.097e-17,1.00000000
65.900000,3.163411,1.352377,-4.915677,5.999998,-13.119040,-18.034717,6.180e-17,9.946e-17,2.358e-18,9.946e-17,1.00000000
66.000000,3.261382,1.095241,-4.915670,5.999998,-13.128670,-18.044340,7.607e-17,1.089e-16,1.691e-18,1.089e-16,1.00000000
66.100000,3.338478,0.831084,-4.915673,5.999998,-13.137992,-18.053665,1.009e-16,1.106e-16,1.091e-18,1.106e-16,1.00000000
66.200000,3.394193,0.561613,-4.915691,5.999998,-13.147028,-18.062719,1.282e-16,1.018e-16,8.630e-19,1.282e-16,1.00000000
66.300000,3.428187,0.288580,-4.915713,5.999998,-13.155868,-18.071580,1.444e-16,9.446e-17,8.471e-19,1.444e-16,1.00000000
66.400000,3.440271,0.013717,-4.915722,5.999998,-13.164659,-18.080380,1.486e-16,8.885e-17,9.195e-19,1.486e-16,1.00000000
66.500000,3.430361,-0.261252,-4.915724,5.999998,-13.173592,-18.089316,1.408e-16,8.631e-17,1.065e-18,1.408e-16,1.00000000
66.600000,3.398489,-0.534557,-4.915740,5.999998,-13.182885,-18.098625,1.290e-16,8.872e-17,1.311e-18,1.290e-16,1.00000000
66.700000,3.344872,-0.804405,-4.915765,5.999998,-13.192760,-18.108524,1.256e-16,9.682e-17,1.632e-18,1.256e-16,1.00000000
66.800000,3.269899,-1.069075,-4.915772,5.999998,-13.203421,-18.119193,1.198e-16,1.100e-16,2.025e-18,1.198e-16,1.00000000
66.900000,3.174053,-1.326932,-4.915752,5.999998,-13.215036,-18.130788,1.109e-16,1.526e-16,2.504e-18,1.526e-16,1.00000000
67.000000,3.057892,-1.576345,-4.915731,5.999998,-13.227716,-18.143447,1.119e-16,2.686e-16,3.138e-18,2.686e-16,1.00000000
67.100000,2.922141,-1.815664,-4.915733,5.999998,-13.241502,-18.157234,1.123e-16,4.729e-16,3.747e-18,4.729e-16,1.00000000
67.200000,2.767720,-2.043330,-4.915740,5.999998,-13.256358,-18.172098,1.127e-16,7.461e-16,3.855e-18,7.461e-16,1.00000000
67.300000,2.595641,-2.257940,-4.915723,5.999998,-13.272171,-18.187894,1.108e-16,1.065e-15,3.390e-18,1.065e-15,1.00000000
67.400000,2.406944,-2.458169,-4.915689,5.999998,-13.288755,-18.204444,1.072e-16,1.421e-15,2.811e-18,1.421e-15,1.00000000
67.500000,2.202782,-2.642688,-4.915682,5.999998,-13.305868,-18.221550,1.105e-16,1.731e-15,2.300e-18,1.731e-15,1.00000000
67.600000,1.984509,-2.810245,-4.915712,5.999998,-13.323236,-18.238948,1.223e-16,1.807e-15,1.807e-18,1.807e-15,1.00000000
67.700000,1.753596,-2.959795,-4.915739,5.999998,-13.340583,-18.256322,1.423e-16,1.547e-15,1.383e-18,1.547e-15,1.00000000
67.800000,1.511488,-3.090466,-4.915730,5.999998,-13.357656,-18.273386,1.650e-16,1.133e-15,1.173e-18,1.133e-15,1.00000000
67.900000,1.259640,-3.201409,-4.915716,5.999998,-13.374256,-18.289971,1.741e-16,7.965e-16,1.192e-18,7.965e-16,1.00000000
68.000000,0.999676,-3.291820,-4.915745,5.999998,-13.390251,-18.305996,1.674e-16,6.654e-16,1.317e-18,6.654e-16,1.00000000
68.100000,0.733378,-3.361103,-4.915803,5.999998,-13.405591,-18.321394,1.621e-16,7.050e-16,1.510e-18,7.050e-16,1.00000000
68.200000,0.462482,-3.408923,-4.915824,5.999998,-13.420305,-18.336130,1.523e-16,7.876e-16,1.747e-18,7.876e-16,1.00000000
68.300000,0.188601,-3.435027,-4.915790,5.999998,-13.434508,-18.350298,1.456e-16,1.001e-15,1.997e-18,1.001e-15,1.00000000
68.400000,-0.086586,-3.439151,-4.915762,5.999998,-13.448385,-18.364147,1.464e-16,1.815e-15,2.344e-18,1.815e-15,1.00000000
68.500000,-0.361209,-3.421186,-4.915790,5.999998,-13.462184,-18.377974,1.682e-16,3.474e-15,2.756e-18,3.474e-15,1.00000000
68.600000,-0.633395,-3.381333,-4.915829,5.999998,-13.476198,-18.392027,2.437e-16,5.407e-15,3.271e-18,5.407e-15,1.00000000
68.700000,-0.901480,-3.319966,-4.915805,5.999998,-13.490737,-18.406541,4.319e-16,6.670e-15,3.542e-18,6.670e-15,1.00000000
68.800000,-1.163907,-3.237418,-4.915732,5.999998,-13.506102,-18.421834,7.511e-16,6.591e-15,3.575e-18,6.591e-15,1.00000000
68.900000,-1.418970,-3.134070,-4.915700,5.999998,-13.522561,-18.438261,1.174e-15,5.877e-15,3.463e-18,5.877e-15,1.00000000
69.000000,-1.664867,-3.010595,-4.915741,5.999998,-13.540315,-18.456057,1.854e-15,5.475e-15,3.325e-18,5.475e-15,1.00000000
69.100000,-1.899996,-2.867939,-4.915782,5.999998,-13.559486,-18.475268,2.986e-15,5.282e-15,2.953e-18,5.282e-15,1.00000000
69.200000,-2.123020,-2.707047,-4.915756,5.999998,-13.580092,-18.495848,4.467e-15,4.912e-15,2.360e-18,4.912e-15,1.00000000
69.300000,-2.332598,-2.528792,-4.915707,5.999998,-13.602054,-18.517761,6.128e-15,4.622e-15,1.922e-18,6.128e-15,1.00000000
69.400000,-2.527254,-2.334224,-4.915726,5.999998,-13.625197,-18.540923,8.169e-15,4.176e-15,1.690e-18,8.169e-15,1.00000000
69.500000,-2.705615,-2.124722,-4.915809,5.999998,-13.649275,-18.565084,1.067e-14,3.422e-15,1.564e-18,1.067e-14,1.00000000
69.600000,-2.866633,-1.901758,-4.915863,5.999998,-13.673999,-18.589862,1.362e-14,2.527e-15,1.605e-18,1.362e-14,1.00000000
69.700000,-3.009432,-1.666671,-4.915842,5.999998,-13.699069,-18.614911,1.619e-14,1.729e-15,1.800e-18,1.619e-14,1.00000000
69.800000,-3.133062,-1.420806,-4.915812,5.999998,-13.724200,-18.640012,1.552e-14,1.214e-15,2.002e-18,1.552e-14,1.00000000
69.900000,-3.236578,-1.165768,-4.915844,5.999998,-13.749144,-18.664988,1.230e-14,9.810e-16,2.234e-18,1.230e-14,1.00000000
70.000000,-3.319306,-0.903357,-4.915906,5.999998,-13.773704,-18.689610,1.176e-14,1.008e-15,2.724e-18,1.176e-14,1.00000000
70.000000,-3.319306,-0.903357,-4.915906,5.999998,-13.773704,-18.689610,1.176e-14,1.008e-15,2.724e-18,1.176e-14,1.00000000
70.100000,-3.279538,-0.618228,-4.986221,5.999998,-13.796760,-18.782981,1.727e-14,1.190e-15,3.372e-18,1.727e-14,1.00000000
70.200000,-3.217941,-0.346331,-5.052216,5.999998,-13.817479,-18.869694,2.489e-14,1.353e-15,3.912e-18,2.489e-14,1.00000000
70.300000,-3.134614,-0.084480,-5.115372,5.999998,-13.835949,-18.951321,2.844e-14,1.412e-15,4.100e-18,2.844e-14,1.00000000
70.400000,-3.026349,0.163836,-5.178257,5.999998,-13.852329,-19.030586,2.556e-14,1.352e-15,3.928e-18,2.556e-14,1.00000000
70.500000,-2.895757,0.390928,-5.240395,5.999998,-13.866835,-19.107230,2.116e-14,1.256e-15,3.614e-18,2.116e-14,1.00000000
70.600000,-2.750341,0.595145,-5.299189,5.999998,-13.879709,-19.178898,2.043e-14,1.224e-15,3.356e-18,2.043e-14,1.00000000
70.700000,-2.593045,0.780909,-5.354089,5.999998,-13.891191,-19.245281,2.295e-14,1.351e-15,3.067e-18,2.295e-14,1.00000000
70.800000,-2.421146,0.948517,-5.407249,5.999998,-13.901503,-19.308752,2.423e-14,1.639e-15,2.787e-18,2.423e-14,1.00000000
70.900000,-2.235520,1.091758,-5.459898,5.999998,-13.910833,-19.370731,2.032e-14,1.842e-15,2.443e-18,2.032e-14,1.00000000
71.000000,-2.043660,1.207493,-5.510480,5.999998,-13.919332,-19.429812,1.349e-14,2.134e-15,2.160e-18,1.349e-14,1.00000000
71.100000,-1.850938,1.300150,-5.557303,5.999998,-13.927103,-19.484406,7.679e-15,2.797e-15,2.033e-18,7.679e-15,1.00000000
71.200000,-1.655690,1.373291,-5.601138,5.999998,-13.934199,-19.535336,4.687e-15,3.616e-15,2.144e-18,4.687e-15,1.00000000
71.300000,-1.456853,1.423381,-5.643717,5.999998,-13.940632,-19.584349,3.480e-15,4.254e-15,2.383e-18,4.254e-15,1.00000000
71.400000,-1.260428,1.446724,-5.684918,5.999998,-13.946384,-19.631302,3.091e-15,4.596e-15,2.615e-18,4.596e-15,1.00000000
71.500000,-1.073194,1.446984,-5.723152,5.999998,-13.951420,-19.674572,2.803e-15,5.396e-15,2.772e-18,5.396e-15,1.00000000
71.600000,-0.894934,1.429933,-5.757983,5.999998,-13.955693,-19.713676,2.394e-15,6.596e-15,2.972e-18,6.596e-15,1.00000000
71.700000,-0.723002,1.395025,-5.790609,5.999998,-13.959165,-19.749774,2.167e-15,6.894e-15,3.175e-18,6.894e-15,1.00000000
71.800000,-0.560887,1.338821,-5.821764,5.999998,-13.961816,-19.783581,2.354e-15,7.434e-15,3.432e-18,7.434e-15,1.00000000
71.900000,-0.415411,1.263871,-5.850645,5.999998,-13.963662,-19.814307,2.601e-15,8.841e-15,3.737e-18,8.841e-15,1.00000000
72.000000,-0.287717,1.177025,-5.876377,5.999998,-13.964757,-19.841135,2.795e-15,9.940e-15,4.011e-18,9.940e-15,1.00000000
72.100000,-0.174223,1.080405,-5.899352,5.999998,-13.965197,-19.864549,2.771e-15,1.098e-14,3.975e-18,1.098e-14,1.00000000
72.200000,-0.075600,0.971355,-5.920366,5.999998,-13.965109,-19.885475,3.172e-15,1.145e-14,3.940e-18,1.145e-14,1.00000000
72.300000,0.002513,0.851196,-5.939313,5.999998,-13.964646,-19.903958,4.749e-15,1.116e-14,3.724e-18,1.116e-14,1.00000000
72.400000,0.058144,0.726790,-5.955533,5.999998,-13.963963,-19.919497,7.369e-15,1.005e-14,3.277e-18,1.005e-14,1.00000000
72.500000,0.095262,0.602227,-5.968939,5.999998,-13.963208,-19.932146,9.782e-15,8.504e-15,2.797e-18,9.782e-15,1.00000000
72.600000,0.115787,0.475833,-5.979979,5.999998,-13.962496,-19.942476,1.033e-14,6.843e-15,2.520e-18,1.033e-14,1.00000000
72.700000,0.116022,0.347673,-5.988793,5.999998,-13.961910,-19.950703,1.013e-14,5.171e-15,2.436e-18,1.013e-14,1.00000000
72.800000,0.093772,0.223676,-5.995094,5.999998,-13.961493,-19.956588,1.075e-14,3.753e-15,2.606e-18,1.075e-14,1.00000000
72.900000,0.052997,0.108997,-5.998774,5.999998,-13.961258,-19.960032,1.150e-14,2.796e-15,2.715e-18,1.150e-14,1.00000000
73.000000,-0.002329,0.002872,-5.999997,5.999998,-13.961187,-19.961184,1.280e-14,2.283e-15,2.743e-18,1.280e-14,1.00000000
73.000000,-0.002329,0.002872,-5.999997,5.999998,-13.961187,-19.961184,1.280e-14,2.283e-15,2.743e-18,1.280e-14,1.00000000
73.100000,-0.000346,-0.003896,-5.999997,5.999998,-13.961187,-19.961183,1.594e-14,2.022e-15,3.045e-18,1.594e-14,1.00000000
73.200000,-0.002063,0.003082,-5.999997,5.999998,-13.961187,-19.961183,2.092e-14,1.827e-15,3.595e-18,2.092e-14,1.00000000
73.300000,0.001692,0.003062,-5.999996,5.999997,-13.961188,-19.961184,2.565e-14,1.629e-15,4.106e-18,2.565e-14,1.00000000
73.400000,0.000501,0.003493,-5.999995,5.999996,-13.961189,-19.961185,2.777e-14,1.588e-15,4.509e-18,2.777e-14,1.00000000
73.500000,-0.004102,0.000438,-5.999994,5.999996,-13.961192,-19.961186,2.590e-14,1.664e-15,4.586e-18,2.590e-14,1.00000000
73.600000,0.002708,-0.000293,-5.999991,5.999992,-13.961196,-19.961187,2.365e-14,1.779e-15,4.304e-18,2.365e-14,1.00000000
73.700000,-0.002159,-0.002872,-5.999986,5.999987,-13.961203,-19.961189,2.454e-14,1.935e-15,3.998e-18,2.454e-14,1.00000000
73.800000,-0.003615,-0.001845,-5.999972,5.999974,-13.961218,-19.961190,2.567e-14,2.101e-15,3.896e-18,2.567e-14,1.00000000
73.900000,-0.001154,-0.001307,-5.999907,5.999907,-13.961284,-19.961191,2.615e-14,2.130e-15,3.763e-18,2.615e-14,1.00000000
74.000000,-0.000507,0.010435,-5.999268,5.999277,-13.961924,-19.961192,2.587e-14,2.333e-15,3.393e-18,2.587e-14,1.00000000
74.000000,-0.000507,0.010435,-5.999268,5.999277,-13.961924,-19.961192,2.587e-14,2.333e-15,3.393e-18,2.587e-14,1.00000000
74.100000,0.007187,0.019340,-5.995237,5.995272,-13.965955,-19.961192,2.185e-14,3.057e-15,3.037e-18,2.185e-14,1.00000000
74.200000,0.014230,0.025129,-5.986951,5.987021,-13.974240,-19.961191,1.658e-14,3.954e-15,3.004e-18,1.658e-14,1.00000000
74.300000,0.020084,0.027872,-5.974826,5.974925,-13.986363,-19.961189,1.279e-14,4.442e-15,3.058e-18,1.279e-14,1.00000000
74.400000,0.024422,0.027823,-5.959355,5.959470,-14.001832,-19.961187,1.019e-14,4.734e-15,3.008e-18,1.019e-14,1.00000000
74.500000,0.027129,0.025335,-5.941051,5.941167,-14.020134,-19.961185,8.354e-15,5.190e-15,3.208e-18,8.354e-15,1.00000000
74.600000,0.028272,0.020784,-5.920383,5.920487,-14.040799,-19.961182,7.013e-15,5.393e-15,3.538e-18,7.013e-15,1.00000000
74.700000,0.028048,0.014534,-5.897739,5.897824,-14.063441,-19.961180,6.065e-15,5.381e-15,3.915e-18,6.065e-15,1.00000000
74.800000,0.026728,0.006921,-5.873398,5.873463,-14.087780,-19.961178,5.144e-15,5.780e-15,4.390e-18,5.780e-15,1.00000000
74.900000,0.024606,-0.001742,-5.847550,5.847602,-14.113628,-19.961177,4.318e-15,6.700e-15,4.575e-18,6.700e-15,1.00000000
75.000000,0.021954,-0.011153,-5.820346,5.820398,-14.140832,-19.961178,4.669e-15,8.719e-15,4.508e-18,8.719e-15,1.00000000
75.100000,0.018999,-0.021002,-5.791977,5.792046,-14.169202,-19.961179,6.273e-15,1.168e-14,4.656e-18,1.168e-14,1.00000000
75.200000,0.015920,-0.030964,-5.762719,5.762824,-14.198462,-19.961181,8.234e-15,1.250e-14,4.878e-18,1.250e-14,1.00000000
75.300000,0.012863,-0.040691,-5.732941,5.733099,-14.228243,-19.961184,1.087e-14,1.121e-14,4.823e-18,1.121e-14,1.00000000
75.400000,0.009940,-0.049820,-5.703063,5.703290,-14.258123,-19.961187,1.443e-14,1.049e-14,4.486e-18,1.443e-14,1.00000000
75.500000,0.007224,-0.057975,-5.673500,5.673801,-14.287689,-19.961190,1.805e-14,1.250e-14,4.047e-18,1.805e-14,1.00000000
75.600000,0.004723,-0.064789,-5.644604,5.644978,-14.316588,-19.961192,1.883e-14,1.340e-14,3.899e-18,1.883e-14,1.00000000
75.700000,0.002390,-0.069914,-5.616648,5.617083,-14.344546,-19.961194,1.606e-14,1.122e-14,3.780e-18,1.606e-14,1.00000000
75.800000,0.000158,-0.073036,-5.589821,5.590298,-14.371374,-19.961195,1.256e-14,8.954e-15,3.559e-18,1.256e-14,1.00000000
75.900000,-0.002008,-0.073891,-5.564236,5.564727,-14.396959,-19.961195,1.134e-14,7.430e-15,3.502e-18,1.134e-14,1.00000000
76.000000,-0.004084,-0.072302,-5.539919,5.540392,-14.421275,-19.961193,1.172e-14,5.667e-15,3.646e-18,1.172e-14,1.00000000
76.100000,-0.005972,-0.068223,-5.516807,5.517232,-14.444385,-19.961191,1.356e-14,3.851e-15,3.891e-18,1.356e-14,1.00000000
76.200000,-0.007512,-0.061777,-5.494755,5.495107,-14.466434,-19.961188,1.759e-14,2.739e-15,4.244e-18,1.759e-14,1.00000000
76.300000,-0.008511,-0.053275,-5.473543,5.473809,-14.487642,-19.961185,2.117e-14,2.503e-15,4.878e-18,2.117e-14,1.00000000
76.400000,-0.008777,-0.043223,-5.452890,5.453068,-14.508292,-19.961182,2.099e-14,2.597e-15,5.614e-18,2.099e-14,1.00000000
76.500000,-0.008165,-0.032289,-5.432483,5.432585,-14.528697,-19.961180,2.275e-14,2.465e-15,6.300e-18,2.275e-14,1.00000000
76.600000,-0.006617,-0.021264,-5.412027,5.412073,-14.549151,-19.961178,2.800e-14,2.202e-15,6.626e-18,2.800e-14,1.00000000
76.700000,-0.004208,-0.011004,-5.391307,5.391320,-14.569870,-19.961178,3.179e-14,2.300e-15,6.653e-18,3.179e-14,1.00000000
76.800000,-0.001185,-0.002360,-5.370227,5.370228,-14.590951,-19.961178,3.070e-14,2.819e-15,6.357e-18,3.070e-14,1.00000000
76.900000,0.002026,0.003926,-5.348811,5.348813,-14.612369,-19.961180,2.806e-14,3.420e-15,5.931e-18,2.806e-14,1.00000000
77.000000,0.004856,0.007330,-5.327169,5.327176,-14.634013,-19.961182,2.737e-14,3.967e-15,5.623e-18,2.737e-14,1.00000000
77.100000,0.006684,0.007641,-5.305435,5.305444,-14.655751,-19.961185,2.725e-14,4.309e-15,5.179e-18,2.725e-14,1.00000000
77.200000,0.006972,0.004973,-5.283720,5.283727,-14.677468,-19.961188,2.463e-14,4.543e-15,4.587e-18,2.463e-14,1.00000000
77.300000,0.005377,-0.000289,-5.262109,5.262112,-14.699082,-19.961190,2.014e-14,4.727e-15,4.297e-18,2.014e-14,1.00000000
77.400000,0.001820,-0.007581,-5.240678,5.240684,-14.720514,-19.961192,1.730e-14,4.857e-15,4.368e-18,1.730e-14,1.00000000
77.500000,-0.003503,-0.016255,-5.219534,5.219561,-14.741658,-19.961193,1.545e-14,5.139e-15,4.696e-18,1.545e-14,1.00000000
77.600000,-0.010170,-0.025669,-5.198830,5.198903,-14.762362,-19.961192,1.332e-14,5.928e-15,5.191e-18,1.332e-14,1.00000000
77.700000,-0.017614,-0.035230,-5.178752,5.178902,-14.782439,-19.961191,1.060e-14,6.316e-15,5.592e-18,1.060e-14,1.00000000
77.800000,-0.025216,-0.044410,-5.159493,5.159746,-14.801695,-19.961189,7.935e-15,6.434e-15,5.709e-18,7.935e-15,1.00000000
77.900000,-0.032375,-0.052746,-5.141222,5.141594,-14.819964,-19.961186,6.200e-15,6.288e-15,6.051e-18,6.288e-15,1.00000000
78.000000,-0.038542,-0.059845,-5.124057,5.124551,-14.837126,-19.961183,5.425e-15,6.553e-15,6.731e-18,6.553e-15,1.00000000
78.100000,-0.043245,-0.065414,-5.108066,5.108668,-14.853114,-19.961180,5.084e-15,7.304e-15,7.316e-18,7.304e-15,1.00000000
78.200000,-0.046100,-0.069297,-5.093274,5.093954,-14.867904,-19.961178,5.499e-15,8.808e-15,7.425e-18,8.808e-15,1.00000000
78.300000,-0.046839,-0.071499,-5.079684,5.080403,-14.881493,-19.961176,6.994e-15,1.016e-14,7.219e-18,1.016e-14,1.00000000
78.400000,-0.045342,-0.072181,-5.067292,5.068009,-14.893883,-19.961176,9.473e-15,1.040e-14,7.385e-18,1.040e-14,1.00000000
78.500000,-0.041678,-0.071613,-5.056091,5.056770,-14.905085,-19.961177,1.258e-14,1.037e-14,7.406e-18,1.258e-14,1.00000000
78.600000,-0.036109,-0.070098,-5.046064,5.046680,-14.915114,-19.961178,1.587e-14,1.021e-14,6.760e-18,1.587e-14,1.00000000
78.700000,-0.029065,-0.067901,-5.037194,5.037736,-14.923986,-19.961180,1.784e-14,1.037e-14,5.978e-18,1.784e-14,1.00000000
78.800000,-0.021094,-0.065216,-5.029474,5.029941,-14.931708,-19.961183,1.635e-14,1.049e-14,5.536e-18,1.635e-14,1.00000000
78.900000,-0.012803,-0.062163,-5.022900,5.023301,-14.938285,-19.961185,1.306e-14,9.532e-15,5.625e-18,1.306e-14,1.00000000
79.000000,-0.004784,-0.058811,-5.017458,5.017805,-14.943729,-19.961187,1.229e-14,8.378e-15,5.785e-18,1.229e-14,1.00000000
79.100000,0.002444,-0.055195,-5.013119,5.013423,-14.948069,-19.961188,1.391e-14,7.311e-15,5.940e-18,1.391e-14,1.00000000
79.200000,0.008468,-0.051341,-5.009844,5.010114,-14.951345,-19.961189,1.461e-14,5.959e-15,6.093e-18,1.461e-14,1.00000000
79.300000,0.013012,-0.047271,-5.007570,5.007810,-14.953619,-19.961189,1.366e-14,4.546e-15,6.302e-18,1.366e-14,1.00000000
79.400000,0.015971,-0.043025,-5.006199,5.006409,-14.954989,-19.961187,1.487e-14,3.571e-15,6.713e-18,1.487e-14,1.00000000
79.500000,0.017432,-0.038707,-5.005601,5.005781,-14.955585,-19.961186,1.965e-14,3.166e-15,7.474e-18,1.965e-14,1.00000000
79.600000,0.017647,-0.034516,-5.005632,5.005782,-14.955552,-19.961184,2.315e-14,3.134e-15,8.382e-18,2.315e-14,1.00000000
79.700000,0.016952,-0.030741,-5.006161,5.006284,-14.955021,-19.961181,2.647e-14,3.395e-15,8.967e-18,2.647e-14,1.00000000
79.800000,0.015670,-0.027711,-5.007080,5.007182,-14.954099,-19.961180,3.106e-14,3.770e-15,8.973e-18,3.106e-14,1.00000000
79.900000,0.014028,-0.025718,-5.008320,5.008405,-14.952858,-19.961178,3.566e-14,4.178e-15,8.810e-18,3.566e-14,1.00000000
80.000000,0.012136,-0.024953,-5.009858,5.009935,-14.951320,-19.961178,3.764e-14,4.388e-15,8.388e-18,3.764e-14,1.00000000
80.100000,0.010013,-0.025470,-5.011724,5.011798,-14.949454,-19.961178,3.534e-14,4.611e-15,7.880e-18,3.534e-14,1.00000000
80.200000,0.007628,-0.027167,-5.013970,5.014050,-14.947208,-19.961178,3.084e-14,4.647e-15,7.457e-18,3.084e-14,1.00000000
80.300000,0.004936,-0.029811,-5.016643,5.016734,-14.944537,-19.961180,2.431e-14,4.884e-15,7.344e-18,2.431e-14,1.00000000
80.400000,0.001923,-0.033085,-5.019766,5.019876,-14.941415,-19.961182,1.793e-14,5.371e-15,7.300e-18,1.793e-14,1.00000000
80.500000,-0.001357,-0.036631,-5.023357,5.023490,-14.937827,-19.961183,1.532e-14,6.040e-15,7.201e-18,1.532e-14,1.00000000
80.600000,-0.004745,-0.040083,-5.027446,5.027608,-14.933739,-19.961185,1.435e-14,6.540e-15,7.499e-18,1.435e-14,1.00000000
80.700000,-0.007988,-0.043089,-5.032081,5.032272,-14.929105,-19.961186,1.292e-14,6.513e-15,8.241e-18,1.292e-14,1.00000000
80.800000,-0.010792,-0.045332,-5.037292,5.037508,-14.923895,-19.961187,1.164e-14,6.141e-15,9.129e-18,1.164e-14,1.00000000
80.900000,-0.012901,-0.046557,-5.043071,5.043302,-14.918116,-19.961187,1.018e-14,6.049e-15,9.773e-18,1.018e-14,1.00000000
81.000000,-0.014132,-0.046586,-5.049376,5.049611,-14.911810,-19.961187,8.550e-15,5.636e-15,1.088e-17,8.550e-15,1.00000000
81.100000,-0.014396,-0.045324,-5.056174,5.056398,-14.905012,-19.961186,7.607e-15,5.287e-15,1.331e-17,7.607e-15,1.00000000
81.200000,-0.013685,-0.042768,-5.063461,5.063660,-14.897724,-19.961184,8.108e-15,5.907e-15,1.623e-17,8.108e-15,1.00000000
81.300000,-0.012067,-0.039020,-5.071269,5.071434,-14.889914,-19.961183,9.367e-15,6.921e-15,1.752e-17,9.367e-15,1.00000000
81.400000,-0.009678,-0.034298,-5.079647,5.079772,-14.881535,-19.961182,1.048e-14,7.351e-15,1.593e-17,1.048e-14,1.00000000
81.500000,-0.006718,-0.028939,-5.088622,5.088709,-14.872559,-19.961180,1.108e-14,7.050e-15,1.231e-17,1.108e-14,1.00000000
81.600000,-0.003454,-0.023365,-5.098196,5.098251,-14.862984,-19.961180,1.178e-14,7.511e-15,9.780e-18,1.178e-14,1.00000000
81.700000,-0.000232,-0.018018,-5.108372,5.108404,-14.852807,-19.961180,1.165e-14,8.785e-15,9.076e-18,1.165e-14,1.00000000
81.800000,0.002510,-0.013267,-5.119191,5.119209,-14.841989,-19.961180,1.254e-14,9.013e-15,8.743e-18,1.254e-14,1.00000000
81.900000,0.004280,-0.009352,-5.130731,5.130742,-14.830449,-19.961181,1.499e-14,9.061e-15,7.890e-18,1.499e-14,1.00000000
82.000000,0.004609,-0.006373,-5.143061,5.143067,-14.818121,-19.961182,1.515e-14,9.184e-15,7.463e-18,1.515e-14,1.00000000
82.100000,0.003133,-0.004292,-5.156183,5.156186,-14.805000,-19.961183,1.264e-14,8.328e-15,7.734e-18,1.264e-14,1.00000000
82.200000,-0.000336,-0.002960,-5.170019,5.170020,-14.791166,-19.961184,1.274e-14,7.441e-15,8.212e-18,1.274e-14,1.00000000
82.300000,-0.005782,-0.002164,-5.184425,5.184428,-14.776761,-19.961185,1.395e-14,6.682e-15,8.686e-18,1.395e-14,1.00000000
82.400000,-0.012990,-0.001668,-5.199231,5.199248,-14.761955,-19.961186,1.486e-14,5.645e-15,9.148e-18,1.486e-14,1.00000000
82.500000,-0.021550,-0.001269,-5.214284,5.214329,-14.746902,-19.961186,1.707e-14,4.525e-15,1.032e-17,1.707e-14,1.00000000
82.600000,-0.030877,-0.000852,-5.229459,5.229550,-14.731727,-19.961186,2.070e-14,3.934e-15,1.261e-17,2.070e-14,1.00000000
82.700000,-0.040286,-0.000436,-5.244642,5.244797,-14.716543,-19.961185,2.208e-14,4.271e-15,1.557e-17,2.208e-14,1.00000000
82.800000,-0.049111,-0.000172,-5.259712,5.259941,-14.701473,-19.961185,2.269e-14,4.988e-15,1.825e-17,2.269e-14,1.00000000
82.900000,-0.056819,-0.000305,-5.274558,5.274864,-14.686626,-19.961184,2.646e-14,5.562e-15,1.991e-17,2.646e-14,1.00000000
83.000000,-0.063066,-0.001097,-5.289116,5.289492,-14.672067,-19.961183,3.144e-14,5.757e-15,2.024e-17,3.144e-14,1.00000000
83.100000,-0.067676,-0.002763,-5.303381,5.303814,-14.657802,-19.961183,3.501e-14,5.936e-15,1.841e-17,3.501e-14,1.00000000
83.200000,-0.070620,-0.005418,-5.317390,5.317861,-14.643793,-19.961183,3.580e-14,6.446e-15,1.483e-17,3.580e-14,1.00000000
83.300000,-0.072000,-0.009049,-5.331168,5.331662,-14.630014,-19.961183,3.262e-14,6.782e-15,1.142e-17,3.262e-14,1.00000000
83.400000,-0.072037,-0.013513,-5.344705,5.345207,-14.616478,-19.961183,2.635e-14,6.478e-15,9.438e-18,2.635e-14,1.00000000
83.500000,-0.071037,-0.018561,-5.357946,5.358449,-14.603237,-19.961183,1.991e-14,6.103e-15,8.772e-18,1.991e-14,1.00000000
83.600000,-0.069337,-0.023876,-5.370814,5.371315,-14.590370,-19.961184,1.599e-14,5.890e-15,9.067e-18,1.599e-14,1.00000000
83.700000,-0.067253,-0.029128,-5.383211,5.383710,-14.577973,-19.961185,1.423e-14,5.367e-15,9.496e-18,1.423e-14,1.00000000
83.800000,-0.065044,-0.034028,-5.395021,5.395521,-14.566164,-19.961185,1.316e-14,4.811e-15,1.014e-17,1.316e-14,1.00000000
83.900000,-0.062893,-0.038361,-5.406120,5.406622,-14.555065,-19.961185,1.240e-14,5.086e-15,1.221e-17,1.240e-14,1.00000000
84.000000,-0.060925,-0.042009,-5.416389,5.416895,-14.544796,-19.961185,1.154e-14,5.625e-15,1.663e-17,1.154e-14,1.00000000
84.100000,-0.059220,-0.044945,-5.425715,5.426224,-14.535470,-19.961185,1.072e-14,6.104e-15,2.175e-17,1.072e-14,1.00000000
84.200000,-0.057824,-0.047206,-5.433993,5.434506,-14.527192,-19.961185,9.776e-15,6.437e-15,2.253e-17,9.776e-15,1.00000000
84.300000,-0.056747,-0.048851,-5.441149,5.441664,-14.520035,-19.961184,8.850e-15,6.623e-15,2.145e-17,8.850e-15,1.00000000
84.400000,-0.055974,-0.049938,-5.447161,5.447678,-14.514022,-19.961183,9.031e-15,6.048e-15,2.257e-17,9.031e-15,1.00000000
84.500000,-0.055498,-0.050517,-5.452068,5.452584,-14.509115,-19.961183,1.015e-14,6.250e-15,2.391e-17,1.015e-14,1.00000000
84.600000,-0.055346,-0.050649,-5.455933,5.456449,-14.505249,-19.961183,1.103e-14,6.889e-15,2.350e-17,1.103e-14,1.00000000
84.700000,-0.055579,-0.050417,-5.458818,5.459334,-14.502364,-19.961183,1.166e-14,6.604e-15,2.029e-17,1.166e-14,1.00000000
84.800000,-0.056260,-0.049927,-5.460773,5.461291,-14.500410,-19.961183,1.249e-14,6.922e-15,1.554e-17,1.249e-14,1.00000000
84.900000,-0.057420,-0.049302,-5.461821,5.462345,-14.499362,-19.961183,1.366e-14,7.646e-15,1.244e-17,1.366e-14,1.00000000
85.000000,-0.059041,-0.048686,-5.461938,5.462474,-14.499245,-19.961183,1.426e-14,8.562e-15,1.119e-17,1.426e-14,1.00000000
85.100000,-0.061059,-0.048233,-5.461060,5.461614,-14.500124,-19.961184,1.440e-14,9.228e-15,1.088e-17,1.440e-14,1.00000000
85.200000,-0.063377,-0.048065,-5.459113,5.459693,-14.502071,-19.961184,1.372e-14,8.964e-15,1.106e-17,1.372e-14,1.00000000
85.300000,-0.065859,-0.048204,-5.456053,5.456664,-14.505131,-19.961184,1.358e-14,7.709e-15,1.249e-17,1.358e-14,1.00000000
85.400000,-0.068340,-0.048545,-5.451855,5.452500,-14.509329,-19.961184,1.659e-14,6.727e-15,1.475e-17,1.659e-14,1.00000000
85.500000,-0.070635,-0.048912,-5.446480,5.447158,-14.514704,-19.961184,2.057e-14,6.260e-15,1.698e-17,2.057e-14,1.00000000
85.600000,-0.072541,-0.049134,-5.439870,5.440575,-14.521314,-19.961183,2.215e-14,5.929e-15,1.949e-17,2.215e-14,1.00000000
85.700000,-0.073834,-0.049094,-5.431989,5.432712,-14.529194,-19.961183,2.081e-14,5.369e-15,2.231e-17,2.081e-14,1.00000000
85.800000,-0.074270,-0.048753,-5.422882,5.423610,-14.538300,-19.961182,2.023e-14,5.610e-15,2.634e-17,2.023e-14,1.00000000
85.900000,-0.073646,-0.048165,-5.412691,5.413406,-14.548490,-19.961181,2.177e-14,6.290e-15,3.462e-17,2.177e-14,1.00000000
86.000000,-0.071869,-0.047452,-5.401605,5.402291,-14.559576,-19.961181,2.599e-14,6.837e-15,4.785e-17,2.599e-14,1.00000000
86.100000,-0.068992,-0.046742,-5.389790,5.390434,-14.571391,-19.961181,2.832e-14,7.216e-15,6.124e-17,2.832e-14,1.00000000
86.200000,-0.065196,-0.046116,-5.377347,5.377940,-14.583834,-19.961181,2.815e-14,6.909e-15,6.895e-17,2.815e-14,1.00000000
86.300000,-0.060740,-0.045605,-5.364315,5.364853,-14.596866,-19.961181,2.762e-14,6.669e-15,6.231e-17,2.762e-14,1.00000000
86.400000,-0.055913,-0.045195,-5.350729,5.351212,-14.610453,-19.961182,2.865e-14,8.008e-15,4.567e-17,2.865e-14,1.00000000
86.500000,-0.050997,-0.044829,-5.336661,5.337093,-14.624522,-19.961183,2.744e-14,8.604e-15,3.154e-17,2.744e-14,1.00000000
86.600000,-0.046234,-0.044411,-5.322215,5.322601,-14.638968,-19.961183,2.391e-14,7.550e-15,2.176e-17,2.391e-14,1.00000000
86.700000,-0.041811,-0.043824,-5.307455,5.307801,-14.653729,-19.961184,2.047e-14,6.366e-15,1.691e-17,2.047e-14,1.00000000
86.800000,-0.037849,-0.042943,-5.292388,5.292698,-14.668797,-19.961184,1.709e-14,5.698e-15,1.603e-17,1.709e-14,1.00000000
86.900000,-0.034410,-0.041680,-5.277073,5.277350,-14.684112,-19.961185,1.448e-14,5.225e-15,1.860e-17,1.448e-14,1.00000000
87.000000,-0.031547,-0.040004,-5.261737,5.261984,-14.699447,-19.961184,1.226e-14,4.733e-15,2.375e-17,1.226e-14,1.00000000
87.100000,-0.029357,-0.037929,-5.246749,5.246968,-14.714435,-19.961184,1.066e-14,4.456e-15,3.124e-17,1.066e-14,1.00000000
87.200000,-0.027946,-0.035501,-5.232456,5.232651,-14.728727,-19.961183,9.980e-15,4.303e-15,3.887e-17,9.980e-15,1.00000000
87.300000,-0.027361,-0.032805,-5.219057,5.219232,-14.742125,-19.961182,1.035e-14,4.920e-15,4.146e-17,1.035e-14,1.00000000
87.400000,-0.027535,-0.029973,-5.206585,5.206744,-14.754597,-19.961181,1.031e-14,5.748e-15,4.065e-17,1.031e-14,1.00000000
87.500000,-0.028321,-0.027149,-5.194962,5.195110,-14.766218,-19.961180,1.041e-14,6.399e-15,4.366e-17,1.041e-14,1.00000000
87.600000,-0.029541,-0.024438,-5.184047,5.184189,-14.777133,-19.961180,1.053e-14,6.669e-15,5.171e-17,1.053e-14,1.00000000
87.700000,-0.031035,-0.021896,-5.173646,5.173786,-14.787533,-19.961179,1.061e-14,6.649e-15,5.944e-17,1.061e-14,1.00000000
87.800000,-0.032666,-0.019577,-5.163552,5.163692,-14.797627,-19.961179,1.157e-14,6.095e-15,6.082e-17,1.157e-14,1.00000000
87.900000,-0.034316,-0.017558,-5.153597,5.153742,-14.807582,-19.961180,1.274e-14,5.775e-15,5.499e-17,1.274e-14,1.00000000
88.000000,-0.035892,-0.015913,-5.143688,5.143838,-14.817492,-19.961180,1.320e-14,6.440e-15,4.551e-17,1.320e-14,1.00000000
88.100000,-0.037330,-0.014683,-5.133781,5.133937,-14.827401,-19.961181,1.467e-14,7.912e-15,3.630e-17,1.467e-14,1.00000000
88.200000,-0.038613,-0.013870,-5.123838,5.124002,-14.837344,-19.961182,1.759e-14,8.704e-15,2.991e-17,1.759e-14,1.00000000
88.300000,-0.039760,-0.013445,-5.113783,5.113955,-14.847400,-19.961183,2.003e-14,8.683e-15,2.637e-17,2.003e-14,1.00000000
88.400000,-0.040816,-0.013379,-5.103489,5.103669,-14.857695,-19.961184,2.045e-14,8.355e-15,2.661e-17,2.045e-14,1.00000000
88.500000,-0.041815,-0.013679,-5.092816,5.093006,-14.868368,-19.961184,1.931e-14,7.863e-15,2.900e-17,1.931e-14,1.00000000
88.600000,-0.042768,-0.014361,-5.081695,5.081895,-14.879489,-19.961184,2.043e-14,7.422e-15,3.182e-17,2.043e-14,1.00000000
88.700000,-0.043625,-0.015380,-5.070188,5.070399,-14.890995,-19.961183,2.237e-14,8.092e-15,3.535e-17,2.237e-14,1.00000000
88.800000,-0.044262,-0.016638,-5.058491,5.058712,-14.902692,-19.961183,2.309e-14,7.917e-15,3.974e-17,2.309e-14,1.00000000
88.900000,-0.044540,-0.018010,-5.046850,5.047079,-14.914332,-19.961182,2.302e-14,7.861e-15,4.800e-17,2.302e-14,1.00000000
89.000000,-0.044403,-0.019364,-5.035476,5.035709,-14.925705,-19.961181,2.290e-14,9.656e-15,6.756e-17,2.290e-14,1.00000000
89.100000,-0.043872,-0.020590,-5.024479,5.024713,-14.936701,-19.961180,2.330e-14,9.809e-15,9.646e-17,2.330e-14,1.00000000
89.200000,-0.042988,-0.021629,-5.013888,5.014119,-14.947291,-19.961179,2.296e-14,7.139e-15,1.220e-16,2.296e-14,1.00000000
89.300000,-0.041793,-0.022436,-5.003733,5.003958,-14.957446,-19.961179,2.111e-14,5.776e-15,1.283e-16,2.111e-14,1.00000000
89.400000,-0.040358,-0.022888,-4.994095,4.994310,-14.967084,-19.961179,2.113e-14,5.790e-15,1.099e-16,2.113e-14,1.00000000
89.500000,-0.038811,-0.022790,-4.985058,4.985261,-14.976122,-19.961179,2.275e-14,6.116e-15,8.590e-17,2.275e-14,1.00000000
89.600000,-0.037323,-0.021977,-4.976652,4.976841,-14.984528,-19.961180,2.428e-14,6.128e-15,6.664e-17,2.428e-14,1.00000000
89.700000,-0.036048,-0.020429,-4.968830,4.969002,-14.992351,-19.961181,2.551e-14,5.366e-15,5.014e-17,2.551e-14,1.00000000
89.800000,-0.035067,-0.018295,-4.961479,4.961637,-14.999703,-19.961182,2.437e-14,4.539e-15,3.845e-17,2.437e-14,1.00000000
89.900000,-0.034405,-0.015802,-4.954494,4.954639,-15.006688,-19.961182,1.999e-14,4.004e-15,3.324e-17,1.999e-14,1.00000000
90.000000,-0.034042,-0.013118,-4.947830,4.947965,-15.013353,-19.961183,1.646e-14,3.742e-15,3.376e-17,1.646e-14,1.00000000
90.100000,-0.033941,-0.010264,-4.941490,4.941617,-15.019693,-19.961183,1.341e-14,3.605e-15,3.954e-17,1.341e-14,1.00000000
90.200000,-0.034100,-0.007166,-4.935483,4.935606,-15.025699,-19.961183,1.092e-14,3.619e-15,4.965e-17,1.092e-14,1.00000000
90.300000,-0.034563,-0.003781,-4.929791,4.929913,-15.031391,-19.961182,9.674e-15,3.914e-15,6.105e-17,9.674e-15,1.00000000
90.400000,-0.035440,-0.000168,-4.924373,4.924501,-15.036808,-19.961182,9.567e-15,5.263e-15,7.156e-17,9.567e-15,1.00000000
90.500000,-0.036832,0.003531,-4.919171,4.919310,-15.042010,-19.961181,9.734e-15,5.869e-15,8.211e-17,9.734e-15,1.00000000
90.600000,-0.038724,0.007148,-4.914117,4.914275,-15.047063,-19.961180,1.072e-14,6.127e-15,9.437e-17,1.072e-14,1.00000000
90.700000,-0.041028,0.010515,-4.909210,4.909392,-15.051970,-19.961179,1.095e-14,6.200e-15,1.067e-16,1.095e-14,1.00000000
90.800000,-0.043647,0.013461,-4.904522,4.904735,-15.056657,-19.961179,1.310e-14,6.249e-15,1.120e-16,1.310e-14,1.00000000
90.900000,-0.046484,0.015814,-4.900109,4.900355,-15.061070,-19.961179,1.629e-14,6.084e-15,1.068e-16,1.629e-14,1.00000000
91.000000,-0.049434,0.017427,-4.895939,4.896219,-15.065241,-19.961179,1.800e-14,5.404e-15,9.449e-17,1.800e-14,1.00000000
91.100000,-0.052363,0.018159,-4.891911,4.892225,-15.069269,-19.961180,2.052e-14,5.249e-15,8.115e-17,2.052e-14,1.00000000
91.200000,-0.055108,0.017873,-4.887931,4.888274,-15.073249,-19.961181,2.215e-14,6.495e-15,6.866e-17,2.215e-14,1.00000000
91.300000,-0.057529,0.016529,-4.884004,4.884370,-15.077178,-19.961181,2.119e-14,8.580e-15,5.774e-17,2.119e-14,1.00000000
91.400000,-0.059560,0.014315,-4.880261,4.880645,-15.080921,-19.961182,2.141e-14,9.664e-15,5.026e-17,2.141e-14,1.00000000
91.500000,-0.061231,0.011617,-4.876898,4.877296,-15.084284,-19.961182,2.479e-14,9.873e-15,4.777e-17,2.479e-14,1.00000000
91.600000,-0.062680,0.008875,-4.874069,4.874480,-15.087114,-19.961183,2.695e-14,9.807e-15,4.973e-17,2.695e-14,1.00000000
91.700000,-0.064064,0.006432,-4.871833,4.872259,-15.089349,-19.961183,2.492e-14,9.642e-15,5.642e-17,2.492e-14,1.00000000
91.800000,-0.065474,0.004451,-4.870167,4.870609,-15.091015,-19.961182,2.186e-14,9.413e-15,6.489e-17,2.186e-14,1.00000000
91.900000,-0.066942,0.002909,-4.868996,4.869457,-15.092185,-19.961182,2.193e-14,8.608e-15,7.389e-17,2.193e-14,1.00000000
92.000000,-0.068460,0.001627,-4.868235,4.868716,-15.092946,-19.961181,2.157e-14,7.920e-15,8.555e-17,2.157e-14,1.00000000
92.100000,-0.069951,0.000442,-4.867820,4.868323,-15.093360,-19.961180,2.074e-14,7.234e-15,1.023e-16,2.074e-14,1.00000000
92.200000,-0.071231,-0.000635,-4.867716,4.868238,-15.093463,-19.961180,2.018e-14,6.748e-15,1.174e-16,2.018e-14,1.00000000
92.300000,-0.072030,-0.001481,-4.867886,4.868419,-15.093294,-19.961179,2.089e-14,5.891e-15,1.262e-16,2.089e-14,1.00000000
92.400000,-0.072068,-0.001994,-4.868297,4.868831,-15.092882,-19.961179,1.919e-14,5.150e-15,1.276e-16,1.919e-14,1.00000000
92.500000,-0.071162,-0.002152,-4.868929,4.869449,-15.092251,-19.961180,1.849e-14,4.561e-15,1.264e-16,1.849e-14,1.00000000
92.600000,-0.069272,-0.001975,-4.869752,4.870245,-15.091428,-19.961180,1.906e-14,4.176e-15,1.257e-16,1.906e-14,1.00000000
92.700000,-0.066528,-0.001466,-4.870749,4.871204,-15.090432,-19.961181,2.114e-14,4.001e-15,1.185e-16,2.114e-14,1.00000000
92.800000,-0.063254,-0.000604,-4.871952,4.872362,-15.089230,-19.961182,2.388e-14,4.045e-15,9.743e-17,2.388e-14,1.00000000
92.900000,-0.059931,0.000594,-4.873399,4.873768,-15.087784,-19.961183,2.475e-14,3.995e-15,7.733e-17,2.475e-14,1.00000000
93.000000,-0.057084,0.002006,-4.875085,4.875420,-15.086098,-19.961183,2.291e-14,4.152e-15,6.695e-17,2.291e-14,1.00000000
93.100000,-0.055086,0.003393,-4.876957,4.877270,-15.084226,-19.961183,1.957e-14,4.415e-15,6.596e-17,1.957e-14,1.00000000
93.200000,-0.054028,0.004469,-4.878940,4.879242,-15.082243,-19.961183,1.624e-14,4.180e-15,7.383e-17,1.624e-14,1.00000000
93.300000,-0.053755,0.005073,-4.880982,4.881281,-15.080200,-19.961183,1.337e-14,3.799e-15,8.937e-17,1.337e-14,1.00000000
93.400000,-0.053949,0.005243,-4.883134,4.883435,-15.078048,-19.961182,1.202e-14,3.822e-15,1.081e-16,1.202e-14,1.00000000
93.500000,-0.054261,0.005132,-4.885513,4.885817,-15.075668,-19.961181,1.153e-14,4.369e-15,1.218e-16,1.153e-14,1.00000000
93.600000,-0.054489,0.004886,-4.888183,4.888489,-15.072997,-19.961180,1.164e-14,4.964e-15,1.199e-16,1.164e-14,1.00000000
93.700000,-0.054632,0.004562,-4.891162,4.891469,-15.070017,-19.961179,1.204e-14,5.592e-15,1.108e-16,1.204e-14,1.00000000
93.800000,-0.054798,0.004114,-4.894519,4.894827,-15.066660,-19.961179,1.525e-14,6.222e-15,1.070e-16,1.525e-14,1.00000000
93.900000,-0.055115,0.003463,-4.898377,4.898689,-15.062801,-19.961179,1.794e-14,6.714e-15,1.104e-16,1.794e-14,1.00000000
94.000000,-0.055660,0.002576,-4.902800,4.903117,-15.058379,-19.961179,2.288e-14,7.646e-15,1.172e-16,2.288e-14,1.00000000
94.100000,-0.056420,0.001512,-4.907715,4.908039,-15.053465,-19.961180,2.289e-14,7.379e-15,1.244e-16,2.289e-14,1.00000000
94.200000,-0.057339,0.000392,-4.913018,4.913352,-15.048163,-19.961181,2.512e-14,6.397e-15,1.249e-16,2.512e-14,1.00000000
94.300000,-0.058400,-0.000621,-4.918680,4.919027,-15.042502,-19.961182,2.665e-14,6.345e-15,1.151e-16,2.665e-14,1.00000000
94.400000,-0.059568,-0.001376,-4.924704,4.925065,-15.036479,-19.961183,2.968e-14,7.033e-15,1.012e-16,2.968e-14,1.00000000
94.500000,-0.060692,-0.001869,-4.931065,4.931439,-15.030119,-19.961184,2.630e-14,8.263e-15,9.278e-17,2.630e-14,1.00000000
94.600000,-0.061575,-0.002333,-4.937711,4.938096,-15.023474,-19.961185,2.693e-14,9.028e-15,9.414e-17,2.693e-14,1.00000000
94.700000,-0.062090,-0.003061,-4.944530,4.944921,-15.016655,-19.961185,2.795e-14,9.359e-15,9.962e-17,2.795e-14,1.00000000
94.800000,-0.062215,-0.004165,-4.951366,4.951759,-15.009818,-19.961184,2.520e-14,9.428e-15,1.052e-16,2.520e-14,1.00000000
94.900000,-0.062055,-0.005523,-4.958133,4.958525,-15.003050,-19.961183,2.266e-14,9.013e-15,1.091e-16,2.266e-14,1.00000000
95.000000,-0.061787,-0.006920,-4.964864,4.965253,-14.996318,-19.961182,1.785e-14,7.579e-15,1.093e-16,1.785e-14,1.00000000
95.100000,-0.061607,-0.008238,-4.971647,4.972036,-14.989534,-19.961181,1.580e-14,6.448e-15,1.108e-16,1.580e-14,1.00000000
95.200000,-0.061734,-0.009454,-4.978578,4.978969,-14.982602,-19.961180,1.655e-14,6.076e-15,1.187e-16,1.655e-14,1.00000000
95.300000,-0.062384,-0.010554,-4.985729,4.986130,-14.975450,-19.961179,1.730e-14,5.594e-15,1.298e-16,1.730e-14,1.00000000
95.400000,-0.063671,-0.011512,-4.993108,4.993527,-14.968070,-19.961178,1.723e-14,5.211e-15,1.359e-16,1.723e-14,1.00000000
95.500000,-0.065587,-0.012346,-5.000697,5.001142,-14.960481,-19.961178,1.765e-14,4.811e-15,1.399e-16,1.765e-14,1.00000000
95.600000,-0.068039,-0.013159,-5.008510,5.008990,-14.952668,-19.961178,1.864e-14,4.205e-15,1.482e-16,1.864e-14,1.00000000
95.700000,-0.070912,-0.014056,-5.016608,5.017129,-14.944571,-19.961179,1.770e-14,3.997e-15,1.555e-16,1.770e-14,1.00000000
95.800000,-0.074099,-0.015010,-5.025062,5.025631,-14.936118,-19.961180,1.720e-14,4.339e-15,1.490e-16,1.720e-14,1.00000000
95.900000,-0.077500,-0.015859,-5.033904,5.034526,-14.927278,-19.961182,1.874e-14,4.302e-15,1.347e-16,1.874e-14,1.00000000
96.000000,-0.081043,-0.016440,-5.043131,5.043809,-14.918052,-19.961184,2.117e-14,3.993e-15,1.212e-16,2.117e-14,1.00000000
96.100000,-0.084721,-0.016731,-5.052742,5.053480,-14.908442,-19.961185,2.182e-14,4.031e-15,1.122e-16,2.182e-14,1.00000000
96.200000,-0.088582,-0.016831,-5.062746,5.063549,-14.898440,-19.961185,2.088e-14,4.161e-15,1.087e-16,2.088e-14,1.00000000
96.300000,-0.092656,-0.016779,-5.073102,5.073976,-14.888084,-19.961186,1.949e-14,4.005e-15,1.105e-16,1.949e-14,1.00000000
96.400000,-0.096960,-0.016487,-5.083683,5.084635,-14.877502,-19.961185,1.824e-14,3.801e-15,1.175e-16,1.824e-14,1.00000000
96.500000,-0.101521,-0.015868,-5.094322,5.095358,-14.866863,-19.961184,1.770e-14,3.946e-15,1.277e-16,1.770e-14,1.00000000
96.600000,-0.106297,-0.014947,-5.104894,5.106022,-14.856289,-19.961183,1.686e-14,4.355e-15,1.426e-16,1.686e-14,1.00000000
96.700000,-0.111035,-0.013842,-5.115384,5.116608,-14.845797,-19.961181,1.814e-14,4.826e-15,1.456e-16,1.814e-14,1.00000000
96.800000,-0.115280,-0.012746,-5.125847,5.127159,-14.835333,-19.961180,1.761e-14,5.614e-15,1.372e-16,1.761e-14,1.00000000
96.900000,-0.118624,-0.011810,-5.136316,5.137699,-14.824863,-19.961179,1.958e-14,6.687e-15,1.343e-16,1.958e-14,1.00000000
97.000000,-0.120892,-0.010983,-5.146767,5.148198,-14.814411,-19.961178,2.232e-14,7.382e-15,1.364e-16,2.232e-14,1.00000000
97.100000,-0.122158,-0.010010,-5.157159,5.158616,-14.804018,-19.961177,2.204e-14,7.441e-15,1.402e-16,2.204e-14,1.00000000
97.200000,-0.122646,-0.008566,-5.167478,5.168940,-14.793700,-19.961178,2.335e-14,6.923e-15,1.459e-16,2.335e-14,1.00000000
97.300000,-0.122552,-0.006383,-5.177715,5.179169,-14.783463,-19.961178,2.700e-14,5.541e-15,1.516e-16,2.700e-14,1.00000000
97.400000,-0.121936,-0.003412,-5.187894,5.189328,-14.773286,-19.961180,2.422e-14,5.035e-15,1.537e-16,2.422e-14,1.00000000
97.500000,-0.120799,0.000145,-5.198092,5.199495,-14.763089,-19.961181,2.483e-14,5.199e-15,1.476e-16,2.483e-14,1.00000000
97.600000,-0.119204,0.003959,-5.208361,5.209727,-14.752821,-19.961182,2.468e-14,6.119e-15,1.366e-16,2.468e-14,1.00000000
97.700000,-0.117282,0.007709,-5.218684,5.220008,-14.742499,-19.961183,2.335e-14,7.221e-15,1.299e-16,2.335e-14,1.00000000
97.800000,-0.115165,0.011204,-5.229029,5.230309,-14.732155,-19.961184,2.152e-14,7.913e-15,1.298e-16,2.152e-14,1.00000000
97.900000,-0.112957,0.014376,-5.239359,5.240596,-14.721825,-19.961184,1.959e-14,8.715e-15,1.325e-16,1.959e-14,1.00000000
98.000000,-0.110712,0.017265,-5.249631,5.250827,-14.711552,-19.961183,1.645e-14,9.320e-15,1.356e-16,1.645e-14,1.00000000
98.100000,-0.108400,0.019976,-5.259791,5.260945,-14.701392,-19.961182,1.532e-14,8.769e-15,1.404e-16,1.532e-14,1.00000000
98.200000,-0.105934,0.022608,-5.269778,5.270891,-14.691403,-19.961181,1.521e-14,7.386e-15,1.432e-16,1.521e-14,1.00000000
98.300000,-0.103201,0.025237,-5.279561,5.280630,-14.681618,-19.961179,1.556e-14,6.328e-15,1.429e-16,1.556e-14,1.00000000
98.400000,-0.100120,0.027935,-5.289092,5.290113,-14.672086,-19.961177,1.595e-14,6.298e-15,1.492e-16,1.595e-14,1.00000000
98.500000,-0.096734,0.030757,-5.298270,5.299243,-14.662906,-19.961176,1.710e-14,6.269e-15,1.600e-16,1.710e-14,1.00000000
98.600000,-0.093226,0.033694,-5.307020,5.307945,-14.654155,-19.961175,1.675e-14,5.987e-15,1.702e-16,1.675e-14,1.00000000
98.700000,-0.089814,0.036621,-5.315339,5.316224,-14.645835,-19.961174,1.706e-14,6.273e-15,1.848e-16,1.706e-14,1.00000000
98.800000,-0.086592,0.039254,-5.323293,5.324142,-14.637881,-19.961174,1.764e-14,6.035e-15,1.937e-16,1.764e-14,1.00000000
98.900000,-0.083477,0.041236,-5.330980,5.331793,-14.630196,-19.961175,1.866e-14,5.221e-15,1.892e-16,1.866e-14,1.00000000
99.000000,-0.080328,0.042305,-5.338485,5.339257,-14.622691,-19.961176,1.893e-14,4.475e-15,1.818e-16,1.893e-14,1.00000000
99.100000,-0.077067,0.042427,-5.345812,5.346536,-14.615366,-19.961178,1.991e-14,4.159e-15,1.688e-16,1.991e-14,1.00000000
99.200000,-0.073745,0.041782,-5.352845,5.353516,-14.608334,-19.961179,2.201e-14,3.960e-15,1.565e-16,2.201e-14,1.00000000
99.300000,-0.070513,0.040637,-5.359440,5.360058,-14.601740,-19.961180,2.269e-14,4.159e-15,1.465e-16,2.269e-14,1.00000000
99.400000,-0.067499,0.039317,-5.365510,5.366079,-14.595671,-19.961181,2.312e-14,4.418e-15,1.421e-16,2.312e-14,1.00000000
99.500000,-0.064694,0.038131,-5.371019,5.371544,-14.590162,-19.961181,2.307e-14,4.269e-15,1.387e-16,2.307e-14,1.00000000
99.600000,-0.061989,0.037257,-5.375959,5.376445,-14.585221,-19.961180,2.310e-14,3.999e-15,1.390e-16,2.310e-14,1.00000000
99.700000,-0.059322,0.036679,-5.380329,5.380781,-14.580850,-19.961180,1.825e-14,4.362e-15,1.456e-16,1.825e-14,1.00000000
99.800000,-0.056735,0.036243,-5.384083,5.384504,-14.577095,-19.961179,1.624e-14,4.851e-15,1.556e-16,1.624e-14,1.00000000
99.900000,-0.054350,0.035772,-5.387154,5.387547,-14.574023,-19.961177,1.711e-14,5.354e-15,1.570e-16,1.711e-14,1.00000000
100.000000,-0.052355,0.035166,-5.389494,5.389863,-14.571683,-19.961176,1.704e-14,5.821e-15,1.537e-16,1.704e-14,1.00000000
100.100000,-0.050928,0.034429,-5.391048,5.391398,-14.570127,-19.961175,1.680e-14,5.626e-15,1.584e-16,1.680e-14,1.00000000
100.200000,-0.050180,0.033639,-5.391774,5.392113,-14.569400,-19.961175,1.921e-14,6.167e-15,1.695e-16,1.921e-14,1.00000000
100.300000,-0.050088,0.032987,-5.391661,5.391994,-14.569514,-19.961175,2.196e-14,6.028e-15,1.779e-16,2.196e-14,1.00000000
100.400000,-0.050445,0.032793,-5.390735,5.391071,-14.570440,-19.961175,2.325e-14,5.527e-15,1.833e-16,2.325e-14,1.00000000
100.500000,-0.050955,0.033415,-5.389046,5.389391,-14.572130,-19.961176,2.118e-14,5.193e-15,1.854e-16,2.118e-14,1.00000000
100.600000,-0.051376,0.035099,-5.386611,5.386971,-14.574566,-19.961177,2.224e-14,5.175e-15,1.889e-16,2.224e-14,1.00000000
100.700000,-0.051598,0.037864,-5.383424,5.383804,-14.577755,-19.961179,2.076e-14,5.399e-15,1.870e-16,2.076e-14,1.00000000
100.800000,-0.051693,0.041441,-5.379470,5.379877,-14.581711,-19.961180,1.850e-14,6.360e-15,1.760e-16,1.850e-14,1.00000000
100.900000,-0.051793,0.045392,-5.374766,5.375208,-14.586415,-19.961181,1.754e-14,7.294e-15,1.650e-16,1.754e-14,1.00000000
101.000000,-0.051946,0.049292,-5.369390,5.369867,-14.591792,-19.961182,1.501e-14,7.941e-15,1.578e-16,1.501e-14,1.00000000
101.100000,-0.052145,0.052945,-5.363439,5.363954,-14.597743,-19.961182,1.535e-14,8.765e-15,1.523e-16,1.535e-14,1.00000000
101.200000,-0.052387,0.056424,-5.356952,5.357505,-14.604229,-19.961181,1.525e-14,9.637e-15,1.480e-16,1.525e-14,1.00000000
101.300000,-0.052659,0.059846,-5.349888,5.350482,-14.611293,-19.961180,1.527e-14,1.104e-14,1.478e-16,1.527e-14,1.00000000
101.400000,-0.052840,0.063298,-5.342220,5.342856,-14.618960,-19.961179,1.559e-14,1.131e-14,1.551e-16,1.559e-14,1.00000000
101.500000,-0.052717,0.066845,-5.333983,5.334662,-14.627195,-19.961178,1.669e-14,9.579e-15,1.640e-16,1.669e-14,1.00000000
101.600000,-0.052048,0.070424,-5.325238,5.325958,-14.635939,-19.961177,1.715e-14,1.047e-14,1.728e-16,1.715e-14,1.00000000
101.700000,-0.050580,0.073833,-5.316139,5.316893,-14.645036,-19.961176,1.801e-14,1.065e-14,1.904e-16,1.801e-14,1.00000000
101.800000,-0.048146,0.076846,-5.306910,5.307684,-14.654265,-19.961175,1.784e-14,1.285e-14,2.078e-16,1.784e-14,1.00000000
101.900000,-0.044746,0.079249,-5.297655,5.298437,-14.663520,-19.961175,1.887e-14,1.462e-14,2.183e-16,1.887e-14,1.00000000
102.000000,-0.040597,0.080838,-5.288379,5.289153,-14.672796,-19.961175,1.951e-14,1.099e-14,2.190e-16,1.951e-14,1.00000000
102.100000,-0.036112,0.081487,-5.279065,5.279817,-14.682111,-19.961176,1.950e-14,5.798e-15,2.076e-16,1.950e-14,1.00000000
102.200000,-0.031843,0.081213,-5.269700,5.270422,-14.691477,-19.961177,1.781e-14,4.230e-15,1.977e-16,1.781e-14,1.00000000
102.300000,-0.028253,0.080196,-5.260318,5.261005,-14.700860,-19.961178,1.720e-14,3.987e-15,1.847e-16,1.720e-14,1.00000000
102.400000,-0.025482,0.078676,-5.251033,5.251684,-14.710147,-19.961180,1.787e-14,3.599e-15,1.742e-16,1.787e-14,1.00000000
102.500000,-0.023349,0.076872,-5.241945,5.242561,-14.719235,-19.961180,1.782e-14,3.457e-15,1.655e-16,1.782e-14,1.00000000
102.600000,-0.021569,0.075014,-5.233045,5.233627,-14.728136,-19.961181,1.842e-14,3.594e-15,1.538e-16,1.842e-14,1.00000000
102.700000,-0.019907,0.073310,-5.224242,5.224794,-14.736939,-19.961180,1.853e-14,3.594e-15,1.500e-16,1.853e-14,1.00000000
102.800000,-0.018217,0.071844,-5.215401,5.215927,-14.745779,-19.961180,1.940e-14,3.723e-15,1.536e-16,1.940e-14,1.00000000
102.900000,-0.016435,0.070629,-5.206350,5.206855,-14.754829,-19.961179,2.274e-14,4.099e-15,1.622e-16,2.274e-14,1.00000000
103.000000,-0.014556,0.069714,-5.196966,5.197454,-14.764212,-19.961178,3.516e-14,4.364e-15,1.734e-16,3.516e-14,1.00000000
103.100000,-0.012655,0.069170,-5.187209,5.187686,-14.773968,-19.961177,6.067e-14,4.782e-15,1.805e-16,6.067e-14,1.00000000
103.200000,-0.010911,0.069000,-5.177115,5.177586,-14.784061,-19.961176,4.580e-14,5.241e-15,1.811e-16,4.580e-14,1.00000000
103.300000,-0.009518,0.069070,-5.166815,5.167286,-14.794360,-19.961176,2.845e-14,5.400e-15,1.849e-16,2.845e-14,1.00000000
103.400000,-0.008657,0.069192,-5.156499,5.156970,-14.804677,-19.961176,4.532e-14,5.865e-15,1.999e-16,4.532e-14,1.00000000
103.500000,-0.008429,0.069203,-5.146321,5.146793,-14.814855,-19.961176,6.934e-14,5.900e-15,2.132e-16,6.934e-14,1.00000000
103.600000,-0.008795,0.068988,-5.136315,5.136786,-14.824862,-19.961177,6.261e-14,5.570e-15,2.150e-16,6.261e-14,1.00000000
103.700000,-0.009554,0.068500,-5.126430,5.126896,-14.834748,-19.961178,3.896e-14,5.893e-15,2.102e-16,3.896e-14,1.00000000
103.800000,-0.010355,0.067842,-5.116618,5.117078,-14.844562,-19.961180,2.446e-14,6.332e-15,2.029e-16,2.446e-14,1.00000000
103.900000,-0.010815,0.067245,-5.106835,5.107289,-14.854346,-19.961181,1.920e-14,6.561e-15,1.911e-16,1.920e-14,1.00000000
104.000000,-0.010703,0.066870,-5.097017,5.097467,-14.864165,-19.961182,1.748e-14,7.338e-15,1.822e-16,1.748e-14,1.00000000
104.100000,-0.009965,0.066639,-5.087168,5.087615,-14.874014,-19.961183,1.758e-14,8.137e-15,1.727e-16,1.758e-14,1.00000000
104.200000,-0.008628,0.066242,-5.077404,5.077844,-14.883778,-19.961183,1.759e-14,9.210e-15,1.656e-16,1.759e-14,1.00000000
104.300000,-0.006757,0.065317,-5.067824,5.068250,-14.893358,-19.961182,1.701e-14,1.065e-14,1.674e-16,1.701e-14,1.00000000
104.400000,-0.004465,0.063678,-5.058425,5.058828,-14.902756,-19.961181,1.643e-14,2.005e-14,1.709e-16,2.005e-14,1.00000000
104.500000,-0.001834,0.061283,-5.049131,5.049503,-14.912049,-19.961180,1.639e-14,5.924e-14,1.753e-16,5.924e-14,1.00000000
104.600000,0.001176,0.058208,-5.039858,5.040194,-14.921321,-19.961179,1.576e-14,9.136e-14,1.804e-16,9.136e-14,1.00000000
104.700000,0.004666,0.054539,-5.030578,5.030876,-14.930600,-19.961178,1.473e-14,6.593e-14,1.845e-16,6.593e-14,1.00000000
104.800000,0.008737,0.050267,-5.021401,5.021660,-14.939776,-19.961177,1.428e-14,3.718e-14,1.954e-16,3.718e-14,1.00000000
104.900000,0.013384,0.045363,-5.012515,5.012739,-14.948661,-19.961176,1.447e-14,2.803e-14,2.074e-16,2.803e-14,1.00000000
105.000000,0.018574,0.039914,-5.004061,5.004255,-14.957115,-19.961176,1.439e-14,4.834e-14,2.203e-16,4.834e-14,1.00000000
105.100000,0.024232,0.034069,-4.996143,4.996318,-14.965033,-19.961176,1.455e-14,6.883e-14,2.326e-16,6.883e-14,1.00000000
105.200000,0.030140,0.027981,-4.988802,4.988971,-14.972375,-19.961177,1.448e-14,4.452e-14,2.289e-16,4.452e-14,1.00000000
105.300000,0.036042,0.021800,-4.981938,4.982116,-14.979240,-19.961178,1.440e-14,1.522e-14,2.159e-16,1.522e-14,1.00000000
105.400000,0.041642,0.015591,-4.975396,4.975594,-14.985784,-19.961180,1.390e-14,5.906e-15,2.066e-16,1.390e-14,1.00000000
105.500000,0.046533,0.009336,-4.968997,4.969224,-14.992183,-19.961181,1.305e-14,5.915e-15,1.908e-16,1.305e-14,1.00000000
105.600000,0.050354,0.003046,-4.962628,4.962884,-14.998554,-19.961182,1.275e-14,6.229e-15,1.793e-16,1.275e-14,1.00000000
105.700000,0.052978,-0.003054,-4.956377,4.956661,-15.004805,-19.961182,1.420e-14,5.964e-15,1.808e-16,1.420e-14,1.00000000
105.800000,0.054593,-0.008463,-4.950452,4.950760,-15.010730,-19.961182,1.722e-14,5.145e-15,1.861e-16,1.722e-14,1.00000000
105.900000,0.055641,-0.012701,-4.944943,4.945273,-15.016238,-19.961181,1.934e-14,4.530e-15,1.827e-16,1.934e-14,1.00000000
106.000000,0.056501,-0.015592,-4.939816,4.940164,-15.021364,-19.961180,5.358e-14,4.197e-15,1.811e-16,5.358e-14,1.00000000
106.100000,0.057125,-0.017211,-4.935062,4.935423,-15.026117,-19.961179,1.736e-13,4.465e-15,1.843e-16,1.736e-13,1.00000000
106.200000,0.057072,-0.017780,-4.930711,4.931074,-15.030466,-19.961177,3.857e-13,5.269e-15,1.868e-16,3.857e-13,1.00000000
