t,Fx,Fy,Fz,Fmag,Lz,Jz,edge_x,edge_y,edge_z,edge_frac,norm
0.000000,-0.000000,-0.000000,-5.998714,5.998714,-0.001286,-6.000000,1.796e-33,1.425e-33,1.242e-25,1.242e-25,1.00000000
0.100000,-0.024090,0.045805,-5.998280,5.998504,-0.001496,-5.999777,2.828e-31,2.816e-31,3.672e-25,3.672e-25,1.00000000
0.200000,-0.139168,0.101331,-5.995891,5.998362,-0.001636,-5.997527,5.163e-31,5.055e-31,1.018e-23,1.018e-23,1.00000000
0.300000,-0.273416,0.067725,-5.991952,5.998569,-0.001414,-5.993366,7.003e-31,6.788e-31,2.694e-21,2.694e-21,1.00000000
0.400000,-0.321512,0.005900,-5.990126,5.998751,-0.001201,-5.991327,8.641e-31,8.569e-31,9.347e-19,9.347e-19,1.00000000
0.500000,-0.332786,0.026380,-5.989314,5.998611,-0.001317,-5.990632,9.755e-31,9.781e-31,8.178e-18,8.178e-18,1.00000000
0.600000,-0.421312,0.091954,-5.982946,5.998466,-0.001450,-5.984396,1.136e-30,1.149e-30,1.825e-17,1.825e-17,1.00000000
0.700000,-0.562289,0.086241,-5.971568,5.998602,-0.001249,-5.972817,1.351e-30,1.342e-30,8.453e-18,8.453e-18,1.00000000
0.800000,-0.639106,0.021664,-5.964569,5.998751,-0.000940,-5.965509,1.314e-29,1.317e-29,2.819e-18,2.819e-18,1.00000000
0.900000,-0.651973,0.014346,-5.963093,5.998646,-0.000882,-5.963975,4.102e-28,4.116e-28,7.152e-18,7.152e-18,1.00000000
1.000000,-0.714083,0.076289,-5.955355,5.998499,-0.000951,-5.956306,3.536e-27,3.538e-27,2.168e-17,2.168e-17,1.00000000
1.100000,-0.848872,0.097501,-5.937378,5.998546,-0.000797,-5.938175,1.572e-26,1.573e-26,1.691e-17,1.691e-17,1.00000000
1.200000,-0.952354,0.043126,-5.922387,5.998625,-0.000418,-5.922805,4.400e-26,4.403e-26,3.344e-18,3.344e-18,1.00000000
1.300000,-0.979851,0.011438,-5.917967,5.998548,-0.000122,-5.918090,6.124e-26,6.129e-26,6.257e-19,6.257e-19,1.00000000
1.400000,-1.020856,0.057074,-5.910658,5.998441,-0.000038,-5.910696,4.357e-26,4.360e-26,1.332e-19,1.332e-19,1.00000000
1.500000,-1.137272,0.098006,-5.888832,5.998444,0.000050,-5.888782,1.972e-26,1.973e-26,7.357e-20,7.357e-20,1.00000000
1.600000,-1.257552,0.063635,-5.864811,5.998457,0.000353,-5.864457,8.207e-27,8.211e-27,1.699e-19,1.699e-19,1.00000000
1.700000,-1.306397,0.016017,-5.854400,5.998411,0.000756,-5.853644,6.073e-27,6.085e-27,3.693e-19,3.693e-19,1.00000000
1.800000,-1.333848,0.036766,-5.848109,5.998406,0.000964,-5.847145,1.017e-26,1.019e-26,6.803e-19,6.803e-19,1.00000000
1.900000,-1.422519,0.086024,-5.826701,5.998450,0.000936,-5.825766,1.341e-26,1.346e-26,8.981e-19,8.981e-19,1.00000000
2.000000,-1.544378,0.076813,-5.795693,5.998422,0.000949,-5.794744,9.759e-27,9.813e-27,1.154e-18,1.154e-18,1.00000000
2.100000,-1.614679,0.026505,-5.776896,5.998368,0.001131,-5.775765,4.346e-27,4.370e-27,3.367e-18,3.367e-18,1.00000000
2.200000,-1.639972,0.022262,-5.769854,5.998435,0.001212,-5.768643,1.563e-27,1.568e-27,1.311e-17,1.311e-17,1.00000000
2.300000,-1.702298,0.068461,-5.751515,5.998536,0.000965,-5.750550,5.741e-28,5.759e-28,1.160e-17,1.160e-17,1.00000000
2.400000,-1.815275,0.083157,-5.716593,5.998464,0.000602,-5.715990,2.237e-28,2.264e-28,5.995e-18,5.995e-18,1.00000000
2.500000,-1.905006,0.042467,-5.687623,5.998326,0.000396,-5.687227,9.258e-29,9.301e-29,3.554e-18,3.554e-18,1.00000000
2.600000,-1.941103,0.018530,-5.675596,5.998384,0.000204,-5.675392,4.198e-29,4.194e-29,8.216e-18,8.216e-18,1.00000000
2.700000,-1.986036,0.051540,-5.659981,5.998531,-0.000265,-5.660246,2.257e-29,2.215e-29,1.170e-17,1.170e-17,1.00000000
2.800000,-2.083600,0.082866,-5.624303,5.998419,-0.000893,-5.625196,1.481e-29,1.453e-29,4.815e-18,4.815e-18,1.00000000
2.900000,-2.186112,0.059720,-5.585277,5.998164,-0.001345,-5.586621,1.285e-29,1.290e-29,1.697e-18,1.697e-18,1.00000000
3.000000,-2.240206,0.024038,-5.564113,5.998204,-0.001635,-5.565748,1.649e-29,1.693e-29,7.390e-19,7.390e-19,1.00000000
3.100000,-2.276622,0.036906,-5.549514,5.998455,-0.002064,-5.551578,2.929e-29,3.045e-29,5.369e-19,5.369e-19,1.00000000
3.200000,-2.353368,0.074703,-5.516929,5.998368,-0.002620,-5.519549,6.344e-29,6.641e-29,3.996e-19,3.996e-19,1.00000000
3.300000,-2.457118,0.072736,-5.471141,5.998008,-0.002942,-5.474082,1.334e-28,1.370e-28,6.556e-19,6.556e-19,1.00000000
3.400000,-2.528919,0.035310,-5.438731,5.998039,-0.002922,-5.441653,2.631e-28,2.721e-28,9.250e-19,9.250e-19,1.00000000
3.500000,-2.564392,0.026407,-5.422590,5.998441,-0.002865,-5.425455,4.878e-28,4.995e-28,1.047e-18,1.047e-18,1.00000000
3.600000,-2.619006,0.060490,-5.396155,5.998445,-0.002927,-5.399082,9.023e-28,9.229e-28,1.078e-18,1.078e-18,1.00000000
3.700000,-2.713374,0.078945,-5.348613,5.998024,-0.002809,-5.351422,1.678e-27,1.688e-27,2.118e-18,2.118e-18,1.00000000
3.800000,-2.799311,0.050183,-5.304488,5.998021,-0.002287,-5.306774,3.048e-27,3.081e-27,1.118e-17,1.118e-17,1.00000000
3.900000,-2.842669,0.024100,-5.282109,5.998502,-0.001622,-5.283731,3.491e-27,3.671e-27,1.398e-17,1.398e-17,1.00000000
4.000000,-2.882334,0.046666,-5.260495,5.998570,-0.001163,-5.261658,3.698e-27,3.031e-27,8.531e-18,8.531e-18,1.00000000
4.100000,-2.963501,0.079740,-5.214240,5.998082,-0.000753,-5.214992,2.895e-26,8.252e-27,4.923e-18,4.923e-18,1.00000000
4.200000,-3.059309,0.066023,-5.158690,5.997984,-0.000044,-5.158735,2.805e-25,5.474e-26,8.401e-18,8.401e-18,1.00000000
4.300000,-3.117070,0.029734,-5.124902,5.998469,0.000852,-5.124050,9.979e-25,2.427e-25,1.310e-17,1.310e-17,1.00000000
4.400000,-3.150856,0.035703,-5.104284,5.998573,0.001487,-5.102797,1.384e-24,5.643e-25,8.064e-18,8.064e-18,1.00000000
4.500000,-3.217231,0.074736,-5.061628,5.998020,0.001828,-5.059800,8.987e-25,6.359e-25,4.082e-18,4.082e-18,1.00000000
4.600000,-3.315184,0.077897,-4.997742,5.997828,0.002282,-4.995460,3.429e-25,3.907e-25,1.966e-18,1.966e-18,1.00000000
4.700000,-3.386700,0.038556,-4.950623,5.998324,0.002925,-4.947698,1.017e-25,1.677e-25,9.271e-19,9.271e-19,1.00000000
4.800000,-3.419348,0.026070,-4.928421,5.998496,0.003318,-4.925103,3.124e-26,6.404e-26,6.907e-19,6.907e-19,1.00000000
4.900000,-3.468496,0.062456,-4.892961,5.997952,0.003271,-4.889690,1.119e-26,2.422e-26,8.191e-19,8.191e-19,1.00000000
5.000000,-3.558111,0.081341,-4.827625,5.997727,0.003150,-4.824475,4.942e-27,9.928e-27,9.312e-19,9.312e-19,1.00000000
5.000000,-3.558111,0.081341,-4.827625,5.997727,0.003150,-4.824475,4.942e-27,9.928e-27,9.312e-19,9.312e-19,1.00000000
5.100000,-3.616641,0.001387,-4.785248,5.998224,0.003471,-4.781777,3.059e-27,5.589e-27,7.940e-19,7.940e-19,1.00000000
5.200000,-3.553927,-0.073025,-4.831711,5.998430,0.004608,-4.827103,2.103e-27,3.669e-27,1.123e-18,1.123e-18,1.00000000
5.300000,-3.479607,0.008361,-4.885453,5.997948,0.005125,-4.880328,1.166e-27,1.969e-27,1.272e-18,1.272e-18,1.00000000
5.400000,-3.523161,0.119842,-4.852476,5.997796,0.004023,-4.848453,5.485e-28,8.883e-28,3.873e-18,3.873e-18,1.00000000
5.500000,-3.596074,0.090426,-4.799988,5.998317,0.002481,-4.797507,2.670e-28,3.984e-28,7.659e-18,7.659e-18,1.00000000
5.600000,-3.553994,0.018706,-4.832317,5.998542,0.001440,-4.830877,1.467e-28,2.090e-28,7.219e-18,7.219e-18,1.00000000
5.700000,-3.462058,0.091691,-4.897264,5.998120,-0.000225,-4.897489,1.178e-28,1.523e-28,5.167e-18,5.167e-18,1.00000000
5.800000,-3.475625,0.240980,-4.882370,5.997965,-0.003463,-4.885833,1.141e-28,1.351e-28,4.066e-18,4.066e-18,1.00000000
5.900000,-3.556434,0.269310,-4.822884,5.998413,-0.007248,-4.830132,1.355e-28,1.577e-28,7.190e-18,7.190e-18,1.00000000
6.000000,-3.543233,0.212488,-4.835650,5.998597,-0.010521,-4.846171,1.844e-28,1.964e-28,7.946e-18,7.946e-18,1.00000000
6.100000,-3.445964,0.271984,-4.901977,5.998169,-0.014049,-4.916026,2.572e-28,2.721e-28,5.171e-18,5.171e-18,1.00000000
6.200000,-3.425727,0.444937,-4.903255,5.997957,-0.018689,-4.921944,5.187e-28,5.019e-28,2.741e-18,2.741e-18,1.00000000
6.300000,-3.500823,0.532010,-4.841591,5.998316,-0.023575,-4.865166,1.052e-27,1.119e-27,1.065e-18,1.065e-18,1.00000000
6.400000,-3.514814,0.502740,-4.834763,5.998466,-0.027590,-4.862354,1.807e-27,1.757e-27,7.569e-19,7.569e-19,1.00000000
6.500000,-3.420020,0.547947,-4.896960,5.998083,-0.031245,-4.928205,4.735e-27,2.529e-27,7.742e-19,7.742e-19,1.00000000
6.600000,-3.360584,0.729201,-4.914193,5.997879,-0.035438,-4.949631,9.975e-27,3.953e-27,7.506e-19,7.506e-19,1.00000000
6.700000,-3.409615,0.869968,-4.857517,5.998148,-0.039502,-4.897019,1.962e-26,5.806e-27,6.924e-19,6.924e-19,1.00000000
6.800000,-3.438541,0.879336,-4.835521,5.998255,-0.042251,-4.877772,3.955e-26,8.475e-27,1.011e-18,1.011e-18,1.00000000
6.900000,-3.349164,0.913545,-4.891279,5.998006,-0.044079,-4.935358,8.205e-26,1.443e-26,1.929e-18,1.929e-18,1.00000000
7.000000,-3.247801,1.087731,-4.923774,5.997909,-0.046285,-4.970059,2.258e-25,2.570e-26,2.782e-18,2.782e-18,1.00000000
7.100000,-3.251338,1.269495,-4.877905,5.998064,-0.048695,-4.926600,3.504e-25,3.308e-26,4.516e-18,4.516e-18,1.00000000
7.200000,-3.277915,1.323554,-4.845689,5.998102,-0.050078,-4.895767,1.415e-24,7.584e-26,5.476e-18,5.476e-18,1.00000000
7.300000,-3.195141,1.354358,-4.892200,5.998069,-0.050615,-4.942814,1.227e-23,5.865e-25,5.400e-18,5.400e-18,1.00000000
7.400000,-3.057272,1.510528,-4.934463,5.998127,-0.052045,-4.986508,5.434e-23,3.455e-24,5.116e-18,5.116e-18,1.00000000
7.500000,-3.005451,1.715849,-4.899017,5.998103,-0.054784,-4.953801,1.105e-22,1.076e-23,3.954e-18,3.954e-18,1.00000000
7.600000,-3.013266,1.813407,-4.858751,5.997973,-0.057349,-4.916101,1.140e-22,1.642e-23,4.806e-18,4.806e-18,1.00000000
7.700000,-2.934961,1.849129,-4.893225,5.998077,-0.059278,-4.952503,6.766e-23,1.270e-23,4.252e-18,4.252e-18,1.00000000
7.800000,-2.768038,1.980794,-4.939001,5.998276,-0.062443,-5.001445,2.761e-23,6.023e-24,2.499e-18,2.499e-18,1.00000000
7.900000,-2.655608,2.189639,-4.912216,5.998053,-0.067806,-4.980022,9.824e-24,2.335e-24,1.379e-18,1.379e-18,1.00000000
8.000000,-2.626319,2.321131,-4.866928,5.997681,-0.073568,-4.940495,3.596e-24,9.079e-25,9.365e-19,9.365e-19,1.00000000
8.100000,-2.542896,2.365285,-4.890190,5.997904,-0.078399,-4.968590,1.384e-24,3.678e-25,7.361e-19,7.361e-19,1.00000000
8.200000,-2.350208,2.465394,-4.937448,5.998336,-0.084013,-5.021460,5.445e-25,1.514e-25,6.020e-19,6.020e-19,1.00000000
8.300000,-2.172866,2.653753,-4.920573,5.997982,-0.091820,-5.012392,2.170e-25,6.139e-26,6.534e-19,6.534e-19,1.00000000
8.400000,-2.087561,2.800096,-4.875460,5.997379,-0.099807,-4.975267,8.681e-26,2.378e-26,8.337e-19,8.337e-19,1.00000000
8.500000,-1.985085,2.848052,-4.890895,5.997734,-0.105838,-4.996733,3.517e-26,9.116e-27,2.061e-18,2.061e-18,1.00000000
8.600000,-1.768884,2.906920,-4.939857,5.998443,-0.111271,-5.051127,1.456e-26,3.959e-27,3.090e-18,3.090e-18,1.00000000
8.700000,-1.529142,3.048203,-4.934208,5.998018,-0.118015,-5.052223,6.529e-27,1.936e-27,3.392e-18,3.392e-18,1.00000000
8.800000,-1.377447,3.183023,-4.892624,5.997230,-0.124432,-5.017056,3.270e-27,1.133e-27,3.840e-18,3.840e-18,1.00000000
8.900000,-1.246314,3.224221,-4.901386,5.997706,-0.128215,-5.029601,2.540e-27,8.795e-28,4.711e-18,4.711e-18,1.00000000
9.000000,-1.014445,3.234481,-4.949030,5.998656,-0.130540,-5.079571,3.080e-27,9.301e-28,4.775e-18,4.775e-18,1.00000000
9.100000,-0.728057,3.307215,-4.950799,5.998178,-0.133947,-5.084745,3.524e-27,1.149e-27,2.831e-18,2.831e-18,1.00000000
9.200000,-0.514885,3.403247,-4.911184,5.997243,-0.137595,-5.048779,7.769e-27,1.362e-27,2.631e-18,2.631e-18,1.00000000
9.300000,-0.353528,3.423325,-4.912108,5.997745,-0.139298,-5.051406,1.827e-26,1.773e-27,2.680e-18,2.680e-18,1.00000000
9.400000,-0.116910,3.379669,-4.954735,5.998769,-0.139899,-5.094634,4.103e-26,3.522e-27,1.913e-18,1.913e-18,1.00000000
9.500000,0.193137,3.368034,-4.959567,5.998188,-0.142263,-5.101829,1.478e-25,8.452e-27,1.388e-18,1.388e-18,1.00000000
9.600000,0.451903,3.397837,-4.920956,5.997109,-0.146179,-5.067135,3.598e-25,1.472e-26,1.017e-18,1.017e-18,1.00000000
9.700000,0.638585,3.376522,-4.915567,5.997624,-0.149491,-5.065058,5.788e-25,3.022e-26,7.429e-19,7.429e-19,1.00000000
9.800000,0.867216,3.270705,-4.953243,5.998682,-0.152622,-5.105865,1.032e-24,6.636e-26,6.600e-19,6.600e-19,1.00000000
9.900000,1.172405,3.161415,-4.960540,5.998003,-0.158387,-5.118927,1.988e-24,1.344e-25,7.829e-19,7.829e-19,1.00000000
10.000000,1.449073,3.099067,-4.925339,5.996915,-0.166805,-5.092144,3.570e-24,2.647e-25,9.315e-19,9.315e-19,1.00000000
10.000000,1.449073,3.099067,-4.925339,5.996915,-0.166805,-5.092144,3.570e-24,2.647e-25,9.315e-19,9.315e-19,1.00000000
10.100000,1.644281,3.014111,-4.917543,5.997562,-0.175735,-5.093278,6.251e-24,5.303e-25,1.803e-18,1.803e-18,1.00000000
10.200000,1.841762,2.843525,-4.950300,5.998599,-0.185164,-5.135464,9.930e-24,8.349e-25,3.150e-18,3.150e-18,1.00000000
10.300000,2.096679,2.643357,-4.958865,5.997811,-0.197111,-5.155976,1.414e-23,2.028e-24,2.610e-18,2.610e-18,1.00000000
10.400000,2.338363,2.489360,-4.929255,5.996867,-0.211138,-5.140393,4.283e-23,2.529e-23,2.745e-18,2.745e-18,1.00000000
10.500000,2.501115,2.342159,-4.922504,5.997694,-0.225244,-5.147747,2.179e-22,1.618e-22,3.069e-18,3.069e-18,1.00000000
10.600000,2.635602,2.120417,-4.953885,5.998628,-0.239262,-5.193147,7.164e-22,5.107e-22,3.962e-18,3.962e-18,1.00000000
10.700000,2.809479,1.851321,-4.965129,5.997755,-0.254473,-5.219602,1.273e-21,8.714e-22,3.120e-18,3.120e-18,1.00000000
10.800000,2.988382,1.623490,-4.939418,5.996999,-0.270259,-5.209677,1.200e-21,7.970e-22,1.615e-18,1.615e-18,1.00000000
10.900000,3.101625,1.427684,-4.931214,5.997936,-0.285252,-5.216467,6.525e-22,4.295e-22,1.645e-18,1.645e-18,1.00000000
11.000000,3.164771,1.177729,-4.958000,5.998715,-0.299617,-5.257617,2.572e-22,1.703e-22,1.468e-18,1.468e-18,1.00000000
11.100000,3.245271,0.872098,-4.967920,5.997714,-0.314342,-5.282262,9.522e-23,6.298e-23,1.041e-18,1.041e-18,1.00000000
11.200000,3.342812,0.597746,-4.942917,5.997010,-0.328800,-5.271717,3.707e-23,2.410e-23,8.077e-19,8.077e-19,1.00000000
11.300000,3.393139,0.371793,-4.931962,5.997989,-0.342096,-5.274059,1.509e-23,9.496e-24,8.440e-19,8.440e-19,1.00000000
11.400000,3.381202,0.115580,-4.953577,5.998650,-0.354787,-5.308364,6.421e-24,3.813e-24,7.580e-19,7.580e-19,1.00000000
11.500000,3.363947,-0.195309,-4.961411,5.997490,-0.367880,-5.329291,2.949e-24,1.571e-24,6.948e-19,6.948e-19,1.00000000
11.600000,3.368433,-0.485840,-4.937546,5.996811,-0.380632,-5.318178,1.433e-24,6.567e-25,9.021e-19,9.021e-19,1.00000000
11.700000,3.344823,-0.719712,-4.926357,5.997902,-0.392294,-5.318651,7.055e-25,2.668e-25,1.556e-18,1.556e-18,1.00000000
11.800000,3.255613,-0.959527,-4.945982,5.998537,-0.403816,-5.349798,3.939e-25,1.078e-25,2.666e-18,2.666e-18,1.00000000
11.900000,3.142123,-1.244313,-4.954502,5.997362,-0.416371,-5.370874,3.201e-25,4.812e-26,2.041e-18,2.041e-18,1.00000000
12.000000,3.050626,-1.517374,-4.934864,5.996801,-0.429100,-5.363964,3.975e-25,2.691e-26,1.689e-18,1.689e-18,1.00000000
12.100000,2.949310,-1.732004,-4.927160,5.997931,-0.441216,-5.368376,4.986e-25,2.072e-26,2.222e-18,2.222e-18,1.00000000
12.200000,2.787720,-1.931571,-4.947717,5.998521,-0.453770,-5.401487,6.422e-25,2.252e-26,3.395e-18,3.395e-18,1.00000000
12.300000,2.591081,-2.162691,-4.957698,5.997475,-0.467884,-5.425583,6.033e-25,2.835e-26,2.518e-18,2.518e-18,1.00000000
12.400000,2.416502,-2.389148,-4.941331,5.997021,-0.482581,-5.423913,6.121e-25,6.184e-26,1.217e-18,1.217e-18,1.00000000
12.500000,2.249054,-2.560615,-4.935705,5.998015,-0.496822,-5.432527,8.683e-25,1.603e-25,1.401e-18,1.401e-18,1.00000000
12.600000,2.031927,-2.701605,-4.955272,5.998510,-0.511357,-5.466629,1.192e-24,5.483e-25,1.308e-18,1.308e-18,1.00000000
12.700000,1.775295,-2.860934,-4.963399,5.997662,-0.527183,-5.490582,1.754e-24,1.422e-24,1.183e-18,1.183e-18,1.00000000
12.800000,1.540520,-3.021174,-4.946368,5.997270,-0.543512,-5.489880,2.615e-24,2.946e-24,9.259e-19,9.259e-19,1.00000000
12.900000,1.326722,-3.132121,-4.940215,5.998008,-0.559143,-5.499358,4.205e-24,6.168e-24,7.646e-19,7.646e-19,1.00000000
13.000000,1.074811,-3.201155,-4.957565,5.998338,-0.574443,-5.532007,7.244e-24,1.132e-23,6.448e-19,6.448e-19,1.00000000
13.100000,0.782244,-3.276108,-4.962588,5.997672,-0.590378,-5.552966,1.439e-23,1.926e-23,8.789e-19,8.789e-19,1.00000000
13.200000,0.511533,-3.356370,-4.943849,5.997377,-0.606579,-5.550427,2.849e-23,3.514e-23,1.186e-18,1.186e-18,1.00000000
13.300000,0.273952,-3.393800,-4.937762,5.997868,-0.621864,-5.559626,5.251e-23,6.382e-23,1.218e-18,1.218e-18,1.00000000
13.400000,0.010827,-3.380137,-4.954866,5.998011,-0.636324,-5.591190,7.172e-23,9.784e-23,1.770e-18,1.770e-18,1.00000000
13.500000,-0.290977,-3.361048,-4.958805,5.997588,-0.650988,-5.609794,1.625e-22,2.384e-22,1.399e-18,1.399e-18,1.00000000
13.600000,-0.570221,-3.352210,-4.940419,5.997516,-0.666057,-5.606475,8.237e-22,1.128e-21,1.166e-18,1.166e-18,1.00000000
13.700000,-0.804825,-3.309573,-4.936908,5.997840,-0.680752,-5.617660,3.500e-21,3.888e-21,1.999e-18,1.999e-18,1.00000000
13.800000,-1.050480,-3.210300,-4.956275,5.997850,-0.695181,-5.651456,8.315e-21,7.097e-21,2.811e-18,2.811e-18,1.00000000
13.900000,-1.330820,-3.096879,-4.960858,5.997654,-0.710413,-5.671270,1.051e-20,7.330e-21,2.375e-18,2.375e-18,1.00000000
14.000000,-1.590054,-3.001236,-4.943416,5.997754,-0.726946,-5.670362,7.402e-21,4.804e-21,1.145e-18,1.145e-18,1.00000000
14.100000,-1.796234,-2.885545,-4.941890,5.997925,-0.744235,-5.686125,3.408e-21,2.292e-21,1.103e-18,1.103e-18,1.00000000
14.200000,-1.998330,-2.712581,-4.962099,5.997820,-0.762236,-5.724335,1.298e-21,9.372e-22,1.020e-18,1.020e-18,1.00000000
14.300000,-2.230212,-2.518400,-4.965544,5.997734,-0.781727,-5.747271,4.856e-22,3.664e-22,8.735e-19,8.735e-19,1.00000000
14.400000,-2.446199,-2.349032,-4.947019,5.997903,-0.803018,-5.750037,1.890e-22,1.454e-22,9.050e-19,9.050e-19,1.00000000
14.500000,-2.605589,-2.175454,-4.945071,5.997952,-0.825517,-5.770589,7.923e-23,6.350e-23,9.031e-19,9.031e-19,1.00000000
14.600000,-2.745319,-1.948047,-4.964031,5.997772,-0.848977,-5.813008,3.984e-23,3.453e-23,8.615e-19,8.615e-19,1.00000000
14.700000,-2.907307,-1.692489,-4.965474,5.997740,-0.873836,-5.839310,2.473e-23,2.441e-23,9.085e-19,9.085e-19,1.00000000
14.800000,-3.060737,-1.465165,-4.945714,5.997908,-0.900072,-5.845785,1.762e-23,1.904e-23,1.102e-18,1.102e-18,1.00000000
14.900000,-3.158798,-1.249627,-4.943131,5.997843,-0.926834,-5.869965,1.523e-23,1.573e-23,1.442e-18,1.442e-18,1.00000000
15.000000,-3.221668,-0.988811,-4.961322,5.997634,-0.953585,-5.914907,1.760e-23,1.519e-23,1.835e-18,1.835e-18,1.00000000
15.100000,-3.295637,-0.695015,-4.962676,5.997702,-0.980527,-5.943203,2.176e-23,1.706e-23,1.755e-18,1.755e-18,1.00000000
15.200000,-3.368507,-0.429538,-4.944020,5.997889,-1.007427,-5.951447,2.429e-23,1.806e-23,1.216e-18,1.216e-18,1.00000000
15.300000,-3.392509,-0.191173,-4.942404,5.997751,-1.033313,-5.975717,2.311e-23,1.579e-23,1.508e-18,1.508e-18,1.00000000
15.400000,-3.369447,0.077445,-4.961061,5.997607,-1.057763,-6.018824,2.604e-23,1.367e-23,2.534e-18,2.534e-18,1.00000000
15.500000,-3.345158,0.378585,-4.963922,5.997828,-1.081351,-6.045274,3.314e-23,1.180e-23,2.817e-18,2.817e-18,1.00000000
15.600000,-3.327271,0.653763,-4.947496,5.997988,-1.104288,-6.051784,5.953e-23,1.753e-23,1.258e-18,1.258e-18,1.00000000
15.700000,-3.273396,0.889785,-4.946315,5.997739,-1.125964,-6.072280,1.546e-22,2.757e-23,7.058e-19,7.058e-19,1.00000000
15.800000,-3.168510,1.137456,-4.963738,5.997663,-1.146316,-6.110054,2.420e-22,3.035e-23,8.010e-19,8.010e-19,1.00000000
15.900000,-3.051937,1.412363,-4.966584,5.998003,-1.166325,-6.132909,1.874e-22,3.849e-23,8.889e-19,8.889e-19,1.00000000
16.000000,-2.947186,1.666365,-4.951186,5.998076,-1.186567,-6.137753,1.135e-22,9.282e-23,9.316e-19,9.316e-19,1.00000000
16.100000,-2.821817,1.875896,-4.948802,5.997689,-1.206569,-6.155371,9.941e-23,2.052e-22,7.921e-19,7.921e-19,1.00000000
16.200000,-2.648559,2.079470,-4.963138,5.997650,-1.226193,-6.189332,1.362e-22,3.604e-22,7.084e-19,7.084e-19,1.00000000
16.300000,-2.455480,2.301185,-4.965059,5.998053,-1.246302,-6.211362,1.994e-22,5.620e-22,7.618e-19,7.618e-19,1.00000000
16.400000,-2.275445,2.507778,-4.950752,5.998045,-1.267430,-6.218182,2.886e-22,8.304e-22,8.595e-19,8.595e-19,1.00000000
16.500000,-2.089109,2.670477,-4.947238,5.997582,-1.289047,-6.236285,4.129e-22,1.204e-21,9.692e-19,9.692e-19,1.00000000
16.600000,-1.863890,2.811839,-4.958872,5.997578,-1.310753,-6.269625,5.944e-22,1.628e-21,1.660e-18,1.660e-18,1.00000000
16.700000,-1.614405,2.958451,-4.961563,5.997987,-1.332943,-6.294505,3.064e-21,2.966e-21,2.227e-18,2.227e-18,1.00000000
16.800000,-1.375507,3.094000,-4.950801,5.997941,-1.355762,-6.306563,1.288e-20,9.132e-21,1.240e-18,1.240e-18,1.00000000
16.900000,-1.142381,3.191001,-4.948019,5.997534,-1.378645,-6.326664,2.595e-20,1.817e-20,1.500e-18,1.500e-18,1.00000000
17.000000,-0.885377,3.255966,-4.958443,5.997613,-1.401154,-6.359597,3.496e-20,1.796e-20,2.069e-18,2.069e-18,1.00000000
17.100000,-0.605946,3.312094,-4.963732,5.997981,-1.423302,-6.387034,2.965e-20,1.136e-20,2.603e-18,2.603e-18,1.00000000
17.200000,-0.333180,3.359346,-4.957735,5.997945,-1.444962,-6.402697,1.672e-20,6.029e-21,1.923e-18,1.923e-18,1.00000000
17.300000,-0.075125,3.378306,-4.955170,5.997692,-1.466011,-6.421181,7.332e-21,2.971e-21,7.545e-19,7.545e-19,1.00000000
17.400000,0.188008,3.363037,-4.962693,5.997806,-1.486562,-6.449255,2.929e-21,1.408e-21,6.274e-19,6.274e-19,1.00000000
17.500000,0.465089,3.327624,-4.968575,5.998010,-1.506663,-6.475238,1.156e-21,6.552e-22,6.922e-19,6.922e-19,1.00000000
17.600000,0.739472,3.282624,-4.965147,5.997926,-1.526102,-6.491248,4.720e-22,3.336e-22,7.444e-19,7.444e-19,1.00000000
17.700000,0.996079,3.221014,-4.960512,5.997815,-1.545227,-6.505739,2.206e-22,2.239e-22,7.517e-19,7.517e-19,1.00000000
17.800000,1.240867,3.131162,-4.963027,5.997964,-1.564768,-6.527795,1.351e-22,1.959e-22,6.330e-19,6.330e-19,1.00000000
17.900000,1.486603,3.014235,-4.967918,5.997984,-1.584828,-6.552745,1.145e-22,2.122e-22,6.219e-19,6.219e-19,1.00000000
18.000000,1.731780,2.882638,-4.966365,5.997787,-1.604847,-6.571212,1.161e-22,2.634e-22,8.821e-19,8.821e-19,1.00000000
18.100000,1.961898,2.743329,-4.959700,5.997793,-1.625236,-6.584936,1.305e-22,3.578e-22,1.260e-18,1.260e-18,1.00000000
18.200000,2.168401,2.587880,-4.957549,5.998032,-1.647084,-6.604633,1.537e-22,4.782e-22,1.195e-18,1.195e-18,1.00000000
18.300000,2.359739,2.404738,-4.962214,5.997891,-1.670462,-6.632676,1.767e-22,5.702e-22,1.436e-18,1.436e-18,1.00000000
18.400000,2.547538,2.199311,-4.964227,5.997539,-1.694221,-6.658449,2.112e-22,5.998e-22,1.445e-18,1.445e-18,1.00000000
18.500000,2.725748,1.990109,-4.958018,5.997681,-1.718377,-6.676395,2.824e-22,5.822e-22,1.500e-18,1.500e-18,1.00000000
18.600000,2.875661,1.780367,-4.953585,5.998094,-1.744148,-6.697733,4.412e-22,5.178e-22,1.398e-18,1.398e-18,1.00000000
18.700000,2.994626,1.550660,-4.960039,5.997860,-1.771551,-6.731590,6.446e-22,5.013e-22,1.612e-18,1.612e-18,1.00000000
18.800000,3.101741,1.292770,-4.967574,5.997403,-1.798827,-6.766402,1.366e-21,6.750e-22,1.807e-18,1.807e-18,1.00000000
18.900000,3.205511,1.030541,-4.963422,5.997739,-1.825510,-6.788931,2.871e-21,8.665e-22,9.748e-19,9.748e-19,1.00000000
19.000000,3.285487,0.783699,-4.956974,5.998349,-1.852952,-6.809926,3.807e-21,7.429e-22,7.180e-19,7.180e-19,1.00000000
19.100000,3.324842,0.532738,-4.963665,5.998029,-1.881449,-6.845114,2.922e-21,5.269e-22,5.737e-19,5.737e-19,1.00000000
19.200000,3.340939,0.253413,-4.974243,5.997431,-1.909171,-6.883414,1.726e-21,5.186e-22,5.360e-19,5.360e-19,1.00000000
19.300000,3.357384,-0.034398,-4.969979,5.997825,-1.935428,-6.905407,1.436e-21,7.173e-22,5.506e-19,5.506e-19,1.00000000
19.400000,3.361374,-0.295931,-4.959431,5.998530,-1.961717,-6.921148,1.842e-21,1.058e-21,5.606e-19,5.606e-19,1.00000000
19.500000,3.323466,-0.542436,-4.963661,5.998133,-1.988793,-6.952454,2.742e-21,1.756e-21,6.074e-19,6.074e-19,1.00000000
19.600000,3.249671,-0.810817,-4.975027,5.997389,-2.015043,-6.990070,3.962e-21,3.004e-21,8.892e-19,8.892e-19,1.00000000
19.700000,3.174080,-1.093483,-4.970197,5.997778,-2.039568,-7.009765,4.995e-21,4.537e-21,1.189e-18,1.189e-18,1.00000000
19.800000,3.099444,-1.346838,-4.956012,5.998548,-2.063751,-7.019762,5.687e-21,6.279e-21,9.238e-19,9.238e-19,1.00000000
19.900000,2.990333,-1.567097,-4.957759,5.998104,-2.088629,-7.046388,9.130e-21,1.202e-20,8.683e-19,8.683e-19,1.00000000
20.000000,2.835592,-1.795287,-4.970275,5.997272,-2.112849,-7.083124,2.147e-20,2.312e-20,1.286e-18,1.286e-18,1.00000000
20.100000,2.671472,-2.040460,-4.967091,5.997686,-2.135327,-7.102418,3.377e-20,2.700e-20,1.521e-18,1.521e-18,1.00000000
20.200000,2.519762,-2.259970,-4.952277,5.998476,-2.157271,-7.109548,3.363e-20,2.271e-20,1.505e-18,1.505e-18,1.00000000
20.300000,2.348908,-2.433216,-4.953571,5.997980,-2.179930,-7.133501,2.455e-20,1.500e-20,1.076e-18,1.076e-18,1.00000000
20.400000,2.130641,-2.595465,-4.968937,5.997200,-2.202313,-7.171250,1.370e-20,7.662e-21,1.054e-18,1.054e-18,1.00000000
20.500000,1.893840,-2.772179,-4.970028,5.997731,-2.223398,-7.193425,6.378e-21,3.581e-21,8.949e-19,8.949e-19,1.00000000
20.600000,1.676782,-2.932405,-4.956932,5.998481,-2.244243,-7.201175,2.755e-21,1.809e-21,6.051e-19,6.051e-19,1.00000000
20.700000,1.460964,-3.043134,-4.957857,5.997952,-2.266131,-7.223988,1.219e-21,1.113e-21,4.590e-19,4.590e-19,1.00000000
20.800000,1.205995,-3.125547,-4.974426,5.997365,-2.288284,-7.262710,5.856e-22,8.180e-22,4.457e-19,4.457e-19,1.00000000
20.900000,0.925033,-3.215469,-4.978043,5.997987,-2.309726,-7.287769,3.588e-22,7.033e-22,4.988e-19,4.988e-19,1.00000000
21.000000,0.664990,-3.300402,-4.964639,5.998542,-2.331279,-7.295918,3.228e-22,6.535e-22,5.437e-19,5.437e-19,1.00000000
21.100000,0.425564,-3.342360,-4.962079,5.997892,-2.354029,-7.316108,3.714e-22,7.309e-22,5.866e-19,5.866e-19,1.00000000
21.200000,0.162291,-3.343082,-4.976644,5.997459,-2.377189,-7.353833,5.003e-22,9.703e-22,7.584e-19,7.584e-19,1.00000000
21.300000,-0.131260,-3.339264,-4.980947,5.998145,-2.399829,-7.380776,6.946e-22,1.287e-21,9.309e-19,9.309e-19,1.00000000
21.400000,-0.409084,-3.339037,-4.966405,5.998474,-2.422642,-7.389047,9.229e-22,1.602e-21,8.628e-19,8.628e-19,1.00000000
21.500000,-0.651925,-3.308926,-4.959650,5.997677,-2.446452,-7.406102,1.165e-21,1.943e-21,7.769e-19,7.769e-19,1.00000000
21.600000,-0.898466,-3.231042,-4.972152,5.997431,-2.470302,-7.442454,1.636e-21,2.325e-21,9.508e-19,9.508e-19,1.00000000
21.700000,-1.173426,-3.133245,-4.978447,5.998258,-2.493338,-7.471785,1.661e-21,2.784e-21,1.059e-18,1.059e-18,1.00000000
21.800000,-1.440882,-3.042371,-4.964726,5.998389,-2.516351,-7.481077,1.592e-21,3.081e-21,1.143e-18,1.143e-18,1.00000000
21.900000,-1.665397,-2.939166,-4.955513,5.997445,-2.539983,-7.495496,1.936e-21,3.430e-21,1.117e-18,1.117e-18,1.00000000
22.000000,-1.871366,-2.790798,-4.967725,5.997404,-2.563116,-7.530842,3.502e-21,3.692e-21,6.312e-19,6.312e-19,1.00000000
22.100000,-2.096340,-2.608458,-4.978169,5.998405,-2.585173,-7.563342,5.596e-21,3.885e-21,6.050e-19,6.050e-19,1.00000000
22.200000,-2.322136,-2.431936,-4.967312,5.998401,-2.607382,-7.574694,5.815e-21,3.829e-21,5.253e-19,5.253e-19,1.00000000
22.300000,-2.505493,-2.262940,-4.956850,5.997396,-2.630484,-7.587334,4.156e-21,2.899e-21,4.433e-19,4.433e-19,1.00000000
22.400000,-2.651877,-2.061371,-4.968746,5.997511,-2.653364,-7.622110,2.846e-21,1.981e-21,4.406e-19,4.406e-19,1.00000000
22.500000,-2.802978,-1.817437,-4.982285,5.998577,-2.675639,-7.657924,2.695e-21,1.629e-21,4.407e-19,4.407e-19,1.00000000
22.600000,-2.961586,-1.574809,-4.972982,5.998464,-2.698811,-7.671793,3.287e-21,1.800e-21,4.407e-19,4.407e-19,1.00000000
22.700000,-3.086560,-1.356792,-4.959994,5.997439,-2.723642,-7.683635,4.454e-21,2.481e-21,4.970e-19,4.970e-19,1.00000000
22.800000,-3.163732,-1.124346,-4.969702,5.997608,-2.748869,-7.718571,5.928e-21,3.435e-21,7.025e-19,7.025e-19,1.00000000
22.900000,-3.228759,-0.847381,-4.984040,5.998633,-2.773882,-7.757922,7.352e-21,4.423e-21,8.686e-19,8.686e-19,1.00000000
23.000000,-3.303633,-0.564190,-4.974775,5.998390,-2.800055,-7.774830,8.814e-21,5.537e-21,7.784e-19,7.784e-19,1.00000000
23.100000,-3.358437,-0.316438,-4.958754,5.997372,-2.828045,-7.786799,1.172e-20,1.122e-20,7.344e-19,7.344e-19,1.00000000
23.200000,-3.362094,-0.074702,-4.966088,5.997607,-2.856429,-7.822518,1.863e-20,3.049e-20,9.206e-19,9.206e-19,1.00000000
23.300000,-3.335323,0.206755,-4.981532,5.998566,-2.884141,-7.865673,2.382e-20,4.432e-20,1.027e-18,1.027e-18,1.00000000
23.400000,-3.315174,0.502790,-4.973510,5.998248,-2.912130,-7.885640,2.024e-20,3.450e-20,1.058e-18,1.058e-18,1.00000000
23.500000,-3.290956,0.758945,-4.956007,5.997366,-2.941019,-7.897025,1.275e-20,1.833e-20,9.912e-19,9.912e-19,1.00000000
23.600000,-3.220340,0.987733,-4.962460,5.997684,-2.969516,-7.931976,7.045e-21,8.387e-21,6.779e-19,6.779e-19,1.00000000
23.700000,-3.102948,1.243440,-4.980707,5.998489,-2.996280,-7.976987,3.995e-21,4.306e-21,5.522e-19,5.522e-19,1.00000000
23.800000,-2.984955,1.520179,-4.975630,5.998149,-3.021977,-7.997607,2.535e-21,2.745e-21,5.054e-19,5.054e-19,1.00000000
23.900000,-2.880325,1.759279,-4.957704,5.997513,-3.047591,-8.005295,1.779e-21,2.021e-21,4.043e-19,4.043e-19,1.00000000
24.000000,-2.743465,1.952542,-4.963441,5.997897,-3.072512,-8.035953,1.424e-21,1.768e-21,3.826e-19,3.826e-19,1.00000000
24.100000,-2.550285,2.154029,-4.983750,5.998463,-3.095656,-8.079405,1.434e-21,1.809e-21,4.116e-19,4.116e-19,1.00000000
24.200000,-2.347393,2.379659,-4.980383,5.998104,-3.117642,-8.098025,1.407e-21,1.908e-21,4.459e-19,4.459e-19,1.00000000
24.300000,-2.173129,2.576788,-4.960860,5.997705,-3.139844,-8.100705,1.286e-21,1.905e-21,5.003e-19,5.003e-19,1.00000000
24.400000,-1.986816,2.717152,-4.964555,5.998097,-3.162304,-8.126859,1.256e-21,1.904e-21,6.406e-19,6.406e-19,1.00000000
24.500000,-1.742279,2.844952,-4.985111,5.998385,-3.184113,-8.169225,1.299e-21,2.146e-21,5.877e-19,5.877e-19,1.00000000
24.600000,-1.477510,2.995283,-4.982018,5.997938,-3.205583,-8.187602,1.481e-21,2.686e-21,5.760e-19,5.760e-19,1.00000000
24.700000,-1.250558,3.130515,-4.960698,5.997711,-3.228026,-8.188724,1.901e-21,3.360e-21,6.160e-19,6.160e-19,1.00000000
24.800000,-1.033077,3.206573,-4.962708,5.998152,-3.251670,-8.214378,2.525e-21,4.398e-21,9.175e-19,9.175e-19,1.00000000
24.900000,-0.762895,3.249687,-4.983621,5.998246,-3.275503,-8.259123,3.229e-21,5.857e-21,1.041e-18,1.041e-18,1.00000000
25.000000,-0.463212,3.308260,-4.981321,5.997725,-3.299339,-8.280660,4.734e-21,6.675e-21,9.285e-19,9.285e-19,1.00000000
25.100000,-0.204347,3.366058,-4.959827,5.997665,-3.324112,-8.283939,7.075e-21,7.246e-21,7.882e-19,7.882e-19,1.00000000
25.200000,0.024835,3.369984,-4.961970,5.998213,-3.349999,-8.311969,1.124e-20,9.322e-21,7.390e-19,7.390e-19,1.00000000
25.300000,0.293828,3.324001,-4.984304,5.998217,-3.375975,-8.360279,1.075e-20,1.352e-20,7.679e-19,7.679e-19,1.00000000
25.400000,0.597673,3.283087,-4.983570,5.997653,-3.401536,-8.385106,7.168e-21,1.651e-20,6.061e-19,6.061e-19,1.00000000
25.500000,0.863073,3.255572,-4.962732,5.997696,-3.427214,-8.389947,4.874e-21,1.395e-20,4.331e-19,4.331e-19,1.00000000
25.600000,1.082066,3.186986,-4.965103,5.998332,-3.453226,-8.418329,4.190e-21,9.977e-21,3.528e-19,3.528e-19,1.00000000
25.700000,1.322536,3.058305,-4.987748,5.998330,-3.478975,-8.466722,3.698e-21,8.587e-21,3.757e-19,3.757e-19,1.00000000
25.800000,1.598588,2.923666,-4.986961,5.997757,-3.504137,-8.491098,3.617e-21,9.464e-21,4.395e-19,4.395e-19,1.00000000
25.900000,1.843049,2.814580,-4.965372,5.997801,-3.529077,-8.494449,3.843e-21,1.145e-20,5.018e-19,5.018e-19,1.00000000
26.000000,2.030359,2.681797,-4.966566,5.998431,-3.554074,-8.520640,4.202e-21,1.270e-20,5.334e-19,5.334e-19,1.00000000
26.100000,2.219023,2.485731,-4.987811,5.998432,-3.579033,-8.566844,4.618e-21,1.111e-20,5.770e-19,5.770e-19,1.00000000
26.200000,2.439608,2.273035,-4.985542,5.997834,-3.604006,-8.589548,6.156e-21,1.267e-20,5.411e-19,5.411e-19,1.00000000
26.300000,2.638039,2.094028,-4.962803,5.997801,-3.629218,-8.592021,1.228e-20,2.453e-20,6.072e-19,6.072e-19,1.00000000
26.400000,2.774967,1.909666,-4.963193,5.998379,-3.654707,-8.617899,2.299e-20,4.371e-20,8.729e-19,8.729e-19,1.00000000
26.500000,2.893795,1.664833,-4.983457,5.998380,-3.680527,-8.663984,2.715e-20,4.693e-20,1.057e-18,1.057e-18,1.00000000
26.600000,3.036911,1.395079,-4.980409,5.997796,-3.706984,-8.687394,1.965e-20,3.424e-20,9.038e-19,9.038e-19,1.00000000
26.700000,3.167476,1.163843,-4.958348,5.997720,-3.734132,-8.692480,1.052e-20,1.942e-20,7.914e-19,7.914e-19,1.00000000
26.800000,3.237277,0.944504,-4.960527,5.998240,-3.761519,-8.722046,6.102e-21,1.013e-20,6.724e-19,6.724e-19,1.00000000
26.900000,3.272300,0.672811,-4.981875,5.998308,-3.789059,-8.770934,4.145e-21,6.364e-21,8.091e-19,8.091e-19,1.00000000
27.000000,3.322553,0.372536,-4.979583,5.997865,-3.817280,-8.796862,3.586e-21,4.486e-21,7.163e-19,7.163e-19,1.00000000
27.100000,3.370273,0.113843,-4.959960,5.997741,-3.846252,-8.806212,3.684e-21,3.314e-21,5.179e-19,5.179e-19,1.00000000
27.200000,3.363049,-0.117759,-4.965231,5.998124,-3.875117,-8.840348,5.181e-21,2.634e-21,4.349e-19,4.349e-19,1.00000000
27.300000,3.309783,-0.389856,-4.987254,5.998279,-3.903593,-8.890846,6.935e-21,2.342e-21,3.938e-19,3.938e-19,1.00000000
27.400000,3.264869,-0.690166,-4.984051,5.998039,-3.932474,-8.916526,1.177e-20,2.228e-21,4.176e-19,4.176e-19,1.00000000
27.500000,3.228628,-0.947730,-4.965083,5.997857,-3.962093,-8.927177,1.941e-20,2.280e-21,4.692e-19,4.692e-19,1.00000000
27.600000,3.146652,-1.166115,-4.971461,5.998055,-3.991402,-8.962863,2.590e-20,2.505e-21,4.917e-19,4.917e-19,1.00000000
27.700000,3.011570,-1.411893,-4.991638,5.998287,-4.019922,-9.011561,2.896e-20,2.953e-21,4.984e-19,4.984e-19,1.00000000
27.800000,2.879569,-1.683975,-4.985095,5.998239,-4.048704,-9.033799,2.932e-20,3.641e-21,5.123e-19,5.123e-19,1.00000000
27.900000,2.767187,-1.914740,-4.965073,5.997958,-4.078445,-9.043518,3.272e-20,5.025e-21,5.772e-19,5.772e-19,1.00000000
28.000000,2.619505,-2.096840,-4.971580,5.997929,-4.107930,-9.079509,3.878e-20,7.021e-21,7.802e-19,7.802e-19,1.00000000
28.100000,2.413970,-2.292272,-4.989632,5.998182,-4.136333,-9.125965,3.063e-20,8.376e-21,9.611e-19,9.611e-19,1.00000000
28.200000,2.206947,-2.511413,-4.980112,5.998277,-4.164826,-9.144938,2.386e-20,9.324e-21,1.022e-18,1.022e-18,1.00000000
28.300000,2.030268,-2.692976,-4.959952,5.997935,-4.194390,-9.154341,2.115e-20,1.091e-20,1.061e-18,1.061e-18,1.00000000
28.400000,1.830387,-2.817765,-4.968177,5.997741,-4.223599,-9.191776,1.952e-20,1.464e-20,7.819e-19,7.819e-19,1.00000000
28.500000,1.570872,-2.940171,-4.986400,5.998035,-4.251289,-9.237688,1.670e-20,1.859e-20,7.408e-19,7.408e-19,1.00000000
28.600000,1.306500,-3.083371,-4.976472,5.998283,-4.278762,-9.255234,1.482e-20,2.029e-20,7.691e-19,7.691e-19,1.00000000
28.700000,1.083396,-3.196276,-4.958388,5.997961,-4.307351,-9.265739,1.181e-20,2.064e-20,6.326e-19,6.326e-19,1.00000000
28.800000,0.852319,-3.247413,-4.969959,5.997718,-4.335701,-9.305660,8.524e-21,1.977e-20,4.943e-19,4.943e-19,1.00000000
28.900000,0.564557,-3.280764,-4.989457,5.998068,-4.362618,-9.352074,6.528e-21,1.953e-20,4.385e-19,4.385e-19,1.00000000
29.000000,0.269578,-3.333667,-4.979420,5.998385,-4.389572,-9.368991,5.241e-21,1.918e-20,4.550e-19,4.550e-19,1.00000000
29.100000,0.025039,-3.368883,-4.962533,5.998061,-4.418096,-9.380629,4.384e-21,1.851e-20,5.171e-19,5.171e-19,1.00000000
29.200000,-0.210562,-3.342592,-4.975562,5.997789,-4.446977,-9.422539,4.082e-21,2.217e-20,5.042e-19,5.042e-19,1.00000000
29.300000,-0.495789,-3.284769,-4.994209,5.998136,-4.475060,-9.469269,4.720e-21,2.887e-20,4.821e-19,4.821e-19,1.00000000
29.400000,-0.791467,-3.245290,-4.982258,5.998435,-4.503663,-9.485921,9.652e-21,3.754e-20,5.711e-19,5.711e-19,1.00000000
29.500000,-1.032841,-3.203377,-4.964766,5.998107,-4.534130,-9.498895,2.067e-20,4.796e-20,6.333e-19,6.333e-19,1.00000000
29.600000,-1.249140,-3.105078,-4.977186,5.997853,-4.565361,-9.542547,2.977e-20,6.837e-20,8.235e-19,8.235e-19,1.00000000
29.700000,-1.503666,-2.963100,-4.993691,5.998159,-4.596253,-9.589944,3.041e-20,8.352e-20,9.562e-19,9.562e-19,1.00000000
29.800000,-1.772136,-2.835586,-4.979878,5.998350,-4.627708,-9.607585,2.214e-20,9.391e-20,1.082e-18,1.082e-18,1.00000000
29.900000,-1.988468,-2.720561,-4.961929,5.998016,-4.660589,-9.622518,1.247e-20,6.214e-20,1.180e-18,1.180e-18,1.00000000
30.000000,-2.164983,-2.559381,-4.973575,5.997836,-4.693942,-9.667517,7.796e-21,4.674e-20,9.105e-19,9.105e-19,1.00000000
30.100000,-2.362883,-2.345910,-4.989091,5.998128,-4.726818,-9.715909,8.250e-21,3.613e-20,6.750e-19,6.750e-19,1.00000000
30.200000,-2.576400,-2.140118,-4.976017,5.998223,-4.759654,-9.735670,1.120e-20,1.604e-20,6.730e-19,6.730e-19,1.00000000
30.300000,-2.745449,-1.959808,-4.959536,5.997944,-4.792847,-9.752383,1.468e-20,8.543e-21,5.646e-19,5.646e-19,1.00000000
30.400000,-2.863379,-1.749804,-4.971348,5.997921,-4.825886,-9.797234,1.953e-20,6.085e-21,4.973e-19,4.973e-19,1.00000000
30.500000,-2.982368,-1.486106,-4.987552,5.998225,-4.858347,-9.845899,2.338e-20,4.531e-21,4.482e-19,4.482e-19,1.00000000
30.600000,-3.116455,-1.222394,-4.977153,5.998216,-4.890492,-9.867645,3.397e-20,3.646e-21,4.551e-19,4.551e-19,1.00000000
30.700000,-3.219313,-0.993996,-4.962230,5.997977,-4.922566,-9.884795,5.037e-20,3.266e-21,5.094e-19,5.094e-19,1.00000000
30.800000,-3.267249,-0.757144,-4.972803,5.998079,-4.954675,-9.927478,7.150e-20,3.309e-21,4.818e-19,4.818e-19,1.00000000
30.900000,-3.296958,-0.473585,-4.988589,5.998353,-4.986999,-9.975588,9.908e-20,3.646e-21,4.323e-19,4.323e-19,1.00000000
31.000000,-3.338176,-0.182501,-4.980124,5.998196,-5.019686,-9.999810,1.204e-19,4.471e-21,5.422e-19,5.422e-19,1.00000000
31.100000,-3.363760,0.069940,-4.965427,5.997936,-5.052747,-10.018174,1.377e-19,6.059e-21,6.310e-19,6.310e-19,1.00000000
31.200000,-3.339088,0.310233,-4.973102,5.998124,-5.086594,-10.059695,1.130e-19,7.962e-21,7.889e-19,7.889e-19,1.00000000
31.300000,-3.280845,0.583612,-4.987570,5.998367,-5.121662,-10.109232,7.718e-20,8.888e-21,8.401e-19,8.401e-19,1.00000000
31.400000,-3.226239,0.870338,-4.981032,5.998065,-5.157717,-10.138749,7.140e-20,8.452e-21,8.844e-19,8.844e-19,1.00000000
31.500000,-3.169751,1.121932,-4.966619,5.997779,-5.194283,-10.160902,7.859e-20,9.287e-21,1.027e-18,1.027e-18,1.00000000
31.600000,-3.074660,1.344610,-4.971424,5.998047,-5.231805,-10.203229,6.970e-20,1.191e-20,9.220e-19,9.220e-19,1.00000000
31.700000,-2.936646,1.581619,-4.985367,5.998274,-5.270640,-10.256007,6.638e-20,1.810e-20,6.602e-19,6.602e-19,1.00000000
31.800000,-2.791065,1.833787,-4.982186,5.997916,-5.309877,-10.292062,5.654e-20,2.431e-20,5.642e-19,5.642e-19,1.00000000
31.900000,-2.653517,2.059191,-4.968984,5.997684,-5.348589,-10.317573,4.144e-20,3.049e-20,4.905e-19,4.905e-19,1.00000000
32.000000,-2.494860,2.244583,-4.971327,5.998047,-5.387366,-10.358692,2.730e-20,3.907e-20,4.676e-19,4.676e-19,1.00000000
32.100000,-2.292428,2.422971,-4.985342,5.998304,-5.426558,-10.411900,1.967e-20,3.802e-20,4.442e-19,4.442e-19,1.00000000
32.200000,-2.071155,2.613162,-4.985727,5.997981,-5.465008,-10.450735,1.354e-20,3.394e-20,4.652e-19,4.652e-19,1.00000000
32.300000,-1.863912,2.787510,-4.972850,5.997801,-5.502047,-10.474897,1.003e-20,4.204e-20,5.261e-19,5.261e-19,1.00000000
32.400000,-1.656728,2.918418,-4.971513,5.998154,-5.538818,-10.510331,9.028e-21,5.256e-20,4.888e-19,4.888e-19,1.00000000
32.500000,-1.413824,3.022529,-4.984573,5.998378,-5.575927,-10.560500,1.046e-20,5.944e-20,5.049e-19,5.049e-19,1.00000000
32.600000,-1.142974,3.130112,-4.987270,5.998070,-5.612382,-10.599652,1.483e-20,6.822e-20,6.024e-19,6.024e-19,1.00000000
32.700000,-0.886836,3.233046,-4.973497,5.997894,-5.647928,-10.621425,2.331e-20,8.396e-20,6.319e-19,6.319e-19,1.00000000
32.800000,-0.650825,3.297647,-4.967922,5.998191,-5.684028,-10.651949,3.148e-20,1.435e-19,6.239e-19,6.239e-19,1.00000000
32.900000,-0.393836,3.320461,-4.979941,5.998365,-5.721228,-10.701169,3.109e-20,2.194e-19,6.054e-19,6.054e-19,1.00000000
33.000000,-0.103478,3.333982,-4.985035,5.998059,-5.758418,-10.743453,2.196e-20,2.472e-19,6.779e-19,6.779e-19,1.00000000
33.100000,0.176512,3.351627,-4.970931,5.997893,-5.795465,-10.766396,1.492e-20,2.791e-19,7.418e-19,7.418e-19,1.00000000
33.200000,0.420435,3.343093,-4.962334,5.998149,-5.833876,-10.796209,1.408e-20,3.546e-19,6.822e-19,6.822e-19,1.00000000
33.300000,0.665798,3.284404,-4.974793,5.998264,-5.873831,-10.848624,1.590e-20,4.706e-19,5.175e-19,5.175e-19,1.00000000
33.400000,0.943975,3.200887,-4.983869,5.997976,-5.913776,-10.897644,2.074e-20,5.664e-19,4.404e-19,5.664e-19,1.00000000
33.500000,1.219055,3.126397,-4.971317,5.997870,-5.953605,-10.924922,3.803e-20,5.907e-19,3.912e-19,5.907e-19,1.00000000
33.600000,1.448496,3.043208,-4.961687,5.998133,-5.994843,-10.956531,6.659e-20,5.389e-19,3.866e-19,5.389e-19,1.00000000
33.700000,1.658259,2.910301,-4.975830,5.998213,-6.037244,-11.013074,8.359e-20,4.224e-19,3.749e-19,4.224e-19,1.00000000
33.800000,1.893879,2.738632,-4.988903,5.998003,-6.078928,-11.067831,8.477e-20,2.902e-19,4.171e-19,4.171e-19,1.00000000
33.900000,2.134863,2.577836,-4.977301,5.998034,-6.120036,-11.097337,7.599e-20,1.853e-19,4.509e-19,4.509e-19,1.00000000
34.000000,2.328954,2.428615,-4.965606,5.998287,-6.162309,-11.127915,7.492e-20,1.219e-19,4.397e-19,4.397e-19,1.00000000
34.100000,2.484622,2.239147,-4.979143,5.998249,-6.205454,-11.184597,8.504e-20,8.145e-20,5.088e-19,5.088e-19,1.00000000
34.200000,2.653504,2.001168,-4.993079,5.998050,-6.247683,-11.240762,9.425e-20,5.721e-20,5.095e-19,5.095e-19,1.00000000
34.300000,2.835211,1.771491,-4.980103,5.998168,-6.289498,-11.269601,1.059e-19,4.283e-20,5.369e-19,5.369e-19,1.00000000
34.400000,2.976688,1.571287,-4.964950,5.998362,-6.332891,-11.297841,9.392e-20,3.288e-20,6.142e-19,6.142e-19,1.00000000
34.500000,3.065943,1.346369,-4.976482,5.998174,-6.377577,-11.354059,9.904e-20,2.568e-20,5.844e-19,5.844e-19,1.00000000
34.600000,3.151375,1.068164,-4.990359,5.997984,-6.421728,-11.412087,1.245e-19,1.998e-20,6.638e-19,6.638e-19,1.00000000
34.700000,3.253750,0.791447,-4.976465,5.998207,-6.465935,-11.442401,1.377e-19,1.680e-20,6.940e-19,6.940e-19,1.00000000
34.800000,3.328346,0.557087,-4.959014,5.998337,-6.512200,-11.471214,1.547e-19,1.864e-20,5.961e-19,5.961e-19,1.00000000
34.900000,3.343330,0.317929,-4.969627,5.998011,-6.559944,-11.529571,1.865e-19,2.266e-20,5.285e-19,5.285e-19,1.00000000
35.000000,3.334990,0.027969,-4.985141,5.997880,-6.606980,-11.592121,2.450e-19,2.162e-20,4.558e-19,4.558e-19,1.00000000
35.100000,3.342876,-0.268901,-4.973093,5.998231,-6.653795,-11.626888,2.810e-19,2.019e-20,4.177e-19,4.177e-19,1.00000000
35.200000,3.339140,-0.516533,-4.956086,5.998287,-6.702341,-11.658427,2.822e-19,2.248e-20,3.773e-19,3.773e-19,1.00000000
35.300000,3.277018,-0.746834,-4.967676,5.997867,-6.751764,-11.719440,2.564e-19,2.423e-20,3.574e-19,3.574e-19,1.00000000
35.400000,3.174420,-1.017278,-4.986242,5.997866,-6.799745,-11.785986,2.405e-19,3.024e-20,3.626e-19,3.626e-19,1.00000000
35.500000,3.084290,-1.302029,-4.977154,5.998349,-6.846997,-11.824151,1.886e-19,4.689e-20,4.019e-19,4.019e-19,1.00000000
35.600000,3.001143,-1.537585,-4.960750,5.998339,-6.895699,-11.856449,1.511e-19,6.991e-20,4.394e-19,4.394e-19,1.00000000
35.700000,2.870595,-1.736125,-4.971939,5.997885,-6.945102,-11.917040,1.413e-19,8.277e-20,5.141e-19,5.141e-19,1.00000000
35.800000,2.688666,-1.958592,-4.991067,5.997979,-6.993119,-11.984185,1.143e-19,8.934e-20,5.116e-19,5.116e-19,1.00000000
35.900000,2.512844,-2.200630,-4.982413,5.998466,-7.040732,-12.023145,1.005e-19,1.177e-19,4.992e-19,4.992e-19,1.00000000
36.000000,2.360411,-2.400625,-4.964431,5.998343,-7.090208,-12.054639,9.434e-20,1.739e-19,4.663e-19,4.663e-19,1.00000000
36.100000,2.177245,-2.550096,-4.973021,5.997860,-7.140807,-12.113828,9.330e-20,2.396e-19,5.004e-19,5.004e-19,1.00000000
36.200000,1.937691,-2.704428,-4.990738,5.998003,-7.190486,-12.181224,1.066e-19,2.938e-19,5.267e-19,5.267e-19,1.00000000
36.300000,1.694951,-2.879805,-4.981494,5.998451,-7.240132,-12.221626,1.258e-19,3.921e-19,5.864e-19,5.864e-19,1.00000000
36.400000,1.486557,-3.024868,-4.961762,5.998230,-7.291758,-12.253521,1.340e-19,5.627e-19,5.614e-19,5.627e-19,1.00000000
36.500000,1.267020,-3.112559,-4.967881,5.997767,-7.344432,-12.312314,1.256e-19,8.158e-19,4.684e-19,8.158e-19,1.00000000
36.600000,0.993241,-3.184401,-4.984879,5.997996,-7.396031,-12.380910,1.068e-19,1.184e-18,4.138e-19,1.184e-18,1.00000000
36.700000,0.706550,-3.273242,-4.976715,5.998418,-7.447192,-12.423907,8.988e-20,1.671e-18,4.060e-19,1.671e-18,1.00000000
36.800000,0.459546,-3.345454,-4.957254,5.998134,-7.499563,-12.456817,7.721e-20,2.383e-18,3.671e-19,2.383e-18,1.00000000
36.900000,0.222822,-3.360902,-4.962631,5.997751,-7.552220,-12.514851,6.606e-20,3.467e-18,3.384e-19,3.467e-18,1.00000000
37.000000,-0.057271,-3.341467,-4.980792,5.998081,-7.603320,-12.584112,5.755e-20,4.730e-18,3.257e-19,4.730e-18,1.00000000
37.100000,-0.357469,-3.330898,-4.975822,5.998456,-7.653476,-12.629298,5.098e-20,5.910e-18,3.529e-19,5.910e-18,1.00000000
37.200000,-0.618127,-3.318891,-4.957879,5.998140,-7.704293,-12.662172,5.308e-20,6.739e-18,4.312e-19,6.739e-18,1.00000000
37.300000,-0.848276,-3.260265,-4.962420,5.997876,-7.755361,-12.717781,6.834e-20,6.935e-18,4.921e-19,6.935e-18,1.00000000
37.400000,-1.103966,-3.154292,-4.981051,5.998263,-7.805454,-12.786505,8.816e-20,7.276e-18,4.954e-19,7.276e-18,1.00000000
37.500000,-1.383231,-3.047081,-4.978367,5.998514,-7.855317,-12.833685,9.398e-20,7.665e-18,4.906e-19,7.665e-18,1.00000000
37.600000,-1.629091,-2.952298,-4.960595,5.998125,-7.906611,-12.867206,9.097e-20,7.521e-18,4.896e-19,7.521e-18,1.00000000
37.700000,-1.830336,-2.827905,-4.962668,5.997937,-7.959294,-12.921961,1.018e-19,6.731e-18,5.045e-19,6.731e-18,1.00000000
37.800000,-2.036602,-2.651125,-4.980338,5.998332,-8.012355,-12.992693,1.325e-19,5.495e-18,5.018e-19,5.495e-18,1.00000000
37.900000,-2.265531,-2.461325,-4.978991,5.998425,-8.066315,-13.045306,1.901e-19,4.198e-18,4.781e-19,4.198e-18,1.00000000
38.000000,-2.471448,-2.292663,-4.960955,5.997952,-8.122557,-13.083512,2.617e-19,3.302e-18,4.940e-19,3.302e-18,1.00000000
38.100000,-2.626449,-2.113941,-4.960591,5.997870,-8.180877,-13.141468,3.028e-19,2.464e-18,4.657e-19,2.464e-18,1.00000000
38.200000,-2.765767,-1.884932,-4.977676,5.998308,-8.239921,-13.217597,3.782e-19,1.800e-18,4.050e-19,1.800e-18,1.00000000
38.300000,-2.921316,-1.631512,-4.978289,5.998273,-8.299643,-13.277932,8.378e-19,1.297e-18,3.618e-19,1.297e-18,1.00000000
38.400000,-3.065278,-1.402449,-4.960912,5.997787,-8.360908,-13.321821,2.292e-18,8.555e-19,3.433e-19,2.292e-18,1.00000000
38.500000,-3.159418,-1.182981,-4.959148,5.997876,-8.423175,-13.382324,5.209e-18,5.140e-19,3.282e-19,5.209e-18,1.00000000
38.600000,-3.219520,-0.923069,-4.976241,5.998361,-8.484876,-13.461117,1.050e-17,3.068e-19,3.278e-19,1.050e-17,1.00000000
38.700000,-3.284833,-0.631721,-4.978901,5.998221,-8.545772,-13.524673,2.109e-17,2.001e-19,3.813e-19,2.109e-17,1.00000000
38.800000,-3.349195,-0.364181,-4.962214,5.997775,-8.606649,-13.568863,4.177e-17,1.456e-19,4.439e-19,4.177e-17,1.00000000
38.900000,-3.372047,-0.124134,-4.958839,5.998016,-8.667267,-13.626106,7.396e-17,1.174e-19,4.584e-19,7.396e-17,1.00000000
39.000000,-3.348393,0.139661,-4.975005,5.998492,-8.726648,-13.701652,1.103e-16,1.160e-19,4.328e-19,1.103e-16,1.00000000
39.100000,-3.317239,0.435973,-4.978425,5.998238,-8.784999,-13.763423,1.412e-16,1.419e-19,4.395e-19,1.412e-16,1.00000000
39.200000,-3.293932,0.712471,-4.961481,5.997824,-8.843370,-13.804851,1.650e-16,2.045e-19,4.662e-19,1.650e-16,1.00000000
39.300000,-3.243016,0.948714,-4.955865,5.998151,-8.901924,-13.857789,1.803e-16,3.126e-19,4.393e-19,1.803e-16,1.00000000
39.400000,-3.140459,1.189273,-4.970475,5.998540,-8.960137,-13.930612,1.829e-16,5.213e-19,4.022e-19,1.829e-16,1.00000000
39.500000,-3.017748,1.458352,-4.974323,5.998123,-9.018382,-13.992705,1.692e-16,9.491e-19,4.017e-19,1.692e-16,1.00000000
39.600000,-2.907952,1.714282,-4.957600,5.997728,-9.077564,-14.035164,1.332e-16,1.632e-18,4.109e-19,1.332e-16,1.00000000
39.700000,-2.786701,1.923898,-4.950833,5.998152,-9.137699,-14.088532,8.614e-17,2.535e-18,4.097e-19,8.614e-17,1.00000000
39.800000,-2.615647,2.118421,-4.965108,5.998468,-9.198150,-14.163259,5.146e-17,3.667e-18,3.498e-19,5.146e-17,1.00000000
39.900000,-2.413653,2.332364,-4.970885,5.997944,-9.258986,-14.229871,3.102e-17,5.325e-18,3.150e-19,3.102e-17,1.00000000
40.000000,-2.225667,2.540165,-4.956393,5.997655,-9.320645,-14.277038,1.890e-17,8.205e-18,3.120e-19,1.890e-17,1.00000000
40.000000,-2.225667,2.540165,-4.956393,5.997655,-9.320645,-14.277038,1.890e-17,8.205e-18,3.120e-19,1.890e-17,1.00000000
40.100000,-2.170346,2.704067,-4.890205,5.994705,-9.386448,-14.276654,1.190e-17,1.371e-17,3.094e-19,1.371e-17,1.00000000
40.200000,-2.099369,2.866297,-4.817024,5.985543,-9.459284,-14.276307,7.601e-18,2.392e-17,3.074e-19,2.392e-17,1.00000000
40.300000,-2.012569,3.024909,-4.737740,5.970484,-9.538291,-14.276031,4.507e-18,4.138e-17,3.751e-19,4.138e-17,1.00000000
40.400000,-1.909769,3.178318,-4.653389,5.950038,-9.622463,-14.275853,2.382e-18,6.918e-17,4.357e-19,6.918e-17,1.00000000
40.500000,-1.790787,3.325257,-4.565085,5.924884,-9.710707,-14.275791,1.243e-18,1.091e-16,6.082e-19,1.091e-16,1.00000000
40.600000,-1.655473,3.464709,-4.473937,5.895838,-9.801922,-14.275859,7.018e-19,1.570e-16,8.794e-19,1.570e-16,1.00000000
40.700000,-1.503768,3.595844,-4.380966,5.863810,-9.895093,-14.276059,4.461e-19,2.038e-16,5.755e-19,2.038e-16,1.00000000
40.800000,-1.335752,3.717949,-4.287045,5.829763,-9.989337,-14.276382,3.530e-19,2.488e-16,4.428e-19,2.488e-16,1.00000000
40.900000,-1.151698,3.830349,-4.192861,5.794659,-10.083954,-14.276815,3.960e-19,3.045e-16,6.041e-19,3.045e-16,1.00000000
41.000000,-0.952193,3.932355,-4.098909,5.759439,-10.178423,-14.277332,8.413e-19,4.547e-16,5.808e-19,4.547e-16,1.00000000
41.100000,-0.738314,4.023171,-4.005560,5.724991,-10.272338,-14.277898,1.984e-18,1.451e-15,3.918e-19,1.451e-15,1.00000000
41.200000,-0.511802,4.101833,-3.913192,5.692104,-10.365280,-14.278472,3.470e-18,5.433e-15,4.088e-19,5.433e-15,1.00000000
41.300000,-0.275241,4.167267,-3.822370,5.661482,-10.456633,-14.279003,5.440e-18,1.243e-14,3.745e-19,1.243e-14,1.00000000
41.400000,-0.032046,4.218420,-3.734022,5.633739,-10.545415,-14.279437,1.117e-17,1.702e-14,3.325e-19,1.702e-14,1.00000000
41.500000,0.213792,4.254432,-3.649481,5.609332,-10.630244,-14.279725,2.534e-17,1.404e-14,3.308e-19,1.404e-14,1.00000000
41.600000,0.458144,4.274719,-3.570426,5.588476,-10.709402,-14.279829,4.772e-17,7.382e-15,3.222e-19,7.382e-15,1.00000000
41.700000,0.697339,4.278955,-3.498697,5.571052,-10.781031,-14.279728,7.456e-17,3.013e-15,3.031e-19,3.013e-15,1.00000000
41.800000,0.928652,4.267043,-3.436039,5.556655,-10.843390,-14.279429,1.052e-16,1.151e-15,3.052e-19,1.151e-15,1.00000000
41.900000,1.150477,4.238978,-3.383945,5.544692,-10.895015,-14.278960,1.396e-16,4.440e-16,3.939e-19,4.440e-16,1.00000000
42.000000,1.362242,4.194760,-3.343556,5.534536,-10.934810,-14.278366,1.735e-16,1.747e-16,4.773e-19,1.747e-16,1.00000000
42.100000,1.564117,4.134418,-3.315604,5.525677,-10.962099,-14.277704,1.936e-16,7.004e-17,5.952e-19,1.936e-16,1.00000000
42.200000,1.756676,4.057955,-3.300393,5.517744,-10.976636,-14.277029,1.949e-16,2.885e-17,7.860e-19,1.949e-16,1.00000000
42.300000,1.940643,3.965262,-3.297786,5.510426,-10.978609,-14.276395,1.784e-16,1.225e-17,5.802e-19,1.784e-16,1.00000000
42.400000,2.116700,3.856179,-3.307174,5.503447,-10.968673,-14.275847,1.452e-16,5.676e-18,4.564e-19,1.452e-16,1.00000000
42.500000,2.285323,3.730667,-3.327449,5.496590,-10.947971,-14.275420,1.115e-16,3.391e-18,5.232e-19,1.115e-16,1.00000000
42.600000,2.446717,3.588934,-3.357052,5.489687,-10.918090,-14.275142,9.292e-17,3.165e-18,5.062e-19,9.292e-17,1.00000000
42.700000,2.600812,3.431529,-3.394052,5.482628,-10.880975,-14.275027,8.807e-17,4.108e-18,3.693e-19,8.807e-17,1.00000000
42.800000,2.747252,3.259498,-3.436301,5.475389,-10.838783,-14.275084,7.907e-17,6.358e-18,3.364e-19,7.907e-17,1.00000000
42.900000,2.885391,3.074445,-3.481660,5.468057,-10.793645,-14.275305,6.313e-17,1.342e-17,3.468e-19,6.313e-17,1.00000000
43.000000,3.014367,2.878441,-3.528250,5.460804,-10.747425,-14.275676,4.925e-17,3.233e-17,3.284e-19,4.925e-17,1.00000000
43.100000,3.133090,2.673907,-3.574586,5.453778,-10.701580,-14.276165,3.733e-17,6.606e-17,3.138e-19,6.606e-17,1.00000000
43.200000,3.240127,2.463500,-3.619659,5.446943,-10.657076,-14.276735,2.756e-17,1.134e-16,3.207e-19,1.134e-16,1.00000000
43.300000,3.333880,2.249875,-3.662988,5.440053,-10.614350,-14.277338,2.097e-17,1.852e-16,3.135e-19,1.852e-16,1.00000000
43.400000,3.412988,2.035398,-3.704560,5.432780,-10.573364,-14.277924,1.626e-17,2.980e-16,3.263e-19,2.980e-16,1.00000000
43.500000,3.476556,1.821990,-3.744649,5.424803,-10.533800,-14.278449,1.215e-17,4.447e-16,4.154e-19,4.447e-16,1.00000000
43.600000,3.524171,1.611129,-3.783647,5.415857,-10.495231,-14.278878,8.134e-18,6.537e-16,4.565e-19,6.537e-16,1.00000000
43.700000,3.555840,1.403942,-3.821964,5.405781,-10.457225,-14.279189,5.023e-18,9.284e-16,4.828e-19,9.284e-16,1.00000000
43.800000,3.571852,1.201326,-3.859954,5.394493,-10.419419,-14.279373,3.013e-18,1.269e-15,5.283e-19,1.269e-15,1.00000000
43.900000,3.572626,1.004167,-3.897870,5.381951,-10.381564,-14.279434,2.099e-18,1.719e-15,4.984e-19,1.719e-15,1.00000000
44.000000,3.558651,0.813523,-3.935847,5.368119,-10.343537,-14.279384,2.433e-18,2.264e-15,4.410e-19,2.264e-15,1.00000000
44.100000,3.530536,0.630667,-3.973869,5.352949,-10.305373,-14.279242,4.836e-18,2.828e-15,4.537e-19,2.828e-15,1.00000000
44.200000,3.489109,0.457062,-4.011713,5.336350,-10.267317,-14.279030,1.095e-17,3.317e-15,4.574e-19,3.317e-15,1.00000000
44.300000,3.435527,0.294284,-4.048897,5.318178,-10.229870,-14.278767,2.296e-17,3.869e-15,3.839e-19,3.869e-15,1.00000000
44.400000,3.371366,0.143842,-4.084721,5.298278,-10.193753,-14.278474,4.297e-17,5.627e-15,3.712e-19,5.627e-15,1.00000000
44.500000,3.298632,0.006937,-4.118377,5.276557,-10.159792,-14.278169,7.080e-17,1.033e-14,3.571e-19,1.033e-14,1.00000000
44.600000,3.219658,-0.115716,-4.149053,5.253021,-10.128810,-14.277864,1.043e-16,1.505e-14,3.325e-19,1.505e-14,1.00000000
44.700000,3.136934,-0.223949,-4.176019,5.227776,-10.101551,-14.277570,1.426e-16,1.386e-14,3.138e-19,1.386e-14,1.00000000
44.800000,3.052945,-0.318241,-4.198732,5.201068,-10.078563,-14.277295,1.853e-16,8.771e-15,3.212e-19,8.771e-15,1.00000000
44.900000,2.970014,-0.399775,-4.216884,5.173288,-10.060160,-14.277044,2.213e-16,4.608e-15,3.172e-19,4.608e-15,1.00000000
45.000000,2.890081,-0.470281,-4.230339,5.144852,-10.046484,-14.276823,2.308e-16,2.290e-15,3.437e-19,2.290e-15,1.00000000
45.100000,2.814553,-0.531781,-4.239051,5.116058,-10.037582,-14.276633,2.055e-16,1.121e-15,4.286e-19,1.121e-15,1.00000000
45.200000,2.744276,-0.586451,-4.243010,5.087053,-10.033469,-14.276479,1.662e-16,5.435e-16,4.828e-19,5.435e-16,1.00000000
45.300000,2.679571,-0.636517,-4.242250,5.057860,-10.034113,-14.276363,1.315e-16,2.608e-16,4.576e-19,2.608e-16,1.00000000
45.400000,2.620280,-0.684121,-4.236873,5.028418,-10.039416,-14.276289,1.065e-16,1.231e-16,4.443e-19,1.231e-16,1.00000000
45.500000,2.565890,-0.731205,-4.227034,4.998627,-10.049223,-14.276257,8.958e-17,6.082e-17,4.652e-19,8.958e-17,1.00000000
45.600000,2.515696,-0.779450,-4.212896,4.968376,-10.063372,-14.276268,7.718e-17,4.803e-17,4.374e-19,7.718e-17,1.00000000
45.700000,2.468953,-0.830202,-4.194553,4.937533,-10.081767,-14.276319,6.885e-17,4.996e-17,4.315e-19,6.885e-17,1.00000000
45.800000,2.424983,-0.884360,-4.171964,4.905907,-10.104442,-14.276407,6.435e-17,7.197e-17,4.325e-19,7.197e-17,1.00000000
45.900000,2.383229,-0.942277,-4.144954,4.873224,-10.131571,-14.276525,6.155e-17,1.237e-16,3.932e-19,1.237e-16,1.00000000
46.000000,2.343284,-1.003760,-4.113219,4.839120,-10.163447,-14.276665,5.437e-17,2.118e-16,3.521e-19,2.118e-16,1.00000000
46.100000,2.304872,-1.068187,-4.076368,4.803148,-10.200452,-14.276820,4.750e-17,3.424e-16,3.323e-19,3.424e-16,1.00000000
46.200000,2.267813,-1.134656,-4.034002,4.764829,-10.242976,-14.276979,4.105e-17,5.059e-16,3.075e-19,5.059e-16,1.00000000
46.300000,2.232015,-1.202135,-3.985773,4.723707,-10.291360,-14.277133,3.303e-17,7.010e-16,3.101e-19,7.010e-16,1.00000000
46.400000,2.197491,-1.269595,-3.931415,4.679408,-10.345861,-14.277275,2.592e-17,9.196e-16,3.416e-19,9.196e-16,1.00000000
46.500000,2.164329,-1.336154,-3.870813,4.631719,-10.406583,-14.277397,2.073e-17,1.144e-15,3.367e-19,1.144e-15,1.00000000
46.600000,2.132622,-1.401175,-3.804033,4.580615,-10.473459,-14.277492,1.691e-17,1.356e-15,3.447e-19,1.356e-15,1.00000000
46.700000,2.102373,-1.464346,-3.731271,4.526220,-10.546285,-14.277556,1.380e-17,1.553e-15,4.346e-19,1.553e-15,1.00000000
46.800000,2.073437,-1.525689,-3.652869,4.468816,-10.624716,-14.277585,1.177e-17,1.732e-15,4.722e-19,1.732e-15,1.00000000
46.900000,2.045461,-1.585509,-3.569383,4.408883,-10.708195,-14.277578,1.137e-17,1.877e-15,4.048e-19,1.877e-15,1.00000000
47.000000,2.017894,-1.644298,-3.481676,4.347147,-10.795861,-14.277537,1.210e-17,1.997e-15,3.929e-19,1.997e-15,1.00000000
47.100000,1.990011,-1.702681,-3.390996,4.284638,-10.886469,-14.277466,1.252e-17,2.155e-15,4.145e-19,2.155e-15,1.00000000
47.200000,1.960928,-1.761368,-3.298972,4.222661,-10.978398,-14.277370,1.350e-17,2.474e-15,4.068e-19,2.474e-15,1.00000000
47.300000,1.929711,-1.821077,-3.207531,4.162735,-11.069727,-14.277258,1.575e-17,3.025e-15,4.022e-19,3.025e-15,1.00000000
47.400000,1.895483,-1.882450,-3.118838,4.106534,-11.158304,-14.277142,2.051e-17,3.741e-15,4.159e-19,3.741e-15,1.00000000
47.500000,1.857432,-1.946101,-3.035267,4.055886,-11.241763,-14.277030,3.095e-17,4.409e-15,4.085e-19,4.409e-15,1.00000000
47.600000,1.814688,-2.012650,-2.959273,4.012624,-11.317660,-14.276933,5.106e-17,5.460e-15,3.615e-19,5.460e-15,1.00000000
47.700000,1.766126,-2.082483,-2.893094,3.978182,-11.383764,-14.276858,8.200e-17,8.748e-15,3.290e-19,8.748e-15,1.00000000
47.800000,1.710456,-2.155308,-2.838407,3.953171,-11.438406,-14.276812,1.165e-16,1.315e-14,3.126e-19,1.315e-14,1.00000000
47.900000,1.646661,-2.229917,-2.796133,3.937306,-11.480666,-14.276799,1.404e-16,1.326e-14,3.076e-19,1.326e-14,1.00000000
48.000000,1.574304,-2.304428,-2.766510,3.929682,-11.510311,-14.276820,1.429e-16,9.666e-15,3.041e-19,9.666e-15,1.00000000
48.100000,1.493453,-2.376826,-2.749241,3.929125,-11.527634,-14.276875,1.257e-16,5.917e-15,3.198e-19,5.917e-15,1.00000000
48.200000,1.404534,-2.445304,-2.743544,3.934370,-11.533414,-14.276958,1.025e-16,3.402e-15,3.686e-19,3.402e-15,1.00000000
48.300000,1.308222,-2.508342,-2.748167,3.944064,-11.528897,-14.277063,8.374e-17,1.854e-15,3.796e-19,1.854e-15,1.00000000
48.400000,1.205283,-2.564692,-2.761622,3.956881,-11.515559,-14.277181,7.091e-17,9.942e-16,4.207e-19,9.942e-16,1.00000000
48.500000,1.096356,-2.613377,-2.782686,3.971785,-11.494616,-14.277301,6.376e-17,5.357e-16,4.052e-19,5.357e-16,1.00000000
48.600000,0.981739,-2.653686,-2.810608,3.988155,-11.466804,-14.277412,6.191e-17,3.420e-16,3.611e-19,3.420e-16,1.00000000
48.700000,0.861345,-2.685040,-2.844901,4.005598,-11.432602,-14.277503,6.133e-17,2.643e-16,3.501e-19,2.643e-16,1.00000000
48.800000,0.734868,-2.706835,-2.884942,4.023665,-11.392625,-14.277568,5.929e-17,2.451e-16,3.812e-19,2.451e-16,1.00000000
48.900000,0.602131,-2.718391,-2.929687,4.041692,-11.347913,-14.277599,5.892e-17,2.650e-16,3.789e-19,2.650e-16,1.00000000
49.000000,0.463553,-2.719007,-2.977579,4.058800,-11.300019,-14.277598,6.030e-17,2.962e-16,3.943e-19,2.962e-16,1.00000000
49.100000,0.320396,-2.708139,-3.026680,4.073999,-11.250885,-14.277565,6.615e-17,3.706e-16,3.809e-19,3.706e-16,1.00000000
49.200000,0.174760,-2.685653,-3.074983,4.086416,-11.202523,-14.277507,9.857e-17,4.833e-16,3.317e-19,4.833e-16,1.00000000
49.300000,0.029427,-2.652030,-3.120799,4.095548,-11.156632,-14.277430,2.067e-16,6.303e-16,3.160e-19,6.303e-16,1.00000000
49.400000,-0.112451,-2.608356,-3.163093,4.101381,-11.114252,-14.277345,3.775e-16,8.249e-16,3.104e-19,8.249e-16,1.00000000
49.500000,-0.247850,-2.556064,-3.201645,4.104318,-11.075614,-14.277258,5.238e-16,1.053e-15,3.040e-19,1.053e-15,1.00000000
49.600000,-0.374563,-2.496537,-3.236724,4.104799,-11.040454,-14.277178,5.805e-16,1.302e-15,3.131e-19,1.302e-15,1.00000000
49.700000,-0.491438,-2.430969,-3.268789,4.103182,-11.008319,-14.277108,5.353e-16,1.571e-15,3.338e-19,1.571e-15,1.00000000
49.800000,-0.598058,-2.360410,-3.298435,4.099864,-10.978618,-14.277053,4.324e-16,1.848e-15,3.399e-19,1.848e-15,1.00000000
49.900000,-0.694421,-2.285855,-3.326108,4.095161,-10.950904,-14.277012,3.203e-16,2.188e-15,3.963e-19,2.188e-15,1.00000000
50.000000,-0.780538,-2.208370,-3.352049,4.089300,-10.924936,-14.276986,2.230e-16,2.629e-15,3.917e-19,2.629e-15,1.00000000
50.100000,-0.856183,-2.129146,-3.376502,4.082534,-10.900469,-14.276971,1.503e-16,3.000e-15,3.636e-19,3.000e-15,1.00000000
50.200000,-0.921214,-2.049474,-3.399712,4.075171,-10.877254,-14.276967,9.903e-17,3.330e-15,3.304e-19,3.330e-15,1.00000000
50.300000,-0.975933,-1.970685,-3.421839,4.067557,-10.855131,-14.276969,6.186e-17,3.616e-15,3.541e-19,3.616e-15,1.00000000
50.400000,-1.021244,-1.894082,-3.442926,4.060077,-10.834051,-14.276977,3.855e-17,3.751e-15,3.560e-19,3.751e-15,1.00000000
50.500000,-1.058732,-1.820724,-3.462794,4.053010,-10.814194,-14.276988,2.817e-17,4.015e-15,3.715e-19,4.015e-15,1.00000000
50.600000,-1.090317,-1.751144,-3.481015,4.046327,-10.795986,-14.277001,2.789e-17,4.155e-15,3.877e-19,4.155e-15,1.00000000
50.700000,-1.117834,-1.685195,-3.497030,4.039635,-10.779987,-14.277018,3.459e-17,4.342e-15,3.737e-19,4.342e-15,1.00000000
50.800000,-1.142778,-1.622207,-3.510195,4.032241,-10.766842,-14.277037,4.614e-17,5.394e-15,3.567e-19,5.394e-15,1.00000000
50.900000,-1.166081,-1.561319,-3.519883,4.023312,-10.757177,-14.277060,6.223e-17,1.043e-14,3.460e-19,1.043e-14,1.00000000
51.000000,-1.188318,-1.501903,-3.525668,4.012250,-10.751419,-14.277087,7.861e-17,1.656e-14,3.373e-19,1.656e-14,1.00000000
51.100000,-1.210087,-1.443825,-3.527385,3.998923,-10.749733,-14.277118,8.933e-17,1.780e-14,3.162e-19,1.780e-14,1.00000000
51.200000,-1.231741,-1.387486,-3.525154,3.983593,-10.751998,-14.277152,9.090e-17,1.534e-14,3.267e-19,1.534e-14,1.00000000
51.300000,-1.253245,-1.333654,-3.519491,3.966872,-10.757699,-14.277189,8.442e-17,1.216e-14,4.071e-19,1.216e-14,1.00000000
51.400000,-1.274516,-1.282981,-3.511106,3.949468,-10.766121,-14.277227,7.322e-17,8.815e-15,4.255e-19,8.815e-15,1.00000000
51.500000,-1.295556,-1.235615,-3.500487,3.931745,-10.776777,-14.277264,6.165e-17,5.958e-15,3.889e-19,5.958e-15,1.00000000
51.600000,-1.316499,-1.191174,-3.487745,3.913621,-10.789553,-14.277298,5.373e-17,3.823e-15,3.853e-19,3.823e-15,1.00000000
51.700000,-1.337619,-1.148956,-3.472607,3.894653,-10.804719,-14.277326,5.072e-17,2.209e-15,3.893e-19,2.209e-15,1.00000000
51.800000,-1.359209,-1.108152,-3.454611,3.874246,-10.822736,-14.277347,5.081e-17,1.200e-15,3.605e-19,1.200e-15,1.00000000
51.900000,-1.381430,-1.067989,-3.433282,3.851802,-10.844076,-14.277358,5.274e-17,7.476e-16,3.643e-19,7.476e-16,1.00000000
52.000000,-1.404157,-1.027940,-3.408356,3.826905,-10.869004,-14.277360,5.504e-17,5.205e-16,3.875e-19,5.205e-16,1.00000000
52.100000,-1.427040,-0.987827,-3.379977,3.799537,-10.897374,-14.277351,6.720e-17,3.763e-16,4.052e-19,3.763e-16,1.00000000
52.200000,-1.449790,-0.947655,-3.348597,3.770019,-10.928735,-14.277332,9.365e-17,2.983e-16,4.350e-19,2.983e-16,1.00000000
52.300000,-1.472323,-0.907449,-3.314798,3.738861,-10.962507,-14.277305,1.740e-16,2.641e-16,5.231e-19,2.641e-16,1.00000000
52.400000,-1.494746,-0.867182,-3.279383,3.706835,-10.997889,-14.277272,3.893e-16,2.365e-16,5.688e-19,3.893e-16,1.00000000
52.500000,-1.517378,-0.826691,-3.243342,3.674931,-11.033893,-14.277234,7.254e-16,2.574e-16,4.999e-19,7.254e-16,1.00000000
52.600000,-1.540663,-0.785468,-3.207313,3.643825,-11.069882,-14.277196,1.043e-15,3.135e-16,3.997e-19,1.043e-15,1.00000000
52.700000,-1.564928,-0.742684,-3.171365,3.613604,-11.105794,-14.277158,1.231e-15,3.762e-16,3.406e-19,1.231e-15,1.00000000
52.800000,-1.590126,-0.697528,-3.135406,3.584106,-11.141719,-14.277124,1.209e-15,5.275e-16,3.072e-19,1.209e-15,1.00000000
52.900000,-1.616022,-0.649636,-3.099564,3.555397,-11.177532,-14.277096,1.021e-15,7.117e-16,3.335e-19,1.021e-15,1.00000000
53.000000,-1.642417,-0.599330,-3.064379,3.528052,-11.212696,-14.277074,7.969e-16,1.033e-15,3.441e-19,1.033e-15,1.00000000
53.100000,-1.668966,-0.547174,-3.030805,3.502945,-11.246256,-14.277061,5.986e-16,1.513e-15,3.486e-19,1.513e-15,1.00000000
53.200000,-1.694993,-0.493419,-2.999880,3.480768,-11.277176,-14.277056,4.352e-16,2.181e-15,4.206e-19,2.181e-15,1.00000000
53.300000,-1.719484,-0.437807,-2.972384,3.461700,-11.304675,-14.277058,3.073e-16,3.033e-15,4.239e-19,3.033e-15,1.00000000
53.400000,-1.741217,-0.379731,-2.948912,3.445593,-11.328155,-14.277067,2.092e-16,3.716e-15,3.751e-19,3.716e-15,1.00000000
53.500000,-1.759093,-0.319007,-2.929845,3.432225,-11.347236,-14.277081,1.339e-16,4.185e-15,3.465e-19,4.185e-15,1.00000000
53.600000,-1.772652,-0.256248,-2.915381,3.421609,-11.361716,-14.277097,8.075e-17,4.940e-15,3.654e-19,4.940e-15,1.00000000
53.700000,-1.782299,-0.192264,-2.905817,3.414283,-11.371295,-14.277112,4.963e-17,5.442e-15,3.870e-19,5.442e-15,1.00000000
53.800000,-1.788551,-0.127375,-2.901274,3.410650,-11.375851,-14.277125,3.571e-17,6.449e-15,4.097e-19,6.449e-15,1.00000000
53.900000,-1.791632,-0.061384,-2.901166,3.410348,-11.375968,-14.277133,3.219e-17,6.372e-15,3.962e-19,6.372e-15,1.00000000
54.000000,-1.791316,0.006296,-2.904526,3.412495,-11.372609,-14.277135,3.447e-17,6.572e-15,3.798e-19,6.572e-15,1.00000000
54.100000,-1.786736,0.076257,-2.910584,3.416100,-11.366547,-14.277131,4.145e-17,1.002e-14,3.647e-19,1.002e-14,1.00000000
54.200000,-1.776884,0.148585,-2.918735,3.420294,-11.358386,-14.277121,5.052e-17,1.360e-14,3.261e-19,1.360e-14,1.00000000
54.300000,-1.761038,0.222913,-2.928410,3.424402,-11.348697,-14.277107,5.884e-17,1.477e-14,2.994e-19,1.477e-14,1.00000000
54.400000,-1.738984,0.298486,-2.939016,3.427970,-11.338074,-14.277090,6.542e-17,1.338e-14,2.934e-19,1.338e-14,1.00000000
54.500000,-1.711004,0.374205,-2.950128,3.430863,-11.326945,-14.277073,6.745e-17,1.079e-14,3.075e-19,1.079e-14,1.00000000
54.600000,-1.677678,0.448732,-2.961472,3.433115,-11.315585,-14.277057,6.362e-17,8.108e-15,3.190e-19,8.108e-15,1.00000000
54.700000,-1.639496,0.520705,-2.972830,3.434647,-11.304213,-14.277044,5.768e-17,5.894e-15,3.343e-19,5.894e-15,1.00000000
54.800000,-1.596805,0.589196,-2.983969,3.435260,-11.293066,-14.277035,5.409e-17,4.030e-15,3.404e-19,4.030e-15,1.00000000
54.900000,-1.549848,0.653584,-2.994575,3.434630,-11.282457,-14.277032,5.344e-17,2.538e-15,3.497e-19,2.538e-15,1.00000000
55.000000,-1.499271,0.713445,-3.004054,3.432369,-11.272982,-14.277035,5.557e-17,1.532e-15,3.308e-19,1.532e-15,1.00000000
55.100000,-1.446038,0.768637,-3.011818,3.428247,-11.265226,-14.277044,6.948e-17,9.140e-16,3.079e-19,9.140e-16,1.00000000
55.200000,-1.390792,0.819160,-3.017613,3.422180,-11.259443,-14.277057,1.092e-16,5.291e-16,3.299e-19,5.291e-16,1.00000000
55.300000,-1.333966,0.864927,-3.021377,3.414130,-11.255696,-14.277073,1.875e-16,3.000e-16,3.418e-19,3.000e-16,1.00000000
55.400000,-1.276138,0.905701,-3.023015,3.404033,-11.254077,-14.277092,3.048e-16,2.018e-16,3.257e-19,3.048e-16,1.00000000
55.500000,-1.218218,0.941431,-3.022556,3.392077,-11.254556,-14.277111,4.332e-16,1.570e-16,3.117e-19,4.332e-16,1.00000000
55.600000,-1.161032,0.972336,-3.020473,3.378859,-11.256658,-14.277130,5.526e-16,1.415e-16,3.166e-19,5.526e-16,1.00000000
55.700000,-1.104901,0.998711,-3.017380,3.364939,-11.259768,-14.277148,6.906e-16,1.499e-16,3.116e-19,6.906e-16,1.00000000
55.800000,-1.049778,1.021094,-3.013702,3.350681,-11.263462,-14.277164,8.245e-16,1.950e-16,3.177e-19,8.245e-16,1.00000000
55.900000,-0.995562,1.040113,-3.009462,3.336141,-11.267716,-14.277178,9.199e-16,2.758e-16,3.011e-19,9.199e-16,1.00000000
56.000000,-0.942449,1.056052,-3.003920,3.320692,-11.273270,-14.277190,9.497e-16,4.326e-16,2.786e-19,9.497e-16,1.00000000
56.100000,-0.890643,1.068828,-2.996153,3.303418,-11.281049,-14.277202,9.090e-16,5.807e-16,2.882e-19,9.090e-16,1.00000000
56.200000,-0.840580,1.078525,-2.986142,3.284331,-11.291072,-14.277213,8.362e-16,7.210e-16,3.094e-19,8.362e-16,1.00000000
56.300000,-0.793012,1.085596,-2.974798,3.264477,-11.302427,-14.277225,7.485e-16,1.149e-15,3.134e-19,1.149e-15,1.00000000
56.400000,-0.748149,1.090436,-2.962847,3.244571,-11.314390,-14.277237,6.309e-16,1.558e-15,3.280e-19,1.558e-15,1.00000000
56.500000,-0.705687,1.093332,-2.950559,3.224774,-11.326690,-14.277249,4.981e-16,2.141e-15,3.219e-19,2.141e-15,1.00000000
56.600000,-0.665376,1.094507,-2.937842,3.204932,-11.339420,-14.277262,3.798e-16,3.574e-15,2.987e-19,3.574e-15,1.00000000
56.700000,-0.627090,1.093967,-2.924545,3.184803,-11.352729,-14.277274,2.923e-16,4.658e-15,3.097e-19,4.658e-15,1.00000000
56.800000,-0.590650,1.091666,-2.910764,3.164356,-11.366520,-14.277284,2.222e-16,5.594e-15,3.194e-19,5.594e-15,1.00000000
56.900000,-0.555880,1.088060,-2.896615,3.143764,-11.380677,-14.277292,1.542e-16,7.102e-15,3.261e-19,7.102e-15,1.00000000
57.000000,-0.522449,1.083754,-2.882173,3.123203,-11.395124,-14.277296,1.052e-16,7.911e-15,3.271e-19,7.911e-15,1.00000000
57.100000,-0.489849,1.079132,-2.867418,3.102670,-11.409878,-14.277296,7.961e-17,7.755e-15,3.283e-19,7.755e-15,1.00000000
57.200000,-0.457425,1.074371,-2.852009,3.081795,-11.425281,-14.277290,6.601e-17,6.895e-15,3.044e-19,6.895e-15,1.00000000
57.300000,-0.424521,1.069662,-2.835626,3.060256,-11.441653,-14.277278,5.903e-17,9.202e-15,3.025e-19,9.202e-15,1.00000000
57.400000,-0.390464,1.065304,-2.818260,3.038079,-11.459000,-14.277261,5.956e-17,1.188e-14,2.928e-19,1.188e-14,1.00000000
57.500000,-0.354769,1.061453,-2.800025,3.015408,-11.477212,-14.277237,6.403e-17,1.249e-14,2.905e-19,1.249e-14,1.00000000
57.600000,-0.317552,1.058283,-2.781134,2.992575,-11.496075,-14.277209,6.812e-17,1.166e-14,2.853e-19,1.166e-14,1.00000000
57.700000,-0.279539,1.055913,-2.761580,2.969751,-11.515597,-14.277177,7.138e-17,1.010e-14,2.845e-19,1.010e-14,1.00000000
57.800000,-0.241751,1.054217,-2.741024,2.946698,-11.536119,-14.277142,7.066e-17,8.389e-15,3.092e-19,8.389e-15,1.00000000
57.900000,-0.205222,1.052810,-2.719459,2.923352,-11.557648,-14.277108,6.626e-17,6.564e-15,3.174e-19,6.564e-15,1.00000000
58.000000,-0.170705,1.051042,-2.697567,2.900120,-11.579508,-14.277074,6.293e-17,4.813e-15,3.488e-19,4.813e-15,1.00000000
58.100000,-0.138770,1.048819,-2.676031,2.877572,-11.601013,-14.277044,6.838e-17,3.341e-15,3.420e-19,3.341e-15,1.00000000
58.200000,-0.109476,1.047010,-2.655111,2.856192,-11.621907,-14.277019,8.539e-17,2.227e-15,3.664e-19,2.227e-15,1.00000000
58.300000,-0.082450,1.046592,-2.634515,2.835987,-11.642485,-14.277000,1.182e-16,1.411e-15,3.641e-19,1.411e-15,1.00000000
58.400000,-0.056755,1.047523,-2.614025,2.816674,-11.662962,-14.276987,1.816e-16,8.649e-16,3.348e-19,8.649e-16,1.00000000
58.500000,-0.031365,1.049147,-2.593981,2.798290,-11.683001,-14.276982,2.861e-16,5.453e-16,3.180e-19,5.453e-16,1.00000000
58.600000,-0.005936,1.051473,-2.575141,2.781543,-11.701843,-14.276984,3.993e-16,3.837e-16,3.129e-19,3.993e-16,1.00000000
58.700000,0.019997,1.054549,-2.558191,2.767095,-11.718802,-14.276993,4.697e-16,3.058e-16,3.085e-19,4.697e-16,1.00000000
58.800000,0.047147,1.058088,-2.543408,2.755122,-11.733602,-14.277009,5.124e-16,2.769e-16,2.953e-19,5.124e-16,1.00000000
58.900000,0.076099,1.061003,-2.530665,2.745138,-11.746365,-14.277030,5.684e-16,3.070e-16,2.902e-19,5.684e-16,1.00000000
59.000000,0.106923,1.061971,-2.519490,2.736247,-11.757564,-14.277055,7.059e-16,3.980e-16,3.019e-19,7.059e-16,1.00000000
59.100000,0.139204,1.059994,-2.509178,2.727441,-11.767904,-14.277081,9.302e-16,5.542e-16,2.977e-19,9.302e-16,1.00000000
59.200000,0.172239,1.055037,-2.499109,2.718145,-11.777999,-14.277108,1.193e-15,7.512e-16,2.870e-19,1.193e-15,1.00000000
59.300000,0.205361,1.047491,-2.489111,2.708336,-11.788022,-14.277133,1.418e-15,1.021e-15,2.957e-19,1.418e-15,1.00000000
59.400000,0.238125,1.037411,-2.479852,2.698627,-11.797304,-14.277155,1.467e-15,1.386e-15,3.107e-19,1.467e-15,1.00000000
59.500000,0.270543,1.025283,-2.472127,2.689947,-11.805045,-14.277173,1.355e-15,1.538e-15,3.189e-19,1.538e-15,1.00000000
59.600000,0.302712,1.011559,-2.466322,2.682840,-11.810863,-14.277186,1.161e-15,1.670e-15,3.256e-19,1.670e-15,1.00000000
59.700000,0.334327,0.996861,-2.463001,2.678037,-11.814192,-14.277193,9.451e-16,2.053e-15,3.203e-19,2.053e-15,1.00000000
59.800000,0.364705,0.981831,-2.463056,2.676499,-11.814141,-14.277196,7.793e-16,2.588e-15,3.174e-19,2.588e-15,1.00000000
59.900000,0.393525,0.966138,-2.467076,2.678573,-11.810118,-14.277195,6.633e-16,3.405e-15,3.137e-19,3.405e-15,1.00000000
60.000000,0.421059,0.948994,-2.475880,2.684746,-11.801309,-14.277189,5.538e-16,4.460e-15,3.150e-19,4.460e-15,1.00000000
60.100000,0.447535,0.930067,-2.490355,2.695770,-11.786826,-14.277181,4.487e-16,6.102e-15,3.230e-19,6.102e-15,1.00000000
60.200000,0.473064,0.909364,-2.510537,2.711739,-11.766633,-14.277171,3.662e-16,7.861e-15,3.358e-19,7.861e-15,1.00000000
60.300000,0.497911,0.886713,-2.535802,2.732118,-11.741357,-14.277159,3.147e-16,7.253e-15,3.273e-19,7.253e-15,1.00000000
60.400000,0.522100,0.861667,-2.564913,2.755692,-11.712234,-14.277147,2.706e-16,6.268e-15,3.015e-19,6.268e-15,1.00000000
60.500000,0.545700,0.834044,-2.596639,2.781358,-11.680497,-14.277137,2.281e-16,7.890e-15,2.832e-19,7.890e-15,1.00000000
60.600000,0.568412,0.804227,-2.630283,2.808605,-11.646845,-14.277128,1.973e-16,1.012e-14,2.789e-19,1.012e-14,1.00000000
60.700000,0.589688,0.772348,-2.665222,2.836840,-11.611898,-14.277121,1.640e-16,1.135e-14,3.039e-19,1.135e-14,1.00000000
60.800000,0.608972,0.738186,-2.700289,2.864843,-11.576827,-14.277116,1.260e-16,1.143e-14,3.287e-19,1.143e-14,1.00000000
60.900000,0.625947,0.701541,-2.734528,2.891646,-11.542586,-14.277114,9.618e-17,1.064e-14,3.363e-19,1.064e-14,1.00000000
61.000000,0.640551,0.662260,-2.767626,2.916959,-11.509489,-14.277114,7.926e-17,9.188e-15,3.593e-19,9.188e-15,1.00000000
61.100000,0.652404,0.620049,-2.799189,2.940332,-11.477927,-14.277117,6.984e-17,7.385e-15,4.210e-19,7.385e-15,1.00000000
61.200000,0.660958,0.575070,-2.828241,2.960830,-11.448879,-14.277120,6.716e-17,5.542e-15,4.763e-19,5.542e-15,1.00000000
61.300000,0.666361,0.528418,-2.854381,2.978382,-11.422742,-14.277123,7.279e-17,3.984e-15,4.365e-19,3.984e-15,1.00000000
61.400000,0.669341,0.481963,-2.878137,2.993990,-11.398990,-14.277127,8.636e-17,2.721e-15,3.874e-19,2.721e-15,1.00000000
61.500000,0.670443,0.437570,-2.900843,3.009294,-11.376286,-14.277130,1.061e-16,1.800e-15,3.583e-19,1.800e-15,1.00000000
61.600000,0.670388,0.395885,-2.923462,3.025355,-11.353669,-14.277131,1.472e-16,1.223e-15,3.238e-19,1.223e-15,1.00000000
61.700000,0.669803,0.356249,-2.946087,3.042199,-11.331045,-14.277132,2.210e-16,8.981e-16,3.168e-19,8.981e-16,1.00000000
61.800000,0.669166,0.317723,-2.967988,3.059033,-11.309142,-14.277131,3.181e-16,7.555e-16,3.229e-19,7.555e-16,1.00000000
61.900000,0.668678,0.279727,-2.988367,3.075015,-11.288761,-14.277128,4.204e-16,7.448e-16,3.131e-19,7.448e-16,1.00000000
62.000000,0.667788,0.241675,-3.006839,3.089567,-11.270285,-14.277124,5.220e-16,7.374e-16,2.933e-19,7.374e-16,1.00000000
62.100000,0.665534,0.203309,-3.023170,3.102230,-11.253948,-14.277119,6.524e-16,6.582e-16,2.955e-19,6.582e-16,1.00000000
62.200000,0.661147,0.164825,-3.037028,3.112527,-11.240084,-14.277113,9.544e-16,6.210e-16,3.148e-19,9.544e-16,1.00000000
62.300000,0.653739,0.126187,-3.048090,3.119960,-11.229016,-14.277106,1.515e-15,6.904e-16,3.477e-19,1.515e-15,1.00000000
62.400000,0.642927,0.087518,-3.055978,3.124103,-11.221121,-14.277100,2.158e-15,8.766e-16,3.788e-19,2.158e-15,1.00000000
62.500000,0.628783,0.049458,-3.060559,3.124874,-11.216535,-14.277093,2.532e-15,1.202e-15,4.119e-19,2.532e-15,1.00000000
62.600000,0.611662,0.012596,-3.062591,3.123099,-11.214498,-14.277088,2.489e-15,1.673e-15,4.857e-19,2.489e-15,1.00000000
62.700000,0.592074,-0.023174,-3.063133,3.119915,-11.213952,-14.277084,2.301e-15,2.130e-15,5.245e-19,2.301e-15,1.00000000
62.800000,0.570317,-0.058015,-3.062464,3.115656,-11.214618,-14.277082,2.041e-15,2.410e-15,5.324e-19,2.410e-15,1.00000000
62.900000,0.546899,-0.091775,-3.060756,3.110586,-11.216326,-14.277082,1.740e-15,2.484e-15,4.729e-19,2.484e-15,1.00000000
63.000000,0.522529,-0.124001,-3.058089,3.104886,-11.218994,-14.277083,1.460e-15,2.569e-15,4.088e-19,2.569e-15,1.00000000
63.100000,0.497736,-0.153728,-3.054281,3.098388,-11.222804,-14.277086,1.217e-15,2.943e-15,3.863e-19,2.943e-15,1.00000000
63.200000,0.472709,-0.180403,-3.049420,3.091110,-11.227670,-14.277090,1.052e-15,4.001e-15,3.688e-19,4.001e-15,1.00000000
63.300000,0.447530,-0.204127,-3.043920,3.083407,-11.233175,-14.277095,9.670e-16,6.409e-15,3.682e-19,6.409e-15,1.00000000
63.400000,0.422434,-0.224570,-3.038337,3.075772,-11.238763,-14.277100,8.922e-16,8.850e-15,3.534e-19,8.850e-15,1.00000000
63.500000,0.397683,-0.242098,-3.033261,3.068784,-11.243844,-14.277106,7.942e-16,8.421e-15,3.293e-19,8.421e-15,1.00000000
63.600000,0.373384,-0.257247,-3.028995,3.062744,-11.248116,-14.277111,6.524e-16,7.472e-15,3.128e-19,7.472e-15,1.00000000
63.700000,0.349487,-0.270356,-3.025450,3.057545,-11.251665,-14.277115,4.938e-16,9.764e-15,3.226e-19,9.764e-15,1.00000000
63.800000,0.326158,-0.282148,-3.021985,3.052602,-11.255133,-14.277118,3.966e-16,1.403e-14,3.595e-19,1.403e-14,1.00000000
63.900000,0.303273,-0.292994,-3.017878,3.047197,-11.259242,-14.277120,3.379e-16,1.813e-14,4.223e-19,1.813e-14,1.00000000
64.000000,0.280350,-0.302548,-3.012603,3.040708,-11.264518,-14.277121,2.704e-16,2.028e-14,5.169e-19,2.028e-14,1.00000000
64.100000,0.257229,-0.310325,-3.005664,3.032571,-11.271455,-14.277120,2.021e-16,1.908e-14,6.297e-19,1.908e-14,1.00000000
64.200000,0.233918,-0.315772,-2.997060,3.022713,-11.280057,-14.277117,1.513e-16,1.571e-14,8.105e-19,1.571e-14,1.00000000
64.300000,0.210893,-0.319150,-2.987218,3.011612,-11.289894,-14.277113,1.228e-16,1.189e-14,1.065e-18,1.189e-14,1.00000000
64.400000,0.188517,-0.320644,-2.976900,3.000048,-11.300207,-14.277107,1.124e-16,8.604e-15,1.153e-18,8.604e-15,1.00000000
64.500000,0.166660,-0.319859,-2.966777,2.988621,-11.310324,-14.277101,1.274e-16,6.088e-15,9.548e-19,6.088e-15,1.00000000
64.600000,0.145313,-0.316500,-2.956734,2.977173,-11.320361,-14.277095,1.671e-16,4.187e-15,7.046e-19,4.187e-15,1.00000000
64.700000,0.124661,-0.310485,-2.946186,2.965123,-11.330903,-14.277089,2.164e-16,2.814e-15,5.242e-19,2.814e-15,1.00000000
64.800000,0.104604,-0.302450,-2.934424,2.951823,-11.342660,-14.277084,3.185e-16,1.894e-15,4.062e-19,1.894e-15,1.00000000
64.900000,0.084975,-0.293371,-2.921451,2.937374,-11.355628,-14.277079,4.903e-16,1.345e-15,3.787e-19,1.345e-15,1.00000000
65.000000,0.066142,-0.283382,-2.907388,2.921915,-11.369688,-14.277076,7.019e-16,1.019e-15,3.528e-19,1.019e-15,1.00000000
65.100000,0.048489,-0.272320,-2.892200,2.905396,-11.384875,-14.277074,1.199e-15,8.467e-16,3.514e-19,1.199e-15,1.00000000
65.200000,0.032264,-0.260619,-2.875901,2.887866,-11.401173,-14.277074,1.910e-15,7.415e-16,3.692e-19,1.910e-15,1.00000000
65.300000,0.017685,-0.248542,-2.858775,2.869614,-11.418299,-14.277074,2.938e-15,6.846e-16,4.044e-19,2.938e-15,1.00000000
65.400000,0.004925,-0.236384,-2.841141,2.850962,-11.435935,-14.277076,4.024e-15,6.774e-16,4.707e-19,4.024e-15,1.00000000
65.500000,-0.005801,-0.224183,-2.822925,2.831819,-11.454153,-14.277079,4.693e-15,7.780e-16,5.782e-19,4.693e-15,1.00000000
65.600000,-0.015244,-0.211570,-2.803972,2.811983,-11.473110,-14.277082,5.390e-15,9.969e-16,6.720e-19,5.390e-15,1.00000000
65.700000,-0.024236,-0.198490,-2.784316,2.791488,-11.492769,-14.277085,6.406e-15,1.424e-15,7.892e-19,6.406e-15,1.00000000
65.800000,-0.032597,-0.185307,-2.764408,2.770803,-11.512681,-14.277089,7.394e-15,2.059e-15,9.220e-19,7.394e-15,1.00000000
65.900000,-0.039941,-0.172210,-2.744840,2.750527,-11.532253,-14.277093,7.454e-15,2.723e-15,1.022e-18,7.454e-15,1.00000000
66.000000,-0.046313,-0.158909,-2.726134,2.731154,-11.550963,-14.277096,6.315e-15,3.217e-15,1.024e-18,6.315e-15,1.00000000
66.100000,-0.051785,-0.144790,-2.708922,2.713283,-11.568177,-14.277100,4.948e-15,3.357e-15,9.030e-19,4.948e-15,1.00000000
66.200000,-0.056108,-0.129570,-2.694533,2.698230,-11.582569,-14.277102,3.859e-15,3.290e-15,7.282e-19,3.859e-15,1.00000000
66.300000,-0.058977,-0.113492,-2.683925,2.686971,-11.593179,-14.277103,3.042e-15,3.462e-15,5.998e-19,3.462e-15,1.00000000
66.400000,-0.060269,-0.096968,-2.676986,2.679420,-11.600118,-14.277104,2.600e-15,4.698e-15,5.333e-19,4.698e-15,1.00000000
66.500000,-0.060003,-0.079728,-2.672787,2.674649,-11.604317,-14.277104,2.323e-15,8.611e-15,4.867e-19,8.611e-15,1.00000000
66.600000,-0.058201,-0.061224,-2.671095,2.672431,-11.606008,-14.277104,2.053e-15,1.297e-14,4.711e-19,1.297e-14,1.00000000
66.700000,-0.054617,-0.041334,-2.671969,2.672846,-11.605135,-14.277103,1.823e-15,1.340e-14,4.927e-19,1.340e-14,1.00000000
66.800000,-0.048816,-0.020712,-2.674718,2.675243,-11.602385,-14.277102,1.638e-15,1.274e-14,5.205e-19,1.274e-14,1.00000000
66.900000,-0.041006,-0.000523,-2.677989,2.678303,-11.599113,-14.277102,1.463e-15,1.726e-14,5.953e-19,1.726e-14,1.00000000
67.000000,-0.031310,0.018216,-2.680803,2.681048,-11.596298,-14.277101,1.231e-15,2.696e-14,7.157e-19,2.696e-14,1.00000000
67.100000,-0.019919,0.035073,-2.683335,2.683638,-11.593766,-14.277101,9.620e-16,3.408e-14,8.731e-19,3.408e-14,1.00000000
67.200000,-0.007528,0.049502,-2.686329,2.686796,-11.590772,-14.277101,7.100e-16,3.350e-14,1.041e-18,3.350e-14,1.00000000
67.300000,0.005358,0.061110,-2.690734,2.691433,-11.586368,-14.277102,5.112e-16,3.031e-14,1.191e-18,3.031e-14,1.00000000
67.400000,0.017930,0.069925,-2.696600,2.697566,-11.580503,-14.277102,3.813e-16,2.817e-14,1.447e-18,2.817e-14,1.00000000
67.500000,0.029283,0.076415,-2.702809,2.704047,-11.574295,-14.277104,3.206e-16,2.437e-14,1.885e-18,2.437e-14,1.00000000
67.600000,0.039223,0.081300,-2.708864,2.710368,-11.568241,-14.277105,3.011e-16,1.788e-14,2.009e-18,1.788e-14,1.00000000
67.700000,0.048334,0.085053,-2.715213,2.716975,-11.561893,-14.277106,3.276e-16,1.162e-14,1.692e-18,1.162e-14,1.00000000
67.800000,0.057670,0.087815,-2.722815,2.724841,-11.554292,-14.277107,4.555e-16,7.370e-15,1.232e-18,7.370e-15,1.00000000
67.900000,0.067800,0.089624,-2.732170,2.734480,-11.544938,-14.277108,8.432e-16,4.901e-15,9.192e-19,4.901e-15,1.00000000
68.000000,0.078940,0.090239,-2.743093,2.745712,-11.534016,-14.277109,1.513e-15,3.347e-15,7.926e-19,3.347e-15,1.00000000
68.100000,0.090703,0.089295,-2.754783,2.757722,-11.522328,-14.277110,2.219e-15,2.422e-15,7.477e-19,2.422e-15,1.00000000
68.200000,0.102559,0.086322,-2.766502,2.769748,-11.510609,-14.277111,2.754e-15,1.953e-15,7.858e-19,2.754e-15,1.00000000
68.300000,0.114291,0.081261,-2.778473,2.782010,-11.498638,-14.277111,4.007e-15,1.715e-15,8.379e-19,4.007e-15,1.00000000
68.400000,0.125758,0.074489,-2.791079,2.794903,-11.486033,-14.277111,6.547e-15,1.564e-15,8.853e-19,6.547e-15,1.00000000
68.500000,0.136615,0.066736,-2.804299,2.808417,-11.472812,-14.277111,1.080e-14,1.382e-15,9.700e-19,1.080e-14,1.00000000
68.600000,0.146542,0.058006,-2.819001,2.823403,-11.458109,-14.277111,1.627e-14,1.163e-15,1.141e-18,1.627e-14,1.00000000
68.700000,0.155175,0.048595,-2.836023,2.840681,-11.441087,-14.277110,1.956e-14,1.097e-15,1.309e-18,1.956e-14,1.00000000
68.800000,0.162341,0.039206,-2.854612,2.859493,-11.422497,-14.277109,2.275e-14,1.261e-15,1.494e-18,2.275e-14,1.00000000
68.900000,0.168073,0.030259,-2.873618,2.878688,-11.403489,-14.277108,2.362e-14,1.682e-15,1.674e-18,2.362e-14,1.00000000
69.000000,0.172505,0.021766,-2.891462,2.896685,-11.385644,-14.277106,2.136e-14,2.441e-15,1.824e-18,2.136e-14,1.00000000
69.100000,0.176118,0.013709,-2.906978,2.912341,-11.370126,-14.277105,1.714e-14,3.409e-15,2.012e-18,1.714e-14,1.00000000
69.200000,0.179482,0.005889,-2.920391,2.925907,-11.356712,-14.277103,1.306e-14,4.426e-15,2.191e-18,1.306e-14,1.00000000
69.300000,0.183196,-0.002300,-2.933135,2.938851,-11.343967,-14.277102,1.002e-14,5.523e-15,2.003e-18,1.002e-14,1.00000000
69.400000,0.187684,-0.011324,-2.947073,2.953065,-11.330027,-14.277100,7.530e-15,6.822e-15,1.903e-18,7.530e-15,1.00000000
69.500000,0.192782,-0.021690,-2.963225,2.969568,-11.313874,-14.277098,5.595e-15,8.907e-15,1.866e-18,8.907e-15,1.00000000
69.600000,0.198144,-0.033951,-2.981249,2.988020,-11.295847,-14.277097,4.301e-15,1.151e-14,1.826e-18,1.151e-14,1.00000000
69.700000,0.203467,-0.047696,-2.999857,3.007127,-11.277238,-14.277095,3.697e-15,2.193e-14,1.752e-18,2.193e-14,1.00000000
69.800000,0.208683,-0.061536,-3.018053,3.025885,-11.259040,-14.277093,3.548e-15,3.973e-14,1.705e-18,3.973e-14,1.00000000
69.900000,0.213841,-0.074484,-3.035183,3.043618,-11.241909,-14.277091,3.297e-15,6.276e-14,2.542e-18,6.276e-14,1.00000000
70.000000,0.218856,-0.086710,-3.050803,3.059871,-11.226287,-14.277090,2.881e-15,9.916e-14,3.196e-18,9.916e-14,1.00000000
70.100000,0.223686,-0.099035,-3.065329,3.075075,-11.211759,-14.277088,2.391e-15,1.271e-13,2.617e-18,1.271e-13,1.00000000
70.200000,0.228208,-0.112163,-3.078990,3.089472,-11.198097,-14.277087,1.941e-15,1.198e-13,2.369e-18,1.198e-13,1.00000000
70.300000,0.232095,-0.126382,-3.091808,3.103082,-11.185277,-14.277086,1.532e-15,9.341e-14,2.452e-18,9.341e-14,1.00000000
70.400000,0.234878,-0.141759,-3.104067,3.116167,-11.173018,-14.277085,1.216e-15,7.617e-14,2.839e-18,7.617e-14,1.00000000
70.500000,0.236177,-0.158151,-3.115618,3.128556,-11.161468,-14.277085,1.019e-15,6.685e-14,3.273e-18,6.685e-14,1.00000000
70.600000,0.235585,-0.175117,-3.126357,3.140107,-11.150730,-14.277086,9.720e-16,5.702e-14,3.738e-18,5.702e-14,1.00000000
70.700000,0.233187,-0.192176,-3.136661,3.151182,-11.140427,-14.277088,1.195e-15,4.473e-14,4.308e-18,4.473e-14,1.00000000
70.800000,0.228722,-0.209120,-3.146793,3.162016,-11.130298,-14.277090,1.551e-15,3.178e-14,4.438e-18,3.178e-14,1.00000000
70.900000,0.221974,-0.226255,-3.156423,3.172297,-11.120670,-14.277093,1.809e-15,2.086e-14,3.880e-18,2.086e-14,1.00000000
71.000000,0.213071,-0.243373,-3.164567,3.181056,-11.112529,-14.277097,2.612e-15,1.315e-14,3.525e-18,1.315e-14,1.00000000
71.100000,0.202852,-0.259468,-3.170390,3.187451,-11.106710,-14.277100,3.905e-15,8.286e-15,3.309e-18,8.286e-15,1.00000000
71.200000,0.191996,-0.273917,-3.173895,3.191473,-11.103209,-14.277104,5.436e-15,5.433e-15,3.322e-18,5.436e-15,1.00000000
71.300000,0.180669,-0.286464,-3.176033,3.194040,-11.101074,-14.277107,6.931e-15,3.816e-15,3.168e-18,6.931e-15,1.00000000
71.400000,0.168499,-0.297228,-3.178087,3.196400,-11.099024,-14.277111,9.315e-15,3.064e-15,3.581e-18,9.315e-15,1.00000000
71.500000,0.155192,-0.306640,-3.180499,3.199013,-11.096614,-14.277113,1.378e-14,2.732e-15,4.419e-18,1.378e-14,1.00000000
71.600000,0.140736,-0.315327,-3.183021,3.201697,-11.094094,-14.277115,1.966e-14,2.532e-15,4.709e-18,1.966e-14,1.00000000
71.700000,0.124820,-0.323779,-3.184981,3.203828,-11.092136,-14.277117,2.783e-14,2.308e-15,4.319e-18,2.783e-14,1.00000000
71.800000,0.107512,-0.331985,-3.185788,3.204843,-11.091329,-14.277117,4.210e-14,2.151e-15,4.149e-18,4.210e-14,1.00000000
71.900000,0.089254,-0.339783,-3.184866,3.204184,-11.092250,-14.277117,6.158e-14,2.168e-15,4.088e-18,6.158e-14,1.00000000
72.000000,0.070683,-0.346971,-3.182090,3.201731,-11.095026,-14.277116,7.145e-14,2.601e-15,4.825e-18,7.145e-14,1.00000000
72.100000,0.052522,-0.353104,-3.177478,3.197469,-11.099636,-14.277114,6.133e-14,3.891e-15,5.760e-18,6.133e-14,1.00000000
72.200000,0.035802,-0.357852,-3.171082,3.191411,-11.106030,-14.277112,4.565e-14,6.101e-15,6.292e-18,4.565e-14,1.00000000
72.300000,0.020802,-0.361653,-3.162854,3.183532,-11.114256,-14.277110,3.550e-14,8.623e-15,6.708e-18,3.550e-14,1.00000000
72.400000,0.007222,-0.364960,-3.152526,3.173589,-11.124582,-14.277108,2.950e-14,1.153e-14,7.484e-18,2.950e-14,1.00000000
72.500000,-0.005621,-0.368006,-3.140287,3.161782,-11.136819,-14.277107,2.347e-14,1.733e-14,8.739e-18,2.347e-14,1.00000000
72.600000,-0.018569,-0.370662,-3.126172,3.148124,-11.150934,-14.277106,1.710e-14,2.819e-14,9.409e-18,2.819e-14,1.00000000
72.700000,-0.031766,-0.372833,-3.109900,3.132330,-11.167206,-14.277106,1.213e-14,4.248e-14,8.254e-18,4.248e-14,1.00000000
72.800000,-0.045406,-0.374997,-3.092034,3.115022,-11.185072,-14.277106,8.560e-15,6.227e-14,9.224e-18,6.227e-14,1.00000000
72.900000,-0.059466,-0.377193,-3.073576,3.097205,-11.203532,-14.277108,6.155e-15,9.487e-14,1.000e-17,9.487e-14,1.00000000
73.000000,-0.073703,-0.379275,-3.054932,3.079268,-11.222178,-14.277110,5.143e-15,1.639e-13,1.104e-17,1.639e-13,1.00000000
73.100000,-0.088023,-0.380936,-3.035993,3.061064,-11.241119,-14.277112,4.876e-15,2.950e-13,1.434e-17,2.950e-13,1.00000000
73.200000,-0.102597,-0.381807,-3.016390,3.042189,-11.260725,-14.277115,4.760e-15,3.860e-13,1.543e-17,3.860e-13,1.00000000
73.300000,-0.117901,-0.381907,-2.996305,3.022846,-11.280813,-14.277118,4.691e-15,3.840e-13,1.471e-17,3.840e-13,1.00000000
73.400000,-0.134355,-0.381544,-2.976441,3.003802,-11.300681,-14.277121,4.512e-15,3.626e-13,1.363e-17,3.626e-13,1.00000000
73.500000,-0.152339,-0.380856,-2.957495,2.985806,-11.319629,-14.277125,3.987e-15,3.275e-13,1.123e-17,3.275e-13,1.00000000
73.600000,-0.172166,-0.379514,-2.939818,2.969209,-11.337309,-14.277127,3.294e-15,2.838e-13,1.130e-17,2.838e-13,1.00000000
73.700000,-0.194246,-0.376968,-2.923413,2.954011,-11.353717,-14.277130,2.932e-15,2.243e-13,1.288e-17,2.243e-13,1.00000000
73.800000,-0.218280,-0.372681,-2.908613,2.940505,-11.368519,-14.277132,3.059e-15,1.605e-13,1.411e-17,1.605e-13,1.00000000
73.900000,-0.243841,-0.366233,-2.895376,2.928615,-11.381756,-14.277132,3.625e-15,1.147e-13,1.358e-17,1.147e-13,1.00000000
74.000000,-0.270460,-0.357439,-2.883389,2.918021,-11.393743,-14.277132,4.654e-15,7.951e-14,1.377e-17,7.951e-14,1.00000000
74.100000,-0.297445,-0.345770,-2.872368,2.908355,-11.404763,-14.277131,6.332e-15,5.099e-14,1.534e-17,5.099e-14,1.00000000
74.200000,-0.324058,-0.330980,-2.861881,2.899125,-11.415248,-14.277129,8.983e-15,3.051e-14,1.579e-17,3.051e-14,1.00000000
74.300000,-0.349813,-0.313284,-2.851249,2.889661,-11.425877,-14.277126,1.157e-14,1.778e-14,1.595e-17,1.778e-14,1.00000000
74.400000,-0.373951,-0.293212,-2.839508,2.878996,-11.437615,-14.277123,1.434e-14,1.051e-14,1.717e-17,1.434e-14,1.00000000
74.500000,-0.395514,-0.271987,-2.825917,2.866394,-11.451204,-14.277120,2.245e-14,6.935e-15,1.884e-17,2.245e-14,1.00000000
74.600000,-0.414165,-0.250726,-2.810041,2.851443,-11.467077,-14.277118,4.055e-14,5.196e-15,1.824e-17,4.055e-14,1.00000000
74.700000,-0.430154,-0.229716,-2.792186,2.834449,-11.484931,-14.277116,5.964e-14,4.354e-15,2.244e-17,5.964e-14,1.00000000
74.800000,-0.444056,-0.208854,-2.772969,2.816055,-11.504146,-14.277116,7.717e-14,3.976e-15,2.571e-17,7.717e-14,1.00000000
74.900000,-0.456228,-0.188227,-2.753079,2.796965,-11.524038,-14.277116,1.098e-13,4.060e-15,2.356e-17,1.098e-13,1.00000000
75.000000,-0.466592,-0.167693,-2.733327,2.777932,-11.543791,-14.277118,1.422e-13,4.646e-15,2.228e-17,1.422e-13,1.00000000
75.100000,-0.475358,-0.147059,-2.714042,2.759279,-11.563078,-14.277120,1.538e-13,6.309e-15,2.159e-17,1.538e-13,1.00000000
75.200000,-0.482491,-0.126660,-2.695408,2.741180,-11.581715,-14.277123,1.508e-13,9.599e-15,2.238e-17,1.508e-13,1.00000000
75.300000,-0.487805,-0.106927,-2.677815,2.723982,-11.599313,-14.277128,1.352e-13,1.525e-14,2.515e-17,1.352e-13,1.00000000
75.400000,-0.491636,-0.087577,-2.662055,2.708489,-11.615077,-14.277132,1.145e-13,2.130e-14,2.799e-17,1.145e-13,1.00000000
75.500000,-0.494397,-0.067618,-2.648877,2.695468,-11.628260,-14.277137,9.485e-14,3.166e-14,2.966e-17,9.485e-14,1.00000000
75.600000,-0.496127,-0.047289,-2.638421,2.685078,-11.638721,-14.277142,7.303e-14,4.432e-14,3.427e-17,7.303e-14,1.00000000
75.700000,-0.496935,-0.027042,-2.630647,2.677308,-11.646499,-14.277146,5.245e-14,6.647e-14,3.973e-17,6.647e-14,1.00000000
75.800000,-0.496492,-0.007120,-2.625294,2.671839,-11.651856,-14.277150,3.475e-14,1.186e-13,4.068e-17,1.186e-13,1.00000000
75.900000,-0.494695,0.012292,-2.621914,2.668203,-11.655238,-14.277152,2.236e-14,1.891e-13,4.230e-17,1.891e-13,1.00000000
76.000000,-0.491864,0.030983,-2.620524,2.666465,-11.656630,-14.277154,1.588e-14,2.446e-13,4.699e-17,2.446e-13,1.00000000
76.100000,-0.488187,0.049034,-2.621690,2.667206,-11.655464,-14.277154,1.264e-14,3.013e-13,5.494e-17,3.013e-13,1.00000000
76.200000,-0.483748,0.067022,-2.625684,2.670716,-11.651469,-14.277154,1.043e-14,4.139e-13,6.361e-17,4.139e-13,1.00000000
76.300000,-0.479058,0.085335,-2.632942,2.677529,-11.644210,-14.277152,8.928e-15,6.325e-13,7.135e-17,6.325e-13,1.00000000
76.400000,-0.474535,0.104210,-2.643857,2.688126,-11.633292,-14.277149,7.801e-15,8.327e-13,7.578e-17,8.327e-13,1.00000000
76.500000,-0.469925,0.123514,-2.657948,2.701994,-11.619198,-14.277146,7.206e-15,8.042e-13,7.854e-17,8.042e-13,1.00000000
76.600000,-0.464939,0.143038,-2.674468,2.718347,-11.602673,-14.277141,6.996e-15,5.948e-13,7.390e-17,5.948e-13,1.00000000
76.700000,-0.459431,0.162725,-2.692397,2.736158,-11.584739,-14.277137,6.707e-15,5.125e-13,7.019e-17,5.125e-13,1.00000000
76.800000,-0.453566,0.182751,-2.710455,2.754213,-11.566676,-14.277132,6.618e-15,5.204e-13,7.162e-17,5.204e-13,1.00000000
76.900000,-0.447056,0.202931,-2.727675,2.771506,-11.549452,-14.277126,7.136e-15,4.316e-13,6.754e-17,4.316e-13,1.00000000
77.000000,-0.439344,0.222875,-2.743565,2.787444,-11.533556,-14.277121,9.058e-15,2.938e-13,6.536e-17,2.938e-13,1.00000000
77.100000,-0.430260,0.242510,-2.758076,2.801949,-11.519041,-14.277116,1.296e-14,1.884e-13,6.420e-17,1.884e-13,1.00000000
77.200000,-0.419382,0.262255,-2.771043,2.814843,-11.506068,-14.277112,1.921e-14,1.203e-13,6.261e-17,1.203e-13,1.00000000
77.300000,-0.406236,0.282386,-2.782907,2.826542,-11.494201,-14.277108,2.640e-14,7.728e-14,6.742e-17,7.728e-14,1.00000000
77.400000,-0.390853,0.302438,-2.794385,2.837750,-11.482720,-14.277105,3.337e-14,4.864e-14,7.966e-17,4.864e-14,1.00000000
77.500000,-0.373403,0.321910,-2.805563,2.848550,-11.471541,-14.277104,4.231e-14,2.997e-14,8.125e-17,4.231e-14,1.00000000
77.600000,-0.354144,0.340489,-2.816573,2.859097,-11.460530,-14.277103,5.648e-14,1.848e-14,8.459e-17,5.648e-14,1.00000000
77.700000,-0.333718,0.357894,-2.827539,2.869570,-11.449565,-14.277104,9.621e-14,1.288e-14,8.785e-17,9.621e-14,1.00000000
77.800000,-0.312592,0.374123,-2.838267,2.879833,-11.438838,-14.277105,1.635e-13,1.020e-14,1.036e-16,1.635e-13,1.00000000
77.900000,-0.291174,0.389550,-2.848530,2.889750,-11.428577,-14.277107,1.911e-13,9.230e-15,1.169e-16,1.911e-13,1.00000000
78.000000,-0.269944,0.404618,-2.858339,2.899428,-11.418771,-14.277110,2.847e-13,9.628e-15,1.236e-16,2.847e-13,1.00000000
78.100000,-0.249466,0.419367,-2.867714,2.908932,-11.409399,-14.277114,3.970e-13,1.151e-14,1.322e-16,3.970e-13,1.00000000
78.200000,-0.229708,0.433815,-2.876893,2.918471,-11.400225,-14.277117,3.608e-13,1.507e-14,1.229e-16,3.608e-13,1.00000000
78.300000,-0.210124,0.447874,-2.886014,2.928109,-11.391108,-14.277121,2.758e-13,1.997e-14,1.152e-16,2.758e-13,1.00000000
78.400000,-0.190471,0.461722,-2.895098,2.937866,-11.382028,-14.277125,2.653e-13,2.784e-14,1.192e-16,2.653e-13,1.00000000
78.500000,-0.170781,0.475413,-2.904279,2.947884,-11.372850,-14.277129,2.746e-13,4.288e-14,1.203e-16,2.746e-13,1.00000000
78.600000,-0.150934,0.488826,-2.913237,2.957817,-11.363896,-14.277133,2.271e-13,6.495e-14,1.202e-16,2.271e-13,1.00000000
78.700000,-0.130699,0.501813,-2.921512,2.967175,-11.355624,-14.277136,1.658e-13,1.064e-13,1.256e-16,1.658e-13,1.00000000
78.800000,-0.109822,0.514363,-2.928912,2.975761,-11.348226,-14.277138,1.204e-13,1.936e-13,1.459e-16,1.936e-13,1.00000000
78.900000,-0.088498,0.526471,-2.935417,2.983568,-11.341722,-14.277139,8.694e-14,3.046e-13,1.610e-16,3.046e-13,1.00000000
79.000000,-0.066455,0.538016,-2.941141,2.990684,-11.335997,-14.277139,5.972e-14,3.989e-13,1.961e-16,3.989e-13,1.00000000
79.100000,-0.043417,0.548970,-2.946562,2.997579,-11.330576,-14.277138,3.926e-14,4.559e-13,1.992e-16,4.559e-13,1.00000000
79.200000,-0.018992,0.559040,-2.952920,3.005432,-11.324216,-14.277136,2.669e-14,5.229e-13,2.226e-16,5.229e-13,1.00000000
79.300000,0.007202,0.567886,-2.961207,3.015177,-11.315927,-14.277133,2.052e-14,6.964e-13,2.442e-16,6.964e-13,1.00000000
79.400000,0.035095,0.575064,-2.970954,3.026302,-11.306176,-14.277130,1.719e-14,9.744e-13,2.849e-16,9.744e-13,1.00000000
79.500000,0.063933,0.580691,-2.981043,3.037747,-11.296083,-14.277126,1.444e-14,1.170e-12,2.994e-16,1.170e-12,1.00000000
79.600000,0.093008,0.585169,-2.990928,3.049053,-11.286194,-14.277122,1.324e-14,1.176e-12,3.495e-16,1.176e-12,1.00000000
79.700000,0.122206,0.588441,-3.001015,3.060602,-11.276103,-14.277117,1.367e-14,1.272e-12,3.993e-16,1.272e-12,1.00000000
79.800000,0.151671,0.589904,-3.011588,3.072565,-11.265524,-14.277113,1.489e-14,1.287e-12,3.590e-16,1.287e-12,1.00000000
79.900000,0.181408,0.588995,-3.022492,3.084685,-11.254616,-14.277108,1.688e-14,1.059e-12,3.380e-16,1.059e-12,1.00000000
80.000000,0.211059,0.585516,-3.033006,3.096207,-11.244098,-14.277104,2.035e-14,7.618e-13,3.601e-16,7.618e-13,1.00000000
80.100000,0.240233,0.579793,-3.042477,3.106531,-11.234624,-14.277101,2.692e-14,5.279e-13,3.457e-16,5.279e-13,1.00000000
80.200000,0.268919,0.571985,-3.050848,3.115631,-11.226250,-14.277098,3.876e-14,3.851e-13,2.708e-16,3.851e-13,1.00000000
80.300000,0.297239,0.562447,-3.057851,3.123323,-11.219245,-14.277096,6.739e-14,2.842e-13,2.263e-16,2.842e-13,1.00000000
80.400000,0.325286,0.551282,-3.063714,3.129867,-11.213381,-14.277096,1.011e-13,2.038e-13,2.281e-16,2.038e-13,1.00000000
80.500000,0.353487,0.538403,-3.069260,3.136111,-11.207836,-14.277096,1.242e-13,1.384e-13,2.658e-16,1.384e-13,1.00000000
80.600000,0.382025,0.523796,-3.075125,3.142722,-11.201973,-14.277098,1.485e-13,8.789e-14,3.292e-16,1.485e-13,1.00000000
80.700000,0.410895,0.507277,-3.080980,3.149381,-11.196121,-14.277100,1.683e-13,5.393e-14,3.527e-16,1.683e-13,1.00000000
80.800000,0.440100,0.488639,-3.086168,3.155454,-11.190936,-14.277104,2.241e-13,3.246e-14,3.711e-16,2.241e-13,1.00000000
80.900000,0.468992,0.468070,-3.090114,3.160355,-11.186995,-14.277109,3.173e-13,2.203e-14,3.854e-16,3.173e-13,1.00000000
81.000000,0.496897,0.446017,-3.092908,3.164161,-11.184206,-14.277114,4.086e-13,1.813e-14,4.441e-16,4.086e-13,1.00000000
81.100000,0.523383,0.422634,-3.095052,3.167317,-11.182068,-14.277120,5.731e-13,1.966e-14,4.601e-16,5.731e-13,1.00000000
81.200000,0.548069,0.397937,-3.096782,3.169983,-11.180343,-14.277125,8.685e-13,2.417e-14,5.944e-16,8.685e-13,1.00000000
81.300000,0.570932,0.371854,-3.098151,3.172188,-11.178980,-14.277131,1.002e-12,3.004e-14,6.193e-16,1.002e-12,1.00000000
81.400000,0.592095,0.344322,-3.099262,3.174044,-11.177875,-14.277137,1.030e-12,4.288e-14,5.488e-16,1.030e-12,1.00000000
81.500000,0.611590,0.315053,-3.100253,3.175668,-11.176889,-14.277142,1.213e-12,7.362e-14,5.299e-16,1.213e-12,1.00000000
81.600000,0.629453,0.283699,-3.101044,3.176975,-11.176102,-14.277145,1.151e-12,1.195e-13,5.619e-16,1.151e-12,1.00000000
81.700000,0.645811,0.250633,-3.100896,3.177333,-11.176252,-14.277148,8.285e-13,1.791e-13,5.418e-16,8.285e-13,1.00000000
81.800000,0.661032,0.216569,-3.098819,3.175932,-11.178331,-14.277149,5.440e-13,2.351e-13,4.869e-16,5.440e-13,1.00000000
81.900000,0.675140,0.182077,-3.093931,3.171967,-11.183218,-14.277149,3.482e-13,3.055e-13,4.749e-16,3.482e-13,1.00000000
82.000000,0.687671,0.147196,-3.085723,3.164845,-11.191425,-14.277148,2.214e-13,4.239e-13,5.246e-16,4.239e-13,1.00000000
82.100000,0.697806,0.111695,-3.074746,3.154912,-11.202400,-14.277145,1.424e-13,6.628e-13,6.093e-16,6.628e-13,1.00000000
82.200000,0.705407,0.075530,-3.061559,3.142681,-11.215583,-14.277142,9.298e-14,8.871e-13,7.205e-16,8.871e-13,1.00000000
82.300000,0.710810,0.038991,-3.047063,3.129116,-11.230075,-14.277138,5.987e-14,9.803e-13,8.384e-16,9.803e-13,1.00000000
82.400000,0.714571,0.002522,-3.032673,3.115722,-11.244462,-14.277135,3.983e-14,1.236e-12,8.829e-16,1.236e-12,1.00000000
82.500000,0.717404,-0.033472,-3.019747,3.103975,-11.257384,-14.277131,3.137e-14,1.791e-12,1.016e-15,1.791e-12,1.00000000
82.600000,0.719177,-0.069248,-3.009020,3.094545,-11.268109,-14.277129,2.717e-14,2.361e-12,1.155e-15,2.361e-12,1.00000000
82.700000,0.719646,-0.105211,-3.000386,3.087276,-11.276742,-14.277127,2.656e-14,3.003e-12,1.284e-15,3.003e-12,1.00000000
82.800000,0.718459,-0.141927,-2.993010,3.081304,-11.284117,-14.277127,3.124e-14,3.003e-12,1.440e-15,3.003e-12,1.00000000
82.900000,0.715175,-0.179363,-2.985872,3.075562,-11.291256,-14.277129,3.947e-14,2.346e-12,1.397e-15,2.346e-12,1.00000000
83.000000,0.709494,-0.217207,-2.978298,3.069336,-11.298833,-14.277132,5.446e-14,1.616e-12,1.225e-15,1.616e-12,1.00000000
83.100000,0.701211,-0.255068,-2.970059,3.062354,-11.307076,-14.277136,7.637e-14,1.081e-12,1.171e-15,1.081e-12,1.00000000
83.200000,0.690384,-0.292484,-2.960932,3.054390,-11.316209,-14.277141,9.644e-14,8.026e-13,1.162e-15,8.026e-13,1.00000000
83.300000,0.677365,-0.329221,-2.950571,3.045173,-11.326577,-14.277147,1.144e-13,6.338e-13,1.116e-15,6.338e-13,1.00000000
83.400000,0.662337,-0.365520,-2.939292,3.035084,-11.337862,-14.277154,1.432e-13,4.901e-13,1.000e-15,4.901e-13,1.00000000
83.500000,0.645453,-0.401478,-2.927408,3.024486,-11.349751,-14.277160,1.833e-13,3.677e-13,8.976e-16,3.677e-13,1.00000000
83.600000,0.626633,-0.436625,-2.914969,3.013362,-11.362197,-14.277166,2.311e-13,2.702e-13,9.159e-16,2.702e-13,1.00000000
83.700000,0.605586,-0.470172,-2.901861,3.001432,-11.375309,-14.277171,2.860e-13,1.905e-13,1.110e-15,2.860e-13,1.00000000
83.800000,0.582390,-0.501545,-2.888334,2.988846,-11.388840,-14.277174,3.388e-13,1.290e-13,1.148e-15,3.388e-13,1.00000000
83.900000,0.557846,-0.530712,-2.875231,2.976542,-11.401945,-14.277177,5.238e-13,8.299e-14,1.134e-15,5.238e-13,1.00000000
84.000000,0.532240,-0.557884,-2.863805,2.965787,-11.413373,-14.277178,7.654e-13,5.602e-14,1.256e-15,7.654e-13,1.00000000
84.100000,0.505714,-0.583284,-2.854951,2.957484,-11.422227,-14.277177,1.047e-12,4.398e-14,1.391e-15,1.047e-12,1.00000000
84.200000,0.478091,-0.607617,-2.849005,2.952050,-11.428170,-14.277176,1.715e-12,4.190e-14,1.659e-15,1.715e-12,1.00000000
84.300000,0.448955,-0.631075,-2.845805,2.949309,-11.431367,-14.277172,2.632e-12,4.493e-14,1.754e-15,2.632e-12,1.00000000
84.400000,0.417561,-0.653677,-2.844790,2.948641,-11.432377,-14.277168,2.868e-12,5.532e-14,1.886e-15,2.868e-12,1.00000000
84.500000,0.383387,-0.675259,-2.845347,2.949400,-11.431815,-14.277162,2.505e-12,8.000e-14,1.928e-15,2.505e-12,1.00000000
84.600000,0.346547,-0.695059,-2.846840,2.950882,-11.430316,-14.277156,2.287e-12,1.376e-13,1.804e-15,2.287e-12,1.00000000
84.700000,0.307764,-0.712185,-2.848403,2.952173,-11.428747,-14.277150,2.195e-12,2.349e-13,1.815e-15,2.195e-12,1.00000000
84.800000,0.267744,-0.726044,-2.849440,2.952649,-11.427704,-14.277144,1.796e-12,3.389e-13,1.744e-15,1.796e-12,1.00000000
84.900000,0.227305,-0.736465,-2.849408,2.951809,-11.427730,-14.277139,1.294e-12,4.699e-13,1.647e-15,1.294e-12,1.00000000
85.000000,0.187016,-0.743738,-2.848195,2.949633,-11.428940,-14.277134,8.795e-13,7.171e-13,1.639e-15,8.795e-13,1.00000000
85.100000,0.146871,-0.747996,-2.846131,2.946444,-11.431001,-14.277132,5.942e-13,9.583e-13,1.717e-15,9.583e-13,1.00000000
85.200000,0.106894,-0.749135,-2.844115,2.943063,-11.433015,-14.277130,3.972e-13,1.166e-12,1.766e-15,1.166e-12,1.00000000
85.300000,0.067117,-0.747310,-2.842918,2.940265,-11.434212,-14.277130,2.541e-13,1.522e-12,2.076e-15,1.522e-12,1.00000000
85.400000,0.028127,-0.742640,-2.842721,2.938259,-11.434411,-14.277132,1.554e-13,1.977e-12,2.545e-15,1.977e-12,1.00000000
85.500000,-0.009609,-0.735703,-2.844099,2.937729,-11.433035,-14.277134,1.005e-13,2.630e-12,2.832e-15,2.630e-12,1.00000000
85.600000,-0.045996,-0.726702,-2.847526,2.939152,-11.429612,-14.277137,7.239e-14,4.223e-12,3.124e-15,4.223e-12,1.00000000
85.700000,-0.081030,-0.715518,-2.852718,2.942198,-11.424423,-14.277141,6.058e-14,5.192e-12,3.497e-15,5.192e-12,1.00000000
85.800000,-0.114402,-0.702103,-2.859184,2.946348,-11.417961,-14.277145,5.963e-14,4.994e-12,3.829e-15,4.994e-12,1.00000000
85.900000,-0.145809,-0.686675,-2.865980,2.950699,-11.411167,-14.277148,6.581e-14,5.091e-12,4.017e-15,5.091e-12,1.00000000
86.000000,-0.175018,-0.669456,-2.872145,2.954322,-11.405006,-14.277151,7.724e-14,5.224e-12,3.896e-15,5.224e-12,1.00000000
86.100000,-0.202024,-0.650825,-2.877482,2.957075,-11.399671,-14.277153,9.587e-14,4.935e-12,3.987e-15,4.935e-12,1.00000000
86.200000,-0.226748,-0.630987,-2.882013,2.958980,-11.395141,-14.277154,1.265e-13,3.900e-12,3.931e-15,3.900e-12,1.00000000
86.300000,-0.249383,-0.609922,-2.885471,2.959754,-11.391683,-14.277155,1.684e-13,2.646e-12,4.226e-15,2.646e-12,1.00000000
86.400000,-0.270197,-0.587694,-2.887650,2.959209,-11.389503,-14.277154,2.129e-13,1.716e-12,3.661e-15,1.716e-12,1.00000000
86.500000,-0.289300,-0.564861,-2.888457,2.957354,-11.388695,-14.277152,2.763e-13,1.142e-12,3.397e-15,1.142e-12,1.00000000
86.600000,-0.306827,-0.542089,-2.887799,2.954215,-11.389350,-14.277149,3.812e-13,7.903e-13,3.189e-15,7.903e-13,1.00000000
86.700000,-0.322686,-0.519357,-2.885910,2.949972,-11.391235,-14.277145,5.203e-13,5.414e-13,2.908e-15,5.414e-13,1.00000000
86.800000,-0.337092,-0.496533,-2.883073,2.944874,-11.394069,-14.277141,6.774e-13,3.741e-13,2.778e-15,6.774e-13,1.00000000
86.900000,-0.350218,-0.473621,-2.879960,2.939582,-11.397177,-14.277137,9.015e-13,2.655e-13,3.243e-15,9.015e-13,1.00000000
87.000000,-0.362232,-0.450666,-2.876824,2.934353,-11.400310,-14.277134,1.231e-12,1.867e-13,4.026e-15,1.231e-12,1.00000000
87.100000,-0.373179,-0.427614,-2.874013,2.929517,-11.403117,-14.277131,1.631e-12,1.308e-13,4.204e-15,1.631e-12,1.00000000
87.200000,-0.383545,-0.404404,-2.871977,2.925560,-11.405152,-14.277128,2.764e-12,1.049e-13,4.397e-15,2.764e-12,1.00000000
87.300000,-0.393731,-0.381009,-2.870827,2.922643,-11.406299,-14.277126,4.367e-12,9.880e-14,4.692e-15,4.367e-12,1.00000000
87.400000,-0.403665,-0.357301,-2.870086,2.920275,-11.407039,-14.277126,4.567e-12,1.181e-13,5.139e-15,4.567e-12,1.00000000
87.500000,-0.412872,-0.333278,-2.869228,2.917877,-11.407898,-14.277126,4.850e-12,1.552e-13,5.343e-15,4.850e-12,1.00000000
87.600000,-0.420740,-0.308734,-2.867895,2.914989,-11.409232,-14.277127,4.996e-12,1.965e-13,5.148e-15,4.996e-12,1.00000000
87.700000,-0.427046,-0.283652,-2.865736,2.911232,-11.411392,-14.277129,4.414e-12,2.646e-13,5.098e-15,4.414e-12,1.00000000
87.800000,-0.432065,-0.258147,-2.862851,2.906757,-11.414280,-14.277131,3.688e-12,3.410e-13,5.186e-15,3.688e-12,1.00000000
87.900000,-0.435964,-0.232484,-2.859278,2.901652,-11.417856,-14.277134,3.213e-12,5.147e-13,5.404e-15,3.213e-12,1.00000000
88.000000,-0.438633,-0.206858,-2.854983,2.895880,-11.422154,-14.277137,2.812e-12,8.348e-13,4.969e-15,2.812e-12,1.00000000
88.100000,-0.439853,-0.181552,-2.850251,2.889700,-11.426890,-14.277141,2.328e-12,1.118e-12,5.151e-15,2.328e-12,1.00000000
88.200000,-0.439379,-0.156739,-2.845628,2.883612,-11.431516,-14.277144,1.812e-12,1.583e-12,5.311e-15,1.812e-12,1.00000000
88.300000,-0.437349,-0.132487,-2.841646,2.878155,-11.435500,-14.277146,1.297e-12,2.375e-12,4.975e-15,2.375e-12,1.00000000
88.400000,-0.433914,-0.108976,-2.838223,2.873267,-11.438925,-14.277148,8.404e-13,3.202e-12,5.254e-15,3.202e-12,1.00000000
88.500000,-0.429367,-0.086154,-2.835244,2.868865,-11.441904,-14.277148,5.044e-13,4.137e-12,6.069e-15,4.137e-12,1.00000000
88.600000,-0.423564,-0.064171,-2.832479,2.864692,-11.444669,-14.277147,2.949e-13,5.612e-12,7.281e-15,5.612e-12,1.00000000
88.700000,-0.416175,-0.042982,-2.829888,2.860650,-11.447258,-14.277146,1.825e-13,6.530e-12,8.191e-15,6.530e-12,1.00000000
88.800000,-0.406824,-0.022450,-2.827597,2.856801,-11.449547,-14.277144,1.274e-13,7.699e-12,8.775e-15,7.699e-12,1.00000000
88.900000,-0.395373,-0.002645,-2.825610,2.853139,-11.451530,-14.277141,1.103e-13,8.181e-12,9.367e-15,8.181e-12,1.00000000
89.000000,-0.381965,0.016172,-2.823412,2.849178,-11.453724,-14.277137,1.168e-13,8.541e-12,9.059e-15,8.541e-12,1.00000000
89.100000,-0.367186,0.033744,-2.820444,2.844445,-11.456689,-14.277133,1.402e-13,8.010e-12,9.593e-15,8.010e-12,1.00000000
89.200000,-0.351295,0.049686,-2.816171,2.838432,-11.460958,-14.277129,1.765e-13,7.458e-12,1.041e-14,7.458e-12,1.00000000
89.300000,-0.334598,0.064318,-2.810798,2.831374,-11.466327,-14.277125,2.255e-13,6.704e-12,1.044e-14,6.704e-12,1.00000000
89.400000,-0.317355,0.077665,-2.805540,2.824500,-11.471582,-14.277122,2.942e-13,5.539e-12,1.059e-14,5.539e-12,1.00000000
89.500000,-0.299475,0.089399,-2.801503,2.818882,-11.475616,-14.277119,4.285e-13,4.174e-12,9.998e-15,4.174e-12,1.00000000
89.600000,-0.281411,0.099448,-2.799159,2.815026,-11.477957,-14.277116,6.324e-13,2.881e-12,9.066e-15,2.881e-12,1.00000000
89.700000,-0.263471,0.108098,-2.798397,2.812851,-11.478717,-14.277114,9.745e-13,1.902e-12,8.848e-15,1.902e-12,1.00000000
89.800000,-0.245950,0.115790,-2.798871,2.812041,-11.478243,-14.277114,1.639e-12,1.280e-12,8.615e-15,1.639e-12,1.00000000
89.900000,-0.228824,0.122702,-2.799983,2.811996,-11.477130,-14.277114,2.252e-12,8.798e-13,8.572e-15,2.252e-12,1.00000000
90.000000,-0.212115,0.128512,-2.801155,2.812112,-11.475959,-14.277114,2.605e-12,6.214e-13,8.464e-15,2.605e-12,1.00000000
