t,Fx,Fy,Fz,Fmag,Lz,Jz,edge_x,edge_y,edge_z,edge_frac,norm
0.000000,-0.000000,0.000000,-5.999999,5.999999,-0.000001,-6.000000,1.660e-33,1.364e-33,3.755e-26,3.755e-26,1.00000000
0.100000,-0.075018,0.001391,-5.999530,5.999999,-0.000001,-5.999531,2.850e-31,2.813e-31,2.147e-25,2.147e-25,1.00000000
0.200000,-0.146965,0.003133,-5.998197,5.999998,-0.000002,-5.998199,5.208e-31,5.208e-31,1.233e-23,1.233e-23,1.00000000
0.300000,-0.218438,0.001906,-5.996019,5.999997,-0.000003,-5.996022,6.954e-31,7.069e-31,3.169e-21,3.169e-21,1.00000000
0.400000,-0.292777,-0.000040,-5.992851,5.999998,-0.000001,-5.992852,8.407e-31,8.741e-31,1.006e-18,1.006e-18,1.00000000
0.500000,-0.368046,0.000812,-5.988701,6.000000,0.000001,-5.988700,9.993e-31,1.005e-30,8.579e-18,8.579e-18,1.00000000
0.600000,-0.440596,0.002874,-5.983799,5.999999,0.000001,-5.983798,1.133e-30,1.135e-30,1.886e-17,1.886e-17,1.00000000
0.700000,-0.511665,0.002413,-5.978140,5.999997,0.000001,-5.978139,1.302e-30,1.347e-30,8.579e-18,8.579e-18,1.00000000
0.800000,-0.585016,0.000322,-5.971409,5.999998,0.000004,-5.971405,1.453e-29,1.439e-29,2.920e-18,2.920e-18,1.00000000
0.900000,-0.660086,0.000405,-5.963579,5.999999,0.000009,-5.963570,4.455e-28,4.467e-28,7.295e-18,7.295e-18,1.00000000
1.000000,-0.733098,0.002448,-5.955044,5.999999,0.000013,-5.955032,3.813e-27,3.811e-27,2.175e-17,2.175e-17,1.00000000
1.100000,-0.803942,0.002712,-5.945893,5.999998,0.000016,-5.945877,1.685e-26,1.685e-26,1.696e-17,1.696e-17,1.00000000
1.200000,-0.876241,0.000782,-5.935669,5.999997,0.000021,-5.935648,4.603e-26,4.605e-26,3.373e-18,3.373e-18,1.00000000
1.300000,-0.950667,0.000221,-5.924206,5.999998,0.000028,-5.924177,6.241e-26,6.245e-26,6.307e-19,6.307e-19,1.00000000
1.400000,-1.023796,0.001995,-5.912007,5.999999,0.000035,-5.911972,4.345e-26,4.348e-26,1.317e-19,1.317e-19,1.00000000
1.500000,-1.094434,0.002798,-5.899338,5.999998,0.000041,-5.899297,1.956e-26,1.958e-26,7.416e-20,7.416e-20,1.00000000
1.600000,-1.165672,0.001208,-5.885675,5.999997,0.000046,-5.885629,8.372e-27,8.368e-27,1.833e-19,1.833e-19,1.00000000
1.700000,-1.239072,0.000215,-5.870662,5.999998,0.000052,-5.870610,6.638e-27,6.594e-27,3.908e-19,3.908e-19,1.00000000
1.800000,-1.311851,0.001605,-5.854830,5.999999,0.000057,-5.854772,1.162e-26,1.150e-26,7.055e-19,7.055e-19,1.00000000
1.900000,-1.382111,0.002743,-5.838642,5.999999,0.000060,-5.838583,1.571e-26,1.554e-26,9.301e-19,9.301e-19,1.00000000
2.000000,-1.452242,0.001556,-5.821594,5.999997,0.000060,-5.821535,1.165e-26,1.152e-26,1.165e-18,1.165e-18,1.00000000
2.100000,-1.524354,0.000306,-5.803130,5.999997,0.000059,-5.803071,5.246e-27,5.182e-27,3.718e-18,3.718e-18,1.00000000
2.200000,-1.596426,0.001287,-5.783719,5.999998,0.000056,-5.783663,1.885e-27,1.863e-27,1.359e-17,1.359e-17,1.00000000
2.300000,-1.666160,0.002618,-5.764017,5.999999,0.000051,-5.763966,6.882e-28,6.812e-28,1.167e-17,1.167e-17,1.00000000
2.400000,-1.735185,0.001841,-5.743614,5.999998,0.000044,-5.743571,2.677e-28,2.654e-28,6.034e-18,6.034e-18,1.00000000
2.500000,-1.805914,0.000450,-5.721769,5.999997,0.000034,-5.721735,1.098e-28,1.079e-28,3.794e-18,3.794e-18,1.00000000
2.600000,-1.877076,0.001031,-5.698821,5.999998,0.000025,-5.698796,4.850e-29,4.708e-29,8.840e-18,8.840e-18,1.00000000
2.700000,-1.946159,0.002460,-5.675601,5.999999,0.000014,-5.675587,2.411e-29,2.373e-29,1.245e-17,1.245e-17,1.00000000
2.800000,-2.014065,0.002062,-5.651860,5.999998,0.000001,-5.651858,1.472e-29,1.449e-29,5.161e-18,5.161e-18,1.00000000
2.900000,-2.083336,0.000611,-5.626693,5.999997,-0.000011,-5.626705,1.252e-29,1.243e-29,1.784e-18,1.784e-18,1.00000000
3.000000,-2.153367,0.000843,-5.600266,5.999997,-0.000022,-5.600288,1.638e-29,1.669e-29,8.054e-19,8.054e-19,1.00000000
3.100000,-2.221565,0.002311,-5.573565,5.999998,-0.000032,-5.573597,2.886e-29,2.959e-29,5.672e-19,5.672e-19,1.00000000
3.200000,-2.288204,0.002233,-5.546539,5.999999,-0.000041,-5.546580,6.293e-29,6.461e-29,3.852e-19,3.852e-19,1.00000000
3.300000,-2.355864,0.000745,-5.518141,5.999998,-0.000047,-5.518188,1.339e-28,1.370e-28,6.657e-19,6.657e-19,1.00000000
3.400000,-2.424532,0.000668,-5.488316,5.999997,-0.000050,-5.488366,2.672e-28,2.736e-28,1.008e-18,1.008e-18,1.00000000
3.500000,-2.491592,0.002184,-5.458199,5.999998,-0.000049,-5.458248,5.044e-28,5.145e-28,1.137e-18,1.137e-18,1.00000000
3.600000,-2.556737,0.002437,-5.427990,5.999999,-0.000044,-5.428034,9.479e-28,9.610e-28,1.138e-18,1.138e-18,1.00000000
3.700000,-2.622565,0.000894,-5.396492,5.999998,-0.000037,-5.396530,1.788e-27,1.788e-27,2.256e-18,2.256e-18,1.00000000
3.800000,-2.689709,0.000422,-5.363342,5.999997,-0.000027,-5.363369,3.162e-27,3.152e-27,1.142e-17,1.142e-17,1.00000000
3.900000,-2.755598,0.001970,-5.329788,5.999997,-0.000013,-5.329802,3.942e-27,3.968e-27,1.391e-17,1.391e-17,1.00000000
4.000000,-2.819199,0.002712,-5.296422,5.999998,0.000003,-5.296420,4.935e-27,3.999e-27,8.493e-18,8.493e-18,1.00000000
4.100000,-2.882971,0.001213,-5.261983,5.999999,0.000019,-5.261963,3.708e-26,1.259e-26,5.263e-18,5.263e-18,1.00000000
4.200000,-2.948376,0.000163,-5.225615,5.999998,0.000036,-5.225579,3.400e-25,8.702e-26,9.649e-18,9.649e-18,1.00000000
4.300000,-3.013136,0.001535,-5.188543,5.999997,0.000054,-5.188489,1.250e-24,3.925e-25,1.482e-17,1.482e-17,1.00000000
4.400000,-3.075314,0.002909,-5.151933,5.999998,0.000071,-5.151862,1.913e-24,9.195e-25,9.212e-18,9.212e-18,1.00000000
4.500000,-3.136840,0.001759,-5.114706,5.999998,0.000086,-5.114620,1.443e-24,1.028e-24,4.899e-18,4.899e-18,1.00000000
4.600000,-3.200059,0.000084,-5.075392,5.999998,0.000098,-5.075294,6.583e-25,6.227e-25,2.113e-18,2.113e-18,1.00000000
4.700000,-3.263456,0.000913,-5.034861,5.999997,0.000107,-5.034754,2.327e-25,2.653e-25,1.026e-18,1.026e-18,1.00000000
4.800000,-3.324295,0.002830,-4.994899,5.999997,0.000112,-4.994788,8.065e-26,1.019e-25,7.976e-19,7.976e-19,1.00000000
4.900000,-3.383494,0.002408,-4.954991,5.999998,0.000113,-4.954878,2.971e-26,3.881e-26,9.574e-19,9.574e-19,1.00000000
5.000000,-3.443981,0.000344,-4.913143,5.999998,0.000109,-4.913034,1.225e-26,1.572e-26,1.072e-18,1.072e-18,1.00000000
5.000000,-3.443981,0.000344,-4.913143,5.999998,0.000109,-4.913034,1.225e-26,1.572e-26,1.072e-18,1.072e-18,1.00000000
5.100000,-3.444512,-0.001015,-4.912771,5.999998,0.000125,-4.912646,6.816e-27,8.415e-27,8.252e-19,8.252e-19,1.00000000
5.200000,-3.445661,-0.000556,-4.911963,5.999997,0.000135,-4.911829,4.414e-27,5.307e-27,1.331e-18,1.331e-18,1.00000000
5.300000,-3.445381,0.000882,-4.912160,5.999997,0.000139,-4.912022,2.384e-27,2.783e-27,1.450e-18,1.450e-18,1.00000000
5.400000,-3.444136,0.000734,-4.913034,5.999998,0.000137,-4.912897,1.100e-27,1.221e-27,3.781e-18,3.781e-18,1.00000000
5.500000,-3.444056,-0.000715,-4.913090,5.999998,0.000131,-4.912959,5.150e-28,5.303e-28,7.242e-18,7.242e-18,1.00000000
5.600000,-3.445146,-0.000876,-4.912325,5.999998,0.000118,-4.912207,2.572e-28,2.629e-28,7.375e-18,7.375e-18,1.00000000
5.700000,-3.445327,0.000513,-4.912198,5.999997,0.000101,-4.912097,1.732e-28,1.836e-28,5.524e-18,5.524e-18,1.00000000
5.800000,-3.444175,0.000962,-4.913006,5.999998,0.000081,-4.912925,1.875e-28,1.472e-28,4.602e-18,4.602e-18,1.00000000
5.900000,-3.443660,-0.000307,-4.913368,5.999998,0.000060,-4.913309,7.755e-28,1.679e-28,9.226e-18,9.226e-18,1.00000000
6.000000,-3.444614,-0.001007,-4.912699,5.999998,0.000036,-4.912662,4.013e-27,2.105e-28,1.013e-17,1.013e-17,1.00000000
6.100000,-3.445278,0.000096,-4.912232,5.999998,0.000012,-4.912220,1.215e-26,2.886e-28,6.753e-18,6.753e-18,1.00000000
6.200000,-3.444475,0.001005,-4.912796,5.999998,-0.000011,-4.912807,1.952e-26,5.210e-28,3.339e-18,3.339e-18,1.00000000
6.300000,-3.443698,0.000100,-4.913341,5.999998,-0.000032,-4.913373,1.720e-26,1.069e-27,1.301e-18,1.301e-18,1.00000000
6.400000,-3.444397,-0.000967,-4.912851,5.999998,-0.000050,-4.912901,1.005e-26,1.770e-27,1.066e-18,1.066e-18,1.00000000
6.500000,-3.445368,-0.000278,-4.912170,5.999998,-0.000065,-4.912234,8.353e-27,3.018e-27,1.169e-18,1.169e-18,1.00000000
6.600000,-3.444936,0.000904,-4.912472,5.999997,-0.000075,-4.912547,1.260e-26,5.291e-27,1.076e-18,1.076e-18,1.00000000
6.700000,-3.443963,0.000441,-4.913155,5.999998,-0.000080,-4.913235,2.343e-26,8.257e-27,8.254e-19,8.254e-19,1.00000000
6.800000,-3.444255,-0.000814,-4.912950,5.999998,-0.000078,-4.913029,4.662e-26,1.255e-26,1.307e-18,1.307e-18,1.00000000
6.900000,-3.445289,-0.000586,-4.912226,5.999998,-0.000071,-4.912297,9.520e-26,2.193e-26,2.550e-18,2.550e-18,1.00000000
7.000000,-3.445171,0.000702,-4.912308,5.999998,-0.000060,-4.912368,2.452e-25,4.154e-26,3.777e-18,3.777e-18,1.00000000
7.100000,-3.444075,0.000714,-4.913076,5.999997,-0.000045,-4.913121,3.471e-25,4.708e-26,6.146e-18,6.146e-18,1.00000000
7.200000,-3.443919,-0.000566,-4.913186,5.999998,-0.000026,-4.913212,1.240e-24,8.627e-26,7.400e-18,7.400e-18,1.00000000
7.300000,-3.444905,-0.000821,-4.912495,5.999998,-0.000005,-4.912500,9.450e-24,8.255e-25,7.217e-18,7.217e-18,1.00000000
7.400000,-3.445179,0.000405,-4.912303,5.999998,0.000017,-4.912286,4.550e-23,5.492e-24,6.033e-18,6.033e-18,1.00000000
7.500000,-3.444192,0.000901,-4.912994,5.999998,0.000038,-4.912956,1.217e-22,1.908e-23,6.612e-18,6.612e-18,1.00000000
7.600000,-3.443691,-0.000223,-4.913345,5.999998,0.000058,-4.913287,1.628e-22,3.109e-23,8.827e-18,8.827e-18,1.00000000
7.700000,-3.444577,-0.000946,-4.912725,5.999998,0.000076,-4.912648,1.122e-22,2.441e-23,7.573e-18,7.573e-18,1.00000000
7.800000,-3.445293,0.000032,-4.912223,5.999998,0.000091,-4.912131,4.876e-23,1.145e-23,4.547e-18,4.547e-18,1.00000000
7.900000,-3.444620,0.000957,-4.912694,5.999998,0.000102,-4.912593,1.772e-23,4.380e-24,2.434e-18,2.434e-18,1.00000000
8.000000,-3.443853,0.000170,-4.913232,5.999998,0.000108,-4.913124,6.539e-24,1.696e-24,1.468e-18,1.468e-18,1.00000000
8.100000,-3.444468,-0.000918,-4.912801,5.999998,0.000109,-4.912691,2.520e-24,6.832e-25,1.183e-18,1.183e-18,1.00000000
8.200000,-3.445465,-0.000360,-4.912102,5.999998,0.000106,-4.911996,9.953e-25,2.768e-25,1.235e-18,1.235e-18,1.00000000
8.300000,-3.445144,0.000843,-4.912327,5.999998,0.000097,-4.912230,4.004e-25,1.101e-25,1.149e-18,1.149e-18,1.00000000
8.400000,-3.444142,0.000534,-4.913030,5.999998,0.000083,-4.912947,1.624e-25,4.320e-26,1.131e-18,1.131e-18,1.00000000
8.500000,-3.444271,-0.000728,-4.912939,5.999998,0.000065,-4.912874,6.536e-26,1.707e-26,2.630e-18,2.630e-18,1.00000000
8.600000,-3.445267,-0.000684,-4.912240,5.999998,0.000044,-4.912196,2.714e-26,7.272e-27,4.435e-18,4.435e-18,1.00000000
8.700000,-3.445276,0.000576,-4.912234,5.999998,0.000021,-4.912213,1.280e-26,3.543e-27,5.413e-18,5.413e-18,1.00000000
8.800000,-3.444189,0.000791,-4.912997,5.999998,-0.000002,-4.912999,7.795e-27,1.829e-27,5.781e-18,5.781e-18,1.00000000
8.900000,-3.443832,-0.000410,-4.913247,5.999998,-0.000025,-4.913272,6.459e-27,1.271e-27,7.092e-18,7.092e-18,1.00000000
9.000000,-3.444704,-0.000870,-4.912636,5.999998,-0.000047,-4.912682,7.128e-27,1.344e-27,8.064e-18,8.064e-18,1.00000000
9.100000,-3.445116,0.000220,-4.912347,5.999998,-0.000065,-4.912412,1.001e-26,1.655e-27,6.991e-18,6.991e-18,1.00000000
9.200000,-3.444248,0.000898,-4.912955,5.999998,-0.000079,-4.913034,3.642e-26,2.177e-27,8.529e-18,8.529e-18,1.00000000
9.300000,-3.443606,-0.000033,-4.913406,5.999998,-0.000089,-4.913495,7.186e-26,2.724e-27,8.654e-18,8.654e-18,1.00000000
9.400000,-3.444307,-0.000888,-4.912914,5.999998,-0.000095,-4.913009,1.152e-25,4.888e-27,6.157e-18,6.157e-18,1.00000000
9.500000,-3.445105,-0.000149,-4.912354,5.999998,-0.000095,-4.912449,1.982e-25,1.251e-26,4.103e-18,4.103e-18,1.00000000
9.600000,-3.444648,0.000838,-4.912675,5.999998,-0.000089,-4.912764,3.343e-25,2.423e-26,2.528e-18,2.528e-18,1.00000000
9.700000,-3.443877,0.000319,-4.913216,5.999998,-0.000079,-4.913295,4.990e-25,4.133e-26,1.905e-18,1.905e-18,1.00000000
9.800000,-3.444288,-0.000745,-4.912927,5.999998,-0.000063,-4.912990,8.550e-25,8.342e-26,1.570e-18,1.570e-18,1.00000000
9.900000,-3.445250,-0.000453,-4.912252,5.999998,-0.000043,-4.912296,1.512e-24,1.785e-25,1.261e-18,1.261e-18,1.00000000
10.000000,-3.445167,0.000634,-4.912311,5.999998,-0.000020,-4.912331,2.619e-24,3.629e-25,1.249e-18,1.249e-18,1.00000000
10.000000,-3.445167,0.000634,-4.912311,5.999998,-0.000020,-4.912331,2.619e-24,3.629e-25,1.249e-18,1.249e-18,1.00000000
10.100000,-3.444327,0.000564,-4.912900,5.999998,0.000007,-4.912894,4.592e-24,7.444e-25,1.819e-18,1.819e-18,1.00000000
10.200000,-3.444316,-0.000497,-4.912908,5.999998,0.000034,-4.912874,6.843e-24,1.236e-24,3.514e-18,3.514e-18,1.00000000
10.300000,-3.445151,-0.000634,-4.912322,5.999998,0.000061,-4.912261,1.108e-23,1.384e-24,3.540e-18,3.540e-18,1.00000000
10.400000,-3.445310,0.000354,-4.912210,5.999997,0.000086,-4.912124,9.733e-23,4.862e-24,3.851e-18,3.851e-18,1.00000000
10.500000,-3.444494,0.000673,-4.912783,5.999998,0.000109,-4.912674,7.221e-22,4.000e-23,5.644e-18,5.644e-18,1.00000000
10.600000,-3.444114,-0.000213,-4.913049,5.999998,0.000128,-4.912921,2.553e-21,1.978e-22,7.118e-18,7.118e-18,1.00000000
10.700000,-3.444735,-0.000682,-4.912614,5.999998,0.000142,-4.912473,4.555e-21,4.884e-22,5.947e-18,5.947e-18,1.00000000
10.800000,-3.445123,0.000076,-4.912342,5.999998,0.000150,-4.912192,4.237e-21,5.604e-22,5.233e-18,5.233e-18,1.00000000
10.900000,-3.444525,0.000662,-4.912760,5.999997,0.000152,-4.912608,2.278e-21,3.333e-22,6.789e-18,6.789e-18,1.00000000
11.000000,-3.443993,0.000043,-4.913134,5.999998,0.000149,-4.912985,8.891e-22,1.344e-22,6.549e-18,6.549e-18,1.00000000
11.100000,-3.444444,-0.000624,-4.912818,5.999998,0.000141,-4.912678,3.241e-22,4.964e-23,4.664e-18,4.664e-18,1.00000000
11.200000,-3.445032,-0.000143,-4.912406,5.999998,0.000126,-4.912279,1.232e-22,1.929e-23,3.206e-18,3.206e-18,1.00000000
11.300000,-3.444721,0.000576,-4.912623,5.999997,0.000107,-4.912516,4.846e-23,7.797e-24,2.738e-18,2.738e-18,1.00000000
11.400000,-3.444156,0.000222,-4.913019,5.999997,0.000083,-4.912936,1.955e-23,3.202e-24,2.194e-18,2.194e-18,1.00000000
11.500000,-3.444434,-0.000527,-4.912825,5.999998,0.000058,-4.912768,8.121e-24,1.338e-24,1.339e-18,1.339e-18,1.00000000
11.600000,-3.445081,-0.000286,-4.912371,5.999998,0.000029,-4.912342,3.442e-24,5.631e-25,1.329e-18,1.329e-18,1.00000000
11.700000,-3.444935,0.000483,-4.912473,5.999997,0.000000,-4.912473,1.450e-24,2.367e-25,2.089e-18,2.089e-18,1.00000000
11.800000,-3.444288,0.000342,-4.912926,5.999997,-0.000028,-4.912954,6.727e-25,9.920e-26,5.165e-18,5.165e-18,1.00000000
11.900000,-3.444334,-0.000446,-4.912895,5.999998,-0.000053,-4.912948,5.343e-25,4.422e-26,5.247e-18,5.247e-18,1.00000000
12.000000,-3.444941,-0.000408,-4.912470,5.999998,-0.000074,-4.912544,6.492e-25,2.797e-26,3.929e-18,3.929e-18,1.00000000
12.100000,-3.444896,0.000398,-4.912501,5.999998,-0.000091,-4.912592,6.880e-25,2.222e-26,4.827e-18,4.827e-18,1.00000000
12.200000,-3.444167,0.000473,-4.913011,5.999997,-0.000103,-4.913114,7.491e-25,2.314e-26,6.730e-18,6.730e-18,1.00000000
12.300000,-3.443999,-0.000344,-4.913129,5.999997,-0.000109,-4.913238,1.114e-24,2.767e-26,7.038e-18,7.038e-18,1.00000000
12.400000,-3.444625,-0.000548,-4.912691,5.999998,-0.000108,-4.912800,1.919e-24,3.379e-26,4.381e-18,4.381e-18,1.00000000
12.500000,-3.444827,0.000263,-4.912551,5.999999,-0.000103,-4.912653,2.097e-24,4.392e-26,6.129e-18,6.129e-18,1.00000000
12.600000,-3.444172,0.000613,-4.913008,5.999998,-0.000093,-4.913101,2.597e-24,1.004e-25,6.684e-18,6.684e-18,1.00000000
12.700000,-3.443847,-0.000160,-4.913236,5.999997,-0.000078,-4.913314,4.706e-24,2.698e-25,5.878e-18,5.878e-18,1.00000000
12.800000,-3.444501,-0.000659,-4.912778,5.999998,-0.000058,-4.912836,7.748e-24,5.122e-25,4.958e-18,4.958e-18,1.00000000
12.900000,-3.445038,0.000044,-4.912402,5.999999,-0.000036,-4.912438,1.657e-23,9.991e-25,3.858e-18,3.858e-18,1.00000000
13.000000,-3.444586,0.000689,-4.912719,5.999998,-0.000012,-4.912731,3.551e-23,2.076e-24,2.602e-18,2.602e-18,1.00000000
13.100000,-3.444091,0.000093,-4.913064,5.999997,0.000012,-4.913052,6.448e-23,4.252e-24,2.187e-18,2.187e-18,1.00000000
13.200000,-3.444611,-0.000680,-4.912700,5.999997,0.000037,-4.912663,1.084e-22,8.490e-24,2.284e-18,2.284e-18,1.00000000
13.300000,-3.445360,-0.000222,-4.912176,5.999998,0.000060,-4.912115,1.862e-22,1.654e-23,1.807e-18,1.807e-18,1.00000000
13.400000,-3.445096,0.000651,-4.912361,5.999998,0.000080,-4.912281,2.846e-22,2.367e-23,3.727e-18,3.727e-18,1.00000000
13.500000,-3.444366,0.000354,-4.912872,5.999998,0.000096,-4.912776,5.384e-22,3.314e-23,5.140e-18,5.140e-18,1.00000000
13.600000,-3.444522,-0.000588,-4.912762,5.999997,0.000108,-4.912654,2.405e-21,1.541e-22,3.120e-18,3.120e-18,1.00000000
13.700000,-3.445267,-0.000472,-4.912240,5.999998,0.000114,-4.912126,9.035e-21,9.047e-22,3.211e-18,3.211e-18,1.00000000
13.800000,-3.445186,0.000498,-4.912299,5.999999,0.000115,-4.912183,2.387e-20,3.186e-21,6.233e-18,6.233e-18,1.00000000
13.900000,-3.444315,0.000567,-4.912909,5.999998,0.000111,-4.912798,3.498e-20,5.669e-21,8.462e-18,8.462e-18,1.00000000
14.000000,-3.444103,-0.000395,-4.913056,5.999997,0.000101,-4.912955,2.690e-20,4.948e-21,5.170e-18,5.170e-18,1.00000000
14.100000,-3.444804,-0.000648,-4.912565,5.999997,0.000088,-4.912477,1.282e-20,2.480e-21,4.304e-18,4.304e-18,1.00000000
14.200000,-3.445028,0.000270,-4.912409,5.999998,0.000072,-4.912337,4.936e-21,9.530e-22,5.415e-18,5.415e-18,1.00000000
14.300000,-3.444268,0.000698,-4.912942,5.999999,0.000052,-4.912891,1.872e-21,3.604e-22,6.030e-18,6.030e-18,1.00000000
14.400000,-3.443833,-0.000145,-4.913246,5.999998,0.000030,-4.913216,7.367e-22,1.436e-22,5.855e-18,5.855e-18,1.00000000
14.500000,-3.444488,-0.000731,-4.912786,5.999997,0.000008,-4.912778,3.029e-22,5.949e-23,4.567e-18,4.567e-18,1.00000000
14.600000,-3.445051,0.000014,-4.912392,5.999998,-0.000013,-4.912405,1.354e-22,2.571e-23,3.186e-18,3.186e-18,1.00000000
14.700000,-3.444528,0.000741,-4.912760,5.999999,-0.000033,-4.912793,6.946e-23,1.185e-23,2.805e-18,2.805e-18,1.00000000
14.800000,-3.443927,0.000116,-4.913181,5.999998,-0.000050,-4.913231,4.061e-23,5.653e-24,2.939e-18,2.939e-18,1.00000000
14.900000,-3.444429,-0.000731,-4.912828,5.999997,-0.000064,-4.912892,2.993e-23,2.744e-24,2.210e-18,2.210e-18,1.00000000
15.000000,-3.445204,-0.000244,-4.912284,5.999997,-0.000073,-4.912357,3.216e-23,1.614e-24,2.869e-18,2.869e-18,1.00000000
15.100000,-3.444893,0.000705,-4.912503,5.999998,-0.000077,-4.912580,3.917e-23,1.507e-24,4.897e-18,4.897e-18,1.00000000
15.200000,-3.444088,0.000374,-4.913069,5.999999,-0.000075,-4.913144,3.754e-23,1.800e-24,3.255e-18,3.255e-18,1.00000000
15.300000,-3.444273,-0.000654,-4.912938,5.999998,-0.000068,-4.913006,3.863e-23,1.753e-24,2.809e-18,2.809e-18,1.00000000
15.400000,-3.445110,-0.000504,-4.912350,5.999997,-0.000057,-4.912406,4.128e-23,1.582e-24,4.475e-18,4.475e-18,1.00000000
15.500000,-3.445032,0.000575,-4.912405,5.999997,-0.000040,-4.912445,4.547e-23,1.680e-24,8.152e-18,8.152e-18,1.00000000
15.600000,-3.444103,0.000628,-4.913058,5.999998,-0.000020,-4.913078,6.396e-23,2.319e-24,5.805e-18,5.805e-18,1.00000000
15.700000,-3.443939,-0.000465,-4.913172,5.999998,0.000001,-4.913171,1.144e-22,4.471e-24,3.287e-18,3.287e-18,1.00000000
15.800000,-3.444804,-0.000736,-4.912565,5.999997,0.000023,-4.912542,1.336e-22,5.726e-24,3.912e-18,3.912e-18,1.00000000
15.900000,-3.445114,0.000325,-4.912347,5.999997,0.000046,-4.912302,1.756e-22,6.705e-24,5.127e-18,5.127e-18,1.00000000
16.000000,-3.444290,0.000821,-4.912926,5.999998,0.000067,-4.912858,2.360e-22,1.054e-23,5.510e-18,5.510e-18,1.00000000
16.100000,-3.443830,-0.000156,-4.913249,5.999999,0.000087,-4.913162,3.277e-22,1.775e-23,4.588e-18,4.588e-18,1.00000000
16.200000,-3.444630,-0.000865,-4.912687,5.999998,0.000102,-4.912585,4.843e-22,3.550e-23,3.488e-18,3.488e-18,1.00000000
16.300000,-3.445352,-0.000021,-4.912180,5.999997,0.000114,-4.912066,7.511e-22,6.850e-23,3.076e-18,3.076e-18,1.00000000
16.400000,-3.444797,0.000876,-4.912570,5.999997,0.000122,-4.912448,1.129e-21,1.252e-22,3.352e-18,3.352e-18,1.00000000
16.500000,-3.444063,0.000206,-4.913086,5.999998,0.000125,-4.912961,1.528e-21,2.174e-22,3.450e-18,3.450e-18,1.00000000
16.600000,-3.444580,-0.000841,-4.912723,5.999998,0.000121,-4.912602,1.676e-21,2.951e-22,2.760e-18,2.760e-18,1.00000000
16.700000,-3.445514,-0.000378,-4.912067,5.999997,0.000112,-4.911955,4.956e-21,5.184e-22,5.037e-18,5.037e-18,1.00000000
16.800000,-3.445225,0.000776,-4.912269,5.999997,0.000098,-4.912171,2.917e-20,2.053e-21,4.866e-18,4.866e-18,1.00000000
16.900000,-3.444222,0.000534,-4.912973,5.999998,0.000079,-4.912894,8.168e-20,9.121e-21,3.957e-18,3.957e-18,1.00000000
17.000000,-3.444270,-0.000684,-4.912941,5.999999,0.000057,-4.912884,1.465e-19,2.524e-20,4.913e-18,4.913e-18,1.00000000
17.100000,-3.445203,-0.000680,-4.912286,5.999998,0.000032,-4.912254,1.550e-19,3.466e-20,6.776e-18,6.776e-18,1.00000000
17.200000,-3.445211,0.000556,-4.912279,5.999997,0.000006,-4.912273,9.910e-20,2.481e-20,6.460e-18,6.460e-18,1.00000000
17.300000,-3.444120,0.000795,-4.913044,5.999997,-0.000020,-4.913064,4.490e-20,1.143e-20,3.979e-18,3.979e-18,1.00000000
17.400000,-3.443749,-0.000413,-4.913306,5.999998,-0.000044,-4.913350,1.776e-20,4.478e-21,3.794e-18,3.794e-18,1.00000000
17.500000,-3.444650,-0.000894,-4.912675,5.999999,-0.000066,-4.912741,6.977e-21,1.778e-21,4.514e-18,4.514e-18,1.00000000
17.600000,-3.445100,0.000236,-4.912358,5.999998,-0.000085,-4.912442,2.835e-21,7.399e-22,5.430e-18,5.430e-18,1.00000000
17.700000,-3.444205,0.000954,-4.912984,5.999997,-0.000100,-4.913084,1.191e-21,3.279e-22,5.053e-18,5.053e-18,1.00000000
17.800000,-3.443537,-0.000047,-4.913453,5.999998,-0.000109,-4.913563,5.792e-22,1.688e-22,3.647e-18,3.647e-18,1.00000000
17.900000,-3.444324,-0.000978,-4.912903,5.999999,-0.000113,-4.913016,4.045e-22,1.087e-22,3.164e-18,3.164e-18,1.00000000
18.000000,-3.445217,-0.000150,-4.912277,5.999998,-0.000112,-4.912389,4.525e-22,8.226e-23,4.038e-18,4.038e-18,1.00000000
18.100000,-3.444687,0.000964,-4.912646,5.999997,-0.000105,-4.912752,6.112e-22,7.738e-23,4.540e-18,4.540e-18,1.00000000
18.200000,-3.443784,0.000353,-4.913279,5.999997,-0.000093,-4.913372,7.911e-22,1.000e-22,1.934e-18,1.934e-18,1.00000000
18.300000,-3.444253,-0.000898,-4.912952,5.999998,-0.000074,-4.913026,9.364e-22,1.370e-22,3.546e-18,3.546e-18,1.00000000
18.400000,-3.445374,-0.000537,-4.912167,5.999999,-0.000051,-4.912218,1.050e-21,1.618e-22,5.677e-18,5.677e-18,1.00000000
18.500000,-3.445223,0.000798,-4.912272,5.999998,-0.000026,-4.912297,1.275e-21,1.724e-22,4.628e-18,4.628e-18,1.00000000
18.600000,-3.444126,0.000706,-4.913039,5.999997,0.000002,-4.913037,1.573e-21,1.830e-22,3.993e-18,3.993e-18,1.00000000
18.700000,-3.444080,-0.000656,-4.913073,5.999997,0.000031,-4.913041,2.012e-21,2.085e-22,5.806e-18,5.806e-18,1.00000000
18.800000,-3.445160,-0.000841,-4.912316,5.999999,0.000060,-4.912257,2.792e-21,3.234e-22,7.073e-18,7.073e-18,1.00000000
18.900000,-3.445385,0.000486,-4.912159,5.999998,0.000085,-4.912073,4.826e-21,5.371e-22,4.827e-18,4.827e-18,1.00000000
19.000000,-3.444285,0.000943,-4.912929,5.999997,0.000107,-4.912821,6.297e-21,5.119e-22,3.666e-18,3.666e-18,1.00000000
19.100000,-3.443767,-0.000296,-4.913292,5.999997,0.000125,-4.913167,5.216e-21,2.945e-22,3.764e-18,3.764e-18,1.00000000
19.200000,-3.444702,-0.001007,-4.912637,5.999998,0.000139,-4.912499,3.127e-21,2.090e-22,4.937e-18,4.937e-18,1.00000000
19.300000,-3.445368,0.000092,-4.912171,5.999999,0.000147,-4.912025,3.207e-21,2.669e-22,4.523e-18,4.523e-18,1.00000000
19.400000,-3.444541,0.001032,-4.912750,5.999998,0.000149,-4.912601,4.313e-21,4.439e-22,3.395e-18,3.395e-18,1.00000000
19.500000,-3.443708,0.000116,-4.913333,5.999997,0.000145,-4.913188,6.146e-21,8.111e-22,3.022e-18,3.022e-18,1.00000000
19.600000,-3.444405,-0.001016,-4.912845,5.999997,0.000136,-4.912709,8.713e-21,1.373e-21,3.730e-18,3.730e-18,1.00000000
19.700000,-3.445442,-0.000319,-4.912119,5.999998,0.000122,-4.911997,1.125e-20,1.964e-21,4.559e-18,4.559e-18,1.00000000
19.800000,-3.445016,0.000964,-4.912418,5.999999,0.000103,-4.912314,1.303e-20,2.191e-21,2.835e-18,2.835e-18,1.00000000
19.900000,-3.443957,0.000513,-4.913159,5.999997,0.000080,-4.913079,1.826e-20,5.213e-21,2.528e-18,2.528e-18,1.00000000
20.000000,-3.444246,-0.000877,-4.912956,5.999997,0.000055,-4.912901,4.539e-20,2.404e-20,5.100e-18,5.100e-18,1.00000000
20.100000,-3.445422,-0.000692,-4.912132,5.999998,0.000028,-4.912104,1.036e-19,7.209e-20,5.060e-18,5.060e-18,1.00000000
20.200000,-3.445371,0.000755,-4.912169,5.999999,0.000002,-4.912166,1.601e-19,1.287e-19,4.208e-18,4.208e-18,1.00000000
20.300000,-3.444142,0.000848,-4.913030,5.999998,-0.000023,-4.913052,1.525e-19,1.283e-19,4.436e-18,4.436e-18,1.00000000
20.400000,-3.443894,-0.000606,-4.913202,5.999997,-0.000045,-4.913248,9.020e-20,7.701e-20,5.459e-18,5.459e-18,1.00000000
20.500000,-3.445006,-0.000989,-4.912423,5.999997,-0.000064,-4.912487,4.080e-20,3.369e-20,4.927e-18,4.927e-18,1.00000000
20.600000,-3.445372,0.000416,-4.912168,5.999998,-0.000076,-4.912244,1.739e-20,1.341e-20,3.774e-18,3.774e-18,1.00000000
20.700000,-3.444202,0.001089,-4.912988,5.999999,-0.000084,-4.913073,7.646e-21,5.514e-21,3.194e-18,3.194e-18,1.00000000
20.800000,-3.443487,-0.000201,-4.913489,5.999998,-0.000088,-4.913577,3.781e-21,2.432e-21,3.861e-18,3.861e-18,1.00000000
20.900000,-3.444448,-0.001152,-4.912814,5.999997,-0.000086,-4.912900,2.155e-21,1.252e-21,4.579e-18,4.579e-18,1.00000000
21.000000,-3.445330,-0.000040,-4.912197,5.999998,-0.000079,-4.912276,1.537e-21,8.408e-22,4.020e-18,4.020e-18,1.00000000
21.100000,-3.444533,0.001163,-4.912756,5.999999,-0.000067,-4.912823,1.294e-21,7.241e-22,3.299e-18,3.299e-18,1.00000000
21.200000,-3.443501,0.000293,-4.913480,5.999998,-0.000051,-4.913531,1.230e-21,7.116e-22,3.323e-18,3.323e-18,1.00000000
21.300000,-3.444157,-0.001113,-4.913018,5.999997,-0.000033,-4.913051,1.334e-21,8.717e-22,4.970e-18,4.970e-18,1.00000000
21.400000,-3.445448,-0.000536,-4.912113,5.999997,-0.000012,-4.912125,1.493e-21,1.243e-21,4.026e-18,4.026e-18,1.00000000
21.500000,-3.445188,0.001015,-4.912297,5.999998,0.000011,-4.912286,1.598e-21,1.787e-21,2.097e-18,2.097e-18,1.00000000
21.600000,-3.443956,0.000770,-4.913161,5.999999,0.000034,-4.913127,2.381e-21,2.220e-21,4.346e-18,4.346e-18,1.00000000
21.700000,-3.444070,-0.000852,-4.913080,5.999998,0.000054,-4.913025,3.611e-21,2.634e-21,6.067e-18,6.067e-18,1.00000000
21.800000,-3.445437,-0.000965,-4.912121,5.999997,0.000073,-4.912048,4.562e-21,3.003e-21,6.683e-18,6.683e-18,1.00000000
21.900000,-3.445684,0.000646,-4.911948,5.999998,0.000089,-4.911859,6.751e-21,3.341e-21,5.399e-18,5.399e-18,1.00000000
22.000000,-3.444375,0.001118,-4.912867,5.999998,0.000101,-4.912766,9.344e-21,4.715e-21,4.999e-18,4.999e-18,1.00000000
22.100000,-3.443795,-0.000396,-4.913273,5.999998,0.000107,-4.913166,1.740e-20,6.836e-21,5.212e-18,5.212e-18,1.00000000
22.200000,-3.444900,-0.001216,-4.912497,5.999997,0.000107,-4.912390,1.872e-20,7.008e-21,4.775e-18,4.775e-18,1.00000000
22.300000,-3.445625,0.000114,-4.911989,5.999997,0.000102,-4.911887,1.098e-20,4.633e-21,3.815e-18,3.815e-18,1.00000000
22.400000,-3.444561,0.001239,-4.912736,5.999998,0.000094,-4.912642,8.448e-21,2.889e-21,3.810e-18,3.810e-18,1.00000000
22.500000,-3.443468,0.000169,-4.913502,5.999998,0.000081,-4.913422,7.147e-21,2.944e-21,4.272e-18,4.272e-18,1.00000000
22.600000,-3.444169,-0.001199,-4.913011,5.999998,0.000063,-4.912947,7.862e-21,4.213e-21,3.859e-18,3.859e-18,1.00000000
22.700000,-3.445338,-0.000448,-4.912191,5.999998,0.000043,-4.912147,9.370e-21,6.783e-21,3.191e-18,3.191e-18,1.00000000
22.800000,-3.444863,0.001085,-4.912524,5.999998,0.000022,-4.912502,1.091e-20,1.113e-20,2.827e-18,2.827e-18,1.00000000
22.900000,-3.443584,0.000691,-4.913421,5.999998,0.000001,-4.913420,1.156e-20,1.627e-20,4.293e-18,4.293e-18,1.00000000
23.000000,-3.443791,-0.000918,-4.913276,5.999998,-0.000021,-4.913297,1.148e-20,1.961e-20,5.015e-18,5.015e-18,1.00000000
23.100000,-3.445158,-0.000888,-4.912317,5.999998,-0.000041,-4.912358,1.326e-20,2.388e-20,2.404e-18,2.404e-18,1.00000000
23.200000,-3.445331,0.000710,-4.912195,5.999998,-0.000059,-4.912254,2.450e-20,4.899e-20,3.117e-18,3.117e-18,1.00000000
23.300000,-3.444102,0.001032,-4.913057,5.999998,-0.000073,-4.913130,5.578e-20,1.180e-19,5.597e-18,5.597e-18,1.00000000
23.400000,-3.443745,-0.000474,-4.913309,5.999998,-0.000082,-4.913390,9.353e-20,1.955e-19,7.387e-18,7.387e-18,1.00000000
23.500000,-3.444940,-0.001113,-4.912470,5.999998,-0.000086,-4.912556,9.420e-20,1.882e-19,7.332e-18,7.332e-18,1.00000000
23.600000,-3.445583,0.000229,-4.912019,5.999998,-0.000085,-4.912104,5.838e-20,1.131e-19,4.428e-18,4.428e-18,1.00000000
23.700000,-3.444557,0.001136,-4.912738,5.999998,-0.000078,-4.912816,2.758e-20,5.247e-20,4.361e-18,4.361e-18,1.00000000
23.800000,-3.443695,0.000014,-4.913343,5.999998,-0.000065,-4.913409,1.271e-20,2.302e-20,4.778e-18,4.778e-18,1.00000000
23.900000,-3.444475,-0.001104,-4.912796,5.999998,-0.000048,-4.912844,6.692e-21,1.051e-20,3.590e-18,3.590e-18,1.00000000
24.000000,-3.445423,-0.000243,-4.912132,5.999998,-0.000028,-4.912159,3.921e-21,5.251e-21,2.791e-18,2.791e-18,1.00000000
24.100000,-3.444803,0.001023,-4.912566,5.999998,-0.000005,-4.912570,2.549e-21,3.102e-21,3.053e-18,3.053e-18,1.00000000
24.200000,-3.443712,0.000445,-4.913331,5.999998,0.000020,-4.913311,2.237e-21,2.202e-21,3.096e-18,3.096e-18,1.00000000
24.300000,-3.444068,-0.000902,-4.913082,5.999998,0.000046,-4.913036,2.222e-21,1.832e-21,2.750e-18,2.750e-18,1.00000000
24.400000,-3.445205,-0.000611,-4.912284,5.999998,0.000070,-4.912214,2.325e-21,1.969e-21,2.372e-18,2.372e-18,1.00000000
24.500000,-3.445122,0.000757,-4.912342,5.999998,0.000092,-4.912250,2.827e-21,2.673e-21,3.506e-18,3.506e-18,1.00000000
24.600000,-3.444067,0.000744,-4.913082,5.999998,0.000112,-4.912970,3.620e-21,3.657e-21,4.496e-18,4.496e-18,1.00000000
24.700000,-3.444035,-0.000589,-4.913105,5.999998,0.000128,-4.912977,4.167e-21,4.553e-21,3.978e-18,3.978e-18,1.00000000
24.800000,-3.445165,-0.000832,-4.912312,5.999998,0.000140,-4.912173,5.884e-21,5.511e-21,2.725e-18,2.725e-18,1.00000000
24.900000,-3.445519,0.000424,-4.912064,5.999998,0.000145,-4.911919,8.092e-21,6.507e-21,4.735e-18,4.735e-18,1.00000000
25.000000,-3.444575,0.000893,-4.912726,5.999998,0.000146,-4.912580,8.958e-21,7.668e-21,7.108e-18,7.108e-18,1.00000000
25.100000,-3.444126,-0.000255,-4.913041,5.999998,0.000140,-4.912901,1.279e-20,8.585e-21,9.683e-18,9.683e-18,1.00000000
25.200000,-3.445003,-0.000925,-4.912426,5.999998,0.000128,-4.912298,1.857e-20,8.882e-21,6.668e-18,6.668e-18,1.00000000
25.300000,-3.445585,0.000088,-4.912018,5.999998,0.000111,-4.911907,2.732e-20,1.265e-20,3.871e-18,3.871e-18,1.00000000
25.400000,-3.444752,0.000930,-4.912602,5.999998,0.000090,-4.912512,3.613e-20,1.873e-20,4.110e-18,4.110e-18,1.00000000
25.500000,-3.443914,0.000072,-4.913189,5.999998,0.000064,-4.913125,3.100e-20,1.713e-20,3.568e-18,3.568e-18,1.00000000
25.600000,-3.444453,-0.000923,-4.912812,5.999998,0.000037,-4.912775,2.019e-20,1.121e-20,3.126e-18,3.126e-18,1.00000000
25.700000,-3.445233,-0.000247,-4.912265,5.999998,0.000009,-4.912256,1.220e-20,9.122e-21,3.066e-18,3.066e-18,1.00000000
25.800000,-3.444682,0.000878,-4.912651,5.999998,-0.000018,-4.912669,7.803e-21,1.041e-20,3.041e-18,3.041e-18,1.00000000
25.900000,-3.443656,0.000411,-4.913371,5.999998,-0.000044,-4.913415,6.549e-21,1.408e-20,2.955e-18,2.955e-18,1.00000000
26.000000,-3.443906,-0.000812,-4.913195,5.999998,-0.000068,-4.913263,7.036e-21,2.051e-20,2.891e-18,2.891e-18,1.00000000
26.100000,-3.444922,-0.000578,-4.912482,5.999998,-0.000087,-4.912570,7.726e-21,2.907e-20,4.649e-18,4.649e-18,1.00000000
26.200000,-3.444846,0.000704,-4.912536,5.999998,-0.000102,-4.912638,7.534e-21,3.640e-20,5.713e-18,5.713e-18,1.00000000
26.300000,-3.443825,0.000727,-4.913252,5.999998,-0.000111,-4.913364,7.541e-21,4.171e-20,4.637e-18,4.637e-18,1.00000000
26.400000,-3.443754,-0.000561,-4.913302,5.999998,-0.000116,-4.913417,1.209e-20,6.003e-20,2.265e-18,2.265e-18,1.00000000
26.500000,-3.444859,-0.000846,-4.912526,5.999998,-0.000114,-4.912640,2.554e-20,1.139e-19,3.514e-18,3.514e-18,1.00000000
26.600000,-3.445269,0.000391,-4.912239,5.999997,-0.000106,-4.912345,3.973e-20,1.759e-19,6.811e-18,6.811e-18,1.00000000
26.700000,-3.444361,0.000933,-4.912876,5.999998,-0.000092,-4.912968,4.079e-20,1.682e-19,1.006e-17,1.006e-17,1.00000000
26.800000,-3.443869,-0.000190,-4.913221,5.999998,-0.000073,-4.913295,2.811e-20,1.037e-19,8.492e-18,8.492e-18,1.00000000
26.900000,-3.444757,-0.000968,-4.912598,5.999998,-0.000051,-4.912650,1.645e-20,5.144e-20,3.389e-18,3.389e-18,1.00000000
27.000000,-3.445490,-0.000016,-4.912084,5.999997,-0.000026,-4.912110,1.004e-20,2.504e-20,3.253e-18,3.253e-18,1.00000000
27.100000,-3.444789,0.000958,-4.912576,5.999998,0.000001,-4.912575,6.965e-21,1.286e-20,3.506e-18,3.506e-18,1.00000000
27.200000,-3.443904,0.000224,-4.913197,5.999998,0.000028,-4.913169,5.536e-21,7.703e-21,3.317e-18,3.317e-18,1.00000000
27.300000,-3.444371,-0.000895,-4.912869,5.999998,0.000053,-4.912816,4.768e-21,5.996e-21,3.176e-18,3.176e-18,1.00000000
27.400000,-3.445294,-0.000416,-4.912222,5.999998,0.000076,-4.912146,4.344e-21,5.547e-21,3.004e-18,3.004e-18,1.00000000
27.500000,-3.444985,0.000786,-4.912438,5.999997,0.000095,-4.912343,4.018e-21,5.356e-21,2.843e-18,2.843e-18,1.00000000
27.600000,-3.443970,0.000580,-4.913150,5.999998,0.000111,-4.913039,3.854e-21,5.435e-21,2.732e-18,2.732e-18,1.00000000
27.700000,-3.444024,-0.000639,-4.913113,5.999999,0.000122,-4.912991,3.896e-21,5.847e-21,3.586e-18,3.586e-18,1.00000000
27.800000,-3.445021,-0.000702,-4.912414,5.999998,0.000127,-4.912286,4.934e-21,6.464e-21,4.452e-18,4.452e-18,1.00000000
27.900000,-3.445202,0.000470,-4.912286,5.999997,0.000127,-4.912159,7.325e-21,7.241e-21,4.480e-18,4.480e-18,1.00000000
28.000000,-3.444316,0.000780,-4.912907,5.999998,0.000122,-4.912785,9.393e-21,8.562e-21,3.078e-18,3.078e-18,1.00000000
28.100000,-3.444019,-0.000294,-4.913116,5.999998,0.000113,-4.913004,1.204e-20,1.002e-20,2.972e-18,2.972e-18,1.00000000
28.200000,-3.444889,-0.000810,-4.912506,5.999998,0.000098,-4.912408,1.490e-20,1.099e-20,4.332e-18,4.332e-18,1.00000000
28.300000,-3.445417,0.000128,-4.912135,5.999997,0.000079,-4.912056,1.445e-20,1.209e-20,8.344e-18,8.344e-18,1.00000000
28.400000,-3.444729,0.000806,-4.912617,5.999997,0.000057,-4.912560,1.431e-20,1.399e-20,1.038e-17,1.038e-17,1.00000000
28.500000,-3.444117,0.000023,-4.913047,5.999998,0.000035,-4.913013,2.468e-20,2.206e-20,4.753e-18,4.753e-18,1.00000000
28.600000,-3.444666,-0.000779,-4.912663,5.999999,0.000011,-4.912652,3.881e-20,3.700e-20,2.781e-18,2.781e-18,1.00000000
28.700000,-3.445314,-0.000163,-4.912208,5.999998,-0.000012,-4.912219,3.941e-20,3.913e-20,2.484e-18,2.484e-18,1.00000000
28.800000,-3.444817,0.000725,-4.912555,5.999997,-0.000033,-4.912588,2.836e-20,2.567e-20,2.794e-18,2.794e-18,1.00000000
28.900000,-3.443994,0.000282,-4.913133,5.999997,-0.000050,-4.913182,1.658e-20,1.528e-20,3.032e-18,3.032e-18,1.00000000
29.000000,-3.444215,-0.000660,-4.912979,5.999998,-0.000062,-4.913041,1.082e-20,1.124e-20,2.766e-18,2.766e-18,1.00000000
29.100000,-3.444937,-0.000393,-4.912473,5.999999,-0.000071,-4.912544,7.822e-21,1.145e-20,2.395e-18,2.395e-18,1.00000000
29.200000,-3.444742,0.000571,-4.912608,5.999998,-0.000075,-4.912683,6.856e-21,1.548e-20,2.783e-18,2.783e-18,1.00000000
29.300000,-3.443927,0.000480,-4.913180,5.999997,-0.000074,-4.913253,6.441e-21,2.299e-20,4.438e-18,4.438e-18,1.00000000
29.400000,-3.443930,-0.000473,-4.913178,5.999998,-0.000067,-4.913245,5.897e-21,3.162e-20,4.939e-18,4.939e-18,1.00000000
29.500000,-3.444721,-0.000547,-4.912624,5.999999,-0.000056,-4.912680,5.624e-21,3.892e-20,3.938e-18,3.938e-18,1.00000000
29.600000,-3.444890,0.000371,-4.912506,5.999998,-0.000041,-4.912547,6.991e-21,5.307e-20,3.275e-18,3.275e-18,1.00000000
29.700000,-3.444222,0.000598,-4.912973,5.999997,-0.000024,-4.912997,1.354e-20,9.121e-20,3.267e-18,3.267e-18,1.00000000
29.800000,-3.444054,-0.000261,-4.913091,5.999997,-0.000003,-4.913093,2.065e-20,1.341e-19,3.771e-18,3.771e-18,1.00000000
29.900000,-3.444810,-0.000624,-4.912562,5.999998,0.000020,-4.912542,2.062e-20,1.269e-19,6.150e-18,6.150e-18,1.00000000
30.000000,-3.445233,0.000163,-4.912266,5.999998,0.000042,-4.912223,1.485e-20,8.005e-20,1.091e-17,1.091e-17,1.00000000
30.000000,-3.445233,0.000163,-4.912266,5.999998,0.000042,-4.912223,1.485e-20,8.005e-20,1.091e-17,1.091e-17,1.00000000
30.100000,-3.341907,-0.001530,-4.983134,5.999998,0.000104,-4.983030,1.209e-20,4.272e-20,7.658e-18,7.658e-18,1.00000000
30.200000,-3.240894,-0.004951,-5.049410,5.999997,0.000161,-5.049249,8.897e-21,2.379e-20,4.048e-18,4.048e-18,1.00000000
30.300000,-3.140446,-0.004046,-5.112490,5.999998,0.000212,-5.112277,7.477e-21,1.514e-20,2.919e-18,2.919e-18,1.00000000
30.400000,-3.035218,-0.000381,-5.175658,5.999999,0.000255,-5.175403,6.760e-21,1.157e-20,3.258e-18,3.258e-18,1.00000000
30.500000,-2.925859,-0.000447,-5.238256,5.999998,0.000288,-5.237969,5.529e-21,1.009e-20,3.445e-18,3.445e-18,1.00000000
30.600000,-2.818123,-0.004136,-5.296993,5.999997,0.000307,-5.296685,5.352e-21,9.150e-21,2.825e-18,2.825e-18,1.00000000
30.700000,-2.712727,-0.004904,-5.351734,5.999997,0.000316,-5.351418,5.536e-21,8.177e-21,2.398e-18,2.398e-18,1.00000000
30.800000,-2.604050,-0.001413,-5.405451,5.999998,0.000314,-5.405137,5.807e-21,7.492e-21,2.772e-18,2.772e-18,1.00000000
30.900000,-2.490233,0.000117,-5.458821,5.999999,0.000304,-5.458517,6.360e-21,7.493e-21,4.401e-18,4.401e-18,1.00000000
31.000000,-2.376667,-0.002993,-5.509212,5.999998,0.000286,-5.508927,7.552e-21,8.150e-21,6.944e-18,6.944e-18,1.00000000
31.100000,-2.266478,-0.005164,-5.555449,5.999997,0.000260,-5.555189,9.184e-21,9.237e-21,6.205e-18,6.205e-18,1.00000000
31.200000,-2.155007,-0.002576,-5.599635,5.999998,0.000231,-5.599404,1.088e-20,1.099e-20,4.093e-18,4.093e-18,1.00000000
31.300000,-2.038247,0.000076,-5.643185,5.999999,0.000200,-5.642985,1.231e-20,1.242e-20,2.954e-18,2.954e-18,1.00000000
31.400000,-1.920110,-0.001909,-5.684466,5.999999,0.000167,-5.684299,1.484e-20,1.319e-20,3.509e-18,3.509e-18,1.00000000
31.500000,-1.805428,-0.004860,-5.721921,5.999997,0.000134,-5.721787,1.521e-20,1.419e-20,4.190e-18,4.190e-18,1.00000000
31.600000,-1.691319,-0.003496,-5.756683,5.999997,0.000102,-5.756580,1.820e-20,1.837e-20,8.451e-18,8.451e-18,1.00000000
31.700000,-1.572581,-0.000425,-5.790248,5.999998,0.000074,-5.790173,3.375e-20,3.591e-20,1.006e-17,1.006e-17,1.00000000
31.800000,-1.451220,-0.001209,-5.821850,5.999999,0.000050,-5.821800,5.527e-20,6.357e-20,6.182e-18,6.182e-18,1.00000000
31.900000,-1.332719,-0.004246,-5.850112,5.999998,0.000031,-5.850082,5.434e-20,6.845e-20,3.973e-18,3.973e-18,1.00000000
32.000000,-1.216068,-0.003964,-5.875468,5.999997,0.000016,-5.875452,3.612e-20,4.645e-20,2.755e-18,2.755e-18,1.00000000
32.100000,-1.095951,-0.001071,-5.899056,5.999998,0.000007,-5.899049,2.003e-20,2.686e-20,2.807e-18,2.807e-18,1.00000000
32.200000,-0.972699,-0.000940,-5.920628,5.999998,0.000003,-5.920625,1.144e-20,1.560e-20,2.568e-18,2.568e-18,1.00000000
32.300000,-0.851504,-0.003619,-5.939268,5.999998,0.000003,-5.939265,7.639e-21,1.050e-20,2.787e-18,2.787e-18,1.00000000
32.400000,-0.732820,-0.004080,-5.955076,5.999997,0.000005,-5.955071,6.910e-21,1.017e-20,3.082e-18,3.082e-18,1.00000000
32.500000,-0.611918,-0.001640,-5.968712,5.999997,0.000009,-5.968703,6.912e-21,1.344e-20,3.510e-18,3.510e-18,1.00000000
32.600000,-0.487876,-0.000914,-5.980130,5.999998,0.000014,-5.980116,7.025e-21,1.876e-20,5.245e-18,5.245e-18,1.00000000
32.700000,-0.365121,-0.003110,-5.988878,5.999998,0.000020,-5.988858,7.291e-21,2.537e-20,6.765e-18,6.765e-18,1.00000000
32.800000,-0.245128,-0.004034,-5.994987,5.999998,0.000025,-5.994962,9.274e-21,3.916e-20,5.475e-18,5.475e-18,1.00000000
32.900000,-0.123964,-0.002067,-5.998716,5.999997,0.000030,-5.998686,1.317e-20,7.136e-20,3.762e-18,3.762e-18,1.00000000
33.000000,0.000125,-0.000998,-5.999997,5.999998,0.000035,-5.999963,1.758e-20,1.058e-19,3.842e-18,3.842e-18,1.00000000
33.000000,0.000125,-0.000998,-5.999997,5.999998,0.000035,-5.999963,1.758e-20,1.058e-19,3.842e-18,3.842e-18,1.00000000
33.100000,0.000185,0.001053,-5.999997,5.999997,0.000034,-5.999963,1.778e-20,1.004e-19,3.866e-18,3.866e-18,1.00000000
33.200000,0.000075,-0.001166,-5.999997,5.999997,0.000034,-5.999963,1.450e-20,6.503e-20,5.386e-18,5.386e-18,1.00000000
33.300000,-0.001192,-0.000912,-5.999996,5.999996,0.000033,-5.999963,1.109e-20,3.785e-20,1.103e-17,1.103e-17,1.00000000
33.400000,-0.000880,-0.001224,-5.999995,5.999995,0.000032,-5.999963,1.034e-20,2.526e-20,9.464e-18,9.464e-18,1.00000000
33.500000,0.001127,-0.000444,-5.999993,5.999993,0.000030,-5.999963,1.021e-20,2.008e-20,5.980e-18,5.980e-18,1.00000000
33.600000,-0.001602,0.000487,-5.999990,5.999991,0.000028,-5.999963,7.161e-21,1.881e-20,3.726e-18,3.726e-18,1.00000000
33.700000,0.000734,0.001339,-5.999983,5.999983,0.000020,-5.999963,5.963e-21,1.776e-20,3.327e-18,3.327e-18,1.00000000
33.800000,0.001452,0.000973,-5.999963,5.999963,0.000000,-5.999963,6.580e-21,1.526e-20,2.879e-18,2.879e-18,1.00000000
33.900000,0.000549,0.001449,-5.999878,5.999878,-0.000085,-5.999963,7.449e-21,1.218e-20,2.741e-18,2.741e-18,1.00000000
34.000000,0.001136,-0.004069,-5.998983,5.998985,-0.000980,-5.999963,8.038e-21,9.812e-21,2.486e-18,2.486e-18,1.00000000
34.000000,0.001136,-0.004069,-5.998983,5.998985,-0.000980,-5.999963,8.038e-21,9.812e-21,2.486e-18,2.486e-18,1.00000000
34.100000,0.000716,-0.011362,-5.993442,5.993453,-0.006520,-5.999963,8.651e-21,8.976e-21,3.013e-18,3.013e-18,1.00000000
34.200000,-0.000138,-0.020082,-5.981945,5.981978,-0.018018,-5.999963,9.341e-21,9.297e-21,6.181e-18,6.181e-18,1.00000000
34.300000,-0.001487,-0.029745,-5.964621,5.964696,-0.035342,-5.999963,1.116e-20,9.857e-21,6.586e-18,6.586e-18,1.00000000
34.400000,-0.003373,-0.039864,-5.941524,5.941659,-0.058439,-5.999963,1.342e-20,1.075e-20,5.579e-18,5.579e-18,1.00000000
34.500000,-0.005826,-0.049957,-5.912650,5.912863,-0.087313,-5.999963,1.615e-20,1.145e-20,4.301e-18,4.301e-18,1.00000000
34.600000,-0.008871,-0.059544,-5.877961,5.878269,-0.122002,-5.999963,1.958e-20,1.193e-20,3.251e-18,3.251e-18,1.00000000
34.700000,-0.012530,-0.068147,-5.837405,5.837816,-0.162558,-5.999963,1.938e-20,1.462e-20,3.149e-18,3.149e-18,1.00000000
34.800000,-0.016821,-0.075286,-5.790932,5.791445,-0.209031,-5.999963,1.971e-20,2.713e-20,2.698e-18,2.698e-18,1.00000000
34.900000,-0.021735,-0.080495,-5.738507,5.739113,-0.261456,-5.999963,2.985e-20,6.129e-20,6.916e-18,6.916e-18,1.00000000
35.000000,-0.027217,-0.083367,-5.680148,5.680825,-0.319815,-5.999963,4.471e-20,1.029e-19,9.145e-18,9.145e-18,1.00000000
35.100000,-0.033138,-0.083604,-5.615981,5.616701,-0.383982,-5.999963,4.717e-20,1.077e-19,7.707e-18,7.707e-18,1.00000000
35.200000,-0.039286,-0.081084,-5.546323,5.547054,-0.453640,-5.999963,3.539e-20,7.630e-20,5.577e-18,5.577e-18,1.00000000
35.300000,-0.045398,-0.075883,-5.471738,5.472453,-0.528224,-5.999963,2.199e-20,4.700e-20,3.905e-18,3.905e-18,1.00000000
35.400000,-0.051219,-0.068273,-5.392982,5.393657,-0.606981,-5.999963,1.293e-20,2.901e-20,2.983e-18,2.983e-18,1.00000000
35.500000,-0.056554,-0.058693,-5.310828,5.311454,-0.689135,-5.999963,8.615e-21,1.815e-20,2.703e-18,2.703e-18,1.00000000
35.600000,-0.061278,-0.047688,-5.225916,5.226493,-0.774047,-5.999963,7.199e-21,1.279e-20,2.605e-18,2.605e-18,1.00000000
35.700000,-0.065335,-0.035831,-5.138684,5.139225,-0.861278,-5.999963,6.132e-21,1.239e-20,2.271e-18,2.271e-18,1.00000000
35.800000,-0.068719,-0.023633,-5.049413,5.049936,-0.950550,-5.999963,5.189e-21,1.460e-20,4.338e-18,4.338e-18,1.00000000
35.900000,-0.071463,-0.011473,-4.958300,4.958829,-1.041662,-5.999963,6.145e-21,1.920e-20,5.744e-18,5.744e-18,1.00000000
36.000000,-0.073622,0.000419,-4.865555,4.866112,-1.134408,-5.999963,7.690e-21,3.102e-20,4.840e-18,4.840e-18,1.00000000
36.100000,-0.075244,0.011931,-4.771488,4.772096,-1.228475,-5.999963,9.718e-21,5.550e-20,3.565e-18,3.565e-18,1.00000000
36.200000,-0.076326,0.023009,-4.676569,4.677249,-1.323393,-5.999963,1.225e-20,7.777e-20,2.890e-18,2.890e-18,1.00000000
36.300000,-0.076777,0.033599,-4.581433,4.582199,-1.418530,-5.999963,1.253e-20,7.250e-20,3.068e-18,3.068e-18,1.00000000
36.400000,-0.076408,0.043598,-4.486811,4.487673,-1.513152,-5.999963,9.867e-21,4.914e-20,2.181e-18,2.181e-18,1.00000000
36.500000,-0.074965,0.052873,-4.393411,4.394368,-1.606552,-5.999963,7.941e-21,3.075e-20,4.547e-18,4.547e-18,1.00000000
36.600000,-0.072206,0.061297,-4.301732,4.302774,-1.698231,-5.999963,7.554e-21,2.175e-20,6.850e-18,6.850e-18,1.00000000
36.700000,-0.067972,0.068780,-4.211945,4.213055,-1.788018,-5.999963,6.995e-21,1.795e-20,8.114e-18,8.114e-18,1.00000000
36.800000,-0.062239,0.075257,-4.123940,4.125097,-1.876022,-5.999963,6.356e-21,1.639e-20,1.369e-17,1.369e-17,1.00000000
36.900000,-0.055140,0.080644,-4.037576,4.038758,-1.962387,-5.999963,6.572e-21,1.509e-20,3.192e-17,3.192e-17,1.00000000
37.000000,-0.046948,0.084802,-3.952956,3.954144,-2.047007,-5.999963,7.392e-21,1.319e-20,6.770e-17,6.770e-17,1.00000000
37.100000,-0.037990,0.087621,-3.870492,3.871670,-2.129471,-5.999963,8.425e-21,1.082e-20,1.242e-16,1.242e-16,1.00000000
37.200000,-0.028536,0.089109,-3.790650,3.791805,-2.209313,-5.999963,9.609e-21,9.122e-21,1.961e-16,1.961e-16,1.00000000
37.300000,-0.018763,0.089410,-3.713553,3.714677,-2.286410,-5.999963,1.017e-20,8.617e-21,2.666e-16,2.666e-16,1.00000000
37.400000,-0.008812,0.088724,-3.638753,3.639845,-2.361210,-5.999963,1.068e-20,8.490e-21,3.170e-16,3.170e-16,1.00000000
37.500000,0.001112,0.087227,-3.565317,3.566384,-2.434646,-5.999963,1.142e-20,8.069e-21,3.341e-16,3.341e-16,1.00000000
37.600000,0.010723,0.085063,-3.492137,3.493189,-2.507826,-5.999963,1.278e-20,7.985e-21,3.170e-16,3.170e-16,1.00000000
37.700000,0.019728,0.082352,-3.418185,3.419234,-2.581778,-5.999963,1.546e-20,8.566e-21,2.826e-16,2.826e-16,1.00000000
37.800000,0.027912,0.079227,-3.342646,3.343701,-2.657317,-5.999963,1.628e-20,1.010e-20,2.422e-16,2.422e-16,1.00000000
37.900000,0.035128,0.075867,-3.264992,3.266062,-2.734971,-5.999963,1.667e-20,1.445e-20,2.082e-16,2.082e-16,1.00000000
38.000000,0.041252,0.072490,-3.185025,3.186117,-2.814937,-5.999963,1.846e-20,2.979e-20,1.857e-16,1.857e-16,1.00000000
38.100000,0.046149,0.069281,-3.102961,3.104077,-2.897002,-5.999963,2.546e-20,6.751e-20,1.745e-16,1.745e-16,1.00000000
38.200000,0.049650,0.066398,-3.019486,3.020624,-2.980476,-5.999963,3.294e-20,1.089e-19,1.645e-16,1.645e-16,1.00000000
38.300000,0.051649,0.063980,-2.935570,2.936722,-3.064392,-5.999963,3.218e-20,1.095e-19,1.546e-16,1.546e-16,1.00000000
38.400000,0.052300,0.062122,-2.852009,2.853165,-3.147954,-5.999963,2.567e-20,7.777e-20,1.718e-16,1.718e-16,1.00000000
38.500000,0.052114,0.060898,-2.768941,2.770101,-3.231022,-5.999963,1.664e-20,5.160e-20,2.452e-16,2.452e-16,1.00000000
38.600000,0.051843,0.060463,-2.685642,2.686822,-3.314321,-5.999963,1.009e-20,3.626e-20,3.447e-16,3.447e-16,1.00000000
38.700000,0.052087,0.061078,-2.600859,2.602097,-3.399104,-5.999963,7.320e-21,2.530e-20,4.447e-16,4.447e-16,1.00000000
38.800000,0.052875,0.062967,-2.513533,2.514877,-3.486430,-5.999963,6.248e-21,1.827e-20,5.832e-16,5.832e-16,1.00000000
38.900000,0.053872,0.066063,-2.423578,2.425076,-3.576385,-5.999963,5.719e-21,1.656e-20,6.885e-16,6.885e-16,1.00000000
39.000000,0.054885,0.069965,-2.332133,2.333828,-3.667829,-5.999963,5.692e-21,1.788e-20,7.291e-16,7.291e-16,1.00000000
39.100000,0.055985,0.074125,-2.241195,2.243119,-3.758768,-5.999963,5.748e-21,2.123e-20,7.477e-16,7.477e-16,1.00000000
39.200000,0.057251,0.078206,-2.153065,2.155245,-3.846898,-5.999963,5.861e-21,3.188e-20,7.493e-16,7.493e-16,1.00000000
39.300000,0.058735,0.082207,-2.069427,2.071892,-3.930536,-5.999963,6.452e-21,5.012e-20,7.791e-16,7.791e-16,1.00000000
39.400000,0.060542,0.086307,-1.990494,1.993284,-4.009469,-5.999963,6.873e-21,5.745e-20,8.351e-16,8.351e-16,1.00000000
39.500000,0.062557,0.090516,-1.915685,1.918843,-4.084278,-5.999963,7.362e-21,4.626e-20,8.703e-16,8.703e-16,1.00000000
39.600000,0.064114,0.094294,-1.845196,1.848715,-4.154767,-5.999963,7.326e-21,3.130e-20,8.596e-16,8.596e-16,1.00000000
39.700000,0.064263,0.096625,-1.780894,1.784671,-4.219069,-5.999963,6.781e-21,2.254e-20,7.759e-16,7.759e-16,1.00000000
39.800000,0.062329,0.096422,-1.725795,1.729610,-4.274168,-5.999963,7.026e-21,1.707e-20,6.578e-16,6.578e-16,1.00000000
39.900000,0.058318,0.092936,-1.682742,1.686316,-4.317221,-5.999963,6.973e-21,1.355e-20,5.078e-16,5.078e-16,1.00000000
40.000000,0.053009,0.086166,-1.653448,1.656540,-4.346516,-5.999963,6.525e-21,1.152e-20,3.443e-16,3.443e-16,1.00000000
40.100000,0.047680,0.077219,-1.638010,1.640522,-4.361953,-5.999963,6.252e-21,9.777e-21,2.761e-16,2.761e-16,1.00000000
40.200000,0.043339,0.067887,-1.634594,1.636577,-4.365370,-5.999963,6.459e-21,8.238e-21,3.032e-16,3.032e-16,1.00000000
40.300000,0.040492,0.059403,-1.640037,1.641612,-4.359926,-5.999963,6.470e-21,7.149e-21,2.983e-16,2.983e-16,1.00000000
40.400000,0.039545,0.051842,-1.651317,1.652604,-4.348646,-5.999963,6.952e-21,6.520e-21,2.515e-16,2.515e-16,1.00000000
40.500000,0.040858,0.044234,-1.666544,1.667632,-4.333419,-5.999963,8.141e-21,6.737e-21,2.261e-16,2.261e-16,1.00000000
40.600000,0.044469,0.035477,-1.684753,1.685713,-4.315210,-5.999963,9.566e-21,6.837e-21,1.643e-16,1.643e-16,1.00000000
40.700000,0.049871,0.025532,-1.705437,1.706357,-4.294526,-5.999963,9.967e-21,6.885e-21,1.098e-16,1.098e-16,1.00000000
40.800000,0.055769,0.015470,-1.728231,1.729200,-4.271732,-5.999963,1.020e-20,8.547e-21,7.740e-17,7.740e-17,1.00000000
40.900000,0.060321,0.006790,-1.752456,1.753507,-4.247507,-5.999963,1.113e-20,1.160e-20,4.942e-17,4.942e-17,1.00000000
41.000000,0.062138,0.001057,-1.777207,1.778293,-4.222756,-5.999963,1.234e-20,1.562e-20,4.707e-17,4.707e-17,1.00000000
41.100000,0.061102,-0.001045,-1.801251,1.802288,-4.198712,-5.999963,1.558e-20,2.383e-20,4.273e-17,4.273e-17,1.00000000
41.200000,0.057029,-0.000335,-1.823288,1.824180,-4.176675,-5.999963,1.943e-20,4.388e-20,4.235e-17,4.235e-17,1.00000000
41.300000,0.050401,0.002102,-1.842621,1.843311,-4.157342,-5.999963,2.233e-20,7.135e-20,5.117e-17,5.117e-17,1.00000000
41.400000,0.041924,0.004926,-1.859960,1.860439,-4.140003,-5.999963,2.034e-20,8.435e-20,6.927e-17,6.927e-17,1.00000000
41.500000,0.032233,0.007252,-1.876233,1.876524,-4.123730,-5.999963,1.496e-20,7.557e-20,6.947e-17,6.947e-17,1.00000000
41.600000,0.022213,0.008408,-1.891325,1.891474,-4.108638,-5.999963,1.136e-20,5.621e-20,3.386e-16,3.386e-16,1.00000000
41.700000,0.013339,0.009012,-1.904812,1.904880,-4.095151,-5.999963,8.077e-21,3.981e-20,4.881e-13,4.881e-13,1.00000000
41.800000,0.006851,0.009967,-1.917237,1.917275,-4.082726,-5.999963,8.067e-21,3.050e-20,4.674e-12,4.674e-12,1.00000000
41.900000,0.002771,0.011824,-1.929342,1.929380,-4.070621,-5.999963,1.690e-20,2.668e-20,8.928e-12,8.928e-12,1.00000000
42.000000,-0.000467,0.014308,-1.941742,1.941795,-4.058220,-5.999963,1.412e-19,5.253e-20,7.162e-12,7.162e-12,1.00000000
42.100000,-0.004063,0.016781,-1.954720,1.954796,-4.045243,-5.999963,4.631e-18,1.308e-18,3.110e-12,3.110e-12,1.00000000
42.200000,-0.007471,0.019754,-1.968577,1.968690,-4.031386,-5.999963,5.129e-17,1.988e-17,9.129e-13,9.129e-13,1.00000000
42.300000,-0.009580,0.024033,-1.983944,1.984113,-4.016019,-5.999963,2.409e-16,1.551e-16,2.321e-13,2.321e-13,1.00000000
42.400000,-0.010369,0.029923,-2.002522,2.002773,-3.997440,-5.999963,8.410e-16,6.472e-16,5.426e-14,5.426e-14,1.00000000
42.500000,-0.010776,0.036850,-2.025595,2.025958,-3.974368,-5.999963,3.663e-15,3.900e-15,1.248e-14,1.248e-14,1.00000000
42.600000,-0.011679,0.043068,-2.052193,2.052678,-3.947770,-5.999963,1.279e-14,1.445e-14,2.992e-15,1.445e-14,1.00000000
42.700000,-0.013289,0.047103,-2.080363,2.080938,-3.919600,-5.999963,3.423e-14,4.031e-14,1.118e-15,4.031e-14,1.00000000
42.800000,-0.015629,0.048393,-2.107962,2.108575,-3.892001,-5.999963,5.093e-14,6.244e-14,7.464e-15,6.244e-14,1.00000000
42.900000,-0.019003,0.047108,-2.133593,2.134197,-3.866370,-5.999963,4.107e-14,5.130e-14,1.052e-13,1.052e-13,1.00000000
43.000000,-0.023758,0.044416,-2.156768,2.157356,-3.843195,-5.999963,1.967e-14,2.492e-14,4.134e-13,4.134e-13,1.00000000
43.100000,-0.029752,0.041679,-2.177200,2.177802,-3.822763,-5.999963,7.095e-15,9.183e-15,7.151e-13,7.151e-13,1.00000000
43.200000,-0.036371,0.040065,-2.194744,2.195411,-3.805219,-5.999963,2.496e-15,3.309e-15,8.396e-13,8.396e-13,1.00000000
43.300000,-0.042695,0.040654,-2.209690,2.210476,-3.790273,-5.999963,9.393e-16,1.250e-15,9.261e-13,9.261e-13,1.00000000
43.400000,-0.047606,0.043471,-2.222353,2.223288,-3.777609,-5.999963,3.693e-16,4.884e-16,2.630e-12,2.630e-12,1.00000000
43.500000,-0.049773,0.048254,-2.232650,2.233726,-3.767313,-5.999963,1.466e-16,1.932e-16,6.067e-12,6.067e-12,1.00000000
43.600000,-0.048301,0.055578,-2.240633,2.241843,-3.759330,-5.999963,5.811e-17,7.660e-17,6.297e-12,6.297e-12,1.00000000
43.700000,-0.042023,0.066709,-2.246450,2.247834,-3.753512,-5.999963,2.296e-17,3.037e-17,3.663e-12,3.663e-12,1.00000000
43.800000,-0.030761,0.082211,-2.249535,2.251247,-3.750428,-5.999963,9.096e-18,1.205e-17,1.585e-12,1.585e-12,1.00000000
43.900000,-0.016361,0.101958,-2.249178,2.251547,-3.750784,-5.999963,3.680e-18,4.771e-18,5.989e-13,5.989e-13,1.00000000
44.000000,-0.001076,0.124638,-2.245969,2.249425,-3.753994,-5.999963,1.926e-18,1.996e-18,2.339e-13,2.339e-13,1.00000000
44.100000,0.013404,0.147364,-2.241892,2.246770,-3.758071,-5.999963,3.111e-18,1.470e-18,1.526e-13,1.526e-13,1.00000000
44.200000,0.025797,0.167377,-2.238322,2.244719,-3.761641,-5.999962,7.966e-18,2.744e-18,2.159e-13,2.159e-13,1.00000000
44.300000,0.035135,0.183318,-2.235636,2.243414,-3.764327,-5.999962,1.321e-17,5.534e-18,3.127e-13,3.127e-13,1.00000000
44.400000,0.041805,0.195211,-2.233619,2.242523,-3.766344,-5.999962,2.025e-17,1.199e-17,3.862e-13,3.862e-13,1.00000000
44.500000,0.047201,0.203987,-2.231044,2.240847,-3.768919,-5.999962,3.792e-17,2.567e-17,4.312e-13,4.312e-13,1.00000000
44.600000,0.051828,0.210385,-2.226994,2.237510,-3.772968,-5.999962,7.012e-17,5.042e-17,4.932e-13,4.932e-13,1.00000000
44.700000,0.056404,0.215714,-2.221694,2.232855,-3.778268,-5.999962,1.298e-16,9.912e-17,5.919e-13,5.919e-13,1.00000000
44.800000,0.061918,0.220501,-2.216425,2.228227,-3.783537,-5.999962,2.295e-16,1.930e-16,7.552e-13,7.552e-13,1.00000000
44.900000,0.068586,0.224842,-2.212062,2.224517,-3.787900,-5.999962,3.917e-16,3.628e-16,1.123e-12,1.123e-12,1.00000000
45.000000,0.076949,0.228192,-2.208692,2.221782,-3.791270,-5.999962,6.355e-16,6.038e-16,2.739e-12,2.739e-12,1.00000000
45.100000,0.088090,0.229554,-2.205967,2.219628,-3.793995,-5.999962,8.828e-16,8.442e-16,4.772e-12,4.772e-12,1.00000000
45.200000,0.100473,0.228084,-2.203804,2.217853,-3.796158,-5.999962,1.241e-15,1.185e-15,4.897e-12,4.897e-12,1.00000000
45.300000,0.112199,0.223806,-2.202186,2.216371,-3.797777,-5.999963,1.792e-15,1.584e-15,3.208e-12,3.208e-12,1.00000000
45.400000,0.122982,0.216490,-2.201474,2.215509,-3.798489,-5.999963,2.419e-15,2.202e-15,1.687e-12,1.687e-12,1.00000000
45.500000,0.133073,0.205163,-2.203203,2.216733,-3.796760,-5.999963,3.877e-15,5.566e-15,8.122e-13,8.122e-13,1.00000000
45.600000,0.142476,0.190108,-2.208232,2.220975,-3.791731,-5.999964,6.731e-15,1.239e-14,4.811e-13,4.811e-13,1.00000000
45.700000,0.151744,0.173663,-2.216141,2.228109,-3.783822,-5.999964,1.578e-14,2.900e-14,3.438e-13,3.438e-13,1.00000000
45.800000,0.160269,0.155478,-2.225239,2.236414,-3.774725,-5.999964,4.829e-14,7.974e-14,3.565e-13,3.565e-13,1.00000000
45.900000,0.165933,0.134851,-2.234127,2.244336,-3.765837,-5.999964,1.095e-13,1.702e-13,3.845e-13,3.845e-13,1.00000000
46.000000,0.166989,0.111546,-2.241289,2.250267,-3.758676,-5.999964,1.483e-13,2.436e-13,3.944e-13,3.944e-13,1.00000000
46.100000,0.162496,0.086129,-2.247154,2.254668,-3.752810,-5.999964,1.150e-13,2.114e-13,8.345e-13,8.345e-13,1.00000000
46.200000,0.152037,0.057967,-2.253578,2.259445,-3.746386,-5.999964,5.552e-14,1.135e-13,1.866e-11,1.866e-11,1.00000000
46.300000,0.135856,0.026732,-2.260213,2.264450,-3.739751,-5.999964,2.067e-14,4.565e-14,6.890e-11,6.890e-11,1.00000000
46.400000,0.115296,-0.006534,-2.265159,2.268101,-3.734805,-5.999964,7.740e-15,1.756e-14,6.889e-11,6.889e-11,1.00000000
46.500000,0.092935,-0.039490,-2.268629,2.270875,-3.731335,-5.999964,7.240e-15,8.170e-15,2.904e-11,2.904e-11,1.00000000
46.600000,0.071983,-0.069046,-2.272345,2.274533,-3.727619,-5.999964,6.418e-14,1.771e-14,9.956e-12,9.956e-12,1.00000000
46.700000,0.055177,-0.093169,-2.277193,2.279766,-3.722771,-5.999963,2.782e-13,8.305e-14,5.478e-12,5.478e-12,1.00000000
46.800000,0.042585,-0.110942,-2.283108,2.286199,-3.716855,-5.999963,6.329e-13,1.907e-13,4.357e-12,4.357e-12,1.00000000
46.900000,0.033579,-0.122179,-2.289121,2.292625,-3.710842,-5.999963,1.060e-12,3.489e-13,3.165e-12,3.165e-12,1.00000000
47.000000,0.027093,-0.127172,-2.294654,2.298335,-3.705309,-5.999963,1.452e-12,4.437e-13,2.006e-12,2.006e-12,1.00000000
47.100000,0.020666,-0.126737,-2.301166,2.304746,-3.698798,-5.999963,1.408e-12,3.871e-13,1.069e-12,1.408e-12,1.00000000
47.200000,0.011061,-0.122696,-2.309733,2.313016,-3.690231,-5.999963,9.421e-13,2.410e-13,6.374e-13,9.421e-13,1.00000000
47.300000,-0.004830,-0.117300,-2.318898,2.321867,-3.681066,-5.999963,4.601e-13,1.144e-13,6.788e-13,6.788e-13,1.00000000
47.400000,-0.028110,-0.112814,-2.326210,2.329114,-3.673753,-5.999963,1.872e-13,4.595e-14,1.416e-12,1.416e-12,1.00000000
47.500000,-0.057848,-0.111975,-2.331443,2.334847,-3.668520,-5.999963,7.250e-14,1.777e-14,3.047e-12,3.047e-12,1.00000000
47.600000,-0.091508,-0.115797,-2.336174,2.340831,-3.663790,-5.999963,2.861e-14,7.237e-15,5.234e-12,5.234e-12,1.00000000
47.700000,-0.123772,-0.122646,-2.340970,2.347445,-3.658994,-5.999963,1.197e-14,3.583e-15,8.226e-12,8.226e-12,1.00000000
47.800000,-0.149003,-0.127728,-2.346128,2.354322,-3.653835,-5.999963,5.505e-15,2.726e-15,1.726e-11,1.726e-11,1.00000000
47.900000,-0.165931,-0.126699,-2.351617,2.360866,-3.648346,-5.999963,2.994e-15,2.793e-15,4.414e-11,4.414e-11,1.00000000
48.000000,-0.176883,-0.118476,-2.356935,2.366530,-3.643028,-5.999963,2.708e-15,4.289e-15,5.154e-11,5.154e-11,1.00000000
48.100000,-0.184646,-0.104141,-2.361568,2.371063,-3.638395,-5.999962,3.375e-15,5.959e-15,3.080e-11,3.080e-11,1.00000000
48.200000,-0.190493,-0.084337,-2.367378,2.376527,-3.632584,-5.999962,4.502e-15,7.607e-15,1.443e-11,1.443e-11,1.00000000
48.300000,-0.193479,-0.058382,-2.376498,2.385076,-3.623464,-5.999962,5.948e-15,9.559e-15,7.602e-12,7.602e-12,1.00000000
48.400000,-0.192875,-0.028500,-2.388661,2.396604,-3.611301,-5.999962,7.974e-15,1.235e-14,4.961e-12,4.961e-12,1.00000000
48.500000,-0.187336,0.002025,-2.402593,2.409886,-3.597369,-5.999962,1.308e-14,1.684e-14,3.192e-12,3.192e-12,1.00000000
48.600000,-0.177304,0.030655,-2.418341,2.425026,-3.581620,-5.999961,2.319e-14,2.314e-14,2.475e-12,2.475e-12,1.00000000
48.700000,-0.165872,0.055996,-2.436038,2.442321,-3.563924,-5.999961,3.456e-14,2.908e-14,2.103e-12,2.103e-12,1.00000000
48.800000,-0.156364,0.077463,-2.453868,2.460065,-3.546094,-5.999962,5.282e-14,3.874e-14,2.164e-12,2.164e-12,1.00000000
48.900000,-0.149204,0.094311,-2.470164,2.476462,-3.529798,-5.999962,8.847e-14,5.841e-14,2.645e-12,2.645e-12,1.00000000
49.000000,-0.143181,0.107675,-2.483682,2.490134,-3.516280,-5.999962,1.395e-13,1.013e-13,3.495e-12,3.495e-12,1.00000000
49.100000,-0.139336,0.120796,-2.494225,2.501032,-3.505738,-5.999962,2.130e-13,1.723e-13,4.701e-12,4.701e-12,1.00000000
49.200000,-0.139871,0.136188,-2.503647,2.511247,-3.496316,-5.999962,2.821e-13,2.450e-13,6.586e-12,6.586e-12,1.00000000
49.300000,-0.145079,0.154713,-2.513212,2.522146,-3.486751,-5.999963,3.093e-13,2.559e-13,1.100e-11,1.100e-11,1.00000000
49.400000,-0.153916,0.176925,-2.523071,2.533945,-3.476892,-5.999963,3.301e-13,2.073e-13,2.175e-11,2.175e-11,1.00000000
49.500000,-0.163861,0.202751,-2.533760,2.547135,-3.466203,-5.999963,3.638e-13,1.563e-13,3.893e-11,3.893e-11,1.00000000
49.600000,-0.170391,0.232616,-2.545313,2.561593,-3.454651,-5.999963,3.351e-13,1.118e-13,4.144e-11,4.144e-11,1.00000000
49.700000,-0.170635,0.264761,-2.557913,2.577234,-3.442050,-5.999963,2.501e-13,9.835e-14,2.779e-11,2.779e-11,1.00000000
49.800000,-0.163346,0.295337,-2.571700,2.593751,-3.428263,-5.999963,2.737e-13,1.201e-13,1.476e-11,1.476e-11,1.00000000
49.900000,-0.148651,0.322064,-2.585821,2.610037,-3.414142,-5.999963,3.491e-13,1.450e-13,8.324e-12,8.324e-12,1.00000000
50.000000,-0.128574,0.343112,-2.598855,2.624558,-3.401108,-5.999963,4.103e-13,2.172e-13,5.747e-12,5.747e-12,1.00000000
50.100000,-0.105425,0.358451,-2.611103,2.637699,-3.388860,-5.999962,5.193e-13,3.188e-13,3.978e-12,3.978e-12,1.00000000
50.200000,-0.081989,0.369220,-2.624746,2.651856,-3.375216,-5.999962,6.218e-13,3.713e-13,3.657e-12,3.657e-12,1.00000000
50.300000,-0.059781,0.376169,-2.640474,2.667804,-3.359488,-5.999962,5.766e-13,3.160e-13,3.480e-12,3.480e-12,1.00000000
50.400000,-0.036339,0.377731,-2.657108,2.684069,-3.342853,-5.999961,3.976e-13,2.116e-13,3.642e-12,3.642e-12,1.00000000
50.500000,-0.008621,0.372780,-2.673057,2.698939,-3.326905,-5.999961,2.138e-13,1.222e-13,3.974e-12,3.974e-12,1.00000000
50.600000,0.022122,0.364213,-2.687688,2.712344,-3.312273,-5.999961,1.009e-13,6.167e-14,4.446e-12,4.446e-12,1.00000000
50.700000,0.053754,0.356056,-2.701074,2.724971,-3.298887,-5.999961,5.019e-14,3.047e-14,4.907e-12,4.907e-12,1.00000000
50.800000,0.085785,0.348268,-2.713897,2.737496,-3.286065,-5.999961,3.210e-14,1.924e-14,6.250e-12,6.250e-12,1.00000000
50.900000,0.117150,0.340582,-2.726895,2.750577,-3.273067,-5.999961,3.004e-14,1.534e-14,9.703e-12,9.703e-12,1.00000000
51.000000,0.146874,0.333072,-2.740753,2.764821,-3.259209,-5.999962,3.546e-14,1.466e-14,1.979e-11,1.979e-11,1.00000000
51.100000,0.174762,0.325277,-2.754882,2.779519,-3.245080,-5.999962,4.123e-14,1.808e-14,2.965e-11,2.965e-11,1.00000000
51.200000,0.201833,0.317574,-2.768067,2.793525,-3.231895,-5.999962,5.022e-14,2.052e-14,3.048e-11,3.048e-11,1.00000000
51.300000,0.229183,0.310576,-2.779074,2.805751,-3.220889,-5.999963,6.025e-14,2.365e-14,2.428e-11,2.428e-11,1.00000000
51.400000,0.257382,0.303222,-2.787945,2.816172,-3.212018,-5.999963,6.411e-14,2.677e-14,1.629e-11,1.629e-11,1.00000000
51.500000,0.285474,0.294736,-2.794930,2.824889,-3.205034,-5.999964,7.315e-14,3.192e-14,1.032e-11,1.032e-11,1.00000000
51.600000,0.312623,0.284603,-2.800415,2.832147,-3.199549,-5.999964,8.655e-14,3.837e-14,7.651e-12,7.651e-12,1.00000000
51.700000,0.339167,0.272538,-2.804595,2.838144,-3.195370,-5.999965,1.077e-13,4.943e-14,5.722e-12,5.722e-12,1.00000000
51.800000,0.363689,0.257970,-2.807907,2.843090,-3.192058,-5.999965,1.446e-13,6.625e-14,4.797e-12,4.797e-12,1.00000000
51.900000,0.385088,0.240535,-2.810918,2.847351,-3.189047,-5.999965,2.202e-13,9.187e-14,4.113e-12,4.113e-12,1.00000000
52.000000,0.403638,0.219859,-2.813996,2.851286,-3.185969,-5.999965,3.349e-13,1.247e-13,3.798e-12,3.798e-12,1.00000000
52.100000,0.420507,0.195931,-2.817522,2.855459,-3.182443,-5.999964,4.155e-13,1.591e-13,4.111e-12,4.111e-12,1.00000000
52.200000,0.436290,0.170347,-2.821621,2.860230,-3.178343,-5.999964,4.346e-13,2.046e-13,4.409e-12,4.409e-12,1.00000000
52.300000,0.451329,0.144738,-2.826174,2.865642,-3.173790,-5.999963,4.469e-13,2.493e-13,5.284e-12,5.284e-12,1.00000000
52.400000,0.464625,0.121169,-2.831067,2.871497,-3.168896,-5.999963,4.246e-13,2.527e-13,6.950e-12,6.950e-12,1.00000000
52.500000,0.474930,0.099844,-2.837634,2.878836,-3.162327,-5.999961,3.639e-13,2.071e-13,1.521e-11,1.521e-11,1.00000000
52.600000,0.482235,0.080580,-2.846252,2.887939,-3.153708,-5.999960,3.078e-13,1.594e-13,3.206e-11,3.206e-11,1.00000000
52.700000,0.488062,0.063343,-2.856155,2.898248,-3.143804,-5.999959,2.509e-13,1.297e-13,3.964e-11,3.964e-11,1.00000000
52.800000,0.493795,0.047940,-2.866371,2.908989,-3.133586,-5.999957,1.961e-13,1.124e-13,3.266e-11,3.266e-11,1.00000000
52.900000,0.500543,0.032798,-2.876617,2.920025,-3.123339,-5.999956,1.691e-13,1.133e-13,2.293e-11,2.293e-11,1.00000000
53.000000,0.507635,0.016126,-2.887468,2.931796,-3.112486,-5.999955,1.731e-13,1.751e-13,1.551e-11,1.551e-11,1.00000000
53.100000,0.514112,-0.003115,-2.898904,2.944141,-3.101049,-5.999953,2.892e-13,5.041e-13,1.132e-11,1.132e-11,1.00000000
53.200000,0.518614,-0.025360,-2.910363,2.956318,-3.089589,-5.999952,5.640e-13,1.155e-12,8.704e-12,8.704e-12,1.00000000
53.300000,0.519427,-0.050893,-2.921087,2.967346,-3.078864,-5.999951,9.062e-13,1.740e-12,6.576e-12,6.576e-12,1.00000000
53.400000,0.515391,-0.080359,-2.930742,2.976799,-3.069209,-5.999951,1.117e-12,1.777e-12,5.178e-12,5.178e-12,1.00000000
53.500000,0.508057,-0.114998,-2.938306,2.984123,-3.061645,-5.999950,1.048e-12,1.303e-12,4.503e-12,4.503e-12,1.00000000
53.600000,0.499228,-0.154579,-2.943473,2.989508,-3.056477,-5.999951,7.672e-13,7.483e-13,4.100e-12,4.100e-12,1.00000000
53.700000,0.489175,-0.196914,-2.946505,2.993319,-3.053447,-5.999952,4.345e-13,3.807e-13,4.324e-12,4.324e-12,1.00000000
53.800000,0.477786,-0.239351,-2.947547,2.995597,-3.052406,-5.999954,2.190e-13,1.805e-13,5.687e-12,5.687e-12,1.00000000
53.900000,0.464735,-0.280717,-2.946357,2.995964,-3.053599,-5.999955,1.241e-13,8.864e-14,7.118e-12,7.118e-12,1.00000000
54.000000,0.450240,-0.321208,-2.942910,2.994430,-3.057048,-5.999958,9.180e-14,5.179e-14,8.629e-12,8.629e-12,1.00000000
54.100000,0.434878,-0.360418,-2.937790,2.991594,-3.062169,-5.999960,8.752e-14,3.976e-14,1.391e-11,1.391e-11,1.00000000
54.200000,0.420008,-0.396295,-2.932031,2.988354,-3.067930,-5.999962,9.887e-14,4.168e-14,2.590e-11,2.590e-11,1.00000000
54.300000,0.405344,-0.428340,-2.926643,2.985468,-3.073320,-5.999963,1.219e-13,4.959e-14,3.154e-11,3.154e-11,1.00000000
54.400000,0.389914,-0.458000,-2.921942,2.983210,-3.078022,-5.999964,1.586e-13,6.166e-14,2.690e-11,2.690e-11,1.00000000
54.500000,0.372335,-0.486321,-2.917270,2.980873,-3.082695,-5.999965,1.888e-13,7.120e-14,1.978e-11,1.978e-11,1.00000000
54.600000,0.350757,-0.514032,-2.912167,2.977915,-3.087797,-5.999965,2.059e-13,7.791e-14,1.509e-11,1.509e-11,1.00000000
54.700000,0.324337,-0.541568,-2.906414,2.974177,-3.093550,-5.999964,2.057e-13,7.966e-14,1.238e-11,1.238e-11,1.00000000
54.800000,0.293450,-0.568796,-2.899782,2.969575,-3.100180,-5.999963,1.985e-13,8.241e-14,1.023e-11,1.023e-11,1.00000000
54.900000,0.258709,-0.594246,-2.892789,2.964505,-3.107171,-5.999960,1.954e-13,8.902e-14,7.928e-12,7.928e-12,1.00000000
55.000000,0.221054,-0.615898,-2.886175,2.959426,-3.113783,-5.999958,2.112e-13,9.416e-14,5.990e-12,5.990e-12,1.00000000
55.100000,0.181193,-0.631803,-2.880252,2.954295,-3.119703,-5.999955,2.507e-13,1.140e-13,5.400e-12,5.400e-12,1.00000000
55.200000,0.139770,-0.643053,-2.874386,2.948753,-3.125567,-5.999952,3.133e-13,1.631e-13,5.272e-12,5.272e-12,1.00000000
55.300000,0.097840,-0.652090,-2.867812,2.942642,-3.132138,-5.999950,3.915e-13,2.323e-13,5.489e-12,5.489e-12,1.00000000
55.400000,0.057076,-0.660374,-2.860358,2.936154,-3.139590,-5.999948,4.678e-13,3.115e-13,6.104e-12,6.104e-12,1.00000000
55.500000,0.017918,-0.668122,-2.851849,2.929121,-3.148097,-5.999946,4.539e-13,3.644e-13,7.243e-12,7.243e-12,1.00000000
55.600000,-0.020177,-0.674023,-2.842429,2.921322,-3.157517,-5.999946,3.735e-13,3.523e-13,1.011e-11,1.011e-11,1.00000000
55.700000,-0.057400,-0.677752,-2.833148,2.913653,-3.166799,-5.999947,3.062e-13,3.232e-13,1.851e-11,1.851e-11,1.00000000
55.800000,-0.093062,-0.679807,-2.825221,2.907348,-3.174727,-5.999948,2.857e-13,3.465e-13,3.181e-11,3.181e-11,1.00000000
55.900000,-0.126787,-0.680179,-2.819682,2.903330,-3.180269,-5.999951,2.921e-13,4.065e-13,3.410e-11,3.410e-11,1.00000000
56.000000,-0.159605,-0.677540,-2.817475,2.902188,-3.182480,-5.999955,2.889e-13,4.304e-13,2.584e-11,2.584e-11,1.00000000
56.100000,-0.192349,-0.671553,-2.818756,2.904026,-3.181203,-5.999959,3.064e-13,4.971e-13,1.831e-11,1.831e-11,1.00000000
56.200000,-0.225817,-0.662043,-2.823281,2.908644,-3.176684,-5.999965,4.786e-13,8.342e-13,1.411e-11,1.411e-11,1.00000000
56.300000,-0.261399,-0.647895,-2.830189,2.915144,-3.169782,-5.999971,1.003e-12,1.691e-12,1.129e-11,1.129e-11,1.00000000
56.400000,-0.299294,-0.628239,-2.838284,2.922348,-3.161694,-5.999978,1.955e-12,2.880e-12,9.792e-12,9.792e-12,1.00000000
56.500000,-0.338627,-0.603241,-2.846442,2.929300,-3.153542,-5.999984,2.875e-12,3.645e-12,8.542e-12,8.542e-12,1.00000000
56.600000,-0.378967,-0.574001,-2.852740,2.934488,-3.147251,-5.999991,2.986e-12,3.335e-12,7.331e-12,7.331e-12,1.00000000
56.700000,-0.419544,-0.542401,-2.855827,2.936999,-3.144170,-5.999996,2.290e-12,2.261e-12,6.061e-12,6.061e-12,1.00000000
56.800000,-0.459907,-0.509656,-2.854548,2.935934,-3.145453,-6.000001,1.505e-12,1.282e-12,5.501e-12,5.501e-12,1.00000000
56.900000,-0.499989,-0.475776,-2.849336,2.931735,-3.150668,-6.000004,8.931e-13,6.588e-13,5.602e-12,5.602e-12,1.00000000
57.000000,-0.538725,-0.440169,-2.841218,2.925149,-3.158787,-6.000005,5.140e-13,3.330e-13,6.430e-12,6.430e-12,1.00000000
57.100000,-0.574620,-0.402384,-2.831491,2.917095,-3.168513,-6.000005,3.318e-13,1.750e-13,7.803e-12,7.803e-12,1.00000000
57.200000,-0.607597,-0.362737,-2.820874,2.908278,-3.179129,-6.000003,2.552e-13,1.141e-13,1.091e-11,1.091e-11,1.00000000
57.300000,-0.637916,-0.322441,-2.809446,2.898947,-3.190553,-5.999999,2.158e-13,9.084e-14,1.768e-11,1.768e-11,1.00000000
57.400000,-0.666065,-0.282370,-2.797847,2.889866,-3.202146,-5.999993,1.910e-13,8.637e-14,2.526e-11,2.526e-11,1.00000000
57.500000,-0.692430,-0.243333,-2.786914,2.881937,-3.213073,-5.999987,1.817e-13,8.342e-14,2.674e-11,2.674e-11,1.00000000
57.600000,-0.716332,-0.205660,-2.777232,2.875490,-3.222747,-5.999979,1.831e-13,8.794e-14,2.216e-11,2.216e-11,1.00000000
57.700000,-0.737385,-0.168516,-2.769454,2.870890,-3.230517,-5.999971,1.865e-13,9.375e-14,1.750e-11,1.750e-11,1.00000000
57.800000,-0.754729,-0.130966,-2.764269,2.868441,-3.235693,-5.999963,1.914e-13,1.007e-13,1.433e-11,1.433e-11,1.00000000
57.900000,-0.767649,-0.092131,-2.762122,2.868290,-3.237832,-5.999954,2.005e-13,1.084e-13,1.243e-11,1.243e-11,1.00000000
58.000000,-0.775404,-0.050456,-2.763022,2.870207,-3.236923,-5.999946,2.032e-13,1.197e-13,1.072e-11,1.072e-11,1.00000000
58.100000,-0.778229,-0.004316,-2.766293,2.873680,-3.233645,-5.999938,2.136e-13,1.410e-13,9.086e-12,9.086e-12,1.00000000
58.200000,-0.777768,0.047348,-2.770407,2.877902,-3.229525,-5.999932,2.256e-13,1.821e-13,7.481e-12,7.481e-12,1.00000000
58.300000,-0.774803,0.103987,-2.773790,2.881847,-3.226137,-5.999926,2.560e-13,2.504e-13,6.271e-12,6.271e-12,1.00000000
58.400000,-0.769392,0.164382,-2.775729,2.885075,-3.224193,-5.999922,3.373e-13,3.810e-13,5.882e-12,5.882e-12,1.00000000
58.500000,-0.762181,0.226733,-2.775410,2.887080,-3.224509,-5.999919,4.816e-13,5.558e-13,5.944e-12,5.944e-12,1.00000000
58.600000,-0.752969,0.289073,-2.772425,2.887363,-3.227493,-5.999918,6.138e-13,7.011e-13,7.087e-12,7.087e-12,1.00000000
58.700000,-0.741059,0.350631,-2.767154,2.886044,-3.232764,-5.999918,6.436e-13,7.501e-13,8.871e-12,8.871e-12,1.00000000
58.800000,-0.725443,0.409529,-2.760638,2.883592,-3.239281,-5.999919,5.729e-13,7.247e-13,1.303e-11,1.303e-11,1.00000000
58.900000,-0.705707,0.463540,-2.754228,2.880741,-3.245693,-5.999921,5.118e-13,7.026e-13,2.063e-11,2.063e-11,1.00000000
59.000000,-0.682387,0.512406,-2.748425,2.877855,-3.251499,-5.999924,5.422e-13,7.278e-13,2.587e-11,2.587e-11,1.00000000
59.100000,-0.655563,0.557104,-2.742397,2.874173,-3.257530,-5.999927,6.411e-13,7.898e-13,2.327e-11,2.327e-11,1.00000000
59.200000,-0.625690,0.598045,-2.735607,2.869267,-3.264323,-5.999930,7.113e-13,8.183e-13,1.938e-11,1.938e-11,1.00000000
59.300000,-0.593910,0.635221,-2.727748,2.863013,-3.272186,-5.999933,9.739e-13,9.688e-13,1.603e-11,1.603e-11,1.00000000
59.400000,-0.560400,0.668917,-2.719199,2.855791,-3.280737,-5.999937,2.011e-12,1.549e-12,1.373e-11,1.373e-11,1.00000000
59.500000,-0.524726,0.699340,-2.710564,2.848082,-3.289376,-5.999940,4.095e-12,2.979e-12,1.218e-11,1.218e-11,1.00000000
59.600000,-0.486653,0.726928,-2.702047,2.840125,-3.297895,-5.999942,6.405e-12,4.891e-12,9.991e-12,9.991e-12,1.00000000
59.700000,-0.447035,0.752314,-2.693136,2.831748,-3.306809,-5.999944,7.200e-12,5.567e-12,8.483e-12,8.483e-12,1.00000000
59.800000,-0.407056,0.776306,-2.683392,2.822931,-3.316554,-5.999946,5.846e-12,4.515e-12,7.537e-12,7.537e-12,1.00000000
59.900000,-0.367634,0.799467,-2.672859,2.813979,-3.327087,-5.999947,3.723e-12,2.873e-12,6.848e-12,6.848e-12,1.00000000
60.000000,-0.329678,0.821300,-2.660548,2.803879,-3.339399,-5.999947,2.067e-12,1.620e-12,6.076e-12,6.076e-12,1.00000000
60.100000,-0.292995,0.840551,-2.646508,2.792199,-3.353438,-5.999947,1.124e-12,8.863e-13,6.348e-12,6.348e-12,1.00000000
60.200000,-0.256723,0.857073,-2.632011,2.779922,-3.367934,-5.999946,6.304e-13,4.907e-13,7.307e-12,7.307e-12,1.00000000
60.300000,-0.220903,0.871211,-2.617119,2.767150,-3.382825,-5.999944,3.969e-13,2.853e-13,8.642e-12,8.642e-12,1.00000000
60.400000,-0.184717,0.884025,-2.601627,2.753922,-3.398314,-5.999942,2.803e-13,1.852e-13,1.223e-11,1.223e-11,1.00000000
60.500000,-0.147338,0.896083,-2.585692,2.740525,-3.414248,-5.999940,2.285e-13,1.439e-13,1.781e-11,1.781e-11,1.00000000
60.600000,-0.108377,0.906318,-2.570726,2.727965,-3.429210,-5.999937,2.066e-13,1.293e-13,2.103e-11,2.103e-11,1.00000000
60.700000,-0.067868,0.913195,-2.558763,2.717683,-3.441171,-5.999934,1.927e-13,1.249e-13,1.975e-11,1.975e-11,1.00000000
60.800000,-0.025918,0.915684,-2.551104,2.710587,-3.448828,-5.999932,1.896e-13,1.443e-13,1.747e-11,1.747e-11,1.00000000
60.900000,0.017851,0.914317,-2.548149,2.707279,-3.451781,-5.999930,2.017e-13,1.755e-13,1.589e-11,1.589e-11,1.00000000
61.000000,0.063120,0.909814,-2.549105,2.707339,-3.450822,-5.999928,2.157e-13,2.115e-13,1.364e-11,1.364e-11,1.00000000
61.100000,0.108525,0.902451,-2.552356,2.709376,-3.447570,-5.999926,2.295e-13,2.555e-13,1.156e-11,1.156e-11,1.00000000
61.200000,0.153580,0.892666,-2.556401,2.712125,-3.443525,-5.999926,2.553e-13,3.081e-13,1.029e-11,1.029e-11,1.00000000
61.300000,0.198718,0.881122,-2.560368,2.715023,-3.439557,-5.999925,3.015e-13,3.673e-13,9.223e-12,9.223e-12,1.00000000
61.400000,0.245590,0.868710,-2.563599,2.717905,-3.436327,-5.999926,3.691e-13,4.533e-13,8.171e-12,8.171e-12,1.00000000
61.500000,0.295172,0.855677,-2.565881,2.720856,-3.434046,-5.999927,4.811e-13,5.620e-13,7.049e-12,7.049e-12,1.00000000
61.600000,0.347821,0.841307,-2.566963,2.723615,-3.432966,-5.999930,6.476e-13,7.081e-13,6.226e-12,6.226e-12,1.00000000
61.700000,0.402886,0.824530,-2.566234,2.725385,-3.433699,-5.999932,9.260e-13,8.949e-13,6.282e-12,6.282e-12,1.00000000
61.800000,0.458331,0.804409,-2.563674,2.725723,-3.436262,-5.999936,1.163e-12,1.066e-12,7.608e-12,7.608e-12,1.00000000
61.900000,0.512506,0.781065,-2.559175,2.724354,-3.440765,-5.999940,1.250e-12,1.116e-12,9.869e-12,9.869e-12,1.00000000
62.000000,0.564155,0.755228,-2.552306,2.720828,-3.447638,-5.999944,1.257e-12,1.091e-12,1.405e-11,1.405e-11,1.00000000
62.100000,0.612623,0.727507,-2.543175,2.715200,-3.456773,-5.999948,1.332e-12,1.075e-12,1.811e-11,1.811e-11,1.00000000
62.200000,0.658323,0.698288,-2.532376,2.708121,-3.467576,-5.999951,1.518e-12,1.190e-12,1.943e-11,1.943e-11,1.00000000
62.300000,0.701290,0.668115,-2.520711,2.700402,-3.479244,-5.999955,1.716e-12,1.351e-12,1.749e-11,1.749e-11,1.00000000
62.400000,0.741290,0.636687,-2.509638,2.693170,-3.490319,-5.999957,1.872e-12,1.565e-12,1.583e-11,1.583e-11,1.00000000
62.500000,0.778814,0.603657,-2.500153,2.687326,-3.499805,-5.999958,2.259e-12,2.969e-12,1.394e-11,1.394e-11,1.00000000
62.600000,0.813935,0.568432,-2.492979,2.683384,-3.506980,-5.999959,3.420e-12,7.135e-12,1.237e-11,1.237e-11,1.00000000
62.700000,0.846432,0.530451,-2.488175,2.681202,-3.511784,-5.999959,5.336e-12,1.321e-11,1.159e-11,1.321e-11,1.00000000
62.800000,0.875944,0.490053,-2.485630,2.680632,-3.514328,-5.999958,6.904e-12,1.727e-11,1.056e-11,1.727e-11,1.00000000
62.900000,0.902293,0.447810,-2.485410,2.681777,-3.514547,-5.999956,6.882e-12,1.573e-11,9.067e-12,1.573e-11,1.00000000
63.000000,0.925807,0.404176,-2.486682,2.684039,-3.513271,-5.999954,5.321e-12,1.044e-11,7.593e-12,1.044e-11,1.00000000
63.100000,0.947019,0.359295,-2.487980,2.686258,-3.511971,-5.999950,3.529e-12,5.732e-12,6.858e-12,6.858e-12,1.00000000
63.200000,0.966593,0.313505,-2.488144,2.687648,-3.511802,-5.999947,2.237e-12,2.922e-12,6.627e-12,6.627e-12,1.00000000
63.300000,0.984979,0.267251,-2.486296,2.687615,-3.513646,-5.999942,1.377e-12,1.494e-12,7.092e-12,7.092e-12,1.00000000
63.400000,1.002070,0.220647,-2.482302,2.686011,-3.517635,-5.999937,8.208e-13,8.189e-13,8.304e-12,8.304e-12,1.00000000
63.500000,1.017544,0.173719,-2.476822,2.683323,-3.523110,-5.999932,5.124e-13,5.099e-13,9.368e-12,9.368e-12,1.00000000
63.600000,1.030858,0.125886,-2.470068,2.679505,-3.529858,-5.999926,3.699e-13,3.684e-13,1.222e-11,1.222e-11,1.00000000
63.700000,1.041751,0.076808,-2.462036,2.674466,-3.537883,-5.999920,3.072e-13,3.094e-13,1.585e-11,1.585e-11,1.00000000
63.800000,1.050377,0.027029,-2.452843,2.668419,-3.547071,-5.999914,2.853e-13,2.952e-13,1.701e-11,1.701e-11,1.00000000
63.900000,1.056540,-0.022635,-2.443147,2.661909,-3.556761,-5.999908,2.865e-13,2.994e-13,1.512e-11,1.512e-11,1.00000000
64.000000,1.060449,-0.071857,-2.433370,2.655373,-3.566534,-5.999903,3.095e-13,3.269e-13,1.380e-11,1.380e-11,1.00000000
64.100000,1.062089,-0.120801,-2.424111,2.649328,-3.575788,-5.999899,3.560e-13,3.656e-13,1.296e-11,1.296e-11,1.00000000
64.200000,1.061251,-0.169943,-2.416041,2.644312,-3.583854,-5.999895,4.368e-13,3.963e-13,1.208e-11,1.208e-11,1.00000000
64.300000,1.057306,-0.219780,-2.409353,2.640299,-3.590539,-5.999892,5.291e-13,4.334e-13,1.088e-11,1.088e-11,1.00000000
64.400000,1.050332,-0.270307,-2.403930,2.637260,-3.595960,-5.999890,6.470e-13,4.850e-13,9.766e-12,9.766e-12,1.00000000
64.500000,1.040570,-0.321402,-2.399505,2.635093,-3.600383,-5.999889,7.484e-13,5.296e-13,9.130e-12,9.130e-12,1.00000000
64.600000,1.027949,-0.373107,-2.396179,2.633925,-3.603710,-5.999889,8.673e-13,6.264e-13,8.411e-12,8.411e-12,1.00000000
64.700000,1.011747,-0.425085,-2.394011,2.633556,-3.605879,-5.999890,1.074e-12,8.096e-13,7.367e-12,7.367e-12,1.00000000
64.800000,0.991242,-0.476620,-2.393398,2.634024,-3.606495,-5.999893,1.403e-12,1.196e-12,7.068e-12,7.068e-12,1.00000000
64.900000,0.966434,-0.527424,-2.395124,2.636055,-3.604774,-5.999897,1.713e-12,1.685e-12,7.421e-12,7.421e-12,1.00000000
65.000000,0.938149,-0.577394,-2.399149,2.639966,-3.600754,-5.999902,1.907e-12,2.104e-12,7.984e-12,7.984e-12,1.00000000
65.100000,0.907515,-0.626977,-2.403741,2.644741,-3.596168,-5.999909,1.869e-12,2.344e-12,9.627e-12,9.627e-12,1.00000000
65.200000,0.875618,-0.676123,-2.406942,2.649003,-3.592974,-5.999916,1.768e-12,2.653e-12,1.316e-11,1.316e-11,1.00000000
65.300000,0.842632,-0.724444,-2.408253,2.652269,-3.591671,-5.999924,1.699e-12,3.135e-12,1.679e-11,1.679e-11,1.00000000
65.400000,0.808531,-0.771217,-2.408189,2.654783,-3.591744,-5.999932,1.825e-12,3.617e-12,1.613e-11,1.613e-11,1.00000000
65.500000,0.773291,-0.815062,-2.408216,2.657406,-3.591725,-5.999940,2.016e-12,4.031e-12,1.376e-11,1.376e-11,1.00000000
65.600000,0.736937,-0.855067,-2.409935,2.661203,-3.590013,-5.999948,2.238e-12,4.349e-12,1.259e-11,1.259e-11,1.00000000
65.700000,0.699209,-0.891145,-2.414159,2.666682,-3.585796,-5.999955,2.871e-12,5.251e-12,1.229e-11,1.229e-11,1.00000000
65.800000,0.659426,-0.924280,-2.420943,2.673968,-3.579018,-5.999961,4.286e-12,8.269e-12,1.161e-11,1.161e-11,1.00000000
65.900000,0.617258,-0.955516,-2.430166,2.683231,-3.569801,-5.999967,5.850e-12,1.315e-11,1.051e-11,1.315e-11,1.00000000
66.000000,0.573027,-0.985190,-2.441622,2.694527,-3.558349,-5.999971,6.538e-12,1.637e-11,1.013e-11,1.637e-11,1.00000000
66.100000,0.526643,-1.013449,-2.454031,2.706788,-3.545944,-5.999975,5.983e-12,1.459e-11,9.346e-12,1.459e-11,1.00000000
66.200000,0.477908,-1.040172,-2.466038,2.718768,-3.533940,-5.999978,4.684e-12,1.006e-11,8.511e-12,1.006e-11,1.00000000
66.300000,0.426617,-1.064994,-2.476893,2.729691,-3.523087,-5.999979,3.503e-12,6.013e-12,7.969e-12,7.969e-12,1.00000000
66.400000,0.373258,-1.087117,-2.485803,2.738679,-3.514177,-5.999980,2.619e-12,3.407e-12,7.347e-12,7.347e-12,1.00000000
66.500000,0.318617,-1.105786,-2.491839,2.744729,-3.508142,-5.999980,1.850e-12,2.029e-12,7.122e-12,7.122e-12,1.00000000
66.600000,0.263247,-1.120435,-2.494285,2.747023,-3.505694,-5.999980,1.241e-12,1.250e-12,7.541e-12,7.541e-12,1.00000000
66.700000,0.207793,-1.130486,-2.493128,2.745335,-3.506851,-5.999979,8.681e-13,8.421e-13,9.133e-12,9.133e-12,1.00000000
66.800000,0.153459,-1.135746,-2.489326,2.740477,-3.510652,-5.999978,6.625e-13,6.370e-13,1.269e-11,1.269e-11,1.00000000
66.900000,0.101811,-1.136213,-2.484597,2.733966,-3.515379,-5.999976,5.776e-13,5.261e-13,1.507e-11,1.507e-11,1.00000000
67.000000,0.053598,-1.132321,-2.480736,2.727467,-3.519239,-5.999975,5.743e-13,4.760e-13,1.392e-11,1.392e-11,1.00000000
67.100000,0.007941,-1.125490,-2.478910,2.722459,-3.521065,-5.999975,6.106e-13,4.845e-13,1.249e-11,1.249e-11,1.00000000
67.200000,-0.036145,-1.116693,-2.479005,2.719150,-3.520969,-5.999974,6.576e-13,5.442e-13,1.184e-11,1.184e-11,1.00000000
67.300000,-0.079379,-1.106425,-2.480852,2.717555,-3.519121,-5.999973,7.444e-13,6.355e-13,1.195e-11,1.195e-11,1.00000000
67.400000,-0.121945,-1.094518,-2.484831,2.717945,-3.515142,-5.999973,8.596e-13,7.865e-13,1.158e-11,1.158e-11,1.00000000
67.500000,-0.164015,-1.080618,-2.490270,2.719574,-3.509702,-5.999972,9.866e-13,1.032e-12,9.952e-12,9.952e-12,1.00000000
67.600000,-0.205521,-1.064773,-2.496262,2.721636,-3.503710,-5.999972,1.085e-12,1.268e-12,9.459e-12,9.459e-12,1.00000000
67.700000,-0.246668,-1.046857,-2.502129,2.723491,-3.497843,-5.999972,1.212e-12,1.495e-12,9.189e-12,9.189e-12,1.00000000
67.800000,-0.287359,-1.026750,-2.506974,2.724282,-3.492998,-5.999972,1.311e-12,1.735e-12,8.647e-12,8.647e-12,1.00000000
67.900000,-0.327375,-1.004348,-2.509591,2.722855,-3.490380,-5.999971,1.466e-12,2.010e-12,7.939e-12,7.939e-12,1.00000000
68.000000,-0.367455,-0.980114,-2.508651,2.718267,-3.491320,-5.999971,1.753e-12,2.453e-12,7.249e-12,7.249e-12,1.00000000
68.100000,-0.407795,-0.954401,-2.504053,2.710620,-3.495916,-5.999970,2.088e-12,2.996e-12,7.323e-12,7.323e-12,1.00000000
68.200000,-0.447532,-0.927027,-2.496868,2.700744,-3.503100,-5.999968,2.440e-12,3.379e-12,8.301e-12,8.301e-12,1.00000000
68.300000,-0.485382,-0.898512,-2.488241,2.689658,-3.511726,-5.999967,2.445e-12,3.265e-12,1.058e-11,1.058e-11,1.00000000
68.400000,-0.520302,-0.869541,-2.479521,2.678589,-3.520445,-5.999965,2.183e-12,3.010e-12,1.317e-11,1.317e-11,1.00000000
68.500000,-0.551926,-0.839830,-2.470504,2.667082,-3.529459,-5.999963,2.065e-12,3.018e-12,1.509e-11,1.509e-11,1.00000000
68.600000,-0.580240,-0.809426,-2.460942,2.654823,-3.539019,-5.999961,2.136e-12,3.313e-12,1.390e-11,1.390e-11,1.00000000
68.700000,-0.605603,-0.778078,-2.450833,2.641731,-3.549126,-5.999958,2.221e-12,3.777e-12,1.266e-11,1.266e-11,1.00000000
68.800000,-0.629287,-0.745914,-2.439585,2.627540,-3.560371,-5.999956,2.546e-12,4.535e-12,1.150e-11,1.150e-11,1.00000000
68.900000,-0.651930,-0.713664,-2.427386,2.612763,-3.572568,-5.999954,3.601e-12,6.483e-12,1.086e-11,1.086e-11,1.00000000
69.000000,-0.673580,-0.681465,-2.414613,2.597779,-3.585339,-5.999952,5.447e-12,9.836e-12,1.083e-11,1.083e-11,1.00000000
69.100000,-0.694258,-0.649130,-2.401534,2.582775,-3.598417,-5.999951,7.278e-12,1.258e-11,9.648e-12,1.258e-11,1.00000000
69.200000,-0.714295,-0.616310,-2.387776,2.567397,-3.612174,-5.999950,7.750e-12,1.295e-11,8.733e-12,1.295e-11,1.00000000
69.300000,-0.733607,-0.582721,-2.372695,2.550966,-3.627255,-5.999950,6.707e-12,1.061e-11,8.502e-12,1.061e-11,1.00000000
69.400000,-0.751324,-0.548124,-2.356379,2.533268,-3.643572,-5.999951,5.312e-12,7.374e-12,7.928e-12,7.928e-12,1.00000000
69.500000,-0.766291,-0.512581,-2.339604,2.514695,-3.660349,-5.999953,4.330e-12,4.848e-12,7.614e-12,7.614e-12,1.00000000
69.600000,-0.778345,-0.476736,-2.323372,2.496228,-3.676585,-5.999957,3.511e-12,3.198e-12,7.567e-12,7.567e-12,1.00000000
69.700000,-0.787577,-0.441119,-2.308528,2.478742,-3.691434,-5.999962,2.588e-12,2.193e-12,7.572e-12,7.572e-12,1.00000000
69.800000,-0.794274,-0.405807,-2.294791,2.462035,-3.705177,-5.999968,1.895e-12,1.574e-12,8.052e-12,8.052e-12,1.00000000
69.900000,-0.798603,-0.371544,-2.282609,2.446654,-3.717365,-5.999975,1.462e-12,1.218e-12,1.010e-11,1.010e-11,1.00000000
70.000000,-0.801167,-0.339085,-2.273179,2.433966,-3.726804,-5.999983,1.209e-12,1.032e-12,1.257e-11,1.257e-11,1.00000000
70.100000,-0.802270,-0.308472,-2.267256,2.424715,-3.732735,-5.999991,1.084e-12,9.714e-13,1.410e-11,1.410e-11,1.00000000
70.200000,-0.801907,-0.279639,-2.264986,2.418969,-3.735015,-6.000000,9.980e-13,1.014e-12,1.334e-11,1.334e-11,1.00000000
70.300000,-0.800129,-0.252739,-2.265547,2.415945,-3.734462,-6.000010,9.965e-13,1.104e-12,1.176e-11,1.176e-11,1.00000000
70.400000,-0.796886,-0.227838,-2.268561,2.415223,-3.731458,-6.000019,1.071e-12,1.218e-12,1.089e-11,1.089e-11,1.00000000
70.500000,-0.792764,-0.204821,-2.273973,2.416895,-3.726054,-6.000027,1.164e-12,1.349e-12,1.071e-11,1.071e-11,1.00000000
70.600000,-0.788311,-0.182763,-2.281554,2.420811,-3.718481,-6.000035,1.255e-12,1.520e-12,1.070e-11,1.070e-11,1.00000000
70.700000,-0.783483,-0.161006,-2.290819,2.426442,-3.709222,-6.000041,1.415e-12,1.755e-12,9.318e-12,9.318e-12,1.00000000
70.800000,-0.778333,-0.139192,-2.301460,2.433495,-3.698587,-6.000047,1.610e-12,1.924e-12,8.149e-12,8.149e-12,1.00000000
70.900000,-0.773008,-0.117662,-2.313358,2.441928,-3.686693,-6.000051,1.825e-12,2.062e-12,7.828e-12,7.828e-12,1.00000000
71.000000,-0.767808,-0.096594,-2.326330,2.451667,-3.673725,-6.000054,2.016e-12,2.310e-12,7.575e-12,7.575e-12,1.00000000
71.100000,-0.763025,-0.075745,-2.339594,2.462041,-3.660462,-6.000056,2.227e-12,2.884e-12,7.527e-12,7.527e-12,1.00000000
71.200000,-0.758210,-0.054765,-2.352314,2.472097,-3.647743,-6.000057,2.567e-12,3.563e-12,7.447e-12,7.447e-12,1.00000000
71.300000,-0.752571,-0.032886,-2.363693,2.480824,-3.636363,-6.000056,2.812e-12,4.051e-12,7.707e-12,7.707e-12,1.00000000
71.400000,-0.745738,-0.009762,-2.372934,2.487375,-3.627120,-6.000054,2.907e-12,4.214e-12,8.342e-12,8.342e-12,1.00000000
71.500000,-0.738110,0.013959,-2.381387,2.493192,-3.618663,-6.000051,2.744e-12,4.126e-12,1.071e-11,1.071e-11,1.00000000
71.600000,-0.729676,0.037959,-2.390287,2.499468,-3.609760,-6.000046,2.524e-12,4.079e-12,1.374e-11,1.374e-11,1.00000000
71.700000,-0.720478,0.062404,-2.399916,2.506508,-3.600125,-6.000041,2.428e-12,3.993e-12,1.395e-11,1.395e-11,1.00000000
71.800000,-0.710202,0.087817,-2.409975,2.513977,-3.590060,-6.000035,2.518e-12,4.098e-12,1.305e-11,1.305e-11,1.00000000
71.900000,-0.698068,0.114781,-2.419374,2.520683,-3.580655,-6.000029,2.718e-12,4.353e-12,1.181e-11,1.181e-11,1.00000000
72.000000,-0.683538,0.143335,-2.427582,2.526049,-3.572439,-6.000021,3.638e-12,5.646e-12,1.074e-11,1.074e-11,1.00000000
72.100000,-0.666589,0.173115,-2.434207,2.529757,-3.565807,-6.000014,5.583e-12,9.137e-12,1.019e-11,1.019e-11,1.00000000
72.200000,-0.647486,0.203497,-2.439228,2.531893,-3.560778,-6.000006,7.770e-12,1.394e-11,1.004e-11,1.394e-11,1.00000000
72.300000,-0.626796,0.233176,-2.443034,2.532915,-3.556964,-5.999998,9.090e-12,1.659e-11,9.099e-12,1.659e-11,1.00000000
72.400000,-0.605046,0.261321,-2.445876,2.533117,-3.554114,-5.999990,8.547e-12,1.522e-11,8.094e-12,1.522e-11,1.00000000
72.500000,-0.582579,0.287722,-2.448092,2.532852,-3.551892,-5.999984,7.197e-12,1.146e-11,7.482e-12,1.146e-11,1.00000000
72.600000,-0.559616,0.312295,-2.449919,2.532351,-3.550058,-5.999978,6.062e-12,7.973e-12,7.407e-12,7.973e-12,1.00000000
72.700000,-0.536065,0.335223,-2.451282,2.531507,-3.548691,-5.999974,5.431e-12,5.818e-12,7.654e-12,7.654e-12,1.00000000
72.800000,-0.511447,0.356865,-2.452156,2.530217,-3.547815,-5.999971,4.531e-12,4.367e-12,7.537e-12,7.537e-12,1.00000000
72.900000,-0.485278,0.377579,-2.452542,2.528443,-3.547427,-5.999969,3.495e-12,3.294e-12,7.367e-12,7.367e-12,1.00000000
73.000000,-0.457789,0.397692,-2.452316,2.526180,-3.547654,-5.999970,2.550e-12,2.544e-12,8.112e-12,8.112e-12,1.00000000
73.100000,-0.429370,0.416978,-2.451290,2.523302,-3.548682,-5.999972,1.908e-12,2.108e-12,1.005e-11,1.005e-11,1.00000000
73.200000,-0.400572,0.434890,-2.449046,2.519407,-3.550930,-5.999976,1.596e-12,1.784e-12,1.237e-11,1.237e-11,1.00000000
73.300000,-0.371679,0.450860,-2.445268,2.514111,-3.554713,-5.999981,1.441e-12,1.575e-12,1.295e-11,1.295e-11,1.00000000
73.400000,-0.343439,0.464279,-2.440059,2.507468,-3.559927,-5.999987,1.355e-12,1.497e-12,1.175e-11,1.175e-11,1.00000000
73.500000,-0.316866,0.474895,-2.434051,2.500107,-3.565943,-5.999994,1.391e-12,1.498e-12,1.087e-11,1.087e-11,1.00000000
73.600000,-0.292456,0.482987,-2.428250,2.493032,-3.571751,-6.000002,1.477e-12,1.592e-12,1.030e-11,1.030e-11,1.00000000
73.700000,-0.269712,0.488878,-2.423503,2.486989,-3.576506,-6.000009,1.601e-12,1.881e-12,1.010e-11,1.010e-11,1.00000000
73.800000,-0.247790,0.492866,-2.420208,2.482282,-3.579809,-6.000017,1.872e-12,2.190e-12,9.993e-12,9.993e-12,1.00000000
73.900000,-0.226078,0.495347,-2.418667,2.479200,-3.581357,-6.000024,2.092e-12,2.607e-12,9.302e-12,9.302e-12,1.00000000
74.000000,-0.204235,0.496745,-2.419230,2.478133,-3.580800,-6.000030,2.362e-12,3.050e-12,8.242e-12,8.242e-12,1.00000000
74.100000,-0.182776,0.496833,-2.420935,2.478140,-3.579100,-6.000035,2.598e-12,3.451e-12,7.527e-12,7.527e-12,1.00000000
74.200000,-0.162139,0.495360,-2.422497,2.477935,-3.577542,-6.000039,2.783e-12,3.763e-12,7.185e-12,7.185e-12,1.00000000
74.300000,-0.142114,0.492431,-2.423701,2.477299,-3.576341,-6.000042,3.100e-12,4.194e-12,7.231e-12,7.231e-12,1.00000000
74.400000,-0.122166,0.488439,-2.424579,2.476304,-3.575464,-6.000043,3.727e-12,4.924e-12,7.448e-12,7.448e-12,1.00000000
74.500000,-0.102360,0.483694,-2.424839,2.474728,-3.575204,-6.000042,4.164e-12,5.322e-12,7.842e-12,7.842e-12,1.00000000
74.600000,-0.082304,0.478435,-2.424494,2.472620,-3.575546,-6.000041,4.240e-12,5.091e-12,8.935e-12,8.935e-12,1.00000000
74.700000,-0.062197,0.473015,-2.423553,2.470065,-3.576485,-6.000038,3.943e-12,4.770e-12,1.100e-11,1.100e-11,1.00000000
74.800000,-0.042220,0.467175,-2.422452,2.467450,-3.577582,-6.000034,3.556e-12,4.710e-12,1.291e-11,1.291e-11,1.00000000
74.900000,-0.022639,0.460662,-2.420740,2.464285,-3.579290,-6.000029,3.497e-12,4.806e-12,1.317e-11,1.317e-11,1.00000000
75.000000,-0.003451,0.453487,-2.417975,2.460135,-3.582049,-6.000024,3.561e-12,5.204e-12,1.208e-11,1.208e-11,1.00000000
75.100000,0.015699,0.445137,-2.413418,2.454176,-3.586600,-6.000018,3.515e-12,7.235e-12,1.078e-11,1.078e-11,1.00000000
75.200000,0.035119,0.435430,-2.406918,2.446240,-3.593094,-6.000012,4.044e-12,1.265e-11,1.001e-11,1.265e-11,1.00000000
75.300000,0.054858,0.424831,-2.399264,2.437203,-3.600742,-6.000006,5.612e-12,2.013e-11,9.764e-12,2.013e-11,1.00000000
75.400000,0.074735,0.413684,-2.391127,2.427799,-3.608874,-6.000001,7.399e-12,2.497e-11,9.524e-12,2.497e-11,1.00000000
75.500000,0.094368,0.402125,-2.383092,2.418623,-3.616904,-5.999996,8.336e-12,2.336e-11,8.875e-12,2.336e-11,1.00000000
75.600000,0.113445,0.390349,-2.375784,2.410310,-3.624208,-5.999992,8.236e-12,1.790e-11,7.952e-12,1.790e-11,1.00000000
75.700000,0.131876,0.378392,-2.369435,2.403080,-3.630553,-5.999988,7.967e-12,1.289e-11,7.416e-12,1.289e-11,1.00000000
75.800000,0.149337,0.366479,-2.363346,2.396250,-3.636639,-5.999986,7.773e-12,1.011e-11,7.008e-12,1.011e-11,1.00000000
75.900000,0.165966,0.354631,-2.356805,2.389108,-3.643179,-5.999984,7.061e-12,8.312e-12,7.104e-12,8.312e-12,1.00000000
76.000000,0.181806,0.342981,-2.349784,2.381633,-3.650199,-5.999983,6.056e-12,6.482e-12,7.478e-12,7.478e-12,1.00000000
76.100000,0.196854,0.331382,-2.342552,2.374050,-3.657430,-5.999982,4.719e-12,4.928e-12,7.812e-12,7.812e-12,1.00000000
76.200000,0.210909,0.319446,-2.336252,2.367404,-3.663731,-5.999983,3.561e-12,3.738e-12,8.749e-12,8.749e-12,1.00000000
76.300000,0.224219,0.306536,-2.331382,2.362114,-3.668602,-5.999984,2.819e-12,2.860e-12,1.111e-11,1.111e-11,1.00000000
76.400000,0.236708,0.292342,-2.327200,2.357404,-3.672786,-5.999986,2.260e-12,2.385e-12,1.274e-11,1.274e-11,1.00000000
76.500000,0.248131,0.277117,-2.323166,2.352757,-3.676822,-5.999988,1.987e-12,2.179e-12,1.255e-11,1.255e-11,1.00000000
76.600000,0.258532,0.261202,-2.317980,2.346934,-3.682011,-5.999991,1.949e-12,2.152e-12,1.200e-11,1.200e-11,1.00000000
76.700000,0.268095,0.245202,-2.311073,2.339456,-3.688922,-5.999994,2.056e-12,2.205e-12,1.088e-11,1.088e-11,1.00000000
76.800000,0.277038,0.228960,-2.303531,2.331400,-3.696467,-5.999998,2.205e-12,2.357e-12,1.022e-11,1.022e-11,1.00000000
76.900000,0.285559,0.212462,-2.296327,2.323748,-3.703674,-6.000001,2.435e-12,2.548e-12,1.006e-11,1.006e-11,1.00000000
77.000000,0.293950,0.195966,-2.289576,2.316672,-3.710429,-6.000005,2.752e-12,3.031e-12,9.389e-12,9.389e-12,1.00000000
77.100000,0.301918,0.179750,-2.282964,2.309846,-3.717044,-6.000008,3.278e-12,3.641e-12,9.128e-12,9.128e-12,1.00000000
77.200000,0.308962,0.163670,-2.276495,2.303188,-3.723516,-6.000011,3.795e-12,4.261e-12,8.378e-12,8.378e-12,1.00000000
77.300000,0.314880,0.147502,-2.270618,2.297088,-3.729396,-6.000014,4.116e-12,4.905e-12,7.712e-12,7.712e-12,1.00000000
77.400000,0.319685,0.131129,-2.265224,2.291426,-3.734792,-6.000016,4.587e-12,5.659e-12,7.227e-12,7.227e-12,1.00000000
77.500000,0.323336,0.114135,-2.260241,2.286102,-3.739776,-6.000018,5.060e-12,6.566e-12,7.102e-12,7.102e-12,1.00000000
77.600000,0.326228,0.096287,-2.255937,2.281435,-3.744082,-6.000019,5.461e-12,7.643e-12,7.276e-12,7.643e-12,1.00000000
77.700000,0.328459,0.077278,-2.252347,2.277482,-3.747672,-6.000019,5.619e-12,8.082e-12,8.138e-12,8.138e-12,1.00000000
77.800000,0.329892,0.057259,-2.249826,2.274604,-3.750192,-6.000018,5.463e-12,7.875e-12,9.736e-12,9.736e-12,1.00000000
77.900000,0.330220,0.036133,-2.248703,2.273107,-3.751314,-6.000017,4.948e-12,7.722e-12,1.184e-11,1.184e-11,1.00000000
78.000000,0.329241,0.014306,-2.249049,2.273065,-3.750966,-6.000015,4.463e-12,7.838e-12,1.316e-11,1.316e-11,1.00000000
78.100000,0.326773,-0.008013,-2.250088,2.273706,-3.749924,-6.000012,4.172e-12,8.029e-12,1.311e-11,1.311e-11,1.00000000
78.200000,0.322337,-0.031125,-2.250777,2.273954,-3.749232,-6.000009,4.178e-12,8.135e-12,1.238e-11,1.238e-11,1.00000000
78.300000,0.315766,-0.055582,-2.250334,2.273060,-3.749671,-6.000005,4.643e-12,9.743e-12,1.132e-11,1.132e-11,1.00000000
78.400000,0.306928,-0.081082,-2.248245,2.270547,-3.751756,-6.000002,6.353e-12,1.438e-11,1.130e-11,1.438e-11,1.00000000
78.500000,0.296241,-0.107060,-2.244700,2.266694,-3.755298,-5.999998,9.119e-12,2.053e-11,1.065e-11,2.053e-11,1.00000000
78.600000,0.283962,-0.132742,-2.239944,2.261770,-3.760051,-5.999995,1.102e-11,2.410e-11,9.416e-12,2.410e-11,1.00000000
78.700000,0.270437,-0.157350,-2.233725,2.255532,-3.766267,-5.999992,1.132e-11,2.175e-11,8.772e-12,2.175e-11,1.00000000
78.800000,0.256153,-0.180007,-2.226027,2.247935,-3.773963,-5.999991,1.081e-11,1.662e-11,8.461e-12,1.662e-11,1.00000000
78.900000,0.241571,-0.200643,-2.217734,2.239857,-3.782256,-5.999990,1.101e-11,1.337e-11,7.756e-12,1.337e-11,1.00000000
79.000000,0.226773,-0.219576,-2.210078,2.232506,-3.789912,-5.999990,1.132e-11,1.164e-11,7.348e-12,1.164e-11,1.00000000
79.100000,0.211434,-0.237094,-2.203684,2.226464,-3.796307,-5.999991,1.037e-11,9.985e-12,7.087e-12,1.037e-11,1.00000000
79.200000,0.195280,-0.253174,-2.199299,2.222419,-3.800693,-5.999992,8.667e-12,8.222e-12,7.462e-12,8.667e-12,1.00000000
79.300000,0.178388,-0.267748,-2.197168,2.220598,-3.802827,-5.999995,7.068e-12,6.448e-12,8.303e-12,8.303e-12,1.00000000
79.400000,0.161205,-0.280522,-2.196958,2.220654,-3.803040,-5.999998,5.468e-12,5.274e-12,9.488e-12,9.488e-12,1.00000000
79.500000,0.143958,-0.291770,-2.197845,2.221795,-3.802157,-6.000002,4.131e-12,4.412e-12,1.163e-11,1.163e-11,1.00000000
79.600000,0.126299,-0.301522,-2.198679,2.222848,-3.801327,-6.000006,3.240e-12,3.754e-12,1.245e-11,1.245e-11,1.00000000
79.700000,0.108293,-0.309697,-2.198016,2.222367,-3.801994,-6.000010,2.980e-12,3.476e-12,1.256e-11,1.256e-11,1.00000000
79.800000,0.090600,-0.315986,-2.195844,2.220312,-3.804170,-6.000014,2.826e-12,3.383e-12,1.220e-11,1.220e-11,1.00000000
79.900000,0.073250,-0.320553,-2.193001,2.217515,-3.807017,-6.000018,2.856e-12,3.461e-12,1.148e-11,1.148e-11,1.00000000
80.000000,0.056343,-0.324058,-2.190264,2.214824,-3.809757,-6.000021,3.177e-12,3.863e-12,1.138e-11,1.138e-11,1.00000000
80.100000,0.039952,-0.326608,-2.187814,2.212420,-3.812209,-6.000023,3.748e-12,4.488e-12,1.130e-11,1.130e-11,1.00000000
80.200000,0.024300,-0.327853,-2.186251,2.210831,-3.813774,-6.000025,4.435e-12,5.120e-12,9.913e-12,9.913e-12,1.00000000
80.300000,0.009114,-0.327871,-2.185981,2.210451,-3.814046,-6.000026,5.105e-12,5.794e-12,9.269e-12,9.269e-12,1.00000000
80.400000,-0.005737,-0.327221,-2.187431,2.211778,-3.812596,-6.000027,6.016e-12,6.745e-12,8.589e-12,8.589e-12,1.00000000
80.500000,-0.020322,-0.326299,-2.190755,2.215015,-3.809271,-6.000026,6.927e-12,7.890e-12,8.219e-12,8.219e-12,1.00000000
80.600000,-0.034898,-0.324942,-2.195892,2.220078,-3.804133,-6.000025,7.443e-12,8.897e-12,7.630e-12,8.897e-12,1.00000000
80.700000,-0.050086,-0.322885,-2.202843,2.226944,-3.797180,-6.000024,7.884e-12,9.624e-12,7.474e-12,9.624e-12,1.00000000
80.800000,-0.066029,-0.320430,-2.212154,2.236215,-3.787867,-6.000021,8.180e-12,9.963e-12,8.331e-12,9.963e-12,1.00000000
80.900000,-0.082718,-0.317598,-2.223213,2.247306,-3.776806,-6.000018,8.184e-12,9.670e-12,9.685e-12,9.685e-12,1.00000000
81.000000,-0.099765,-0.314366,-2.234726,2.258933,-3.765290,-6.000015,8.027e-12,9.274e-12,1.109e-11,1.109e-11,1.00000000
81.100000,-0.116840,-0.310949,-2.246021,2.270452,-3.753991,-6.000012,7.528e-12,8.796e-12,1.286e-11,1.286e-11,1.00000000
81.200000,-0.133694,-0.307554,-2.256008,2.280797,-3.744000,-6.000009,6.950e-12,8.881e-12,1.377e-11,1.377e-11,1.00000000
81.300000,-0.150574,-0.304607,-2.263072,2.288439,-3.736934,-6.000006,6.653e-12,8.965e-12,1.342e-11,1.342e-11,1.00000000
81.400000,-0.167813,-0.301947,-2.266595,2.292769,-3.733407,-6.000003,6.469e-12,9.196e-12,1.273e-11,1.273e-11,1.00000000
81.500000,-0.185405,-0.298797,-2.266689,2.293804,-3.733311,-6.000000,7.184e-12,1.024e-11,1.214e-11,1.214e-11,1.00000000
81.600000,-0.202969,-0.294478,-2.263788,2.291866,-3.736210,-5.999998,9.156e-12,1.259e-11,1.193e-11,1.259e-11,1.00000000
81.700000,-0.220725,-0.288343,-2.258670,2.287673,-3.741328,-5.999997,1.147e-11,1.536e-11,1.185e-11,1.536e-11,1.00000000
81.800000,-0.238774,-0.279923,-2.251637,2.281499,-3.748360,-5.999997,1.297e-11,1.673e-11,1.072e-11,1.673e-11,1.00000000
81.900000,-0.256867,-0.269764,-2.242506,2.273233,-3.757491,-5.999997,1.352e-11,1.655e-11,9.691e-12,1.655e-11,1.00000000
82.000000,-0.274262,-0.258672,-2.231593,2.263214,-3.768405,-5.999998,1.402e-11,1.542e-11,9.174e-12,1.542e-11,1.00000000
82.100000,-0.290974,-0.246534,-2.219665,2.252190,-3.780334,-5.999999,1.440e-11,1.467e-11,8.393e-12,1.467e-11,1.00000000
82.200000,-0.306903,-0.233396,-2.207862,2.241276,-3.792139,-6.000001,1.388e-11,1.404e-11,8.051e-12,1.404e-11,1.00000000
82.300000,-0.321597,-0.219561,-2.197255,2.231493,-3.802748,-6.000003,1.247e-11,1.281e-11,8.159e-12,1.281e-11,1.00000000
82.400000,-0.335161,-0.205387,-2.188019,2.223048,-3.811987,-6.000006,1.145e-11,1.098e-11,8.776e-12,1.145e-11,1.00000000
82.500000,-0.347929,-0.191225,-2.179120,2.214991,-3.820888,-6.000008,1.018e-11,9.004e-12,9.893e-12,1.018e-11,1.00000000
82.600000,-0.360129,-0.177209,-2.170638,2.207434,-3.829373,-6.000010,8.422e-12,7.611e-12,1.134e-11,1.134e-11,1.00000000
82.700000,-0.371860,-0.163297,-2.163046,2.200844,-3.836966,-6.000012,6.536e-12,6.682e-12,1.284e-11,1.284e-11,1.00000000
82.800000,-0.382719,-0.149614,-2.156985,2.195779,-3.843029,-6.000014,5.238e-12,5.790e-12,1.376e-11,1.376e-11,1.00000000
82.900000,-0.392060,-0.135900,-2.152865,2.192489,-3.847151,-6.000015,4.605e-12,5.042e-12,1.332e-11,1.332e-11,1.00000000
83.000000,-0.399679,-0.121721,-2.150471,2.190681,-3.849545,-6.000016,4.394e-12,4.991e-12,1.324e-11,1.324e-11,1.00000000
83.100000,-0.405700,-0.106551,-2.149913,2.190450,-3.850104,-6.000017,4.721e-12,5.475e-12,1.317e-11,1.317e-11,1.00000000
83.200000,-0.410617,-0.090320,-2.150852,2.191558,-3.849165,-6.000017,5.179e-12,6.050e-12,1.254e-11,1.254e-11,1.00000000
83.300000,-0.414553,-0.072931,-2.152687,2.193453,-3.847329,-6.000016,5.960e-12,7.119e-12,1.232e-11,1.232e-11,1.00000000
83.400000,-0.417460,-0.054322,-2.154663,2.195403,-3.845353,-6.000015,6.477e-12,8.083e-12,1.137e-11,1.137e-11,1.00000000
83.500000,-0.419421,-0.034660,-2.157105,2.197775,-3.842909,-6.000014,7.695e-12,8.664e-12,1.012e-11,1.012e-11,1.00000000
83.600000,-0.420609,-0.014535,-2.159601,2.200228,-3.840411,-6.000013,9.015e-12,9.052e-12,9.425e-12,9.425e-12,1.00000000
83.700000,-0.421143,0.005667,-2.161377,2.202032,-3.838634,-6.000011,9.762e-12,9.692e-12,9.139e-12,9.762e-12,1.00000000
83.800000,-0.421138,0.025848,-2.162221,2.203004,-3.837788,-6.000010,1.019e-11,1.089e-11,8.939e-12,1.089e-11,1.00000000
83.900000,-0.420738,0.046099,-2.163683,2.204692,-3.836326,-6.000008,1.106e-11,1.173e-11,9.484e-12,1.173e-11,1.00000000
84.000000,-0.419798,0.066514,-2.167431,2.208713,-3.832576,-6.000007,1.170e-11,1.251e-11,1.064e-11,1.251e-11,1.00000000
