t,Fx,Fy,Fz,Fmag,Lz,Jz,edge_x,edge_y,edge_z,edge_frac,norm
0.000000,0.000000,0.000000,-6.000000,6.000000,0.000000,-6.000000,1.757e-33,1.437e-33,2.197e-28,2.197e-28,1.00000000
0.100000,-0.074783,0.001297,-5.999534,6.000000,-0.000000,-5.999534,2.952e-31,2.783e-31,8.692e-28,8.692e-28,1.00000000
0.200000,-0.146983,0.002936,-5.998199,6.000000,-0.000000,-5.998199,5.165e-31,5.090e-31,4.797e-26,4.797e-26,1.00000000
0.300000,-0.218485,0.002071,-5.996020,6.000000,-0.000000,-5.996020,7.005e-31,6.715e-31,3.168e-24,3.168e-24,1.00000000
0.400000,-0.292346,0.000204,-5.992874,6.000000,-0.000000,-5.992874,8.650e-31,8.457e-31,1.822e-21,1.822e-21,1.00000000
0.500000,-0.367468,0.000577,-5.988737,6.000000,0.000000,-5.988737,1.154e-30,1.117e-30,7.285e-20,7.285e-20,1.00000000
0.600000,-0.440491,0.002542,-5.983808,6.000000,-0.000000,-5.983808,5.244e-30,5.218e-30,3.041e-19,3.041e-19,1.00000000
0.700000,-0.511606,0.002687,-5.978148,6.000000,-0.000000,-5.978148,5.208e-28,5.205e-28,2.971e-19,2.971e-19,1.00000000
0.800000,-0.584202,0.000760,-5.971491,6.000000,0.000000,-5.971491,3.627e-26,3.626e-26,1.416e-19,1.416e-19,1.00000000
0.900000,-0.658958,0.000107,-5.963705,6.000000,-0.000000,-5.963705,5.275e-25,5.275e-25,3.345e-19,3.345e-19,1.00000000
1.000000,-0.732653,0.001862,-5.955100,6.000000,0.000000,-5.955100,2.524e-24,2.524e-24,4.741e-19,4.741e-19,1.00000000
1.100000,-0.803744,0.002977,-5.945922,6.000000,0.000000,-5.945922,8.357e-24,8.358e-24,1.355e-19,1.355e-19,1.00000000
1.200000,-0.875020,0.001517,-5.935852,6.000000,0.000000,-5.935852,1.764e-23,1.764e-23,2.236e-20,2.236e-20,1.00000000
1.300000,-0.948732,0.000016,-5.924518,6.000000,-0.000000,-5.924518,1.891e-23,1.891e-23,4.672e-21,4.672e-21,1.00000000
1.400000,-1.022672,0.001081,-5.912203,6.000000,-0.000000,-5.912203,1.140e-23,1.140e-23,1.048e-21,1.048e-21,1.00000000
1.500000,-1.094001,0.002863,-5.899420,6.000000,-0.000000,-5.899420,4.910e-24,4.909e-24,5.352e-22,5.352e-22,1.00000000
1.600000,-1.164152,0.002267,-5.885979,6.000000,0.000000,-5.885979,2.380e-24,2.380e-24,1.736e-21,1.736e-21,1.00000000
1.700000,-1.236310,0.000329,-5.871247,6.000000,0.000000,-5.871247,2.725e-24,2.725e-24,4.846e-21,4.846e-21,1.00000000
1.800000,-1.309866,0.000413,-5.855275,6.000000,0.000000,-5.855275,5.214e-24,5.214e-24,8.983e-21,8.983e-21,1.00000000
1.900000,-1.381473,0.002374,-5.838795,6.000000,0.000000,-5.838795,7.635e-24,7.635e-24,1.428e-20,1.428e-20,1.00000000
2.000000,-1.450839,0.002806,-5.821946,6.000000,-0.000000,-5.821946,6.539e-24,6.539e-24,2.090e-20,2.090e-20,1.00000000
2.100000,-1.521198,0.000959,-5.803960,6.000000,0.000000,-5.803960,3.382e-24,3.383e-24,4.082e-20,4.082e-20,1.00000000
2.200000,-1.593670,0.000041,-5.784481,6.000000,-0.000000,-5.784481,1.298e-24,1.298e-24,2.413e-19,2.413e-19,1.00000000
2.300000,-1.665316,0.001645,-5.764262,6.000000,0.000000,-5.764262,4.713e-25,4.713e-25,3.213e-19,3.213e-19,1.00000000
2.400000,-1.734234,0.002987,-5.743903,6.000000,-0.000000,-5.743903,1.788e-25,1.788e-25,1.534e-19,1.534e-19,1.00000000
2.500000,-1.802829,0.001736,-5.722745,6.000000,-0.000000,-5.722745,6.993e-26,6.993e-26,1.969e-19,1.969e-19,1.00000000
2.600000,-1.873597,0.000065,-5.699968,6.000000,-0.000000,-5.699968,2.771e-26,2.771e-26,3.584e-19,3.584e-19,1.00000000
2.700000,-1.944791,0.000875,-5.676072,6.000000,-0.000000,-5.676072,1.138e-26,1.138e-26,1.807e-19,1.807e-19,1.00000000
2.800000,-2.013456,0.002760,-5.652078,6.000000,0.000000,-5.652078,5.519e-27,5.523e-27,5.856e-20,5.856e-20,1.00000000
2.900000,-2.080535,0.002447,-5.627732,6.000000,0.000000,-5.627732,5.127e-27,5.117e-27,1.970e-20,1.970e-20,1.00000000
3.000000,-2.149184,0.000479,-5.601875,6.000000,-0.000000,-5.601875,8.913e-27,8.925e-27,9.523e-21,9.523e-21,1.00000000
3.100000,-2.219281,0.000274,-5.574477,6.000000,0.000000,-5.574477,1.945e-26,1.945e-26,7.569e-21,7.569e-21,1.00000000
3.200000,-2.287645,0.002187,-5.546771,6.000000,-0.000000,-5.546771,4.336e-26,4.333e-26,8.815e-21,8.815e-21,1.00000000
3.300000,-2.353551,0.002897,-5.519130,6.000000,0.000000,-5.519130,8.209e-26,8.210e-26,1.239e-20,1.239e-20,1.00000000
3.400000,-2.419937,0.001170,-5.490346,6.000000,-0.000000,-5.490346,1.548e-25,1.547e-25,1.630e-20,1.630e-20,1.00000000
3.500000,-2.488276,0.000006,-5.459714,6.000000,-0.000000,-5.459714,2.597e-25,2.596e-25,1.944e-20,1.944e-20,1.00000000
3.600000,-2.556026,0.001425,-5.428327,6.000000,0.000000,-5.428327,4.527e-25,4.527e-25,2.187e-20,2.187e-20,1.00000000
3.700000,-2.621049,0.002964,-5.397230,6.000000,0.000000,-5.397230,7.301e-25,7.301e-25,2.405e-20,2.405e-20,1.00000000
3.800000,-2.685282,0.001950,-5.365562,6.000000,-0.000000,-5.365562,1.154e-24,1.154e-24,1.385e-19,1.385e-19,1.00000000
3.900000,-2.751329,0.000144,-5.331997,6.000000,-0.000000,-5.331997,1.583e-24,1.583e-24,2.864e-19,2.864e-19,1.00000000
4.000000,-2.817936,0.000682,-5.297097,6.000000,-0.000000,-5.297097,1.971e-24,1.971e-24,1.842e-19,1.842e-19,1.00000000
4.100000,-2.882192,0.002630,-5.262410,6.000000,0.000000,-5.262410,3.369e-24,3.369e-24,2.178e-19,2.178e-19,1.00000000
4.200000,-2.944553,0.002605,-5.227772,6.000000,-0.000000,-5.227772,1.130e-23,1.130e-23,4.540e-19,4.540e-19,1.00000000
4.300000,-3.007997,0.000651,-5.191527,6.000000,-0.000000,-5.191527,3.505e-23,3.505e-23,3.066e-19,3.066e-19,1.00000000
4.400000,-3.072835,0.000160,-5.153415,6.000000,-0.000000,-5.153415,6.094e-23,6.094e-23,1.306e-19,1.306e-19,1.00000000
4.500000,-3.136194,0.001985,-5.115103,6.000000,-0.000000,-5.115103,5.467e-23,5.467e-23,6.008e-20,6.008e-20,1.00000000
4.600000,-3.197003,0.002957,-5.077319,6.000000,-0.000000,-5.077319,3.027e-23,3.027e-23,2.894e-20,2.894e-20,1.00000000
4.700000,-3.257795,0.001388,-5.038528,6.000000,-0.000000,-5.038528,1.389e-23,1.389e-23,2.363e-20,2.363e-20,1.00000000
4.800000,-3.320273,0.000003,-4.997578,6.000000,0.000000,-4.997578,6.314e-24,6.313e-24,1.497e-20,1.497e-20,1.00000000
4.900000,-3.382367,0.001206,-4.955763,6.000000,-0.000000,-4.955763,2.894e-24,2.893e-24,1.321e-20,1.321e-20,1.00000000
5.000000,-3.441850,0.002909,-4.914637,6.000000,-0.000000,-4.914637,2.238e-24,2.238e-24,1.407e-20,1.407e-20,1.00000000
5.000000,-3.441850,0.002909,-4.914637,6.000000,-0.000000,-4.914637,2.238e-24,2.238e-24,1.407e-20,1.407e-20,1.00000000
5.100000,-3.439235,-0.001895,-4.916468,6.000000,-0.000000,-4.916468,3.361e-24,3.361e-24,1.834e-20,1.834e-20,1.00000000
5.200000,-3.440622,-0.013699,-4.915479,6.000000,0.000000,-4.915479,3.716e-24,3.716e-24,2.448e-20,2.448e-20,1.00000000
5.300000,-3.443692,-0.026342,-4.913277,6.000000,0.000000,-4.913277,2.453e-24,2.453e-24,2.881e-20,2.881e-20,1.00000000
5.400000,-3.443094,-0.041777,-4.913589,6.000000,0.000000,-4.913589,1.156e-24,1.156e-24,6.085e-20,6.085e-20,1.00000000
5.500000,-3.439599,-0.066668,-4.915762,6.000000,0.000000,-4.915762,4.833e-25,4.834e-25,1.836e-19,1.836e-19,1.00000000
5.600000,-3.438592,-0.100819,-4.915884,6.000000,0.000000,-4.915884,2.098e-25,2.099e-25,1.731e-19,1.731e-19,1.00000000
5.700000,-3.440548,-0.137506,-4.913626,6.000000,-0.000000,-4.913626,1.156e-25,1.156e-25,1.275e-19,1.275e-19,1.00000000
5.800000,-3.439971,-0.175145,-4.912832,6.000000,-0.000000,-4.912832,8.937e-26,8.937e-26,2.972e-19,2.972e-19,1.00000000
5.900000,-3.434596,-0.220023,-4.914788,6.000000,0.000000,-4.914788,1.026e-25,1.026e-25,3.083e-19,3.083e-19,1.00000000
6.000000,-3.428950,-0.275351,-4.915942,6.000000,0.000000,-4.915942,1.184e-25,1.185e-25,1.687e-19,1.687e-19,1.00000000
6.100000,-3.426151,-0.335653,-4.914145,6.000000,0.000000,-4.914145,1.382e-25,1.382e-25,9.424e-20,9.424e-20,1.00000000
6.200000,-3.422109,-0.396224,-4.912451,6.000000,-0.000000,-4.912451,2.055e-25,2.055e-25,6.763e-20,6.763e-20,1.00000000
6.300000,-3.412100,-0.461225,-4.913740,6.000000,-0.000000,-4.913740,2.820e-25,2.819e-25,3.404e-20,3.404e-20,1.00000000
6.400000,-3.398381,-0.536353,-4.915621,6.000000,0.000000,-4.915621,3.532e-25,3.533e-25,1.710e-20,1.710e-20,1.00000000
6.500000,-3.385749,-0.618833,-4.914646,6.000000,-0.000000,-4.914646,4.732e-25,4.733e-25,8.198e-21,8.198e-21,1.00000000
6.600000,-3.372703,-0.702095,-4.912427,6.000000,0.000000,-4.912427,7.380e-25,7.382e-25,1.421e-20,1.421e-20,1.00000000
6.700000,-3.353371,-0.786997,-4.912793,6.000000,0.000000,-4.912793,1.067e-24,1.067e-24,1.802e-20,1.802e-20,1.00000000
6.800000,-3.326921,-0.880082,-4.914982,6.000000,-0.000000,-4.914982,1.496e-24,1.496e-24,1.919e-20,1.919e-20,1.00000000
6.900000,-3.298300,-0.981939,-4.914978,6.000000,0.000000,-4.914978,2.304e-24,2.304e-24,6.046e-20,6.046e-20,1.00000000
7.000000,-3.269025,-1.085888,-4.912669,6.000000,0.000000,-4.912669,3.464e-24,3.464e-24,1.080e-19,1.080e-19,1.00000000
7.100000,-3.233789,-1.189206,-4.912067,6.000000,0.000000,-4.912067,4.428e-24,4.428e-24,1.693e-19,1.693e-19,1.00000000
7.200000,-3.188744,-1.297371,-4.914137,6.000000,0.000000,-4.914137,6.075e-24,6.076e-24,1.847e-19,1.847e-19,1.00000000
7.300000,-3.137324,-1.414013,-4.915055,6.000000,0.000000,-4.915055,1.740e-23,1.740e-23,1.638e-19,1.638e-19,1.00000000
7.400000,-3.083590,-1.534071,-4.913054,6.000000,0.000000,-4.913054,5.500e-23,5.500e-23,2.599e-19,2.599e-19,1.00000000
7.500000,-3.024416,-1.651959,-4.911613,6.000000,0.000000,-4.911613,1.081e-22,1.081e-22,3.052e-19,3.052e-19,1.00000000
7.600000,-2.953952,-1.770455,-4.913213,6.000000,-0.000000,-4.913213,1.079e-22,1.079e-22,2.192e-19,2.192e-19,1.00000000
7.700000,-2.872851,-1.894972,-4.914856,6.000000,0.000000,-4.914856,6.123e-23,6.123e-23,1.649e-19,1.649e-19,1.00000000
7.800000,-2.786447,-2.023279,-4.913457,6.000000,-0.000000,-4.913457,2.655e-23,2.655e-23,1.111e-19,1.111e-19,1.00000000
7.900000,-2.694839,-2.148428,-4.911426,6.000000,-0.000000,-4.911426,1.146e-23,1.146e-23,5.423e-20,5.423e-20,1.00000000
8.000000,-2.591881,-2.269630,-4.912325,6.000000,-0.000000,-4.912325,5.195e-24,5.195e-24,2.433e-20,2.433e-20,1.00000000
8.100000,-2.475012,-2.392255,-4.914410,6.000000,0.000000,-4.914410,2.513e-24,2.513e-24,1.556e-20,1.556e-20,1.00000000
8.200000,-2.349151,-2.517198,-4.913777,6.000000,-0.000000,-4.913777,2.279e-24,2.279e-24,1.511e-20,1.511e-20,1.00000000
8.300000,-2.217763,-2.638017,-4.911455,6.000000,-0.000000,-4.911455,3.587e-24,3.588e-24,1.653e-20,1.653e-20,1.00000000
8.400000,-2.076335,-2.750535,-4.911557,6.000000,0.000000,-4.911557,4.086e-24,4.086e-24,2.189e-20,2.189e-20,1.00000000
8.500000,-1.919702,-2.858232,-4.913782,6.000000,0.000000,-4.913782,2.907e-24,2.907e-24,4.644e-20,4.644e-20,1.00000000
8.600000,-1.750806,-2.964419,-4.913949,6.000000,-0.000000,-4.913949,1.432e-24,1.432e-24,7.884e-20,7.884e-20,1.00000000
8.700000,-1.575653,-3.064832,-4.911631,6.000000,0.000000,-4.911631,6.993e-25,6.993e-25,7.951e-20,7.951e-20,1.00000000
8.800000,-1.392953,-3.153127,-4.910954,6.000000,-0.000000,-4.910954,4.236e-25,4.235e-25,1.139e-19,1.139e-19,1.00000000
8.900000,-1.196463,-3.229623,-4.913045,6.000000,0.000000,-4.913045,3.172e-25,3.172e-25,1.676e-19,1.676e-19,1.00000000
9.000000,-0.986249,-3.298552,-4.913946,6.000000,-0.000000,-4.913946,2.789e-25,2.789e-25,2.018e-19,2.018e-19,1.00000000
9.100000,-0.769326,-3.358808,-4.911878,6.000000,-0.000000,-4.911878,3.674e-25,3.674e-25,2.411e-19,2.411e-19,1.00000000
9.200000,-0.548360,-3.403822,-4.910529,6.000000,-0.000000,-4.910529,4.772e-25,4.773e-25,2.313e-19,2.313e-19,1.00000000
9.300000,-0.318062,-3.430513,-4.912272,6.000000,0.000000,-4.912272,5.276e-25,5.276e-25,2.138e-19,2.138e-19,1.00000000
9.400000,-0.075722,-3.442257,-4.913770,6.000000,0.000000,-4.913770,5.664e-25,5.664e-25,1.543e-19,1.543e-19,1.00000000
9.500000,0.172398,-3.441113,-4.912130,6.000000,-0.000000,-4.912130,7.288e-25,7.289e-25,8.106e-20,8.106e-20,1.00000000
9.600000,0.420052,-3.422401,-4.910268,6.000000,-0.000000,-4.910268,1.065e-24,1.065e-24,3.786e-20,3.786e-20,1.00000000
9.700000,0.669691,-3.380604,-4.911520,6.000000,-0.000000,-4.911520,1.515e-24,1.515e-24,2.573e-20,2.573e-20,1.00000000
9.800000,0.925679,-3.316805,-4.913443,6.000000,0.000000,-4.913443,2.092e-24,2.092e-24,2.684e-20,2.684e-20,1.00000000
9.900000,1.183939,-3.235309,-4.912338,6.000000,0.000000,-4.912338,2.887e-24,2.887e-24,2.357e-20,2.357e-20,1.00000000
10.000000,1.436069,-3.134981,-4.910153,6.000000,-0.000000,-4.910153,4.076e-24,4.076e-24,1.997e-20,1.997e-20,1.00000000
10.000000,1.436069,-3.134981,-4.910153,6.000000,-0.000000,-4.910153,4.076e-24,4.076e-24,1.997e-20,1.997e-20,1.00000000
10.100000,1.678184,-3.011112,-4.910896,6.000000,-0.000000,-4.910896,5.789e-24,5.789e-24,5.621e-20,5.621e-20,1.00000000
10.200000,1.912554,-2.864162,-4.913116,6.000000,-0.000000,-4.913116,7.585e-24,7.585e-24,1.261e-19,1.261e-19,1.00000000
10.300000,2.138801,-2.700226,-4.912668,6.000000,0.000000,-4.912668,8.791e-24,8.791e-24,9.573e-20,9.573e-20,1.00000000
10.400000,2.349583,-2.523398,-4.910389,6.000000,0.000000,-4.910389,2.222e-23,2.222e-23,8.593e-20,8.593e-20,1.00000000
10.500000,2.540876,-2.330369,-4.910533,6.000000,0.000000,-4.910533,9.389e-23,9.389e-23,1.414e-19,1.414e-19,1.00000000
10.600000,2.716385,-2.117862,-4.912832,6.000000,0.000000,-4.912832,2.558e-22,2.558e-22,1.636e-19,1.636e-19,1.00000000
10.700000,2.878945,-1.890546,-4.912994,6.000000,-0.000000,-4.912994,3.612e-22,3.612e-22,1.867e-19,1.867e-19,1.00000000
10.800000,3.023929,-1.655510,-4.910717,6.000000,0.000000,-4.910717,2.616e-22,2.616e-22,2.089e-19,2.089e-19,1.00000000
10.900000,3.145559,-1.412406,-4.910251,6.000000,-0.000000,-4.910251,1.228e-22,1.228e-22,2.255e-19,2.255e-19,1.00000000
11.000000,3.245038,-1.156464,-4.912466,6.000000,-0.000000,-4.912466,4.961e-23,4.961e-23,1.844e-19,1.844e-19,1.00000000
11.100000,3.327007,-0.889510,-4.913227,6.000000,0.000000,-4.913227,2.000e-23,2.000e-23,1.158e-19,1.158e-19,1.00000000
11.200000,3.390698,-0.619784,-4.911113,6.000000,0.000000,-4.911113,8.234e-24,8.234e-24,7.162e-20,7.162e-20,1.00000000
11.300000,3.430500,-0.350535,-4.910071,6.000000,0.000000,-4.910071,4.074e-24,4.074e-24,3.933e-20,3.933e-20,1.00000000
11.400000,3.444683,-0.077254,-4.912046,6.000000,0.000000,-4.912046,4.633e-24,4.633e-24,3.646e-20,3.646e-20,1.00000000
11.500000,3.437789,0.201454,-4.913351,6.000000,0.000000,-4.913351,7.422e-24,7.423e-24,3.645e-20,3.645e-20,1.00000000
11.600000,3.412894,0.478357,-4.911550,6.000000,0.000000,-4.911550,7.746e-24,7.747e-24,2.435e-20,2.435e-20,1.00000000
11.700000,3.366544,0.747153,-4.910005,6.000000,0.000000,-4.910005,5.524e-24,5.525e-24,3.463e-20,3.463e-20,1.00000000
11.800000,3.294743,1.010376,-4.911600,6.000000,0.000000,-4.911600,3.198e-24,3.199e-24,1.062e-19,1.062e-19,1.00000000
11.900000,3.200180,1.271913,-4.913358,6.000000,-0.000000,-4.913358,1.754e-24,1.754e-24,8.985e-20,8.985e-20,1.00000000
12.000000,3.088612,1.527338,-4.911997,6.000000,-0.000000,-4.911997,9.537e-25,9.536e-25,5.101e-20,5.101e-20,1.00000000
12.100000,2.960152,1.768851,-4.910058,6.000000,-0.000000,-4.910058,7.073e-25,7.072e-25,1.225e-19,1.225e-19,1.00000000
12.200000,2.810083,1.995981,-4.911160,6.000000,0.000000,-4.911160,6.717e-25,6.717e-25,1.811e-19,1.811e-19,1.00000000
12.300000,2.638230,2.213539,-4.913246,6.000000,-0.000000,-4.913246,7.964e-25,7.964e-25,1.665e-19,1.665e-19,1.00000000
12.400000,2.451110,2.420778,-4.912422,6.000000,-0.000000,-4.912422,1.025e-24,1.025e-24,1.751e-19,1.751e-19,1.00000000
12.500000,2.252757,2.610511,-4.910226,6.000000,-0.000000,-4.910226,1.158e-24,1.158e-24,2.076e-19,2.076e-19,1.00000000
12.600000,2.039627,2.779278,-4.910758,6.000000,-0.000000,-4.910758,1.226e-24,1.226e-24,2.081e-19,2.081e-19,1.00000000
12.700000,1.808737,2.930983,-4.913025,6.000000,-0.000000,-4.913025,1.499e-24,1.499e-24,1.638e-19,1.638e-19,1.00000000
12.800000,1.565326,3.068257,-4.912795,6.000000,-0.000000,-4.912795,2.197e-24,2.197e-24,1.073e-19,1.073e-19,1.00000000
12.900000,1.316497,3.186511,-4.910497,6.000000,-0.000000,-4.910497,3.282e-24,3.283e-24,6.459e-20,6.459e-20,1.00000000
13.000000,1.061478,3.280401,-4.910421,6.000000,0.000000,-4.910421,4.424e-24,4.424e-24,5.813e-20,5.813e-20,1.00000000
13.100000,0.795568,3.351473,-4.912708,6.000000,0.000000,-4.912708,6.362e-24,6.362e-24,4.959e-20,4.959e-20,1.00000000
13.200000,0.521208,3.404394,-4.913089,6.000000,0.000000,-4.913089,1.009e-23,1.009e-23,3.044e-20,3.044e-20,1.00000000
13.300000,0.246788,3.438404,-4.910853,6.000000,-0.000000,-4.910853,1.541e-23,1.541e-23,2.289e-20,2.289e-20,1.00000000
13.400000,-0.024964,3.448126,-4.910174,6.000000,-0.000000,-4.910174,2.031e-23,2.031e-23,9.568e-20,9.568e-20,1.00000000
13.500000,-0.298744,3.432181,-4.912320,6.000000,0.000000,-4.912320,3.043e-23,3.043e-23,1.094e-19,1.094e-19,1.00000000
13.600000,-0.575422,3.395368,-4.913285,6.000000,-0.000000,-4.913285,1.249e-22,1.249e-22,4.158e-20,4.158e-20,1.00000000
13.700000,-0.847487,3.340841,-4.911267,6.000000,0.000000,-4.911267,4.532e-22,4.532e-22,7.338e-20,7.338e-20,1.00000000
13.800000,-1.109127,3.265181,-4.910033,6.000000,0.000000,-4.910033,9.486e-22,9.486e-22,1.547e-19,1.547e-19,1.00000000
13.900000,-1.363294,3.164617,-4.911887,6.000000,-0.000000,-4.911887,9.952e-22,9.952e-22,1.327e-19,1.327e-19,1.00000000
14.000000,-1.613549,3.042249,-4.913367,6.000000,0.000000,-4.913367,5.803e-22,5.803e-22,1.234e-19,1.234e-19,1.00000000
14.100000,-1.855119,2.904070,-4.911712,6.000000,0.000000,-4.911712,2.504e-22,2.504e-22,1.669e-19,1.669e-19,1.00000000
14.200000,-2.080580,2.750089,-4.910010,6.000000,0.000000,-4.910010,1.076e-22,1.076e-22,2.031e-19,2.031e-19,1.00000000
14.300000,-2.290002,2.575589,-4.911439,6.000000,-0.000000,-4.911439,4.944e-23,4.944e-23,1.781e-19,1.781e-19,1.00000000
14.400000,-2.488128,2.380839,-4.913331,6.000000,0.000000,-4.913331,2.222e-23,2.222e-23,1.184e-19,1.184e-19,1.00000000
14.500000,-2.673906,2.172779,-4.912154,6.000000,0.000000,-4.912154,1.040e-23,1.040e-23,9.293e-20,9.293e-20,1.00000000
14.600000,-2.840366,1.955297,-4.910105,6.000000,-0.000000,-4.910105,7.318e-24,7.318e-24,8.347e-20,8.347e-20,1.00000000
14.700000,-2.984584,1.724601,-4.911009,6.000000,0.000000,-4.911009,7.565e-24,7.565e-24,6.013e-20,6.013e-20,1.00000000
14.800000,-3.110634,1.478050,-4.913179,6.000000,-0.000000,-4.913179,7.997e-24,7.997e-24,4.281e-20,4.281e-20,1.00000000
14.900000,-3.220993,1.221443,-4.912563,6.000000,-0.000000,-4.912563,7.227e-24,7.228e-24,3.922e-20,3.922e-20,1.00000000
15.000000,-3.311157,0.961808,-4.910312,6.000000,0.000000,-4.910312,5.281e-24,5.282e-24,9.604e-20,9.604e-20,1.00000000
15.100000,-3.376189,0.697914,-4.910628,6.000000,0.000000,-4.910628,3.162e-24,3.162e-24,1.412e-19,1.412e-19,1.00000000
15.200000,-3.417956,0.425192,-4.912921,6.000000,-0.000000,-4.912921,1.644e-24,1.644e-24,7.264e-20,7.264e-20,1.00000000
15.300000,-3.441190,0.146689,-4.912911,6.000000,0.000000,-4.912911,1.436e-24,1.436e-24,5.148e-20,5.148e-20,1.00000000
15.400000,-3.445165,-0.129152,-4.910617,6.000000,-0.000000,-4.910617,1.829e-24,1.829e-24,1.357e-19,1.357e-19,1.00000000
15.500000,-3.424707,-0.400165,-4.910321,6.000000,0.000000,-4.910321,2.188e-24,2.188e-24,1.299e-19,1.299e-19,1.00000000
15.600000,-3.378775,-0.671177,-4.912575,6.000000,0.000000,-4.912575,2.379e-24,2.380e-24,9.366e-20,9.366e-20,1.00000000
15.700000,-3.312458,-0.942531,-4.913172,6.000000,-0.000000,-4.913172,2.547e-24,2.548e-24,1.329e-19,1.329e-19,1.00000000
15.800000,-3.228995,-1.206525,-4.910997,6.000000,-0.000000,-4.910997,2.651e-24,2.651e-24,1.826e-19,1.826e-19,1.00000000
15.900000,-3.124956,-1.457899,-4.910110,6.000000,-0.000000,-4.910110,2.901e-24,2.901e-24,1.755e-19,1.755e-19,1.00000000
16.000000,-2.996787,-1.699964,-4.912168,6.000000,-0.000000,-4.912168,4.936e-24,4.936e-24,1.472e-19,1.472e-19,1.00000000
16.100000,-2.848040,-1.935943,-4.913328,6.000000,0.000000,-4.913328,9.094e-24,9.095e-24,1.351e-19,1.351e-19,1.00000000
16.200000,-2.684928,-2.160801,-4.911425,6.000000,0.000000,-4.911425,1.455e-23,1.455e-23,1.198e-19,1.198e-19,1.00000000
16.300000,-2.507293,-2.367545,-4.910011,6.000000,-0.000000,-4.910011,2.177e-23,2.176e-23,7.751e-20,7.751e-20,1.00000000
16.400000,-2.310416,-2.556742,-4.911726,6.000000,-0.000000,-4.911726,3.328e-23,3.328e-23,5.581e-20,5.581e-20,1.00000000
16.500000,-2.095059,-2.733047,-4.913368,6.000000,-0.000000,-4.913368,4.796e-23,4.796e-23,4.672e-20,4.672e-20,1.00000000
16.600000,-1.868552,-2.895172,-4.911872,6.000000,-0.000000,-4.911872,5.836e-23,5.836e-23,5.349e-20,5.349e-20,1.00000000
16.700000,-1.634563,-3.036413,-4.910031,6.000000,-0.000000,-4.910031,1.199e-22,1.199e-22,1.108e-19,1.108e-19,1.00000000
16.800000,-1.389040,-3.154344,-4.911281,6.000000,-0.000000,-4.911281,4.936e-22,4.936e-22,9.409e-20,9.409e-20,1.00000000
16.900000,-1.129740,-3.253195,-4.913289,6.000000,-0.000000,-4.913289,1.431e-21,1.431e-21,5.848e-20,5.848e-20,1.00000000
17.000000,-0.862998,-3.335338,-4.912307,6.000000,-0.000000,-4.912307,2.300e-21,2.300e-21,1.245e-19,1.245e-19,1.00000000
17.100000,-0.595667,-3.396386,-4.910167,6.000000,-0.000000,-4.910167,1.930e-21,1.930e-21,1.395e-19,1.395e-19,1.00000000
17.200000,-0.326045,-3.431778,-4.910865,6.000000,-0.000000,-4.910865,1.000e-21,1.000e-21,8.045e-20,8.045e-20,1.00000000
17.300000,-0.049750,-3.443690,-4.913097,6.000000,-0.000000,-4.913097,4.184e-22,4.184e-22,9.278e-20,9.278e-20,1.00000000
17.400000,0.229581,-3.436961,-4.912697,6.000000,0.000000,-4.912697,1.744e-22,1.744e-22,1.271e-19,1.271e-19,1.00000000
17.500000,0.503556,-3.410907,-4.910412,6.000000,0.000000,-4.910412,7.863e-23,7.863e-23,1.392e-19,1.392e-19,1.00000000
17.600000,0.770599,-3.360520,-4.910507,6.000000,-0.000000,-4.910507,3.970e-23,3.970e-23,1.558e-19,1.558e-19,1.00000000
17.700000,1.035607,-3.285097,-4.912805,6.000000,0.000000,-4.912805,2.455e-23,2.454e-23,1.521e-19,1.521e-19,1.00000000
17.800000,1.298402,-3.190051,-4.913016,6.000000,-0.000000,-4.913016,1.675e-23,1.675e-23,1.239e-19,1.239e-19,1.00000000
17.900000,1.551199,-3.078694,-4.910746,6.000000,0.000000,-4.910746,8.913e-24,8.912e-24,1.005e-19,1.005e-19,1.00000000
18.000000,1.789316,-2.947535,-4.910233,6.000000,0.000000,-4.910233,4.702e-24,4.702e-24,7.892e-20,7.892e-20,1.00000000
18.100000,2.016373,-2.793246,-4.912435,6.000000,-0.000000,-4.912435,3.894e-24,3.894e-24,7.641e-20,7.641e-20,1.00000000
18.200000,2.235253,-2.619868,-4.913241,6.000000,0.000000,-4.913241,3.178e-24,3.178e-24,8.106e-20,8.106e-20,1.00000000
18.300000,2.440748,-2.433801,-4.911147,6.000000,0.000000,-4.911147,2.986e-24,2.986e-24,1.258e-19,1.258e-19,1.00000000
18.400000,2.626331,-2.234656,-4.910061,6.000000,0.000000,-4.910061,3.345e-24,3.346e-24,1.180e-19,1.180e-19,1.00000000
18.500000,2.793018,-2.017721,-4.912011,6.000000,-0.000000,-4.912011,3.623e-24,3.624e-24,6.993e-20,6.993e-20,1.00000000
18.600000,2.945373,-1.784295,-4.913356,6.000000,0.000000,-4.913356,4.259e-24,4.259e-24,8.104e-20,8.104e-20,1.00000000
18.700000,3.081945,-1.542058,-4.911586,6.000000,-0.000000,-4.911586,5.894e-24,5.894e-24,1.214e-19,1.214e-19,1.00000000
18.800000,3.196319,-1.294373,-4.910005,6.000000,-0.000000,-4.910005,7.755e-24,7.755e-24,7.728e-20,7.728e-20,1.00000000
18.900000,3.286532,-1.036938,-4.911564,6.000000,0.000000,-4.911564,8.506e-24,8.506e-24,6.153e-20,6.153e-20,1.00000000
19.000000,3.356962,-0.767960,-4.913353,6.000000,0.000000,-4.913353,8.643e-24,8.643e-24,8.681e-20,8.681e-20,1.00000000
19.100000,3.409934,-0.494264,-4.912032,6.000000,-0.000000,-4.912032,9.591e-24,9.591e-24,1.218e-19,1.218e-19,1.00000000
19.200000,3.441187,-0.222434,-4.910067,6.000000,-0.000000,-4.910067,1.385e-23,1.385e-23,1.369e-19,1.369e-19,1.00000000
19.300000,3.446500,0.049704,-4.911127,6.000000,-0.000000,-4.911127,2.482e-23,2.482e-23,1.488e-19,1.488e-19,1.00000000
19.400000,3.428365,0.326283,-4.913233,6.000000,-0.000000,-4.913233,4.289e-23,4.289e-23,1.510e-19,1.510e-19,1.00000000
19.500000,3.391762,0.603118,-4.912454,6.000000,-0.000000,-4.912454,7.004e-23,7.004e-23,1.353e-19,1.353e-19,1.00000000
19.600000,3.336042,0.871969,-4.910244,6.000000,-0.000000,-4.910244,1.033e-22,1.033e-22,1.010e-19,1.010e-19,1.00000000
19.700000,3.256324,1.131857,-4.910728,6.000000,-0.000000,-4.910728,1.330e-22,1.330e-22,9.074e-20,9.074e-20,1.00000000
19.800000,3.152257,1.387689,-4.913003,6.000000,0.000000,-4.913003,1.500e-22,1.500e-22,8.613e-20,8.613e-20,1.00000000
19.900000,3.029610,1.638796,-4.912821,6.000000,-0.000000,-4.912821,3.361e-22,3.361e-22,1.187e-19,1.187e-19,1.00000000
20.000000,2.891732,1.877406,-4.910522,6.000000,-0.000000,-4.910522,1.146e-21,1.146e-21,1.251e-19,1.251e-19,1.00000000
20.100000,2.735028,2.099432,-4.910398,6.000000,0.000000,-4.910398,2.537e-21,2.537e-21,1.109e-19,1.109e-19,1.00000000
20.200000,2.556416,2.308747,-4.912680,6.000000,0.000000,-4.912680,3.276e-21,3.276e-21,7.898e-20,7.898e-20,1.00000000
20.300000,2.360456,2.507910,-4.913109,6.000000,-0.000000,-4.913109,2.430e-21,2.430e-21,1.044e-19,1.044e-19,1.00000000
20.400000,2.153685,2.691628,-4.910884,6.000000,0.000000,-4.910884,1.244e-21,1.244e-21,8.382e-20,8.382e-20,1.00000000
20.500000,1.935421,2.853855,-4.910159,6.000000,-0.000000,-4.910159,5.522e-22,5.522e-22,5.798e-20,5.798e-20,1.00000000
20.600000,1.700986,2.996011,-4.912287,6.000000,-0.000000,-4.912287,2.436e-22,2.436e-22,6.081e-20,6.081e-20,1.00000000
20.700000,1.452253,3.122577,-4.913296,6.000000,0.000000,-4.913296,1.071e-22,1.071e-22,7.659e-20,7.659e-20,1.00000000
20.800000,1.197190,3.232004,-4.911302,6.000000,-0.000000,-4.911302,4.843e-23,4.843e-23,1.021e-19,1.021e-19,1.00000000
20.900000,0.938777,3.318182,-4.910027,6.000000,-0.000000,-4.910027,2.747e-23,2.747e-23,1.400e-19,1.400e-19,1.00000000
21.000000,0.672487,3.379568,-4.911851,6.000000,-0.000000,-4.911851,1.888e-23,1.888e-23,1.599e-19,1.599e-19,1.00000000
21.100000,0.397023,3.420699,-4.913369,6.000000,-0.000000,-4.913369,1.324e-23,1.324e-23,1.445e-19,1.445e-19,1.00000000
21.200000,0.119636,3.443898,-4.911747,6.000000,0.000000,-4.911747,1.077e-23,1.077e-23,1.210e-19,1.210e-19,1.00000000
21.300000,-0.153448,3.445029,-4.910013,6.000000,0.000000,-4.910013,1.012e-23,1.012e-23,1.295e-19,1.295e-19,1.00000000
21.400000,-0.424857,3.420176,-4.911404,6.000000,-0.000000,-4.911404,1.060e-23,1.060e-23,1.205e-19,1.205e-19,1.00000000
21.500000,-0.698424,3.372159,-4.913323,6.000000,0.000000,-4.913323,1.125e-23,1.125e-23,1.321e-19,1.321e-19,1.00000000
21.600000,-0.969470,3.306137,-4.912188,6.000000,0.000000,-4.912188,1.223e-23,1.223e-23,1.181e-19,1.181e-19,1.00000000
21.700000,-1.230004,3.221465,-4.910118,6.000000,0.000000,-4.910118,1.694e-23,1.694e-23,1.008e-19,1.008e-19,1.00000000
21.800000,-1.479634,3.113356,-4.910977,6.000000,0.000000,-4.910977,2.803e-23,2.803e-23,6.374e-20,6.374e-20,1.00000000
21.900000,-1.723224,2.981835,-4.913162,6.000000,0.000000,-4.913162,6.127e-23,6.127e-23,7.244e-20,7.244e-20,1.00000000
22.000000,-1.959656,2.833050,-4.912593,6.000000,-0.000000,-4.912593,1.021e-22,1.021e-22,6.979e-20,6.979e-20,1.00000000
22.100000,-2.181263,2.670341,-4.910333,6.000000,0.000000,-4.910333,9.621e-23,9.621e-23,5.540e-20,5.540e-20,1.00000000
22.200000,-2.384553,2.489962,-4.910600,6.000000,0.000000,-4.910600,5.866e-23,5.866e-23,4.127e-20,4.127e-20,1.00000000
22.300000,-2.573597,2.289115,-4.912896,6.000000,-0.000000,-4.912896,3.819e-23,3.819e-23,4.996e-20,4.996e-20,1.00000000
22.400000,-2.750666,2.072898,-4.912935,6.000000,-0.000000,-4.912935,3.850e-23,3.850e-23,6.876e-20,6.876e-20,1.00000000
22.500000,-2.910458,1.847920,-4.910644,6.000000,0.000000,-4.910644,5.165e-23,5.165e-23,1.152e-19,1.152e-19,1.00000000
22.600000,-3.047409,1.613149,-4.910300,6.000000,-0.000000,-4.910300,8.349e-23,8.349e-23,1.528e-19,1.528e-19,1.00000000
22.700000,-3.163297,1.363983,-4.912545,6.000000,-0.000000,-4.912545,1.427e-22,1.427e-22,1.523e-19,1.523e-19,1.00000000
22.800000,-3.262546,1.102893,-4.913188,6.000000,-0.000000,-4.913188,2.183e-22,2.183e-22,1.339e-19,1.339e-19,1.00000000
22.900000,-3.343569,0.838059,-4.911029,6.000000,0.000000,-4.911029,2.836e-22,2.836e-22,1.684e-19,1.684e-19,1.00000000
23.000000,-3.400550,0.572007,-4.910098,6.000000,-0.000000,-4.910098,3.069e-22,3.069e-22,1.700e-19,1.700e-19,1.00000000
23.100000,-3.432335,0.300027,-4.912134,6.000000,-0.000000,-4.912134,3.867e-22,3.867e-22,1.412e-19,1.412e-19,1.00000000
23.200000,-3.443643,0.021351,-4.913335,6.000000,0.000000,-4.913335,9.806e-22,9.806e-22,1.307e-19,1.307e-19,1.00000000
23.300000,-3.436831,-0.256421,-4.911460,6.000000,0.000000,-4.911460,2.123e-21,2.123e-21,1.231e-19,1.231e-19,1.00000000
23.400000,-3.407867,-0.527503,-4.910008,6.000000,-0.000000,-4.910008,2.754e-21,2.754e-21,8.674e-20,8.674e-20,1.00000000
23.500000,-3.353112,-0.794945,-4.911690,6.000000,0.000000,-4.911690,2.025e-21,2.025e-21,6.433e-20,6.433e-20,1.00000000
23.600000,-3.275743,-1.062235,-4.913366,6.000000,0.000000,-4.913366,1.057e-21,1.057e-21,6.236e-20,6.236e-20,1.00000000
23.700000,-3.181111,-1.324273,-4.911908,6.000000,-0.000000,-4.911908,5.216e-22,5.216e-22,5.257e-20,5.257e-20,1.00000000
23.800000,-3.068542,-1.573399,-4.910037,6.000000,-0.000000,-4.910037,2.628e-22,2.628e-22,5.048e-20,5.048e-20,1.00000000
23.900000,-2.933313,-1.809786,-4.911247,6.000000,-0.000000,-4.911247,1.268e-22,1.268e-22,3.891e-20,3.891e-20,1.00000000
24.000000,-2.775860,-2.038209,-4.913278,6.000000,-0.000000,-4.913278,6.238e-23,6.238e-23,4.978e-20,4.978e-20,1.00000000
24.100000,-2.602719,-2.257161,-4.912339,6.000000,0.000000,-4.912339,3.821e-23,3.821e-23,9.146e-20,9.146e-20,1.00000000
24.200000,-2.417159,-2.459155,-4.910183,6.000000,0.000000,-4.910183,3.030e-23,3.030e-23,1.249e-19,1.249e-19,1.00000000
24.300000,-2.215253,-2.641280,-4.910834,6.000000,-0.000000,-4.910834,3.202e-23,3.202e-23,1.395e-19,1.395e-19,1.00000000
24.400000,-1.994526,-2.807763,-4.913078,6.000000,-0.000000,-4.913078,3.810e-23,3.810e-23,1.638e-19,1.638e-19,1.00000000
24.500000,-1.760624,-2.960631,-4.912725,6.000000,0.000000,-4.912725,4.464e-23,4.464e-23,1.963e-19,1.963e-19,1.00000000
24.600000,-1.520149,-3.094637,-4.910435,6.000000,-0.000000,-4.910435,4.963e-23,4.963e-23,1.595e-19,1.595e-19,1.00000000
24.700000,-1.271676,-3.204685,-4.910482,6.000000,0.000000,-4.910482,5.232e-23,5.232e-23,1.356e-19,1.356e-19,1.00000000
24.800000,-1.010725,-3.292877,-4.912779,6.000000,0.000000,-4.912779,5.942e-23,5.942e-23,1.384e-19,1.384e-19,1.00000000
24.900000,-0.740380,-3.363614,-4.913037,6.000000,0.000000,-4.913037,7.959e-23,7.959e-23,1.134e-19,1.134e-19,1.00000000
25.000000,-0.468943,-3.415315,-4.910775,6.000000,0.000000,-4.910775,1.514e-22,1.514e-22,1.026e-19,1.026e-19,1.00000000
25.100000,-0.198431,-3.442442,-4.910215,6.000000,-0.000000,-4.910215,3.569e-22,3.568e-22,8.894e-20,8.894e-20,1.00000000
25.200000,0.076003,-3.444201,-4.912403,6.000000,0.000000,-4.912403,6.516e-22,6.516e-22,5.308e-20,5.308e-20,1.00000000
25.300000,0.354576,-3.425523,-4.913254,6.000000,-0.000000,-4.913254,6.658e-22,6.658e-22,4.453e-20,4.453e-20,1.00000000
25.400000,0.629427,-3.388824,-4.911180,6.000000,-0.000000,-4.911180,4.103e-22,4.103e-22,5.900e-20,5.900e-20,1.00000000
25.500000,0.895280,-3.330144,-4.910053,6.000000,0.000000,-4.910053,2.071e-22,2.071e-22,5.045e-20,5.045e-20,1.00000000
25.600000,1.155559,-3.246101,-4.911976,6.000000,-0.000000,-4.911976,1.125e-22,1.125e-22,3.561e-20,3.561e-20,1.00000000
25.700000,1.413379,-3.140263,-4.913360,6.000000,0.000000,-4.913360,7.279e-23,7.279e-23,5.400e-20,5.400e-20,1.00000000
25.800000,1.663300,-3.018180,-4.911621,6.000000,-0.000000,-4.911621,7.603e-23,7.603e-23,8.808e-20,8.808e-20,1.00000000
25.900000,1.898068,-2.879095,-4.910005,6.000000,-0.000000,-4.910005,1.272e-22,1.272e-22,1.206e-19,1.206e-19,1.00000000
26.000000,2.118380,-2.718335,-4.911529,6.000000,-0.000000,-4.911529,2.118e-22,2.118e-22,1.515e-19,1.515e-19,1.00000000
26.100000,2.328890,-2.536786,-4.913348,6.000000,0.000000,-4.913348,3.030e-22,3.030e-22,1.833e-19,1.833e-19,1.00000000
26.200000,2.527767,-2.341367,-4.912066,6.000000,0.000000,-4.912066,3.549e-22,3.549e-22,1.906e-19,1.906e-19,1.00000000
26.300000,2.707776,-2.135204,-4.910077,6.000000,-0.000000,-4.910077,3.689e-22,3.689e-22,1.498e-19,1.498e-19,1.00000000
26.400000,2.866553,-1.914167,-4.911093,6.000000,-0.000000,-4.911093,6.012e-22,6.012e-22,1.766e-19,1.766e-19,1.00000000
26.500000,3.008452,-1.676158,-4.913218,6.000000,0.000000,-4.913218,1.342e-21,1.342e-21,1.372e-19,1.372e-19,1.00000000
26.600000,3.135305,-1.427360,-4.912485,6.000000,0.000000,-4.912485,1.955e-21,1.955e-21,9.203e-20,9.203e-20,1.00000000
26.700000,3.241974,-1.174279,-4.910262,6.000000,-0.000000,-4.910262,1.563e-21,1.563e-21,1.029e-19,1.029e-19,1.00000000
26.800000,3.323806,-0.915066,-4.910700,6.000000,-0.000000,-4.910700,8.015e-22,8.015e-22,6.600e-20,6.600e-20,1.00000000
26.900000,3.383202,-0.645421,-4.912981,6.000000,-0.000000,-4.912981,3.963e-22,3.963e-22,4.759e-20,4.759e-20,1.00000000
27.000000,3.424580,-0.369037,-4.912847,6.000000,0.000000,-4.912847,2.248e-22,2.248e-22,6.537e-20,6.537e-20,1.00000000
27.100000,3.446395,-0.094240,-4.910548,6.000000,-0.000000,-4.910548,1.356e-22,1.356e-22,5.425e-20,5.425e-20,1.00000000
27.200000,3.443357,0.177506,-4.910375,6.000000,0.000000,-4.910375,8.884e-23,8.884e-23,2.716e-20,2.716e-20,1.00000000
27.300000,3.415018,0.451125,-4.912651,6.000000,-0.000000,-4.912651,6.786e-23,6.786e-23,3.634e-20,3.634e-20,1.00000000
27.400000,3.366557,0.726277,-4.913127,6.000000,-0.000000,-4.913127,6.249e-23,6.249e-23,6.117e-20,6.117e-20,1.00000000
27.500000,3.300456,0.994941,-4.910915,6.000000,-0.000000,-4.910915,6.830e-23,6.830e-23,8.995e-20,8.995e-20,1.00000000
27.600000,3.212784,1.252400,-4.910144,6.000000,-0.000000,-4.910144,7.929e-23,7.929e-23,1.286e-19,1.286e-19,1.00000000
27.700000,3.100413,1.502400,-4.912254,6.000000,0.000000,-4.912254,9.277e-23,9.277e-23,1.927e-19,1.927e-19,1.00000000
27.800000,2.967335,1.747670,-4.913306,6.000000,-0.000000,-4.913306,1.057e-22,1.057e-22,2.257e-19,2.257e-19,1.00000000
27.900000,2.819292,1.982516,-4.911336,6.000000,-0.000000,-4.911336,1.154e-22,1.154e-22,1.534e-19,1.534e-19,1.00000000
28.000000,2.655381,2.200145,-4.910022,6.000000,0.000000,-4.910022,1.449e-22,1.449e-22,1.709e-19,1.709e-19,1.00000000
28.100000,2.470977,2.401736,-4.911816,6.000000,0.000000,-4.911816,2.347e-22,2.347e-22,1.449e-19,1.449e-19,1.00000000
28.200000,2.267462,2.591798,-4.913370,6.000000,-0.000000,-4.913370,4.834e-22,4.834e-22,1.163e-19,1.163e-19,1.00000000
28.300000,2.052112,2.768255,-4.911782,6.000000,-0.000000,-4.911782,1.043e-21,1.043e-21,1.503e-19,1.503e-19,1.00000000
28.400000,1.827832,2.924168,-4.910017,6.000000,-0.000000,-4.910017,1.829e-21,1.829e-21,1.095e-19,1.095e-19,1.00000000
28.500000,1.590287,3.057685,-4.911370,6.000000,0.000000,-4.911370,2.020e-21,2.020e-21,5.064e-20,5.064e-20,1.00000000
28.600000,1.337805,3.173266,-4.913315,6.000000,-0.000000,-4.913315,1.370e-21,1.370e-21,5.377e-20,5.377e-20,1.00000000
28.700000,1.077080,3.272611,-4.912221,6.000000,-0.000000,-4.912221,6.862e-22,6.862e-22,5.519e-20,5.519e-20,1.00000000
28.800000,0.814427,3.350720,-4.910131,6.000000,-0.000000,-4.910131,3.127e-22,3.127e-22,4.195e-20,4.195e-20,1.00000000
28.900000,0.547563,3.403350,-4.910945,6.000000,0.000000,-4.910945,1.398e-22,1.398e-22,2.303e-20,2.303e-20,1.00000000
29.000000,0.272425,3.433190,-4.913145,6.000000,0.000000,-4.913145,7.456e-23,7.456e-23,3.788e-20,3.788e-20,1.00000000
29.100000,-0.006707,3.444719,-4.912623,6.000000,0.000000,-4.912623,8.528e-23,8.527e-23,6.027e-20,6.027e-20,1.00000000
29.200000,-0.281588,3.436441,-4.910354,6.000000,-0.000000,-4.910354,1.442e-22,1.442e-22,9.123e-20,9.123e-20,1.00000000
29.300000,-0.551326,3.403279,-4.910574,6.000000,-0.000000,-4.910574,2.372e-22,2.372e-22,1.519e-19,1.519e-19,1.00000000
29.400000,-0.820865,3.345127,-4.912872,6.000000,-0.000000,-4.912872,3.193e-22,3.193e-22,2.217e-19,2.217e-19,1.00000000
29.500000,-1.089320,3.267449,-4.912958,6.000000,0.000000,-4.912958,3.658e-22,3.658e-22,1.435e-19,1.435e-19,1.00000000
29.600000,-1.348610,3.172783,-4.910672,6.000000,0.000000,-4.910672,4.795e-22,4.795e-22,1.555e-19,1.555e-19,1.00000000
29.700000,-1.594611,3.057182,-4.910281,6.000000,0.000000,-4.910281,8.639e-22,8.639e-22,2.089e-19,2.089e-19,1.00000000
29.800000,-1.831332,2.917777,-4.912515,6.000000,-0.000000,-4.912515,1.241e-21,1.241e-21,1.555e-19,1.555e-19,1.00000000
29.900000,-2.061120,2.759023,-4.913204,6.000000,-0.000000,-4.913204,1.050e-21,1.050e-21,1.297e-19,1.297e-19,1.00000000
30.000000,-2.278121,2.586820,-4.911062,6.000000,0.000000,-4.911062,5.742e-22,5.742e-22,1.020e-19,1.020e-19,1.00000000
30.000000,-2.278121,2.586820,-4.911062,6.000000,0.000000,-4.911062,5.742e-22,5.742e-22,1.020e-19,1.020e-19,1.00000000
30.100000,-2.403747,2.326820,-4.980754,6.000000,0.000000,-4.980754,3.088e-22,3.088e-22,6.437e-20,6.437e-20,1.00000000
30.200000,-2.502680,2.060940,-5.048675,6.000000,-0.000000,-5.048675,2.154e-22,2.153e-22,5.006e-20,5.006e-20,1.00000000
30.300000,-2.575681,1.794165,-5.113398,6.000000,-0.000000,-5.113398,1.796e-22,1.796e-22,5.371e-20,5.371e-20,1.00000000
30.400000,-2.621103,1.530698,-5.175595,6.000000,0.000000,-5.175595,1.620e-22,1.620e-22,4.173e-20,4.173e-20,1.00000000
30.500000,-2.638435,1.271385,-5.236625,6.000000,-0.000000,-5.236625,1.535e-22,1.535e-22,2.325e-20,2.325e-20,1.00000000
30.600000,-2.630338,1.016871,-5.295970,6.000000,-0.000000,-5.295970,1.374e-22,1.374e-22,2.716e-20,2.716e-20,1.00000000
30.700000,-2.599793,0.771003,-5.352255,6.000000,-0.000000,-5.352255,1.213e-22,1.213e-22,3.824e-20,3.824e-20,1.00000000
30.800000,-2.547131,0.538404,-5.405761,6.000000,-0.000000,-5.405761,1.171e-22,1.171e-22,7.752e-20,7.752e-20,1.00000000
30.900000,-2.471908,0.320360,-5.457751,6.000000,-0.000000,-5.457751,1.229e-22,1.229e-22,1.544e-19,1.544e-19,1.00000000
31.000000,-2.376496,0.116210,-5.508063,6.000000,-0.000000,-5.508063,1.349e-22,1.349e-22,2.136e-19,2.136e-19,1.00000000
31.100000,-2.265266,-0.072202,-5.555480,6.000000,-0.000000,-5.555480,1.451e-22,1.451e-22,1.417e-19,1.417e-19,1.00000000
31.200000,-2.140604,-0.240828,-5.599984,6.000000,0.000000,-5.599984,1.877e-22,1.877e-22,1.442e-19,1.442e-19,1.00000000
31.300000,-2.002509,-0.387965,-5.642645,6.000000,0.000000,-5.642645,3.301e-22,3.301e-22,2.357e-19,2.357e-19,1.00000000
31.400000,-1.852524,-0.515145,-5.683553,6.000000,-0.000000,-5.683553,7.053e-22,7.053e-22,1.880e-19,1.880e-19,1.00000000
31.500000,-1.695265,-0.622864,-5.721723,6.000000,0.000000,-5.721723,1.459e-21,1.459e-21,1.290e-19,1.290e-19,1.00000000
31.600000,-1.534737,-0.708594,-5.756950,6.000000,-0.000000,-5.756950,2.533e-21,2.533e-21,1.443e-19,1.443e-19,1.00000000
31.700000,-1.371694,-0.770493,-5.790060,6.000000,-0.000000,-5.790060,3.077e-21,3.077e-21,9.374e-20,9.374e-20,1.00000000
31.800000,-1.206646,-0.810383,-5.821279,6.000000,0.000000,-5.821279,2.384e-21,2.384e-21,6.140e-20,6.140e-20,1.00000000
31.900000,-1.043326,-0.830858,-5.849884,6.000000,-0.000000,-5.849884,1.305e-21,1.305e-21,6.007e-20,6.007e-20,1.00000000
32.000000,-0.886490,-0.831537,-5.875601,6.000000,-0.000000,-5.875601,6.502e-22,6.502e-22,4.942e-20,4.942e-20,1.00000000
32.100000,-0.737756,-0.810898,-5.898997,6.000000,-0.000000,-5.898997,3.445e-22,3.445e-22,3.374e-20,3.374e-20,1.00000000
32.200000,-0.596713,-0.770514,-5.920324,6.000000,-0.000000,-5.920324,1.924e-22,1.924e-22,3.545e-20,3.545e-20,1.00000000
32.300000,-0.465372,-0.714357,-5.939118,6.000000,0.000000,-5.939118,1.456e-22,1.456e-22,4.180e-20,4.180e-20,1.00000000
32.400000,-0.348148,-0.644330,-5.955135,6.000000,0.000000,-5.955135,1.714e-22,1.714e-22,4.762e-20,4.762e-20,1.00000000
32.500000,-0.247347,-0.559720,-5.968713,6.000000,-0.000000,-5.968713,2.362e-22,2.362e-22,8.487e-20,8.487e-20,1.00000000
32.600000,-0.161983,-0.461505,-5.980031,6.000000,0.000000,-5.980031,2.958e-22,2.958e-22,1.736e-19,1.736e-19,1.00000000
32.700000,-0.091953,-0.354031,-5.988840,6.000000,0.000000,-5.988840,3.377e-22,3.377e-22,1.503e-19,1.503e-19,1.00000000
32.800000,-0.040293,-0.241084,-5.995019,6.000000,0.000000,-5.995019,4.322e-22,4.322e-22,1.404e-19,1.404e-19,1.00000000
32.900000,-0.009551,-0.123117,-5.998729,6.000000,0.000000,-5.998729,6.837e-22,6.837e-22,2.326e-19,2.326e-19,1.00000000
33.000000,0.001395,-0.000426,-6.000000,6.000000,-0.000000,-6.000000,9.279e-22,9.279e-22,2.113e-19,2.113e-19,1.00000000
33.000000,0.001395,-0.000426,-6.000000,6.000000,-0.000000,-6.000000,9.279e-22,9.279e-22,2.113e-19,2.113e-19,1.00000000
33.100000,-0.000745,0.001254,-6.000000,6.000000,0.000000,-6.000000,8.125e-22,8.125e-22,1.076e-19,1.076e-19,1.00000000
33.200000,0.001358,-0.000531,-6.000000,6.000000,0.000000,-6.000000,5.048e-22,5.048e-22,1.350e-19,1.350e-19,1.00000000
33.300000,0.000173,-0.001448,-6.000000,6.000000,-0.000000,-6.000000,3.063e-22,3.063e-22,1.067e-19,1.067e-19,1.00000000
33.400000,0.000621,-0.001319,-6.000000,6.000000,0.000000,-6.000000,2.311e-22,2.311e-22,7.310e-20,7.310e-20,1.00000000
33.500000,0.001211,0.000813,-6.000000,6.000000,0.000000,-6.000000,1.987e-22,1.987e-22,7.355e-20,7.355e-20,1.00000000
33.600000,-0.001226,-0.000790,-6.000000,6.000000,-0.000000,-6.000000,1.910e-22,1.910e-22,6.365e-20,6.365e-20,1.00000000
33.700000,-0.000545,0.001353,-6.000000,6.000000,-0.000000,-6.000000,1.889e-22,1.889e-22,3.727e-20,3.727e-20,1.00000000
33.800000,-0.000034,0.001458,-6.000000,6.000000,-0.000000,-6.000000,1.689e-22,1.689e-22,3.537e-20,3.537e-20,1.00000000
33.900000,-0.001275,0.000708,-6.000000,6.000000,-0.000000,-6.000000,1.474e-22,1.474e-22,3.475e-20,3.475e-20,1.00000000
34.000000,0.000519,-0.001363,-6.000000,6.000000,-0.000000,-6.000000,1.342e-22,1.342e-22,4.024e-20,4.024e-20,1.00000000
34.000000,0.000519,-0.001363,-6.000000,6.000000,-0.000000,-6.000000,1.342e-22,1.342e-22,4.024e-20,4.024e-20,1.00000000
34.100000,0.000519,-0.001363,-6.000000,6.000000,-0.000000,-6.000000,1.322e-22,1.322e-22,7.667e-20,7.667e-20,1.00000000
34.200000,0.000519,-0.001363,-6.000000,6.000000,-0.000000,-6.000000,1.352e-22,1.352e-22,1.321e-19,1.321e-19,1.00000000
34.300000,0.000519,-0.001363,-6.000000,6.000000,0.000000,-6.000000,1.418e-22,1.418e-22,1.430e-19,1.430e-19,1.00000000
34.400000,0.000519,-0.001363,-6.000000,6.000000,-0.000000,-6.000000,1.805e-22,1.805e-22,1.154e-19,1.154e-19,1.00000000
34.500000,0.000519,-0.001363,-6.000000,6.000000,0.000000,-6.000000,2.751e-22,2.751e-22,1.730e-19,1.730e-19,1.00000000
34.600000,0.000519,-0.001363,-6.000000,6.000000,-0.000000,-6.000000,4.593e-22,4.593e-22,2.431e-19,2.431e-19,1.00000000
34.700000,0.000519,-0.001363,-6.000000,6.000000,-0.000000,-6.000000,8.126e-22,8.126e-22,1.454e-19,1.454e-19,1.00000000
34.800000,0.000519,-0.001363,-6.000000,6.000000,0.000000,-6.000000,1.519e-21,1.519e-21,1.529e-19,1.529e-19,1.00000000
34.900000,0.000519,-0.001363,-6.000000,6.000000,0.000000,-6.000000,2.242e-21,2.242e-21,1.320e-19,1.320e-19,1.00000000
35.000000,0.000519,-0.001363,-6.000000,6.000000,0.000000,-6.000000,2.181e-21,2.181e-21,1.128e-19,1.128e-19,1.00000000
35.100000,0.000519,-0.001363,-6.000000,6.000000,0.000000,-6.000000,1.503e-21,1.503e-21,1.003e-19,1.003e-19,1.00000000
35.200000,0.000519,-0.001363,-6.000000,6.000000,0.000000,-6.000000,9.207e-22,9.207e-22,7.106e-20,7.106e-20,1.00000000
35.300000,0.000519,-0.001363,-6.000000,6.000000,0.000000,-6.000000,6.041e-22,6.040e-22,4.568e-20,4.568e-20,1.00000000
35.400000,0.000519,-0.001363,-6.000000,6.000000,0.000000,-6.000000,4.195e-22,4.195e-22,3.702e-20,3.702e-20,1.00000000
35.500000,0.000519,-0.001363,-6.000000,6.000000,-0.000000,-6.000000,2.900e-22,2.900e-22,2.871e-20,2.871e-20,1.00000000
35.600000,0.000519,-0.001363,-6.000000,6.000000,0.000000,-6.000000,2.394e-22,2.394e-22,2.568e-20,2.568e-20,1.00000000
35.700000,0.000519,-0.001363,-6.000000,6.000000,0.000000,-6.000000,2.416e-22,2.416e-22,5.300e-20,5.300e-20,1.00000000
35.800000,0.000519,-0.001363,-6.000000,6.000000,-0.000000,-6.000000,2.537e-22,2.537e-22,1.307e-19,1.307e-19,1.00000000
35.900000,0.000519,-0.001363,-6.000000,6.000000,-0.000000,-6.000000,2.664e-22,2.664e-22,1.498e-19,1.498e-19,1.00000000
36.000000,0.000519,-0.001363,-6.000000,6.000000,0.000000,-6.000000,3.230e-22,3.230e-22,1.192e-19,1.192e-19,1.00000000
36.100000,0.000519,-0.001363,-6.000000,6.000000,0.000000,-6.000000,4.759e-22,4.758e-22,1.543e-19,1.543e-19,1.00000000
36.200000,0.000519,-0.001363,-6.000000,6.000000,-0.000000,-6.000000,5.988e-22,5.988e-22,2.360e-19,2.360e-19,1.00000000
36.300000,0.000519,-0.001363,-6.000000,6.000000,-0.000000,-6.000000,5.302e-22,5.302e-22,1.560e-19,1.560e-19,1.00000000
36.400000,0.000519,-0.001363,-6.000000,6.000000,0.000000,-6.000000,3.781e-22,3.782e-22,1.146e-19,1.146e-19,1.00000000
36.500000,0.000519,-0.001363,-6.000000,6.000000,-0.000000,-6.000000,2.790e-22,2.790e-22,1.253e-19,1.253e-19,1.00000000
36.600000,0.000519,-0.001363,-6.000000,6.000000,0.000000,-6.000000,2.325e-22,2.325e-22,1.391e-19,1.391e-19,1.00000000
36.700000,0.000519,-0.001363,-6.000000,6.000000,-0.000000,-6.000000,2.037e-22,2.037e-22,1.253e-19,1.253e-19,1.00000000
36.800000,0.000519,-0.001363,-6.000000,6.000000,-0.000000,-6.000000,1.862e-22,1.862e-22,8.695e-20,8.695e-20,1.00000000
36.900000,0.000519,-0.001363,-6.000000,6.000000,-0.000000,-6.000000,1.763e-22,1.763e-22,5.431e-20,5.431e-20,1.00000000
37.000000,0.000519,-0.001363,-6.000000,6.000000,0.000000,-6.000000,1.617e-22,1.617e-22,3.789e-20,3.789e-20,1.00000000
37.100000,0.000519,-0.001363,-6.000000,6.000000,-0.000000,-6.000000,1.485e-22,1.485e-22,3.236e-20,3.236e-20,1.00000000
37.200000,0.000519,-0.001363,-6.000000,6.000000,-0.000000,-6.000000,1.375e-22,1.375e-22,4.451e-20,4.451e-20,1.00000000
37.300000,0.000519,-0.001363,-6.000000,6.000000,-0.000000,-6.000000,1.397e-22,1.397e-22,5.251e-20,5.251e-20,1.00000000
37.400000,0.000519,-0.001363,-6.000000,6.000000,-0.000000,-6.000000,1.457e-22,1.457e-22,9.001e-20,9.001e-20,1.00000000
37.500000,0.000519,-0.001363,-6.000000,6.000000,0.000000,-6.000000,1.539e-22,1.539e-22,1.032e-19,1.032e-19,1.00000000
37.600000,0.000519,-0.001363,-6.000000,6.000000,-0.000000,-6.000000,1.857e-22,1.857e-22,1.104e-19,1.104e-19,1.00000000
37.700000,0.000519,-0.001363,-6.000000,6.000000,0.000000,-6.000000,2.490e-22,2.490e-22,1.312e-19,1.312e-19,1.00000000
37.800000,0.000519,-0.001363,-6.000000,6.000000,-0.000000,-6.000000,3.050e-22,3.050e-22,2.137e-19,2.137e-19,1.00000000
37.900000,0.000519,-0.001363,-6.000000,6.000000,-0.000000,-6.000000,3.454e-22,3.454e-22,1.768e-19,1.768e-19,1.00000000
38.000000,0.000519,-0.001363,-6.000000,6.000000,-0.000000,-6.000000,5.245e-22,5.245e-22,1.342e-19,1.342e-19,1.00000000
38.100000,0.000519,-0.001363,-6.000000,6.000000,-0.000000,-6.000000,9.281e-22,9.281e-22,1.431e-19,1.431e-19,1.00000000
38.200000,0.000519,-0.001363,-6.000000,6.000000,-0.000000,-6.000000,1.219e-21,1.219e-21,1.507e-19,1.507e-19,1.00000000
38.300000,0.000519,-0.001363,-6.000000,6.000000,0.000000,-6.000000,1.144e-21,1.144e-21,1.361e-19,1.361e-19,1.00000000
38.400000,0.000519,-0.001363,-6.000000,6.000000,0.000000,-6.000000,9.446e-22,9.447e-22,9.900e-20,9.900e-20,1.00000000
38.500000,0.000519,-0.001363,-6.000000,6.000000,0.000000,-6.000000,7.566e-22,7.566e-22,6.892e-20,6.892e-20,1.00000000
38.600000,0.000519,-0.001363,-6.000000,6.000000,0.000000,-6.000000,6.089e-22,6.089e-22,5.159e-20,5.159e-20,1.00000000
38.700000,0.000519,-0.001363,-6.000000,6.000000,-0.000000,-6.000000,4.526e-22,4.526e-22,3.949e-20,3.949e-20,1.00000000
38.800000,0.000519,-0.001363,-6.000000,6.000000,0.000000,-6.000000,3.048e-22,3.048e-22,4.850e-20,4.850e-20,1.00000000
38.900000,0.000519,-0.001363,-6.000000,6.000000,0.000000,-6.000000,2.240e-22,2.240e-22,5.284e-20,5.284e-20,1.00000000
39.000000,0.000519,-0.001363,-6.000000,6.000000,-0.000000,-6.000000,1.967e-22,1.967e-22,1.026e-19,1.026e-19,1.00000000
39.100000,0.000519,-0.001363,-6.000000,6.000000,0.000000,-6.000000,1.918e-22,1.918e-22,1.287e-19,1.287e-19,1.00000000
39.200000,0.000519,-0.001363,-6.000000,6.000000,0.000000,-6.000000,2.223e-22,2.223e-22,1.213e-19,1.213e-19,1.00000000
39.300000,0.000519,-0.001363,-6.000000,6.000000,-0.000000,-6.000000,2.951e-22,2.951e-22,9.352e-20,9.352e-20,1.00000000
39.400000,0.000519,-0.001363,-6.000000,6.000000,0.000000,-6.000000,3.360e-22,3.360e-22,1.240e-19,1.240e-19,1.00000000
39.500000,0.000519,-0.001363,-6.000000,6.000000,-0.000000,-6.000000,2.995e-22,2.995e-22,1.529e-19,1.529e-19,1.00000000
39.600000,0.000519,-0.001363,-6.000000,6.000000,0.000000,-6.000000,2.471e-22,2.470e-22,1.205e-19,1.205e-19,1.00000000
39.700000,0.000519,-0.001363,-6.000000,6.000000,0.000000,-6.000000,2.120e-22,2.120e-22,1.347e-19,1.347e-19,1.00000000
39.800000,0.000519,-0.001363,-6.000000,6.000000,0.000000,-6.000000,1.819e-22,1.819e-22,1.490e-19,1.490e-19,1.00000000
39.900000,0.000519,-0.001363,-6.000000,6.000000,0.000000,-6.000000,1.594e-22,1.594e-22,1.459e-19,1.459e-19,1.00000000
40.000000,0.000519,-0.001363,-6.000000,6.000000,-0.000000,-6.000000,1.466e-22,1.466e-22,1.369e-19,1.369e-19,1.00000000
40.100000,0.000519,-0.001363,-6.000000,6.000000,0.000000,-6.000000,1.464e-22,1.464e-22,1.067e-19,1.067e-19,1.00000000
40.200000,0.000519,-0.001363,-6.000000,6.000000,0.000000,-6.000000,1.497e-22,1.497e-22,8.062e-20,8.062e-20,1.00000000
40.300000,0.000519,-0.001363,-6.000000,6.000000,-0.000000,-6.000000,1.489e-22,1.489e-22,5.983e-20,5.983e-20,1.00000000
40.400000,0.000519,-0.001363,-6.000000,6.000000,0.000000,-6.000000,1.424e-22,1.424e-22,5.230e-20,5.230e-20,1.00000000
40.500000,0.000519,-0.001363,-6.000000,6.000000,0.000000,-6.000000,1.427e-22,1.427e-22,5.935e-20,5.935e-20,1.00000000
40.600000,0.000519,-0.001363,-6.000000,6.000000,0.000000,-6.000000,1.470e-22,1.470e-22,9.662e-20,9.662e-20,1.00000000
40.700000,0.000519,-0.001363,-6.000000,6.000000,-0.000000,-6.000000,1.475e-22,1.475e-22,9.817e-20,9.817e-20,1.00000000
40.800000,0.000519,-0.001363,-6.000000,6.000000,0.000000,-6.000000,1.768e-22,1.768e-22,8.968e-20,8.968e-20,1.00000000
40.900000,0.000519,-0.001363,-6.000000,6.000000,0.000000,-6.000000,2.715e-22,2.715e-22,8.219e-20,8.219e-20,1.00000000
41.000000,0.000519,-0.001363,-6.000000,6.000000,-0.000000,-6.000000,4.052e-22,4.052e-22,8.451e-20,8.451e-20,1.00000000
41.100000,0.000519,-0.001363,-6.000000,6.000000,0.000000,-6.000000,4.986e-22,4.986e-22,1.572e-19,1.572e-19,1.00000000
41.200000,0.000519,-0.001363,-6.000000,6.000000,0.000000,-6.000000,5.035e-22,5.035e-22,1.481e-19,1.481e-19,1.00000000
41.300000,0.000519,-0.001363,-6.000000,6.000000,0.000000,-6.000000,4.788e-22,4.788e-22,1.450e-19,1.450e-19,1.00000000
41.400000,0.000519,-0.001363,-6.000000,6.000000,0.000000,-6.000000,5.457e-22,5.457e-22,1.428e-19,1.428e-19,1.00000000
41.500000,0.000519,-0.001363,-6.000000,6.000000,-0.000000,-6.000000,6.059e-22,6.059e-22,1.510e-19,1.510e-19,1.00000000
41.600000,0.000519,-0.001363,-6.000000,6.000000,0.000000,-6.000000,6.150e-22,6.151e-22,1.358e-19,1.358e-19,1.00000000
41.700000,0.000519,-0.001363,-6.000000,6.000000,0.000000,-6.000000,5.761e-22,5.762e-22,1.104e-19,1.104e-19,1.00000000
41.800000,0.000519,-0.001363,-6.000000,6.000000,-0.000000,-6.000000,4.995e-22,4.995e-22,9.463e-20,9.463e-20,1.00000000
41.900000,0.000519,-0.001363,-6.000000,6.000000,-0.000000,-6.000000,4.094e-22,4.094e-22,8.157e-20,8.157e-20,1.00000000
42.000000,0.000519,-0.001363,-6.000000,6.000000,0.000000,-6.000000,3.008e-22,3.008e-22,8.471e-20,8.471e-20,1.00000000
42.100000,0.000519,-0.001363,-6.000000,6.000000,-0.000000,-6.000000,2.109e-22,2.109e-22,8.429e-20,8.429e-20,1.00000000
42.200000,0.000519,-0.001363,-6.000000,6.000000,0.000000,-6.000000,1.627e-22,1.627e-22,8.228e-20,8.228e-20,1.00000000
42.300000,0.000519,-0.001363,-6.000000,6.000000,-0.000000,-6.000000,1.427e-22,1.427e-22,9.885e-20,9.885e-20,1.00000000
42.400000,0.000519,-0.001363,-6.000000,6.000000,-0.000000,-6.000000,1.656e-22,1.656e-22,7.328e-20,7.328e-20,1.00000000
42.500000,0.000519,-0.001363,-6.000000,6.000000,-0.000000,-6.000000,2.245e-22,2.245e-22,7.177e-20,7.177e-20,1.00000000
42.600000,0.000519,-0.001363,-6.000000,6.000000,0.000000,-6.000000,2.461e-22,2.461e-22,5.539e-20,5.539e-20,1.00000000
42.700000,0.000519,-0.001363,-6.000000,6.000000,-0.000000,-6.000000,2.188e-22,2.188e-22,9.267e-20,9.267e-20,1.00000000
42.800000,0.000519,-0.001363,-6.000000,6.000000,0.000000,-6.000000,2.018e-22,2.018e-22,1.156e-19,1.156e-19,1.00000000
42.900000,0.000519,-0.001363,-6.000000,6.000000,0.000000,-6.000000,1.732e-22,1.732e-22,1.371e-19,1.371e-19,1.00000000
43.000000,0.000519,-0.001363,-6.000000,6.000000,0.000000,-6.000000,1.435e-22,1.435e-22,1.418e-19,1.418e-19,1.00000000
43.100000,0.000519,-0.001363,-6.000000,6.000000,-0.000000,-6.000000,1.259e-22,1.259e-22,1.372e-19,1.372e-19,1.00000000
43.200000,0.000519,-0.001363,-6.000000,6.000000,-0.000000,-6.000000,1.386e-22,1.386e-22,1.307e-19,1.307e-19,1.00000000
43.300000,0.000519,-0.001363,-6.000000,6.000000,0.000000,-6.000000,1.442e-22,1.441e-22,1.293e-19,1.293e-19,1.00000000
43.400000,0.000519,-0.001363,-6.000000,6.000000,0.000000,-6.000000,1.365e-22,1.365e-22,1.451e-19,1.451e-19,1.00000000
43.500000,0.000519,-0.001363,-6.000000,6.000000,0.000000,-6.000000,1.369e-22,1.369e-22,1.222e-19,1.222e-19,1.00000000
43.600000,0.000519,-0.001363,-6.000000,6.000000,-0.000000,-6.000000,1.375e-22,1.375e-22,8.527e-20,8.527e-20,1.00000000
43.700000,0.000519,-0.001363,-6.000000,6.000000,-0.000000,-6.000000,1.469e-22,1.468e-22,1.055e-19,1.055e-19,1.00000000
43.800000,0.000519,-0.001363,-6.000000,6.000000,0.000000,-6.000000,1.732e-22,1.732e-22,9.751e-20,9.751e-20,1.00000000
43.900000,0.000519,-0.001363,-6.000000,6.000000,-0.000000,-6.000000,2.095e-22,2.095e-22,8.213e-20,8.213e-20,1.00000000
44.000000,0.000519,-0.001363,-6.000000,6.000000,0.000000,-6.000000,2.399e-22,2.399e-22,7.123e-20,7.123e-20,1.00000000
44.100000,0.000519,-0.001363,-6.000000,6.000000,-0.000000,-6.000000,3.004e-22,3.004e-22,8.374e-20,8.374e-20,1.00000000
44.200000,0.000519,-0.001363,-6.000000,6.000000,0.000000,-6.000000,4.140e-22,4.140e-22,6.894e-20,6.894e-20,1.00000000
44.300000,0.000519,-0.001363,-6.000000,6.000000,-0.000000,-6.000000,5.387e-22,5.387e-22,6.733e-20,6.733e-20,1.00000000
44.400000,0.000519,-0.001363,-6.000000,6.000000,-0.000000,-6.000000,5.998e-22,5.998e-22,1.058e-19,1.058e-19,1.00000000
44.500000,0.000519,-0.001363,-6.000000,6.000000,0.000000,-6.000000,5.301e-22,5.301e-22,1.486e-19,1.486e-19,1.00000000
44.600000,0.000519,-0.001363,-6.000000,6.000000,-0.000000,-6.000000,4.079e-22,4.080e-22,1.398e-19,1.398e-19,1.00000000
44.700000,0.000519,-0.001363,-6.000000,6.000000,-0.000000,-6.000000,3.543e-22,3.543e-22,1.182e-19,1.182e-19,1.00000000
44.800000,0.000519,-0.001363,-6.000000,6.000000,0.000000,-6.000000,3.603e-22,3.603e-22,1.160e-19,1.160e-19,1.00000000
44.900000,0.000519,-0.001363,-6.000000,6.000000,-0.000000,-6.000000,3.614e-22,3.614e-22,1.261e-19,1.261e-19,1.00000000
45.000000,0.000519,-0.001363,-6.000000,6.000000,-0.000000,-6.000000,3.283e-22,3.283e-22,1.641e-19,1.641e-19,1.00000000
45.100000,0.000519,-0.001363,-6.000000,6.000000,0.000000,-6.000000,2.814e-22,2.814e-22,1.533e-19,1.533e-19,1.00000000
45.200000,0.000519,-0.001363,-6.000000,6.000000,0.000000,-6.000000,2.249e-22,2.249e-22,1.020e-19,1.020e-19,1.00000000
45.300000,0.000519,-0.001363,-6.000000,6.000000,-0.000000,-6.000000,1.623e-22,1.623e-22,1.217e-19,1.217e-19,1.00000000
45.400000,0.000519,-0.001363,-6.000000,6.000000,-0.000000,-6.000000,1.199e-22,1.199e-22,1.177e-19,1.177e-19,1.00000000
45.500000,0.000519,-0.001363,-6.000000,6.000000,0.000000,-6.000000,1.100e-22,1.100e-22,7.214e-20,7.214e-20,1.00000000
45.600000,0.000519,-0.001363,-6.000000,6.000000,0.000000,-6.000000,1.276e-22,1.276e-22,5.894e-20,5.894e-20,1.00000000
45.700000,0.000519,-0.001363,-6.000000,6.000000,0.000000,-6.000000,1.890e-22,1.890e-22,7.365e-20,7.365e-20,1.00000000
45.800000,0.000519,-0.001363,-6.000000,6.000000,-0.000000,-6.000000,2.209e-22,2.209e-22,7.168e-20,7.168e-20,1.00000000
45.900000,0.000519,-0.001363,-6.000000,6.000000,-0.000000,-6.000000,2.050e-22,2.050e-22,3.629e-20,3.629e-20,1.00000000
46.000000,0.000519,-0.001363,-6.000000,6.000000,0.000000,-6.000000,1.722e-22,1.722e-22,7.331e-20,7.331e-20,1.00000000
46.100000,0.000519,-0.001363,-6.000000,6.000000,-0.000000,-6.000000,1.440e-22,1.440e-22,1.189e-19,1.189e-19,1.00000000
46.200000,0.000519,-0.001363,-6.000000,6.000000,0.000000,-6.000000,1.275e-22,1.275e-22,1.201e-19,1.201e-19,1.00000000
46.300000,0.000519,-0.001363,-6.000000,6.000000,-0.000000,-6.000000,1.315e-22,1.315e-22,1.179e-19,1.179e-19,1.00000000
46.400000,0.000519,-0.001363,-6.000000,6.000000,0.000000,-6.000000,1.395e-22,1.395e-22,1.294e-19,1.294e-19,1.00000000
46.500000,0.000519,-0.001363,-6.000000,6.000000,-0.000000,-6.000000,1.542e-22,1.542e-22,1.458e-19,1.458e-19,1.00000000
46.600000,0.000519,-0.001363,-6.000000,6.000000,0.000000,-6.000000,1.660e-22,1.660e-22,1.555e-19,1.555e-19,1.00000000
46.700000,0.000519,-0.001363,-6.000000,6.000000,-0.000000,-6.000000,1.595e-22,1.595e-22,1.564e-19,1.564e-19,1.00000000
46.800000,0.000519,-0.001363,-6.000000,6.000000,0.000000,-6.000000,1.661e-22,1.661e-22,1.055e-19,1.055e-19,1.00000000
46.900000,0.000519,-0.001363,-6.000000,6.000000,-0.000000,-6.000000,2.011e-22,2.011e-22,1.306e-19,1.306e-19,1.00000000
47.000000,0.000519,-0.001363,-6.000000,6.000000,0.000000,-6.000000,2.619e-22,2.619e-22,1.756e-19,1.756e-19,1.00000000
47.100000,0.000519,-0.001363,-6.000000,6.000000,-0.000000,-6.000000,3.271e-22,3.271e-22,1.068e-19,1.068e-19,1.00000000
47.200000,0.000519,-0.001363,-6.000000,6.000000,0.000000,-6.000000,3.531e-22,3.531e-22,6.098e-20,6.098e-20,1.00000000
47.300000,0.000519,-0.001363,-6.000000,6.000000,0.000000,-6.000000,3.256e-22,3.256e-22,6.025e-20,6.025e-20,1.00000000
47.400000,0.000519,-0.001363,-6.000000,6.000000,-0.000000,-6.000000,3.056e-22,3.056e-22,7.299e-20,7.299e-20,1.00000000
47.500000,0.000519,-0.001363,-6.000000,6.000000,0.000000,-6.000000,3.274e-22,3.274e-22,4.435e-20,4.435e-20,1.00000000
47.600000,0.000519,-0.001363,-6.000000,6.000000,-0.000000,-6.000000,3.568e-22,3.568e-22,6.067e-20,6.067e-20,1.00000000
47.700000,0.000519,-0.001363,-6.000000,6.000000,0.000000,-6.000000,3.644e-22,3.645e-22,9.477e-20,9.477e-20,1.00000000
47.800000,0.000519,-0.001363,-6.000000,6.000000,0.000000,-6.000000,3.311e-22,3.311e-22,1.034e-19,1.034e-19,1.00000000
47.900000,0.000519,-0.001363,-6.000000,6.000000,0.000000,-6.000000,2.859e-22,2.859e-22,1.114e-19,1.114e-19,1.00000000
48.000000,0.000519,-0.001363,-6.000000,6.000000,-0.000000,-6.000000,2.589e-22,2.589e-22,1.218e-19,1.218e-19,1.00000000
48.100000,0.000519,-0.001363,-6.000000,6.000000,0.000000,-6.000000,2.296e-22,2.296e-22,1.144e-19,1.144e-19,1.00000000
48.200000,0.000519,-0.001363,-6.000000,6.000000,0.000000,-6.000000,2.120e-22,2.120e-22,1.360e-19,1.360e-19,1.00000000
48.300000,0.000519,-0.001363,-6.000000,6.000000,0.000000,-6.000000,1.955e-22,1.955e-22,1.742e-19,1.742e-19,1.00000000
48.400000,0.000519,-0.001363,-6.000000,6.000000,-0.000000,-6.000000,1.698e-22,1.698e-22,1.375e-19,1.375e-19,1.00000000
48.500000,0.000519,-0.001363,-6.000000,6.000000,0.000000,-6.000000,1.299e-22,1.299e-22,1.158e-19,1.158e-19,1.00000000
48.600000,0.000519,-0.001363,-6.000000,6.000000,0.000000,-6.000000,9.486e-23,9.486e-23,2.153e-19,2.153e-19,1.00000000
48.700000,0.000519,-0.001363,-6.000000,6.000000,0.000000,-6.000000,7.378e-23,7.378e-23,1.536e-19,1.536e-19,1.00000000
48.800000,0.000519,-0.001363,-6.000000,6.000000,-0.000000,-6.000000,9.451e-23,9.451e-23,6.194e-20,6.194e-20,1.00000000
48.900000,0.000519,-0.001363,-6.000000,6.000000,0.000000,-6.000000,1.409e-22,1.409e-22,5.287e-20,5.287e-20,1.00000000
49.000000,0.000519,-0.001363,-6.000000,6.000000,-0.000000,-6.000000,1.744e-22,1.744e-22,1.005e-19,1.005e-19,1.00000000
49.100000,0.000519,-0.001363,-6.000000,6.000000,-0.000000,-6.000000,1.860e-22,1.860e-22,6.936e-20,6.936e-20,1.00000000
49.200000,0.000519,-0.001363,-6.000000,6.000000,-0.000000,-6.000000,1.753e-22,1.753e-22,3.622e-20,3.622e-20,1.00000000
49.300000,0.000519,-0.001363,-6.000000,6.000000,-0.000000,-6.000000,1.515e-22,1.515e-22,5.974e-20,5.974e-20,1.00000000
49.400000,0.000519,-0.001363,-6.000000,6.000000,0.000000,-6.000000,1.370e-22,1.369e-22,8.958e-20,8.958e-20,1.00000000
49.500000,0.000519,-0.001363,-6.000000,6.000000,0.000000,-6.000000,1.407e-22,1.407e-22,1.142e-19,1.142e-19,1.00000000
49.600000,0.000519,-0.001363,-6.000000,6.000000,-0.000000,-6.000000,1.634e-22,1.634e-22,1.203e-19,1.203e-19,1.00000000
49.700000,0.000519,-0.001363,-6.000000,6.000000,0.000000,-6.000000,1.770e-22,1.770e-22,1.135e-19,1.135e-19,1.00000000
49.800000,0.000519,-0.001363,-6.000000,6.000000,-0.000000,-6.000000,1.732e-22,1.732e-22,1.297e-19,1.297e-19,1.00000000
49.900000,0.000519,-0.001363,-6.000000,6.000000,0.000000,-6.000000,1.908e-22,1.908e-22,1.692e-19,1.692e-19,1.00000000
50.000000,0.000519,-0.001363,-6.000000,6.000000,0.000000,-6.000000,2.269e-22,2.269e-22,1.322e-19,1.322e-19,1.00000000
50.100000,0.000519,-0.001363,-6.000000,6.000000,0.000000,-6.000000,2.829e-22,2.828e-22,1.021e-19,1.021e-19,1.00000000
50.200000,0.000519,-0.001363,-6.000000,6.000000,-0.000000,-6.000000,3.448e-22,3.448e-22,2.280e-19,2.280e-19,1.00000000
50.300000,0.000519,-0.001363,-6.000000,6.000000,-0.000000,-6.000000,3.708e-22,3.708e-22,2.156e-19,2.156e-19,1.00000000
50.400000,0.000519,-0.001363,-6.000000,6.000000,0.000000,-6.000000,3.621e-22,3.620e-22,9.581e-20,9.581e-20,1.00000000
50.500000,0.000519,-0.001363,-6.000000,6.000000,-0.000000,-6.000000,3.301e-22,3.301e-22,5.379e-20,5.379e-20,1.00000000
50.600000,0.000519,-0.001363,-6.000000,6.000000,-0.000000,-6.000000,2.665e-22,2.665e-22,7.759e-20,7.759e-20,1.00000000
50.700000,0.000519,-0.001363,-6.000000,6.000000,-0.000000,-6.000000,2.253e-22,2.253e-22,6.753e-20,6.753e-20,1.00000000
50.800000,0.000519,-0.001363,-6.000000,6.000000,0.000000,-6.000000,2.081e-22,2.081e-22,2.882e-20,2.882e-20,1.00000000
50.900000,0.000519,-0.001363,-6.000000,6.000000,0.000000,-6.000000,1.938e-22,1.938e-22,4.039e-20,4.039e-20,1.00000000
51.000000,0.000519,-0.001363,-6.000000,6.000000,-0.000000,-6.000000,1.989e-22,1.989e-22,6.529e-20,6.529e-20,1.00000000
51.100000,0.000519,-0.001363,-6.000000,6.000000,0.000000,-6.000000,2.125e-22,2.125e-22,7.634e-20,7.634e-20,1.00000000
51.200000,0.000519,-0.001363,-6.000000,6.000000,-0.000000,-6.000000,2.051e-22,2.051e-22,9.357e-20,9.357e-20,1.00000000
51.300000,0.000519,-0.001363,-6.000000,6.000000,0.000000,-6.000000,1.710e-22,1.710e-22,1.085e-19,1.085e-19,1.00000000
51.400000,0.000519,-0.001363,-6.000000,6.000000,0.000000,-6.000000,1.376e-22,1.376e-22,1.202e-19,1.202e-19,1.00000000
51.500000,0.000519,-0.001363,-6.000000,6.000000,-0.000000,-6.000000,1.197e-22,1.197e-22,1.552e-19,1.552e-19,1.00000000
51.600000,0.000519,-0.001363,-6.000000,6.000000,-0.000000,-6.000000,1.128e-22,1.128e-22,1.366e-19,1.366e-19,1.00000000
51.700000,0.000519,-0.001363,-6.000000,6.000000,-0.000000,-6.000000,9.479e-23,9.479e-23,9.369e-20,9.369e-20,1.00000000
51.800000,0.000519,-0.001363,-6.000000,6.000000,0.000000,-6.000000,7.457e-23,7.456e-23,2.338e-19,2.338e-19,1.00000000
51.900000,0.000519,-0.001363,-6.000000,6.000000,0.000000,-6.000000,6.833e-23,6.833e-23,3.023e-19,3.023e-19,1.00000000
52.000000,0.000519,-0.001363,-6.000000,6.000000,-0.000000,-6.000000,8.185e-23,8.185e-23,1.519e-19,1.519e-19,1.00000000
52.100000,0.000519,-0.001363,-6.000000,6.000000,-0.000000,-6.000000,1.054e-22,1.054e-22,7.437e-20,7.437e-20,1.00000000
52.200000,0.000519,-0.001363,-6.000000,6.000000,-0.000000,-6.000000,1.263e-22,1.263e-22,7.416e-20,7.416e-20,1.00000000
52.300000,0.000519,-0.001363,-6.000000,6.000000,-0.000000,-6.000000,1.478e-22,1.477e-22,8.325e-20,8.325e-20,1.00000000
52.400000,0.000519,-0.001363,-6.000000,6.000000,0.000000,-6.000000,1.512e-22,1.512e-22,3.576e-20,3.576e-20,1.00000000
52.500000,0.000519,-0.001363,-6.000000,6.000000,-0.000000,-6.000000,1.378e-22,1.377e-22,3.017e-20,3.017e-20,1.00000000
52.600000,0.000519,-0.001363,-6.000000,6.000000,-0.000000,-6.000000,1.245e-22,1.245e-22,5.255e-20,5.255e-20,1.00000000
52.700000,0.000519,-0.001363,-6.000000,6.000000,-0.000000,-6.000000,1.446e-22,1.446e-22,6.740e-20,6.740e-20,1.00000000
52.800000,0.000519,-0.001363,-6.000000,6.000000,0.000000,-6.000000,2.031e-22,2.031e-22,9.383e-20,9.383e-20,1.00000000
52.900000,0.000519,-0.001363,-6.000000,6.000000,-0.000000,-6.000000,2.282e-22,2.282e-22,1.237e-19,1.237e-19,1.00000000
53.000000,0.000519,-0.001363,-6.000000,6.000000,-0.000000,-6.000000,2.171e-22,2.171e-22,1.146e-19,1.146e-19,1.00000000
53.100000,0.000519,-0.001363,-6.000000,6.000000,0.000000,-6.000000,2.240e-22,2.240e-22,1.275e-19,1.275e-19,1.00000000
53.200000,0.000519,-0.001363,-6.000000,6.000000,0.000000,-6.000000,2.372e-22,2.372e-22,1.551e-19,1.551e-19,1.00000000
53.300000,0.000519,-0.001363,-6.000000,6.000000,0.000000,-6.000000,2.526e-22,2.526e-22,1.064e-19,1.064e-19,1.00000000
53.400000,0.000519,-0.001363,-6.000000,6.000000,-0.000000,-6.000000,2.797e-22,2.797e-22,1.559e-19,1.559e-19,1.00000000
53.500000,0.000519,-0.001363,-6.000000,6.000000,0.000000,-6.000000,2.941e-22,2.940e-22,3.157e-19,3.157e-19,1.00000000
53.600000,0.000519,-0.001363,-6.000000,6.000000,0.000000,-6.000000,2.715e-22,2.715e-22,2.046e-19,2.046e-19,1.00000000
53.700000,0.000519,-0.001363,-6.000000,6.000000,0.000000,-6.000000,2.427e-22,2.427e-22,8.029e-20,8.029e-20,1.00000000
53.800000,0.000519,-0.001363,-6.000000,6.000000,0.000000,-6.000000,2.361e-22,2.360e-22,5.924e-20,5.924e-20,1.00000000
53.900000,0.000519,-0.001363,-6.000000,6.000000,0.000000,-6.000000,2.390e-22,2.390e-22,7.966e-20,7.966e-20,1.00000000
54.000000,0.000519,-0.001363,-6.000000,6.000000,0.000000,-6.000000,2.334e-22,2.334e-22,4.197e-20,4.197e-20,1.00000000
54.100000,0.000519,-0.001363,-6.000000,6.000000,-0.000000,-6.000000,2.102e-22,2.102e-22,3.135e-20,3.135e-20,1.00000000
54.200000,0.000519,-0.001363,-6.000000,6.000000,0.000000,-6.000000,1.777e-22,1.777e-22,4.322e-20,4.322e-20,1.00000000
54.300000,0.000519,-0.001363,-6.000000,6.000000,-0.000000,-6.000000,1.607e-22,1.607e-22,5.152e-20,5.152e-20,1.00000000
54.400000,0.000519,-0.001363,-6.000000,6.000000,0.000000,-6.000000,1.564e-22,1.564e-22,7.641e-20,7.641e-20,1.00000000
54.500000,0.000519,-0.001363,-6.000000,6.000000,0.000000,-6.000000,1.393e-22,1.393e-22,9.216e-20,9.216e-20,1.00000000
54.600000,0.000519,-0.001363,-6.000000,6.000000,0.000000,-6.000000,1.214e-22,1.214e-22,7.930e-20,7.930e-20,1.00000000
54.700000,0.000519,-0.001363,-6.000000,6.000000,-0.000000,-6.000000,9.624e-23,9.624e-23,1.104e-19,1.104e-19,1.00000000
54.800000,0.000519,-0.001363,-6.000000,6.000000,0.000000,-6.000000,7.427e-23,7.427e-23,1.535e-19,1.535e-19,1.00000000
54.900000,0.000519,-0.001363,-6.000000,6.000000,-0.000000,-6.000000,6.367e-23,6.367e-23,1.153e-19,1.153e-19,1.00000000
55.000000,0.000519,-0.001363,-6.000000,6.000000,0.000000,-6.000000,6.570e-23,6.570e-23,1.101e-19,1.101e-19,1.00000000
55.100000,0.000519,-0.001363,-6.000000,6.000000,0.000000,-6.000000,8.357e-23,8.356e-23,3.259e-19,3.259e-19,1.00000000
55.200000,0.000519,-0.001363,-6.000000,6.000000,-0.000000,-6.000000,1.067e-22,1.067e-22,3.095e-19,3.095e-19,1.00000000
55.300000,0.000519,-0.001363,-6.000000,6.000000,-0.000000,-6.000000,1.394e-22,1.394e-22,1.400e-19,1.400e-19,1.00000000
55.400000,0.000519,-0.001363,-6.000000,6.000000,0.000000,-6.000000,1.680e-22,1.680e-22,6.147e-20,6.147e-20,1.00000000
55.500000,0.000519,-0.001363,-6.000000,6.000000,-0.000000,-6.000000,1.886e-22,1.886e-22,8.510e-20,8.510e-20,1.00000000
55.600000,0.000519,-0.001363,-6.000000,6.000000,0.000000,-6.000000,1.730e-22,1.730e-22,4.996e-20,4.996e-20,1.00000000
55.700000,0.000519,-0.001363,-6.000000,6.000000,-0.000000,-6.000000,1.397e-22,1.397e-22,3.569e-20,3.569e-20,1.00000000
55.800000,0.000519,-0.001363,-6.000000,6.000000,-0.000000,-6.000000,1.478e-22,1.478e-22,4.609e-20,4.609e-20,1.00000000
55.900000,0.000519,-0.001363,-6.000000,6.000000,0.000000,-6.000000,2.443e-22,2.443e-22,5.350e-20,5.350e-20,1.00000000
56.000000,0.000519,-0.001363,-6.000000,6.000000,0.000000,-6.000000,3.432e-22,3.432e-22,5.732e-20,5.732e-20,1.00000000
56.100000,0.000519,-0.001363,-6.000000,6.000000,-0.000000,-6.000000,3.482e-22,3.482e-22,6.294e-20,6.294e-20,1.00000000
56.200000,0.000519,-0.001363,-6.000000,6.000000,0.000000,-6.000000,2.906e-22,2.906e-22,8.029e-20,8.029e-20,1.00000000
56.300000,0.000519,-0.001363,-6.000000,6.000000,0.000000,-6.000000,2.289e-22,2.289e-22,1.217e-19,1.217e-19,1.00000000
56.400000,0.000519,-0.001363,-6.000000,6.000000,0.000000,-6.000000,1.816e-22,1.815e-22,1.509e-19,1.509e-19,1.00000000
56.500000,0.000519,-0.001363,-6.000000,6.000000,-0.000000,-6.000000,1.508e-22,1.508e-22,1.385e-19,1.385e-19,1.00000000
56.600000,0.000519,-0.001363,-6.000000,6.000000,0.000000,-6.000000,1.474e-22,1.474e-22,7.950e-20,7.950e-20,1.00000000
56.700000,0.000519,-0.001363,-6.000000,6.000000,-0.000000,-6.000000,1.768e-22,1.768e-22,2.292e-19,2.292e-19,1.00000000
56.800000,0.000519,-0.001363,-6.000000,6.000000,-0.000000,-6.000000,1.951e-22,1.951e-22,3.118e-19,3.118e-19,1.00000000
56.900000,0.000519,-0.001363,-6.000000,6.000000,0.000000,-6.000000,1.747e-22,1.747e-22,2.003e-19,2.003e-19,1.00000000
57.000000,0.000519,-0.001363,-6.000000,6.000000,0.000000,-6.000000,1.525e-22,1.525e-22,8.614e-20,8.614e-20,1.00000000
57.100000,0.000519,-0.001363,-6.000000,6.000000,-0.000000,-6.000000,1.592e-22,1.592e-22,1.034e-19,1.034e-19,1.00000000
57.200000,0.000519,-0.001363,-6.000000,6.000000,-0.000000,-6.000000,1.689e-22,1.689e-22,6.330e-20,6.330e-20,1.00000000
57.300000,0.000519,-0.001363,-6.000000,6.000000,0.000000,-6.000000,1.563e-22,1.563e-22,4.856e-20,4.856e-20,1.00000000
57.400000,0.000519,-0.001363,-6.000000,6.000000,-0.000000,-6.000000,1.361e-22,1.361e-22,5.009e-20,5.009e-20,1.00000000
57.500000,0.000519,-0.001363,-6.000000,6.000000,-0.000000,-6.000000,1.179e-22,1.179e-22,3.791e-20,3.791e-20,1.00000000
57.600000,0.000519,-0.001363,-6.000000,6.000000,-0.000000,-6.000000,1.068e-22,1.068e-22,3.666e-20,3.666e-20,1.00000000
57.700000,0.000519,-0.001363,-6.000000,6.000000,-0.000000,-6.000000,9.967e-23,9.967e-23,4.705e-20,4.705e-20,1.00000000
57.800000,0.000519,-0.001363,-6.000000,6.000000,-0.000000,-6.000000,9.275e-23,9.275e-23,6.091e-20,6.091e-20,1.00000000
57.900000,0.000519,-0.001363,-6.000000,6.000000,0.000000,-6.000000,8.741e-23,8.741e-23,1.017e-19,1.017e-19,1.00000000
58.000000,0.000519,-0.001363,-6.000000,6.000000,-0.000000,-6.000000,8.249e-23,8.249e-23,1.325e-19,1.325e-19,1.00000000
58.100000,0.000519,-0.001363,-6.000000,6.000000,0.000000,-6.000000,8.389e-23,8.389e-23,1.351e-19,1.351e-19,1.00000000
58.200000,0.000519,-0.001363,-6.000000,6.000000,0.000000,-6.000000,9.785e-23,9.785e-23,8.670e-20,8.670e-20,1.00000000
58.300000,0.000519,-0.001363,-6.000000,6.000000,-0.000000,-6.000000,1.219e-22,1.219e-22,1.559e-19,1.559e-19,1.00000000
58.400000,0.000519,-0.001363,-6.000000,6.000000,-0.000000,-6.000000,1.513e-22,1.513e-22,3.077e-19,3.077e-19,1.00000000
58.500000,0.000519,-0.001363,-6.000000,6.000000,0.000000,-6.000000,1.835e-22,1.835e-22,2.779e-19,2.779e-19,1.00000000
58.600000,0.000519,-0.001363,-6.000000,6.000000,0.000000,-6.000000,2.005e-22,2.005e-22,1.365e-19,1.365e-19,1.00000000
58.700000,0.000519,-0.001363,-6.000000,6.000000,-0.000000,-6.000000,1.987e-22,1.987e-22,1.038e-19,1.038e-19,1.00000000
58.800000,0.000519,-0.001363,-6.000000,6.000000,0.000000,-6.000000,1.848e-22,1.848e-22,6.940e-20,6.940e-20,1.00000000
58.900000,0.000519,-0.001363,-6.000000,6.000000,-0.000000,-6.000000,1.693e-22,1.693e-22,4.299e-20,4.299e-20,1.00000000
59.000000,0.000519,-0.001363,-6.000000,6.000000,-0.000000,-6.000000,1.963e-22,1.963e-22,3.753e-20,3.753e-20,1.00000000
59.100000,0.000519,-0.001363,-6.000000,6.000000,-0.000000,-6.000000,2.616e-22,2.616e-22,3.816e-20,3.816e-20,1.00000000
59.200000,0.000519,-0.001363,-6.000000,6.000000,0.000000,-6.000000,3.687e-22,3.687e-22,3.861e-20,3.861e-20,1.00000000
59.300000,0.000519,-0.001363,-6.000000,6.000000,0.000000,-6.000000,4.457e-22,4.457e-22,4.166e-20,4.166e-20,1.00000000
59.400000,0.000519,-0.001363,-6.000000,6.000000,-0.000000,-6.000000,3.789e-22,3.789e-22,5.680e-20,5.680e-20,1.00000000
59.500000,0.000519,-0.001363,-6.000000,6.000000,0.000000,-6.000000,2.434e-22,2.434e-22,9.252e-20,9.252e-20,1.00000000
59.600000,0.000519,-0.001363,-6.000000,6.000000,-0.000000,-6.000000,1.557e-22,1.557e-22,1.225e-19,1.225e-19,1.00000000
59.700000,0.000519,-0.001363,-6.000000,6.000000,-0.000000,-6.000000,1.246e-22,1.246e-22,1.485e-19,1.485e-19,1.00000000
59.800000,0.000519,-0.001363,-6.000000,6.000000,-0.000000,-6.000000,1.280e-22,1.280e-22,1.200e-19,1.200e-19,1.00000000
59.900000,0.000519,-0.001363,-6.000000,6.000000,0.000000,-6.000000,1.450e-22,1.450e-22,7.349e-20,7.349e-20,1.00000000
60.000000,0.000519,-0.001363,-6.000000,6.000000,-0.000000,-6.000000,1.734e-22,1.734e-22,2.586e-19,2.586e-19,1.00000000
60.100000,0.000519,-0.001363,-6.000000,6.000000,0.000000,-6.000000,1.837e-22,1.837e-22,3.245e-19,3.245e-19,1.00000000
60.200000,0.000519,-0.001363,-6.000000,6.000000,0.000000,-6.000000,1.645e-22,1.645e-22,1.749e-19,1.749e-19,1.00000000
60.300000,0.000519,-0.001363,-6.000000,6.000000,0.000000,-6.000000,1.475e-22,1.475e-22,1.254e-19,1.254e-19,1.00000000
60.400000,0.000519,-0.001363,-6.000000,6.000000,0.000000,-6.000000,1.422e-22,1.422e-22,1.013e-19,1.013e-19,1.00000000
60.500000,0.000519,-0.001363,-6.000000,6.000000,0.000000,-6.000000,1.234e-22,1.234e-22,6.876e-20,6.876e-20,1.00000000
60.600000,0.000519,-0.001363,-6.000000,6.000000,0.000000,-6.000000,1.062e-22,1.062e-22,5.303e-20,5.303e-20,1.00000000
60.700000,0.000519,-0.001363,-6.000000,6.000000,0.000000,-6.000000,9.619e-23,9.619e-23,4.642e-20,4.642e-20,1.00000000
60.800000,0.000519,-0.001363,-6.000000,6.000000,0.000000,-6.000000,8.670e-23,8.670e-23,4.312e-20,4.312e-20,1.00000000
60.900000,0.000519,-0.001363,-6.000000,6.000000,0.000000,-6.000000,9.102e-23,9.102e-23,4.196e-20,4.196e-20,1.00000000
61.000000,0.000519,-0.001363,-6.000000,6.000000,0.000000,-6.000000,9.389e-23,9.390e-23,3.916e-20,3.916e-20,1.00000000
61.100000,0.000519,-0.001363,-6.000000,6.000000,0.000000,-6.000000,7.726e-23,7.726e-23,7.322e-20,7.322e-20,1.00000000
61.200000,0.000519,-0.001363,-6.000000,6.000000,0.000000,-6.000000,9.032e-23,9.032e-23,1.209e-19,1.209e-19,1.00000000
61.300000,0.000519,-0.001363,-6.000000,6.000000,-0.000000,-6.000000,1.176e-22,1.176e-22,1.290e-19,1.290e-19,1.00000000
61.400000,0.000519,-0.001363,-6.000000,6.000000,-0.000000,-6.000000,1.434e-22,1.434e-22,1.438e-19,1.438e-19,1.00000000
61.500000,0.000519,-0.001363,-6.000000,6.000000,-0.000000,-6.000000,1.753e-22,1.753e-22,5.287e-20,5.287e-20,1.00000000
61.600000,0.000519,-0.001363,-6.000000,6.000000,0.000000,-6.000000,1.925e-22,1.925e-22,1.717e-19,1.717e-19,1.00000000
61.700000,0.000519,-0.001363,-6.000000,6.000000,0.000000,-6.000000,1.913e-22,1.913e-22,2.942e-19,2.942e-19,1.00000000
61.800000,0.000519,-0.001363,-6.000000,6.000000,0.000000,-6.000000,1.835e-22,1.835e-22,1.873e-19,1.873e-19,1.00000000
61.900000,0.000519,-0.001363,-6.000000,6.000000,0.000000,-6.000000,1.771e-22,1.771e-22,1.293e-19,1.293e-19,1.00000000
62.000000,0.000519,-0.001363,-6.000000,6.000000,0.000000,-6.000000,1.730e-22,1.730e-22,1.165e-19,1.165e-19,1.00000000
62.100000,0.000519,-0.001363,-6.000000,6.000000,-0.000000,-6.000000,1.753e-22,1.753e-22,8.042e-20,8.042e-20,1.00000000
62.200000,0.000519,-0.001363,-6.000000,6.000000,-0.000000,-6.000000,2.172e-22,2.172e-22,5.898e-20,5.898e-20,1.00000000
62.300000,0.000519,-0.001363,-6.000000,6.000000,-0.000000,-6.000000,3.734e-22,3.734e-22,5.120e-20,5.120e-20,1.00000000
62.400000,0.000519,-0.001363,-6.000000,6.000000,-0.000000,-6.000000,5.979e-22,5.979e-22,4.772e-20,4.772e-20,1.00000000
62.500000,0.000519,-0.001363,-6.000000,6.000000,0.000000,-6.000000,6.384e-22,6.384e-22,4.775e-20,4.775e-20,1.00000000
62.600000,0.000519,-0.001363,-6.000000,6.000000,0.000000,-6.000000,4.393e-22,4.393e-22,5.601e-20,5.601e-20,1.00000000
62.700000,0.000519,-0.001363,-6.000000,6.000000,-0.000000,-6.000000,2.320e-22,2.320e-22,7.376e-20,7.376e-20,1.00000000
62.800000,0.000519,-0.001363,-6.000000,6.000000,0.000000,-6.000000,1.448e-22,1.448e-22,1.062e-19,1.062e-19,1.00000000
62.900000,0.000519,-0.001363,-6.000000,6.000000,-0.000000,-6.000000,1.113e-22,1.113e-22,9.061e-20,9.061e-20,1.00000000
63.000000,0.000519,-0.001363,-6.000000,6.000000,-0.000000,-6.000000,1.103e-22,1.103e-22,1.256e-19,1.256e-19,1.00000000
63.100000,0.000519,-0.001363,-6.000000,6.000000,0.000000,-6.000000,1.187e-22,1.187e-22,6.517e-20,6.517e-20,1.00000000
63.200000,0.000519,-0.001363,-6.000000,6.000000,0.000000,-6.000000,1.299e-22,1.299e-22,1.200e-19,1.200e-19,1.00000000
63.300000,0.000519,-0.001363,-6.000000,6.000000,-0.000000,-6.000000,1.449e-22,1.449e-22,2.826e-19,2.826e-19,1.00000000
63.400000,0.000519,-0.001363,-6.000000,6.000000,0.000000,-6.000000,1.606e-22,1.606e-22,2.449e-19,2.449e-19,1.00000000
63.500000,0.000519,-0.001363,-6.000000,6.000000,-0.000000,-6.000000,1.654e-22,1.654e-22,1.684e-19,1.684e-19,1.00000000
63.600000,0.000519,-0.001363,-6.000000,6.000000,-0.000000,-6.000000,1.580e-22,1.580e-22,1.595e-19,1.595e-19,1.00000000
63.700000,0.000519,-0.001363,-6.000000,6.000000,-0.000000,-6.000000,1.463e-22,1.463e-22,1.043e-19,1.043e-19,1.00000000
63.800000,0.000519,-0.001363,-6.000000,6.000000,-0.000000,-6.000000,1.291e-22,1.291e-22,9.091e-20,9.091e-20,1.00000000
63.900000,0.000519,-0.001363,-6.000000,6.000000,0.000000,-6.000000,1.182e-22,1.182e-22,6.683e-20,6.683e-20,1.00000000
64.000000,0.000519,-0.001363,-6.000000,6.000000,-0.000000,-6.000000,1.131e-22,1.131e-22,4.621e-20,4.621e-20,1.00000000
64.100000,0.000519,-0.001363,-6.000000,6.000000,0.000000,-6.000000,1.016e-22,1.016e-22,5.033e-20,5.033e-20,1.00000000
64.200000,0.000519,-0.001363,-6.000000,6.000000,0.000000,-6.000000,1.180e-22,1.180e-22,5.742e-20,5.742e-20,1.00000000
64.300000,0.000519,-0.001363,-6.000000,6.000000,0.000000,-6.000000,1.516e-22,1.516e-22,6.208e-20,6.208e-20,1.00000000
64.400000,0.000519,-0.001363,-6.000000,6.000000,-0.000000,-6.000000,1.475e-22,1.475e-22,9.180e-20,9.180e-20,1.00000000
64.500000,0.000519,-0.001363,-6.000000,6.000000,-0.000000,-6.000000,1.515e-22,1.515e-22,8.279e-20,8.279e-20,1.00000000
64.600000,0.000519,-0.001363,-6.000000,6.000000,-0.000000,-6.000000,1.649e-22,1.649e-22,1.342e-19,1.342e-19,1.00000000
64.700000,0.000519,-0.001363,-6.000000,6.000000,0.000000,-6.000000,1.651e-22,1.651e-22,1.132e-19,1.132e-19,1.00000000
64.800000,0.000519,-0.001363,-6.000000,6.000000,0.000000,-6.000000,1.712e-22,1.712e-22,6.334e-20,6.334e-20,1.00000000
64.900000,0.000519,-0.001363,-6.000000,6.000000,-0.000000,-6.000000,1.581e-22,1.581e-22,1.790e-19,1.790e-19,1.00000000
65.000000,0.000519,-0.001363,-6.000000,6.000000,0.000000,-6.000000,1.337e-22,1.337e-22,2.166e-19,2.166e-19,1.00000000
65.100000,0.000519,-0.001363,-6.000000,6.000000,-0.000000,-6.000000,1.304e-22,1.304e-22,1.523e-19,1.523e-19,1.00000000
65.200000,0.000519,-0.001363,-6.000000,6.000000,-0.000000,-6.000000,1.407e-22,1.407e-22,1.463e-19,1.463e-19,1.00000000
65.300000,0.000519,-0.001363,-6.000000,6.000000,-0.000000,-6.000000,1.463e-22,1.463e-22,1.248e-19,1.248e-19,1.00000000
65.400000,0.000519,-0.001363,-6.000000,6.000000,0.000000,-6.000000,2.060e-22,2.060e-22,1.220e-19,1.220e-19,1.00000000
65.500000,0.000519,-0.001363,-6.000000,6.000000,-0.000000,-6.000000,3.682e-22,3.682e-22,8.447e-20,8.447e-20,1.00000000
65.600000,0.000519,-0.001363,-6.000000,6.000000,-0.000000,-6.000000,5.774e-22,5.774e-22,4.997e-20,4.997e-20,1.00000000
65.700000,0.000519,-0.001363,-6.000000,6.000000,-0.000000,-6.000000,6.132e-22,6.132e-22,6.391e-20,6.391e-20,1.00000000
65.800000,0.000519,-0.001363,-6.000000,6.000000,-0.000000,-6.000000,4.054e-22,4.054e-22,6.928e-20,6.928e-20,1.00000000
65.900000,0.000519,-0.001363,-6.000000,6.000000,0.000000,-6.000000,1.920e-22,1.920e-22,5.437e-20,5.437e-20,1.00000000
66.000000,0.000519,-0.001363,-6.000000,6.000000,0.000000,-6.000000,1.152e-22,1.152e-22,7.442e-20,7.442e-20,1.00000000
66.100000,0.000519,-0.001363,-6.000000,6.000000,0.000000,-6.000000,9.831e-23,9.831e-23,6.019e-20,6.019e-20,1.00000000
66.200000,0.000519,-0.001363,-6.000000,6.000000,-0.000000,-6.000000,9.126e-23,9.126e-23,7.965e-20,7.965e-20,1.00000000
66.300000,0.000519,-0.001363,-6.000000,6.000000,-0.000000,-6.000000,9.815e-23,9.815e-23,1.323e-19,1.323e-19,1.00000000
66.400000,0.000519,-0.001363,-6.000000,6.000000,0.000000,-6.000000,1.174e-22,1.174e-22,6.254e-20,6.254e-20,1.00000000
66.500000,0.000519,-0.001363,-6.000000,6.000000,0.000000,-6.000000,1.316e-22,1.316e-22,1.544e-19,1.544e-19,1.00000000
66.600000,0.000519,-0.001363,-6.000000,6.000000,0.000000,-6.000000,1.455e-22,1.455e-22,2.323e-19,2.323e-19,1.00000000
66.700000,0.000519,-0.001363,-6.000000,6.000000,0.000000,-6.000000,1.624e-22,1.624e-22,1.528e-19,1.528e-19,1.00000000
66.800000,0.000519,-0.001363,-6.000000,6.000000,-0.000000,-6.000000,1.639e-22,1.639e-22,1.547e-19,1.547e-19,1.00000000
66.900000,0.000519,-0.001363,-6.000000,6.000000,-0.000000,-6.000000,1.546e-22,1.546e-22,1.571e-19,1.571e-19,1.00000000
67.000000,0.000519,-0.001363,-6.000000,6.000000,-0.000000,-6.000000,1.371e-22,1.371e-22,1.493e-19,1.493e-19,1.00000000
67.100000,0.000519,-0.001363,-6.000000,6.000000,0.000000,-6.000000,1.220e-22,1.220e-22,1.035e-19,1.035e-19,1.00000000
67.200000,0.000519,-0.001363,-6.000000,6.000000,0.000000,-6.000000,1.719e-22,1.719e-22,6.764e-20,6.764e-20,1.00000000
67.300000,0.000519,-0.001363,-6.000000,6.000000,0.000000,-6.000000,3.146e-22,3.146e-22,5.466e-20,5.466e-20,1.00000000
67.400000,0.000519,-0.001363,-6.000000,6.000000,-0.000000,-6.000000,3.566e-22,3.566e-22,5.633e-20,5.633e-20,1.00000000
67.500000,0.000519,-0.001363,-6.000000,6.000000,-0.000000,-6.000000,2.444e-22,2.444e-22,6.030e-20,6.030e-20,1.00000000
67.600000,0.000519,-0.001363,-6.000000,6.000000,-0.000000,-6.000000,1.807e-22,1.807e-22,7.560e-20,7.560e-20,1.00000000
67.700000,0.000519,-0.001363,-6.000000,6.000000,0.000000,-6.000000,1.935e-22,1.935e-22,7.164e-20,7.164e-20,1.00000000
67.800000,0.000519,-0.001363,-6.000000,6.000000,0.000000,-6.000000,1.881e-22,1.881e-22,6.637e-20,6.637e-20,1.00000000
67.900000,0.000519,-0.001363,-6.000000,6.000000,0.000000,-6.000000,1.694e-22,1.694e-22,1.657e-19,1.657e-19,1.00000000
68.000000,0.000519,-0.001363,-6.000000,6.000000,-0.000000,-6.000000,1.592e-22,1.592e-22,1.110e-19,1.110e-19,1.00000000
68.100000,0.000519,-0.001363,-6.000000,6.000000,0.000000,-6.000000,1.400e-22,1.400e-22,1.044e-19,1.044e-19,1.00000000
68.200000,0.000519,-0.001363,-6.000000,6.000000,0.000000,-6.000000,1.198e-22,1.198e-22,1.567e-19,1.567e-19,1.00000000
68.300000,0.000519,-0.001363,-6.000000,6.000000,0.000000,-6.000000,1.202e-22,1.202e-22,1.263e-19,1.263e-19,1.00000000
68.400000,0.000519,-0.001363,-6.000000,6.000000,-0.000000,-6.000000,1.316e-22,1.316e-22,1.575e-19,1.575e-19,1.00000000
68.500000,0.000519,-0.001363,-6.000000,6.000000,0.000000,-6.000000,1.254e-22,1.254e-22,1.677e-19,1.677e-19,1.00000000
68.600000,0.000519,-0.001363,-6.000000,6.000000,0.000000,-6.000000,1.525e-22,1.525e-22,1.591e-19,1.591e-19,1.00000000
68.700000,0.000519,-0.001363,-6.000000,6.000000,0.000000,-6.000000,2.967e-22,2.967e-22,1.255e-19,1.255e-19,1.00000000
68.800000,0.000519,-0.001363,-6.000000,6.000000,-0.000000,-6.000000,5.990e-22,5.990e-22,8.907e-20,8.907e-20,1.00000000
68.900000,0.000519,-0.001363,-6.000000,6.000000,-0.000000,-6.000000,7.547e-22,7.547e-22,6.514e-20,6.514e-20,1.00000000
69.000000,0.000519,-0.001363,-6.000000,6.000000,-0.000000,-6.000000,5.306e-22,5.306e-22,4.977e-20,4.977e-20,1.00000000
69.100000,0.000519,-0.001363,-6.000000,6.000000,-0.000000,-6.000000,2.456e-22,2.456e-22,6.074e-20,6.074e-20,1.00000000
69.200000,0.000519,-0.001363,-6.000000,6.000000,0.000000,-6.000000,1.311e-22,1.311e-22,7.091e-20,7.091e-20,1.00000000
69.300000,0.000519,-0.001363,-6.000000,6.000000,-0.000000,-6.000000,1.123e-22,1.123e-22,6.651e-20,6.651e-20,1.00000000
69.400000,0.000519,-0.001363,-6.000000,6.000000,-0.000000,-6.000000,1.085e-22,1.085e-22,5.097e-20,5.097e-20,1.00000000
69.500000,0.000519,-0.001363,-6.000000,6.000000,-0.000000,-6.000000,1.104e-22,1.104e-22,1.403e-19,1.403e-19,1.00000000
69.600000,0.000519,-0.001363,-6.000000,6.000000,-0.000000,-6.000000,1.215e-22,1.215e-22,1.288e-19,1.288e-19,1.00000000
69.700000,0.000519,-0.001363,-6.000000,6.000000,-0.000000,-6.000000,1.399e-22,1.399e-22,9.576e-20,9.576e-20,1.00000000
69.800000,0.000519,-0.001363,-6.000000,6.000000,0.000000,-6.000000,1.589e-22,1.589e-22,1.202e-19,1.202e-19,1.00000000
69.900000,0.000519,-0.001363,-6.000000,6.000000,-0.000000,-6.000000,1.702e-22,1.702e-22,1.188e-19,1.188e-19,1.00000000
70.000000,0.000519,-0.001363,-6.000000,6.000000,-0.000000,-6.000000,1.705e-22,1.705e-22,1.496e-19,1.496e-19,1.00000000
70.100000,0.000519,-0.001363,-6.000000,6.000000,-0.000000,-6.000000,1.561e-22,1.561e-22,1.499e-19,1.499e-19,1.00000000
70.200000,0.000519,-0.001363,-6.000000,6.000000,0.000000,-6.000000,1.476e-22,1.476e-22,1.466e-19,1.466e-19,1.00000000
70.300000,0.000519,-0.001363,-6.000000,6.000000,0.000000,-6.000000,1.838e-22,1.838e-22,1.491e-19,1.491e-19,1.00000000
70.400000,0.000519,-0.001363,-6.000000,6.000000,0.000000,-6.000000,2.748e-22,2.747e-22,1.114e-19,1.114e-19,1.00000000
70.500000,0.000519,-0.001363,-6.000000,6.000000,0.000000,-6.000000,3.534e-22,3.534e-22,6.717e-20,6.717e-20,1.00000000
70.600000,0.000519,-0.001363,-6.000000,6.000000,0.000000,-6.000000,4.135e-22,4.135e-22,6.027e-20,6.027e-20,1.00000000
70.700000,0.000519,-0.001363,-6.000000,6.000000,0.000000,-6.000000,4.939e-22,4.939e-22,8.263e-20,8.263e-20,1.00000000
70.800000,0.000519,-0.001363,-6.000000,6.000000,-0.000000,-6.000000,4.681e-22,4.681e-22,7.668e-20,7.668e-20,1.00000000
70.900000,0.000519,-0.001363,-6.000000,6.000000,-0.000000,-6.000000,3.450e-22,3.450e-22,7.527e-20,7.527e-20,1.00000000
71.000000,0.000519,-0.001363,-6.000000,6.000000,-0.000000,-6.000000,2.702e-22,2.702e-22,6.724e-20,6.724e-20,1.00000000
71.100000,0.000519,-0.001363,-6.000000,6.000000,-0.000000,-6.000000,2.289e-22,2.289e-22,1.111e-19,1.111e-19,1.00000000
71.200000,0.000519,-0.001363,-6.000000,6.000000,-0.000000,-6.000000,1.975e-22,1.975e-22,1.523e-19,1.523e-19,1.00000000
71.300000,0.000519,-0.001363,-6.000000,6.000000,-0.000000,-6.000000,1.707e-22,1.707e-22,1.199e-19,1.199e-19,1.00000000
71.400000,0.000519,-0.001363,-6.000000,6.000000,-0.000000,-6.000000,1.486e-22,1.486e-22,9.910e-20,9.910e-20,1.00000000
71.500000,0.000519,-0.001363,-6.000000,6.000000,0.000000,-6.000000,1.444e-22,1.444e-22,1.092e-19,1.092e-19,1.00000000
71.600000,0.000519,-0.001363,-6.000000,6.000000,-0.000000,-6.000000,1.381e-22,1.381e-22,1.404e-19,1.404e-19,1.00000000
71.700000,0.000519,-0.001363,-6.000000,6.000000,-0.000000,-6.000000,1.119e-22,1.119e-22,1.480e-19,1.480e-19,1.00000000
71.800000,0.000519,-0.001363,-6.000000,6.000000,0.000000,-6.000000,1.198e-22,1.198e-22,1.541e-19,1.541e-19,1.00000000
71.900000,0.000519,-0.001363,-6.000000,6.000000,0.000000,-6.000000,2.620e-22,2.620e-22,1.626e-19,1.626e-19,1.00000000
72.000000,0.000519,-0.001363,-6.000000,6.000000,0.000000,-6.000000,5.567e-22,5.567e-22,1.259e-19,1.259e-19,1.00000000
72.100000,0.000519,-0.001363,-6.000000,6.000000,0.000000,-6.000000,7.172e-22,7.172e-22,9.164e-20,9.164e-20,1.00000000
72.200000,0.000519,-0.001363,-6.000000,6.000000,0.000000,-6.000000,5.268e-22,5.268e-22,7.556e-20,7.556e-20,1.00000000
72.300000,0.000519,-0.001363,-6.000000,6.000000,0.000000,-6.000000,2.550e-22,2.550e-22,6.234e-20,6.234e-20,1.00000000
72.400000,0.000519,-0.001363,-6.000000,6.000000,0.000000,-6.000000,1.476e-22,1.476e-22,6.344e-20,6.344e-20,1.00000000
72.500000,0.000519,-0.001363,-6.000000,6.000000,0.000000,-6.000000,1.307e-22,1.307e-22,8.819e-20,8.819e-20,1.00000000
72.600000,0.000519,-0.001363,-6.000000,6.000000,0.000000,-6.000000,1.357e-22,1.357e-22,1.015e-19,1.015e-19,1.00000000
72.700000,0.000519,-0.001363,-6.000000,6.000000,-0.000000,-6.000000,1.454e-22,1.454e-22,9.160e-20,9.160e-20,1.00000000
72.800000,0.000519,-0.001363,-6.000000,6.000000,0.000000,-6.000000,1.619e-22,1.619e-22,1.320e-19,1.320e-19,1.00000000
72.900000,0.000519,-0.001363,-6.000000,6.000000,0.000000,-6.000000,1.631e-22,1.631e-22,1.340e-19,1.340e-19,1.00000000
73.000000,0.000519,-0.001363,-6.000000,6.000000,-0.000000,-6.000000,1.657e-22,1.657e-22,9.996e-20,9.996e-20,1.00000000
73.100000,0.000519,-0.001363,-6.000000,6.000000,-0.000000,-6.000000,1.860e-22,1.860e-22,8.175e-20,8.175e-20,1.00000000
73.200000,0.000519,-0.001363,-6.000000,6.000000,0.000000,-6.000000,2.088e-22,2.088e-22,1.068e-19,1.068e-19,1.00000000
73.300000,0.000519,-0.001363,-6.000000,6.000000,-0.000000,-6.000000,2.044e-22,2.044e-22,1.248e-19,1.248e-19,1.00000000
73.400000,0.000519,-0.001363,-6.000000,6.000000,-0.000000,-6.000000,1.759e-22,1.759e-22,1.265e-19,1.265e-19,1.00000000
73.500000,0.000519,-0.001363,-6.000000,6.000000,0.000000,-6.000000,1.814e-22,1.814e-22,1.313e-19,1.313e-19,1.00000000
73.600000,0.000519,-0.001363,-6.000000,6.000000,0.000000,-6.000000,2.536e-22,2.536e-22,1.315e-19,1.315e-19,1.00000000
73.700000,0.000519,-0.001363,-6.000000,6.000000,0.000000,-6.000000,4.565e-22,4.565e-22,1.273e-19,1.273e-19,1.00000000
73.800000,0.000519,-0.001363,-6.000000,6.000000,-0.000000,-6.000000,8.229e-22,8.229e-22,1.026e-19,1.026e-19,1.00000000
73.900000,0.000519,-0.001363,-6.000000,6.000000,-0.000000,-6.000000,9.486e-22,9.486e-22,8.329e-20,8.329e-20,1.00000000
74.000000,0.000519,-0.001363,-6.000000,6.000000,-0.000000,-6.000000,6.251e-22,6.252e-22,8.166e-20,8.166e-20,1.00000000
74.100000,0.000519,-0.001363,-6.000000,6.000000,-0.000000,-6.000000,3.057e-22,3.057e-22,8.744e-20,8.744e-20,1.00000000
74.200000,0.000519,-0.001363,-6.000000,6.000000,0.000000,-6.000000,2.039e-22,2.039e-22,1.075e-19,1.075e-19,1.00000000
74.300000,0.000519,-0.001363,-6.000000,6.000000,-0.000000,-6.000000,1.809e-22,1.809e-22,6.140e-20,6.140e-20,1.00000000
74.400000,0.000519,-0.001363,-6.000000,6.000000,0.000000,-6.000000,1.748e-22,1.748e-22,1.139e-19,1.139e-19,1.00000000
74.500000,0.000519,-0.001363,-6.000000,6.000000,-0.000000,-6.000000,1.690e-22,1.690e-22,1.516e-19,1.516e-19,1.00000000
74.600000,0.000519,-0.001363,-6.000000,6.000000,-0.000000,-6.000000,1.518e-22,1.518e-22,1.015e-19,1.015e-19,1.00000000
74.700000,0.000519,-0.001363,-6.000000,6.000000,-0.000000,-6.000000,1.407e-22,1.407e-22,6.386e-20,6.386e-20,1.00000000
74.800000,0.000519,-0.001363,-6.000000,6.000000,0.000000,-6.000000,1.445e-22,1.445e-22,9.750e-20,9.750e-20,1.00000000
74.900000,0.000519,-0.001363,-6.000000,6.000000,0.000000,-6.000000,1.454e-22,1.454e-22,1.310e-19,1.310e-19,1.00000000
75.000000,0.000519,-0.001363,-6.000000,6.000000,0.000000,-6.000000,1.443e-22,1.443e-22,1.307e-19,1.307e-19,1.00000000
75.100000,0.000519,-0.001363,-6.000000,6.000000,0.000000,-6.000000,1.976e-22,1.976e-22,1.174e-19,1.174e-19,1.00000000
75.200000,0.000519,-0.001363,-6.000000,6.000000,0.000000,-6.000000,3.891e-22,3.891e-22,1.224e-19,1.224e-19,1.00000000
75.300000,0.000519,-0.001363,-6.000000,6.000000,-0.000000,-6.000000,5.696e-22,5.696e-22,1.485e-19,1.485e-19,1.00000000
75.400000,0.000519,-0.001363,-6.000000,6.000000,0.000000,-6.000000,5.057e-22,5.057e-22,1.261e-19,1.261e-19,1.00000000
75.500000,0.000519,-0.001363,-6.000000,6.000000,0.000000,-6.000000,3.058e-22,3.058e-22,7.474e-20,7.474e-20,1.00000000
75.600000,0.000519,-0.001363,-6.000000,6.000000,0.000000,-6.000000,2.103e-22,2.103e-22,8.411e-20,8.411e-20,1.00000000
75.700000,0.000519,-0.001363,-6.000000,6.000000,0.000000,-6.000000,1.811e-22,1.811e-22,9.746e-20,9.746e-20,1.00000000
75.800000,0.000519,-0.001363,-6.000000,6.000000,0.000000,-6.000000,1.814e-22,1.814e-22,1.247e-19,1.247e-19,1.00000000
75.900000,0.000519,-0.001363,-6.000000,6.000000,-0.000000,-6.000000,1.880e-22,1.880e-22,9.066e-20,9.066e-20,1.00000000
76.000000,0.000519,-0.001363,-6.000000,6.000000,0.000000,-6.000000,1.923e-22,1.923e-22,9.467e-20,9.467e-20,1.00000000
76.100000,0.000519,-0.001363,-6.000000,6.000000,0.000000,-6.000000,1.849e-22,1.849e-22,1.362e-19,1.362e-19,1.00000000
76.200000,0.000519,-0.001363,-6.000000,6.000000,0.000000,-6.000000,1.652e-22,1.652e-22,1.236e-19,1.236e-19,1.00000000
76.300000,0.000519,-0.001363,-6.000000,6.000000,0.000000,-6.000000,1.607e-22,1.607e-22,7.439e-20,7.439e-20,1.00000000
76.400000,0.000519,-0.001363,-6.000000,6.000000,-0.000000,-6.000000,1.846e-22,1.846e-22,1.033e-19,1.033e-19,1.00000000
76.500000,0.000519,-0.001363,-6.000000,6.000000,0.000000,-6.000000,2.149e-22,2.149e-22,1.121e-19,1.121e-19,1.00000000
76.600000,0.000519,-0.001363,-6.000000,6.000000,-0.000000,-6.000000,2.158e-22,2.158e-22,9.323e-20,9.323e-20,1.00000000
76.700000,0.000519,-0.001363,-6.000000,6.000000,0.000000,-6.000000,2.162e-22,2.162e-22,7.823e-20,7.823e-20,1.00000000
76.800000,0.000519,-0.001363,-6.000000,6.000000,-0.000000,-6.000000,2.805e-22,2.805e-22,1.145e-19,1.145e-19,1.00000000
76.900000,0.000519,-0.001363,-6.000000,6.000000,-0.000000,-6.000000,4.976e-22,4.976e-22,1.554e-19,1.554e-19,1.00000000
77.000000,0.000519,-0.001363,-6.000000,6.000000,-0.000000,-6.000000,8.286e-22,8.286e-22,1.583e-19,1.583e-19,1.00000000
77.100000,0.000519,-0.001363,-6.000000,6.000000,-0.000000,-6.000000,9.071e-22,9.071e-22,1.183e-19,1.183e-19,1.00000000
77.200000,0.000519,-0.001363,-6.000000,6.000000,-0.000000,-6.000000,5.857e-22,5.857e-22,9.319e-20,9.319e-20,1.00000000
77.300000,0.000519,-0.001363,-6.000000,6.000000,-0.000000,-6.000000,2.628e-22,2.628e-22,8.510e-20,8.510e-20,1.00000000
77.400000,0.000519,-0.001363,-6.000000,6.000000,-0.000000,-6.000000,1.564e-22,1.564e-22,1.079e-19,1.079e-19,1.00000000
77.500000,0.000519,-0.001363,-6.000000,6.000000,-0.000000,-6.000000,1.341e-22,1.341e-22,8.530e-20,8.530e-20,1.00000000
77.600000,0.000519,-0.001363,-6.000000,6.000000,-0.000000,-6.000000,1.207e-22,1.207e-22,5.871e-20,5.871e-20,1.00000000
77.700000,0.000519,-0.001363,-6.000000,6.000000,0.000000,-6.000000,1.160e-22,1.160e-22,1.168e-19,1.168e-19,1.00000000
77.800000,0.000519,-0.001363,-6.000000,6.000000,0.000000,-6.000000,1.187e-22,1.187e-22,1.422e-19,1.422e-19,1.00000000
77.900000,0.000519,-0.001363,-6.000000,6.000000,-0.000000,-6.000000,1.213e-22,1.213e-22,8.291e-20,8.291e-20,1.00000000
78.000000,0.000519,-0.001363,-6.000000,6.000000,0.000000,-6.000000,1.235e-22,1.235e-22,8.809e-20,8.809e-20,1.00000000
78.100000,0.000519,-0.001363,-6.000000,6.000000,-0.000000,-6.000000,1.350e-22,1.350e-22,8.490e-20,8.490e-20,1.00000000
78.200000,0.000519,-0.001363,-6.000000,6.000000,0.000000,-6.000000,1.458e-22,1.458e-22,8.092e-20,8.092e-20,1.00000000
78.300000,0.000519,-0.001363,-6.000000,6.000000,0.000000,-6.000000,1.808e-22,1.808e-22,7.825e-20,7.825e-20,1.00000000
78.400000,0.000519,-0.001363,-6.000000,6.000000,-0.000000,-6.000000,3.545e-22,3.545e-22,9.638e-20,9.638e-20,1.00000000
78.500000,0.000519,-0.001363,-6.000000,6.000000,-0.000000,-6.000000,6.156e-22,6.156e-22,1.236e-19,1.236e-19,1.00000000
78.600000,0.000519,-0.001363,-6.000000,6.000000,0.000000,-6.000000,6.656e-22,6.656e-22,1.621e-19,1.621e-19,1.00000000
78.700000,0.000519,-0.001363,-6.000000,6.000000,0.000000,-6.000000,4.822e-22,4.822e-22,1.460e-19,1.460e-19,1.00000000
78.800000,0.000519,-0.001363,-6.000000,6.000000,0.000000,-6.000000,3.659e-22,3.659e-22,1.040e-19,1.040e-19,1.00000000
78.900000,0.000519,-0.001363,-6.000000,6.000000,-0.000000,-6.000000,3.103e-22,3.103e-22,1.001e-19,1.001e-19,1.00000000
79.000000,0.000519,-0.001363,-6.000000,6.000000,-0.000000,-6.000000,2.728e-22,2.728e-22,1.112e-19,1.112e-19,1.00000000
79.100000,0.000519,-0.001363,-6.000000,6.000000,-0.000000,-6.000000,2.476e-22,2.476e-22,1.150e-19,1.150e-19,1.00000000
79.200000,0.000519,-0.001363,-6.000000,6.000000,-0.000000,-6.000000,2.243e-22,2.243e-22,6.821e-20,6.821e-20,1.00000000
79.300000,0.000519,-0.001363,-6.000000,6.000000,0.000000,-6.000000,2.063e-22,2.063e-22,1.011e-19,1.011e-19,1.00000000
79.400000,0.000519,-0.001363,-6.000000,6.000000,0.000000,-6.000000,1.856e-22,1.856e-22,1.685e-19,1.685e-19,1.00000000
79.500000,0.000519,-0.001363,-6.000000,6.000000,-0.000000,-6.000000,1.700e-22,1.700e-22,1.023e-19,1.023e-19,1.00000000
79.600000,0.000519,-0.001363,-6.000000,6.000000,-0.000000,-6.000000,1.675e-22,1.675e-22,8.321e-20,8.321e-20,1.00000000
79.700000,0.000519,-0.001363,-6.000000,6.000000,-0.000000,-6.000000,1.679e-22,1.679e-22,9.282e-20,9.282e-20,1.00000000
79.800000,0.000519,-0.001363,-6.000000,6.000000,0.000000,-6.000000,1.627e-22,1.627e-22,8.558e-20,8.558e-20,1.00000000
79.900000,0.000519,-0.001363,-6.000000,6.000000,0.000000,-6.000000,1.698e-22,1.698e-22,7.893e-20,7.893e-20,1.00000000
80.000000,0.000519,-0.001363,-6.000000,6.000000,0.000000,-6.000000,2.226e-22,2.226e-22,8.973e-20,8.973e-20,1.00000000
80.100000,0.000519,-0.001363,-6.000000,6.000000,0.000000,-6.000000,3.722e-22,3.722e-22,1.059e-19,1.059e-19,1.00000000
80.200000,0.000519,-0.001363,-6.000000,6.000000,0.000000,-6.000000,6.334e-22,6.334e-22,1.545e-19,1.545e-19,1.00000000
80.300000,0.000519,-0.001363,-6.000000,6.000000,-0.000000,-6.000000,8.072e-22,8.072e-22,1.721e-19,1.721e-19,1.00000000
80.400000,0.000519,-0.001363,-6.000000,6.000000,-0.000000,-6.000000,6.829e-22,6.829e-22,1.171e-19,1.171e-19,1.00000000
80.500000,0.000519,-0.001363,-6.000000,6.000000,0.000000,-6.000000,3.948e-22,3.948e-22,9.155e-20,9.155e-20,1.00000000
80.600000,0.000519,-0.001363,-6.000000,6.000000,-0.000000,-6.000000,2.253e-22,2.253e-22,1.272e-19,1.272e-19,1.00000000
80.700000,0.000519,-0.001363,-6.000000,6.000000,-0.000000,-6.000000,1.667e-22,1.667e-22,1.327e-19,1.327e-19,1.00000000
80.800000,0.000519,-0.001363,-6.000000,6.000000,-0.000000,-6.000000,1.631e-22,1.631e-22,5.765e-20,5.765e-20,1.00000000
80.900000,0.000519,-0.001363,-6.000000,6.000000,0.000000,-6.000000,1.617e-22,1.617e-22,8.243e-20,8.243e-20,1.00000000
81.000000,0.000519,-0.001363,-6.000000,6.000000,-0.000000,-6.000000,1.576e-22,1.576e-22,1.419e-19,1.419e-19,1.00000000
81.100000,0.000519,-0.001363,-6.000000,6.000000,-0.000000,-6.000000,1.538e-22,1.538e-22,9.350e-20,9.350e-20,1.00000000
81.200000,0.000519,-0.001363,-6.000000,6.000000,0.000000,-6.000000,1.542e-22,1.542e-22,7.891e-20,7.891e-20,1.00000000
81.300000,0.000519,-0.001363,-6.000000,6.000000,-0.000000,-6.000000,1.695e-22,1.695e-22,7.495e-20,7.495e-20,1.00000000
81.400000,0.000519,-0.001363,-6.000000,6.000000,0.000000,-6.000000,2.062e-22,2.062e-22,7.151e-20,7.151e-20,1.00000000
81.500000,0.000519,-0.001363,-6.000000,6.000000,0.000000,-6.000000,2.739e-22,2.739e-22,7.415e-20,7.415e-20,1.00000000
81.600000,0.000519,-0.001363,-6.000000,6.000000,-0.000000,-6.000000,4.460e-22,4.459e-22,7.660e-20,7.660e-20,1.00000000
81.700000,0.000519,-0.001363,-6.000000,6.000000,0.000000,-6.000000,7.143e-22,7.143e-22,8.126e-20,8.126e-20,1.00000000
81.800000,0.000519,-0.001363,-6.000000,6.000000,0.000000,-6.000000,7.566e-22,7.565e-22,1.306e-19,1.306e-19,1.00000000
81.900000,0.000519,-0.001363,-6.000000,6.000000,0.000000,-6.000000,5.646e-22,5.646e-22,1.622e-19,1.622e-19,1.00000000
82.000000,0.000519,-0.001363,-6.000000,6.000000,-0.000000,-6.000000,4.435e-22,4.435e-22,1.420e-19,1.420e-19,1.00000000
82.100000,0.000519,-0.001363,-6.000000,6.000000,0.000000,-6.000000,3.769e-22,3.769e-22,1.307e-19,1.307e-19,1.00000000
82.200000,0.000519,-0.001363,-6.000000,6.000000,0.000000,-6.000000,3.165e-22,3.165e-22,1.352e-19,1.352e-19,1.00000000
82.300000,0.000519,-0.001363,-6.000000,6.000000,0.000000,-6.000000,2.772e-22,2.772e-22,1.237e-19,1.237e-19,1.00000000
82.400000,0.000519,-0.001363,-6.000000,6.000000,0.000000,-6.000000,2.498e-22,2.499e-22,6.833e-20,6.833e-20,1.00000000
82.500000,0.000519,-0.001363,-6.000000,6.000000,0.000000,-6.000000,2.200e-22,2.200e-22,7.574e-20,7.574e-20,1.00000000
82.600000,0.000519,-0.001363,-6.000000,6.000000,0.000000,-6.000000,2.025e-22,2.025e-22,1.306e-19,1.306e-19,1.00000000
82.700000,0.000519,-0.001363,-6.000000,6.000000,-0.000000,-6.000000,1.885e-22,1.885e-22,1.085e-19,1.085e-19,1.00000000
82.800000,0.000519,-0.001363,-6.000000,6.000000,-0.000000,-6.000000,1.755e-22,1.755e-22,8.820e-20,8.820e-20,1.00000000
82.900000,0.000519,-0.001363,-6.000000,6.000000,-0.000000,-6.000000,1.535e-22,1.535e-22,8.510e-20,8.510e-20,1.00000000
83.000000,0.000519,-0.001363,-6.000000,6.000000,0.000000,-6.000000,1.284e-22,1.285e-22,7.494e-20,7.494e-20,1.00000000
83.100000,0.000519,-0.001363,-6.000000,6.000000,-0.000000,-6.000000,1.176e-22,1.176e-22,9.572e-20,9.572e-20,1.00000000
83.200000,0.000519,-0.001363,-6.000000,6.000000,0.000000,-6.000000,1.598e-22,1.598e-22,1.038e-19,1.038e-19,1.00000000
83.300000,0.000519,-0.001363,-6.000000,6.000000,0.000000,-6.000000,2.945e-22,2.945e-22,9.724e-20,9.724e-20,1.00000000
83.400000,0.000519,-0.001363,-6.000000,6.000000,-0.000000,-6.000000,5.176e-22,5.176e-22,1.014e-19,1.014e-19,1.00000000
83.500000,0.000519,-0.001363,-6.000000,6.000000,-0.000000,-6.000000,6.858e-22,6.858e-22,1.281e-19,1.281e-19,1.00000000
83.600000,0.000519,-0.001363,-6.000000,6.000000,-0.000000,-6.000000,6.780e-22,6.780e-22,1.439e-19,1.439e-19,1.00000000
83.700000,0.000519,-0.001363,-6.000000,6.000000,0.000000,-6.000000,5.218e-22,5.218e-22,1.348e-19,1.348e-19,1.00000000
83.800000,0.000519,-0.001363,-6.000000,6.000000,0.000000,-6.000000,3.741e-22,3.741e-22,1.461e-19,1.461e-19,1.00000000
83.900000,0.000519,-0.001363,-6.000000,6.000000,-0.000000,-6.000000,2.610e-22,2.610e-22,1.444e-19,1.444e-19,1.00000000
84.000000,0.000519,-0.001363,-6.000000,6.000000,-0.000000,-6.000000,2.225e-22,2.225e-22,7.824e-20,7.824e-20,1.00000000
