t,Fx,Fy,Fz,Fmag,Lz,Jz,edge_x,edge_y,edge_z,edge_frac,norm
0.000000,-0.000000,-0.000000,-5.998714,5.998714,-0.001286,-6.000000,1.796e-33,1.425e-33,1.242e-25,1.242e-25,1.00000000
0.100000,-0.024090,0.045805,-5.998280,5.998504,-0.001496,-5.999777,2.828e-31,2.816e-31,3.672e-25,3.672e-25,1.00000000
0.200000,-0.139168,0.101331,-5.995891,5.998362,-0.001636,-5.997527,5.163e-31,5.055e-31,1.018e-23,1.018e-23,1.00000000
0.300000,-0.273416,0.067725,-5.991952,5.998569,-0.001414,-5.993366,7.003e-31,6.788e-31,2.694e-21,2.694e-21,1.00000000
0.400000,-0.321512,0.005900,-5.990126,5.998751,-0.001201,-5.991327,8.641e-31,8.569e-31,9.347e-19,9.347e-19,1.00000000
0.500000,-0.332786,0.026380,-5.989314,5.998611,-0.001317,-5.990632,9.755e-31,9.781e-31,8.178e-18,8.178e-18,1.00000000
0.600000,-0.421312,0.091954,-5.982946,5.998466,-0.001450,-5.984396,1.136e-30,1.149e-30,1.825e-17,1.825e-17,1.00000000
0.700000,-0.562289,0.086241,-5.971568,5.998602,-0.001249,-5.972817,1.351e-30,1.342e-30,8.453e-18,8.453e-18,1.00000000
0.800000,-0.639106,0.021664,-5.964569,5.998751,-0.000940,-5.965509,1.314e-29,1.317e-29,2.819e-18,2.819e-18,1.00000000
0.900000,-0.651973,0.014346,-5.963093,5.998646,-0.000882,-5.963975,4.102e-28,4.116e-28,7.152e-18,7.152e-18,1.00000000
1.000000,-0.714083,0.076289,-5.955355,5.998499,-0.000951,-5.956306,3.536e-27,3.538e-27,2.168e-17,2.168e-17,1.00000000
1.100000,-0.848872,0.097501,-5.937378,5.998546,-0.000797,-5.938175,1.572e-26,1.573e-26,1.691e-17,1.691e-17,1.00000000
1.200000,-0.952354,0.043126,-5.922387,5.998625,-0.000418,-5.922805,4.400e-26,4.403e-26,3.344e-18,3.344e-18,1.00000000
1.300000,-0.979851,0.011438,-5.917967,5.998548,-0.000122,-5.918090,6.124e-26,6.129e-26,6.257e-19,6.257e-19,1.00000000
1.400000,-1.020856,0.057074,-5.910658,5.998441,-0.000038,-5.910696,4.357e-26,4.360e-26,1.332e-19,1.332e-19,1.00000000
1.500000,-1.137272,0.098006,-5.888832,5.998444,0.000050,-5.888782,1.972e-26,1.973e-26,7.357e-20,7.357e-20,1.00000000
1.600000,-1.257552,0.063635,-5.864811,5.998457,0.000353,-5.864457,8.207e-27,8.211e-27,1.699e-19,1.699e-19,1.00000000
1.700000,-1.306397,0.016017,-5.854400,5.998411,0.000756,-5.853644,6.073e-27,6.085e-27,3.693e-19,3.693e-19,1.00000000
1.800000,-1.333848,0.036766,-5.848109,5.998406,0.000964,-5.847145,1.017e-26,1.019e-26,6.803e-19,6.803e-19,1.00000000
1.900000,-1.422519,0.086024,-5.826701,5.998450,0.000936,-5.825766,1.341e-26,1.346e-26,8.981e-19,8.981e-19,1.00000000
2.000000,-1.544378,0.076813,-5.795693,5.998422,0.000949,-5.794744,9.759e-27,9.813e-27,1.154e-18,1.154e-18,1.00000000
2.100000,-1.614679,0.026505,-5.776896,5.998368,0.001131,-5.775765,4.346e-27,4.370e-27,3.367e-18,3.367e-18,1.00000000
2.200000,-1.639972,0.022262,-5.769854,5.998435,0.001212,-5.768643,1.563e-27,1.568e-27,1.311e-17,1.311e-17,1.00000000
2.300000,-1.702298,0.068461,-5.751515,5.998536,0.000965,-5.750550,5.741e-28,5.759e-28,1.160e-17,1.160e-17,1.00000000
2.400000,-1.815275,0.083157,-5.716593,5.998464,0.000602,-5.715990,2.237e-28,2.264e-28,5.995e-18,5.995e-18,1.00000000
2.500000,-1.905006,0.042467,-5.687623,5.998326,0.000396,-5.687227,9.258e-29,9.301e-29,3.554e-18,3.554e-18,1.00000000
2.600000,-1.941103,0.018530,-5.675596,5.998384,0.000204,-5.675392,4.198e-29,4.194e-29,8.216e-18,8.216e-18,1.00000000
2.700000,-1.986036,0.051540,-5.659981,5.998531,-0.000265,-5.660246,2.257e-29,2.215e-29,1.170e-17,1.170e-17,1.00000000
2.800000,-2.083600,0.082866,-5.624303,5.998419,-0.000893,-5.625196,1.481e-29,1.453e-29,4.815e-18,4.815e-18,1.00000000
2.900000,-2.186112,0.059720,-5.585277,5.998164,-0.001345,-5.586621,1.285e-29,1.290e-29,1.697e-18,1.697e-18,1.00000000
3.000000,-2.240206,0.024038,-5.564113,5.998204,-0.001635,-5.565748,1.649e-29,1.693e-29,7.390e-19,7.390e-19,1.00000000
3.100000,-2.276622,0.036906,-5.549514,5.998455,-0.002064,-5.551578,2.929e-29,3.045e-29,5.369e-19,5.369e-19,1.00000000
3.200000,-2.353368,0.074703,-5.516929,5.998368,-0.002620,-5.519549,6.344e-29,6.641e-29,3.996e-19,3.996e-19,1.00000000
3.300000,-2.457118,0.072736,-5.471141,5.998008,-0.002942,-5.474082,1.334e-28,1.370e-28,6.556e-19,6.556e-19,1.00000000
3.400000,-2.528919,0.035310,-5.438731,5.998039,-0.002922,-5.441653,2.631e-28,2.721e-28,9.250e-19,9.250e-19,1.00000000
3.500000,-2.564392,0.026407,-5.422590,5.998441,-0.002865,-5.425455,4.878e-28,4.995e-28,1.047e-18,1.047e-18,1.00000000
3.600000,-2.619006,0.060490,-5.396155,5.998445,-0.002927,-5.399082,9.023e-28,9.229e-28,1.078e-18,1.078e-18,1.00000000
3.700000,-2.713374,0.078945,-5.348613,5.998024,-0.002809,-5.351422,1.678e-27,1.688e-27,2.118e-18,2.118e-18,1.00000000
3.800000,-2.799311,0.050183,-5.304488,5.998021,-0.002287,-5.306774,3.048e-27,3.081e-27,1.118e-17,1.118e-17,1.00000000
3.900000,-2.842669,0.024100,-5.282109,5.998502,-0.001622,-5.283731,3.491e-27,3.671e-27,1.398e-17,1.398e-17,1.00000000
4.000000,-2.882334,0.046666,-5.260495,5.998570,-0.001163,-5.261658,3.698e-27,3.031e-27,8.531e-18,8.531e-18,1.00000000
4.100000,-2.963501,0.079740,-5.214240,5.998082,-0.000753,-5.214992,2.895e-26,8.252e-27,4.923e-18,4.923e-18,1.00000000
4.200000,-3.059309,0.066023,-5.158690,5.997984,-0.000044,-5.158735,2.805e-25,5.474e-26,8.401e-18,8.401e-18,1.00000000
4.300000,-3.117070,0.029734,-5.124902,5.998469,0.000852,-5.124050,9.979e-25,2.427e-25,1.310e-17,1.310e-17,1.00000000
4.400000,-3.150856,0.035703,-5.104284,5.998573,0.001487,-5.102797,1.384e-24,5.643e-25,8.064e-18,8.064e-18,1.00000000
4.500000,-3.217231,0.074736,-5.061628,5.998020,0.001828,-5.059800,8.987e-25,6.359e-25,4.082e-18,4.082e-18,1.00000000
4.600000,-3.315184,0.077897,-4.997742,5.997828,0.002282,-4.995460,3.429e-25,3.907e-25,1.966e-18,1.966e-18,1.00000000
4.700000,-3.386700,0.038556,-4.950623,5.998324,0.002925,-4.947698,1.017e-25,1.677e-25,9.271e-19,9.271e-19,1.00000000
4.800000,-3.419348,0.026070,-4.928421,5.998496,0.003318,-4.925103,3.124e-26,6.404e-26,6.907e-19,6.907e-19,1.00000000
4.900000,-3.468496,0.062456,-4.892961,5.997952,0.003271,-4.889690,1.119e-26,2.422e-26,8.191e-19,8.191e-19,1.00000000
5.000000,-3.558111,0.081341,-4.827625,5.997727,0.003150,-4.824475,4.942e-27,9.928e-27,9.312e-19,9.312e-19,1.00000000
5.000000,-3.558111,0.081341,-4.827625,5.997727,0.003150,-4.824475,4.942e-27,9.928e-27,9.312e-19,9.312e-19,1.00000000
5.100000,-3.618602,0.000418,-4.783765,5.998224,0.003475,-4.780291,3.059e-27,5.590e-27,7.940e-19,7.940e-19,1.00000000
5.200000,-3.565091,-0.085428,-4.823277,5.998431,0.004708,-4.818568,2.102e-27,3.670e-27,1.123e-18,1.123e-18,1.00000000
5.300000,-3.501430,-0.035651,-4.869717,5.997952,0.005701,-4.864016,1.166e-27,1.969e-27,1.272e-18,1.272e-18,1.00000000
5.400000,-3.548950,0.031071,-4.835034,5.997797,0.005730,-4.829304,5.490e-28,8.873e-28,3.874e-18,3.874e-18,1.00000000
5.500000,-3.622490,-0.045632,-4.780706,5.998305,0.006004,-4.774701,2.672e-28,3.970e-28,7.662e-18,7.662e-18,1.00000000
5.600000,-3.586793,-0.172517,-4.804936,5.998521,0.007442,-4.797493,1.465e-28,2.086e-28,7.223e-18,7.223e-18,1.00000000
5.700000,-3.507062,-0.173904,-4.862879,5.998110,0.009047,-4.853832,1.177e-28,1.520e-28,5.173e-18,5.173e-18,1.00000000
5.800000,-3.529113,-0.114755,-4.848489,5.997971,0.009970,-4.838519,1.144e-28,1.349e-28,4.049e-18,4.049e-18,1.00000000
5.900000,-3.610153,-0.180733,-4.786962,5.998406,0.011126,-4.775836,1.355e-28,1.578e-28,7.093e-18,7.093e-18,1.00000000
6.000000,-3.598040,-0.337529,-4.787774,5.998550,0.013415,-4.774359,1.841e-28,1.961e-28,7.854e-18,7.854e-18,1.00000000
6.100000,-3.512499,-0.395363,-4.845965,5.998112,0.016053,-4.829913,2.567e-28,2.724e-28,5.131e-18,5.131e-18,1.00000000
6.200000,-3.507331,-0.357715,-4.852431,5.997951,0.018143,-4.834288,5.182e-28,5.019e-28,2.727e-18,2.727e-18,1.00000000
6.300000,-3.585183,-0.412658,-4.791281,5.998350,0.020305,-4.770976,1.052e-27,1.120e-27,1.058e-18,1.058e-18,1.00000000
6.400000,-3.593265,-0.587852,-4.766970,5.998427,0.023391,-4.743579,1.808e-27,1.758e-27,7.533e-19,7.533e-19,1.00000000
6.500000,-3.505253,-0.702782,-4.816075,5.997940,0.026838,-4.789238,4.738e-27,2.532e-27,7.790e-19,7.790e-19,1.00000000
6.600000,-3.467133,-0.700293,-4.843787,5.997808,0.029714,-4.814073,9.979e-27,3.957e-27,7.553e-19,7.553e-19,1.00000000
6.700000,-3.525295,-0.747305,-4.795097,5.998260,0.032345,-4.762752,1.965e-26,5.808e-27,6.926e-19,6.926e-19,1.00000000
6.800000,-3.541481,-0.927479,-4.751568,5.998308,0.035599,-4.715969,3.958e-26,8.468e-27,1.015e-18,1.015e-18,1.00000000
6.900000,-3.448009,-1.091459,-4.784679,5.997766,0.039289,-4.745390,8.184e-26,1.438e-26,1.923e-18,1.923e-18,1.00000000
7.000000,-3.370307,-1.131785,-4.830349,5.997681,0.042563,-4.787786,2.254e-25,2.565e-26,2.758e-18,2.758e-18,1.00000000
7.100000,-3.392994,-1.174944,-4.804808,5.998257,0.045425,-4.759384,3.565e-25,3.347e-26,4.591e-18,4.591e-18,1.00000000
7.200000,-3.404274,-1.345837,-4.751837,5.998359,0.048719,-4.703117,1.524e-24,7.781e-26,5.749e-18,5.749e-18,1.00000000
7.300000,-3.303589,-1.542055,-4.762547,5.997791,0.052772,-4.709776,1.346e-23,6.054e-25,5.779e-18,5.779e-18,1.00000000
7.400000,-3.186334,-1.625181,-4.814386,5.997687,0.056991,-4.757396,5.965e-23,3.485e-24,5.296e-18,5.296e-18,1.00000000
7.500000,-3.165369,-1.671343,-4.813193,5.998315,0.060963,-4.752230,1.208e-22,1.073e-23,4.210e-18,4.210e-18,1.00000000
7.600000,-3.161838,-1.825764,-4.759313,5.998474,0.065214,-4.694099,1.240e-22,1.642e-23,5.406e-18,5.406e-18,1.00000000
7.700000,-3.052144,-2.037480,-4.744152,5.997823,0.070479,-4.673673,7.329e-23,1.275e-23,4.749e-18,4.749e-18,1.00000000
7.800000,-2.895766,-2.158463,-4.788147,5.997564,0.076549,-4.711597,2.981e-23,6.059e-24,2.786e-18,2.786e-18,1.00000000
7.900000,-2.822322,-2.214166,-4.807300,5.998180,0.082642,-4.724658,1.057e-23,2.351e-24,1.449e-18,1.449e-18,1.00000000
8.000000,-2.789951,-2.348706,-4.762486,5.998460,0.088684,-4.673802,3.865e-24,9.146e-25,1.009e-18,1.009e-18,1.00000000
8.100000,-2.663677,-2.557790,-4.726063,5.997761,0.095501,-4.630562,1.486e-24,3.702e-25,8.193e-19,8.193e-19,1.00000000
8.200000,-2.463900,-2.702588,-4.753196,5.997304,0.103282,-4.649914,5.848e-25,1.520e-25,6.710e-19,6.710e-19,1.00000000
8.300000,-2.325282,-2.765006,-4.787738,5.997885,0.111051,-4.676687,2.326e-25,6.136e-26,7.096e-19,7.096e-19,1.00000000
8.400000,-2.246588,-2.871399,-4.763262,5.998396,0.118016,-4.645246,9.274e-26,2.386e-26,8.218e-19,8.218e-19,1.00000000
8.500000,-2.094827,-3.054136,-4.717823,5.997825,0.124746,-4.593077,3.745e-26,9.211e-27,1.960e-18,1.960e-18,1.00000000
8.600000,-1.850187,-3.196612,-4.724924,5.997201,0.131853,-4.593071,1.544e-26,3.998e-27,3.624e-18,3.624e-18,1.00000000
8.700000,-1.639963,-3.249328,-4.766970,5.997634,0.138674,-4.628296,6.875e-27,1.952e-27,4.926e-18,4.926e-18,1.00000000
8.800000,-1.504808,-3.312972,-4.768644,5.998350,0.144116,-4.624528,3.376e-27,1.163e-27,5.388e-18,5.388e-18,1.00000000
8.900000,-1.327720,-3.445257,-4.726964,5.998069,0.148486,-4.578478,2.581e-27,9.098e-28,6.094e-18,6.094e-18,1.00000000
9.000000,-1.050598,-3.557067,-4.712964,5.997376,0.152935,-4.560029,3.111e-27,9.334e-28,6.404e-18,6.404e-18,1.00000000
9.100000,-0.778936,-3.580199,-4.748276,5.997557,0.157608,-4.590668,3.596e-27,1.114e-27,4.749e-18,4.749e-18,1.00000000
9.200000,-0.588729,-3.589046,-4.769884,5.998303,0.161517,-4.608367,7.863e-27,1.335e-27,4.778e-18,4.778e-18,1.00000000
9.300000,-0.390991,-3.655624,-4.739531,5.998301,0.164558,-4.574973,1.957e-26,1.714e-27,4.740e-18,4.740e-18,1.00000000
9.400000,-0.098194,-3.715312,-4.707228,5.997598,0.168109,-4.539119,4.388e-26,3.421e-27,3.370e-18,3.370e-18,1.00000000
9.500000,0.216644,-3.689188,-4.723619,5.997468,0.173106,-4.550513,1.564e-25,8.603e-27,2.113e-18,2.113e-18,1.00000000
9.600000,0.454591,-3.628634,-4.754273,5.998062,0.178725,-4.575548,3.736e-25,1.738e-26,1.448e-18,1.448e-18,1.00000000
9.700000,0.668277,-3.613402,-4.740839,5.998235,0.184242,-4.556596,6.113e-25,3.457e-26,1.069e-18,1.069e-18,1.00000000
9.800000,0.958996,-3.599400,-4.700668,5.997636,0.190865,-4.509803,1.140e-24,6.788e-26,8.865e-19,8.865e-19,1.00000000
9.900000,1.289838,-3.501159,-4.695330,5.997326,0.200114,-4.495216,2.229e-24,1.288e-25,9.292e-19,9.292e-19,1.00000000
10.000000,1.554592,-3.350261,-4.725633,5.997717,0.211383,-4.514249,3.977e-24,2.405e-25,1.202e-18,1.202e-18,1.00000000
10.000000,1.554592,-3.350261,-4.725633,5.997717,0.211383,-4.514249,3.977e-24,2.405e-25,1.202e-18,1.202e-18,1.00000000
10.100000,1.767633,-3.231918,-4.733518,5.998001,0.223258,-4.510260,6.880e-24,4.585e-25,2.093e-18,2.093e-18,1.00000000
10.200000,2.021920,-3.123067,-4.704305,5.997682,0.236248,-4.468056,1.094e-23,8.332e-25,4.192e-18,4.192e-18,1.00000000
10.300000,2.310268,-2.941712,-4.688046,5.997398,0.251796,-4.436250,1.523e-23,1.731e-24,4.313e-18,4.313e-18,1.00000000
10.400000,2.540747,-2.703705,-4.712254,5.997562,0.269348,-4.442906,3.950e-23,2.690e-23,4.734e-18,4.734e-18,1.00000000
10.500000,2.704633,-2.494902,-4.736479,5.997817,0.287021,-4.449458,1.909e-22,2.508e-22,5.551e-18,5.551e-18,1.00000000
10.600000,2.883883,-2.313230,-4.722897,5.997797,0.304628,-4.418269,6.488e-22,8.496e-22,8.197e-18,8.197e-18,1.00000000
10.700000,3.094605,-2.076582,-4.699294,5.997677,0.323521,-4.375773,1.191e-21,1.248e-21,7.711e-18,7.711e-18,1.00000000
10.800000,3.260524,-1.779155,-4.709092,5.997663,0.343689,-4.365403,1.140e-21,9.315e-22,5.051e-18,5.051e-18,1.00000000
10.900000,3.356753,-1.504410,-4.737287,5.997743,0.363506,-4.373780,6.243e-22,4.213e-22,4.890e-18,4.890e-18,1.00000000
11.000000,3.450570,-1.272504,-4.737998,5.997860,0.382434,-4.355564,2.468e-22,1.472e-22,4.099e-18,4.099e-18,1.00000000
11.100000,3.570670,-1.007585,-4.712767,5.997924,0.401690,-4.311078,9.150e-23,5.085e-23,2.749e-18,2.749e-18,1.00000000
11.200000,3.655854,-0.682474,-4.705593,5.997804,0.421903,-4.283691,3.570e-23,1.898e-23,1.840e-18,1.840e-18,1.00000000
11.300000,3.673154,-0.369933,-4.726749,5.997588,0.441994,-4.284755,1.456e-23,7.455e-24,1.454e-18,1.454e-18,1.00000000
11.400000,3.676724,-0.108728,-4.737203,5.997601,0.461117,-4.276086,6.157e-24,3.024e-24,1.218e-18,1.218e-18,1.00000000
11.500000,3.700676,0.162865,-4.717250,5.997831,0.480073,-4.237178,2.774e-24,1.272e-24,1.136e-18,1.136e-18,1.00000000
11.600000,3.695299,0.486577,-4.699149,5.997832,0.499861,-4.199288,1.318e-24,5.441e-25,1.380e-18,1.380e-18,1.00000000
11.700000,3.624127,0.805831,-4.710175,5.997451,0.520014,-4.190162,6.506e-25,2.289e-25,1.992e-18,1.992e-18,1.00000000
11.800000,3.531826,1.071067,-4.727177,5.997265,0.539529,-4.187648,3.773e-25,9.581e-26,3.749e-18,3.749e-18,1.00000000
11.900000,3.455818,1.325679,-4.719267,5.997632,0.558629,-4.160638,3.258e-25,4.263e-26,4.571e-18,4.571e-18,1.00000000
12.000000,3.356143,1.616327,-4.700997,5.997965,0.578330,-4.122668,4.081e-25,2.257e-26,3.740e-18,3.740e-18,1.00000000
12.100000,3.195489,1.903711,-4.704939,5.997643,0.598798,-4.106141,5.002e-25,1.855e-26,4.265e-18,4.265e-18,1.00000000
12.200000,3.012144,2.137449,-4.724930,5.997221,0.619233,-4.105696,6.314e-25,2.134e-26,7.230e-18,7.230e-18,1.00000000
12.300000,2.846771,2.346151,-4.728822,5.997523,0.639298,-4.089524,5.798e-25,2.622e-26,9.134e-18,9.134e-18,1.00000000
12.400000,2.667687,2.575204,-4.714786,5.998120,0.659609,-4.055178,6.483e-25,4.341e-26,5.522e-18,5.522e-18,1.00000000
12.500000,2.436429,2.799290,-4.712101,5.998009,0.680702,-4.031400,8.030e-25,6.697e-26,4.573e-18,4.573e-18,1.00000000
12.600000,2.184456,2.973224,-4.728326,5.997414,0.702236,-4.026090,1.121e-24,1.981e-25,4.037e-18,4.037e-18,1.00000000
12.700000,1.953759,3.116489,-4.737063,5.997453,0.723585,-4.013478,1.809e-24,6.161e-25,3.114e-18,3.114e-18,1.00000000
12.800000,1.719030,3.269638,-4.725618,5.998088,0.744862,-3.980756,2.604e-24,2.437e-24,2.693e-18,2.693e-18,1.00000000
12.900000,1.440751,3.414616,-4.716281,5.998222,0.766684,-3.949597,3.760e-24,5.862e-24,2.252e-18,2.252e-18,1.00000000
13.000000,1.144052,3.511528,-4.725601,5.997582,0.789215,-3.936386,6.285e-24,1.109e-23,1.540e-18,1.540e-18,1.00000000
13.100000,0.871780,3.575425,-4.735360,5.997274,0.811863,-3.923497,1.274e-23,2.143e-23,1.359e-18,1.359e-18,1.00000000
13.200000,0.604311,3.642618,-4.726469,5.997780,0.834296,-3.892173,2.581e-23,4.252e-23,1.385e-18,1.385e-18,1.00000000
13.300000,0.301700,3.697518,-4.713312,5.998164,0.856939,-3.856373,4.747e-23,8.318e-23,1.237e-18,1.237e-18,1.00000000
13.400000,-0.015666,3.703372,-4.717740,5.997689,0.880273,-3.837467,6.619e-23,1.469e-22,2.358e-18,2.358e-18,1.00000000
13.500000,-0.303311,3.674431,-4.729965,5.997166,0.903978,-3.825986,1.612e-22,3.093e-22,4.472e-18,4.472e-18,1.00000000
13.600000,-0.575462,3.646177,-4.726954,5.997487,0.927567,-3.799387,8.576e-22,1.476e-21,3.749e-18,3.749e-18,1.00000000
13.700000,-0.872477,3.604038,-4.714482,5.998054,0.951334,-3.763148,3.681e-21,5.777e-21,2.908e-18,2.908e-18,1.00000000
13.800000,-1.178343,3.512700,-4.716710,5.997909,0.975919,-3.740791,8.396e-21,1.151e-20,4.185e-18,4.185e-18,1.00000000
13.900000,-1.447632,3.387878,-4.732371,5.997390,1.001374,-3.730996,1.020e-20,1.301e-20,6.773e-18,6.773e-18,1.00000000
14.000000,-1.690144,3.267988,-4.736411,5.997493,1.027328,-3.709084,7.073e-21,8.962e-21,5.537e-18,5.537e-18,1.00000000
14.100000,-1.948154,3.139507,-4.724886,5.998029,1.053975,-3.670911,3.253e-21,4.226e-21,3.194e-18,3.194e-18,1.00000000
14.200000,-2.211674,2.964720,-4.721864,5.998088,1.081855,-3.640009,1.240e-21,1.660e-21,2.807e-18,2.807e-18,1.00000000
14.300000,-2.435520,2.758519,-4.736080,5.997636,1.111084,-3.624996,4.657e-22,6.397e-22,2.809e-18,2.809e-18,1.00000000
14.400000,-2.624502,2.563556,-4.744556,5.997553,1.141338,-3.603218,1.818e-22,2.555e-22,2.835e-18,2.835e-18,1.00000000
14.500000,-2.821381,2.368757,-4.733351,5.997984,1.172680,-3.560670,7.461e-23,1.086e-22,2.512e-18,2.512e-18,1.00000000
14.600000,-3.021901,2.131461,-4.722559,5.998131,1.205493,-3.517066,3.443e-23,5.212e-23,1.696e-18,1.696e-18,1.00000000
14.700000,-3.181883,1.862312,-4.730754,5.997718,1.239711,-3.491043,1.876e-23,2.952e-23,1.182e-18,1.182e-18,1.00000000
14.800000,-3.300869,1.608587,-4.741992,5.997481,1.274866,-3.467126,1.246e-23,1.905e-23,1.361e-18,1.361e-18,1.00000000
14.900000,-3.420053,1.365538,-4.734171,5.997819,1.310798,-3.423373,1.103e-23,1.433e-23,1.579e-18,1.579e-18,1.00000000
15.000000,-3.539884,1.086902,-4.718518,5.998045,1.347642,-3.370876,1.351e-23,1.369e-23,1.503e-18,1.503e-18,1.00000000
15.100000,-3.618204,0.775828,-4.720044,5.997676,1.385021,-3.335023,1.746e-23,1.558e-23,2.696e-18,2.696e-18,1.00000000
15.200000,-3.650411,0.482337,-4.733940,5.997360,1.422146,-3.311793,2.031e-23,1.639e-23,3.273e-18,3.273e-18,1.00000000
15.300000,-3.675609,0.212008,-4.734671,5.997680,1.458678,-3.275992,1.972e-23,1.475e-23,3.796e-18,3.796e-18,1.00000000
15.400000,-3.698777,-0.080126,-4.721131,5.998037,1.494818,-3.226313,2.209e-23,1.243e-23,4.181e-18,4.181e-18,1.00000000
15.500000,-3.681470,-0.400128,-4.718049,5.997776,1.530398,-3.187651,2.586e-23,1.065e-23,5.609e-18,5.609e-18,1.00000000
15.600000,-3.617007,-0.700697,-4.732394,5.997439,1.564849,-3.167546,4.798e-23,1.232e-23,4.862e-18,4.862e-18,1.00000000
15.700000,-3.543431,-0.966522,-4.741577,5.997718,1.598101,-3.143476,1.721e-22,1.818e-23,2.733e-18,2.733e-18,1.00000000
15.800000,-3.470721,-1.237443,-4.732932,5.998151,1.630762,-3.102170,3.394e-22,2.047e-23,2.196e-18,2.196e-18,1.00000000
15.900000,-3.363726,-1.529008,-4.724713,5.997952,1.663191,-3.061521,2.976e-22,2.201e-23,2.319e-18,2.319e-18,1.00000000
16.000000,-3.212057,-1.802501,-4.733285,5.997525,1.695168,-3.038117,1.884e-22,5.150e-23,2.488e-18,2.488e-18,1.00000000
16.100000,-3.051104,-2.036327,-4.745156,5.997697,1.726698,-3.018459,1.311e-22,1.433e-22,2.066e-18,2.066e-18,1.00000000
16.200000,-2.895733,-2.261363,-4.741217,5.998181,1.758374,-2.982843,1.546e-22,3.054e-22,1.650e-18,1.650e-18,1.00000000
16.300000,-2.714671,-2.498238,-4.729276,5.998057,1.790681,-2.938595,2.122e-22,5.211e-22,1.357e-18,1.357e-18,1.00000000
16.400000,-2.492424,-2.718878,-4.729252,5.997525,1.823470,-2.905782,3.227e-22,8.078e-22,1.243e-18,1.243e-18,1.00000000
16.500000,-2.258998,-2.899467,-4.739266,5.997552,1.856516,-2.882750,5.126e-22,1.196e-21,1.113e-18,1.113e-18,1.00000000
16.600000,-2.034478,-3.060082,-4.740639,5.998071,1.890042,-2.850597,6.811e-22,1.660e-21,1.220e-18,1.220e-18,1.00000000
16.700000,-1.795228,-3.221452,-4.730345,5.998063,1.924351,-2.805993,2.136e-21,2.586e-21,2.298e-18,2.298e-18,1.00000000
16.800000,-1.521845,-3.366081,-4.724737,5.997471,1.959210,-2.765527,1.058e-20,8.284e-21,3.133e-18,3.133e-18,1.00000000
16.900000,-1.235353,-3.471989,-4.731548,5.997362,1.994075,-2.737473,2.247e-20,2.380e-20,3.327e-18,3.327e-18,1.00000000
17.000000,-0.959633,-3.549270,-4.738881,5.997933,2.028732,-2.710148,2.566e-20,3.977e-20,3.724e-18,3.724e-18,1.00000000
17.100000,-0.683867,-3.616224,-4.736353,5.998149,2.063353,-2.673000,1.859e-20,3.884e-20,4.587e-18,4.587e-18,1.00000000
17.200000,-0.388758,-3.666174,-4.730718,5.997638,2.097908,-2.632811,9.752e-21,2.438e-20,4.854e-18,4.854e-18,1.00000000
17.300000,-0.082334,-3.682330,-4.733112,5.997390,2.132030,-2.601082,4.238e-21,1.151e-20,3.446e-18,3.446e-18,1.00000000
17.400000,0.213487,-3.666652,-4.741824,5.997900,2.165512,-2.576312,1.704e-21,4.844e-21,2.698e-18,2.698e-18,1.00000000
17.500000,0.495714,-3.634172,-4.746235,5.998307,2.198635,-2.547600,6.744e-22,2.033e-21,2.008e-18,2.008e-18,1.00000000
17.600000,0.779012,-3.588120,-4.742748,5.997927,2.231854,-2.510894,2.771e-22,8.971e-22,2.054e-18,2.054e-18,1.00000000
17.700000,1.069209,-3.517189,-4.738786,5.997493,2.265318,-2.473468,1.315e-22,4.477e-22,2.121e-18,2.121e-18,1.00000000
17.800000,1.353087,-3.414727,-4.741555,5.997795,2.298944,-2.442611,7.884e-23,2.758e-22,1.833e-18,1.833e-18,1.00000000
17.900000,1.616578,-3.290057,-4.747824,5.998302,2.332841,-2.414982,6.381e-23,2.176e-22,1.321e-18,1.321e-18,1.00000000
18.000000,1.863744,-3.155303,-4.748428,5.998087,2.367561,-2.380867,6.237e-23,2.038e-22,1.470e-18,1.470e-18,1.00000000
18.100000,2.109241,-3.006868,-4.741327,5.997527,2.403597,-2.337729,7.088e-23,2.198e-22,1.519e-18,1.519e-18,1.00000000
18.200000,2.352905,-2.829880,-4.735689,5.997593,2.440884,-2.294804,8.717e-23,2.611e-22,1.454e-18,1.454e-18,1.00000000
18.300000,2.575295,-2.624054,-4.739169,5.998127,2.479023,-2.260146,1.050e-22,2.875e-22,2.037e-18,2.037e-18,1.00000000
18.400000,2.766567,-2.409128,-4.745483,5.998117,2.518101,-2.227383,1.265e-22,2.901e-22,3.676e-18,3.676e-18,1.00000000
18.500000,2.943350,-2.194167,-4.742667,5.997547,2.558629,-2.184038,1.706e-22,2.779e-22,4.000e-18,4.000e-18,1.00000000
18.600000,3.119445,-1.959320,-4.732767,5.997413,2.600555,-2.132212,2.648e-22,2.775e-22,3.461e-18,3.461e-18,1.00000000
18.700000,3.276249,-1.690309,-4.731179,5.997917,2.643018,-2.088162,3.743e-22,2.825e-22,3.641e-18,3.641e-18,1.00000000
18.800000,3.391065,-1.410836,-4.742164,5.998158,2.685451,-2.056712,7.781e-22,3.477e-22,4.139e-18,4.139e-18,1.00000000
18.900000,3.478514,-1.147497,-4.749381,5.997786,2.728192,-2.021189,1.787e-21,4.931e-22,3.656e-18,3.656e-18,1.00000000
19.000000,3.565361,-0.881731,-4.741456,5.997554,2.771494,-1.969963,2.526e-21,5.488e-22,2.614e-18,2.614e-18,1.00000000
19.100000,3.638216,-0.582428,-4.732735,5.997885,2.814741,-1.917994,2.075e-21,3.918e-22,1.938e-18,1.938e-18,1.00000000
19.200000,3.664912,-0.268608,-4.740777,5.998225,2.857229,-1.883547,1.216e-21,3.221e-22,1.652e-18,1.652e-18,1.00000000
19.300000,3.655797,0.017135,-4.755172,5.998067,2.899166,-1.856006,9.891e-22,4.737e-22,1.263e-18,1.263e-18,1.00000000
19.400000,3.647467,0.284447,-4.752733,5.997782,2.941216,-1.811516,1.241e-21,7.704e-22,1.111e-18,1.111e-18,1.00000000
19.500000,3.633032,0.578395,-4.737175,5.997857,2.983437,-1.753738,1.959e-21,1.173e-21,1.124e-18,1.124e-18,1.00000000
19.600000,3.572305,0.893327,-4.734772,5.998121,3.025299,-1.709472,3.072e-21,1.791e-21,1.403e-18,1.403e-18,1.00000000
19.700000,3.468543,1.177103,-4.749840,5.998112,3.066602,-1.683238,4.285e-21,2.797e-21,1.346e-18,1.346e-18,1.00000000
19.800000,3.365943,1.423512,-4.755878,5.997861,3.107865,-1.648014,5.703e-21,4.279e-21,1.084e-18,1.084e-18,1.00000000
19.900000,3.266852,1.682479,-4.740268,5.997766,3.149605,-1.590662,1.161e-20,6.829e-21,1.538e-18,1.538e-18,1.00000000
20.000000,3.125067,1.965504,-4.727116,5.997906,3.191600,-1.535516,2.477e-20,1.332e-20,2.560e-18,2.560e-18,1.00000000
20.100000,2.933077,2.220626,-4.737266,5.997984,3.233136,-1.504130,3.075e-20,2.135e-20,2.897e-18,2.897e-18,1.00000000
20.200000,2.740044,2.424506,-4.752708,5.997858,3.274091,-1.478618,2.650e-20,2.464e-20,3.901e-18,3.901e-18,1.00000000
20.300000,2.562687,2.621697,-4.746809,5.997737,3.315149,-1.431660,1.818e-20,2.260e-20,4.235e-18,4.235e-18,1.00000000
20.400000,2.354162,2.839053,-4.729790,5.997767,3.356672,-1.373118,9.525e-21,1.526e-20,2.834e-18,2.834e-18,1.00000000
20.500000,2.092410,3.034010,-4.731908,5.997862,3.398007,-1.333901,4.384e-21,8.001e-21,2.735e-18,2.735e-18,1.00000000
20.600000,1.825738,3.171461,-4.752209,5.997915,3.438471,-1.313739,1.941e-21,3.845e-21,2.471e-18,2.471e-18,1.00000000
20.700000,1.588719,3.285818,-4.759686,5.997936,3.478581,-1.281105,8.739e-22,1.937e-21,1.962e-18,1.962e-18,1.00000000
20.800000,1.341256,3.414836,-4.745015,5.997936,3.519317,-1.225698,4.280e-22,1.130e-21,1.233e-18,1.233e-18,1.00000000
20.900000,1.044123,3.529309,-4.735916,5.997926,3.560647,-1.175269,2.705e-22,7.774e-22,1.042e-18,1.042e-18,1.00000000
21.000000,0.734131,3.587750,-4.750251,5.997981,3.601704,-1.148547,2.371e-22,6.135e-22,1.020e-18,1.020e-18,1.00000000
21.100000,0.461116,3.612559,-4.765907,5.998089,3.642465,-1.123442,2.487e-22,5.802e-22,1.273e-18,1.273e-18,1.00000000
21.200000,0.200684,3.647073,-4.757705,5.998097,3.684056,-1.073649,2.940e-22,6.099e-22,1.578e-18,1.578e-18,1.00000000
21.300000,-0.099009,3.674825,-4.739323,5.997943,3.727107,-1.012216,3.655e-22,7.229e-22,1.432e-18,1.432e-18,1.00000000
21.400000,-0.421340,3.650400,-4.740398,5.997860,3.770842,-0.969557,4.438e-22,9.289e-22,1.100e-18,1.100e-18,1.00000000
21.500000,-0.708631,3.583313,-4.757475,5.997988,3.814481,-0.942994,5.698e-22,1.359e-21,1.578e-18,1.578e-18,1.00000000
21.600000,-0.962248,3.520269,-4.760154,5.998106,3.858666,-0.901487,7.160e-22,2.596e-21,2.112e-18,2.112e-18,1.00000000
21.700000,-1.236179,3.458895,-4.741638,5.997935,3.904347,-0.837291,7.534e-22,4.321e-21,2.584e-18,2.584e-18,1.00000000
21.800000,-1.537600,3.351684,-4.730171,5.997709,3.951059,-0.779112,8.732e-22,4.810e-21,3.405e-18,3.405e-18,1.00000000
21.900000,-1.811757,3.193149,-4.742889,5.997805,3.997486,-0.745403,1.175e-21,7.180e-21,3.821e-18,3.821e-18,1.00000000
22.000000,-2.036187,3.032097,-4.757864,5.998078,4.043460,-0.714404,2.231e-21,8.464e-21,2.300e-18,2.300e-18,1.00000000
22.100000,-2.256380,2.884683,-4.750131,5.998033,4.089947,-0.660185,3.787e-21,9.769e-21,1.873e-18,1.873e-18,1.00000000
22.200000,-2.500775,2.705168,-4.732979,5.997741,4.137227,-0.595752,4.339e-21,7.548e-21,1.927e-18,1.927e-18,1.00000000
22.300000,-2.727225,2.470021,-4.736479,5.997749,4.184344,-0.552135,3.355e-21,5.400e-21,1.574e-18,1.574e-18,1.00000000
22.400000,-2.896546,2.225888,-4.757395,5.998113,4.230678,-0.526717,2.384e-21,3.365e-21,1.089e-18,1.089e-18,1.00000000
22.500000,-3.041272,2.009916,-4.763394,5.998252,4.276975,-0.486419,2.282e-21,2.101e-21,9.815e-19,9.815e-19,1.00000000
22.600000,-3.204345,1.783197,-4.746372,5.997971,4.324237,-0.422134,2.924e-21,1.549e-21,9.348e-19,9.348e-19,1.00000000
22.700000,-3.358918,1.501929,-4.736631,5.997816,4.372388,-0.364243,4.035e-21,1.516e-21,1.045e-18,1.045e-18,1.00000000
22.800000,-3.456585,1.201991,-4.752301,5.998094,4.420703,-0.331598,5.100e-21,1.760e-21,1.292e-18,1.292e-18,1.00000000
22.900000,-3.516459,0.939112,-4.767854,5.998320,4.469269,-0.298584,5.920e-21,2.589e-21,1.115e-18,1.115e-18,1.00000000
23.000000,-3.588712,0.688907,-4.756396,5.998062,4.519075,-0.237320,6.901e-21,6.343e-21,1.067e-18,1.067e-18,1.00000000
23.100000,-3.659654,0.391530,-4.735688,5.997758,4.570603,-0.165085,1.098e-20,1.701e-20,1.340e-18,1.340e-18,1.00000000
23.200000,-3.675738,0.064157,-4.739182,5.997917,4.623144,-0.116038,2.226e-20,2.760e-20,1.793e-18,1.793e-18,1.00000000
23.300000,-3.643814,-0.225326,-4.759239,5.998209,4.675883,-0.083356,3.489e-20,3.344e-20,1.797e-18,1.797e-18,1.00000000
23.400000,-3.618599,-0.479367,-4.759466,5.998047,4.729063,-0.030403,3.949e-20,2.921e-20,2.627e-18,2.627e-18,1.00000000
23.500000,-3.598770,-0.764627,-4.736742,5.997710,4.783265,0.046523,3.127e-20,1.805e-20,3.596e-18,3.596e-18,1.00000000
23.600000,-3.526972,-1.086850,-4.727863,5.997788,4.838050,0.110187,1.780e-20,9.432e-21,2.579e-18,2.579e-18,1.00000000
23.700000,-3.398058,-1.375432,-4.747489,5.998105,4.892111,0.144622,1.275e-20,4.933e-21,1.490e-18,1.490e-18,1.00000000
23.800000,-3.272151,-1.608865,-4.762501,5.998069,4.944933,0.182433,1.288e-20,2.799e-21,1.441e-18,1.441e-18,1.00000000
23.900000,-3.163190,-1.850881,-4.747850,5.997800,4.997245,0.249395,8.907e-21,1.864e-21,1.236e-18,1.236e-18,1.00000000
24.000000,-3.011219,-2.129541,-4.729873,5.997840,5.049552,0.319679,4.323e-21,1.521e-21,1.089e-18,1.089e-18,1.00000000
24.100000,-2.796462,-2.381825,-4.741760,5.998131,5.101108,0.359348,2.223e-21,1.422e-21,9.597e-19,9.597e-19,1.00000000
24.200000,-2.582602,-2.567903,-4.765931,5.998171,5.151149,0.385218,1.420e-21,1.379e-21,9.365e-19,9.365e-19,1.00000000
24.300000,-2.401487,-2.742504,-4.763101,5.997967,5.200448,0.437347,1.102e-21,1.637e-21,1.067e-18,1.067e-18,1.00000000
24.400000,-2.192864,-2.949868,-4.739742,5.997961,5.250502,0.510760,9.649e-22,2.583e-21,1.019e-18,1.019e-18,1.00000000
24.500000,-1.918281,-3.139091,-4.737519,5.998149,5.301496,0.563977,9.696e-22,3.724e-21,9.548e-19,9.548e-19,1.00000000
24.600000,-1.638673,-3.259292,-4.761243,5.998139,5.352400,0.591156,1.026e-21,4.270e-21,1.114e-18,1.114e-18,1.00000000
24.700000,-1.404762,-3.353919,-4.770025,5.997938,5.403302,0.633277,1.201e-21,5.450e-21,1.192e-18,1.192e-18,1.00000000
24.800000,-1.162831,-3.475626,-4.747945,5.997928,5.455835,0.707891,1.531e-21,8.300e-21,1.762e-18,1.762e-18,1.00000000
24.900000,-0.856346,-3.584806,-4.732082,5.998064,5.510773,0.778691,2.015e-21,1.106e-20,1.894e-18,1.894e-18,1.00000000
25.000000,-0.535605,-3.625083,-4.748450,5.997990,5.566767,0.818317,3.123e-21,1.133e-20,2.052e-18,2.052e-18,1.00000000
25.100000,-0.267433,-3.629994,-4.767105,5.997805,5.622724,0.855618,5.648e-21,1.532e-20,2.674e-18,2.674e-18,1.00000000
25.200000,-0.013119,-3.656428,-4.754466,5.997882,5.679619,0.925152,1.134e-20,2.197e-20,2.245e-18,2.245e-18,1.00000000
25.300000,0.295674,-3.674385,-4.731615,5.998058,5.738493,1.006879,1.607e-20,2.801e-20,1.098e-18,1.098e-18,1.00000000
25.400000,0.625977,-3.624973,-4.737428,5.997958,5.798195,1.060767,1.392e-20,3.358e-20,9.271e-19,9.271e-19,1.00000000
25.500000,0.902740,-3.533750,-4.761428,5.997794,5.856940,1.095512,9.324e-21,3.833e-20,1.060e-18,1.060e-18,1.00000000
25.600000,1.144646,-3.461600,-4.762634,5.997963,5.914969,1.152335,5.711e-21,5.926e-20,1.219e-18,1.219e-18,1.00000000
25.700000,1.422908,-3.388759,-4.740257,5.998199,5.973663,1.233406,3.973e-21,4.656e-20,1.095e-18,1.095e-18,1.00000000
25.800000,1.725251,-3.254334,-4.733892,5.998076,6.032974,1.299082,3.543e-21,3.310e-20,8.391e-19,8.391e-19,1.00000000
25.900000,1.979006,-3.074269,-4.754643,5.997852,6.091484,1.336841,3.608e-21,3.033e-20,8.236e-19,8.236e-19,1.00000000
26.000000,2.183908,-2.912627,-4.766913,5.998025,6.148940,1.382027,4.016e-21,2.277e-20,8.530e-19,8.530e-19,1.00000000
26.100000,2.405524,-2.761951,-4.750272,5.998334,6.206817,1.456545,4.803e-21,1.796e-20,8.322e-19,8.322e-19,1.00000000
26.200000,2.649325,-2.560061,-4.733467,5.998211,6.266158,1.532691,6.534e-21,1.623e-20,9.060e-19,9.060e-19,1.00000000
26.300000,2.852477,-2.309512,-4.743783,5.997829,6.326225,1.582442,1.183e-20,2.020e-20,1.006e-18,1.006e-18,1.00000000
26.400000,3.000881,-2.073944,-4.761097,5.997881,6.386173,1.625075,2.556e-20,2.867e-20,1.485e-18,1.485e-18,1.00000000
26.500000,3.148795,-1.860676,-4.754180,5.998271,6.446784,1.692604,3.879e-20,3.340e-20,1.569e-18,1.569e-18,1.00000000
26.600000,3.312451,-1.611151,-4.733976,5.998223,6.509411,1.775435,3.973e-20,2.868e-20,1.754e-18,1.754e-18,1.00000000
26.700000,3.441668,-1.313349,-4.733112,5.997692,6.573861,1.840749,3.118e-20,1.825e-20,2.147e-18,2.147e-18,1.00000000
26.800000,3.515256,-1.024258,-4.750272,5.997601,6.638712,1.888440,2.591e-20,9.701e-21,2.154e-18,2.154e-18,1.00000000
26.900000,3.575100,-0.765784,-4.754966,5.998121,6.703514,1.948549,3.351e-20,5.762e-21,1.359e-18,1.359e-18,1.00000000
27.000000,3.642416,-0.490929,-4.740373,5.998278,6.769179,2.028806,4.249e-20,4.163e-21,8.686e-19,8.686e-19,1.00000000
27.100000,3.679973,-0.176533,-4.732779,5.997713,6.836092,2.103314,4.191e-20,3.652e-21,9.225e-19,9.225e-19,1.00000000
27.200000,3.665165,0.133947,-4.745339,5.997468,6.903112,2.157773,5.449e-20,3.444e-21,9.673e-19,9.673e-19,1.00000000
27.300000,3.629733,0.409710,-4.757502,5.998054,6.969130,2.211628,1.082e-19,3.236e-21,8.799e-19,8.799e-19,1.00000000
27.400000,3.597243,0.681775,-4.751462,5.998447,7.034550,2.283088,1.980e-19,3.227e-21,8.074e-19,8.074e-19,1.00000000
27.500000,3.541792,0.978515,-4.740612,5.997931,7.100449,2.359837,2.019e-19,3.747e-21,8.824e-19,8.824e-19,1.00000000
27.600000,3.440911,1.273774,-4.744186,5.997471,7.166763,2.422577,1.473e-19,5.163e-21,8.254e-19,8.254e-19,1.00000000
27.700000,3.316619,1.536425,-4.755520,5.997961,7.232544,2.477024,1.333e-19,7.348e-21,6.891e-19,6.891e-19,1.00000000
27.800000,3.192522,1.781326,-4.755761,5.998548,7.297694,2.541934,9.566e-20,8.535e-21,7.255e-19,7.255e-19,1.00000000
27.900000,3.053257,2.034091,-4.745304,5.998151,7.363416,2.618112,7.839e-20,9.608e-21,9.957e-19,9.957e-19,1.00000000
28.000000,2.877832,2.284097,-4.740292,5.997448,7.430506,2.690214,8.552e-20,1.781e-20,1.293e-18,1.293e-18,1.00000000
28.100000,2.677449,2.506927,-4.745421,5.997703,7.498389,2.752968,8.447e-20,6.612e-20,1.550e-18,1.550e-18,1.00000000
28.200000,2.472900,2.704223,-4.749007,5.998427,7.566269,2.817262,7.496e-20,2.196e-19,1.457e-18,1.457e-18,1.00000000
28.300000,2.260363,2.892602,-4.743659,5.998224,7.634569,2.890910,7.232e-20,4.881e-19,1.400e-18,1.400e-18,1.00000000
28.400000,2.024324,3.072158,-4.736271,5.997358,7.704225,2.967954,7.345e-20,8.962e-19,1.642e-18,1.642e-18,1.00000000
28.500000,1.765113,3.229102,-4.735585,5.997373,7.775029,3.039444,7.160e-20,1.601e-18,1.372e-18,1.601e-18,1.00000000
28.600000,1.496641,3.356660,-4.740415,5.998219,7.845717,3.105301,6.056e-20,2.611e-18,8.827e-19,2.611e-18,1.00000000
28.700000,1.227093,3.460493,-4.743363,5.998354,7.915667,3.172305,4.209e-20,3.444e-18,7.154e-19,3.444e-18,1.00000000
28.800000,0.952197,3.547810,-4.741010,5.997567,7.985579,3.244569,2.456e-20,3.977e-18,7.295e-19,3.977e-18,1.00000000
28.900000,0.663678,3.617153,-4.737518,5.997362,8.055993,3.318475,1.400e-20,4.718e-18,7.464e-19,4.718e-18,1.00000000
29.000000,0.363596,3.658372,-4.739385,5.998138,8.126280,3.386895,9.156e-21,5.907e-18,7.669e-19,5.907e-18,1.00000000
29.100000,0.067274,3.667654,-4.746153,5.998515,8.195585,3.449432,7.617e-21,7.120e-18,8.745e-19,7.120e-18,1.00000000
29.200000,-0.216480,3.656580,-4.749438,5.997883,8.264393,3.514955,7.533e-21,8.307e-18,7.700e-19,8.307e-18,1.00000000
29.300000,-0.500410,3.634446,-4.744474,5.997470,8.333926,3.589451,8.823e-21,1.131e-17,6.739e-19,1.131e-17,1.00000000
29.400000,-0.796674,3.589278,-4.739078,5.998039,8.404520,3.665442,1.434e-20,1.686e-17,8.394e-19,1.686e-17,1.00000000
29.500000,-1.089514,3.507756,-4.742460,5.998527,8.475452,3.732991,2.397e-20,2.193e-17,1.041e-18,2.193e-17,1.00000000
29.600000,-1.357422,3.403094,-4.748990,5.998045,8.546581,3.797591,2.846e-20,2.352e-17,1.237e-18,2.352e-17,1.00000000
29.700000,-1.611300,3.294512,-4.745501,5.997490,8.618939,3.873437,2.619e-20,2.434e-17,1.402e-18,2.434e-17,1.00000000
29.800000,-1.875234,3.169722,-4.733966,5.997839,8.693314,3.959348,3.033e-20,2.339e-17,1.398e-18,2.339e-17,1.00000000
29.900000,-2.138007,3.005235,-4.730528,5.998367,8.769137,4.038609,9.427e-20,2.321e-17,1.216e-18,2.321e-17,1.00000000
30.000000,-2.368124,2.813322,-4.738531,5.998039,8.845411,4.106880,3.913e-19,2.319e-17,1.145e-18,2.319e-17,1.00000000
30.100000,-2.570041,2.623860,-4.741266,5.997445,8.922195,4.180930,1.113e-18,2.221e-17,1.099e-18,2.221e-17,1.00000000
30.200000,-2.775190,2.428019,-4.730208,5.997651,9.000086,4.269879,2.383e-18,1.855e-17,8.294e-19,1.855e-17,1.00000000
30.300000,-2.979205,2.192884,-4.721671,5.998215,9.078799,4.357128,4.295e-18,1.284e-17,6.881e-19,1.284e-17,1.00000000
30.400000,-3.145175,1.926990,-4.729875,5.998094,9.157055,4.427180,7.036e-18,7.749e-18,6.671e-19,7.749e-18,1.00000000
30.500000,-3.271000,1.671035,-4.741278,5.997626,9.234123,4.492845,1.083e-17,4.249e-18,7.129e-19,1.083e-17,1.00000000
30.600000,-3.392441,1.424377,-4.736616,5.997753,9.310451,4.573835,1.542e-17,2.149e-18,7.686e-19,1.542e-17,1.00000000
30.700000,-3.512847,1.146945,-4.724734,5.998224,9.386656,4.661922,2.104e-17,1.004e-18,8.303e-19,2.104e-17,1.00000000
30.800000,-3.594600,0.838650,-4.727961,5.998174,9.462432,4.734471,2.818e-17,4.402e-19,7.086e-19,2.818e-17,1.00000000
30.900000,-3.630862,0.545680,-4.742629,5.997787,9.537107,4.794479,3.889e-17,1.908e-19,6.870e-19,3.889e-17,1.00000000
31.000000,-3.659070,0.277391,-4.744290,5.997835,9.610982,4.866693,5.789e-17,9.216e-20,7.467e-19,5.789e-17,1.00000000
31.100000,-3.688270,-0.009304,-4.730190,5.998176,9.685283,4.955092,8.656e-17,5.988e-20,1.006e-18,8.656e-17,1.00000000
31.200000,-3.680994,-0.325678,-4.724587,5.998126,9.760686,5.036098,1.171e-16,8.580e-20,1.111e-18,1.171e-16,1.00000000
31.300000,-3.626066,-0.626355,-4.736309,5.997775,9.836529,5.100220,1.374e-16,2.270e-19,1.324e-18,1.374e-16,1.00000000
31.400000,-3.560979,-0.891914,-4.743125,5.997776,9.912269,5.169144,1.471e-16,5.676e-19,1.390e-18,1.471e-16,1.00000000
31.500000,-3.499330,-1.162073,-4.730834,5.998042,9.988752,5.257918,1.460e-16,1.421e-18,1.197e-18,1.460e-16,1.00000000
31.600000,-3.404313,-1.457127,-4.718402,5.997990,10.067026,5.348623,1.253e-16,2.705e-18,1.013e-18,1.253e-16,1.00000000
31.700000,-3.260297,-1.737607,-4.724737,5.997662,10.146339,5.421601,1.017e-16,3.561e-18,8.663e-19,1.017e-16,1.00000000
31.800000,-3.103831,-1.976793,-4.736079,5.997660,10.225076,5.488997,7.768e-17,4.824e-18,7.547e-19,7.768e-17,1.00000000
31.900000,-2.954174,-2.206106,-4.730897,5.997953,10.303134,5.572237,5.198e-17,7.902e-18,6.760e-19,5.198e-17,1.00000000
32.000000,-2.777933,-2.450360,-4.717479,5.997982,10.381580,5.664101,3.097e-17,1.390e-17,6.052e-19,3.097e-17,1.00000000
32.100000,-2.555195,-2.679165,-4.718646,5.997714,10.460167,5.741521,1.704e-17,2.517e-17,6.309e-19,2.517e-17,1.00000000
32.200000,-2.319637,-2.863589,-4.731989,5.997714,10.537293,5.805304,8.709e-18,4.444e-17,6.652e-19,4.444e-17,1.00000000
32.300000,-2.097222,-3.026376,-4.734886,5.998036,10.612471,5.877585,4.231e-18,7.196e-17,7.105e-19,7.196e-17,1.00000000
32.400000,-1.861199,-3.194003,-4.723549,5.998136,10.686940,5.963391,2.019e-18,1.090e-16,6.839e-19,1.090e-16,1.00000000
32.500000,-1.586553,-3.346114,-4.718142,5.997874,10.761512,6.043370,9.808e-19,1.526e-16,6.785e-19,1.526e-16,1.00000000
32.600000,-1.299145,-3.455191,-4.727285,5.997778,10.835463,6.108178,5.027e-19,1.907e-16,7.763e-19,1.907e-16,1.00000000
32.700000,-1.029398,-3.536168,-4.734178,5.998049,10.908232,6.174054,2.750e-19,2.146e-16,9.919e-19,2.146e-16,1.00000000
32.800000,-0.759999,-3.614451,-4.726124,5.998175,10.980782,6.254657,1.669e-19,2.310e-16,1.135e-18,2.310e-16,1.00000000
32.900000,-0.462821,-3.677784,-4.715326,5.997883,11.054360,6.339034,1.473e-19,2.457e-16,1.153e-18,2.457e-16,1.00000000
33.000000,-0.152587,-3.701108,-4.717063,5.997680,11.128811,6.411748,2.143e-19,2.609e-16,1.098e-18,2.609e-16,1.00000000
33.100000,0.139577,-3.692302,-4.724675,5.997927,11.203263,6.478588,5.997e-19,2.793e-16,1.025e-18,2.793e-16,1.00000000
33.200000,0.418976,-3.674312,-4.722440,5.998129,11.277803,6.555363,2.300e-18,2.376e-16,9.366e-19,2.376e-16,1.00000000
33.300000,0.711611,-3.642118,-4.711965,5.997835,11.353268,6.641302,5.822e-18,1.642e-16,8.152e-19,1.642e-16,1.00000000
33.400000,1.014483,-3.573924,-4.708323,5.997534,11.429655,6.721332,1.096e-17,9.955e-17,7.249e-19,9.955e-17,1.00000000
33.500000,1.300464,-3.471057,-4.715276,5.997772,11.505949,6.790673,1.997e-17,5.537e-17,6.117e-19,5.537e-17,1.00000000
33.600000,1.562948,-3.354279,-4.720509,5.998100,11.581432,6.860923,3.527e-17,3.273e-17,5.791e-19,3.527e-17,1.00000000
33.700000,1.821163,-3.227375,-4.716159,5.997895,11.656314,6.940154,5.810e-17,2.238e-17,5.893e-19,5.810e-17,1.00000000
33.800000,2.082602,-3.073312,-4.710435,5.997556,11.730872,7.020437,8.683e-17,1.579e-17,6.481e-19,8.683e-17,1.00000000
33.900000,2.328791,-2.886325,-4.713708,5.997765,11.804787,7.091079,1.137e-16,9.849e-18,7.332e-19,1.137e-16,1.00000000
34.000000,2.545092,-2.683900,-4.722011,5.998183,11.877517,7.155507,1.314e-16,5.378e-18,6.766e-19,1.314e-16,1.00000000
34.100000,2.742641,-2.479113,-4.723229,5.998081,11.949046,7.225817,1.423e-16,2.918e-18,7.063e-19,1.423e-16,1.00000000
34.200000,2.936733,-2.260241,-4.715845,5.997689,12.019894,7.304049,1.561e-16,1.852e-18,7.804e-19,1.561e-16,1.00000000
34.300000,3.118533,-2.012535,-4.711438,5.997766,12.090578,7.379140,1.848e-16,1.470e-18,9.880e-19,1.848e-16,1.00000000
34.400000,3.268301,-1.747053,-4.716347,5.998159,12.161105,7.444758,2.346e-16,1.488e-18,1.067e-18,2.346e-16,1.00000000
34.500000,3.388817,-1.485648,-4.720808,5.998104,12.231193,7.510385,2.945e-16,1.963e-18,9.975e-19,2.945e-16,1.00000000
34.600000,3.500042,-1.224300,-4.714099,5.997661,12.300902,7.586802,3.346e-16,3.346e-18,1.023e-18,3.346e-16,1.00000000
34.700000,3.601354,-0.939835,-4.703016,5.997616,12.370798,7.667782,3.525e-16,6.112e-18,9.434e-19,3.525e-16,1.00000000
34.800000,3.669062,-0.634136,-4.702304,5.997984,12.441154,7.738850,3.232e-16,1.137e-17,8.553e-19,3.232e-16,1.00000000
34.900000,3.698384,-0.336871,-4.710054,5.998011,12.511300,7.801246,2.718e-16,2.378e-17,6.718e-19,2.718e-16,1.00000000
35.000000,3.713227,-0.055127,-4.709583,5.997605,12.580295,7.870712,2.247e-16,5.081e-17,6.196e-19,2.247e-16,1.00000000
35.100000,3.720384,0.239587,-4.698015,5.997500,12.648107,7.950091,1.741e-16,9.278e-17,5.907e-19,1.741e-16,1.00000000
35.200000,3.692870,0.555827,-4.693392,5.997846,12.715286,8.021894,1.205e-16,1.369e-16,5.463e-19,1.369e-16,1.00000000
35.300000,3.620364,0.858803,-4.704393,5.997990,12.781447,8.077054,7.915e-17,1.798e-16,5.347e-19,1.798e-16,1.00000000
35.400000,3.532632,1.129704,-4.713471,5.997710,12.845237,8.131766,4.998e-17,2.276e-16,6.287e-19,2.276e-16,1.00000000
35.500000,3.444684,1.399674,-4.705966,5.997587,12.906249,8.200283,2.839e-17,2.667e-16,6.728e-19,2.667e-16,1.00000000
35.600000,3.326268,1.688571,-4.696726,5.997880,12.965711,8.268985,1.434e-17,2.751e-16,6.449e-19,2.751e-16,1.00000000
35.700000,3.161036,1.961643,-4.704999,5.998100,13.024492,8.319492,7.816e-18,2.683e-16,6.797e-19,2.683e-16,1.00000000
35.800000,2.983816,2.191271,-4.719157,5.997939,13.081738,8.362581,5.381e-18,2.642e-16,7.782e-19,2.642e-16,1.00000000
35.900000,2.817439,2.408627,-4.715272,5.997769,13.136700,8.421428,3.836e-18,2.526e-16,8.694e-19,2.526e-16,1.00000000
36.000000,2.627690,2.642537,-4.699696,5.997908,13.190700,8.491003,2.920e-18,2.456e-16,9.172e-19,2.456e-16,1.00000000
36.100000,2.389722,2.860586,-4.699265,5.998068,13.245576,8.546311,3.357e-18,2.717e-16,9.329e-19,2.717e-16,1.00000000
36.200000,2.141293,3.028594,-4.713566,5.997934,13.301008,8.587442,6.909e-18,2.863e-16,9.106e-19,2.863e-16,1.00000000
36.300000,1.914326,3.175496,-4.714281,5.997738,13.355469,8.641188,1.699e-17,3.182e-16,8.286e-19,3.182e-16,1.00000000
36.400000,1.672804,3.335667,-4.695578,5.997783,13.409347,8.713769,3.718e-17,3.888e-16,7.902e-19,3.888e-16,1.00000000
36.500000,1.382148,3.479008,-4.686236,5.997886,13.464645,8.778409,6.628e-17,4.375e-16,7.038e-19,4.375e-16,1.00000000
36.600000,1.080623,3.566790,-4.699342,5.997796,13.521487,8.822145,9.782e-17,4.359e-16,6.247e-19,4.359e-16,1.00000000
36.700000,0.810829,3.625894,-4.708252,5.997682,13.577557,8.869305,1.254e-16,2.996e-16,5.597e-19,2.996e-16,1.00000000
36.800000,0.539279,3.694632,-4.693807,5.997746,13.631747,8.937940,1.509e-16,2.198e-16,5.240e-19,2.198e-16,1.00000000
36.900000,0.222556,3.745075,-4.679616,5.997826,13.685616,9.006000,1.760e-16,1.302e-16,5.542e-19,1.760e-16,1.00000000
37.000000,-0.103941,3.736137,-4.690837,5.997789,13.740038,9.049201,2.016e-16,6.735e-17,6.517e-19,2.016e-16,1.00000000
37.100000,-0.388131,3.694828,-4.708599,5.997775,13.792908,9.084309,2.347e-16,3.473e-17,6.774e-19,2.347e-16,1.00000000
37.200000,-0.657667,3.664292,-4.702637,5.997863,13.842223,9.139586,2.754e-16,2.117e-17,6.348e-19,2.754e-16,1.00000000
37.300000,-0.963662,3.618780,-4.685153,5.997906,13.889167,9.204014,3.046e-16,1.444e-17,6.258e-19,3.046e-16,1.00000000
37.400000,-1.278346,3.514305,-4.689351,5.997876,13.935882,9.246531,3.048e-16,1.009e-17,6.941e-19,3.048e-16,1.00000000
37.500000,-1.544534,3.377690,-4.709612,5.997902,13.981583,9.271971,2.839e-16,8.038e-18,8.672e-19,2.839e-16,1.00000000
37.600000,-1.782586,3.257058,-4.710583,5.997969,14.023940,9.313357,2.556e-16,1.104e-17,8.916e-19,2.556e-16,1.00000000
37.700000,-2.047964,3.127923,-4.690097,5.997922,14.063385,9.373288,2.321e-16,2.223e-17,9.784e-19,2.321e-16,1.00000000
37.800000,-2.321277,2.940937,-4.683607,5.997801,14.102803,9.419195,2.210e-16,4.559e-17,8.063e-19,2.210e-16,1.00000000
37.900000,-2.543526,2.721221,-4.700931,5.997776,14.142706,9.441775,2.226e-16,8.591e-17,7.133e-19,2.226e-16,1.00000000
38.000000,-2.727707,2.522904,-4.708348,5.997831,14.180393,9.472045,2.247e-16,1.404e-16,6.800e-19,2.247e-16,1.00000000
38.100000,-2.929545,2.324197,-4.689271,5.997782,14.214942,9.525671,2.179e-16,1.947e-16,6.089e-19,2.179e-16,1.00000000
38.200000,-3.135645,2.070043,-4.674869,5.997645,14.249206,9.574337,2.230e-16,2.344e-16,5.736e-19,2.344e-16,1.00000000
38.300000,-3.287815,1.782754,-4.688654,5.997618,14.284856,9.596202,1.861e-16,2.619e-16,5.557e-19,2.619e-16,1.00000000
38.400000,-3.394544,1.523175,-4.704231,5.997731,14.319259,9.615028,1.454e-16,2.730e-16,5.366e-19,2.730e-16,1.00000000
38.500000,-3.510426,1.275192,-4.692996,5.997785,14.350209,9.657212,1.121e-16,2.842e-16,5.304e-19,2.842e-16,1.00000000
38.600000,-3.626357,0.979812,-4.675692,5.997716,14.379852,9.704161,7.022e-17,3.041e-16,6.332e-19,3.041e-16,1.00000000
38.700000,-3.687517,0.653990,-4.684742,5.997690,14.410644,9.725902,3.538e-17,3.101e-16,6.262e-19,3.101e-16,1.00000000
38.800000,-3.701258,0.362173,-4.705645,5.997797,14.440789,9.735145,2.124e-17,3.098e-16,5.467e-19,3.098e-16,1.00000000
38.900000,-3.721057,0.095462,-4.703113,5.997887,14.467493,9.764380,1.590e-17,3.144e-16,5.577e-19,3.144e-16,1.00000000
39.000000,-3.740645,-0.206949,-4.683907,5.997853,14.491787,9.807880,1.245e-17,3.253e-16,7.116e-19,3.253e-16,1.00000000
39.100000,-3.707760,-0.537014,-4.683778,5.997803,14.516453,9.832675,1.021e-17,3.223e-16,7.943e-19,3.223e-16,1.00000000
39.200000,-3.628058,-0.831127,-4.703258,5.997851,14.541062,9.837804,1.020e-17,3.032e-16,9.491e-19,3.032e-16,1.00000000
39.300000,-3.553844,-1.089185,-4.707311,5.997908,14.562910,9.855599,1.055e-17,2.805e-16,9.231e-19,2.805e-16,1.00000000
39.400000,-3.481576,-1.369731,-4.687943,5.997861,14.581875,9.893933,1.370e-17,2.541e-16,7.771e-19,2.541e-16,1.00000000
39.500000,-3.359842,-1.674256,-4.677773,5.997769,14.600612,9.922838,2.738e-17,2.690e-16,6.692e-19,2.690e-16,1.00000000
39.600000,-3.190921,-1.943382,-4.691918,5.997733,14.619901,9.927983,5.808e-17,3.117e-16,5.916e-19,3.117e-16,1.00000000
39.700000,-3.027010,-2.167778,-4.702200,5.997728,14.637376,9.935176,1.041e-16,3.530e-16,5.510e-19,3.530e-16,1.00000000
39.800000,-2.869594,-2.399793,-4.688147,5.997691,14.651835,9.963688,1.577e-16,3.467e-16,5.234e-19,3.467e-16,1.00000000
39.900000,-2.668263,-2.648618,-4.673018,5.997658,14.665365,9.992347,2.073e-16,2.602e-16,5.183e-19,2.602e-16,1.00000000
40.000000,-2.420474,-2.861860,-4.682189,5.997652,14.679598,9.997410,2.444e-16,2.193e-16,5.050e-19,2.444e-16,1.00000000
40.000000,-2.420474,-2.861860,-4.682189,5.997652,14.679598,9.997410,2.444e-16,2.193e-16,5.050e-19,2.444e-16,1.00000000
40.100000,-2.621014,-2.686558,-4.672919,5.993620,14.670507,9.997588,2.712e-16,1.726e-16,5.474e-19,2.712e-16,1.00000000
40.200000,-2.834023,-2.534263,-4.617967,5.981621,14.615759,9.997792,2.979e-16,1.232e-16,6.394e-19,2.979e-16,1.00000000
40.300000,-3.049599,-2.408228,-4.521796,5.962068,14.519830,9.998034,3.150e-16,7.237e-17,6.060e-19,3.150e-16,1.00000000
40.400000,-3.257377,-2.308713,-4.392397,5.935808,14.390732,9.998334,3.005e-16,5.527e-17,5.477e-19,3.005e-16,1.00000000
40.500000,-3.448284,-2.233659,-4.240173,5.904148,14.238882,9.998709,2.570e-16,5.828e-17,6.748e-19,2.570e-16,1.00000000
40.600000,-3.615844,-2.179526,-4.076309,5.868642,14.075481,9.999172,2.134e-16,6.490e-17,8.733e-19,2.134e-16,1.00000000
40.700000,-3.756658,-2.141968,-3.911154,5.830749,13.910883,9.999729,1.869e-16,6.628e-17,9.025e-19,1.869e-16,1.00000000
40.800000,-3.870189,-2.116355,-3.753101,5.791640,13.753473,10.000373,1.726e-16,7.886e-17,9.413e-19,1.726e-16,1.00000000
40.900000,-3.958100,-2.098194,-3.608206,5.752228,13.609294,10.001088,1.615e-16,1.287e-16,9.412e-19,1.615e-16,1.00000000
41.000000,-4.023395,-2.083289,-3.480396,5.713226,13.482245,10.001849,1.660e-16,2.050e-16,8.506e-19,2.050e-16,1.00000000
41.100000,-4.069641,-2.067558,-3.371923,5.675089,13.374550,10.002627,2.051e-16,2.502e-16,5.878e-19,2.502e-16,1.00000000
41.200000,-4.100461,-2.046660,-3.283842,5.637926,13.287235,10.003393,3.175e-16,2.437e-16,5.344e-19,3.175e-16,1.00000000
41.300000,-4.119235,-2.015714,-3.216379,5.601455,13.220504,10.004124,1.048e-15,2.286e-16,5.497e-19,1.048e-15,1.00000000
41.400000,-4.128918,-1.969442,-3.169213,5.565121,13.174013,10.004800,2.349e-15,2.332e-16,5.025e-19,2.349e-15,1.00000000
41.500000,-4.131889,-1.902908,-3.141650,5.528430,13.147057,10.005408,4.366e-15,2.517e-16,4.793e-19,4.366e-15,1.00000000
41.600000,-4.129741,-1.812702,-3.132654,5.491281,13.138595,10.005941,7.774e-15,2.716e-16,4.860e-19,7.774e-15,1.00000000
41.700000,-4.122949,-1.698043,-3.140662,5.453972,13.147060,10.006398,1.067e-14,2.855e-16,5.075e-19,1.067e-14,1.00000000
41.800000,-4.110734,-1.561170,-3.163297,5.416810,13.170079,10.006782,9.994e-15,2.929e-16,5.696e-19,9.994e-15,1.00000000
41.900000,-4.091617,-1.406636,-3.197164,5.379759,13.204262,10.007098,7.034e-15,2.965e-16,5.740e-19,7.034e-15,1.00000000
42.000000,-4.064517,-1.239901,-3.237813,5.342385,13.245164,10.007351,4.506e-15,2.950e-16,5.556e-19,4.506e-15,1.00000000
42.100000,-4.029691,-1.066011,-3.279883,5.304001,13.287430,10.007548,2.779e-15,2.933e-16,6.826e-19,2.779e-15,1.00000000
42.200000,-3.988973,-0.888888,-3.317431,5.263779,13.325126,10.007695,1.678e-15,2.929e-16,8.837e-19,1.678e-15,1.00000000
42.300000,-3.945416,-0.711238,-3.344505,5.220908,13.352303,10.007798,1.027e-15,2.839e-16,8.773e-19,1.027e-15,1.00000000
42.400000,-3.902778,-0.534934,-3.355739,5.174825,13.363603,10.007864,6.264e-16,2.582e-16,9.039e-19,6.264e-16,1.00000000
42.500000,-3.865129,-0.361498,-3.346740,5.125483,13.354637,10.007897,3.782e-16,2.256e-16,8.929e-19,3.782e-16,1.00000000
42.600000,-3.836479,-0.192279,-3.314252,5.073441,13.322151,10.007899,2.280e-16,1.950e-16,7.494e-19,2.280e-16,1.00000000
42.700000,-3.820207,-0.028402,-3.256262,5.019764,13.264133,10.007871,1.422e-16,2.117e-16,5.911e-19,2.117e-16,1.00000000
42.800000,-3.818442,0.129225,-3.172119,4.965837,13.179931,10.007813,1.001e-16,2.674e-16,5.169e-19,2.674e-16,1.00000000
42.900000,-3.831266,0.279749,-3.062912,4.913073,13.070634,10.007722,8.842e-17,2.876e-16,5.094e-19,2.876e-16,1.00000000
43.000000,-3.856400,0.422206,-2.932411,4.863036,12.940007,10.007596,1.031e-16,3.085e-16,4.923e-19,3.085e-16,1.00000000
43.100000,-3.889899,0.555477,-2.787499,4.817678,12.794931,10.007432,1.479e-16,3.664e-16,4.914e-19,3.664e-16,1.00000000
43.200000,-3.927002,0.678561,-2.636751,4.778519,12.643980,10.007229,2.104e-16,4.534e-16,5.782e-19,4.534e-16,1.00000000
43.300000,-3.963399,0.790820,-2.487913,4.745907,12.494898,10.006985,2.509e-16,5.846e-16,1.476e-18,5.846e-16,1.00000000
43.400000,-3.996407,0.891677,-2.346637,4.719435,12.353337,10.006700,2.582e-16,7.709e-16,2.208e-18,7.709e-16,1.00000000
43.500000,-4.024738,0.980445,-2.216716,4.698257,12.223091,10.006374,2.664e-16,1.015e-15,1.044e-18,1.015e-15,1.00000000
43.600000,-4.047545,1.056699,-2.100704,4.681045,12.106715,10.006011,2.883e-16,1.390e-15,7.285e-19,1.390e-15,1.00000000
43.700000,-4.064035,1.120407,-2.000256,4.666125,12.005871,10.005615,3.346e-16,1.839e-15,8.045e-19,1.839e-15,1.00000000
43.800000,-4.073732,1.172048,-1.916260,4.651994,11.921453,10.005193,4.377e-16,2.226e-15,9.013e-19,2.226e-15,1.00000000
43.900000,-4.076645,1.212810,-1.849060,4.637776,11.853814,10.004753,6.585e-16,2.532e-15,9.445e-19,2.532e-15,1.00000000
44.000000,-4.073299,1.243994,-1.799029,4.623396,11.803338,10.004309,1.020e-15,2.561e-15,9.822e-19,2.561e-15,1.00000000
44.100000,-4.064696,1.267247,-1.767182,4.609837,11.771056,10.003875,1.575e-15,2.240e-15,9.995e-19,2.240e-15,1.00000000
44.200000,-4.051886,1.285771,-1.754809,4.598950,11.758273,10.003464,2.360e-15,1.754e-15,1.248e-18,2.360e-15,1.00000000
44.300000,-4.035070,1.304644,-1.762017,4.592231,11.765109,10.003093,3.249e-15,1.186e-15,1.915e-18,3.249e-15,1.00000000
44.400000,-4.013145,1.327598,-1.787121,4.589298,11.789893,10.002772,4.234e-15,7.033e-16,3.190e-18,4.234e-15,1.00000000
44.500000,-3.984664,1.356381,-1.827496,4.588797,11.830008,10.002511,5.957e-15,3.802e-16,4.897e-18,5.957e-15,1.00000000
44.600000,-3.948346,1.391700,-1.880327,4.589324,11.882642,10.002315,9.825e-15,2.193e-16,6.642e-18,9.825e-15,1.00000000
44.700000,-3.903493,1.433305,-1.943105,4.589910,11.945290,10.002185,2.001e-14,1.552e-16,7.635e-18,2.001e-14,1.00000000
44.800000,-3.850398,1.480275,-2.010107,4.588825,12.012226,10.002119,4.352e-14,1.450e-16,7.010e-18,4.352e-14,1.00000000
44.900000,-3.790528,1.531020,-2.073720,4.583933,12.075831,10.002111,8.854e-14,1.675e-16,5.643e-18,8.854e-14,1.00000000
45.000000,-3.725904,1.584117,-2.128473,4.574078,12.130629,10.002156,1.595e-13,2.001e-16,4.730e-18,1.595e-13,1.00000000
45.100000,-3.658979,1.639469,-2.171146,4.559590,12.173395,10.002249,2.554e-13,2.208e-16,4.102e-18,2.554e-13,1.00000000
45.200000,-3.592539,1.698089,-2.199156,4.541600,12.201540,10.002384,3.965e-13,2.279e-16,3.500e-18,3.965e-13,1.00000000
45.300000,-3.528696,1.760435,-2.210877,4.520930,12.213433,10.002556,6.353e-13,2.363e-16,2.753e-18,6.353e-13,1.00000000
45.400000,-3.467525,1.825047,-2.207268,4.497395,12.210032,10.002764,1.005e-12,2.174e-16,2.045e-18,1.005e-12,1.00000000
45.500000,-3.407879,1.889401,-2.191224,4.470452,12.194227,10.003003,1.472e-12,2.149e-16,1.741e-18,1.472e-12,1.00000000
45.600000,-3.349064,1.951784,-2.165898,4.440361,12.169168,10.003270,1.939e-12,1.881e-16,1.807e-18,1.939e-12,1.00000000
45.700000,-3.291388,2.012299,-2.133637,4.408513,12.137199,10.003562,2.292e-12,1.802e-16,2.174e-18,2.292e-12,1.00000000
45.800000,-3.236412,2.071453,-2.095542,4.376823,12.099417,10.003875,2.450e-12,2.094e-16,2.443e-18,2.450e-12,1.00000000
45.900000,-3.185920,2.128668,-2.052091,4.346538,12.056295,10.004204,2.347e-12,2.787e-16,2.856e-18,2.347e-12,1.00000000
46.000000,-3.141274,2.183333,-2.003331,4.318319,12.007873,10.004543,1.941e-12,4.163e-16,3.633e-18,1.941e-12,1.00000000
46.100000,-3.104207,2.235423,-1.949540,4.293475,11.954425,10.004884,1.325e-12,4.620e-16,5.104e-18,1.325e-12,1.00000000
46.200000,-3.075694,2.284348,-1.890655,4.272320,11.895876,10.005221,7.246e-13,5.586e-16,1.631e-17,7.246e-13,1.00000000
46.300000,-3.054356,2.329238,-1.825655,4.252935,11.831199,10.005544,3.165e-13,7.280e-16,6.468e-17,3.165e-13,1.00000000
46.400000,-3.039148,2.368556,-1.753401,4.233308,11.759245,10.005844,1.153e-13,8.604e-16,1.155e-16,1.153e-13,1.00000000
46.500000,-3.029815,2.399357,-1.674725,4.212054,11.680838,10.006113,3.885e-14,1.061e-15,8.431e-17,3.885e-14,1.00000000
46.600000,-3.024559,2.420011,-1.593184,4.188394,11.599526,10.006342,1.391e-14,1.540e-15,3.044e-17,1.391e-14,1.00000000
46.700000,-3.021434,2.430962,-1.513284,4.162772,11.519810,10.006526,5.941e-15,4.978e-15,1.093e-17,5.941e-15,1.00000000
46.800000,-3.017614,2.435048,-1.439864,4.136262,11.446526,10.006661,3.529e-15,1.825e-14,6.532e-18,1.825e-14,1.00000000
46.900000,-3.009881,2.437384,-1.377231,4.110594,11.383977,10.006746,3.206e-15,4.676e-14,5.952e-18,4.676e-14,1.00000000
47.000000,-2.997411,2.441472,-1.327424,4.087458,11.334205,10.006781,3.479e-15,7.692e-14,1.689e-17,7.692e-14,1.00000000
47.100000,-2.979730,2.448716,-1.290069,4.066851,11.296836,10.006767,3.626e-15,7.933e-14,4.628e-17,7.933e-14,1.00000000
47.200000,-2.956099,2.459237,-1.263322,4.047512,11.270030,10.006707,3.681e-15,5.500e-14,4.558e-17,5.500e-14,1.00000000
47.300000,-2.926416,2.472114,-1.246791,4.028616,11.253395,10.006604,4.313e-15,3.115e-14,3.233e-17,3.115e-14,1.00000000
47.400000,-2.890464,2.486912,-1.241219,4.010004,11.247681,10.006462,6.861e-15,2.012e-14,2.717e-17,2.012e-14,1.00000000
47.500000,-2.848840,2.503785,-1.246158,3.992210,11.252443,10.006285,1.322e-14,1.754e-14,1.611e-17,1.754e-14,1.00000000
47.600000,-2.802879,2.522539,-1.260302,3.975889,11.266380,10.006078,2.533e-14,1.634e-14,1.619e-17,2.533e-14,1.00000000
47.700000,-2.754607,2.542247,-1.282185,3.961676,11.288033,10.005848,4.375e-14,1.282e-14,2.295e-17,4.375e-14,1.00000000
47.800000,-2.706515,2.562025,-1.309943,3.950335,11.315544,10.005601,6.866e-14,8.666e-15,3.389e-17,6.866e-14,1.00000000
47.900000,-2.660521,2.581860,-1.341295,3.942518,11.346638,10.005344,1.094e-13,6.540e-15,5.644e-17,1.094e-13,1.00000000
48.000000,-2.617616,2.601679,-1.373973,3.938077,11.379056,10.005083,1.866e-13,5.403e-15,8.336e-17,1.866e-13,1.00000000
48.100000,-2.577720,2.621581,-1.406197,3.936333,11.411021,10.004824,3.002e-13,4.529e-15,7.184e-17,3.002e-13,1.00000000
48.200000,-2.540832,2.641648,-1.437095,3.936924,11.441668,10.004573,4.220e-13,5.756e-15,3.782e-17,4.220e-13,1.00000000
48.300000,-2.507503,2.661111,-1.466005,3.939321,11.470341,10.004336,5.365e-13,7.334e-15,1.903e-17,5.365e-13,1.00000000
48.400000,-2.477183,2.679061,-1.491146,3.941740,11.495261,10.004115,6.697e-13,5.823e-15,1.363e-17,6.697e-13,1.00000000
48.500000,-2.448647,2.695365,-1.511716,3.942860,11.515632,10.003916,8.620e-13,3.049e-15,1.431e-17,8.620e-13,1.00000000
48.600000,-2.419900,2.712531,-1.526840,3.942712,11.530582,10.003742,1.147e-12,1.376e-15,2.210e-17,1.147e-12,1.00000000
48.700000,-2.388649,2.732586,-1.535984,3.941055,11.539578,10.003595,1.532e-12,6.906e-16,3.819e-17,1.532e-12,1.00000000
48.800000,-2.354350,2.755356,-1.540073,3.937864,11.543549,10.003477,1.994e-12,4.473e-16,4.005e-17,1.994e-12,1.00000000
48.900000,-2.317482,2.780447,-1.539473,3.933394,11.542862,10.003389,2.438e-12,4.203e-16,3.253e-17,2.438e-12,1.00000000
49.000000,-2.279112,2.807128,-1.533463,3.927573,11.536793,10.003331,2.723e-12,4.901e-16,2.904e-17,2.723e-12,1.00000000
49.100000,-2.241341,2.835001,-1.521093,3.921041,11.524397,10.003304,2.739e-12,6.690e-16,2.198e-17,2.739e-12,1.00000000
49.200000,-2.206011,2.864725,-1.502666,3.915500,11.505973,10.003306,2.427e-12,7.680e-16,1.971e-17,2.427e-12,1.00000000
49.300000,-2.173705,2.895296,-1.478625,3.910762,11.481960,10.003335,1.843e-12,1.058e-15,2.344e-17,1.843e-12,1.00000000
49.400000,-2.144499,2.924069,-1.447583,3.904427,11.450972,10.003389,1.181e-12,1.716e-15,3.311e-17,1.181e-12,1.00000000
49.500000,-2.118005,2.949565,-1.408893,3.894979,11.412355,10.003462,6.434e-13,2.929e-15,4.725e-17,6.434e-13,1.00000000
49.600000,-2.095303,2.971001,-1.362882,3.882601,11.366434,10.003552,3.082e-13,4.748e-15,5.506e-17,3.082e-13,1.00000000
49.700000,-2.076916,2.986771,-1.310107,3.866622,11.313758,10.003652,1.376e-13,8.920e-15,5.417e-17,1.376e-13,1.00000000
49.800000,-2.061875,2.995185,-1.251400,3.845577,11.255157,10.003757,6.034e-14,1.846e-14,4.264e-17,6.034e-14,1.00000000
49.900000,-2.049150,2.996290,-1.189146,3.819795,11.193010,10.003863,2.758e-14,3.326e-14,3.332e-17,3.326e-14,1.00000000
50.000000,-2.039675,2.991179,-1.126889,3.791742,11.130854,10.003965,1.444e-14,4.884e-14,3.310e-17,4.884e-14,1.00000000
50.100000,-2.034437,2.982717,-1.070221,3.765754,11.074279,10.004058,1.002e-14,6.439e-14,5.467e-17,6.439e-14,1.00000000
50.200000,-2.031609,2.974357,-1.022016,3.744163,11.026155,10.004139,9.850e-15,8.636e-14,1.138e-16,8.636e-14,1.00000000
50.300000,-2.027424,2.967801,-0.982539,3.726080,10.986744,10.004205,1.229e-14,1.098e-13,1.815e-16,1.098e-13,1.00000000
50.400000,-2.019131,2.963666,-0.952165,3.710367,10.956419,10.004254,1.747e-14,1.223e-13,2.016e-16,1.223e-13,1.00000000
50.500000,-2.006392,2.961691,-0.929771,3.696173,10.934054,10.004284,2.560e-14,1.335e-13,2.069e-16,1.335e-13,1.00000000
50.600000,-1.992199,2.960946,-0.914541,3.684080,10.918834,10.004293,3.603e-14,1.501e-13,1.667e-16,1.501e-13,1.00000000
50.700000,-1.977578,2.961572,-0.906781,3.674775,10.911063,10.004282,5.037e-14,1.751e-13,9.619e-17,1.751e-13,1.00000000
50.800000,-1.962498,2.963333,-0.906947,3.668146,10.911198,10.004251,7.643e-14,2.045e-13,7.456e-17,2.045e-13,1.00000000
50.900000,-1.947031,2.965323,-0.913386,3.663106,10.917589,10.004203,1.260e-13,2.207e-13,8.479e-17,2.207e-13,1.00000000
51.000000,-1.931721,2.966375,-0.924517,3.658641,10.928656,10.004139,1.958e-13,2.098e-13,8.075e-17,2.098e-13,1.00000000
51.100000,-1.916276,2.968209,-0.939940,3.655935,10.944001,10.004062,2.774e-13,1.977e-13,9.119e-17,2.774e-13,1.00000000
51.200000,-1.899912,2.971955,-0.958062,3.655142,10.962037,10.003975,3.542e-13,1.869e-13,1.097e-16,3.542e-13,1.00000000
51.300000,-1.882371,2.977885,-0.976914,3.655883,10.980797,10.003883,4.174e-13,1.632e-13,1.258e-16,4.174e-13,1.00000000
51.400000,-1.864411,2.986028,-0.995691,3.658387,10.999477,10.003787,4.840e-13,1.262e-13,1.089e-16,4.840e-13,1.00000000
51.500000,-1.846439,2.995537,-1.014398,3.662183,11.018088,10.003690,5.938e-13,8.965e-14,8.075e-17,5.938e-13,1.00000000
51.600000,-1.828828,3.004985,-1.032036,3.666012,11.035631,10.003595,7.628e-13,5.927e-14,6.910e-17,7.628e-13,1.00000000
51.700000,-1.812766,3.013968,-1.048021,3.669942,11.051526,10.003504,9.681e-13,3.549e-14,8.384e-17,9.681e-13,1.00000000
51.800000,-1.797541,3.022457,-1.062385,3.673563,11.065803,10.003419,1.236e-12,1.925e-14,1.232e-16,1.236e-12,1.00000000
51.900000,-1.782662,3.029853,-1.074276,3.675863,11.077617,10.003340,1.619e-12,1.035e-14,1.654e-16,1.619e-12,1.00000000
52.000000,-1.768834,3.035667,-1.083856,3.676791,11.087128,10.003272,2.081e-12,6.156e-15,1.902e-16,2.081e-12,1.00000000
52.100000,-1.756781,3.039132,-1.091135,3.676028,11.094350,10.003215,2.498e-12,5.355e-15,1.986e-16,2.498e-12,1.00000000
52.200000,-1.746709,3.040227,-1.095363,3.673390,11.098534,10.003170,2.772e-12,8.297e-15,1.607e-16,2.772e-12,1.00000000
52.300000,-1.737368,3.038990,-1.095464,3.667963,11.098604,10.003140,2.843e-12,1.531e-14,1.032e-16,2.843e-12,1.00000000
52.400000,-1.727733,3.035404,-1.090947,3.659085,11.094072,10.003125,2.647e-12,2.325e-14,8.484e-17,2.647e-12,1.00000000
52.500000,-1.717161,3.029696,-1.081701,3.646611,11.084825,10.003124,2.178e-12,3.385e-14,8.956e-17,2.178e-12,1.00000000
52.600000,-1.704780,3.022805,-1.065643,3.630319,11.068780,10.003137,1.558e-12,5.859e-14,9.331e-17,1.558e-12,1.00000000
52.700000,-1.690517,3.014081,-1.041910,3.609447,11.045073,10.003163,9.744e-13,1.069e-13,1.085e-16,9.744e-13,1.00000000
52.800000,-1.673993,3.002594,-1.011899,3.583540,11.015097,10.003199,5.415e-13,1.635e-13,1.439e-16,5.415e-13,1.00000000
52.900000,-1.656392,2.989248,-0.977241,3.554468,10.980483,10.003242,2.732e-13,1.911e-13,1.836e-16,2.732e-13,1.00000000
53.000000,-1.638809,2.974169,-0.940463,3.523613,10.943754,10.003291,1.319e-13,1.816e-13,2.169e-16,1.816e-13,1.00000000
53.100000,-1.621867,2.958187,-0.903086,3.492404,10.906428,10.003342,6.703e-14,1.544e-13,3.123e-16,1.544e-13,1.00000000
53.200000,-1.606551,2.943051,-0.866573,3.463164,10.869968,10.003395,4.038e-14,1.316e-13,4.912e-16,1.316e-13,1.00000000
53.300000,-1.592973,2.929650,-0.833098,3.437217,10.836543,10.003445,2.963e-14,1.420e-13,9.422e-16,1.420e-13,1.00000000
53.400000,-1.580110,2.917868,-0.803617,3.414162,10.807109,10.003492,2.498e-14,1.865e-13,1.714e-15,1.865e-13,1.00000000
53.500000,-1.567628,2.907953,-0.777751,3.393898,10.781285,10.003534,2.382e-14,2.550e-13,2.800e-15,2.550e-13,1.00000000
53.600000,-1.556530,2.898735,-0.755015,3.375722,10.758584,10.003568,2.785e-14,4.436e-13,5.483e-15,4.436e-13,1.00000000
53.700000,-1.547188,2.888689,-0.734781,3.358306,10.738375,10.003594,4.023e-14,8.286e-13,9.590e-15,8.286e-13,1.00000000
53.800000,-1.539298,2.877112,-0.716988,3.340851,10.720600,10.003612,6.135e-14,1.243e-12,1.057e-14,1.243e-12,1.00000000
53.900000,-1.532770,2.862866,-0.701886,3.322353,10.705506,10.003620,9.259e-14,1.438e-12,8.904e-15,1.438e-12,1.00000000
54.000000,-1.527669,2.845951,-0.689389,3.302797,10.693010,10.003621,1.421e-13,1.413e-12,6.677e-15,1.413e-12,1.00000000
54.100000,-1.523630,2.826398,-0.678849,3.281891,10.682464,10.003615,2.097e-13,1.266e-12,5.177e-15,1.266e-12,1.00000000
54.200000,-1.520276,2.804792,-0.669828,3.259872,10.673431,10.003603,2.734e-13,1.047e-12,3.570e-15,1.047e-12,1.00000000
54.300000,-1.517225,2.781390,-0.662115,3.236742,10.665703,10.003588,3.247e-13,8.071e-13,2.874e-15,8.071e-13,1.00000000
54.400000,-1.513661,2.756945,-0.655852,3.212796,10.659423,10.003572,4.005e-13,6.682e-13,2.025e-15,6.682e-13,1.00000000
54.500000,-1.509721,2.732621,-0.651301,3.189148,10.654856,10.003555,5.816e-13,6.359e-13,1.824e-15,6.359e-13,1.00000000
54.600000,-1.506457,2.709899,-0.648648,3.167604,10.652188,10.003540,9.187e-13,5.937e-13,1.622e-15,9.187e-13,1.00000000
54.700000,-1.503864,2.689696,-0.647885,3.148940,10.651413,10.003528,1.357e-12,5.202e-13,1.176e-15,1.357e-12,1.00000000
54.800000,-1.501426,2.672858,-0.648451,3.133519,10.651970,10.003519,1.741e-12,4.451e-13,9.469e-16,1.741e-12,1.00000000
54.900000,-1.498844,2.659519,-0.650118,3.121254,10.653633,10.003515,1.927e-12,3.457e-13,1.262e-15,1.927e-12,1.00000000
55.000000,-1.495935,2.649336,-0.652989,3.111783,10.656506,10.003516,1.921e-12,2.487e-13,1.965e-15,1.921e-12,1.00000000
55.100000,-1.492051,2.642699,-0.656847,3.105080,10.660370,10.003523,1.915e-12,1.685e-13,3.145e-15,1.915e-12,1.00000000
55.200000,-1.486918,2.638992,-0.661483,3.100445,10.665018,10.003536,2.034e-12,1.185e-13,5.326e-15,2.034e-12,1.00000000
55.300000,-1.480596,2.637001,-0.667028,3.096912,10.670582,10.003554,2.230e-12,1.085e-13,7.925e-15,2.230e-12,1.00000000
55.400000,-1.472780,2.636281,-0.673036,3.093870,10.676613,10.003577,2.445e-12,1.618e-13,8.926e-15,2.445e-12,1.00000000
55.500000,-1.463341,2.636501,-0.678645,3.090804,10.682251,10.003606,2.600e-12,3.097e-13,7.849e-15,2.600e-12,1.00000000
55.600000,-1.452254,2.636842,-0.683530,3.086939,10.687168,10.003638,2.585e-12,5.657e-13,6.246e-15,2.585e-12,1.00000000
55.700000,-1.440881,2.636351,-0.688391,3.082267,10.692064,10.003673,2.299e-12,9.296e-13,5.017e-15,2.299e-12,1.00000000
55.800000,-1.430869,2.634598,-0.694138,3.077389,10.697848,10.003710,1.792e-12,1.435e-12,3.837e-15,1.792e-12,1.00000000
55.900000,-1.422517,2.632117,-0.701301,3.073014,10.705047,10.003746,1.234e-12,2.115e-12,3.423e-15,2.115e-12,1.00000000
56.000000,-1.415626,2.630647,-0.709429,3.070439,10.713211,10.003781,7.684e-13,2.722e-12,2.943e-15,2.722e-12,1.00000000
56.100000,-1.408842,2.630554,-0.717642,3.069147,10.721456,10.003814,4.488e-13,2.799e-12,3.782e-15,2.799e-12,1.00000000
56.200000,-1.400534,2.631337,-0.724356,3.067592,10.728198,10.003842,2.570e-13,2.326e-12,5.403e-15,2.326e-12,1.00000000
56.300000,-1.391002,2.631691,-0.728224,3.064473,10.732090,10.003866,1.559e-13,1.679e-12,6.641e-15,1.679e-12,1.00000000
56.400000,-1.381129,2.631051,-0.729213,3.059689,10.733097,10.003884,1.047e-13,1.162e-12,1.410e-14,1.162e-12,1.00000000
56.500000,-1.371065,2.628853,-0.727996,3.052976,10.731892,10.003895,7.792e-14,9.240e-13,3.285e-14,9.240e-13,1.00000000
56.600000,-1.360851,2.624819,-0.723242,3.043792,10.727141,10.003899,6.491e-14,1.008e-12,5.678e-14,1.008e-12,1.00000000
56.700000,-1.350036,2.619066,-0.714785,3.031999,10.718681,10.003896,6.366e-14,1.607e-12,7.640e-14,1.607e-12,1.00000000
56.800000,-1.338747,2.611081,-0.703411,3.017412,10.707295,10.003884,7.741e-14,2.862e-12,1.077e-13,2.862e-12,1.00000000
56.900000,-1.327305,2.600502,-0.690099,3.000098,10.693963,10.003863,1.093e-13,3.634e-12,1.397e-13,3.634e-12,1.00000000
57.000000,-1.317133,2.587448,-0.676041,2.981067,10.679877,10.003836,1.661e-13,4.172e-12,1.581e-13,4.172e-12,1.00000000
57.100000,-1.309225,2.572288,-0.661954,2.961236,10.665756,10.003802,2.679e-13,5.819e-12,1.501e-13,5.819e-12,1.00000000
57.200000,-1.305247,2.556845,-0.649019,2.943188,10.652783,10.003764,4.440e-13,7.137e-12,1.409e-13,7.137e-12,1.00000000
57.300000,-1.305356,2.542570,-0.638084,2.928441,10.641806,10.003721,6.690e-13,6.596e-12,1.154e-13,6.596e-12,1.00000000
57.400000,-1.308823,2.530025,-0.630335,2.917424,10.634012,10.003677,8.984e-13,4.844e-12,7.305e-14,4.844e-12,1.00000000
57.500000,-1.314558,2.519309,-0.625653,2.909712,10.629286,10.003634,1.201e-12,3.394e-12,4.175e-14,3.394e-12,1.00000000
57.600000,-1.320003,2.509565,-0.622530,2.903079,10.626122,10.003592,1.702e-12,2.636e-12,2.692e-14,2.636e-12,1.00000000
57.700000,-1.322981,2.500328,-0.619738,2.895858,10.623292,10.003554,2.316e-12,2.304e-12,2.335e-14,2.316e-12,1.00000000
57.800000,-1.323829,2.490917,-0.616815,2.887499,10.620337,10.003522,2.805e-12,2.207e-12,2.241e-14,2.805e-12,1.00000000
57.900000,-1.323652,2.481422,-0.613776,2.878582,10.617272,10.003496,3.116e-12,2.109e-12,2.083e-14,3.116e-12,1.00000000
58.000000,-1.323154,2.472086,-0.610719,2.869655,10.614197,10.003478,3.251e-12,1.917e-12,2.518e-14,3.251e-12,1.00000000
58.100000,-1.322876,2.462549,-0.608216,2.860782,10.611683,10.003468,3.237e-12,1.495e-12,3.753e-14,3.237e-12,1.00000000
58.200000,-1.323470,2.452988,-0.607172,2.852610,10.610637,10.003465,3.132e-12,1.068e-12,5.749e-14,3.132e-12,1.00000000
58.300000,-1.324823,2.444193,-0.607380,2.845725,10.610851,10.003471,2.880e-12,8.228e-13,7.574e-14,2.880e-12,1.00000000
58.400000,-1.325989,2.435808,-0.607818,2.839163,10.611302,10.003484,2.562e-12,8.906e-13,9.261e-14,2.562e-12,1.00000000
58.500000,-1.326806,2.426592,-0.608490,2.831788,10.611996,10.003505,2.337e-12,1.474e-12,1.213e-13,2.337e-12,1.00000000
58.600000,-1.326431,2.415839,-0.609114,2.822537,10.612648,10.003534,2.298e-12,2.532e-12,1.486e-13,2.532e-12,1.00000000
58.700000,-1.324790,2.402966,-0.609159,2.810763,10.612727,10.003568,2.385e-12,3.911e-12,1.394e-13,3.911e-12,1.00000000
58.800000,-1.322041,2.387975,-0.608511,2.796516,10.612119,10.003607,2.453e-12,5.808e-12,1.255e-13,5.808e-12,1.00000000
58.900000,-1.317916,2.371357,-0.606987,2.780049,10.610636,10.003650,2.328e-12,6.815e-12,1.117e-13,6.815e-12,1.00000000
59.000000,-1.312290,2.353696,-0.604829,2.761848,10.608522,10.003693,1.959e-12,8.258e-12,7.937e-14,8.258e-12,1.00000000
59.100000,-1.305232,2.336133,-0.602602,2.743041,10.606337,10.003735,1.473e-12,1.576e-11,5.272e-14,1.576e-11,1.00000000
59.200000,-1.297309,2.319973,-0.600915,2.725139,10.604688,10.003773,1.034e-12,2.740e-11,4.472e-14,2.740e-11,1.00000000
59.300000,-1.288731,2.305352,-0.599147,2.708219,10.602954,10.003807,7.296e-13,3.345e-11,5.062e-14,3.345e-11,1.00000000
59.400000,-1.280126,2.292653,-0.597038,2.692849,10.600872,10.003834,5.264e-13,2.824e-11,7.256e-14,2.824e-11,1.00000000
59.500000,-1.271820,2.282445,-0.595839,2.679945,10.599693,10.003853,3.969e-13,1.806e-11,1.124e-13,1.806e-11,1.00000000
59.600000,-1.263991,2.274653,-0.595585,2.669539,10.599450,10.003865,3.190e-13,1.010e-11,1.844e-13,1.010e-11,1.00000000
59.700000,-1.255787,2.268446,-0.595243,2.660293,10.599110,10.003867,2.774e-13,5.799e-12,3.128e-13,5.799e-12,1.00000000
59.800000,-1.247242,2.262529,-0.594821,2.651125,10.598681,10.003860,2.763e-13,5.005e-12,5.545e-13,5.005e-12,1.00000000
59.900000,-1.238287,2.256303,-0.595021,2.641648,10.598864,10.003843,3.288e-13,8.666e-12,8.178e-13,8.666e-12,1.00000000
60.000000,-1.229130,2.248092,-0.594580,2.630248,10.598397,10.003817,4.915e-13,1.696e-11,1.249e-12,1.696e-11,1.00000000
60.100000,-1.220994,2.237546,-0.593264,2.617136,10.597045,10.003781,7.621e-13,2.710e-11,1.424e-12,2.710e-11,1.00000000
60.200000,-1.214647,2.226571,-0.591227,2.604330,10.594965,10.003738,1.110e-12,3.398e-11,1.510e-12,3.398e-11,1.00000000
60.300000,-1.210205,2.214965,-0.589408,2.591924,10.593095,10.003687,1.529e-12,3.231e-11,1.646e-12,3.231e-11,1.00000000
60.400000,-1.207623,2.202502,-0.588437,2.579850,10.592069,10.003631,2.174e-12,2.434e-11,1.457e-12,2.434e-11,1.00000000
60.500000,-1.206954,2.189376,-0.588912,2.568448,10.592485,10.003572,3.274e-12,1.642e-11,9.768e-13,1.642e-11,1.00000000
60.600000,-1.208469,2.176715,-0.591214,2.558910,10.594726,10.003513,5.196e-12,1.137e-11,6.198e-13,1.137e-11,1.00000000
60.700000,-1.212889,2.165965,-0.595582,2.552885,10.599036,10.003454,7.902e-12,9.355e-12,4.081e-13,9.355e-12,1.00000000
60.800000,-1.219912,2.158187,-0.601955,2.551138,10.605353,10.003399,1.038e-11,9.016e-12,2.730e-13,1.038e-11,1.00000000
60.900000,-1.229031,2.153452,-0.609650,2.553340,10.612999,10.003349,1.178e-11,9.146e-12,2.159e-13,1.178e-11,1.00000000
61.000000,-1.240338,2.151200,-0.617643,2.558824,10.620949,10.003305,1.184e-11,9.024e-12,1.909e-13,1.184e-11,1.00000000
61.100000,-1.252137,2.150079,-0.625411,2.565507,10.628680,10.003270,1.062e-11,8.652e-12,2.044e-13,1.062e-11,1.00000000
61.200000,-1.262722,2.148401,-0.631993,2.570897,10.635236,10.003243,8.960e-12,7.824e-12,2.626e-13,8.960e-12,1.00000000
61.300000,-1.271808,2.144855,-0.635946,2.573388,10.639172,10.003226,7.559e-12,6.704e-12,3.907e-13,7.559e-12,1.00000000
61.400000,-1.278692,2.138974,-0.637413,2.572267,10.640630,10.003218,6.294e-12,5.765e-12,5.508e-13,6.294e-12,1.00000000
61.500000,-1.284032,2.130782,-0.637061,2.568037,10.640280,10.003219,5.153e-12,5.762e-12,7.728e-13,5.762e-12,1.00000000
61.600000,-1.288694,2.120709,-0.634899,2.561491,10.638129,10.003230,4.144e-12,6.433e-12,1.093e-12,6.433e-12,1.00000000
61.700000,-1.292720,2.109442,-0.630944,2.553225,10.634193,10.003250,3.298e-12,7.517e-12,1.276e-12,7.517e-12,1.00000000
61.800000,-1.296043,2.097226,-0.625211,2.543418,10.628488,10.003277,2.764e-12,9.100e-12,1.321e-12,9.100e-12,1.00000000
61.900000,-1.297989,2.084041,-0.617623,2.531691,10.620935,10.003312,2.586e-12,1.330e-11,1.357e-12,1.330e-11,1.00000000
62.000000,-1.298555,2.070884,-0.608755,2.519006,10.612107,10.003352,2.609e-12,2.715e-11,1.261e-12,2.715e-11,1.00000000
62.100000,-1.298238,2.058211,-0.600315,2.506399,10.603710,10.003395,2.569e-12,4.674e-11,8.958e-13,4.674e-11,1.00000000
62.200000,-1.297626,2.045701,-0.592778,2.494015,10.596216,10.003438,2.354e-12,5.621e-11,6.101e-13,5.621e-11,1.00000000
62.300000,-1.296316,2.034022,-0.585385,2.482007,10.588865,10.003480,2.047e-12,6.005e-11,4.475e-13,6.005e-11,1.00000000
62.400000,-1.293920,2.023090,-0.577527,2.469952,10.581046,10.003518,1.799e-12,5.819e-11,3.771e-13,5.819e-11,1.00000000
62.500000,-1.290306,2.012798,-0.569339,2.457721,10.572891,10.003552,1.662e-12,4.667e-11,4.105e-13,4.667e-11,1.00000000
62.600000,-1.286220,2.002063,-0.560627,2.444774,10.564206,10.003578,1.532e-12,3.776e-11,5.675e-13,3.776e-11,1.00000000
62.700000,-1.282260,1.990033,-0.551177,2.430682,10.554774,10.003598,1.277e-12,3.710e-11,8.134e-13,3.710e-11,1.00000000
62.800000,-1.278757,1.976756,-0.540765,2.415618,10.544373,10.003608,1.123e-12,3.724e-11,1.224e-12,3.724e-11,1.00000000
62.900000,-1.275806,1.962508,-0.530350,2.400081,10.533960,10.003610,1.204e-12,3.348e-11,1.711e-12,3.348e-11,1.00000000
63.000000,-1.272217,1.947439,-0.520280,2.383641,10.523882,10.003602,1.518e-12,2.866e-11,2.488e-12,2.866e-11,1.00000000
63.100000,-1.269055,1.931412,-0.510541,2.366749,10.514126,10.003585,2.085e-12,2.739e-11,3.841e-12,2.739e-11,1.00000000
63.200000,-1.267778,1.914517,-0.501565,2.350362,10.505124,10.003559,2.977e-12,3.322e-11,5.428e-12,3.322e-11,1.00000000
63.300000,-1.269198,1.897813,-0.494173,2.335972,10.497698,10.003525,3.948e-12,4.073e-11,6.485e-12,4.073e-11,1.00000000
63.400000,-1.273176,1.881691,-0.488479,2.323866,10.491962,10.003483,4.859e-12,4.145e-11,6.808e-12,4.145e-11,1.00000000
63.500000,-1.278285,1.866592,-0.484873,2.313715,10.488308,10.003435,6.488e-12,3.590e-11,7.025e-12,3.590e-11,1.00000000
63.600000,-1.282772,1.852763,-0.482249,2.304517,10.485631,10.003382,9.688e-12,2.946e-11,6.114e-12,2.946e-11,1.00000000
63.700000,-1.285830,1.839231,-0.480363,2.294968,10.483690,10.003327,1.340e-11,2.535e-11,4.013e-12,2.535e-11,1.00000000
63.800000,-1.287596,1.825879,-0.479644,2.285125,10.482915,10.003272,1.653e-11,2.301e-11,2.665e-12,2.301e-11,1.00000000
63.900000,-1.287931,1.812861,-0.480238,2.275051,10.483456,10.003218,1.955e-11,2.253e-11,1.893e-12,2.253e-11,1.00000000
64.000000,-1.287527,1.800139,-0.482412,2.265160,10.485580,10.003168,2.243e-11,2.443e-11,1.373e-12,2.443e-11,1.00000000
64.100000,-1.286583,1.788008,-0.486018,2.255766,10.489142,10.003124,2.420e-11,2.539e-11,1.166e-12,2.539e-11,1.00000000
64.200000,-1.286438,1.776397,-0.490787,2.247528,10.493874,10.003087,2.416e-11,2.468e-11,1.108e-12,2.468e-11,1.00000000
64.300000,-1.288328,1.765386,-0.496469,2.241173,10.499526,10.003057,2.234e-11,2.423e-11,1.304e-12,2.423e-11,1.00000000
64.400000,-1.292797,1.755493,-0.503680,2.237582,10.506716,10.003036,1.880e-11,2.285e-11,1.488e-12,2.285e-11,1.00000000
64.500000,-1.299301,1.746518,-0.511853,2.236180,10.514877,10.003024,1.494e-11,1.997e-11,1.941e-12,1.997e-11,1.00000000
64.600000,-1.306263,1.737536,-0.519556,2.235016,10.522576,10.003021,1.162e-11,1.708e-11,2.654e-12,1.708e-11,1.00000000
64.700000,-1.311878,1.728571,-0.525995,2.232858,10.529021,10.003025,9.005e-12,1.649e-11,3.701e-12,1.649e-11,1.00000000
64.800000,-1.314913,1.719044,-0.530446,2.228336,10.533484,10.003038,7.073e-12,1.874e-11,4.718e-12,1.874e-11,1.00000000
64.900000,-1.315465,1.708297,-0.532391,2.220848,10.535450,10.003058,5.548e-12,2.209e-11,5.541e-12,2.209e-11,1.00000000
65.000000,-1.314562,1.695941,-0.532093,2.210749,10.535177,10.003084,4.436e-12,3.059e-11,5.821e-12,3.059e-11,1.00000000
65.100000,-1.313353,1.682311,-0.530115,2.199111,10.533231,10.003116,3.819e-12,5.386e-11,5.705e-12,5.386e-11,1.00000000
65.200000,-1.311952,1.667988,-0.526298,2.186410,10.529449,10.003150,3.606e-12,9.453e-11,5.179e-12,9.453e-11,1.00000000
65.300000,-1.309094,1.652933,-0.520227,2.171762,10.523414,10.003187,3.548e-12,1.306e-10,3.886e-12,1.306e-10,1.00000000
65.400000,-1.303745,1.637579,-0.511509,2.154775,10.514733,10.003224,3.478e-12,1.650e-10,2.940e-12,1.650e-10,1.00000000
65.500000,-1.295736,1.622314,-0.500670,2.135768,10.503930,10.003260,3.311e-12,2.098e-10,2.359e-12,2.098e-10,1.00000000
65.600000,-1.286509,1.607978,-0.488916,2.116540,10.492208,10.003292,3.177e-12,2.393e-10,2.139e-12,2.393e-10,1.00000000
65.700000,-1.277482,1.595347,-0.477092,2.098740,10.480412,10.003320,3.143e-12,2.478e-10,2.200e-12,2.478e-10,1.00000000
65.800000,-1.269172,1.584188,-0.465765,2.082639,10.469108,10.003343,3.202e-12,2.311e-10,2.699e-12,2.311e-10,1.00000000
65.900000,-1.260848,1.574766,-0.455494,2.068115,10.458854,10.003360,3.287e-12,1.814e-10,3.354e-12,1.814e-10,1.00000000
66.000000,-1.252100,1.567055,-0.446632,2.054969,10.450002,10.003370,3.572e-12,1.237e-10,4.480e-12,1.237e-10,1.00000000
66.100000,-1.243647,1.559933,-0.438733,2.042679,10.442106,10.003373,4.344e-12,8.510e-11,6.335e-12,8.510e-11,1.00000000
66.200000,-1.235629,1.552968,-0.431251,2.030878,10.434620,10.003369,5.468e-12,6.418e-11,8.344e-12,6.418e-11,1.00000000
66.300000,-1.228430,1.546182,-0.424743,2.019932,10.428101,10.003358,7.017e-12,5.470e-11,1.149e-11,5.470e-11,1.00000000
66.400000,-1.221961,1.540109,-0.419902,2.010334,10.423243,10.003341,9.619e-12,5.703e-11,1.539e-11,5.703e-11,1.00000000
66.500000,-1.216228,1.535465,-0.416944,2.002674,10.420262,10.003318,1.253e-11,6.235e-11,1.898e-11,6.235e-11,1.00000000
66.600000,-1.211719,1.532726,-0.415970,1.997634,10.419259,10.003290,1.711e-11,6.371e-11,2.131e-11,6.371e-11,1.00000000
66.700000,-1.208467,1.531372,-0.417027,1.994844,10.420285,10.003258,2.367e-11,6.160e-11,2.315e-11,6.160e-11,1.00000000
66.800000,-1.205928,1.530212,-0.419751,1.992988,10.422975,10.003224,3.133e-11,5.844e-11,2.028e-11,5.844e-11,1.00000000
66.900000,-1.204161,1.529073,-0.423982,1.991942,10.427171,10.003189,4.101e-11,5.523e-11,1.377e-11,5.523e-11,1.00000000
67.000000,-1.202744,1.527968,-0.429851,1.991495,10.433007,10.003155,4.990e-11,5.474e-11,9.546e-12,5.474e-11,1.00000000
67.100000,-1.201252,1.526229,-0.437033,1.990824,10.440157,10.003124,6.012e-11,5.298e-11,7.190e-12,6.012e-11,1.00000000
67.200000,-1.199332,1.522634,-0.444326,1.988526,10.447423,10.003097,6.983e-11,5.252e-11,5.455e-12,6.983e-11,1.00000000
67.300000,-1.197618,1.516942,-0.451506,1.984757,10.454582,10.003076,7.676e-11,5.455e-11,4.747e-12,7.676e-11,1.00000000
67.400000,-1.195893,1.509327,-0.458348,1.979472,10.461409,10.003061,8.097e-11,5.774e-11,4.858e-12,8.097e-11,1.00000000
67.500000,-1.193177,1.500205,-0.463903,1.972179,10.466957,10.003054,7.785e-11,6.028e-11,5.127e-12,7.785e-11,1.00000000
67.600000,-1.189615,1.489761,-0.468429,1.963160,10.471484,10.003055,6.655e-11,5.745e-11,5.967e-12,6.655e-11,1.00000000
67.700000,-1.186063,1.478552,-0.472289,1.953438,10.475353,10.003064,4.996e-11,5.328e-11,7.118e-12,5.328e-11,1.00000000
67.800000,-1.183450,1.467395,-0.475486,1.944194,10.478565,10.003080,3.565e-11,5.278e-11,8.617e-12,5.278e-11,1.00000000
67.900000,-1.181644,1.456070,-0.477900,1.935152,10.481002,10.003102,2.567e-11,5.646e-11,1.157e-11,5.646e-11,1.00000000
68.000000,-1.179936,1.444420,-0.479773,1.925819,10.482904,10.003131,1.845e-11,6.453e-11,1.487e-11,6.453e-11,1.00000000
68.100000,-1.178516,1.431884,-0.481739,1.916054,10.484903,10.003164,1.308e-11,7.921e-11,1.720e-11,7.921e-11,1.00000000
68.200000,-1.176937,1.418837,-0.483309,1.905746,10.486511,10.003202,9.796e-12,9.168e-11,1.818e-11,9.168e-11,1.00000000
68.300000,-1.174359,1.405303,-0.483393,1.894113,10.486635,10.003242,8.032e-12,1.014e-10,1.953e-11,1.014e-10,1.00000000
68.400000,-1.171174,1.390833,-0.482051,1.881073,10.485334,10.003284,7.070e-12,1.413e-10,1.825e-11,1.413e-10,1.00000000
68.500000,-1.167587,1.375191,-0.479862,1.866728,10.483187,10.003325,6.566e-12,2.405e-10,1.371e-11,2.405e-10,1.00000000
68.600000,-1.164565,1.358809,-0.477986,1.852308,10.481351,10.003365,6.376e-12,3.630e-10,1.076e-11,3.630e-10,1.00000000
68.700000,-1.163114,1.342434,-0.477000,1.839155,10.480402,10.003402,6.543e-12,4.809e-10,9.277e-12,4.809e-10,1.00000000
68.800000,-1.163068,1.326179,-0.476722,1.827222,10.480157,10.003435,6.798e-12,5.748e-10,8.213e-12,5.748e-10,1.00000000
68.900000,-1.163322,1.309913,-0.476718,1.815613,10.480181,10.003463,6.943e-12,5.936e-10,8.539e-12,5.936e-10,1.00000000
69.000000,-1.162818,1.293546,-0.476828,1.803544,10.480312,10.003484,7.452e-12,5.661e-10,9.824e-12,5.661e-10,1.00000000
69.100000,-1.161842,1.277239,-0.476326,1.791117,10.479826,10.003499,8.315e-12,4.999e-10,1.150e-11,4.999e-10,1.00000000
69.200000,-1.161156,1.261145,-0.474981,1.778869,10.478488,10.003508,9.857e-12,3.887e-10,1.542e-11,3.887e-10,1.00000000
69.300000,-1.161749,1.245745,-0.473305,1.767925,10.476814,10.003509,1.222e-11,2.753e-10,2.070e-11,2.753e-10,1.00000000
69.400000,-1.163705,1.231196,-0.471517,1.758517,10.475021,10.003504,1.640e-11,1.886e-10,2.617e-11,1.886e-10,1.00000000
69.500000,-1.166084,1.217459,-0.469709,1.750024,10.473202,10.003493,2.310e-11,1.420e-10,3.321e-11,1.420e-10,1.00000000
69.600000,-1.168014,1.204439,-0.467330,1.741645,10.470807,10.003477,3.276e-11,1.301e-10,4.260e-11,1.301e-10,1.00000000
69.700000,-1.168199,1.191428,-0.463894,1.731874,10.467350,10.003456,4.382e-11,1.308e-10,4.643e-11,1.308e-10,1.00000000
69.800000,-1.166782,1.177861,-0.460123,1.720596,10.463556,10.003433,5.479e-11,1.299e-10,4.547e-11,1.299e-10,1.00000000
69.900000,-1.165467,1.163652,-0.456716,1.709090,10.460124,10.003408,6.270e-11,1.319e-10,4.299e-11,1.319e-10,1.00000000
70.000000,-1.165704,1.148656,-0.454937,1.698601,10.458320,10.003383,7.514e-11,1.339e-10,4.001e-11,1.339e-10,1.00000000
70.100000,-1.168545,1.133769,-0.455614,1.690714,10.458972,10.003358,9.840e-11,1.283e-10,3.487e-11,1.283e-10,1.00000000
70.200000,-1.174352,1.119847,-0.459101,1.686397,10.462437,10.003336,1.336e-10,1.231e-10,2.731e-11,1.336e-10,1.00000000
70.300000,-1.182820,1.106739,-0.465611,1.685446,10.468928,10.003317,1.631e-10,1.222e-10,2.091e-11,1.631e-10,1.00000000
70.400000,-1.192154,1.094417,-0.474311,1.686402,10.477615,10.003303,1.794e-10,1.292e-10,1.677e-11,1.794e-10,1.00000000
70.500000,-1.199923,1.083304,-0.483614,1.687378,10.486910,10.003296,1.931e-10,1.362e-10,1.541e-11,1.931e-10,1.00000000
70.600000,-1.204358,1.074378,-0.492848,1.687502,10.496143,10.003295,1.924e-10,1.390e-10,1.512e-11,1.924e-10,1.00000000
70.700000,-1.205457,1.067876,-0.501040,1.686573,10.504342,10.003302,1.799e-10,1.379e-10,1.683e-11,1.799e-10,1.00000000
70.800000,-1.204422,1.063545,-0.507382,1.684992,10.510699,10.003317,1.545e-10,1.319e-10,1.936e-11,1.545e-10,1.00000000
70.900000,-1.201551,1.060652,-0.511946,1.682497,10.515285,10.003339,1.218e-10,1.231e-10,2.265e-11,1.231e-10,1.00000000
71.000000,-1.196290,1.058628,-0.514685,1.678304,10.518052,10.003367,9.239e-11,1.253e-10,2.766e-11,1.253e-10,1.00000000
71.100000,-1.188663,1.056032,-0.515326,1.671432,10.518726,10.003400,6.790e-11,1.480e-10,3.344e-11,1.480e-10,1.00000000
71.200000,-1.178436,1.052011,-0.513764,1.661141,10.517202,10.003438,4.899e-11,1.719e-10,3.897e-11,1.719e-10,1.00000000
71.300000,-1.167484,1.046258,-0.511359,1.648988,10.514838,10.003479,3.557e-11,1.859e-10,4.192e-11,1.859e-10,1.00000000
71.400000,-1.157838,1.039134,-0.509823,1.637165,10.513345,10.003522,2.622e-11,2.111e-10,4.076e-11,2.111e-10,1.00000000
71.500000,-1.149575,1.030736,-0.509119,1.625774,10.512684,10.003566,2.058e-11,3.048e-10,3.876e-11,3.048e-10,1.00000000
71.600000,-1.143158,1.020532,-0.509035,1.614749,10.512643,10.003609,1.762e-11,5.188e-10,3.551e-11,5.188e-10,1.00000000
71.700000,-1.138381,1.008586,-0.509179,1.603876,10.512830,10.003650,1.608e-11,7.280e-10,3.241e-11,7.280e-10,1.00000000
71.800000,-1.134723,0.995781,-0.509849,1.593462,10.513537,10.003688,1.521e-11,8.006e-10,2.782e-11,8.006e-10,1.00000000
71.900000,-1.132225,0.983590,-0.511362,1.584573,10.515084,10.003722,1.537e-11,1.070e-09,2.377e-11,1.070e-09,1.00000000
72.000000,-1.131622,0.972623,-0.514180,1.578273,10.517930,10.003750,1.591e-11,1.285e-09,2.291e-11,1.285e-09,1.00000000
72.100000,-1.132571,0.963080,-0.518487,1.574506,10.522258,10.003772,1.733e-11,1.088e-09,2.622e-11,1.088e-09,1.00000000
72.200000,-1.132449,0.954496,-0.522601,1.570546,10.526388,10.003787,1.992e-11,9.259e-10,2.981e-11,9.259e-10,1.00000000
72.300000,-1.129320,0.945932,-0.524948,1.563880,10.528743,10.003795,2.305e-11,9.202e-10,3.515e-11,9.202e-10,1.00000000
72.400000,-1.123570,0.936551,-0.524489,1.553907,10.528285,10.003796,2.799e-11,8.230e-10,4.254e-11,8.230e-10,1.00000000
72.500000,-1.117288,0.925971,-0.522325,1.542263,10.526114,10.003789,3.666e-11,6.162e-10,5.131e-11,6.162e-10,1.00000000
72.600000,-1.111515,0.915279,-0.520219,1.530957,10.523995,10.003775,4.862e-11,4.392e-10,6.372e-11,4.392e-10,1.00000000
72.700000,-1.106331,0.904855,-0.518622,1.520427,10.522377,10.003755,6.878e-11,3.382e-10,7.535e-11,3.382e-10,1.00000000
72.800000,-1.102264,0.894768,-0.517359,1.511045,10.521089,10.003730,9.611e-11,2.898e-10,8.971e-11,2.898e-10,1.00000000
72.900000,-1.099468,0.884316,-0.516214,1.502438,10.519914,10.003701,1.193e-10,2.820e-10,1.014e-10,2.820e-10,1.00000000
73.000000,-1.096934,0.873564,-0.514498,1.493682,10.518167,10.003669,1.441e-10,2.942e-10,1.023e-10,2.942e-10,1.00000000
73.100000,-1.093629,0.862661,-0.511395,1.483824,10.515031,10.003636,1.683e-10,3.014e-10,9.592e-11,3.014e-10,1.00000000
73.200000,-1.089007,0.851508,-0.507302,1.472534,10.510905,10.003603,1.949e-10,2.966e-10,8.337e-11,2.966e-10,1.00000000
73.300000,-1.082921,0.839934,-0.502657,1.459751,10.506229,10.003572,2.176e-10,2.835e-10,7.380e-11,2.835e-10,1.00000000
73.400000,-1.076390,0.827401,-0.498341,1.446220,10.501884,10.003544,2.424e-10,2.630e-10,6.047e-11,2.630e-10,1.00000000
73.500000,-1.071145,0.814522,-0.495503,1.433988,10.499023,10.003521,2.814e-10,2.514e-10,4.959e-11,2.814e-10,1.00000000
73.600000,-1.067855,0.802001,-0.493898,1.423887,10.497401,10.003503,3.409e-10,2.494e-10,4.406e-11,3.409e-10,1.00000000
73.700000,-1.065642,0.789801,-0.493396,1.415209,10.496887,10.003491,4.294e-10,2.445e-10,4.165e-11,4.294e-10,1.00000000
73.800000,-1.064443,0.777913,-0.493597,1.407774,10.497083,10.003485,4.823e-10,2.516e-10,4.296e-11,4.823e-10,1.00000000
73.900000,-1.063983,0.766514,-0.493595,1.401157,10.497082,10.003487,4.355e-10,2.621e-10,4.670e-11,4.355e-10,1.00000000
74.000000,-1.063260,0.755139,-0.493257,1.394296,10.496753,10.003496,3.712e-10,2.756e-10,5.061e-11,3.712e-10,1.00000000
74.100000,-1.062059,0.744705,-0.492117,1.387348,10.495628,10.003511,3.141e-10,2.834e-10,5.972e-11,3.141e-10,1.00000000
74.200000,-1.060251,0.735675,-0.490139,1.380430,10.493671,10.003531,2.608e-10,2.918e-10,7.012e-11,2.918e-10,1.00000000
74.300000,-1.057617,0.727862,-0.487122,1.373180,10.490678,10.003556,2.002e-10,3.615e-10,8.075e-11,3.615e-10,1.00000000
74.400000,-1.053970,0.720890,-0.482834,1.365161,10.486418,10.003584,1.404e-10,4.274e-10,9.172e-11,4.274e-10,1.00000000
74.500000,-1.049288,0.714303,-0.476925,1.355984,10.480539,10.003615,9.613e-11,4.726e-10,9.536e-11,4.726e-10,1.00000000
74.600000,-1.042836,0.708057,-0.468733,1.344828,10.472379,10.003646,6.999e-11,5.490e-10,9.374e-11,5.490e-10,1.00000000
74.700000,-1.035012,0.701663,-0.459241,1.332097,10.462919,10.003678,5.624e-11,6.046e-10,8.739e-11,6.046e-10,1.00000000
74.800000,-1.026820,0.694720,-0.449692,1.318794,10.453401,10.003709,4.893e-11,7.461e-10,7.846e-11,7.461e-10,1.00000000
74.900000,-1.018710,0.687303,-0.440196,1.305346,10.443933,10.003737,4.294e-11,8.924e-10,7.646e-11,8.924e-10,1.00000000
75.000000,-1.011020,0.679568,-0.431011,1.292186,10.434773,10.003762,4.080e-11,1.021e-09,6.673e-11,1.021e-09,1.00000000
75.100000,-1.003895,0.672063,-0.422103,1.279705,10.425886,10.003783,4.256e-11,1.316e-09,6.085e-11,1.316e-09,1.00000000
75.200000,-0.997493,0.664884,-0.413531,1.268097,10.417330,10.003799,4.443e-11,1.624e-09,6.061e-11,1.624e-09,1.00000000
75.300000,-0.991349,0.658010,-0.405174,1.256947,10.408983,10.003809,4.752e-11,1.832e-09,6.684e-11,1.832e-09,1.00000000
75.400000,-0.985128,0.651364,-0.397087,1.245966,10.400901,10.003815,5.309e-11,1.653e-09,7.309e-11,1.653e-09,1.00000000
75.500000,-0.978407,0.644291,-0.389309,1.234484,10.393123,10.003814,6.258e-11,1.288e-09,8.269e-11,1.288e-09,1.00000000
75.600000,-0.971451,0.636791,-0.382579,1.222941,10.386386,10.003807,8.055e-11,9.964e-10,9.550e-11,9.964e-10,1.00000000
75.700000,-0.964918,0.629215,-0.376485,1.211907,10.380279,10.003794,1.044e-10,8.079e-10,1.145e-10,8.079e-10,1.00000000
75.800000,-0.959638,0.621497,-0.371163,1.202051,10.374939,10.003776,1.329e-10,6.985e-10,1.402e-10,6.985e-10,1.00000000
75.900000,-0.955122,0.612976,-0.365592,1.192332,10.369344,10.003753,1.666e-10,6.436e-10,1.654e-10,6.436e-10,1.00000000
76.000000,-0.951737,0.603678,-0.359823,1.183091,10.363548,10.003725,2.025e-10,6.472e-10,1.779e-10,6.472e-10,1.00000000
76.100000,-0.949919,0.593584,-0.354399,1.174856,10.358093,10.003695,2.536e-10,6.175e-10,1.808e-10,6.175e-10,1.00000000
76.200000,-0.949194,0.583241,-0.349805,1.167691,10.353467,10.003662,3.167e-10,5.679e-10,1.842e-10,5.679e-10,1.00000000
76.300000,-0.947858,0.573515,-0.344713,1.160250,10.348342,10.003629,3.776e-10,5.287e-10,1.783e-10,5.287e-10,1.00000000
76.400000,-0.945163,0.564006,-0.337506,1.151237,10.341103,10.003597,4.300e-10,4.989e-10,1.522e-10,4.989e-10,1.00000000
76.500000,-0.939939,0.554865,-0.327596,1.139596,10.331164,10.003568,5.010e-10,4.793e-10,1.370e-10,5.010e-10,1.00000000
76.600000,-0.933171,0.545951,-0.315718,1.126299,10.319261,10.003542,6.243e-10,4.747e-10,1.238e-10,6.243e-10,1.00000000
76.700000,-0.926852,0.536875,-0.303759,1.113355,10.307281,10.003521,7.155e-10,4.810e-10,1.094e-10,7.155e-10,1.00000000
76.800000,-0.921285,0.527386,-0.292381,1.101085,10.295886,10.003506,8.132e-10,4.950e-10,9.991e-11,8.132e-10,1.00000000
76.900000,-0.915656,0.517746,-0.281534,1.088921,10.285029,10.003495,9.117e-10,5.126e-10,9.645e-11,9.117e-10,1.00000000
77.000000,-0.909596,0.507925,-0.270878,1.076442,10.274368,10.003489,9.244e-10,5.463e-10,1.027e-10,9.244e-10,1.00000000
77.100000,-0.904577,0.497409,-0.261141,1.064833,10.264630,10.003489,7.791e-10,6.199e-10,1.072e-10,7.791e-10,1.00000000
77.200000,-0.901356,0.485632,-0.253313,1.054727,10.256808,10.003495,5.712e-10,6.696e-10,1.202e-10,6.696e-10,1.00000000
77.300000,-0.900673,0.472789,-0.247926,1.047000,10.251432,10.003505,4.330e-10,7.125e-10,1.310e-10,7.125e-10,1.00000000
77.400000,-0.902636,0.459360,-0.245502,1.042129,10.249022,10.003520,3.473e-10,7.705e-10,1.489e-10,7.705e-10,1.00000000
77.500000,-0.906445,0.445648,-0.246132,1.039628,10.249670,10.003539,2.814e-10,7.500e-10,1.672e-10,7.500e-10,1.00000000
77.600000,-0.909880,0.432489,-0.248178,1.037555,10.251738,10.003560,2.231e-10,7.446e-10,1.791e-10,7.446e-10,1.00000000
77.700000,-0.912049,0.420546,-0.249789,1.034933,10.253371,10.003582,1.731e-10,9.214e-10,1.812e-10,9.214e-10,1.00000000
77.800000,-0.911706,0.410008,-0.250125,1.030475,10.253729,10.003604,1.380e-10,1.261e-09,1.795e-10,1.261e-09,1.00000000
77.900000,-0.909544,0.400144,-0.249233,1.024453,10.252860,10.003626,1.144e-10,1.500e-09,1.690e-10,1.500e-09,1.00000000
78.000000,-0.906476,0.390434,-0.246898,1.017397,10.250544,10.003646,9.842e-11,1.402e-09,1.507e-10,1.402e-09,1.00000000
78.100000,-0.903217,0.379727,-0.243287,1.009546,10.246950,10.003663,8.988e-11,1.301e-09,1.401e-10,1.301e-09,1.00000000
78.200000,-0.900749,0.367671,-0.238855,1.001790,10.242531,10.003676,8.787e-11,1.364e-09,1.388e-10,1.364e-09,1.00000000
78.300000,-0.899947,0.354135,-0.233984,0.995020,10.237668,10.003684,8.904e-11,1.499e-09,1.352e-10,1.499e-09,1.00000000
78.400000,-0.901870,0.339171,-0.229850,0.990574,10.233537,10.003687,9.531e-11,1.528e-09,1.334e-10,1.528e-09,1.00000000
78.500000,-0.906882,0.323323,-0.227934,0.989407,10.231620,10.003686,1.119e-10,1.470e-09,1.451e-10,1.470e-09,1.00000000
78.600000,-0.913398,0.307355,-0.228139,0.990359,10.231818,10.003679,1.289e-10,1.429e-09,1.606e-10,1.429e-09,1.00000000
78.700000,-0.920241,0.291726,-0.229732,0.992333,10.233401,10.003668,1.481e-10,1.315e-09,1.712e-10,1.315e-09,1.00000000
78.800000,-0.926506,0.276428,-0.232226,0.994361,10.235879,10.003653,1.725e-10,1.186e-09,1.956e-10,1.186e-09,1.00000000
78.900000,-0.932298,0.261629,-0.235634,0.996570,10.239266,10.003632,2.074e-10,1.046e-09,2.193e-10,1.046e-09,1.00000000
79.000000,-0.937939,0.247093,-0.240607,0.999338,10.244214,10.003607,2.602e-10,9.374e-10,2.506e-10,9.374e-10,1.00000000
79.100000,-0.943352,0.232633,-0.247354,1.002605,10.250933,10.003579,3.397e-10,9.595e-10,2.833e-10,9.595e-10,1.00000000
79.200000,-0.948165,0.218945,-0.254765,1.005912,10.258312,10.003548,4.371e-10,1.011e-09,3.230e-10,1.011e-09,1.00000000
79.300000,-0.951584,0.206973,-0.261045,1.008213,10.264560,10.003515,5.194e-10,1.013e-09,3.297e-10,1.013e-09,1.00000000
79.400000,-0.952749,0.196836,-0.265260,1.008383,10.268743,10.003483,6.048e-10,9.601e-10,2.887e-10,9.601e-10,1.00000000
79.500000,-0.951553,0.187836,-0.266860,1.005957,10.270313,10.003453,6.815e-10,8.882e-10,2.686e-10,8.882e-10,1.00000000
79.600000,-0.948476,0.179082,-0.265581,1.001105,10.269006,10.003425,7.694e-10,8.523e-10,2.507e-10,8.523e-10,1.00000000
79.700000,-0.944116,0.169785,-0.262001,0.994398,10.265404,10.003403,9.187e-10,8.414e-10,2.266e-10,9.187e-10,1.00000000
79.800000,-0.939072,0.160221,-0.256814,0.986652,10.260199,10.003385,1.083e-09,8.735e-10,2.179e-10,1.083e-09,1.00000000
79.900000,-0.934080,0.150473,-0.251457,0.978968,10.254831,10.003374,1.396e-09,8.965e-10,2.089e-10,1.396e-09,1.00000000
80.000000,-0.929076,0.140608,-0.246221,0.971380,10.249590,10.003369,1.893e-09,9.406e-10,2.040e-10,1.893e-09,1.00000000
80.100000,-0.923776,0.130875,-0.241355,0.963713,10.244725,10.003370,2.282e-09,9.478e-10,2.053e-10,2.282e-09,1.00000000
80.200000,-0.918041,0.121730,-0.237697,0.956095,10.241073,10.003375,1.942e-09,9.410e-10,2.076e-10,1.942e-09,1.00000000
80.300000,-0.911572,0.112572,-0.234634,0.947992,10.238020,10.003386,1.355e-09,9.362e-10,2.115e-10,1.355e-09,1.00000000
80.400000,-0.904551,0.103100,-0.232319,0.939582,10.235721,10.003401,9.403e-10,1.013e-09,2.274e-10,1.013e-09,1.00000000
80.500000,-0.898001,0.093499,-0.231120,0.931968,10.234540,10.003420,6.774e-10,1.114e-09,2.554e-10,1.114e-09,1.00000000
80.600000,-0.892412,0.083779,-0.231660,0.925788,10.235101,10.003441,5.257e-10,1.182e-09,2.826e-10,1.182e-09,1.00000000
80.700000,-0.888179,0.074010,-0.234586,0.921613,10.238051,10.003465,4.195e-10,1.182e-09,2.931e-10,1.182e-09,1.00000000
80.800000,-0.885171,0.064506,-0.240722,0.919585,10.244211,10.003489,3.395e-10,1.344e-09,3.243e-10,1.344e-09,1.00000000
80.900000,-0.882760,0.055806,-0.248393,0.918737,10.251906,10.003513,2.867e-10,1.742e-09,3.236e-10,1.742e-09,1.00000000
81.000000,-0.880472,0.047803,-0.255805,0.918124,10.259341,10.003536,2.469e-10,2.177e-09,2.911e-10,2.177e-09,1.00000000
81.100000,-0.877728,0.040348,-0.263364,0.917276,10.266921,10.003557,2.157e-10,2.213e-09,2.734e-10,2.213e-09,1.00000000
81.200000,-0.873818,0.033102,-0.269950,0.915165,10.273525,10.003575,1.966e-10,1.866e-09,2.692e-10,1.866e-09,1.00000000
81.300000,-0.868879,0.025788,-0.274045,0.911437,10.277634,10.003589,1.878e-10,1.598e-09,2.583e-10,1.598e-09,1.00000000
81.400000,-0.863328,0.018566,-0.275782,0.906496,10.279380,10.003598,1.895e-10,1.551e-09,2.511e-10,1.551e-09,1.00000000
81.500000,-0.857257,0.011371,-0.276842,0.900922,10.280445,10.003603,2.003e-10,1.666e-09,2.550e-10,1.666e-09,1.00000000
81.600000,-0.850915,0.003643,-0.278105,0.895216,10.281707,10.003602,2.210e-10,1.885e-09,2.639e-10,1.885e-09,1.00000000
81.700000,-0.845236,-0.004851,-0.280212,0.890486,10.283809,10.003598,2.498e-10,1.963e-09,2.726e-10,1.963e-09,1.00000000
81.800000,-0.841071,-0.014066,-0.283384,0.887640,10.286973,10.003589,2.837e-10,1.902e-09,2.991e-10,1.902e-09,1.00000000
81.900000,-0.838755,-0.023540,-0.288833,0.887406,10.292409,10.003576,3.332e-10,1.829e-09,3.214e-10,1.829e-09,1.00000000
82.000000,-0.837920,-0.032816,-0.296361,0.889391,10.299921,10.003560,3.949e-10,1.696e-09,3.600e-10,1.696e-09,1.00000000
82.100000,-0.837798,-0.041560,-0.304814,0.892493,10.308355,10.003541,4.568e-10,1.588e-09,4.038e-10,1.588e-09,1.00000000
82.200000,-0.837510,-0.049846,-0.313888,0.895786,10.317406,10.003519,5.517e-10,1.497e-09,4.522e-10,1.497e-09,1.00000000
82.300000,-0.836022,-0.057116,-0.324140,0.898477,10.327635,10.003495,7.166e-10,1.607e-09,4.919e-10,1.607e-09,1.00000000
82.400000,-0.832662,-0.062555,-0.334223,0.899413,10.337693,10.003470,8.383e-10,1.770e-09,5.322e-10,1.770e-09,1.00000000
82.500000,-0.828303,-0.066235,-0.342074,0.898603,10.345519,10.003445,9.169e-10,1.693e-09,5.291e-10,1.693e-09,1.00000000
82.600000,-0.824239,-0.068434,-0.346822,0.896850,10.350244,10.003421,9.993e-10,1.500e-09,4.700e-10,1.500e-09,1.00000000
82.700000,-0.820449,-0.069730,-0.348339,0.894057,10.351739,10.003400,1.099e-09,1.332e-09,4.344e-10,1.332e-09,1.00000000
82.800000,-0.817408,-0.070125,-0.347459,0.890955,10.350841,10.003382,1.265e-09,1.230e-09,4.143e-10,1.265e-09,1.00000000
82.900000,-0.815548,-0.070204,-0.344718,0.888187,10.348087,10.003369,1.563e-09,1.182e-09,3.844e-10,1.563e-09,1.00000000
83.000000,-0.814518,-0.070423,-0.340764,0.885731,10.344124,10.003361,2.391e-09,1.138e-09,3.626e-10,2.391e-09,1.00000000
83.100000,-0.813684,-0.070544,-0.336145,0.883205,10.339502,10.003358,4.156e-09,1.145e-09,3.479e-10,4.156e-09,1.00000000
83.200000,-0.812993,-0.070306,-0.331604,0.880830,10.334964,10.003360,5.748e-09,1.221e-09,3.459e-10,5.748e-09,1.00000000
83.300000,-0.812543,-0.069676,-0.326818,0.878574,10.330184,10.003366,5.430e-09,1.312e-09,3.413e-10,5.430e-09,1.00000000
83.400000,-0.812265,-0.069026,-0.321146,0.876170,10.324522,10.003376,3.650e-09,1.379e-09,3.594e-10,3.650e-09,1.00000000
83.500000,-0.811961,-0.068412,-0.314213,0.873321,10.317602,10.003389,2.178e-09,1.456e-09,3.953e-10,2.178e-09,1.00000000
83.600000,-0.810807,-0.067969,-0.306680,0.869529,10.310084,10.003405,1.463e-09,1.537e-09,4.146e-10,1.537e-09,1.00000000
83.700000,-0.808163,-0.067834,-0.298604,0.864230,10.302027,10.003422,1.137e-09,1.762e-09,4.524e-10,1.762e-09,1.00000000
83.800000,-0.803849,-0.067659,-0.290578,0.857430,10.294019,10.003442,9.143e-10,1.957e-09,5.040e-10,1.957e-09,1.00000000
83.900000,-0.797663,-0.067100,-0.283399,0.849166,10.286861,10.003462,7.406e-10,1.959e-09,5.296e-10,1.959e-09,1.00000000
84.000000,-0.789901,-0.066224,-0.276496,0.839511,10.279979,10.003483,6.225e-10,2.005e-09,5.414e-10,2.005e-09,1.00000000
84.100000,-0.782290,-0.065013,-0.269839,0.830071,10.273341,10.003502,5.125e-10,2.010e-09,5.255e-10,2.010e-09,1.00000000
84.200000,-0.775608,-0.063863,-0.263622,0.821671,10.267143,10.003521,4.445e-10,2.041e-09,4.963e-10,2.041e-09,1.00000000
84.300000,-0.770115,-0.062905,-0.256847,0.814251,10.260384,10.003537,3.986e-10,2.352e-09,4.675e-10,2.352e-09,1.00000000
84.400000,-0.765160,-0.062587,-0.249351,0.807194,10.252901,10.003551,4.008e-10,2.621e-09,4.448e-10,2.621e-09,1.00000000
84.500000,-0.760095,-0.062728,-0.242931,0.800434,10.246491,10.003560,4.110e-10,2.614e-09,4.310e-10,2.614e-09,1.00000000
84.600000,-0.754537,-0.063278,-0.239361,0.794118,10.242927,10.003566,4.144e-10,2.459e-09,4.282e-10,2.459e-09,1.00000000
84.700000,-0.748337,-0.063673,-0.239101,0.788183,10.242668,10.003567,4.348e-10,2.373e-09,4.299e-10,2.373e-09,1.00000000
84.800000,-0.741357,-0.064041,-0.242035,0.782491,10.245599,10.003565,4.628e-10,2.275e-09,4.485e-10,2.275e-09,1.00000000
84.900000,-0.733993,-0.065265,-0.246706,0.777090,10.250265,10.003559,5.040e-10,2.272e-09,4.748e-10,2.272e-09,1.00000000
85.000000,-0.727190,-0.067693,-0.251886,0.772551,10.255438,10.003552,5.553e-10,2.275e-09,5.133e-10,2.275e-09,1.00000000
85.100000,-0.721299,-0.070483,-0.256138,0.768665,10.259680,10.003542,6.143e-10,2.296e-09,5.444e-10,2.296e-09,1.00000000
85.200000,-0.716102,-0.072594,-0.258747,0.764867,10.262277,10.003530,7.116e-10,2.342e-09,5.548e-10,2.342e-09,1.00000000
85.300000,-0.711501,-0.073634,-0.260791,0.761359,10.264307,10.003516,8.857e-10,2.365e-09,6.451e-10,2.365e-09,1.00000000
85.400000,-0.707253,-0.073335,-0.262510,0.757956,10.266011,10.003501,1.024e-09,2.392e-09,7.412e-10,2.392e-09,1.00000000
85.500000,-0.702630,-0.072103,-0.263992,0.754042,10.267477,10.003485,1.165e-09,2.424e-09,8.282e-10,2.424e-09,1.00000000
85.600000,-0.697582,-0.070255,-0.265268,0.749615,10.268736,10.003468,1.346e-09,2.516e-09,8.484e-10,2.516e-09,1.00000000
85.700000,-0.692276,-0.068356,-0.265594,0.744620,10.269045,10.003451,1.645e-09,2.414e-09,8.546e-10,2.414e-09,1.00000000
85.800000,-0.687301,-0.066817,-0.264766,0.739559,10.268202,10.003436,1.841e-09,2.246e-09,7.827e-10,2.246e-09,1.00000000
85.900000,-0.683265,-0.065709,-0.263483,0.735249,10.266906,10.003423,2.007e-09,2.076e-09,7.033e-10,2.076e-09,1.00000000
86.000000,-0.680070,-0.064865,-0.261886,0.731633,10.265300,10.003413,2.465e-09,1.923e-09,6.331e-10,2.465e-09,1.00000000
86.100000,-0.677507,-0.064581,-0.259882,0.728509,10.263290,10.003408,3.473e-09,1.830e-09,6.129e-10,3.473e-09,1.00000000
86.200000,-0.675360,-0.065305,-0.258642,0.726135,10.262048,10.003406,5.844e-09,1.847e-09,5.845e-10,5.844e-09,1.00000000
86.300000,-0.673464,-0.066268,-0.258985,0.724581,10.262395,10.003409,8.787e-09,1.914e-09,5.662e-10,8.787e-09,1.00000000
86.400000,-0.671449,-0.066563,-0.259860,0.723050,10.263276,10.003416,1.022e-08,2.054e-09,5.883e-10,1.022e-08,1.00000000
86.500000,-0.669051,-0.065757,-0.260713,0.721058,10.264140,10.003426,8.979e-09,2.225e-09,6.122e-10,8.979e-09,1.00000000
86.600000,-0.666338,-0.063685,-0.261721,0.718721,10.265161,10.003440,6.325e-09,2.477e-09,6.394e-10,6.325e-09,1.00000000
86.700000,-0.663140,-0.060716,-0.263741,0.716241,10.267197,10.003455,4.173e-09,2.632e-09,6.288e-10,4.173e-09,1.00000000
86.800000,-0.659355,-0.056474,-0.266437,0.713391,10.269910,10.003473,2.804e-09,2.438e-09,6.351e-10,2.804e-09,1.00000000
86.900000,-0.655245,-0.050826,-0.267763,0.709666,10.271255,10.003492,2.035e-09,2.332e-09,7.196e-10,2.332e-09,1.00000000
87.000000,-0.650762,-0.044046,-0.267594,0.705009,10.271107,10.003513,1.575e-09,2.474e-09,7.903e-10,2.474e-09,1.00000000
87.100000,-0.645986,-0.037065,-0.267327,0.700097,10.270861,10.003534,1.240e-09,2.485e-09,8.426e-10,2.485e-09,1.00000000
87.200000,-0.640631,-0.030015,-0.267855,0.695022,10.271411,10.003555,1.006e-09,2.596e-09,8.803e-10,2.596e-09,1.00000000
87.300000,-0.634773,-0.022349,-0.270054,0.690192,10.273630,10.003576,8.686e-10,2.738e-09,8.462e-10,2.738e-09,1.00000000
87.400000,-0.628657,-0.013589,-0.272862,0.685454,10.276458,10.003596,7.748e-10,2.839e-09,7.794e-10,2.839e-09,1.00000000
87.500000,-0.622251,-0.004076,-0.276655,0.680992,10.280268,10.003614,7.171e-10,3.002e-09,7.638e-10,3.002e-09,1.00000000
87.600000,-0.615890,0.005716,-0.281600,0.677238,10.285228,10.003628,6.736e-10,3.066e-09,7.526e-10,3.066e-09,1.00000000
87.700000,-0.609275,0.016286,-0.286518,0.673478,10.290158,10.003640,6.741e-10,2.923e-09,7.390e-10,2.923e-09,1.00000000
87.800000,-0.602432,0.028251,-0.290547,0.669433,10.294195,10.003648,7.125e-10,2.777e-09,7.312e-10,2.777e-09,1.00000000
87.900000,-0.595162,0.042135,-0.293428,0.664901,10.297080,10.003652,7.484e-10,2.702e-09,7.439e-10,2.702e-09,1.00000000
88.000000,-0.587735,0.057796,-0.294198,0.659791,10.297852,10.003654,8.026e-10,2.836e-09,7.736e-10,2.836e-09,1.00000000
88.100000,-0.579396,0.074437,-0.293874,0.653913,10.297527,10.003653,8.925e-10,3.036e-09,8.090e-10,3.036e-09,1.00000000
88.200000,-0.570669,0.091921,-0.292192,0.647679,10.295842,10.003650,1.019e-09,3.120e-09,8.281e-10,3.120e-09,1.00000000
88.300000,-0.561872,0.109996,-0.288482,0.641109,10.292127,10.003646,1.152e-09,3.238e-09,8.932e-10,3.238e-09,1.00000000
88.400000,-0.553149,0.128028,-0.282557,0.634196,10.286196,10.003639,1.247e-09,3.225e-09,9.775e-10,3.225e-09,1.00000000
88.500000,-0.544157,0.145248,-0.276508,0.627423,10.280138,10.003630,1.389e-09,3.073e-09,1.030e-09,3.073e-09,1.00000000
88.600000,-0.533872,0.161421,-0.273265,0.621088,10.276884,10.003619,1.779e-09,2.951e-09,1.151e-09,2.951e-09,1.00000000
88.700000,-0.522050,0.177300,-0.272188,0.614864,10.275794,10.003606,2.144e-09,3.024e-09,1.287e-09,3.024e-09,1.00000000
88.800000,-0.508934,0.193684,-0.272687,0.609004,10.276278,10.003591,2.491e-09,3.131e-09,1.339e-09,3.131e-09,1.00000000
88.900000,-0.495266,0.210564,-0.274378,0.604077,10.277953,10.003575,2.950e-09,3.180e-09,1.301e-09,3.180e-09,1.00000000
89.000000,-0.481780,0.227219,-0.276147,0.599998,10.279706,10.003559,3.467e-09,3.272e-09,1.164e-09,3.467e-09,1.00000000
89.100000,-0.468890,0.243716,-0.278455,0.597321,10.281998,10.003544,4.027e-09,3.290e-09,1.070e-09,4.027e-09,1.00000000
89.200000,-0.456676,0.260138,-0.281593,0.596254,10.285123,10.003529,4.967e-09,3.324e-09,1.027e-09,4.967e-09,1.00000000
89.300000,-0.444403,0.277106,-0.285274,0.596375,10.288790,10.003517,6.535e-09,3.304e-09,9.896e-10,6.535e-09,1.00000000
89.400000,-0.431114,0.294505,-0.289586,0.597036,10.293092,10.003506,9.888e-09,3.216e-09,9.565e-10,9.888e-09,1.00000000
89.500000,-0.416873,0.312497,-0.294733,0.598586,10.298230,10.003498,1.252e-08,3.239e-09,9.505e-10,1.252e-08,1.00000000
89.600000,-0.402006,0.331111,-0.301134,0.601602,10.304625,10.003490,1.242e-08,3.380e-09,9.767e-10,1.242e-08,1.00000000
89.700000,-0.386883,0.350625,-0.308387,0.606398,10.311872,10.003485,1.022e-08,3.414e-09,1.025e-09,1.022e-08,1.00000000
89.800000,-0.371829,0.371719,-0.315242,0.613033,10.318722,10.003480,7.510e-09,3.323e-09,1.016e-09,7.510e-09,1.00000000
89.900000,-0.357619,0.393840,-0.320043,0.620829,10.323520,10.003477,5.550e-09,3.194e-09,1.039e-09,5.550e-09,1.00000000
90.000000,-0.344320,0.416205,-0.322590,0.629164,10.326066,10.003476,4.183e-09,3.201e-09,1.088e-09,4.183e-09,1.00000000
