Omega,frame,t,norm,Fz,Lz,peak,pop_c1,pop_c2,pop_c3,pop_c4,pop_c5,pop_c6,pop_c7,pop_c8,pop_c9,pop_c10,pop_c11,pop_c12,pop_c13
-0.5000,1,0.000000e+00,1.000000e+00,5.999994e+00,,1.150572e-02,9.999942e-01,5.846254e-06,3.864994e-11,2.006876e-16,7.918706e-22,2.365987e-27,4.512817e-32,2.149803e-32,1.184433e-32,8.587666e-33,2.424865e-33,6.504003e-33,1.762309e-33
-0.5000,2,1.400000e-01,1.000000e+00,5.999794e+00,,NaN,9.997943e-01,2.056783e-04,4.780766e-08,8.731064e-12,1.212163e-15,1.278444e-19,1.022572e-23,9.768479e-28,5.826370e-28,5.065797e-28,1.861801e-28,7.351256e-28,2.423100e-28
-0.5000,3,2.400000e-01,9.999576e-01,5.996054e+00,,NaN,9.963211e-01,3.666387e-03,1.251558e-05,3.757957e-08,9.183853e-11,1.772166e-13,2.662943e-16,3.075026e-19,2.712828e-22,8.981560e-24,8.478567e-25,1.207337e-23,1.893971e-24
-0.5000,4,3.400000e-01,9.999171e-01,5.987059e+00,,NaN,9.876903e-01,1.217602e-02,1.324435e-04,1.269493e-06,9.988917e-09,6.236624e-11,3.040157e-13,1.140325e-15,3.223623e-18,6.667474e-21,1.186247e-23,4.422384e-23,8.332013e-24
-0.5000,5,4.400000e-01,9.998789e-01,5.973251e+00,,NaN,9.745443e-01,2.489722e-02,5.476994e-04,1.063305e-05,1.706005e-07,2.181531e-09,2.183276e-11,1.683406e-13,9.788154e-16,4.148326e-18,1.209218e-20,1.149938e-22,2.201092e-23
-0.5000,6,5.400000e-01,9.998430e-01,5.955089e+00,,NaN,9.575985e-01,4.087636e-02,1.476650e-03,4.718661e-05,1.254154e-06,2.668058e-08,4.452821e-10,5.732496e-12,5.568211e-14,3.942705e-16,1.919486e-18,5.902075e-21,5.167459e-23
-0.5000,7,6.400000e-01,9.998093e-01,5.932960e+00,,NaN,9.375202e-01,5.920907e-02,3.119100e-03,1.457532e-04,5.699768e-06,1.791285e-07,4.426473e-09,8.448025e-11,1.217217e-12,1.278645e-14,9.233820e-17,4.099256e-19,9.154157e-22
-0.5000,8,7.400000e-01,9.997774e-01,5.907152e+00,,NaN,9.148743e-01,7.911616e-02,5.632868e-03,3.567695e-04,1.902049e-05,8.180463e-07,2.772457e-08,7.265790e-10,1.438383e-11,2.076367e-13,2.060218e-15,1.255460e-17,3.552030e-20
-0.5000,9,8.400000e-01,9.997469e-01,5.877855e+00,,NaN,8.901231e-01,9.995134e-02,9.127847e-03,7.434519e-04,5.125298e-05,2.860889e-06,1.261075e-07,4.303685e-09,1.110132e-10,2.088375e-12,2.699770e-14,2.142388e-16,7.864507e-19
-0.5000,10,9.400000e-01,9.997175e-01,5.845185e+00,,NaN,8.636495e-01,1.211776e-01,1.366834e-02,1.377672e-03,1.181543e-04,8.234840e-06,4.542255e-07,1.942260e-08,6.281490e-10,1.481799e-11,2.401596e-13,2.387921e-15,1.097241e-17
-0.5000,11,1.040000e+00,9.996889e-01,5.809216e+00,,8.233553e-03,8.357875e-01,1.423356e-01,1.927746e-02,2.335577e-03,2.419800e-04,2.044938e-05,1.370894e-06,7.134542e-08,2.810498e-09,8.077595e-11,1.594740e-12,1.930523e-14,1.079064e-16
-0.5000,12,1.140000e+00,9.996605e-01,5.770005e+00,,NaN,8.068470e-01,1.630187e-01,2.594005e-02,3.693382e-03,4.517950e-04,4.525037e-05,3.604257e-06,2.232265e-07,1.047458e-08,3.587396e-10,8.439284e-12,1.216792e-13,8.094207e-16
-0.5000,13,1.240000e+00,9.996320e-01,5.727614e+00,,NaN,7.771329e-01,1.828574e-01,3.360291e-02,5.523073e-03,7.832724e-04,9.130245e-05,8.486646e-06,6.144835e-07,3.374664e-08,1.353455e-09,3.728865e-11,6.294406e-13,4.898819e-15
-0.5000,14,1.340000e+00,9.996032e-01,5.682140e+00,,NaN,7.469597e-01,2.015129e-01,4.217160e-02,7.887284e-03,1.277826e-03,1.708188e-04,1.826113e-05,1.523732e-06,9.656070e-08,4.471954e-09,1.423021e-10,2.773887e-12,2.491679e-14
-0.5000,15,1.440000e+00,9.995735e-01,5.633742e+00,,NaN,7.166620e-01,2.186804e-01,5.150442e-02,1.083232e-02,1.980724e-03,2.999958e-04,3.644463e-05,3.463241e-06,2.503113e-07,1.323305e-08,4.808524e-10,1.070280e-11,1.097309e-13
-0.5000,16,1.540000e+00,9.995427e-01,5.582675e+00,,NaN,6.865937e-01,2.341061e-01,6.140818e-02,1.437912e-02,2.937724e-03,4.990284e-04,6.820231e-05,7.308073e-06,5.965597e-07,3.565508e-08,1.465441e-09,3.689493e-11,4.277366e-13
-0.5000,17,1.640000e+00,9.995104e-01,5.529291e+00,,NaN,6.571085e-01,2.476149e-01,7.164434e-02,1.851423e-02,4.190080e-03,7.914352e-04,1.206485e-04,1.445442e-05,1.321527e-06,8.856323e-08,4.083807e-09,1.153695e-10,1.500503e-12
-0.5000,18,1.740000e+00,9.994762e-01,5.474022e+00,,NaN,6.285247e-01,2.591356e-01,8.195060e-02,2.318511e-02,5.768592e-03,1.202498e-03,2.029542e-04,2.698775e-05,2.743641e-06,2.047019e-07,1.051602e-08,3.310563e-10,4.797595e-12
-0.5000,19,1.840000e+00,9.994399e-01,5.417316e+00,,NaN,6.010884e-01,2.687068e-01,9.207507e-02,2.830439e-02,7.688592e-03,1.756952e-03,3.261536e-04,4.782770e-05,5.372474e-06,4.434879e-07,2.522709e-08,8.796718e-10,1.412009e-11
-0.5000,20,1.940000e+00,9.994011e-01,5.359572e+00,,NaN,5.749502e-01,2.764559e-01,1.018103e-01,3.376422e-02,9.948375e-03,2.476606e-03,5.026563e-04,8.081802e-05,9.974584e-06,9.059897e-07,5.675591e-08,2.180448e-09,3.856252e-11
-0.5000,21,2.040000e+00,9.993596e-01,5.301081e+00,,1.167313e-02,5.501676e-01,2.825572e-01,1.110111e-01,3.945640e-02,1.253268e-02,3.378977e-03,7.456720e-04,1.307625e-04,1.764262e-05,1.754565e-06,1.204615e-07,5.074202e-09,9.840165e-11
-0.5000,22,2.140000e+00,9.993153e-01,5.241994e+00,,NaN,5.267272e-01,2.871907e-01,1.195894e-01,4.528899e-02,1.542023e-02,4.477778e-03,1.068920e-03,2.034662e-04,2.987152e-05,3.237993e-06,2.425463e-07,1.115167e-08,2.360561e-10
-0.5000,23,2.240000e+00,9.992683e-01,5.182337e+00,,NaN,5.045738e-01,2.905218e-01,1.274911e-01,5.119066e-02,1.859054e-02,5.784596e-03,1.486759e-03,3.058511e-04,4.865294e-05,5.723737e-06,4.657471e-07,2.327003e-08,5.352425e-10
-0.5000,24,2.340000e+00,9.992186e-01,5.122067e+00,,NaN,4.836326e-01,2.927070e-01,1.346769e-01,5.710250e-02,2.202480e-02,7.309036e-03,2.013965e-03,4.460003e-04,7.656846e-05,9.735744e-06,8.568285e-07,4.630945e-08,1.152060e-09
-0.5000,25,2.440000e+00,9.991665e-01,5.061131e+00,,NaN,4.638133e-01,2.939103e-01,1.411200e-01,6.296807e-02,2.570154e-02,9.055793e-03,2.663971e-03,6.326942e-04,1.167824e-04,1.598321e-05,1.514609e-06,8.813311e-08,2.359703e-09
-0.5000,26,2.540000e+00,9.991125e-01,4.999502e+00,,NaN,4.450033e-01,2.943135e-01,1.468165e-01,6.872938e-02,2.959377e-02,1.102200e-02,3.446350e-03,8.743537e-04,1.728474e-04,2.535885e-05,2.575701e-06,1.605590e-07,4.602495e-09
-0.5000,27,2.640000e+00,9.990576e-01,4.937184e+00,,NaN,4.270665e-01,2.941140e-01,1.517939e-01,7.432404e-02,3.366816e-02,1.319785e-02,4.365678e-03,1.178025e-03,2.483920e-04,3.890208e-05,4.215868e-06,2.801086e-07,8.549944e-09
-0.5000,28,2.740000e+00,9.990028e-01,4.874231e+00,,NaN,4.098526e-01,2.935186e-01,1.561143e-01,7.968094e-02,3.788198e-02,1.556852e-02,5.422272e-03,1.548987e-03,3.468410e-04,5.774134e-05,6.646952e-06,4.684212e-07,1.514390e-08
-0.5000,29,2.840000e+00,9.989492e-01,4.810738e+00,,NaN,3.932080e-01,2.927234e-01,1.598770e-01,8.472482e-02,4.218112e-02,1.811561e-02,6.613782e-03,1.991037e-03,4.712948e-04,8.304433e-05,1.011269e-05,7.526034e-07,2.565013e-08
-0.5000,30,2.940000e+00,9.988978e-01,4.746782e+00,,NaN,3.769854e-01,2.918817e-01,1.632153e-01,8.939331e-02,4.650442e-02,2.081888e-02,7.936920e-03,2.507290e-03,6.246636e-04,1.160188e-04,1.489064e-05,1.166239e-06,4.175058e-08
-0.5000,31,3.040000e+00,9.988493e-01,4.682364e+00,,1.297743e-02,3.610568e-01,2.910752e-01,1.662815e-01,9.365432e-02,5.079207e-02,2.365869e-02,9.389135e-03,3.101204e-03,8.100314e-04,1.579787e-04,2.130338e-05,1.751386e-06,6.569804e-08
-0.5000,32,3.140000e+00,9.988038e-01,4.617396e+00,,NaN,3.453271e-01,2.903076e-01,1.692225e-01,9.751209e-02,5.499235e-02,2.661764e-02,1.096956e-02,3.777297e-03,1.031024e-03,2.104345e-04,2.973311e-05,2.560912e-06,1.005086e-07
-0.5000,33,3.240000e+00,9.987614e-01,4.551729e+00,,NaN,3.297426e-01,2.895193e-01,1.721602e-01,1.010015e-01,5.906394e-02,2.968052e-02,1.267899e-02,4.541303e-03,1.292025e-03,2.751689e-04,4.063439e-05,3.660533e-06,1.501566e-07
-0.5000,34,3.340000e+00,9.987218e-01,4.485200e+00,,NaN,3.142914e-01,2.886134e-01,1.751792e-01,1.041764e-01,6.297488e-02,3.283308e-02,1.451922e-02,5.399925e-03,1.598260e-03,3.543018e-04,5.454652e-05,5.130623e-06,2.197637e-07
-0.5000,35,3.440000e+00,9.986845e-01,4.417678e+00,,NaN,2.989962e-01,2.874827e-01,1.783253e-01,1.070978e-01,6.670004e-02,3.606027e-02,1.649181e-02,6.360288e-03,1.955749e-03,4.503497e-04,7.210946e-05,7.068331e-06,3.157992e-07
-0.5000,36,3.540000e+00,9.986491e-01,4.349091e+00,,NaN,2.839024e-01,2.860302e-01,1.816131e-01,1.098253e-01,7.021730e-02,3.934409e-02,1.859687e-02,7.429234e-03,2.371197e-03,5.662922e-04,9.408827e-05,9.590847e-06,4.463283e-07
-0.5000,37,3.640000e+00,9.986152e-01,4.279434e+00,,NaN,2.690644e-01,2.841806e-01,1.850377e-01,1.124149e-01,7.350447e-02,4.266115e-02,2.083178e-02,8.612654e-03,2.851821e-03,7.056491e-04,1.214094e-04,1.284072e-05,6.213716e-07
-0.5000,38,3.740000e+00,9.985821e-01,4.208759e+00,,NaN,2.545349e-01,2.818838e-01,1.885848e-01,1.149207e-01,7.653893e-02,4.598103e-02,2.319010e-02,9.914883e-03,3.405160e-03,8.725588e-04,1.552092e-04,1.699392e-05,8.534473e-07
-0.5000,39,3.840000e+00,9.985495e-01,4.137168e+00,,NaN,2.403585e-01,2.791114e-01,1.922388e-01,1.173961e-01,7.929884e-02,4.926647e-02,2.566104e-02,1.133807e-02,4.038786e-03,1.071850e-03,1.968944e-04,2.227113e-05,1.158380e-06
-0.5000,40,3.940000e+00,9.985169e-01,4.064793e+00,,NaN,2.265706e-01,2.758472e-01,1.959868e-01,1.198985e-01,8.176454e-02,5.247382e-02,2.822943e-02,1.288151e-02,4.759799e-03,1.309064e-03,2.482138e-04,2.895323e-05,1.556473e-06
-0.5000,41,4.040000e+00,9.984840e-01,3.991783e+00,,1.090543e-02,2.132021e-01,2.720764e-01,1.998155e-01,1.224980e-01,8.392260e-02,5.555253e-02,3.087610e-02,1.454139e-02,5.574108e-03,1.590373e-03,3.113382e-04,3.740223e-05,2.074197e-06
-0.5000,42,4.140000e+00,9.984504e-01,3.918294e+00,,NaN,2.002833e-01,2.677815e-01,2.036972e-01,1.252816e-01,8.577566e-02,5.844474e-02,3.357739e-02,1.631101e-02,6.485603e-03,1.922314e-03,3.889272e-04,4.808836e-05,2.746589e-06
-0.5000,43,4.240000e+00,9.984158e-01,3.844477e+00,,NaN,1.878471e-01,2.629464e-01,2.075743e-01,1.283459e-01,8.735594e-02,6.108882e-02,3.630383e-02,1.818153e-02,7.495529e-03,2.311320e-03,4.841571e-04,6.162224e-05,3.620572e-06
-0.5000,44,4.340000e+00,9.983798e-01,3.770458e+00,,NaN,1.759285e-01,2.575648e-01,2.113517e-01,1.317793e-01,8.873529e-02,6.342844e-02,3.901910e-02,2.014293e-02,8.602425e-03,2.763131e-03,6.006778e-04,7.878859e-05,4.759404e-06
-0.5000,45,4.440000e+00,9.983421e-01,3.696326e+00,,NaN,1.645621e-01,2.516483e-01,2.149036e-01,1.356378e-01,9.002304e-02,6.542479e-02,4.168054e-02,2.218512e-02,9.803009e-03,3.282341e-03,7.425032e-04,1.005756e-04,6.248067e-06
-0.5000,46,4.540000e+00,9.983025e-01,3.622126e+00,,NaN,1.537789e-01,2.452298e-01,2.180901e-01,1.399287e-01,9.134980e-02,6.706566e-02,4.424189e-02,2.429871e-02,1.109385e-02,3.872315e-03,9.138887e-04,1.281998e-04,8.199377e-06
-0.5000,47,4.640000e+00,9.982606e-01,3.547877e+00,,NaN,1.436053e-01,2.383629e-01,2.207755e-01,1.446099e-01,9.284796e-02,6.836744e-02,4.665552e-02,2.647427e-02,1.247271e-02,4.535350e-03,1.119236e-03,1.631390e-04,1.076180e-05
-0.5000,48,4.740000e+00,9.982161e-01,3.473617e+00,,NaN,1.340629e-01,2.311210e-01,2.228428e-01,1.495974e-01,9.463639e-02,6.937246e-02,4.887277e-02,2.869902e-02,1.393845e-02,5.272574e-03,1.362940e-03,2.071790e-04,1.413191e-05
-0.5000,49,4.840000e+00,9.981687e-01,3.399488e+00,,NaN,1.251742e-01,2.235994e-01,2.242030e-01,1.547704e-01,9.680757e-02,7.014572e-02,5.084465e-02,3.095212e-02,1.548965e-02,6.083334e-03,1.648961e-03,2.624384e-04,1.857306e-05
-0.5000,50,4.940000e+00,9.981183e-01,3.325780e+00,,NaN,1.169659e-01,2.159142e-01,2.248003e-01,1.599787e-01,9.941771e-02,7.077364e-02,5.252591e-02,3.320026e-02,1.712287e-02,6.964634e-03,1.980078e-03,3.312998e-04,2.443715e-05
-0.5000,51,5.040000e+00,9.980651e-01,3.252904e+00,,1.342827e-02,1.094656e-01,2.081966e-01,2.246086e-01,1.650517e-01,1.024840e-01,7.136712e-02,5.388495e-02,3.539437e-02,1.883033e-02,7.911265e-03,2.357074e-03,4.161999e-04,3.218197e-05
-0.5000,52,5.140000e+00,9.980094e-01,3.181302e+00,,NaN,1.026948e-01,2.005857e-01,2.236196e-01,1.698028e-01,1.059858e-01,7.206639e-02,5.492193e-02,3.747070e-02,2.059606e-02,8.916309e-03,2.778166e-03,5.192668e-04,4.237228e-05
-0.5000,53,5.240000e+00,9.979522e-01,3.111329e+00,,NaN,9.665580e-02,1.932230e-01,2.218433e-01,1.740328e-01,1.098575e-01,7.303431e-02,5.569194e-02,3.936212e-02,2.239167e-02,9.971084e-03,3.238894e-03,6.418620e-04,5.565088e-05
-0.5000,54,5.340000e+00,9.978945e-01,3.043151e+00,,NaN,9.131371e-02,1.862312e-01,2.193351e-01,1.775612e-01,1.139717e-01,7.441905e-02,5.631685e-02,4.102189e-02,2.417613e-02,1.106399e-02,3.732415e-03,7.841445e-04,7.266930e-05
-0.5000,55,5.440000e+00,9.978378e-01,2.976731e+00,,NaN,8.659630e-02,1.796812e-01,2.162056e-01,1.802864e-01,1.181547e-01,7.629359e-02,5.695959e-02,4.244854e-02,2.590493e-02,1.218002e-02,4.250259e-03,9.448535e-04,9.398779e-05
-0.5000,56,5.540000e+00,9.977834e-01,2.911896e+00,,NaN,8.241377e-02,1.735857e-01,2.125895e-01,1.822109e-01,1.222433e-01,7.862821e-02,5.776537e-02,4.368936e-02,2.754535e-02,1.330330e-02,4.783704e-03,1.121487e-03,1.199832e-04
-0.5000,57,5.640000e+00,9.977321e-01,2.848432e+00,,NaN,7.867930e-02,1.679195e-01,2.086116e-01,1.834062e-01,1.261297e-01,8.132367e-02,5.881770e-02,4.481779e-02,2.908594e-02,1.442143e-02,5.325482e-03,1.310854e-03,1.508071e-04
-0.5000,58,5.740000e+00,9.976845e-01,2.786144e+00,,NaN,7.531952e-02,1.626433e-01,2.043769e-01,1.839640e-01,1.297613e-01,8.426456e-02,6.013559e-02,4.590518e-02,3.053432e-02,1.552815e-02,5.871065e-03,1.509777e-03,1.864097e-04
-0.5000,59,5.840000e+00,9.976405e-01,2.724893e+00,,NaN,7.227728e-02,1.577176e-01,1.999726e-01,1.839686e-01,1.331193e-01,8.735291e-02,6.169562e-02,4.700388e-02,3.190826e-02,1.662281e-02,6.418872e-03,1.715655e-03,2.266197e-04
-0.5000,60,5.940000e+00,9.975998e-01,2.664602e+00,,NaN,6.951099e-02,1.531087e-01,1.954707e-01,1.834887e-01,1.361986e-01,9.051915e-02,6.345653e-02,4.814377e-02,3.322724e-02,1.770808e-02,6.969567e-03,1.926689e-03,2.712326e-04
-0.5000,61,6.040000e+00,9.975620e-01,2.605264e+00,,1.099837e-02,6.699296e-02,1.487919e-01,1.909305e-01,1.825750e-01,1.389948e-01,9.372010e-02,6.537649e-02,4.933618e-02,3.450735e-02,1.878776e-02,7.525052e-03,2.141766e-03,3.200580e-04
-0.5000,62,6.140000e+00,9.975265e-01,2.546929e+00,,NaN,6.470611e-02,1.447501e-01,1.864048e-01,1.812668e-01,1.414960e-01,9.692942e-02,6.742150e-02,5.057999e-02,3.575938e-02,1.986528e-02,8.087640e-03,2.360179e-03,3.729158e-04
-0.5000,63,6.240000e+00,9.974927e-01,2.489695e+00,,NaN,6.263925e-02,1.409671e-01,1.819428e-01,1.796045e-01,1.436832e-01,1.001266e-01,6.956694e-02,5.186739e-02,3.698858e-02,2.094287e-02,8.659636e-03,2.581422e-03,4.295929e-04
-0.5000,64,6.340000e+00,9.974602e-01,2.433686e+00,,NaN,6.078337e-02,1.374244e-01,1.775918e-01,1.776377e-01,1.455353e-01,1.032893e-01,7.179555e-02,5.318788e-02,3.819537e-02,2.202104e-02,9.243250e-03,2.805187e-03,4.898072e-04
-0.5000,65,6.440000e+00,9.974283e-01,2.379045e+00,,NaN,5.912969e-02,1.341006e-01,1.733967e-01,1.754261e-01,1.470310e-01,1.063895e-01,7.409493e-02,5.453115e-02,3.937678e-02,2.309846e-02,9.840484e-03,3.031491e-03,5.532152e-04
-0.5000,66,6.540000e+00,9.973967e-01,2.325920e+00,,NaN,5.766829e-02,1.309738e-01,1.693997e-01,1.730365e-01,1.481520e-01,1.093931e-01,7.645523e-02,5.588820e-02,4.052783e-02,2.417227e-02,1.045290e-02,3.260763e-03,6.194606e-04
-0.5000,67,6.640000e+00,9.973648e-01,2.274459e+00,,NaN,5.638627e-02,1.280216e-01,1.656409e-01,1.705414e-01,1.488855e-01,1.122608e-01,7.886766e-02,5.725144e-02,4.164204e-02,2.523871e-02,1.108152e-02,3.493865e-03,6.882372e-04
-0.5000,68,6.740000e+00,9.973322e-01,2.224784e+00,,NaN,5.526454e-02,1.252207e-01,1.621584e-01,1.680178e-01,1.492277e-01,1.149486e-01,8.132297e-02,5.861473e-02,4.271164e-02,2.629416e-02,1.172726e-02,3.732124e-03,7.593539e-04
-0.5000,69,6.840000e+00,9.972984e-01,2.176949e+00,,NaN,5.427417e-02,1.225448e-01,1.589867e-01,1.655467e-01,1.491876e-01,1.174088e-01,8.380892e-02,5.997455e-02,4.372893e-02,2.733665e-02,1.239190e-02,3.977498e-03,8.327902e-04
-0.5000,70,6.940000e+00,9.972631e-01,2.130871e+00,,NaN,5.337240e-02,1.199607e-01,1.561534e-01,1.632117e-01,1.487929e-01,1.195924e-01,8.630720e-02,6.133186e-02,4.468943e-02,2.836734e-02,1.307919e-02,4.232787e-03,9.087315e-04
-0.5000,71,7.040000e+00,9.972260e-01,2.086259e+00,,1.264687e-02,5.249859e-02,1.174238e-01,1.536732e-01,1.610961e-01,1.480955e-01,1.214562e-01,8.879012e-02,6.269420e-02,4.559639e-02,2.939126e-02,1.379530e-02,4.501737e-03,9.875824e-04
-0.5000,72,7.140000e+00,9.971868e-01,2.042587e+00,,NaN,5.157490e-02,1.148817e-01,1.515427e-01,1.592739e-01,1.471734e-01,1.229680e-01,9.121930e-02,6.407719e-02,4.646478e-02,3.041699e-02,1.454824e-02,4.788987e-03,1.069985e-03
-0.5000,73,7.240000e+00,9.971455e-01,1.999149e+00,,NaN,5.051608e-02,1.122833e-01,1.497365e-01,1.577981e-01,1.461230e-01,1.241117e-01,9.354805e-02,6.550293e-02,4.732183e-02,3.145525e-02,1.534650e-02,5.099920e-03,1.156879e-03
-0.5000,74,7.340000e+00,9.971021e-01,1.955195e+00,,NaN,4.924675e-02,1.095921e-01,1.482073e-01,1.566893e-01,1.450474e-01,1.248907e-01,9.572450e-02,6.699254e-02,4.820321e-02,3.251803e-02,1.619807e-02,5.440534e-03,1.249605e-03
-0.5000,75,7.440000e+00,9.970567e-01,1.910093e+00,,NaN,4.771836e-02,1.067954e-01,1.468918e-01,1.559334e-01,1.440419e-01,1.253269e-01,9.769458e-02,6.855362e-02,4.914660e-02,3.361984e-02,1.711041e-02,5.817241e-03,1.349944e-03
-0.5000,76,7.540000e+00,9.970093e-01,1.863487e+00,,NaN,4.592090e-02,1.039098e-01,1.457221e-01,1.554893e-01,1.431799e-01,1.254569e-01,9.940626e-02,7.016787e-02,5.018158e-02,3.477793e-02,1.809091e-02,6.236446e-03,1.459991e-03
-0.5000,77,7.640000e+00,9.969602e-01,1.815459e+00,,NaN,4.388776e-02,1.009806e-01,1.446410e-01,1.553037e-01,1.425033e-01,1.253255e-01,1.008143e-01,7.178655e-02,5.131682e-02,3.600721e-02,1.914714e-02,6.704181e-03,1.581912e-03
-0.5000,78,7.740000e+00,9.969097e-01,1.766562e+00,,NaN,4.169024e-02,9.806997e-02,1.436098e-01,1.553269e-01,1.420268e-01,1.249821e-01,1.018858e-01,7.333723e-02,5.253133e-02,3.731118e-02,2.028502e-02,7.225823e-03,1.717713e-03
-0.5000,79,7.840000e+00,9.968582e-01,1.717649e+00,,NaN,3.942025e-02,9.523568e-02,1.426032e-01,1.555156e-01,1.417516e-01,1.244894e-01,1.026098e-01,7.474027e-02,5.377744e-02,3.867640e-02,2.150551e-02,7.805653e-03,1.869164e-03
-0.5000,80,7.940000e+00,9.968063e-01,1.669545e+00,,NaN,3.716964e-02,9.251320e-02,1.416002e-01,1.558206e-01,1.416712e-01,1.239271e-01,1.030076e-01,7.593138e-02,5.499626e-02,4.007606e-02,2.280263e-02,8.446441e-03,2.037853e-03
-0.5000,81,8.040000e+00,9.967545e-01,1.622781e+00,,1.422637e-02,3.501562e-02,8.991501e-02,1.405780e-01,1.561744e-01,1.417626e-01,1.233809e-01,1.031366e-01,7.688179e-02,5.613849e-02,4.147922e-02,2.416286e-02,9.149166e-03,2.225259e-03
-0.5000,82,8.140000e+00,9.967036e-01,1.577526e+00,,NaN,3.301456e-02,8.744123e-02,1.395112e-01,1.564921e-01,1.419757e-01,1.229264e-01,1.030881e-01,7.760665e-02,5.717704e-02,4.285721e-02,2.556491e-02,9.912221e-03,2.432722e-03
-0.5000,83,8.240000e+00,9.966544e-01,1.533694e+00,,NaN,3.120042e-02,8.509013e-02,1.383756e-01,1.566877e-01,1.422373e-01,1.226156e-01,1.029727e-01,7.815727e-02,5.810594e-02,4.418496e-02,2.698078e-02,1.073030e-02,2.661281e-03
-0.5000,84,8.340000e+00,9.966076e-01,1.491119e+00,,NaN,2.958535e-02,8.286127e-02,1.371565e-01,1.566975e-01,1.424703e-01,1.224712e-01,1.028958e-01,7.860155e-02,5.893212e-02,4.544215e-02,2.838038e-02,1.159437e-02,2.911524e-03
-0.5000,85,8.440000e+00,9.965635e-01,1.449659e+00,,NaN,2.816359e-02,8.075420e-02,1.358533e-01,1.564918e-01,1.426147e-01,1.224892e-01,1.029329e-01,7.900271e-02,5.966776e-02,4.661575e-02,2.973764e-02,1.249299e-02,3.183474e-03
-0.5000,86,8.540000e+00,9.965223e-01,1.409269e+00,,NaN,2.691835e-02,7.876836e-02,1.344795e-01,1.560732e-01,1.426377e-01,1.226465e-01,1.031195e-01,7.940633e-02,6.032607e-02,4.769989e-02,3.103377e-02,1.341429e-02,3.476606e-03
-0.5000,87,8.640000e+00,9.964840e-01,1.370016e+00,,NaN,2.582801e-02,7.690354e-02,1.330597e-01,1.554688e-01,1.425328e-01,1.229087e-01,1.034542e-01,7.983852e-02,6.092054e-02,4.869190e-02,3.225584e-02,1.434734e-02,3.790046e-03
-0.5000,88,8.740000e+00,9.964483e-01,1.332074e+00,,NaN,2.487057e-02,7.516037e-02,1.316252e-01,1.547215e-01,1.423131e-01,1.232370e-01,1.039098e-01,8.030916e-02,6.146469e-02,4.958918e-02,3.339386e-02,1.528270e-02,4.122823e-03
-0.5000,89,8.840000e+00,9.964148e-01,1.295695e+00,,NaN,2.402711e-02,7.354083e-02,1.302097e-01,1.538808e-01,1.420001e-01,1.235952e-01,1.044456e-01,8.081482e-02,6.197083e-02,5.038971e-02,3.443952e-02,1.621193e-02,4.473862e-03
-0.5000,90,8.940000e+00,9.963831e-01,1.261162e+00,,NaN,2.328335e-02,7.204841e-02,1.288465e-01,1.529945e-01,1.416142e-01,1.239534e-01,1.050195e-01,8.134177e-02,6.244932e-02,5.109384e-02,3.538647e-02,1.712700e-02,4.841826e-03
-0.5000,91,9.040000e+00,9.963528e-01,1.228752e+00,,1.010199e-02,2.262967e-02,7.068762e-02,1.275658e-01,1.521051e-01,1.411692e-01,1.242892e-01,1.055953e-01,8.187044e-02,6.290839e-02,5.170370e-02,3.623002e-02,1.802045e-02,5.225194e-03
-0.5000,92,9.140000e+00,9.963234e-01,1.198732e+00,,NaN,2.206026e-02,6.946229e-02,1.263939e-01,1.512516e-01,1.406740e-01,1.245840e-01,1.061446e-01,8.237905e-02,6.335422e-02,5.222176e-02,3.696614e-02,1.888568e-02,5.622441e-03
-0.5000,93,9.240000e+00,9.962943e-01,1.171359e+00,,NaN,2.157166e-02,6.837410e-02,1.253528e-01,1.504741e-01,1.401380e-01,1.248209e-01,1.066434e-01,8.284441e-02,6.379085e-02,5.265032e-02,3.759100e-02,1.971658e-02,6.031911e-03
-0.5000,94,9.340000e+00,9.962653e-01,1.146883e+00,,NaN,2.116154e-02,6.742214e-02,1.244579e-01,1.498145e-01,1.395766e-01,1.249832e-01,1.070705e-01,8.324165e-02,6.421966e-02,5.299251e-02,3.810104e-02,2.050714e-02,6.451722e-03
-0.5000,95,9.440000e+00,9.962359e-01,1.125530e+00,,NaN,2.082780e-02,6.660430e-02,1.237184e-01,1.493134e-01,1.390118e-01,1.250535e-01,1.074076e-01,8.354547e-02,6.463876e-02,5.325358e-02,3.849364e-02,2.125179e-02,6.879903e-03
-0.5000,96,9.540000e+00,9.962057e-01,1.107482e+00,,NaN,2.056755e-02,6.591753e-02,1.231394e-01,1.490075e-01,1.384702e-01,1.250136e-01,1.076405e-01,8.373258e-02,6.504216e-02,5.344075e-02,3.876791e-02,2.194581e-02,7.314476e-03
-0.5000,97,9.640000e+00,9.961743e-01,1.092859e+00,,NaN,2.037609e-02,6.535570e-02,1.227244e-01,1.489266e-01,1.379809e-01,1.248473e-01,1.077570e-01,8.378378e-02,6.542059e-02,5.356285e-02,3.892543e-02,2.258564e-02,7.753713e-03
-0.5000,98,9.740000e+00,9.961414e-01,1.081692e+00,,NaN,2.024737e-02,6.490869e-02,1.224764e-01,1.490909e-01,1.375743e-01,1.245452e-01,1.077413e-01,8.368406e-02,6.576350e-02,5.363061e-02,3.897136e-02,2.316976e-02,8.196673e-03
-0.5000,99,9.840000e+00,9.961066e-01,1.073925e+00,,NaN,2.017533e-02,6.456352e-02,1.223983e-01,1.495076e-01,1.372804e-01,1.241096e-01,1.075683e-01,8.342161e-02,6.606037e-02,5.365577e-02,3.891598e-02,2.369974e-02,8.643507e-03
-0.5000,100,9.940000e+00,9.960698e-01,1.069406e+00,,NaN,2.015517e-02,6.430494e-02,1.224926e-01,1.501696e-01,1.371256e-01,1.235545e-01,1.072052e-01,8.299239e-02,6.630080e-02,5.364689e-02,3.877622e-02,2.418114e-02,9.094932e-03
-0.5000,101,1.004000e+01,9.960310e-01,1.067872e+00,,1.261732e-02,2.018358e-02,6.411472e-02,1.227583e-01,1.510555e-01,1.371267e-01,1.228985e-01,1.066220e-01,8.241222e-02,6.647403e-02,5.360378e-02,3.857598e-02,2.462332e-02,9.551304e-03
-0.5000,102,1.014000e+01,9.959903e-01,1.068935e+00,,NaN,2.025749e-02,6.397346e-02,1.231866e-01,1.521296e-01,1.372888e-01,1.221595e-01,1.058027e-01,8.172364e-02,6.656858e-02,5.351565e-02,3.834351e-02,2.503809e-02,1.001230e-02
-0.5000,103,1.024000e+01,9.959480e-01,1.072144e+00,,NaN,2.037389e-02,6.386712e-02,1.237550e-01,1.533450e-01,1.376150e-01,1.213511e-01,1.047447e-01,8.098677e-02,6.657454e-02,5.336593e-02,3.810678e-02,2.543725e-02,1.047698e-02
-0.5000,104,1.034000e+01,9.959045e-01,1.077094e+00,,NaN,2.053230e-02,6.379288e-02,1.244300e-01,1.546571e-01,1.381099e-01,1.204758e-01,1.034514e-01,8.026141e-02,6.648607e-02,5.314057e-02,3.788979e-02,2.582956e-02,1.094324e-02
-0.5000,105,1.044000e+01,9.958603e-01,1.083559e+00,,NaN,2.073683e-02,6.376431e-02,1.251867e-01,1.560335e-01,1.387624e-01,1.195187e-01,1.019358e-01,7.959215e-02,6.629886e-02,5.283429e-02,3.771102e-02,2.621824e-02,1.140710e-02
-0.5000,106,1.054000e+01,9.958159e-01,1.091572e+00,,NaN,2.099605e-02,6.381755e-02,1.260295e-01,1.574527e-01,1.395230e-01,1.184475e-01,1.002304e-01,7.899913e-02,6.600685e-02,5.245303e-02,3.758150e-02,2.659987e-02,1.186297e-02
-0.5000,107,1.064000e+01,9.957718e-01,1.101399e+00,,NaN,2.132077e-02,6.401074e-02,1.269917e-01,1.588992e-01,1.403031e-01,1.172222e-01,9.838519e-02,7.847555e-02,6.560573e-02,5.201188e-02,3.750186e-02,2.696719e-02,1.230490e-02
-0.5000,108,1.074000e+01,9.957285e-01,1.113365e+00,,NaN,2.172021e-02,6.440913e-02,1.281174e-01,1.603606e-01,1.409989e-01,1.158073e-01,9.645417e-02,7.799400e-02,6.510245e-02,5.152954e-02,3.746335e-02,2.731528e-02,1.272757e-02
-0.5000,109,1.084000e+01,9.956865e-01,1.127638e+00,,NaN,2.219843e-02,6.506212e-02,1.294412e-01,1.618210e-01,1.415170e-01,1.141896e-01,9.448366e-02,7.751786e-02,6.451947e-02,5.102381e-02,3.745388e-02,2.764509e-02,1.312678e-02
-0.5000,110,1.094000e+01,9.956460e-01,1.144118e+00,,NaN,2.275385e-02,6.598827e-02,1.309756e-01,1.632518e-01,1.417914e-01,1.123907e-01,9.251480e-02,7.701219e-02,6.388743e-02,5.050874e-02,3.746357e-02,2.796214e-02,1.349944e-02
-0.5000,111,1.104000e+01,9.956075e-01,1.162483e+00,,1.205180e-02,2.338068e-02,6.717520e-02,1.327075e-01,1.646123e-01,1.417921e-01,1.104628e-01,9.059076e-02,7.645214e-02,6.323227e-02,4.999027e-02,3.748744e-02,2.827384e-02,1.384267e-02
-0.5000,112,1.114000e+01,9.955710e-01,1.182343e+00,,NaN,2.407056e-02,6.859035e-02,1.346080e-01,1.658625e-01,1.415216e-01,1.084714e-01,8.875381e-02,7.582628e-02,6.256600e-02,4.946259e-02,3.752772e-02,2.858650e-02,1.415276e-02
-0.5000,113,1.124000e+01,9.955366e-01,1.203382e+00,,NaN,2.481421e-02,7.019521e-02,1.366480e-01,1.669763e-01,1.410022e-01,1.064745e-01,8.703568e-02,7.513476e-02,6.188429e-02,4.891233e-02,3.759428e-02,2.890265e-02,1.442558e-02
-0.5000,114,1.134000e+01,9.955042e-01,1.225407e+00,,NaN,2.560289e-02,7.195597e-02,1.388105e-01,1.679442e-01,1.402585e-01,1.045117e-01,8.545396e-02,7.438491e-02,6.117087e-02,4.832890e-02,3.770013e-02,2.921966e-02,1.465784e-02
-0.5000,115,1.144000e+01,9.954736e-01,1.248348e+00,,NaN,2.642990e-02,7.384936e-02,1.410928e-01,1.687668e-01,1.393071e-01,1.026027e-01,8.401457e-02,7.358651e-02,6.040552e-02,4.771221e-02,3.785494e-02,2.952961e-02,1.484802e-02
-0.5000,116,1.154000e+01,9.954443e-01,1.272227e+00,,NaN,2.729215e-02,7.586570e-02,1.435012e-01,1.694466e-01,1.381549e-01,1.007538e-01,8.271387e-02,7.274737e-02,5.957133e-02,4.707425e-02,3.806171e-02,2.982085e-02,1.499618e-02
-0.5000,117,1.164000e+01,9.954162e-01,1.297122e+00,,NaN,2.819087e-02,7.800941e-02,1.460435e-01,1.699840e-01,1.368029e-01,9.896260e-02,8.153918e-02,7.187044e-02,5.865863e-02,4.643661e-02,3.831772e-02,3.008075e-02,1.510331e-02
-0.5000,118,1.174000e+01,9.953889e-01,1.323143e+00,,NaN,2.913109e-02,8.029698e-02,1.487263e-01,1.703755e-01,1.352481e-01,9.722100e-02,8.046932e-02,7.095343e-02,5.766633e-02,4.582633e-02,3.861648e-02,3.029795e-02,1.517114e-02
-0.5000,119,1.184000e+01,9.953620e-01,1.350413e+00,,NaN,3.012128e-02,8.275296e-02,1.515533e-01,1.706145e-01,1.334851e-01,9.551753e-02,7.947590e-02,6.999139e-02,5.660289e-02,4.527231e-02,3.894797e-02,3.046282e-02,1.520200e-02
-0.5000,120,1.194000e+01,9.953351e-01,1.379055e+00,,NaN,3.117363e-02,8.540555e-02,1.545231e-01,1.706931e-01,1.315080e-01,9.383910e-02,7.852628e-02,6.897893e-02,5.548610e-02,4.480218e-02,3.929783e-02,3.056737e-02,1.519877e-02
-0.5000,121,1.204000e+01,9.953080e-01,1.409187e+00,,9.452190e-03,3.230381e-02,8.828278e-02,1.576269e-01,1.706022e-01,1.293137e-01,9.217318e-02,7.758818e-02,6.790933e-02,5.434184e-02,4.443976e-02,3.964790e-02,3.060562e-02,1.516485e-02
-0.5000,122,1.214000e+01,9.952802e-01,1.440894e+00,,NaN,3.353034e-02,9.141038e-02,1.608443e-01,1.703296e-01,1.269080e-01,9.050974e-02,7.662996e-02,6.677415e-02,5.320361e-02,4.420374e-02,3.997861e-02,3.057334e-02,1.510423e-02
-0.5000,123,1.224000e+01,9.952515e-01,1.474210e+00,,NaN,3.487380e-02,9.481143e-02,1.641430e-01,1.698590e-01,1.243103e-01,8.884027e-02,7.561551e-02,6.556609e-02,5.211423e-02,4.410566e-02,4.027125e-02,3.046820e-02,1.502134e-02
-0.5000,124,1.234000e+01,9.952216e-01,1.509124e+00,,NaN,3.635515e-02,9.850485e-02,1.674822e-01,1.691756e-01,1.215487e-01,8.715255e-02,7.450456e-02,6.428236e-02,5.112638e-02,4.414740e-02,4.050890e-02,3.029090e-02,1.492050e-02
-0.5000,125,1.244000e+01,9.951900e-01,1.545562e+00,,NaN,3.799352e-02,1.024996e-01,1.708153e-01,1.682751e-01,1.186561e-01,8.542726e-02,7.325924e-02,6.292719e-02,5.029988e-02,4.431863e-02,4.067611e-02,3.004626e-02,1.480573e-02
-0.5000,126,1.254000e+01,9.951566e-01,1.583372e+00,,NaN,3.980486e-02,1.067874e-01,1.740912e-01,1.671664e-01,1.156697e-01,8.363985e-02,7.184910e-02,6.151794e-02,4.969572e-02,4.459484e-02,4.075951e-02,2.974258e-02,1.468097e-02
-0.5000,127,1.264000e+01,9.951212e-01,1.622302e+00,,NaN,4.180057e-02,1.113391e-01,1.772607e-01,1.658676e-01,1.126205e-01,8.176652e-02,7.025599e-02,6.009175e-02,4.936770e-02,4.493945e-02,4.075052e-02,2.938903e-02,1.455053e-02
-0.5000,128,1.274000e+01,9.950838e-01,1.661975e+00,,NaN,4.398452e-02,1.161090e-01,1.802835e-01,1.643965e-01,1.095219e-01,7.979191e-02,6.848032e-02,5.870593e-02,4.935338e-02,4.531145e-02,4.064907e-02,2.899293e-02,1.441959e-02
-0.5000,129,1.284000e+01,9.950447e-01,1.701896e+00,,NaN,4.634828e-02,1.210457e-01,1.831318e-01,1.627557e-01,1.063676e-01,7.771853e-02,6.654350e-02,5.743572e-02,4.966416e-02,4.567159e-02,4.046525e-02,2.855863e-02,1.429361e-02
-0.5000,130,1.294000e+01,9.950040e-01,1.741531e+00,,NaN,4.886752e-02,1.261062e-01,1.857885e-01,1.609176e-01,1.031486e-01,7.557734e-02,6.448320e-02,5.636843e-02,5.027793e-02,4.598356e-02,4.021549e-02,2.808891e-02,1.417672e-02
-0.5000,131,1.304000e+01,9.949621e-01,1.780410e+00,,1.206297e-02,5.150252e-02,1.312651e-01,1.882353e-01,1.588270e-01,9.988257e-02,7.342605e-02,6.234911e-02,5.558570e-02,5.113723e-02,4.621643e-02,3.991566e-02,2.758733e-02,1.407009e-02
-0.5000,132,1.314000e+01,9.949198e-01,1.818198e+00,,NaN,5.420329e-02,1.365104e-01,1.904475e-01,1.564244e-01,9.662631e-02,7.132925e-02,6.020448e-02,5.514116e-02,5.215434e-02,4.635165e-02,3.957799e-02,2.705738e-02,1.397186e-02
-0.5000,133,1.324000e+01,9.948775e-01,1.854737e+00,,NaN,5.691884e-02,1.418397e-01,1.924028e-01,1.536657e-01,9.345879e-02,6.933630e-02,5.812171e-02,5.505302e-02,5.322553e-02,4.638591e-02,3.921140e-02,2.650191e-02,1.387835e-02
-0.5000,134,1.334000e+01,9.948357e-01,1.890020e+00,,NaN,5.960805e-02,1.472609e-01,1.940831e-01,1.505292e-01,9.045608e-02,6.746663e-02,5.617183e-02,5.531490e-02,5.424964e-02,4.632743e-02,3.882230e-02,2.592533e-02,1.378467e-02
-0.5000,135,1.344000e+01,9.947951e-01,1.924160e+00,,NaN,6.224843e-02,1.527864e-01,1.954660e-01,1.470259e-01,8.767192e-02,6.570928e-02,5.442804e-02,5.589964e-02,5.513914e-02,4.619321e-02,3.841278e-02,2.533413e-02,1.368510e-02
-0.5000,136,1.354000e+01,9.947559e-01,1.957386e+00,,NaN,6.483839e-02,1.584196e-01,1.965257e-01,1.432138e-01,8.512275e-02,6.403622e-02,5.297252e-02,5.675014e-02,5.583087e-02,4.600354e-02,3.797794e-02,2.473494e-02,1.357352e-02
-0.5000,137,1.364000e+01,9.947185e-01,1.990014e+00,,NaN,6.739336e-02,1.641481e-01,1.972441e-01,1.391904e-01,8.278412e-02,6.242267e-02,5.187970e-02,5.778062e-02,5.629901e-02,4.577160e-02,3.750973e-02,2.413222e-02,1.344435e-02
-0.5000,138,1.374000e+01,9.946830e-01,2.022386e+00,,NaN,6.993720e-02,1.699428e-01,1.976234e-01,1.350673e-01,8.060581e-02,6.085981e-02,5.119360e-02,5.889578e-02,5.655027e-02,4.550006e-02,3.700337e-02,2.352689e-02,1.329375e-02
-0.5000,139,1.384000e+01,9.946494e-01,2.054802e+00,,NaN,7.249170e-02,1.757651e-01,1.976852e-01,1.309464e-01,7.853055e-02,5.935727e-02,5.092734e-02,6.000892e-02,5.660680e-02,4.518353e-02,3.645955e-02,2.291791e-02,1.311968e-02
-0.5000,140,1.394000e+01,9.946177e-01,2.087489e+00,,NaN,7.506963e-02,1.815822e-01,1.974633e-01,1.269013e-01,7.650133e-02,5.794613e-02,5.107379e-02,6.105008e-02,5.649247e-02,4.481000e-02,3.588553e-02,2.230336e-02,1.292086e-02
-0.5000,141,1.404000e+01,9.945877e-01,2.120617e+00,,9.106056e-03,7.767371e-02,1.873779e-01,1.969945e-01,1.229640e-01,7.447318e-02,5.668014e-02,5.160496e-02,6.196807e-02,5.622651e-02,4.436952e-02,3.529273e-02,2.167863e-02,1.269622e-02
-0.5000,142,1.414000e+01,9.945591e-01,2.154302e+00,,NaN,8.030076e-02,1.931515e-01,1.963082e-01,1.191281e-01,7.243370e-02,5.562018e-02,5.246900e-02,6.273057e-02,5.582545e-02,4.386065e-02,3.468941e-02,2.103744e-02,1.244510e-02
-0.5000,143,1.424000e+01,9.945319e-01,2.188635e+00,,NaN,8.294988e-02,1.989114e-01,1.954165e-01,1.153677e-01,7.040878e-02,5.481046e-02,5.360333e-02,6.332423e-02,5.529904e-02,4.328383e-02,3.408058e-02,2.037669e-02,1.216756e-02
-0.5000,144,1.434000e+01,9.945058e-01,2.223699e+00,,NaN,8.563000e-02,2.046692e-01,1.943096e-01,1.116587e-01,6.844517e-02,5.427163e-02,5.495190e-02,6.374821e-02,5.463863e-02,4.264037e-02,3.347538e-02,1.969726e-02,1.186398e-02
-0.5000,145,1.444000e+01,9.944806e-01,2.259587e+00,,NaN,8.836165e-02,2.104372e-01,1.929605e-01,1.079898e-01,6.658918e-02,5.400858e-02,5.647031e-02,6.399870e-02,5.381921e-02,4.194250e-02,3.288622e-02,1.900129e-02,1.153499e-02
-0.5000,146,1.454000e+01,9.944558e-01,2.296407e+00,,NaN,9.117467e-02,2.162265e-01,1.913362e-01,1.043613e-01,6.487315e-02,5.402504e-02,5.812020e-02,6.405396e-02,5.281763e-02,4.121880e-02,3.231962e-02,1.829076e-02,1.118214e-02
-0.5000,147,1.464000e+01,9.944314e-01,2.334271e+00,,NaN,9.410526e-02,2.220428e-01,1.894029e-01,1.007827e-01,6.331625e-02,5.433362e-02,5.985710e-02,6.387529e-02,5.163084e-02,4.050617e-02,3.176988e-02,1.756862e-02,1.080851e-02
-0.5000,148,1.474000e+01,9.944069e-01,2.373278e+00,,NaN,9.719142e-02,2.278871e-01,1.871251e-01,9.727058e-02,6.193106e-02,5.495485e-02,6.162317e-02,6.342018e-02,5.027943e-02,3.983710e-02,3.122182e-02,1.683985e-02,1.041832e-02
-0.5000,149,1.484000e+01,9.943821e-01,2.413508e+00,,NaN,1.004711e-01,2.337555e-01,1.844629e-01,9.384756e-02,6.073021e-02,5.591510e-02,6.334749e-02,6.265234e-02,4.880069e-02,3.923464e-02,3.065582e-02,1.611073e-02,1.001591e-02
-0.5000,150,1.494000e+01,9.943566e-01,2.455011e+00,,NaN,1.039834e-01,2.396293e-01,1.813728e-01,9.054592e-02,5.973257e-02,5.724522e-02,6.494615e-02,6.154644e-02,4.724248e-02,3.871154e-02,3.005041e-02,1.538830e-02,9.605487e-03
-0.5000,151,1.504000e+01,9.943301e-01,2.497783e+00,,8.737634e-03,1.077685e-01,2.454670e-01,1.778171e-01,8.740613e-02,5.896738e-02,5.897519e-02,6.631837e-02,6.009184e-02,4.566110e-02,3.827031e-02,2.938507e-02,1.468055e-02,9.191455e-03
-0.5000,152,1.514000e+01,9.943024e-01,2.541766e+00,,NaN,1.118640e-01,2.512065e-01,1.737743e-01,8.446990e-02,5.847905e-02,6.112209e-02,6.734346e-02,5.829812e-02,4.412250e-02,3.790305e-02,2.864269e-02,1.399616e-02,8.778136e-03
-0.5000,153,1.524000e+01,9.942731e-01,2.586853e+00,,NaN,1.163048e-01,2.567681e-01,1.692407e-01,8.177317e-02,5.833624e-02,6.367406e-02,6.788553e-02,5.620511e-02,4.270014e-02,3.758949e-02,2.781078e-02,1.334224e-02,8.369588e-03
-0.5000,154,1.534000e+01,9.942421e-01,2.632881e+00,,NaN,1.211256e-01,2.620485e-01,1.642291e-01,7.934505e-02,5.864174e-02,6.656890e-02,6.781082e-02,5.389327e-02,4.146776e-02,3.729669e-02,2.688034e-02,1.272206e-02,7.970116e-03
-0.5000,155,1.544000e+01,9.942093e-01,2.679610e+00,,NaN,1.263618e-01,2.669103e-01,1.587720e-01,7.721577e-02,5.953201e-02,6.966924e-02,6.701538e-02,5.148926e-02,4.049040e-02,3.697840e-02,2.584407e-02,1.213630e-02,7.585109e-03
-0.5000,156,1.554000e+01,9.941746e-01,2.726701e+00,,NaN,1.320502e-01,2.711759e-01,1.529279e-01,7.543177e-02,6.115204e-02,7.274366e-02,6.547090e-02,4.916000e-02,3.980353e-02,3.657542e-02,2.469971e-02,1.158830e-02,7.220670e-03
-0.5000,157,1.564000e+01,9.941384e-01,2.773759e+00,,NaN,1.382284e-01,2.746293e-01,1.467970e-01,7.406779e-02,6.359881e-02,7.549396e-02,6.327325e-02,4.706723e-02,3.939131e-02,3.602714e-02,2.345640e-02,1.108811e-02,6.881379e-03
-0.5000,158,1.574000e+01,9.941009e-01,2.820401e+00,,NaN,1.449238e-01,2.770398e-01,1.405356e-01,7.321308e-02,6.687399e-02,7.763680e-02,6.063060e-02,4.530489e-02,3.919851e-02,3.528795e-02,2.213844e-02,1.064873e-02,6.567842e-03
-0.5000,159,1.584000e+01,9.940628e-01,2.866281e+00,,NaN,1.521289e-01,2.782191e-01,1.343451e-01,7.293739e-02,7.088594e-02,7.896641e-02,5.778815e-02,4.389599e-02,3.916281e-02,3.433167e-02,2.078530e-02,1.027686e-02,6.276284e-03
-0.5000,160,1.594000e+01,9.940246e-01,2.911083e+00,,NaN,1.597889e-01,2.780653e-01,1.284381e-01,7.328038e-02,7.546937e-02,7.936281e-02,5.496329e-02,4.284227e-02,3.922417e-02,3.314874e-02,1.944757e-02,9.968456e-03,6.000569e-03
-0.5000,161,1.604000e+01,9.939868e-01,2.954562e+00,,1.125799e-02,1.678171e-01,2.765675e-01,1.230111e-01,7.425018e-02,8.040516e-02,7.878819e-02,5.232569e-02,4.215215e-02,3.930919e-02,3.174943e-02,1.817874e-02,9.710476e-03,5.735146e-03
-0.5000,162,1.614000e+01,9.939499e-01,2.996567e+00,,NaN,1.761155e-01,2.737874e-01,1.182307e-01,7.581207e-02,8.545394e-02,7.728385e-02,5.001304e-02,4.182256e-02,3.931874e-02,3.017431e-02,1.702549e-02,9.485275e-03,5.477120e-03
-0.5000,163,1.624000e+01,9.939142e-01,3.037003e+00,,NaN,1.845864e-01,2.698372e-01,1.142141e-01,7.789802e-02,9.038904e-02,7.496490e-02,4.814090e-02,4.180083e-02,3.915400e-02,2.849551e-02,1.601776e-02,9.275501e-03,5.225863e-03
-0.5000,164,1.634000e+01,9.938798e-01,3.075836e+00,,NaN,1.931453e-01,2.648606e-01,1.109900e-01,8.046088e-02,9.499240e-02,7.202378e-02,4.677951e-02,4.198600e-02,3.876120e-02,2.679059e-02,1.516168e-02,9.065940e-03,4.982137e-03
-0.5000,165,1.644000e+01,9.938469e-01,3.113136e+00,,NaN,2.017346e-01,2.590178e-01,1.084916e-01,8.350923e-02,9.903051e-02,6.873137e-02,4.592765e-02,4.227162e-02,3.813231e-02,2.511737e-02,1.444295e-02,8.845492e-03,4.747526e-03
-0.5000,166,1.654000e+01,9.938154e-01,3.149076e+00,,NaN,2.103210e-01,2.524799e-01,1.065949e-01,8.707382e-02,1.022840e-01,6.539292e-02,4.551488e-02,4.257556e-02,3.727682e-02,2.351661e-02,1.383541e-02,8.611003e-03,4.523104e-03
-0.5000,167,1.664000e+01,9.937853e-01,3.183852e+00,,NaN,2.188802e-01,2.454220e-01,1.051640e-01,9.115955e-02,1.046163e-01,6.226555e-02,4.543079e-02,4.284220e-02,3.621149e-02,2.202092e-02,1.330974e-02,8.368978e-03,4.308311e-03
-0.5000,168,1.674000e+01,9.937564e-01,3.217586e+00,,NaN,2.273844e-01,2.380007e-01,1.040892e-01,9.572702e-02,1.060070e-01,5.949433e-02,4.556733e-02,4.304031e-02,3.496273e-02,2.065122e-02,1.284413e-02,8.131137e-03,4.100507e-03
-0.5000,169,1.684000e+01,9.937286e-01,3.250316e+00,,NaN,2.358008e-01,2.303396e-01,1.032918e-01,1.007155e-01,1.065171e-01,5.711745e-02,4.585649e-02,4.315810e-02,3.355843e-02,1.941299e-02,1.242967e-02,7.906190e-03,3.895952e-03
-0.5000,170,1.694000e+01,9.937018e-01,3.282045e+00,,NaN,2.440995e-01,2.225174e-01,1.027249e-01,1.060736e-01,1.062261e-01,5.512481e-02,4.627058e-02,4.318254e-02,3.202264e-02,1.830468e-02,1.206577e-02,7.695675e-03,3.691827e-03
-0.5000,171,1.704000e+01,9.936757e-01,3.312764e+00,,9.118889e-03,2.522583e-01,2.145602e-01,1.023927e-01,1.117552e-01,1.052020e-01,5.350165e-02,4.679880e-02,4.308610e-02,3.038316e-02,1.732568e-02,1.175329e-02,7.496034e-03,3.486941e-03
-0.5000,172,1.714000e+01,9.936503e-01,3.342449e+00,,NaN,2.602564e-01,2.064588e-01,1.023593e-01,1.176851e-01,1.035049e-01,5.224195e-02,4.743733e-02,4.283253e-02,2.867441e-02,1.647417e-02,1.149195e-02,7.301992e-03,3.281157e-03
-0.5000,173,1.724000e+01,9.936253e-01,3.371078e+00,,NaN,2.680701e-01,1.981998e-01,1.027281e-01,1.237344e-01,1.012081e-01,5.134863e-02,4.818703e-02,4.237998e-02,2.693603e-02,1.574610e-02,1.127916e-02,7.107329e-03,3.075173e-03
-0.5000,174,1.734000e+01,9.936006e-01,3.398656e+00,,NaN,2.756776e-01,1.897886e-01,1.035975e-01,1.297344e-01,9.840775e-02,5.083677e-02,4.903979e-02,4.167944e-02,2.521780e-02,1.513520e-02,1.110917e-02,6.905437e-03,2.870674e-03
-0.5000,175,1.744000e+01,9.935759e-01,3.425197e+00,,NaN,2.830612e-01,1.812541e-01,1.050348e-01,1.355035e-01,9.521270e-02,5.074104e-02,4.996202e-02,4.068338e-02,2.358148e-02,1.463030e-02,1.097471e-02,6.690953e-03,2.669911e-03
-0.5000,176,1.754000e+01,9.935509e-01,3.450699e+00,,NaN,2.901976e-01,1.726529e-01,1.070723e-01,1.408615e-01,9.173789e-02,5.111456e-02,5.088972e-02,3.936484e-02,2.209072e-02,1.421369e-02,1.086884e-02,6.460350e-03,2.475227e-03
-0.5000,177,1.764000e+01,9.935254e-01,3.475129e+00,,NaN,2.970531e-01,1.640659e-01,1.097138e-01,1.456322e-01,8.810998e-02,5.201040e-02,5.173222e-02,3.773691e-02,2.079491e-02,1.386537e-02,1.078444e-02,6.211893e-03,2.288984e-03
-0.5000,178,1.774000e+01,9.934992e-01,3.498430e+00,,NaN,3.035922e-01,1.555750e-01,1.129600e-01,1.496270e-01,8.449179e-02,5.344873e-02,5.239351e-02,3.585429e-02,1.971282e-02,1.357178e-02,1.071342e-02,5.946210e-03,2.113311e-03
-0.5000,179,1.784000e+01,9.934721e-01,3.520526e+00,,NaN,3.097848e-01,1.472470e-01,1.168227e-01,1.526307e-01,8.109979e-02,5.539871e-02,5.279740e-02,3.379258e-02,1.883425e-02,1.332908e-02,1.064703e-02,5.666240e-03,1.949776e-03
-0.5000,180,1.794000e+01,9.934439e-01,3.541320e+00,,NaN,3.155993e-01,1.391495e-01,1.213118e-01,1.544211e-01,7.817678e-02,5.779081e-02,5.288594e-02,3.163877e-02,1.813550e-02,1.313882e-02,1.057626e-02,5.376064e-03,1.799364e-03
-0.5000,181,1.804000e+01,9.934143e-01,3.560707e+00,,9.735821e-03,3.209836e-01,1.313904e-01,1.264057e-01,1.548162e-01,7.592913e-02,6.055758e-02,5.259285e-02,2.949911e-02,1.758640e-02,1.300450e-02,1.049183e-02,5.080138e-03,1.662567e-03
-0.5000,182,1.814000e+01,9.933834e-01,3.578579e+00,,NaN,3.258498e-01,1.241448e-01,1.320306e-01,1.537085e-01,7.448402e-02,6.365538e-02,5.184059e-02,2.750112e-02,1.714619e-02,1.293290e-02,1.038304e-02,4.783468e-03,1.539611e-03
-0.5000,183,1.824000e+01,9.933512e-01,3.594816e+00,,NaN,3.300789e-01,1.176497e-01,1.380362e-01,1.511000e-01,7.387652e-02,6.704754e-02,5.058164e-02,2.577326e-02,1.676387e-02,1.293335e-02,1.023660e-02,4.491840e-03,1.430604e-03
-0.5000,184,1.834000e+01,9.933180e-01,3.609311e+00,,NaN,3.335448e-01,1.121736e-01,1.441814e-01,1.471332e-01,7.404784e-02,7.069086e-02,4.882288e-02,2.441816e-02,1.639233e-02,1.300768e-02,1.004041e-02,4.211458e-03,1.335434e-03
-0.5000,185,1.844000e+01,9.932839e-01,3.622062e+00,,NaN,3.361473e-01,1.079581e-01,1.501936e-01,1.420440e-01,7.491018e-02,7.449340e-02,4.662184e-02,2.349793e-02,1.600442e-02,1.313702e-02,9.791703e-03,3.946970e-03,1.253632e-03
-0.5000,186,1.854000e+01,9.932494e-01,3.633283e+00,,NaN,3.378363e-01,1.051702e-01,1.558465e-01,1.360613e-01,7.648665e-02,7.822615e-02,4.409384e-02,2.301303e-02,1.560070e-02,1.328230e-02,9.499748e-03,3.698878e-03,1.184447e-03
-0.5000,187,1.864000e+01,9.932151e-01,3.643313e+00,,NaN,3.386132e-01,1.038978e-01,1.609184e-01,1.293989e-01,7.898851e-02,8.149629e-02,4.142092e-02,2.288361e-02,1.521059e-02,1.340008e-02,9.179369e-03,3.465312e-03,1.126961e-03
-0.5000,188,1.874000e+01,9.931812e-01,3.652340e+00,,NaN,3.385084e-01,1.041610e-01,1.651077e-01,1.223626e-01,8.268942e-02,8.384958e-02,3.884468e-02,2.297019e-02,1.488284e-02,1.345042e-02,8.846672e-03,3.246624e-03,1.079950e-03
-0.5000,189,1.884000e+01,9.931483e-01,3.660316e+00,,NaN,3.375534e-01,1.059281e-01,1.680756e-01,1.153853e-01,8.771650e-02,8.491720e-02,3.663575e-02,2.312061e-02,1.465820e-02,1.340326e-02,8.518380e-03,3.046007e-03,1.041727e-03
-0.5000,190,1.894000e+01,9.931165e-01,3.667119e+00,,NaN,3.357645e-01,1.091559e-01,1.695481e-01,1.089364e-01,9.396143e-02,8.453063e-02,3.500521e-02,2.321570e-02,1.454703e-02,1.325261e-02,8.205074e-03,2.867366e-03,1.010032e-03
-0.5000,191,1.904000e+01,9.930860e-01,3.672711e+00,,9.986066e-03,3.331571e-01,1.138134e-01,1.693347e-01,1.034567e-01,1.011048e-01,8.275507e-02,3.403358e-02,2.319146e-02,1.453063e-02,1.301995e-02,7.906756e-03,2.713631e-03,9.822912e-04
-0.5000,192,1.914000e+01,9.930569e-01,3.677133e+00,,NaN,3.297540e-01,1.198814e-01,1.672906e-01,9.936791e-02,1.086747e-01,7.984321e-02,3.368110e-02,2.302717e-02,1.457760e-02,1.274271e-02,7.617188e-03,2.586094e-03,9.563267e-04
-0.5000,193,1.924000e+01,9.930291e-01,3.680420e+00,,NaN,3.255717e-01,1.273411e-01,1.633225e-01,9.705859e-02,1.161227e-01,7.616102e-02,3.382409e-02,2.273894e-02,1.465564e-02,1.245836e-02,7.330189e-03,2.484437e-03,9.306251e-04
-0.5000,194,1.934000e+01,9.930024e-01,3.682564e+00,,NaN,3.206199e-01,1.361552e-01,1.574170e-01,9.683095e-02,1.229077e-01,7.210390e-02,3.430129e-02,2.238295e-02,1.473263e-02,1.219527e-02,7.042626e-03,2.406394e-03,9.041451e-04
-0.5000,195,1.944000e+01,9.929767e-01,3.683509e+00,,NaN,3.149077e-01,1.462539e-01,1.496759e-01,9.882933e-02,1.285762e-01,6.802646e-02,3.496445e-02,2.203623e-02,1.478087e-02,1.197024e-02,6.754530e-03,2.347841e-03,8.762812e-04
-0.5000,196,1.954000e+01,9.929518e-01,3.683196e+00,,NaN,3.084541e-01,1.575114e-01,1.403544e-01,1.029825e-01,1.328294e-01,6.420935e-02,3.569817e-02,2.177209e-02,1.478055e-02,1.178893e-02,6.468511e-03,2.303752e-03,8.468937e-04
-0.5000,197,1.964000e+01,9.929275e-01,3.681614e+00,,NaN,3.013049e-01,1.697189e-01,1.298773e-01,1.089821e-01,1.355673e-01,6.084834e-02,3.641417e-02,2.164388e-02,1.472368e-02,1.164517e-02,6.189065e-03,2.268978e-03,8.161354e-04
-0.5000,198,1.974000e+01,9.929036e-01,3.678819e+00,,NaN,2.935456e-01,1.825669e-01,1.188335e-01,1.163041e-01,1.368800e-01,5.806117e-02,3.704860e-02,2.167515e-02,1.461899e-02,1.152044e-02,5.922559e-03,2.238803e-03,7.841610e-04
-0.5000,199,1.984000e+01,9.928800e-01,3.674880e+00,,NaN,2.853008e-01,1.956398e-01,1.079530e-01,1.242641e-01,1.369883e-01,5.592156e-02,3.755044e-02,2.186747e-02,1.448705e-02,1.138969e-02,5.677046e-03,2.209680e-03,7.510638e-04
-0.5000,200,1.994000e+01,9.928563e-01,3.669836e+00,,NaN,2.767268e-01,2.084387e-01,9.804596e-02,1.321173e-01,1.361501e-01,5.450692e-02,3.785613e-02,2.221805e-02,1.435206e-02,1.123151e-02,5.459779e-03,2.179649e-03,7.169913e-04
-0.5000,201,2.004000e+01,9.928325e-01,3.663661e+00,,8.771956e-03,2.679861e-01,2.204392e-01,8.990931e-02,1.391771e-01,1.345699e-01,5.392629e-02,3.788904e-02,2.272560e-02,1.423788e-02,1.103489e-02,5.274641e-03,2.147925e-03,6.821730e-04
-0.5000,202,2.014000e+01,9.928085e-01,3.656245e+00,,NaN,2.592268e-01,2.311405e-01,8.427226e-02,1.448439e-01,1.323950e-01,5.430343e-02,3.759104e-02,2.337659e-02,1.417005e-02,1.079772e-02,5.121600e-03,2.114217e-03,6.468185e-04
-0.5000,203,2.024000e+01,9.927839e-01,3.647483e+00,,NaN,2.505946e-01,2.400885e-01,8.175942e-02,1.485918e-01,1.297747e-01,5.572299e-02,3.695186e-02,2.412896e-02,1.417728e-02,1.052337e-02,4.996679e-03,2.078753e-03,6.110559e-04
-0.5000,204,2.034000e+01,9.927586e-01,3.637335e+00,,NaN,2.422348e-01,2.469178e-01,8.281268e-02,1.500159e-01,1.268885e-01,5.817282e-02,3.603367e-02,2.490182e-02,1.429212e-02,1.021943e-02,4.892755e-03,2.042690e-03,5.750768e-04
-0.5000,205,2.044000e+01,9.927325e-01,3.625814e+00,,NaN,2.342665e-01,2.514066e-01,8.762028e-02,1.489016e-01,1.239369e-01,6.151053e-02,3.498483e-02,2.558084e-02,1.454686e-02,9.896159e-03,4.801675e-03,2.007880e-03,5.393080e-04
-0.5000,206,2.054000e+01,9.927055e-01,3.612956e+00,,NaN,2.267704e-01,2.534838e-01,9.610213e-02,1.452780e-01,1.210867e-01,6.549346e-02,3.401374e-02,2.604494e-02,1.496140e-02,9.568556e-03,4.716640e-03,1.975932e-03,5.043739e-04
-0.5000,207,2.064000e+01,9.926772e-01,3.598790e+00,,NaN,2.197977e-01,2.532216e-01,1.078941e-01,1.394605e-01,1.183827e-01,6.986796e-02,3.333155e-02,2.619279e-02,1.554049e-02,9.257987e-03,4.634267e-03,1.947438e-03,4.709646e-04
-0.5000,208,2.074000e+01,9.926478e-01,3.583298e+00,,NaN,2.133629e-01,2.508430e-01,1.223428e-01,1.320604e-01,1.156991e-01,7.444678e-02,3.309012e-02,2.598326e-02,1.626582e-02,8.988278e-03,4.555878e-03,1.921957e-03,4.397032e-04
-0.5000,209,2.084000e+01,9.926172e-01,3.566438e+00,,NaN,2.074299e-01,2.466868e-01,1.386125e-01,1.239065e-01,1.127781e-01,7.911975e-02,3.331938e-02,2.549656e-02,1.706962e-02,8.784018e-03,4.487730e-03,1.898044e-03,4.110473e-04
-0.5000,210,2.094000e+01,9.925854e-01,3.548215e+00,,NaN,2.019296e-01,2.411512e-01,1.558428e-01,1.158533e-01,1.093704e-01,8.378038e-02,3.392182e-02,2.494989e-02,1.783018e-02,8.671528e-03,4.440028e-03,1.873453e-03,3.854619e-04
-0.5000,211,2.104000e+01,9.925525e-01,3.528672e+00,,1.059567e-02,1.967834e-01,2.346622e-01,1.732112e-01,1.086133e-01,1.054073e-01,8.820674e-02,3.477907e-02,2.461649e-02,1.841533e-02,8.671302e-03,4.424072e-03,1.845865e-03,3.637030e-04
-0.5000,212,2.114000e+01,9.925189e-01,3.507773e+00,,NaN,1.919187e-01,2.276179e-01,1.899507e-01,1.027177e-01,1.010578e-01,9.201910e-02,3.588566e-02,2.469363e-02,1.874873e-02,8.780173e-03,4.448647e-03,1.814539e-03,3.467707e-04
-0.5000,213,2.124000e+01,9.924849e-01,3.485395e+00,,NaN,1.872710e-01,2.203440e-01,2.053839e-01,9.856289e-02,9.662747e-02,9.476062e-02,3.738017e-02,2.522889e-02,1.883900e-02,8.969016e-03,4.515573e-03,1.782043e-03,3.354630e-04
-0.5000,214,2.134000e+01,9.924509e-01,3.461411e+00,,NaN,1.827787e-01,2.131144e-01,2.189450e-01,9.640653e-02,9.247899e-02,9.602435e-02,3.945023e-02,2.613798e-02,1.875810e-02,9.205360e-03,4.616341e-03,1.754136e-03,3.299224e-04
-0.5000,215,2.144000e+01,9.924175e-01,3.435773e+00,,NaN,1.783793e-01,2.061978e-01,2.301693e-01,9.636413e-02,8.895750e-02,9.558893e-02,4.218551e-02,2.727086e-02,1.861642e-02,9.467019e-03,4.735654e-03,1.737879e-03,3.296955e-04
-0.5000,216,2.154000e+01,9.923850e-01,3.408534e+00,,NaN,1.740150e-01,1.998454e-01,2.387334e-01,9.843784e-02,8.627490e-02,9.349350e-02,4.550738e-02,2.847869e-02,1.854352e-02,9.735621e-03,4.861917e-03,1.738636e-03,3.341441e-04
-0.5000,217,2.164000e+01,9.923537e-01,3.379839e+00,,NaN,1.696564e-01,1.942079e-01,2.445772e-01,1.024355e-01,8.453657e-02,8.998901e-02,4.919633e-02,2.965500e-02,1.865834e-02,9.992817e-03,4.993367e-03,1.758929e-03,3.426058e-04
-0.5000,218,2.174000e+01,9.923238e-01,3.349900e+00,,NaN,1.653186e-01,1.893096e-01,2.479004e-01,1.079388e-01,8.384319e-02,8.542274e-02,5.295689e-02,3.075827e-02,1.903615e-02,1.022809e-02,5.133096e-03,1.799839e-03,3.544112e-04
-0.5000,219,2.184000e+01,9.922952e-01,3.318918e+00,,NaN,1.610451e-01,1.851065e-01,2.489989e-01,1.144512e-01,8.428353e-02,8.015885e-02,5.648854e-02,3.181635e-02,1.969227e-02,1.044449e-02,5.283342e-03,1.861660e-03,3.691565e-04
-0.5000,220,2.194000e+01,9.922679e-01,3.287004e+00,,NaN,1.568826e-01,1.815350e-01,2.481552e-01,1.215242e-01,8.589697e-02,7.453698e-02,5.954516e-02,3.289868e-02,2.059012e-02,1.066001e-02,5.444195e-03,1.943965e-03,3.869772e-04
-0.5000,221,2.204000e+01,9.922417e-01,3.254175e+00,,9.226432e-03,1.528624e-01,1.785303e-01,2.456535e-01,1.287460e-01,8.866229e-02,6.888105e-02,6.194211e-02,3.408765e-02,2.166007e-02,1.090526e-02,5.614783e-03,2.046034e-03,4.085445e-04
-0.5000,222,2.214000e+01,9.922164e-01,3.220392e+00,,NaN,1.489991e-01,1.760285e-01,2.418008e-01,1.357349e-01,9.248478e-02,6.351225e-02,6.354570e-02,3.546110e-02,2.282253e-02,1.121195e-02,5.796105e-03,2.167602e-03,4.346700e-04
-0.5000,223,2.224000e+01,9.921918e-01,3.185663e+00,,NaN,1.453053e-01,1.739661e-01,2.368857e-01,1.422084e-01,9.718597e-02,5.871950e-02,6.428520e-02,3.707481e-02,2.399988e-02,1.160337e-02,5.991116e-03,2.308784e-03,4.658645e-04
-0.5000,224,2.234000e+01,9.921676e-01,3.150125e+00,,NaN,1.417944e-01,1.722976e-01,2.311359e-01,1.480220e-01,1.025217e-01,5.473481e-02,6.414876e-02,3.895945e-02,2.511477e-02,1.209631e-02,6.202979e-03,2.469214e-03,5.022163e-04
-0.5000,225,2.244000e+01,9.921436e-01,3.113966e+00,,NaN,1.384764e-01,1.709906e-01,2.247317e-01,1.531184e-01,1.082351e-01,5.172149e-02,6.318048e-02,4.112145e-02,2.609673e-02,1.270045e-02,6.435509e-03,2.648130e-03,5.435691e-04
-0.5000,226,2.254000e+01,9.921197e-01,3.077343e+00,,NaN,1.353593e-01,1.700058e-01,2.178360e-01,1.574677e-01,1.140955e-01,4.978171e-02,6.146994e-02,4.354103e-02,2.690478e-02,1.340927e-02,6.694306e-03,2.844681e-03,5.899043e-04
-0.5000,227,2.264000e+01,9.920955e-01,3.040339e+00,,NaN,1.324579e-01,1.692819e-01,2.105974e-01,1.610462e-01,1.199086e-01,4.899673e-02,5.911621e-02,4.616346e-02,2.754890e-02,1.419721e-02,6.986557e-03,3.057457e-03,6.415163e-04
-0.5000,228,2.274000e+01,9.920709e-01,3.002989e+00,,NaN,1.298008e-01,1.687251e-01,2.031485e-01,1.638628e-01,1.254798e-01,4.945814e-02,5.622259e-02,4.887950e-02,2.809519e-02,1.502246e-02,7.321817e-03,3.284425e-03,6.988551e-04
-0.5000,229,2.284000e+01,9.920456e-01,2.965332e+00,,NaN,1.274343e-01,1.682280e-01,1.955880e-01,1.659897e-01,1.305874e-01,5.123145e-02,5.293984e-02,5.151653e-02,2.865360e-02,1.583422e-02,7.710265e-03,3.524116e-03,7.626412e-04
-0.5000,230,2.294000e+01,9.920195e-01,2.927385e+00,,NaN,1.254103e-01,1.677024e-01,1.879753e-01,1.675035e-01,1.350498e-01,5.430489e-02,4.948211e-02,5.386000e-02,2.935290e-02,1.659101e-02,8.156986e-03,3.776643e-03,8.341345e-04
-0.5000,231,2.304000e+01,9.919923e-01,2.889081e+00,,1.036479e-02,1.237724e-01,1.671027e-01,1.803177e-01,1.684288e-01,1.387980e-01,5.857939e-02,4.609980e-02,5.570583e-02,3.030445e-02,1.727326e-02,8.659860e-03,4.042870e-03,9.149137e-04
-0.5000,232,2.314000e+01,9.919639e-01,2.850302e+00,,NaN,1.225534e-01,1.664260e-01,1.725808e-01,1.687273e-01,1.418957e-01,6.385415e-02,4.305860e-02,5.690362e-02,3.157459e-02,1.788402e-02,9.212543e-03,4.322812e-03,1.006497e-03
-0.5000,233,2.324000e+01,9.919343e-01,2.810892e+00,,NaN,1.217720e-01,1.656977e-01,1.647118e-01,1.683185e-01,1.445239e-01,6.982474e-02,4.062339e-02,5.736122e-02,3.318338e-02,1.844930e-02,9.809047e-03,4.614920e-03,1.110171e-03
-0.5000,234,2.334000e+01,9.919032e-01,2.770613e+00,,NaN,1.214211e-01,1.649521e-01,1.566819e-01,1.670849e-01,1.469313e-01,7.614931e-02,3.901625e-02,5.704731e-02,3.510584e-02,1.901904e-02,1.044680e-02,4.917132e-03,1.227079e-03
-0.5000,235,2.344000e+01,9.918707e-01,2.729099e+00,,NaN,1.214572e-01,1.641950e-01,1.485650e-01,1.648384e-01,1.493833e-01,8.252468e-02,3.838851e-02,5.601041e-02,3.726519e-02,1.965967e-02,1.112378e-02,5.230314e-03,1.358587e-03
-0.5000,236,2.354000e+01,9.918370e-01,2.685798e+00,,NaN,1.218020e-01,1.633731e-01,1.405797e-01,1.613104e-01,1.521039e-01,8.872100e-02,3.885348e-02,5.437108e-02,3.954284e-02,2.044619e-02,1.182987e-02,5.559830e-03,1.506655e-03
-0.5000,237,2.364000e+01,9.918021e-01,2.640095e+00,,NaN,1.223483e-01,1.624228e-01,1.330267e-01,1.562177e-01,1.551915e-01,9.460373e-02,4.052930e-02,5.227279e-02,4.179486e-02,2.145789e-02,1.254829e-02,5.912289e-03,1.673806e-03
-0.5000,238,2.374000e+01,9.917662e-01,2.591532e+00,,NaN,1.229745e-01,1.613299e-01,1.261699e-01,1.494405e-01,1.584796e-01,1.001442e-01,4.356728e-02,4.985357e-02,4.385740e-02,2.276372e-02,1.326526e-02,6.291902e-03,1.862296e-03
-0.5000,239,2.384000e+01,9.917299e-01,2.540056e+00,,NaN,1.235708e-01,1.601527e-01,1.201461e-01,1.411709e-01,1.615161e-01,1.053350e-01,4.812241e-02,4.728935e-02,4.555286e-02,2.439898e-02,1.397333e-02,6.698732e-03,2.072735e-03
-0.5000,240,2.394000e+01,9.916934e-01,2.486180e+00,,NaN,1.240809e-01,1.590132e-01,1.148867e-01,1.319284e-01,1.637356e-01,1.101281e-01,5.420489e-02,4.485584e-02,4.671157e-02,2.635514e-02,1.466764e-02,7.128336e-03,2.303572e-03
-0.5000,241,2.404000e+01,9.916573e-01,2.430832e+00,,1.363018e-02,1.245185e-01,1.580207e-01,1.101821e-01,1.224039e-01,1.646684e-01,1.144787e-01,6.153226e-02,4.292495e-02,4.721310e-02,2.857238e-02,1.535883e-02,7.573654e-03,2.552567e-03
-0.5000,242,2.414000e+01,9.916219e-01,2.374988e+00,,NaN,1.249167e-01,1.571942e-01,1.059146e-01,1.132189e-01,1.640063e-01,1.183941e-01,6.959278e-02,4.185862e-02,4.704107e-02,3.092321e-02,1.608960e-02,8.030458e-03,2.819582e-03
-0.5000,243,2.424000e+01,9.915877e-01,2.319375e+00,,NaN,1.252976e-01,1.564449e-01,1.021020e-01,1.048526e-01,1.615949e-01,1.218941e-01,7.786612e-02,4.189104e-02,4.629456e-02,3.323671e-02,1.691561e-02,8.502600e-03,3.107119e-03
-0.5000,244,2.434000e+01,9.915548e-01,2.264359e+00,,NaN,1.256875e-01,1.556438e-01,9.873063e-02,9.766504e-02,1.574399e-01,1.250096e-01,8.589736e-02,4.312754e-02,4.515104e-02,3.534821e-02,1.788282e-02,8.998879e-03,3.417687e-03
-0.5000,245,2.444000e+01,9.915235e-01,2.209978e+00,,NaN,1.261146e-01,1.547233e-01,9.566398e-02,9.187420e-02,1.516918e-01,1.277877e-01,9.329683e-02,4.557496e-02,4.383918e-02,3.713575e-02,1.901747e-02,9.528760e-03,3.751445e-03
-0.5000,246,2.454000e+01,9.914936e-01,2.156167e+00,,NaN,1.266123e-01,1.536764e-01,9.271367e-02,8.752805e-02,1.446435e-01,1.302426e-01,9.980409e-02,4.911665e-02,4.259769e-02,3.853171e-02,2.032251e-02,1.010306e-02,4.107755e-03
-0.5000,247,2.464000e+01,9.914653e-01,2.102881e+00,,NaN,1.272308e-01,1.525057e-01,8.972987e-02,8.449613e-02,1.367236e-01,1.322979e-01,1.053250e-01,5.353407e-02,4.163354e-02,3.951999e-02,2.178184e-02,1.073461e-02,4.486935e-03
-0.5000,248,2.474000e+01,9.914383e-01,2.050059e+00,,NaN,1.280200e-01,1.512223e-01,8.662822e-02,8.251050e-02,1.284288e-01,1.337844e-01,1.099122e-01,5.855991e-02,4.111243e-02,4.013048e-02,2.336355e-02,1.143808e-02,4.889122e-03
-0.5000,249,2.484000e+01,9.914125e-01,1.997676e+00,,NaN,1.290091e-01,1.498412e-01,8.339175e-02,8.126171e-02,1.202212e-01,1.345198e-01,1.137059e-01,6.390939e-02,4.115414e-02,4.042091e-02,2.502361e-02,1.222744e-02,5.313853e-03
-0.5000,250,2.494000e+01,9.913875e-01,1.945795e+00,,NaN,1.302023e-01,1.483810e-01,8.003644e-02,8.048289e-02,1.124682e-01,1.343898e-01,1.168478e-01,6.932051e-02,4.182011e-02,4.046082e-02,2.671477e-02,1.311384e-02,5.761554e-03
-0.5000,251,2.504000e+01,9.913631e-01,1.894558e+00,,9.001025e-03,1.315908e-01,1.468623e-01,7.659640e-02,7.995087e-02,1.054503e-01,1.333664e-01,1.194185e-01,7.459171e-02,4.311425e-02,4.033218e-02,2.838573e-02,1.410492e-02,6.235582e-03
-0.5000,252,2.514000e+01,9.913391e-01,1.844184e+00,,NaN,1.331603e-01,1.452852e-01,7.314870e-02,7.947247e-02,9.936993e-02,1.315112e-01,1.214234e-01,7.957333e-02,4.499599e-02,4.013452e-02,2.998021e-02,1.520248e-02,6.742231e-03
-0.5000,253,2.524000e+01,9.913151e-01,1.794912e+00,,NaN,1.348825e-01,1.436333e-01,6.979859e-02,7.890481e-02,9.433508e-02,1.289610e-01,1.228411e-01,8.414563e-02,4.738612e-02,3.997786e-02,3.144625e-02,1.639927e-02,7.288480e-03
-0.5000,254,2.534000e+01,9.912908e-01,1.746927e+00,,NaN,1.367166e-01,1.418904e-01,6.664617e-02,7.815488e-02,9.034270e-02,1.259136e-01,1.236650e-01,8.823087e-02,5.017143e-02,3.996198e-02,3.274731e-02,1.767816e-02,7.880849e-03
-0.5000,255,2.544000e+01,9.912661e-01,1.700296e+00,,NaN,1.386290e-01,1.400425e-01,6.376146e-02,7.716321e-02,8.729147e-02,1.226158e-01,1.239070e-01,9.178863e-02,5.322318e-02,4.016776e-02,3.386919e-02,1.901575e-02,8.525004e-03
-0.5000,256,2.554000e+01,9.912407e-01,1.654944e+00,,NaN,1.406005e-01,1.380714e-01,6.118729e-02,7.588746e-02,8.502482e-02,1.193160e-01,1.236060e-01,9.480228e-02,5.641700e-02,4.065073e-02,3.482656e-02,2.038636e-02,9.223680e-03
-0.5000,257,2.564000e+01,9.912144e-01,1.610702e+00,,NaN,1.426208e-01,1.359671e-01,5.895101e-02,7.429085e-02,8.336039e-02,1.162086e-01,1.228413e-01,9.727867e-02,5.965096e-02,4.142940e-02,3.566195e-02,2.176241e-02,9.976525e-03
-0.5000,258,2.574000e+01,9.911870e-01,1.567417e+00,,NaN,1.447059e-01,1.337341e-01,5.704739e-02,7.234531e-02,8.211112e-02,1.134252e-01,1.217132e-01,9.924672e-02,6.285267e-02,4.248270e-02,3.643478e-02,2.311920e-02,1.078169e-02
-0.5000,259,2.584000e+01,9.911584e-01,1.525024e+00,,NaN,1.469075e-01,1.313734e-01,5.544269e-02,7.004263e-02,8.108629e-02,1.110622e-01,1.203214e-01,1.007582e-01,6.596023e-02,4.375780e-02,3.720922e-02,2.444239e-02,1.163606e-02
-0.5000,260,2.594000e+01,9.911285e-01,1.483522e+00,,NaN,1.492788e-01,1.288773e-01,5.410080e-02,6.742612e-02,8.007903e-02,1.091703e-01,1.187836e-01,1.018858e-01,6.891430e-02,4.517915e-02,3.804349e-02,2.572578e-02,1.253562e-02
-0.5000,261,2.604000e+01,9.910972e-01,1.442833e+00,,1.231774e-02,1.518622e-01,1.262216e-01,5.298479e-02,6.459875e-02,7.888850e-02,1.077290e-01,1.172194e-01,1.027080e-01,7.169356e-02,4.666982e-02,3.897553e-02,2.697140e-02,1.347747e-02
-0.5000,262,2.614000e+01,9.910646e-01,1.402753e+00,,NaN,1.546843e-01,1.233717e-01,5.204790e-02,6.171735e-02,7.736438e-02,1.066234e-01,1.157360e-01,1.032931e-01,7.430323e-02,4.818937e-02,4.001644e-02,2.819090e-02,1.446193e-02
-0.5000,263,2.624000e+01,9.910306e-01,1.363035e+00,,NaN,1.576945e-01,1.203454e-01,5.124706e-02,5.896537e-02,7.543674e-02,1.056420e-01,1.144431e-01,1.037269e-01,7.672992e-02,4.971973e-02,4.116180e-02,2.939538e-02,1.549205e-02
-0.5000,264,2.634000e+01,9.909956e-01,1.323518e+00,,NaN,1.607206e-01,1.172560e-01,5.057187e-02,5.650442e-02,7.313918e-02,1.045562e-01,1.134032e-01,1.040959e-01,7.895201e-02,5.123429e-02,4.240603e-02,3.059416e-02,1.656615e-02
-0.5000,265,2.644000e+01,9.909597e-01,1.284185e+00,,NaN,1.635323e-01,1.142478e-01,5.004381e-02,5.445866e-02,7.061117e-02,1.032102e-01,1.125823e-01,1.044199e-01,8.095893e-02,5.271832e-02,4.373632e-02,3.180433e-02,1.767600e-02
-0.5000,266,2.654000e+01,9.909233e-01,1.245107e+00,,NaN,1.659316e-01,1.114334e-01,4.967897e-02,5.290754e-02,6.804479e-02,1.015338e-01,1.119242e-01,1.046313e-01,8.274135e-02,5.418599e-02,4.512008e-02,3.304865e-02,1.881847e-02
-0.5000,267,2.664000e+01,9.908867e-01,1.206419e+00,,NaN,1.677463e-01,1.089436e-01,4.945984e-02,5.187212e-02,6.561987e-02,9.953644e-02,1.113903e-01,1.046399e-01,8.428840e-02,5.565733e-02,4.650420e-02,3.434292e-02,1.999880e-02
-0.5000,268,2.674000e+01,9.908504e-01,1.168281e+00,,NaN,1.688361e-01,1.069097e-01,4.936922e-02,5.130351e-02,6.345505e-02,9.730385e-02,1.109339e-01,1.043982e-01,8.563053e-02,5.712753e-02,4.782410e-02,3.569056e-02,2.121769e-02
-0.5000,269,2.684000e+01,9.908146e-01,1.130819e+00,,NaN,1.691522e-01,1.053803e-01,4.941245e-02,5.109464e-02,6.159788e-02,9.495021e-02,1.105239e-01,1.038945e-01,8.684385e-02,5.859845e-02,4.901113e-02,3.707303e-02,2.246752e-02
-0.5000,270,2.694000e+01,9.907798e-01,1.094099e+00,,NaN,1.687330e-01,1.043327e-01,4.959076e-02,5.112227e-02,6.007000e-02,9.254912e-02,1.101518e-01,1.031546e-01,8.797268e-02,6.011593e-02,5.002205e-02,3.844675e-02,2.373831e-02
-0.5000,271,2.704000e+01,9.907463e-01,1.058129e+00,,1.209174e-02,1.676695e-01,1.037085e-01,4.989021e-02,5.127469e-02,5.890032e-02,9.012340e-02,1.097990e-01,1.022458e-01,8.899834e-02,6.175724e-02,5.084416e-02,3.976757e-02,2.502135e-02
-0.5000,272,2.714000e+01,9.907142e-01,1.022900e+00,,NaN,1.660810e-01,1.034140e-01,5.030044e-02,5.145417e-02,5.812925e-02,8.770116e-02,1.094125e-01,1.012280e-01,8.987109e-02,6.362468e-02,5.147957e-02,4.099556e-02,2.630861e-02
-0.5000,273,2.724000e+01,9.906835e-01,9.883862e-01,,NaN,1.640916e-01,1.033476e-01,5.078953e-02,5.160820e-02,5.776339e-02,8.534502e-02,1.089355e-01,1.001440e-01,9.053009e-02,6.579890e-02,5.195984e-02,4.209713e-02,2.758922e-02
-0.5000,274,2.734000e+01,9.906542e-01,9.544961e-01,,NaN,1.618162e-01,1.034084e-01,5.132378e-02,5.173718e-02,5.773920e-02,8.312201e-02,1.083408e-01,9.904981e-02,9.091652e-02,6.828078e-02,5.235866e-02,4.305480e-02,2.885190e-02
-0.5000,275,2.744000e+01,9.906261e-01,9.211319e-01,,NaN,1.593394e-01,1.034952e-01,5.192228e-02,5.184813e-02,5.797267e-02,8.108350e-02,1.076170e-01,9.801440e-02,9.098267e-02,7.099339e-02,5.277877e-02,4.386393e-02,3.008865e-02
-0.5000,276,2.754000e+01,9.905992e-01,8.882695e-01,,NaN,1.567153e-01,1.035229e-01,5.263152e-02,5.194052e-02,5.839412e-02,7.928877e-02,1.067605e-01,9.708937e-02,9.070358e-02,7.380425e-02,5.332250e-02,4.452814e-02,3.129857e-02
-0.5000,277,2.764000e+01,9.905731e-01,8.559978e-01,,NaN,1.539834e-01,1.034522e-01,5.345227e-02,5.203583e-02,5.893389e-02,7.780397e-02,1.057987e-01,9.627959e-02,9.010087e-02,7.655307e-02,5.405857e-02,4.505579e-02,3.249190e-02
-0.5000,278,2.774000e+01,9.905478e-01,8.244698e-01,,NaN,1.511788e-01,1.032849e-01,5.433803e-02,5.217452e-02,5.953164e-02,7.665545e-02,1.047861e-01,9.557697e-02,8.921981e-02,7.910291e-02,5.501167e-02,4.545314e-02,3.368608e-02
-0.5000,279,2.784000e+01,9.905229e-01,7.937910e-01,,NaN,1.483285e-01,1.030535e-01,5.522682e-02,5.237864e-02,6.015613e-02,7.581243e-02,1.037804e-01,9.499429e-02,8.810001e-02,8.136390e-02,5.618689e-02,4.572481e-02,3.489376e-02
-0.5000,280,2.794000e+01,9.904984e-01,7.639709e-01,,NaN,1.454481e-01,1.028022e-01,5.607244e-02,5.263521e-02,6.079559e-02,7.521976e-02,1.028179e-01,9.455472e-02,8.679884e-02,8.328023e-02,5.757635e-02,4.588381e-02,3.611482e-02
-0.5000,281,2.804000e+01,9.904739e-01,7.350063e-01,,1.132167e-02,1.425575e-01,1.025587e-01,5.685149e-02,5.291243e-02,6.144719e-02,7.483601e-02,1.018991e-01,9.428624e-02,8.539743e-02,8.480147e-02,5.915548e-02,4.595262e-02,3.734437e-02
-0.5000,282,2.814000e+01,9.904493e-01,7.069341e-01,,NaN,1.396743e-01,1.023464e-01,5.754623e-02,5.318296e-02,6.211666e-02,7.464829e-02,1.009912e-01,9.421100e-02,8.397920e-02,8.587241e-02,6.088451e-02,4.596359e-02,3.858329e-02
-0.5000,283,2.824000e+01,9.904242e-01,6.798102e-01,,NaN,1.367960e-01,1.021909e-01,5.814859e-02,5.343988e-02,6.281738e-02,7.464893e-02,1.000485e-01,9.433782e-02,8.262539e-02,8.645393e-02,6.270385e-02,4.595370e-02,3.983516e-02
-0.5000,284,2.834000e+01,9.903984e-01,6.536643e-01,,NaN,1.338914e-01,1.021160e-01,5.866499e-02,5.369992e-02,6.357228e-02,7.480917e-02,9.903694e-02,9.464816e-02,8.143524e-02,8.653326e-02,6.453900e-02,4.595510e-02,4.109849e-02
-0.5000,285,2.844000e+01,9.903717e-01,6.285202e-01,,NaN,1.309117e-01,1.021404e-01,5.911789e-02,5.399960e-02,6.440501e-02,7.508323e-02,9.795538e-02,9.507249e-02,8.051831e-02,8.611573e-02,6.631794e-02,4.599743e-02,4.236494e-02
-0.5000,286,2.854000e+01,9.903440e-01,6.044546e-01,,NaN,1.278124e-01,1.022571e-01,5.955198e-02,5.439316e-02,6.532895e-02,7.541819e-02,9.685252e-02,9.550536e-02,7.994462e-02,8.522031e-02,6.797827e-02,4.611551e-02,4.362157e-02
-0.5000,287,2.864000e+01,9.903149e-01,5.815454e-01,,NaN,1.245729e-01,1.023979e-01,6.003566e-02,5.494276e-02,6.636405e-02,7.575993e-02,9.582380e-02,9.583610e-02,7.971290e-02,8.388466e-02,6.946678e-02,4.634533e-02,4.485724e-02
-0.5000,288,2.874000e+01,9.902846e-01,5.598357e-01,,NaN,1.212140e-01,1.024253e-01,6.064969e-02,5.569522e-02,6.752543e-02,7.609426e-02,9.498081e-02,9.596867e-02,7.976471e-02,8.215960e-02,7.073983e-02,4.671921e-02,4.606328e-02
-0.5000,289,2.884000e+01,9.902531e-01,5.393957e-01,,NaN,1.178048e-01,1.021862e-01,6.144594e-02,5.668388e-02,6.879680e-02,7.645094e-02,9.438943e-02,9.587125e-02,8.002484e-02,8.009400e-02,7.175691e-02,4.726593e-02,4.722909e-02
-0.5000,290,2.894000e+01,9.902206e-01,5.203015e-01,,NaN,1.144198e-01,1.016062e-01,6.242572e-02,5.789799e-02,7.015294e-02,7.686191e-02,9.403568e-02,9.559178e-02,8.044008e-02,7.775450e-02,7.247275e-02,4.799616e-02,4.834451e-02
-0.5000,291,2.904000e+01,9.901870e-01,5.025860e-01,,1.240199e-02,1.111131e-01,1.006966e-01,6.356268e-02,5.928750e-02,7.155066e-02,7.734249e-02,9.386329e-02,9.522356e-02,8.097120e-02,7.526529e-02,7.283527e-02,4.888192e-02,4.940650e-02
-0.5000,292,2.914000e+01,9.901527e-01,4.863271e-01,,NaN,1.079289e-01,9.952329e-02,6.482771e-02,6.079555e-02,7.288292e-02,7.788577e-02,9.386891e-02,9.485803e-02,8.155431e-02,7.279439e-02,7.280232e-02,4.985071e-02,5.042714e-02
-0.5000,293,2.924000e+01,9.901179e-01,4.715760e-01,,NaN,1.048891e-01,9.821282e-02,6.619880e-02,6.233070e-02,7.401390e-02,7.846865e-02,9.411726e-02,9.455470e-02,8.209333e-02,7.050490e-02,7.237224e-02,5.080643e-02,5.143715e-02
-0.5000,294,2.934000e+01,9.900828e-01,4.583823e-01,,NaN,1.020122e-01,9.691115e-02,6.763892e-02,6.379667e-02,7.482854e-02,7.907889e-02,9.465661e-02,9.435972e-02,8.249521e-02,6.850487e-02,7.158051e-02,5.166993e-02,5.246677e-02
-0.5000,295,2.944000e+01,9.900478e-01,4.469330e-01,,NaN,9.934886e-02,9.568411e-02,6.915323e-02,6.510639e-02,7.525194e-02,7.972481e-02,9.550081e-02,9.429755e-02,8.270167e-02,6.682413e-02,7.048727e-02,5.238899e-02,5.353025e-02
-0.5000,296,2.954000e+01,9.900131e-01,4.374299e-01,,NaN,9.695259e-02,9.447909e-02,7.082697e-02,6.620400e-02,7.526768e-02,8.044431e-02,9.661249e-02,9.435711e-02,8.269248e-02,6.542517e-02,6.917710e-02,5.292402e-02,5.463699e-02
-0.5000,297,2.964000e+01,9.899789e-01,4.299296e-01,,NaN,9.482626e-02,9.321767e-02,7.273870e-02,6.711565e-02,7.491031e-02,8.126109e-02,9.790422e-02,9.454050e-02,8.246256e-02,6.424237e-02,6.773844e-02,5.325205e-02,5.579018e-02
-0.5000,298,2.974000e+01,9.899455e-01,4.243379e-01,,NaN,9.292684e-02,9.188013e-02,7.488280e-02,6.793737e-02,7.423922e-02,8.211844e-02,9.930272e-02,9.489882e-02,8.201810e-02,6.320241e-02,6.623093e-02,5.338511e-02,5.697710e-02
-0.5000,299,2.984000e+01,9.899130e-01,4.204822e-01,,NaN,9.119828e-02,9.050721e-02,7.716236e-02,6.879389e-02,7.335817e-02,8.288129e-02,1.007811e-01,9.545243e-02,8.141522e-02,6.221979e-02,6.468609e-02,5.336426e-02,5.817995e-02
-0.5000,300,2.994000e+01,9.898816e-01,4.181898e-01,,NaN,8.958539e-02,8.917484e-02,7.941973e-02,6.979859e-02,7.241717e-02,8.343410e-02,1.023202e-01,9.614607e-02,8.073865e-02,6.121603e-02,6.313225e-02,5.323715e-02,5.937983e-02
-0.5000,301,3.004000e+01,9.898515e-01,4.173602e-01,,1.254305e-02,8.803828e-02,8.797637e-02,8.149066e-02,7.101371e-02,7.158092e-02,8.373459e-02,1.038953e-01,9.688417e-02,8.002173e-02,6.015865e-02,6.161706e-02,5.303090e-02,6.055769e-02
-0.5000,302,3.014000e+01,9.898227e-01,4.178369e-01,,NaN,8.651090e-02,8.699257e-02,8.327802e-02,7.241811e-02,7.097340e-02,8.378625e-02,1.054964e-01,9.759867e-02,7.924783e-02,5.905270e-02,6.018348e-02,5.276173e-02,6.169994e-02
0.5000,1,0.000000e+00,1.000000e+00,5.999994e+00,,1.150572e-02,9.999942e-01,5.846254e-06,3.864994e-11,2.006876e-16,7.918706e-22,2.365987e-27,4.512817e-32,2.149803e-32,1.184433e-32,8.587666e-33,2.424865e-33,6.504003e-33,1.762309e-33
0.5000,2,1.400000e-01,1.000000e+00,5.999794e+00,,NaN,9.997943e-01,2.056783e-04,4.780766e-08,8.731064e-12,1.212163e-15,1.278444e-19,1.022572e-23,9.768479e-28,5.826370e-28,5.065797e-28,1.861801e-28,7.351256e-28,2.423100e-28
0.5000,3,2.400000e-01,9.999576e-01,5.996055e+00,,NaN,9.963219e-01,3.665521e-03,1.251108e-05,3.756127e-08,9.178086e-11,1.770792e-13,2.660484e-16,3.071731e-19,2.709175e-22,8.503096e-24,7.751398e-25,1.141620e-23,1.753310e-24
0.5000,4,3.400000e-01,9.999171e-01,5.987073e+00,,NaN,9.877040e-01,1.216253e-02,1.322200e-04,1.266677e-06,9.960907e-09,6.215243e-11,3.027767e-13,1.134916e-15,3.206090e-18,6.619751e-21,1.099790e-23,3.422085e-23,6.169563e-24
0.5000,5,4.400000e-01,9.998789e-01,5.973321e+00,,NaN,9.746120e-01,2.483176e-02,5.454824e-04,1.057686e-05,1.694671e-07,2.163857e-09,2.162264e-11,1.664551e-13,9.662588e-16,4.088118e-18,1.189296e-20,7.168347e-23,1.040676e-23
0.5000,6,5.400000e-01,9.998430e-01,5.955308e+00,,NaN,9.578057e-01,4.068069e-02,1.465627e-03,4.672752e-05,1.238844e-06,2.628380e-08,4.374221e-10,5.614925e-12,5.437775e-14,3.838696e-16,1.863152e-18,5.609690e-21,1.926283e-23
0.5000,7,6.400000e-01,9.998093e-01,5.933488e+00,,NaN,9.380063e-01,5.876254e-02,3.081894e-03,1.434860e-04,5.588593e-06,1.748733e-07,4.301756e-09,8.171844e-11,1.171860e-12,1.225123e-14,8.804896e-17,3.888395e-19,8.040313e-22
0.5000,8,7.400000e-01,9.997774e-01,5.908231e+00,,NaN,9.158376e-01,7.825957e-02,5.534880e-03,3.486624e-04,1.847834e-05,7.896419e-07,2.658298e-08,6.918854e-10,1.360158e-11,1.949607e-13,1.920697e-15,1.162068e-17,3.254606e-20
0.5000,9,8.400000e-01,9.997469e-01,5.879821e+00,,NaN,8.918197e-01,9.849727e-02,8.910673e-03,7.202789e-04,4.924695e-05,2.724381e-06,1.189696e-07,4.021202e-09,1.027151e-10,1.913156e-12,2.448490e-14,1.923359e-16,6.987703e-19
0.5000,10,9.400000e-01,9.997176e-01,5.848479e+00,,NaN,8.663880e-01,1.189259e-01,1.324444e-02,1.321460e-03,1.120896e-04,7.718934e-06,4.204466e-07,1.774721e-08,5.664421e-10,1.318428e-11,2.107936e-13,2.067300e-15,9.368836e-18
0.5000,11,1.040000e+00,9.996889e-01,5.814391e+00,,8.233219e-03,8.399185e-01,1.390927e-01,1.852716e-02,2.215286e-03,2.262619e-04,1.882544e-05,1.241552e-06,6.353474e-08,2.460094e-09,6.947618e-11,1.347436e-12,1.602008e-14,8.793722e-17
0.5000,12,1.140000e+00,9.996605e-01,5.777727e+00,,NaN,8.127492e-01,1.586187e-01,2.471196e-02,3.460246e-03,4.157035e-04,4.082207e-05,3.184746e-06,1.930657e-07,8.862888e-09,2.968280e-10,6.825714e-12,9.617039e-14,6.250537e-16
0.5000,13,1.240000e+00,9.996321e-01,5.738667e+00,,NaN,7.851957e-01,1.771831e-01,3.171845e-02,5.106218e-03,7.081247e-04,8.054484e-05,7.295849e-06,5.143484e-07,2.748443e-08,1.071878e-09,2.870034e-11,4.706311e-13,3.557256e-15
0.5000,14,1.340000e+00,9.996033e-01,5.697414e+00,,NaN,7.575635e-01,1.945146e-01,3.943431e-02,7.190467e-03,1.133531e-03,1.470588e-04,1.523172e-05,1.230003e-06,7.536667e-08,3.372128e-09,1.035918e-10,1.948217e-12,1.687636e-14
0.5000,15,1.440000e+00,9.995737e-01,5.654231e+00,,NaN,7.301589e-01,2.103886e-01,4.771383e-02,9.732832e-03,1.722042e-03,2.515642e-04,2.941524e-05,2.686586e-06,1.864082e-07,9.450390e-09,3.289914e-10,7.009405e-12,6.874236e-14
0.5000,16,1.540000e+00,9.995429e-01,5.609457e+00,,NaN,7.032908e-01,2.246351e-01,5.637727e-02,1.273003e-02,2.500833e-03,4.069114e-04,5.313193e-05,5.429409e-06,4.220314e-07,2.398636e-08,9.363129e-10,2.236344e-11,2.457217e-13
0.5000,17,1.640000e+00,9.995106e-01,5.563514e+00,,NaN,6.772562e-01,2.371561e-01,6.521808e-02,1.615092e-02,3.490360e-03,6.266276e-04,9.051075e-05,1.025141e-05,8.843989e-07,5.583110e-08,2.421330e-09,6.424132e-11,7.836515e-13
0.5000,18,1.740000e+00,9.994765e-01,5.516877e+00,,NaN,6.523114e-01,2.479399e-01,7.402193e-02,1.993609e-02,4.700719e-03,9.234973e-04,1.463397e-04,1.821977e-05,1.730243e-06,1.203345e-07,5.751141e-09,1.681273e-10,2.258653e-12
0.5000,19,1.840000e+00,9.994401e-01,5.470013e+00,,NaN,6.286402e-01,2.570623e-01,8.259488e-02,2.400500e-02,6.129727e-03,1.308034e-03,2.257209e-04,3.066587e-05,3.182283e-06,2.420505e-07,1.265582e-08,4.047059e-10,5.944392e-12
0.5000,20,1.940000e+00,9.994013e-01,5.423306e+00,,NaN,6.063333e-01,2.646661e-01,9.078987e-02,2.827014e-02,7.764272e-03,1.787468e-03,3.336695e-04,4.913983e-05,5.535794e-06,4.574804e-07,2.599600e-08,9.033130e-10,1.441048e-11
0.5000,21,2.040000e+00,9.993597e-01,5.377003e+00,,1.178477e-02,5.853907e-01,2.709253e-01,9.851894e-02,3.265381e-02,9.585201e-03,2.365861e-03,4.748527e-04,7.535573e-05,9.160906e-06,8.176192e-07,5.018732e-08,1.883341e-09,3.242917e-11
0.5000,22,2.140000e+00,9.993154e-01,5.331192e+00,,NaN,5.657424e-01,2.760116e-01,1.057458e-01,3.709998e-02,1.157394e-02,3.045468e-03,6.536382e-04,1.111691e-04,1.450464e-05,1.390328e-06,9.166066e-08,3.692907e-09,6.822365e-11
0.5000,23,2.240000e+00,9.992681e-01,5.285835e+00,,NaN,5.472817e-01,2.800773e-01,1.124635e-01,4.157480e-02,1.371685e-02,3.828339e-03,8.743633e-04,1.585963e-04,2.209492e-05,2.262412e-06,1.593062e-07,6.850984e-09,1.349865e-10
0.5000,24,2.340000e+00,9.992180e-01,5.240855e+00,,NaN,5.298974e-01,2.832583e-01,1.186715e-01,4.605607e-02,1.600340e-02,4.716037e-03,1.141210e-03,2.197636e-04,3.253030e-05,3.539244e-06,2.646656e-07,1.207777e-08,2.522666e-10
0.5000,25,2.440000e+00,9.991654e-01,5.196225e+00,,NaN,5.134939e-01,2.856873e-01,1.243663e-01,5.052076e-02,1.841955e-02,5.706513e-03,1.456983e-03,2.965598e-04,4.641166e-05,5.335752e-06,4.212349e-07,2.027234e-08,4.460633e-10
0.5000,26,2.540000e+00,9.991109e-01,5.152042e+00,,NaN,4.980010e-01,2.875005e-01,1.295427e-01,5.493863e-02,2.094271e-02,6.790613e-03,1.821241e-03,3.899913e-04,6.419645e-05,7.754249e-06,6.422684e-07,3.238922e-08,7.459737e-10
0.5000,27,2.640000e+00,9.990553e-01,5.108548e+00,,NaN,4.833804e-01,2.888369e-01,1.341952e-01,5.926891e-02,2.354076e-02,7.951172e-03,2.229212e-03,4.996158e-04,8.603706e-05,1.085596e-05,9.375598e-07,4.922576e-08,1.179120e-09
0.5000,28,2.740000e+00,9.989998e-01,5.066143e+00,,NaN,4.696312e-01,2.898361e-01,1.383169e-01,6.345550e-02,2.617241e-02,9.164504e-03,2.672170e-03,6.234361e-04,1.117005e-04,1.464158e-05,1.310827e-06,7.122096e-08,1.763417e-09
0.5000,29,2.840000e+00,9.989456e-01,5.025332e+00,,NaN,4.567795e-01,2.906334e-01,1.419071e-01,6.742885e-02,2.878922e-02,1.040322e-02,3.138900e-03,7.582909e-04,1.406120e-04,1.905099e-05,1.759094e-06,9.837734e-08,2.503948e-09
0.5000,30,2.940000e+00,9.988936e-01,4.986617e+00,,NaN,4.448549e-01,2.913442e-01,1.449829e-01,7.112014e-02,3.134167e-02,1.163980e-02,3.617489e-03,9.004640e-04,1.719747e-04,2.397684e-05,2.273699e-06,1.303038e-07,3.393297e-09
0.5000,31,3.040000e+00,9.988447e-01,4.950389e+00,,1.319530e-02,4.338719e-01,2.920495e-01,1.475835e-01,7.447816e-02,3.378679e-02,1.284993e-02,4.096802e-03,1.046208e-03,2.048885e-04,2.927957e-05,2.841458e-06,1.662781e-07,4.413109e-09
0.5000,32,3.140000e+00,9.987990e-01,4.916892e+00,,NaN,4.238258e-01,2.927914e-01,1.497620e-01,7.747728e-02,3.609304e-02,1.401433e-02,4.567234e-03,1.192041e-03,2.384303e-04,3.479800e-05,3.445304e-06,2.052688e-07,5.534748e-09
0.5000,33,3.240000e+00,9.987565e-01,4.886240e+00,,NaN,4.146996e-01,2.935814e-01,1.515729e-01,8.011462e-02,3.824070e-02,1.511884e-02,5.020786e-03,1.334821e-03,2.716955e-04,4.035677e-05,4.064677e-06,2.459340e-07,6.719158e-09
0.5000,34,3.340000e+00,9.987170e-01,4.858473e+00,,NaN,4.064736e-01,2.944129e-01,1.530619e-01,8.240199e-02,4.021927e-02,1.615331e-02,5.450762e-03,1.471700e-03,3.038138e-04,4.577273e-05,4.676102e-06,2.866290e-07,7.916674e-09
0.5000,35,3.440000e+00,9.986798e-01,4.833600e+00,,NaN,3.991311e-01,2.952747e-01,1.542606e-01,8.435751e-02,4.202400e-02,1.711030e-02,5.851386e-03,1.600042e-03,3.339517e-04,5.086099e-05,5.254129e-06,3.254524e-07,9.067711e-09
0.5000,36,3.540000e+00,9.986447e-01,4.811635e+00,,NaN,3.926629e-01,2.961576e-01,1.551861e-01,8.599943e-02,4.365248e-02,1.798379e-02,6.217512e-03,1.717357e-03,3.613162e-04,5.544215e-05,5.772837e-06,3.603579e-07,1.010563e-08
0.5000,37,3.640000e+00,9.986111e-01,4.792614e+00,,NaN,3.870685e-01,2.970587e-01,1.558425e-01,8.734314e-02,4.510208e-02,1.876817e-02,6.544469e-03,1.821317e-03,3.851718e-04,5.935144e-05,6.207824e-06,3.893350e-07,1.096252e-08
0.5000,38,3.740000e+00,9.985785e-01,4.776597e+00,,NaN,3.823558e-01,2.979807e-01,1.562236e-01,8.840102e-02,4.636918e-02,1.945766e-02,6.828004e-03,1.909816e-03,4.048682e-04,6.244871e-05,6.538446e-06,4.106377e-07,1.157758e-08
0.5000,39,3.840000e+00,9.985465e-01,4.763661e+00,,NaN,3.785377e-01,2.989315e-01,1.563148e-01,8.918344e-02,4.744945e-02,2.004607e-02,7.064221e-03,1.981022e-03,4.198696e-04,6.462759e-05,6.749869e-06,4.230169e-07,1.190657e-08
0.5000,40,3.940000e+00,9.985147e-01,4.753888e+00,,NaN,3.756289e-01,2.999210e-01,1.560994e-01,8.970022e-02,4.833796e-02,2.052671e-02,7.249501e-03,2.033417e-03,4.297786e-04,6.582250e-05,6.834576e-06,4.259035e-07,1.193005e-08
0.5000,41,4.040000e+00,9.984826e-01,4.747352e+00,,1.098525e-02,3.736425e-01,3.009551e-01,1.555652e-01,8.996291e-02,4.902836e-02,2.089211e-02,7.380416e-03,2.065815e-03,4.343553e-04,6.601288e-05,6.793098e-06,4.194997e-07,1.165797e-08
0.5000,42,4.140000e+00,9.984500e-01,4.744111e+00,,NaN,3.725879e-01,3.020321e-01,1.547090e-01,8.998726e-02,4.951258e-02,2.113407e-02,7.453824e-03,2.077434e-03,4.335373e-04,6.522480e-05,6.633817e-06,4.047534e-07,1.112923e-08
0.5000,43,4.240000e+00,9.984166e-01,4.744184e+00,,NaN,3.724695e-01,3.031382e-01,1.535372e-01,8.979425e-02,4.978242e-02,2.124505e-02,7.467556e-03,2.068118e-03,4.274796e-04,6.353142e-05,6.372002e-06,3.832268e-07,1.040629e-08
0.5000,44,4.340000e+00,9.983822e-01,4.747531e+00,,NaN,3.732878e-01,3.042429e-01,1.520633e-01,8.940814e-02,4.983254e-02,2.122109e-02,7.421553e-03,2.038626e-03,4.165869e-04,6.104850e-05,6.027846e-06,3.568618e-07,9.565546e-09
0.5000,45,4.440000e+00,9.983464e-01,4.754047e+00,,NaN,3.750421e-01,3.052968e-01,1.503068e-01,8.885329e-02,4.966261e-02,2.106389e-02,7.318477e-03,1.990662e-03,4.014695e-04,5.791708e-05,5.623227e-06,3.276590e-07,8.684546e-09
0.5000,46,4.540000e+00,9.983090e-01,4.763571e+00,,NaN,3.777324e-01,3.062336e-01,1.482900e-01,8.815195e-02,4.927864e-02,2.078087e-02,7.163269e-03,1.926567e-03,3.828410e-04,5.428338e-05,5.178818e-06,2.974012e-07,7.830493e-09
0.5000,47,4.640000e+00,9.982697e-01,4.775901e+00,,NaN,3.813633e-01,3.069733e-01,1.460327e-01,8.732443e-02,4.869394e-02,2.038420e-02,6.962385e-03,1.849007e-03,3.614546e-04,5.029324e-05,4.713685e-06,2.675856e-07,7.055616e-09
0.5000,48,4.740000e+00,9.982280e-01,4.790816e+00,,NaN,3.859494e-01,3.074209e-01,1.435492e-01,8.638965e-02,4.792885e-02,1.988956e-02,6.723105e-03,1.760736e-03,3.380779e-04,4.609672e-05,4.246624e-06,2.395280e-07,6.399096e-09
0.5000,49,4.840000e+00,9.981837e-01,4.808088e+00,,NaN,3.915170e-01,3.074663e-01,1.408535e-01,8.536358e-02,4.700842e-02,1.931466e-02,6.452879e-03,1.664370e-03,3.134526e-04,4.184691e-05,3.796749e-06,2.144378e-07,5.889433e-09
0.5000,50,4.940000e+00,9.981366e-01,4.827488e+00,,NaN,3.980924e-01,3.069895e-01,1.379757e-01,8.425524e-02,4.595896e-02,1.867793e-02,6.158656e-03,1.562115e-03,2.882341e-04,3.768966e-05,3.382181e-06,1.933305e-07,5.542235e-09
0.5000,51,5.040000e+00,9.980867e-01,4.848769e+00,,1.363009e-02,4.056820e-01,3.058694e-01,1.349799e-01,8.306483e-02,4.480524e-02,1.799698e-02,5.846235e-03,1.455614e-03,2.629609e-04,3.375176e-05,3.017572e-06,1.768154e-07,5.354273e-09
0.5000,52,5.140000e+00,9.980342e-01,4.871636e+00,,NaN,4.142501e-01,3.039935e-01,1.319733e-01,8.178909e-02,4.357005e-02,1.728702e-02,5.519817e-03,1.345996e-03,2.380683e-04,3.013155e-05,2.711517e-06,1.648888e-07,5.298472e-09
0.5000,53,5.240000e+00,9.979799e-01,4.895727e+00,,NaN,4.237070e-01,3.012712e-01,1.290974e-01,8.043069e-02,4.227575e-02,1.655893e-02,5.181601e-03,1.234020e-03,2.139108e-04,2.688936e-05,2.464658e-06,1.568432e-07,5.324017e-09
0.5000,54,5.340000e+00,9.979250e-01,4.920645e+00,,NaN,4.339145e-01,2.976510e-01,1.265009e-01,7.900337e-02,4.094391e-02,1.581703e-02,4.831704e-03,1.120332e-03,1.907767e-04,2.404093e-05,2.269424e-06,1.513629e-07,5.363628e-09
0.5000,55,5.440000e+00,9.978708e-01,4.946037e+00,,NaN,4.447097e-01,2.931437e-01,1.243015e-01,7.752865e-02,3.959095e-02,1.505781e-02,4.469169e-03,1.005836e-03,1.689045e-04,2.155980e-05,2.111908e-06,1.467990e-07,5.347112e-09
0.5000,56,5.540000e+00,9.978186e-01,4.971661e+00,,NaN,4.559299e-01,2.878380e-01,1.225545e-01,7.602714e-02,3.822281e-02,1.427186e-02,4.093797e-03,8.919852e-04,1.484951e-04,1.938942e-05,1.975385e-06,1.415476e-07,5.217704e-09
0.5000,57,5.640000e+00,9.977692e-01,4.997404e+00,,NaN,4.674304e-01,2.818897e-01,1.212497e-01,7.451127e-02,3.683304e-02,1.344832e-02,3.707622e-03,7.807792e-04,1.297122e-04,1.746080e-05,1.844294e-06,1.344188e-07,4.946004e-09
0.5000,58,5.740000e+00,9.977230e-01,5.023250e+00,,NaN,4.790964e-01,2.754868e-01,1.203288e-01,7.298340e-02,3.540546e-02,1.257912e-02,3.315233e-03,6.744757e-04,1.126710e-04,1.570804e-05,1.707281e-06,1.248635e-07,4.535443e-09
0.5000,59,5.840000e+00,9.976802e-01,5.049235e+00,,NaN,4.908449e-01,2.688120e-01,1.197135e-01,7.143735e-02,3.391914e-02,1.166151e-02,2.923170e-03,5.752566e-04,9.742924e-05,1.407862e-05,1.558644e-06,1.129957e-07,4.017261e-09
0.5000,60,5.940000e+00,9.976403e-01,5.075406e+00,,NaN,5.026150e-01,2.620250e-01,1.193280e-01,6.985879e-02,3.235275e-02,1.069853e-02,2.538970e-03,4.849470e-04,8.397566e-05,1.253745e-05,1.398181e-06,9.944047e-08,3.438630e-09
0.5000,61,6.040000e+00,9.976030e-01,5.101788e+00,,1.124981e-02,5.143524e-01,2.552654e-01,1.191111e-01,6.822462e-02,3.068829e-02,9.698532e-03,2.170272e-03,4.048248e-04,7.222298e-05,1.106634e-05,1.229890e-06,8.509675e-08,2.849579e-09
0.5000,62,6.140000e+00,9.975678e-01,5.128377e+00,,NaN,5.259979e-01,2.486618e-01,1.190162e-01,6.650372e-02,2.891382e-02,8.673999e-03,1.824186e-03,3.355564e-04,6.201875e-05,9.661911e-06,1.060161e-06,7.089958e-08,2.292781e-09
0.5000,63,6.240000e+00,9.975341e-01,5.155135e+00,,NaN,5.374820e-01,2.423416e-01,1.190065e-01,6.465885e-02,2.702434e-02,7.640153e-03,1.506922e-03,2.772195e-04,5.316899e-05,8.332071e-06,8.959486e-07,5.763802e-08,1.797865e-09
0.5000,64,6.340000e+00,9.975015e-01,5.182003e+00,,NaN,5.487217e-01,2.364411e-01,1.190484e-01,6.264761e-02,2.502097e-02,6.613853e-03,1.223644e-03,2.293660e-04,4.546472e-05,7.091750e-06,7.433210e-07,4.585742e-08,1.380253e-09
0.5000,65,6.440000e+00,9.974694e-01,5.208911e+00,,NaN,5.596204e-01,2.311158e-01,1.191034e-01,6.042230e-02,2.291017e-02,5.613157e-03,9.784423e-04,1.910790e-04,3.870664e-05,5.958609e-06,6.066251e-07,3.584241e-08,1.043159e-09
0.5000,66,6.540000e+00,9.974374e-01,5.235788e+00,,NaN,5.700703e-01,2.265474e-01,1.191170e-01,5.793025e-02,2.070427e-02,4.657377e-03,7.742187e-04,1.610188e-04,3.272950e-05,4.949306e-06,4.882561e-07,2.765554e-08,7.811228e-10
0.5000,67,6.640000e+00,9.974050e-01,5.262575e+00,,NaN,5.799585e-01,2.229477e-01,1.190050e-01,5.511665e-02,1.842324e-02,3.767169e-03,6.123508e-04,1.374880e-04,2.742445e-05,4.075911e-06,3.888486e-07,2.119966e-08,5.837583e-10
0.5000,68,6.740000e+00,9.973719e-01,5.289225e+00,,NaN,5.891754e-01,2.205548e-01,1.186390e-01,5.193205e-02,1.609735e-02,2.964293e-03,4.920713e-04,1.185830e-04,2.275559e-05,3.342692e-06,3.077279e-07,1.627997e-08,4.389038e-10
0.5000,69,6.840000e+00,9.973377e-01,5.315697e+00,,NaN,5.976316e-01,2.196083e-01,1.178381e-01,4.834693e-02,1.377045e-02,2.270547e-03,4.097731e-04,1.024882e-04,1.875749e-05,2.744139e-06,2.434534e-07,1.265246e-08,3.347985e-10
0.5000,70,6.940000e+00,9.973021e-01,5.341935e+00,,NaN,6.052807e-01,2.202975e-01,1.163802e-01,4.437103e-02,1.150091e-02,1.705202e-03,3.585989e-04,8.786583e-05,1.549870e-05,2.265694e-06,1.942732e-07,1.005908e-08,2.613636e-10
0.5000,71,7.040000e+00,9.972650e-01,5.367850e+00,,1.226943e-02,6.121388e-01,2.226993e-01,1.140358e-01,4.006971e-02,9.357532e-03,1.280732e-03,3.287941e-04,7.419805e-05,1.301874e-05,1.888470e-06,1.583793e-07,8.257599e-09,2.107698e-10
0.5000,72,7.140000e+00,9.972264e-01,5.393308e+00,,NaN,6.182927e-01,2.267300e-01,1.106186e-01,3.556664e-02,7.409489e-03,9.984242e-04,3.091600e-04,6.189005e-05,1.127314e-05,1.596224e-06,1.339464e-07,7.048768e-09,1.774130e-10
0.5000,73,7.240000e+00,9.971862e-01,5.418147e+00,,NaN,6.238948e-01,2.321310e-01,1.060323e-01,3.102742e-02,5.715392e-03,8.459765e-04,2.894571e-04,5.197965e-05,1.012861e-05,1.380190e-06,1.191253e-07,6.295996e-09,1.575421e-10
0.5000,74,7.340000e+00,9.971446e-01,5.442195e+00,,NaN,6.291451e-01,2.384954e-01,1.002925e-01,2.663338e-02,4.316258e-03,7.979768e-04,2.631291e-04,4.547733e-05,9.425149e-06,1.238188e-06,1.122200e-07,5.931778e-09,1.489205e-10
0.5000,75,7.440000e+00,9.971017e-01,5.465301e+00,,NaN,6.342757e-01,2.453086e-01,9.352595e-02,2.255578e-02,3.232508e-03,8.191917e-04,2.293658e-04,4.261113e-05,9.074257e-06,1.169635e-06,1.120481e-07,5.952838e-09,1.508183e-10
0.5000,76,7.540000e+00,9.970576e-01,5.487347e+00,,NaN,6.395453e-01,2.519737e-01,8.596435e-02,1.893740e-02,2.462895e-03,8.700893e-04,1.934348e-04,4.240323e-05,9.118816e-06,1.173356e-06,1.182233e-07,6.415849e-09,1.643977e-10
0.5000,77,7.640000e+00,9.970126e-01,5.508248e+00,,NaN,6.452294e-01,2.578306e-01,7.793844e-02,1.588438e-02,1.984529e-03,9.139314e-04,1.647314e-04,4.292795e-05,9.683830e-06,1.253088e-06,1.311901e-07,7.442339e-09,1.934143e-10
0.5000,78,7.740000e+00,9.969671e-01,5.527917e+00,,NaN,6.515923e-01,2.621965e-01,6.985948e-02,1.346391e-02,1.756168e-03,9.239463e-04,1.529581e-04,4.227877e-05,1.082607e-05,1.426284e-06,1.523237e-07,9.227838e-09,2.451576e-10
0.5000,79,7.840000e+00,9.969214e-01,5.546226e+00,,NaN,6.588337e-01,2.644489e-01,6.218142e-02,1.170368e-02,1.726407e-03,8.879130e-04,1.639251e-04,3.976570e-05,1.239702e-05,1.724099e-06,1.845582e-07,1.204846e-08,3.313565e-10
0.5000,80,7.940000e+00,9.968761e-01,5.562957e+00,,NaN,6.670145e-01,2.641381e-01,5.535349e-02,1.059083e-02,1.844235e-03,8.090354e-04,1.967108e-04,3.658345e-05,1.405298e-05,2.175703e-06,2.332710e-07,1.627163e-08,4.685026e-10
0.5000,81,8.040000e+00,9.968316e-01,5.577781e+00,,1.247274e-02,6.759924e-01,2.611061e-01,4.976288e-02,1.007040e-02,2.066585e-03,7.043857e-04,2.432339e-04,3.544577e-05,1.543994e-05,2.786344e-06,3.063180e-07,2.238262e-08,6.775170e-10
0.5000,82,8.140000e+00,9.967886e-01,5.590320e+00,,NaN,6.854201e-01,2.555521e-01,4.566479e-02,1.005037e-02,2.361947e-03,5.999888e-04,2.910435e-04,3.923889e-05,1.644358e-05,3.527867e-06,4.124298e-07,3.102697e-08,9.839791e-10
0.5000,83,8.240000e+00,9.967475e-01,5.600245e+00,,NaN,6.948227e-01,2.479864e-01,4.313613e-02,1.041962e-02,2.712782e-03,5.222035e-04,3.284354e-04,4.947661e-05,1.731876e-05,4.354298e-06,5.587665e-07,4.306044e-08,1.421441e-09
0.5000,84,8.340000e+00,9.967085e-01,5.607327e+00,,NaN,7.036983e-01,2.390983e-01,4.208673e-02,1.107325e-02,3.113889e-03,4.906603e-04,3.485549e-04,6.562016e-05,1.858900e-05,5.234297e-06,7.496953e-07,5.959987e-08,2.040089e-09
0.5000,85,8.440000e+00,9.966716e-01,5.611440e+00,,NaN,7.115886e-01,2.296214e-01,4.231210e-02,1.193091e-02,3.566675e-03,5.163602e-04,3.503583e-04,8.551428e-05,2.081247e-05,6.176368e-06,9.878467e-07,8.207138e-08,2.919866e-09
0.5000,86,8.540000e+00,9.966368e-01,5.612537e+00,,NaN,7.181147e-01,2.202359e-01,4.355407e-02,1.294138e-02,4.074093e-03,6.031963e-04,3.373312e-04,1.063036e-04,2.438482e-05,7.234182e-06,1.276726e-06,1.122638e-07,4.183929e-09
0.5000,87,8.640000e+00,9.966038e-01,5.610628e+00,,NaN,7.229897e-01,2.115139e-01,4.554796e-02,1.407921e-02,4.638355e-03,7.502486e-04,3.156051e-04,1.252345e-04,2.944489e-05,8.496438e-06,1.623785e-06,1.524234e-07,6.009353e-09
0.5000,88,8.740000e+00,9.965722e-01,5.605759e+00,,NaN,7.260205e-01,2.038967e-01,4.804792e-02,1.533954e-02,5.261107e-03,9.536475e-04,2.923273e-04,1.401448e-04,3.586248e-05,1.006821e-05,2.042871e-06,2.054254e-07,8.636488e-09
0.5000,89,8.840000e+00,9.965417e-01,5.598011e+00,,NaN,7.270973e-01,1.976999e-01,5.083836e-02,1.672911e-02,5.945207e-03,1.207800e-03,2.745253e-04,1.496800e-04,4.326914e-05,1.204780e-05,2.555079e-06,2.750111e-07,1.238091e-08
0.5000,90,8.940000e+00,9.965120e-01,5.587487e+00,,NaN,7.261835e-01,1.931218e-01,5.374557e-02,1.825578e-02,6.696228e-03,1.506200e-03,2.683777e-04,1.533555e-04,5.111216e-05,1.450253e-05,3.187574e-06,3.660303e-07,1.765165e-08
0.5000,91,9.040000e+00,9.964826e-01,5.574311e+00,,1.019854e-02,7.233070e-01,1.902504e-01,5.664567e-02,1.992099e-02,7.522976e-03,1.842120e-03,2.786942e-04,1.515316e-04,5.873221e-05,1.744843e-05,3.970542e-06,4.845833e-07,2.497541e-08
0.5000,92,9.140000e+00,9.964531e-01,5.558632e+00,,NaN,7.185538e-01,1.890720e-01,5.946770e-02,2.171433e-02,8.436915e-03,2.209407e-03,3.085408e-04,1.453128e-04,6.546000e-05,2.083874e-05,4.932760e-06,6.379533e-07,3.502260e-08
0.5000,93,9.240000e+00,9.964231e-01,5.540624e+00,,NaN,7.120601e-01,1.894858e-01,6.219146e-02,2.361187e-02,9.449661e-03,2.603331e-03,3.590848e-04,1.363834e-04,7.072407e-05,2.456573e-05,6.096798e-06,8.342793e-07,4.862885e-08
0.5000,94,9.340000e+00,9.963922e-01,5.520487e+00,,NaN,7.040023e-01,1.913188e-01,6.484232e-02,2.557891e-02,1.056884e-02,3.021063e-03,4.297238e-04,1.268059e-04,7.415633e-05,2.847714e-05,7.475227e-06,1.082001e-06,6.680069e-08
0.5000,95,9.440000e+00,9.963599e-01,5.498440e+00,,NaN,6.945865e-01,1.943386e-01,6.748683e-02,2.757674e-02,1.179392e-02,3.461530e-03,5.184258e-04,1.187824e-04,7.567654e-05,3.240414e-05,9.068989e-06,1.389241e-06,9.070166e-08
0.5000,96,9.540000e+00,9.963258e-01,5.474702e+00,,NaN,6.840327e-01,1.982701e-01,7.022594e-02,2.957195e-02,1.311363e-02,3.924598e-03,6.222081e-04,1.143867e-04,7.553899e-05,3.619546e-05,1.086812e-05,1.763318e-06,1.216222e-07
0.5000,97,9.640000e+00,9.962896e-01,5.449470e+00,,NaN,6.725543e-01,2.028205e-01,7.318124e-02,3.154544e-02,1.450610e-02,4.410040e-03,7.377697e-04,1.153246e-04,7.433450e-05,3.975206e-05,1.285402e-05,2.210537e-06,1.609484e-07
0.5000,98,9.740000e+00,9.962510e-01,5.422899e+00,,NaN,6.603386e-01,2.077086e-01,7.647686e-02,3.349878e-02,1.594164e-02,4.916572e-03,8.621924e-04,1.227751e-04,7.292788e-05,4.305543e-05,1.500253e-05,2.736130e-06,2.101686e-07
0.5000,99,9.840000e+00,9.962100e-01,5.395102e+00,,NaN,6.475440e-01,2.126821e-01,8.021873e-02,3.545703e-02,1.738708e-02,5.440882e-03,9.934673e-04,1.373140e-04,7.230922e-05,4.617946e-05,1.728927e-05,3.344300e-06,2.709417e-07
0.5000,100,9.940000e+00,9.961664e-01,5.366197e+00,,NaN,6.343231e-01,2.175199e-01,8.446757e-02,3.746511e-02,1.881123e-02,5.976911e-03,1.130517e-03,1.589309e-04,7.339314e-05,4.927121e-05,1.969590e-05,4.038372e-06,3.452365e-07
0.5000,101,1.004000e+01,9.961204e-01,5.336349e+00,,1.240380e-02,6.208421e-01,2.220386e-01,8.921794e-02,3.957619e-02,2.019153e-02,6.516907e-03,1.272762e-03,1.871322e-04,7.683806e-05,5.250238e-05,2.221410e-05,4.821278e-06,4.355664e-07
0.5000,102,1.014000e+01,9.960724e-01,5.305777e+00,,NaN,6.072771e-01,2.261083e-01,9.439618e-02,4.183469e-02,2.151860e-02,7.054448e-03,1.419607e-03,2.210645e-04,8.293246e-05,5.601340e-05,2.484611e-05,5.697082e-06,5.453965e-07
0.5000,103,1.024000e+01,9.960226e-01,5.274747e+00,,NaN,5.937924e-01,2.296730e-01,9.987569e-02,4.426129e-02,2.279399e-02,7.587367e-03,1.570251e-03,2.596393e-04,9.157543e-05,5.987297e-05,2.760096e-05,6.673586e-06,6.797194e-07
0.5000,104,1.034000e+01,9.959716e-01,5.243531e+00,,NaN,5.805017e-01,2.327726e-01,1.055026e-01,4.685377e-02,2.402023e-02,8.117593e-03,1.724092e-03,3.017706e-04,1.023879e-04,6.407655e-05,3.048655e-05,7.764213e-06,8.454516e-07
0.5000,105,1.044000e+01,9.959201e-01,5.212344e+00,,NaN,5.674247e-01,2.355638e-01,1.111159e-01,4.959961e-02,2.519377e-02,8.647330e-03,1.881199e-03,3.466122e-04,1.149201e-04,6.858223e-05,3.349959e-05,8.986965e-06,1.051310e-06
0.5000,106,1.054000e+01,9.958688e-01,5.181310e+00,,NaN,5.544769e-01,2.383031e-01,1.165653e-01,5.248232e-02,2.630954e-02,9.176244e-03,2.042613e-03,3.934861e-04,1.287759e-04,7.334973e-05,3.661979e-05,1.036045e-05,1.307296e-06
0.5000,107,1.064000e+01,9.958185e-01,5.150457e+00,,NaN,5.415221e-01,2.412635e-01,1.217385e-01,5.547670e-02,2.737013e-02,9.701831e-03,2.210171e-03,4.417380e-04,1.435639e-04,7.836641e-05,3.981884e-05,1.189972e-05,1.623867e-06
0.5000,108,1.074000e+01,9.957700e-01,5.119789e+00,,NaN,5.284626e-01,2.446212e-01,1.265832e-01,5.854551e-02,2.838878e-02,1.022127e-02,2.385386e-03,4.909032e-04,1.588092e-04,8.364428e-05,4.307780e-05,1.361351e-05,2.010688e-06
0.5000,109,1.084000e+01,9.957240e-01,5.089352e+00,,NaN,5.153057e-01,2.483899e-01,1.311079e-01,6.164154e-02,2.938436e-02,1.073332e-02,2.568640e-03,5.410574e-04,1.740087e-04,8.918115e-05,4.639417e-05,1.550207e-05,2.475032e-06
0.5000,110,1.094000e+01,9.956808e-01,5.059279e+00,,NaN,5.021672e-01,2.524447e-01,1.353619e-01,6.470978e-02,3.037246e-02,1.123804e-02,2.759028e-03,5.928496e-04,1.888137e-04,9.491276e-05,4.977263e-05,1.755615e-05,3.020321e-06
0.5000,111,1.104000e+01,9.956407e-01,5.029785e+00,,1.179487e-02,4.892254e-01,2.565901e-01,1.394153e-01,6.769374e-02,3.135838e-02,1.173510e-02,2.954645e-03,6.469791e-04,2.031460e-04,1.007000e-04,5.320903e-05,1.975943e-05,3.646005e-06
0.5000,112,1.114000e+01,9.956034e-01,5.001111e+00,,NaN,4.766654e-01,2.606251e-01,1.433425e-01,7.054419e-02,3.233668e-02,1.222252e-02,3.153425e-03,7.035457e-04,2.171173e-04,1.063651e-04,5.667852e-05,2.209098e-05,4.348832e-06
0.5000,113,1.124000e+01,9.955686e-01,4.973486e+00,,NaN,4.646385e-01,2.643908e-01,1.472089e-01,7.322353e-02,3.329466e-02,1.269597e-02,3.353449e-03,7.618584e-04,2.308664e-04,1.117426e-04,6.013252e-05,2.452536e-05,5.124076e-06
0.5000,114,1.134000e+01,9.955359e-01,4.947112e+00,,NaN,4.532484e-01,2.677904e-01,1.510604e-01,7.570489e-02,3.421602e-02,1.314889e-02,3.552665e-03,8.206704e-04,2.443995e-04,1.166993e-04,6.350179e-05,2.703258e-05,5.966084e-06
0.5000,115,1.144000e+01,9.955048e-01,4.922171e+00,,NaN,4.425537e-01,2.707907e-01,1.549224e-01,7.796866e-02,3.508269e-02,1.357333e-02,3.748377e-03,8.784287e-04,2.574499e-04,1.211043e-04,6.670038e-05,2.957933e-05,6.868342e-06
0.5000,116,1.154000e+01,9.954747e-01,4.898825e+00,,NaN,4.325738e-01,2.734089e-01,1.588060e-01,8.000159e-02,3.587511e-02,1.396052e-02,3.936713e-03,9.334562e-04,2.694526e-04,1.247817e-04,6.962935e-05,3.213188e-05,7.823297e-06
0.5000,117,1.164000e+01,9.954450e-01,4.877210e+00,,NaN,4.232978e-01,2.756976e-01,1.627137e-01,8.179703e-02,3.657288e-02,1.430153e-02,4.112564e-03,9.841009e-04,2.796719e-04,1.274985e-04,7.217998e-05,3.465746e-05,8.821524e-06
0.5000,118,1.174000e+01,9.954154e-01,4.857446e+00,,NaN,4.146967e-01,2.777302e-01,1.666393e-01,8.335503e-02,3.715475e-02,1.458768e-02,4.269968e-03,1.028790e-03,2.873888e-04,1.290020e-04,7.424103e-05,3.712191e-05,9.850321e-06
0.5000,119,1.184000e+01,9.953852e-01,4.839649e+00,,NaN,4.067368e-01,2.795900e-01,1.705667e-01,8.468156e-02,3.759833e-02,1.481069e-02,4.402777e-03,1.065955e-03,2.920385e-04,1.290776e-04,7.571135e-05,3.948757e-05,1.089330e-05
0.5000,120,1.194000e+01,9.953539e-01,4.823941e+00,,NaN,3.993890e-01,2.813672e-01,1.744637e-01,8.578615e-02,3.788079e-02,1.496276e-02,4.505392e-03,1.093965e-03,2.932909e-04,1.276086e-04,7.651520e-05,4.171408e-05,1.193112e-05
0.5000,121,1.204000e+01,9.953210e-01,4.810463e+00,,1.088151e-02,3.926370e-01,2.831584e-01,1.782747e-01,8.667910e-02,3.798056e-02,1.503620e-02,4.573517e-03,1.111405e-03,2.911403e-04,1.246296e-04,7.661481e-05,4.376095e-05,1.294242e-05
0.5000,122,1.214000e+01,9.952860e-01,4.799372e+00,,NaN,3.864839e-01,2.850605e-01,1.819171e-01,8.737052e-02,3.788025e-02,1.502343e-02,4.604839e-03,1.117582e-03,2.859862e-04,1.203412e-04,7.601491e-05,4.558989e-05,1.390434e-05
0.5000,123,1.224000e+01,9.952483e-01,4.790819e+00,,NaN,3.809551e-01,2.871582e-01,1.852841e-01,8.787054e-02,3.757137e-02,1.491821e-02,4.599151e-03,1.112863e-03,2.786182e-04,1.150843e-04,7.476318e-05,4.716622e-05,1.479276e-05
0.5000,124,1.234000e+01,9.952078e-01,4.784932e+00,,NaN,3.761001e-01,2.895122e-01,1.882537e-01,8.818557e-02,3.705824e-02,1.471719e-02,4.557886e-03,1.098669e-03,2.700952e-04,1.093041e-04,7.295281e-05,4.846116e-05,1.558292e-05
0.5000,125,1.244000e+01,9.951642e-01,4.781816e+00,,NaN,3.719916e-01,2.921496e-01,1.907036e-01,8.831357e-02,3.635828e-02,1.442120e-02,4.483560e-03,1.077135e-03,2.615609e-04,1.034976e-04,7.072119e-05,4.945532e-05,1.625103e-05
0.5000,126,1.254000e+01,9.951177e-01,4.781538e+00,,NaN,3.687211e-01,2.950573e-01,1.925240e-01,8.824292e-02,3.550026e-02,1.403685e-02,4.379639e-03,1.050742e-03,2.539637e-04,9.811637e-05,6.823286e-05,5.013990e-05,1.677575e-05
0.5000,127,1.264000e+01,9.950686e-01,4.784129e+00,,NaN,3.663877e-01,2.981916e-01,1.936226e-01,8.795307e-02,3.452165e-02,1.357668e-02,4.250375e-03,1.021836e-03,2.477555e-04,9.346844e-05,6.565290e-05,5.051692e-05,1.713982e-05
0.5000,128,1.274000e+01,9.950176e-01,4.789572e+00,,NaN,3.650745e-01,3.015027e-01,1.939304e-01,8.741448e-02,3.346347e-02,1.305809e-02,4.100744e-03,9.920790e-04,2.427887e-04,8.967098e-05,6.312427e-05,5.060158e-05,1.733299e-05
0.5000,129,1.284000e+01,9.949654e-01,4.797828e+00,,NaN,3.648441e-01,3.049458e-01,1.934039e-01,8.658900e-02,3.236319e-02,1.250134e-02,3.936603e-03,9.622690e-04,2.385627e-04,8.667379e-05,6.075790e-05,5.042431e-05,1.735493e-05
0.5000,130,1.294000e+01,9.949126e-01,4.808875e+00,,NaN,3.657673e-01,3.084590e-01,1.920168e-01,8.543860e-02,3.124955e-02,1.192692e-02,3.764442e-03,9.326476e-04,2.346076e-04,8.431421e-05,5.863102e-05,5.002859e-05,1.721557e-05
0.5000,131,1.304000e+01,9.948600e-01,4.822723e+00,,1.375975e-02,3.679470e-01,3.119336e-01,1.897547e-01,8.394078e-02,3.014129e-02,1.135315e-02,3.590142e-03,9.031468e-04,2.306039e-04,8.236116e-05,5.678849e-05,4.946178e-05,1.693156e-05
0.5000,132,1.314000e+01,9.948080e-01,4.839401e+00,,NaN,3.715104e-01,3.152154e-01,1.866192e-01,8.209334e-02,2.904967e-02,1.079406e-02,3.417298e-03,8.733245e-04,2.262462e-04,8.054713e-05,5.524339e-05,4.876236e-05,1.652138e-05
0.5000,133,1.324000e+01,9.947573e-01,4.858955e+00,,NaN,3.765832e-01,3.181349e-01,1.826322e-01,7.990525e-02,2.797928e-02,1.025850e-02,3.246813e-03,8.422064e-04,2.211134e-04,7.860646e-05,5.398026e-05,4.795248e-05,1.600261e-05
0.5000,134,1.334000e+01,9.947083e-01,4.881435e+00,,NaN,3.832709e-01,3.205326e-01,1.778386e-01,7.738831e-02,2.692552e-02,9.751113e-03,3.078236e-03,8.083145e-04,2.147124e-04,7.634309e-05,5.296343e-05,4.703858e-05,1.539149e-05
0.5000,135,1.344000e+01,9.946612e-01,4.906848e+00,,NaN,3.916466e-01,3.222521e-01,1.723170e-01,7.456224e-02,2.587420e-02,9.273298e-03,2.911291e-03,7.700731e-04,2.066574e-04,7.370254e-05,5.214655e-05,4.601448e-05,1.470250e-05
0.5000,136,1.354000e+01,9.946163e-01,4.935073e+00,,NaN,4.017306e-01,3.231251e-01,1.661965e-01,7.146594e-02,2.480755e-02,8.823992e-03,2.745958e-03,7.264331e-04,1.968743e-04,7.077510e-05,5.148104e-05,4.486478e-05,1.394782e-05
0.5000,137,1.364000e+01,9.945738e-01,4.965830e+00,,NaN,4.134713e-01,3.229900e-01,1.596523e-01,6.815463e-02,2.371224e-02,8.399589e-03,2.581566e-03,6.773724e-04,1.856644e-04,6.771793e-05,5.091778e-05,4.356921e-05,1.313827e-05
0.5000,138,1.374000e+01,9.945337e-01,4.998746e+00,,NaN,4.267524e-01,3.217332e-01,1.528689e-01,6.468533e-02,2.258300e-02,7.993736e-03,2.416447e-03,6.239463e-04,1.735798e-04,6.467967e-05,5.040320e-05,4.210996e-05,1.228708e-05
0.5000,139,1.384000e+01,9.944960e-01,5.033452e+00,,NaN,4.414278e-01,3.193115e-01,1.459920e-01,6.110730e-02,2.142174e-02,7.598362e-03,2.248631e-03,5.679748e-04,1.612119e-04,6.176407e-05,4.987737e-05,4.048259e-05,1.141270e-05
0.5000,140,1.394000e+01,9.944602e-01,5.069647e+00,,NaN,4.573564e-01,3.157389e-01,1.391116e-01,5.745815e-02,2.023446e-02,7.205408e-03,2.076799e-03,5.115759e-04,1.490463e-04,5.902686e-05,4.927943e-05,3.870347e-05,1.053604e-05
0.5000,141,1.404000e+01,9.944262e-01,5.107094e+00,,1.047515e-02,4.744173e-01,3.110590e-01,1.322733e-01,5.376567e-02,1.902944e-02,6.808400e-03,1.901033e-03,4.567937e-04,1.374511e-04,5.649578e-05,4.855758e-05,3.680641e-05,9.676196e-06
0.5000,142,1.414000e+01,9.943935e-01,5.145584e+00,,NaN,4.925068e-01,3.053236e-01,1.254938e-01,5.005438e-02,1.781678e-02,6.403937e-03,1.723066e-03,4.054262e-04,1.266982e-04,5.418569e-05,4.767728e-05,3.483525e-05,8.848572e-06
0.5000,143,1.424000e+01,9.943618e-01,5.184913e+00,,NaN,5.115347e-01,2.985812e-01,1.187722e-01,4.634934e-02,1.660863e-02,5.992388e-03,1.546053e-03,3.589267e-04,1.169652e-04,5.209780e-05,4.662513e-05,3.283857e-05,8.064627e-06
0.5000,144,1.434000e+01,9.943305e-01,5.224871e+00,,NaN,5.314201e-01,2.908755e-01,1.120943e-01,4.267883e-02,1.541939e-02,5.577440e-03,1.373879e-03,3.183167e-04,1.083209e-04,5.021377e-05,4.540888e-05,3.086442e-05,7.332098e-06
0.5000,145,1.444000e+01,9.942992e-01,5.265242e+00,,NaN,5.520806e-01,2.822558e-01,1.054333e-01,3.907674e-02,1.426522e-02,5.165014e-03,1.210222e-03,2.841803e-04,1.007184e-04,4.849531e-05,4.405603e-05,2.895482e-05,6.655057e-06
0.5000,146,1.454000e+01,9.942676e-01,5.305787e+00,,NaN,5.734205e-01,2.727857e-01,9.875314e-02,3.558406e-02,1.316323e-02,4.761974e-03,1.057892e-03,2.567799e-04,9.401400e-05,4.689704e-05,4.260870e-05,2.714265e-05,6.034446e-06
0.5000,147,1.464000e+01,9.942352e-01,5.346242e+00,,NaN,5.953227e-01,2.625436e-01,9.201895e-02,3.224955e-02,1.213010e-02,4.374742e-03,9.187575e-04,2.361352e-04,8.798023e-05,4.538499e-05,4.111507e-05,2.545017e-05,5.468890e-06
0.5000,148,1.474000e+01,9.942015e-01,5.386310e+00,,NaN,6.176449e-01,2.516180e-01,8.520908e-02,2.912874e-02,1.118036e-02,4.008002e-03,7.942119e-04,2.219588e-04,8.230949e-05,4.395706e-05,3.961676e-05,2.388924e-05,4.955175e-06
0.5000,149,1.484000e+01,9.941663e-01,5.425660e+00,,NaN,6.402241e-01,2.400922e-01,7.833007e-02,2.628115e-02,1.032521e-02,3.663479e-03,6.858561e-04,2.134685e-04,7.664046e-05,4.266273e-05,3.813493e-05,2.246271e-05,4.488537e-06
0.5000,150,1.494000e+01,9.941291e-01,5.463928e+00,,NaN,6.628794e-01,2.280309e-01,7.143625e-02,2.376243e-02,9.572487e-03,3.339243e-03,5.960483e-04,2.091620e-04,7.064658e-05,4.160931e-05,3.666194e-05,2.116546e-05,4.063106e-06
0.5000,151,1.504000e+01,9.940899e-01,5.500716e+00,,1.112072e-02,6.854061e-01,2.154774e-01,6.464923e-02,2.161167e-02,8.926722e-03,3.030350e-03,5.278577e-04,2.067267e-04,6.421096e-05,4.092006e-05,3.516677e-05,1.998555e-05,3.672582e-06
0.5000,152,1.514000e+01,9.940485e-01,5.535612e+00,,NaN,7.075704e-01,2.024765e-01,5.815417e-02,1.983799e-02,8.388579e-03,2.730996e-03,4.839301e-04,2.033492e-04,5.760214e-05,4.063363e-05,3.362029e-05,1.890441e-05,3.311390e-06
0.5000,153,1.524000e+01,9.940051e-01,5.568234e+00,,NaN,7.291191e-01,1.890957e-01,5.217218e-02,1.841574e-02,7.952925e-03,2.438484e-03,4.643530e-04,1.965216e-04,5.150529e-05,4.059677e-05,3.202674e-05,1.789652e-05,2.976233e-06
0.5000,154,1.534000e+01,9.939602e-01,5.598272e+00,,NaN,7.497962e-01,1.754475e-01,4.691032e-02,1.729585e-02,7.605928e-03,2.157065e-03,4.648748e-04,1.850145e-04,4.681384e-05,4.044171e-05,3.043953e-05,1.693281e-05,2.667373e-06
0.5000,155,1.544000e+01,9.939144e-01,5.625527e+00,,NaN,7.693621e-01,1.617122e-01,4.250019e-02,1.642642e-02,7.322943e-03,1.898431e-03,4.770548e-04,1.693955e-04,4.421514e-05,3.971748e-05,2.894410e-05,1.598964e-05,2.388777e-06
0.5000,156,1.554000e+01,9.938682e-01,5.649953e+00,,NaN,7.876240e-01,1.481333e-01,3.895848e-02,1.576654e-02,7.070534e-03,1.678149e-03,4.905078e-04,1.516978e-04,4.382066e-05,3.811102e-05,2.761881e-05,1.505941e-05,2.146944e-06
0.5000,157,1.564000e+01,9.938224e-01,5.671661e+00,,NaN,8.044508e-01,1.349956e-01,3.618833e-02,1.528730e-02,6.813961e-03,1.510291e-03,4.960309e-04,1.344425e-04,4.510329e-05,3.561120e-05,2.650583e-05,1.415506e-05,1.948930e-06
0.5000,158,1.574000e+01,9.937773e-01,5.690847e+00,,NaN,8.197524e-01,1.226087e-01,3.401442e-02,1.496729e-02,6.526414e-03,1.402511e-03,4.883408e-04,1.195865e-04,4.717019e-05,3.251492e-05,2.560635e-05,1.330378e-05,1.800506e-06
0.5000,159,1.584000e+01,9.937335e-01,5.707720e+00,,NaN,8.334554e-01,1.112795e-01,3.223532e-02,1.478735e-02,6.196040e-03,1.353483e-03,4.672309e-04,1.080087e-04,4.916812e-05,2.929045e-05,2.489190e-05,1.253685e-05,1.705064e-06
0.5000,160,1.594000e+01,9.936914e-01,5.722432e+00,,NaN,8.454828e-01,1.012877e-01,3.067482e-02,1.472058e-02,5.828951e-03,1.354161e-03,4.362641e-04,9.979982e-05,5.056929e-05,2.640242e-05,2.431454e-05,1.188438e-05,1.663345e-06
0.5000,161,1.604000e+01,9.936510e-01,5.735066e+00,,1.175128e-02,8.557441e-01,9.287892e-02,2.920666e-02,1.472197e-02,5.449964e-03,1.390653e-03,4.004824e-04,9.490589e-05,5.126134e-05,2.418643e-05,2.380818e-05,1.137633e-05,1.673484e-06
0.5000,162,1.614000e+01,9.936125e-01,5.745647e+00,,NaN,8.641462e-01,8.625758e-02,2.775203e-02,1.472973e-02,5.099054e-03,1.446370e-03,3.651290e-04,9.353423e-05,5.144690e-05,2.281622e-05,2.329196e-05,1.104275e-05,1.731518e-06
0.5000,163,1.624000e+01,9.935760e-01,5.754176e+00,,NaN,8.706194e-01,8.156049e-02,2.627452e-02,1.468036e-02,4.819485e-03,1.505065e-03,3.352361e-04,9.621971e-05,5.142719e-05,2.235274e-05,2.268271e-05,1.090882e-05,1.832927e-06
0.5000,164,1.634000e+01,9.935413e-01,5.760630e+00,,NaN,8.751298e-01,7.883583e-02,2.478201e-02,1.452817e-02,4.640986e-03,1.555082e-03,3.154042e-04,1.036135e-04,5.143755e-05,2.281219e-05,2.191627e-05,1.098579e-05,1.975114e-06
0.5000,165,1.644000e+01,9.935084e-01,5.764966e+00,,NaN,8.776746e-01,7.804464e-02,2.332751e-02,1.425665e-02,4.568034e-03,1.592602e-03,3.095984e-04,1.161046e-04,5.167529e-05,2.418584e-05,2.097310e-05,1.126233e-05,2.159593e-06
0.5000,166,1.654000e+01,9.934769e-01,5.767119e+00,,NaN,8.782721e-01,7.908513e-02,2.199457e-02,1.387929e-02,4.579717e-03,1.621999e-03,3.207991e-04,1.335653e-04,5.247650e-05,2.641164e-05,1.989788e-05,1.170038e-05,2.392712e-06
0.5000,167,1.664000e+01,9.934467e-01,5.767013e+00,,NaN,8.769473e-01,8.183035e-02,2.087445e-02,1.343156e-02,4.639317e-03,1.653739e-03,3.503599e-04,1.554121e-04,5.448134e-05,2.933911e-05,1.880287e-05,1.223752e-05,2.684681e-06
0.5000,168,1.674000e+01,9.934173e-01,5.764568e+00,,NaN,8.737279e-01,8.615042e-02,2.005123e-02,1.295840e-02,4.707758e-03,1.700844e-03,3.974406e-04,1.809480e-04,5.866969e-05,3.273573e-05,1.785330e-05,1.279666e-05,3.047144e-06
0.5000,169,1.684000e+01,9.933884e-01,5.759711e+00,,NaN,8.686476e-01,9.191786e-02,1.959633e-02,1.250160e-02,4.756548e-03,1.774539e-03,4.591624e-04,2.097159e-04,6.622235e-05,3.635203e-05,1.724013e-05,1.330047e-05,3.489925e-06
0.5000,170,1.694000e+01,9.933596e-01,5.752381e+00,,NaN,8.617497e-01,9.900587e-02,1.956947e-02,1.209218e-02,4.775881e-03,1.880368e-03,5.317726e-04,2.416163e-04,7.828120e-05,4.001304e-05,1.714328e-05,1.368646e-05,4.017508e-06
0.5000,171,1.704000e+01,9.933303e-01,5.742523e+00,,1.003022e-02,8.530847e-01,1.072877e-01,2.002058e-02,1.175078e-02,4.775579e-03,2.016013e-03,6.122158e-04,2.767758e-04,9.574410e-05,4.372261e-05,1.769261e-05,1.392088e-05,4.625687e-06
0.5000,172,1.714000e+01,9.933002e-01,5.730076e+00,,NaN,8.427027e-01,1.166422e-01,2.098958e-02,1.149423e-02,4.780122e-03,2.171795e-03,6.990033e-04,3.152692e-04,1.191238e-04,4.775660e-05,1.893910e-05,1.401202e-05,5.299950e-06
0.5000,173,1.724000e+01,9.932688e-01,5.714987e+00,,NaN,8.306629e-01,1.269432e-01,2.250410e-02,1.134404e-02,4.820702e-03,2.334170e-03,7.919683e-04,3.569092e-04,1.484152e-04,5.269826e-05,2.083778e-05,1.401903e-05,6.017339e-06
0.5000,174,1.734000e+01,9.932355e-01,5.697218e+00,,NaN,8.170515e-01,1.380419e-01,2.457533e-02,1.133436e-02,4.927163e-03,2.490903e-03,8.910864e-04,4.013325e-04,1.829623e-04,5.938826e-05,2.324934e-05,1.404728e-05,6.752311e-06
0.5000,175,1.744000e+01,9.931999e-01,5.676756e+00,,NaN,8.019809e-01,1.497714e-01,2.719311e-02,1.151532e-02,5.122112e-03,2.635981e-03,9.950911e-04,4.483094e-04,2.213995e-04,6.877825e-05,2.597357e-05,1.422411e-05,7.485530e-06
0.5000,176,1.754000e+01,9.931615e-01,5.653599e+00,,NaN,7.855673e-01,1.619748e-01,3.032551e-02,1.194709e-02,5.419158e-03,2.772125e-03,1.100900e-03,4.979973e-04,2.617703e-04,8.168555e-05,2.881841e-05,1.465621e-05,8.212544e-06
0.5000,177,1.764000e+01,9.931200e-01,5.627757e+00,,NaN,7.679178e-01,1.745276e-01,3.392158e-02,1.268610e-02,5.826021e-03,2.909382e-03,1.204223e-03,5.508723e-04,3.018882e-04,9.848944e-05,3.168855e-05,1.538121e-05,8.947879e-06
0.5000,178,1.774000e+01,9.930755e-01,5.599288e+00,,NaN,7.491392e-01,1.873358e-01,3.791859e-02,1.376841e-02,6.349653e-03,3.060491e-03,1.301220e-03,6.071995e-04,3.399135e-04,1.188853e-04,3.466062e-05,1.633617e-05,9.720016e-06
0.5000,179,1.784000e+01,9.930280e-01,5.568326e+00,,NaN,7.293536e-01,2.003166e-01,4.225925e-02,1.519593e-02,6.999609e-03,3.235768e-03,1.390190e-03,6.663590e-04,3.749481e-04,1.418282e-04,3.800119e-05,1.736869e-05,1.055464e-05
0.5000,180,1.794000e+01,9.929784e-01,5.535100e+00,,NaN,7.087190e-01,2.133685e-01,4.691163e-02,1.693083e-02,7.785516e-03,3.441163e-03,1.471879e-03,7.266168e-04,4.073263e-04,1.657403e-04,4.208745e-05,1.829898e-05,1.145147e-05
0.5000,181,1.804000e+01,9.929275e-01,5.499946e+00,,1.359268e-02,6.874384e-01,2.263523e-01,5.187642e-02,1.890544e-02,8.706726e-03,3.681047e-03,1.548220e-03,7.853819e-04,4.384196e-04,1.889874e-04,4.722211e-05,1.901352e-05,1.236908e-05
0.5000,182,1.814000e+01,9.928765e-01,5.463274e+00,,NaN,6.657509e-01,2.390988e-01,5.717228e-02,2.104612e-02,9.741358e-03,3.962692e-03,1.621467e-03,8.397309e-04,4.698545e-04,2.105301e-04,5.340757e-05,1.953063e-05,1.323364e-05
0.5000,183,1.824000e+01,9.928263e-01,5.425541e+00,,NaN,6.439268e-01,2.514140e-01,6.280925e-02,2.329868e-02,1.084596e-02,4.295653e-03,1.695270e-03,8.873772e-04,5.024250e-04,2.303522e-04,6.030876e-05,1.996184e-05,1.397426e-05
0.5000,184,1.834000e+01,9.927778e-01,5.387223e+00,,NaN,6.222632e-01,2.630824e-01,6.877373e-02,2.563805e-02,1.196759e-02,4.684474e-03,1.775483e-03,9.279177e-04,5.355848e-04,2.491571e-04,6.751249e-05,2.041062e-05,1.456029e-05
0.5000,185,1.844000e+01,9.927313e-01,5.348787e+00,,NaN,6.010589e-01,2.738874e-01,7.503495e-02,2.805841e-02,1.305959e-02,5.122545e-03,1.868778e-03,9.631708e-04,5.680119e-04,2.676043e-04,7.478014e-05,2.092969e-05,1.500750e-05
0.5000,186,1.854000e+01,9.926871e-01,5.310642e+00,,NaN,5.805762e-01,2.836392e-01,8.155660e-02,3.056145e-02,1.409319e-02,5.593432e-03,1.980343e-03,9.962860e-04,5.985243e-04,2.859004e-04,8.205113e-05,2.154409e-05,1.535546e-05
0.5000,187,1.864000e+01,9.926452e-01,5.273101e+00,,NaN,5.610154e-01,2.922055e-01,8.828884e-02,3.315187e-02,1.506071e-02,6.076544e-03,2.112586e-03,1.030813e-03,6.265823e-04,3.039047e-04,8.933451e-05,2.227066e-05,1.564437e-05
0.5000,188,1.874000e+01,9.926056e-01,5.236411e+00,,NaN,5.425164e-01,2.995324e-01,9.514986e-02,3.583494e-02,1.596981e-02,6.552038e-03,2.264941e-03,1.070166e-03,6.523957e-04,3.213776e-04,9.661275e-05,2.311748e-05,1.590555e-05
0.5000,189,1.884000e+01,9.925680e-01,5.200802e+00,,NaN,5.251742e-01,3.056459e-01,1.020193e-01,3.861154e-02,1.683528e-02,7.003767e-03,2.434062e-03,1.117065e-03,6.767769e-04,3.380836e-04,1.038007e-04,2.408065e-05,1.616063e-05
0.5000,190,1.894000e+01,9.925322e-01,5.166512e+00,,NaN,5.090490e-01,3.106437e-01,1.087509e-01,4.146675e-02,1.767565e-02,7.420013e-03,2.614058e-03,1.172935e-03,7.008318e-04,3.537956e-04,1.107857e-04,2.514415e-05,1.642267e-05
0.5000,191,1.904000e+01,9.924979e-01,5.133790e+00,,1.093000e-02,4.941646e-01,3.146817e-01,1.151991e-01,4.436157e-02,1.851046e-02,7.793063e-03,2.797503e-03,1.237650e-03,7.256855e-04,3.682863e-04,1.174800e-04,2.628231e-05,1.669725e-05
0.5000,192,1.914000e+01,9.924649e-01,5.102863e+00,,NaN,4.805050e-01,3.179529e-01,1.212396e-01,4.723841e-02,1.935539e-02,8.119934e-03,2.977154e-03,1.309700e-03,7.523440e-04,3.813279e-04,1.238111e-04,2.746742e-05,1.698080e-05
0.5000,193,1.924000e+01,9.924329e-01,5.073904e+00,,NaN,4.680215e-01,3.206621e-01,1.267742e-01,5.003542e-02,2.021880e-02,8.404415e-03,3.146959e-03,1.386594e-03,7.815384e-04,3.927638e-04,1.296594e-04,2.868091e-05,1.725869e-05
0.5000,194,1.934000e+01,9.924016e-01,5.047029e+00,,NaN,4.566492e-01,3.230021e-01,1.317278e-01,5.269704e-02,2.110033e-02,8.657614e-03,3.302033e-03,1.465478e-03,8.135597e-04,4.025870e-04,1.348161e-04,2.991852e-05,1.750866e-05
0.5000,195,1.944000e+01,9.923708e-01,5.022313e+00,,NaN,4.463267e-01,3.251288e-01,1.360487e-01,5.517910e-02,2.199140e-02,8.895784e-03,3.438700e-03,1.543802e-03,8.481623e-04,4.109073e-04,1.390220e-04,3.118031e-05,1.770942e-05
0.5000,196,1.954000e+01,9.923401e-01,4.999791e+00,,NaN,4.370082e-01,3.271458e-01,1.397088e-01,5.745209e-02,2.287926e-02,9.136579e-03,3.555052e-03,1.619490e-03,8.845522e-04,4.178263e-04,1.420804e-04,3.245793e-05,1.784768e-05
0.5000,197,1.964000e+01,9.923090e-01,4.979456e+00,,NaN,4.286636e-01,3.291002e-01,1.427023e-01,5.950595e-02,2.375089e-02,9.393963e-03,3.652113e-03,1.690575e-03,9.214891e-04,4.233310e-04,1.439451e-04,3.373278e-05,1.791821e-05
0.5000,198,1.974000e+01,9.922772e-01,4.961259e+00,,NaN,4.212771e-01,3.309810e-01,1.450485e-01,6.135378e-02,2.459353e-02,9.674097e-03,3.734744e-03,1.754801e-03,9.574565e-04,4.272853e-04,1.447096e-04,3.497927e-05,1.792360e-05
0.5000,199,1.984000e+01,9.922443e-01,4.945122e+00,,NaN,4.148445e-01,3.327305e-01,1.467899e-01,6.302639e-02,2.539389e-02,9.975222e-03,3.810975e-03,1.809699e-03,9.908405e-04,4.294868e-04,1.445362e-04,3.616588e-05,1.787755e-05
0.5000,200,1.994000e+01,9.922097e-01,4.930954e+00,,NaN,4.093636e-01,3.342646e-01,1.479924e-01,6.455909e-02,2.613913e-02,1.028974e-02,3.889732e-03,1.853332e-03,1.020026e-03,4.297308e-04,1.435933e-04,3.725877e-05,1.780651e-05
0.5000,201,2.004000e+01,9.921731e-01,4.918641e+00,,1.114117e-02,4.048235e-01,3.354852e-01,1.487527e-01,6.598066e-02,2.681885e-02,1.060630e-02,3.978389e-03,1.885255e-03,1.043362e-03,4.278626e-04,1.420143e-04,3.823123e-05,1.774592e-05
0.5000,202,2.014000e+01,9.921340e-01,4.908029e+00,,NaN,4.011947e-01,3.362778e-01,1.492127e-01,6.730842e-02,2.742742e-02,1.091163e-02,4.080666e-03,1.907037e-03,1.059155e-03,4.238139e-04,1.398797e-04,3.907191e-05,1.773245e-05
0.5000,203,2.024000e+01,9.920922e-01,4.898921e+00,,NaN,3.984281e-01,3.365094e-01,1.495658e-01,6.854175e-02,2.796691e-02,1.119258e-02,4.195265e-03,1.921947e-03,1.065811e-03,4.176038e-04,1.372301e-04,3.978787e-05,1.779210e-05
0.5000,204,2.034000e+01,9.920473e-01,4.891081e+00,,NaN,3.964545e-01,3.360420e-01,1.500386e-01,6.966474e-02,2.844981e-02,1.143679e-02,4.316221e-03,1.933579e-03,1.062092e-03,4.092653e-04,1.341143e-04,4.039970e-05,1.792782e-05
0.5000,205,2.044000e+01,9.919997e-01,4.884288e+00,,NaN,3.951993e-01,3.347544e-01,1.508444e-01,7.066244e-02,2.889167e-02,1.163372e-02,4.434404e-03,1.943782e-03,1.047444e-03,3.987786e-04,1.306591e-04,4.091891e-05,1.811580e-05
0.5000,206,2.054000e+01,9.919496e-01,4.878396e+00,,NaN,3.945920e-01,3.325864e-01,1.521236e-01,7.153871e-02,2.929693e-02,1.177787e-02,4.538474e-03,1.950958e-03,1.022204e-03,3.861276e-04,1.270840e-04,4.131830e-05,1.831284e-05
0.5000,207,2.064000e+01,9.918978e-01,4.873392e+00,,NaN,3.945681e-01,3.295834e-01,1.538951e-01,7.232638e-02,2.964809e-02,1.187037e-02,4.616163e-03,1.949739e-03,9.875599e-04,3.714796e-04,1.236252e-04,4.152525e-05,1.847277e-05
0.5000,208,2.074000e+01,9.918452e-01,4.869403e+00,,NaN,3.950778e-01,3.258929e-01,1.560597e-01,7.307301e-02,2.991176e-02,1.191552e-02,4.655741e-03,1.932628e-03,9.452751e-04,3.552916e-04,1.204225e-04,4.145675e-05,1.856498e-05
0.5000,209,2.084000e+01,9.917930e-01,4.866663e+00,,NaN,3.960895e-01,3.217221e-01,1.584549e-01,7.380900e-02,3.005847e-02,1.191252e-02,4.648064e-03,1.892931e-03,8.971967e-04,3.382938e-04,1.174418e-04,4.106814e-05,1.858093e-05
0.5000,210,2.094000e+01,9.917421e-01,4.865468e+00,,NaN,3.975855e-01,3.173137e-01,1.608944e-01,7.452433e-02,3.007492e-02,1.185147e-02,4.588566e-03,1.827386e-03,8.449761e-04,3.213335e-04,1.145032e-04,4.037507e-05,1.852593e-05
0.5000,211,2.104000e+01,9.916930e-01,4.866135e+00,,1.289244e-02,3.995702e-01,3.129082e-01,1.631899e-01,7.517101e-02,2.996642e-02,1.171532e-02,4.476923e-03,1.737684e-03,7.899533e-04,3.051292e-04,1.114218e-04,3.942924e-05,1.841040e-05
0.5000,212,2.114000e+01,9.916463e-01,4.868952e+00,,NaN,4.020661e-01,3.087034e-01,1.651838e-01,7.568082e-02,2.974531e-02,1.148676e-02,4.316353e-03,1.629417e-03,7.333264e-04,2.901589e-04,1.081160e-04,3.827418e-05,1.824737e-05
0.5000,213,2.124000e+01,9.916019e-01,4.874133e+00,,NaN,4.050992e-01,3.048419e-01,1.667693e-01,7.598042e-02,2.941898e-02,1.115503e-02,4.113002e-03,1.509574e-03,6.763823e-04,2.766630e-04,1.045740e-04,3.692956e-05,1.805025e-05
0.5000,214,2.134000e+01,9.915600e-01,4.881810e+00,,NaN,4.086888e-01,3.014233e-01,1.678753e-01,7.600935e-02,2.898734e-02,1.071734e-02,3.874905e-03,1.384614e-03,6.204091e-04,2.646903e-04,1.007607e-04,3.541347e-05,1.782836e-05
0.5000,215,2.144000e+01,9.915203e-01,4.892052e+00,,NaN,4.128468e-01,2.985191e-01,1.684426e-01,7.573340e-02,2.844011e-02,1.017892e-02,3.610339e-03,1.259962e-03,5.666022e-04,2.540975e-04,9.662195e-05,3.375335e-05,1.758507e-05
0.5000,216,2.154000e+01,9.914825e-01,4.904887e+00,,NaN,4.175843e-01,2.961795e-01,1.684191e-01,7.513910e-02,2.775555e-02,9.553725e-03,3.326663e-03,1.139984e-03,5.161352e-04,2.445380e-04,9.212573e-05,3.198436e-05,1.731992e-05
0.5000,217,2.164000e+01,9.914464e-01,4.920315e+00,,NaN,4.229085e-01,2.944357e-01,1.677713e-01,7.421806e-02,2.690454e-02,8.862939e-03,3.031032e-03,1.027820e-03,4.701049e-04,2.355170e-04,8.727663e-05,3.015598e-05,1.703152e-05
0.5000,218,2.174000e+01,9.914118e-01,4.938302e+00,,NaN,4.288200e-01,2.933041e-01,1.664890e-01,7.295544e-02,2.586044e-02,8.130938e-03,2.731691e-03,9.254243e-04,4.292828e-04,2.265126e-04,8.213324e-05,2.833035e-05,1.671800e-05
0.5000,219,2.184000e+01,9.913781e-01,4.958791e+00,,NaN,4.353255e-01,2.927780e-01,1.645768e-01,7.132575e-02,2.460977e-02,7.381438e-03,2.438474e-03,8.335226e-04,3.939404e-04,2.171180e-04,7.679835e-05,2.656725e-05,1.637765e-05
0.5000,220,2.194000e+01,9.913453e-01,4.981708e+00,,NaN,4.424535e-01,2.928096e-01,1.620489e-01,6.929541e-02,2.316022e-02,6.635495e-03,2.161772e-03,7.517391e-04,3.639071e-04,2.071154e-04,7.138192e-05,2.491773e-05,1.601052e-05
0.5000,221,2.204000e+01,9.913130e-01,5.006944e+00,,1.077258e-02,4.502528e-01,2.933065e-01,1.589249e-01,6.683131e-02,2.154329e-02,5.911725e-03,1.910105e-03,6.791622e-04,3.387033e-04,1.964687e-04,6.599088e-05,2.342763e-05,1.561587e-05
0.5000,222,2.214000e+01,9.912810e-01,5.034336e+00,,NaN,4.587778e-01,2.941462e-01,1.552212e-01,6.391092e-02,1.981210e-02,5.227284e-03,1.688547e-03,6.148712e-04,3.176596e-04,1.852691e-04,6.074000e-05,2.213146e-05,1.519034e-05
0.5000,223,2.224000e+01,9.912487e-01,5.063660e+00,,NaN,4.680795e-01,2.951840e-01,1.509496e-01,6.053253e-02,1.803549e-02,4.596965e-03,1.498629e-03,5.581407e-04,3.000349e-04,1.736812e-04,5.574764e-05,2.103685e-05,1.473173e-05
0.5000,224,2.234000e+01,9.912159e-01,5.094654e+00,,NaN,4.782112e-01,2.962503e-01,1.461129e-01,5.672713e-02,1.628712e-02,4.031522e-03,1.338857e-03,5.084836e-04,2.850973e-04,1.619097e-04,5.111923e-05,2.012374e-05,1.424234e-05
0.5000,225,2.244000e+01,9.911822e-01,5.127041e+00,,NaN,4.892300e-01,2.971578e-01,1.407020e-01,5.256629e-02,1.463352e-02,3.536628e-03,1.205658e-03,4.656745e-04,2.721583e-04,1.501806e-04,4.694151e-05,1.935689e-05,1.372850e-05
0.5000,226,2.254000e+01,9.911471e-01,5.160531e+00,,NaN,5.011880e-01,2.977070e-01,1.347083e-01,4.815914e-02,1.312569e-02,3.112930e-03,1.094699e-03,4.297429e-04,2.605801e-04,1.387269e-04,4.328307e-05,1.869638e-05,1.319866e-05
0.5000,227,2.264000e+01,9.911101e-01,5.194812e+00,,NaN,5.141100e-01,2.977025e-01,1.281447e-01,4.364258e-02,1.179067e-02,2.757392e-03,1.002938e-03,4.006342e-04,2.498220e-04,1.277733e-04,4.018990e-05,1.810407e-05,1.266332e-05
0.5000,228,2.274000e+01,9.910710e-01,5.229531e+00,,NaN,5.279687e-01,2.969769e-01,1.210619e-01,3.916681e-02,1.062913e-02,2.464215e-03,9.301348e-04,3.778057e-04,2.395039e-04,1.175211e-04,3.768219e-05,1.754941e-05,1.213503e-05
0.5000,229,2.284000e+01,9.910294e-01,5.264295e+00,,NaN,5.426688e-01,2.954114e-01,1.135521e-01,3.488162e-02,9.618909e-03,2.226570e-03,8.784200e-04,3.602029e-04,2.294262e-04,1.081267e-04,3.575799e-05,1.701439e-05,1.162692e-05
0.5000,230,2.294000e+01,9.909851e-01,5.298666e+00,,NaN,5.580482e-01,2.929440e-01,1.057429e-01,3.092465e-02,8.722630e-03,2.039881e-03,8.498974e-04,3.465927e-04,2.195578e-04,9.967297e-05,3.439620e-05,1.649782e-05,1.115049e-05
0.5000,231,2.304000e+01,9.909382e-01,5.332201e+00,,1.343079e-02,5.739002e-01,2.895573e-01,9.779241e-02,2.740492e-02,7.898174e-03,1.904394e-03,8.441514e-04,3.359800e-04,2.100020e-04,9.218479e-05,3.355208e-05,1.601602e-05,1.071410e-05
0.5000,232,2.314000e+01,9.908893e-01,5.364496e+00,,NaN,5.900125e-01,2.852568e-01,8.987901e-02,2.438449e-02,7.114251e-03,1.821561e-03,8.578482e-04,3.278345e-04,2.009407e-04,8.566829e-05,3.315158e-05,1.559633e-05,1.032236e-05
0.5000,233,2.324000e+01,9.908391e-01,5.395255e+00,,NaN,6.062103e-01,2.800414e-01,8.219274e-02,2.186606e-02,6.364092e-03,1.786746e-03,8.855162e-04,3.220567e-04,1.925913e-04,8.013373e-05,3.310057e-05,1.526438e-05,9.976203e-06
0.5000,234,2.334000e+01,9.907888e-01,5.424315e+00,,NaN,6.223756e-01,2.739005e-01,7.491087e-02,1.980329e-02,5.664429e-03,1.787494e-03,9.202609e-04,3.186115e-04,1.852779e-04,7.558263e-05,3.330428e-05,1.502887e-05,9.673752e-06
0.5000,235,2.344000e+01,9.907395e-01,5.451645e+00,,NaN,6.384387e-01,2.668415e-01,6.816329e-02,1.812460e-02,5.043024e-03,1.807176e-03,9.551965e-04,3.171301e-04,1.794294e-04,7.199422e-05,3.368256e-05,1.487193e-05,9.411974e-06
0.5000,236,2.354000e+01,9.906921e-01,5.477302e+00,,NaN,6.543522e-01,2.589116e-01,6.202320e-02,1.675488e-02,4.522474e-03,1.830882e-03,9.849679e-04,3.169444e-04,1.754241e-04,6.932788e-05,3.417351e-05,1.475670e-05,9.187343e-06
0.5000,237,2.364000e+01,9.906474e-01,5.501371e+00,,NaN,6.700583e-01,2.502130e-01,5.651958e-02,1.562647e-02,4.109614e-03,1.849698e-03,1.006361e-03,3.176289e-04,1.734262e-04,6.748892e-05,3.474077e-05,1.464669e-05,8.994849e-06
0.5000,238,2.374000e+01,9.906056e-01,5.523931e+00,,NaN,6.854701e-01,2.409099e-01,5.164581e-02,1.467995e-02,3.797691e-03,1.860631e-03,1.018035e-03,3.195418e-04,1.732842e-04,6.630950e-05,3.539401e-05,1.452005e-05,8.827794e-06
0.5000,239,2.384000e+01,9.905666e-01,5.545027e+00,,NaN,7.004682e-01,2.312146e-01,4.737114e-02,1.386392e-02,3.574884e-03,1.864172e-03,1.020049e-03,3.235710e-04,1.746756e-04,6.559218e-05,3.618861e-05,1.437324e-05,8.679698e-06
0.5000,240,2.394000e+01,9.905302e-01,5.564662e+00,,NaN,7.149139e-01,2.213571e-01,4.365265e-02,1.313675e-02,3.430895e-03,1.862063e-03,1.013713e-03,3.304416e-04,1.773484e-04,6.517222e-05,3.718470e-05,1.422067e-05,8.546780e-06
0.5000,241,2.404000e+01,9.904960e-01,5.582804e+00,,1.062330e-02,7.286674e-01,2.115627e-01,4.043478e-02,1.247110e-02,3.358668e-03,1.856403e-03,1.001353e-03,3.405657e-04,1.811409e-04,6.497108e-05,3.840696e-05,1.408969e-05,8.429072e-06
0.5000,242,2.414000e+01,9.904637e-01,5.599399e+00,,NaN,7.415973e-01,2.020376e-01,3.765396e-02,1.185591e-02,3.352828e-03,1.849375e-03,9.856156e-04,3.542897e-04,1.858859e-04,6.502652e-05,3.982827e-05,1.401659e-05,8.329081e-06
0.5000,243,2.424000e+01,9.904329e-01,5.614371e+00,,NaN,7.535876e-01,1.929446e-01,3.526506e-02,1.129134e-02,3.406851e-03,1.843264e-03,9.688929e-04,3.718363e-04,1.914277e-04,6.545181e-05,4.138791e-05,1.404122e-05,8.250301e-06
0.5000,244,2.434000e+01,9.904031e-01,5.627630e+00,,NaN,7.645395e-01,1.843918e-01,3.325848e-02,1.078322e-02,3.510400e-03,1.840911e-03,9.530965e-04,3.931520e-04,1.976207e-04,6.639865e-05,4.301429e-05,1.420081e-05,8.196621e-06
0.5000,245,2.444000e+01,9.903738e-01,5.639079e+00,,NaN,7.743705e-01,1.764417e-01,3.165795e-02,1.033776e-02,3.649004e-03,1.845842e-03,9.396328e-04,4.179802e-04,2.042421e-04,6.805714e-05,4.463314e-05,1.452845e-05,8.172046e-06
0.5000,246,2.454000e+01,9.903449e-01,5.648626e+00,,NaN,7.830138e-01,1.691196e-01,3.051284e-02,9.959888e-03,3.805450e-03,1.861880e-03,9.296127e-04,4.459163e-04,2.109767e-04,7.064003e-05,4.617495e-05,1.505305e-05,8.180285e-06
0.5000,247,2.464000e+01,9.903158e-01,5.656186e+00,,NaN,7.904166e-01,1.624269e-01,2.988422e-02,9.654274e-03,3.962113e-03,1.891917e-03,9.241464e-04,4.763269e-04,2.175310e-04,7.434958e-05,4.758468e-05,1.579530e-05,8.224633e-06
0.5000,248,2.474000e+01,9.902864e-01,5.661687e+00,,NaN,7.965288e-01,1.563689e-01,2.982750e-02,9.423730e-03,4.104931e-03,1.936383e-03,9.244769e-04,5.082825e-04,2.237778e-04,7.934120e-05,4.883685e-05,1.676110e-05,8.308252e-06
0.5000,249,2.484000e+01,9.902562e-01,5.665045e+00,,NaN,8.012767e-01,1.509878e-01,3.038370e-02,9.267590e-03,4.227423e-03,1.992310e-03,9.319193e-04,5.406900e-04,2.297980e-04,8.570737e-05,4.994725e-05,1.794027e-05,8.434765e-06
0.5000,250,2.494000e+01,9.902251e-01,5.666141e+00,,NaN,8.045447e-01,1.463842e-01,3.157192e-02,9.185253e-03,4.332141e-03,2.053224e-03,9.478975e-04,5.724250e-04,2.358882e-04,9.346641e-05,5.097204e-05,1.931315e-05,8.609136e-06
0.5000,251,2.504000e+01,9.901928e-01,5.664825e+00,,1.060837e-02,8.061792e-01,1.427153e-01,3.338181e-02,9.181614e-03,4.428346e-03,2.110703e-03,9.737833e-04,6.023887e-04,2.425845e-04,1.025146e-04,5.201042e-05,2.085604e-05,8.837469e-06
0.5000,252,2.514000e+01,9.901588e-01,5.660913e+00,,NaN,8.059962e-01,1.401835e-01,3.577671e-02,9.270439e-03,4.527985e-03,2.157110e-03,1.010240e-03,6.297969e-04,2.505523e-04,1.126064e-04,5.319830e-05,2.254443e-05,9.125949e-06
0.5000,253,2.524000e+01,9.901229e-01,5.654173e+00,,NaN,8.037698e-01,1.390371e-01,3.870476e-02,9.474077e-03,4.642918e-03,2.188163e-03,1.056193e-03,6.547103e-04,2.603397e-04,1.234073e-04,5.468506e-05,2.436030e-05,9.480456e-06
0.5000,254,2.534000e+01,9.900848e-01,5.644308e+00,,NaN,7.992259e-01,1.395692e-01,4.211076e-02,9.821201e-03,4.781655e-03,2.204877e-03,1.108580e-03,6.782618e-04,2.721669e-04,1.345889e-04,5.660493e-05,2.629711e-05,9.908210e-06
0.5000,255,2.544000e+01,9.900442e-01,5.630956e+00,,NaN,7.920472e-01,1.421070e-01,4.593657e-02,1.035407e-02,4.946161e-03,2.213612e-03,1.163508e-03,7.022757e-04,2.858585e-04,1.459081e-04,5.905070e-05,2.835734e-05,1.042134e-05
0.5000,256,2.554000e+01,9.900011e-01,5.613733e+00,,NaN,7.819283e-01,1.469561e-01,5.010895e-02,1.114246e-02,5.131432e-03,2.224178e-03,1.218155e-03,7.285729e-04,3.009401e-04,1.572252e-04,6.205311e-05,3.054645e-05,1.104038e-05
0.5000,257,2.564000e+01,9.899553e-01,5.592325e+00,,NaN,7.686706e-01,1.543140e-01,5.452384e-02,1.229080e-02,5.327310e-03,2.247040e-03,1.272375e-03,7.583555e-04,3.169548e-04,1.684600e-04,6.558317e-05,3.286137e-05,1.179642e-05
0.5000,258,2.574000e+01,9.899073e-01,5.566616e+00,,NaN,7.522839e-01,1.641793e-01,5.905102e-02,1.391933e-02,5.524114e-03,2.290963e-03,1.328295e-03,7.921664e-04,3.338313e-04,1.795466e-04,6.956621e-05,3.528759e-05,1.272773e-05
0.5000,259,2.584000e+01,9.898575e-01,5.536810e+00,,NaN,7.330739e-01,1.762640e-01,6.357276e-02,1.611817e-02,5.722329e-03,2.362197e-03,1.388337e-03,8.303210e-04,3.519543e-04,1.904417e-04,7.391318e-05,3.780172e-05,1.387105e-05
0.5000,260,2.594000e+01,9.898068e-01,5.503481e+00,,NaN,7.116667e-01,1.899648e-01,6.802574e-02,1.890531e-02,5.938401e-03,2.465024e-03,1.453637e-03,8.730691e-04,3.720474e-04,2.010730e-04,7.860027e-05,4.037292e-05,1.525365e-05
0.5000,261,2.604000e+01,9.897562e-01,5.467479e+00,,1.359445e-02,6.889034e-01,2.044513e-01,7.243891e-02,2.220506e-02,6.206445e-03,2.600415e-03,1.524353e-03,9.201199e-04,3.951158e-04,2.112516e-04,8.372973e-05,4.296341e-05,1.688882e-05
0.5000,262,2.614000e+01,9.897069e-01,5.429724e+00,,NaN,6.656630e-01,2.188195e-01,7.695100e-02,2.585754e-02,6.576716e-03,2.763795e-03,1.601639e-03,9.699624e-04,4.222071e-04,2.208224e-04,8.948122e-05,4.553208e-05,1.877115e-05
0.5000,263,2.624000e+01,9.896596e-01,5.391041e+00,,NaN,6.427127e-01,2.322455e-01,8.177736e-02,2.965576e-02,7.105176e-03,2.945933e-03,1.688493e-03,1.020397e-03,4.537468e-04,2.299755e-04,9.597106e-05,4.806561e-05,2.087813e-05
0.5000,264,2.634000e+01,9.896148e-01,5.352087e+00,,NaN,6.206246e-01,2.441097e-01,8.713350e-02,3.339365e-02,7.837981e-03,3.137231e-03,1.787732e-03,1.070233e-03,4.890448e-04,2.393673e-04,1.031846e-04,5.059674e-05,2.318026e-05
0.5000,265,2.644000e+01,9.895729e-01,5.313335e+00,,NaN,5.997508e-01,2.540597e-01,9.315990e-02,3.691219e-02,8.796806e-03,3.335044e-03,1.898882e-03,1.120507e-03,5.263590e-04,2.499066e-04,1.110327e-04,5.319460e-05,2.564587e-05
0.5000,266,2.654000e+01,9.895337e-01,5.275076e+00,,NaN,5.802394e-01,2.620006e-01,9.989669e-02,4.012406e-02,9.969241e-03,3.549439e-03,2.016779e-03,1.174149e-03,5.637318e-04,2.623391e-04,1.193965e-04,5.595614e-05,2.823870e-05
0.5000,267,2.664000e+01,9.894970e-01,5.237477e+00,,NaN,5.620940e-01,2.680269e-01,1.072902e-01,4.301816e-02,1.130707e-02,3.799955e-03,2.134509e-03,1.234029e-03,6.000859e-04,2.769758e-04,1.281628e-04,5.899028e-05,3.091703e-05
0.5000,268,2.674000e+01,9.894624e-01,5.200652e+00,,NaN,5.452455e-01,2.723494e-01,1.152009e-01,4.564913e-02,1.274027e-02,4.103102e-03,2.248120e-03,1.300989e-03,6.356359e-04,2.936703e-04,1.372847e-04,6.238850e-05,3.364165e-05
0.5000,269,2.684000e+01,9.894294e-01,5.164718e+00,,NaN,5.295980e-01,2.752444e-01,1.234216e-01,4.810749e-02,1.420116e-02,4.462841e-03,2.358564e-03,1.373299e-03,6.713388e-04,3.119995e-04,1.467761e-04,6.619902e-05,3.638614e-05
0.5000,270,2.694000e+01,9.893976e-01,5.129806e+00,,NaN,5.150479e-01,2.770227e-01,1.317095e-01,5.048935e-02,1.563557e-02,4.870606e-03,2.471053e-03,1.447511e-03,7.080815e-04,3.315561e-04,1.566523e-04,7.041743e-05,3.913307e-05
0.5000,271,2.704000e+01,9.893667e-01,5.096062e+00,,1.050702e-02,5.014921e-01,2.780014e-01,1.398193e-01,5.288099e-02,1.700304e-02,5.308747e-03,2.592449e-03,1.519881e-03,7.462030e-04,3.521427e-04,1.669015e-04,7.499483e-05,4.186999e-05
0.5000,272,2.714000e+01,9.893361e-01,5.063642e+00,,NaN,4.888434e-01,2.784684e-01,1.475279e-01,5.535061e-02,1.827952e-02,5.754014e-03,2.727803e-03,1.587555e-03,7.852032e-04,3.736936e-04,1.775153e-04,7.984991e-05,4.458920e-05
0.5000,273,2.724000e+01,9.893054e-01,5.032723e+00,,NaN,4.770455e-01,2.786615e-01,1.546421e-01,5.794255e-02,1.945766e-02,6.183849e-03,2.877147e-03,1.649143e-03,8.238295e-04,3.960950e-04,1.884843e-04,8.488526e-05,4.728798e-05
0.5000,274,2.734000e+01,9.892743e-01,5.003498e+00,,NaN,4.660698e-01,2.787745e-01,1.609978e-01,6.067770e-02,2.053937e-02,6.583420e-03,3.033380e-03,1.704657e-03,8.605183e-04,4.190867e-04,1.997909e-04,9.000948e-05,4.996938e-05
0.5000,275,2.744000e+01,9.892424e-01,4.976146e+00,,NaN,4.559008e-01,2.789584e-01,1.664774e-01,6.354978e-02,2.153060e-02,6.949839e-03,3.182732e-03,1.755228e-03,8.938624e-04,4.421842e-04,2.114269e-04,9.515694e-05,5.264058e-05
0.5000,276,2.754000e+01,9.892095e-01,4.950800e+00,,NaN,4.465286e-01,2.793059e-01,1.710364e-01,6.651522e-02,2.244517e-02,7.290640e-03,3.309188e-03,1.802189e-03,9.230566e-04,4.646234e-04,2.233636e-04,1.002981e-04,5.530796e-05
0.5000,277,2.764000e+01,9.891752e-01,4.927527e+00,,NaN,4.379471e-01,2.798438e-01,1.747178e-01,6.948756e-02,2.330652e-02,7.617467e-03,3.401326e-03,1.845887e-03,9.482196e-04,4.853918e-04,2.355129e-04,1.054396e-04,5.797152e-05
0.5000,278,2.774000e+01,9.891394e-01,4.906354e+00,,NaN,4.301598e-01,2.805349e-01,1.776440e-01,7.234474e-02,2.414316e-02,7.938966e-03,3.456705e-03,1.885029e-03,9.703258e-04,5.034169e-04,2.477174e-04,1.106139e-04,6.061857e-05
0.5000,279,2.784000e+01,9.891018e-01,4.887278e+00,,NaN,4.231806e-01,2.812999e-01,1.799748e-01,7.495507e-02,2.498697e-02,8.256401e-03,3.481888e-03,1.917078e-03,9.906786e-04,5.178481e-04,2.597544e-04,1.158522e-04,6.321884e-05
0.5000,280,2.794000e+01,9.890620e-01,4.870244e+00,,NaN,4.170082e-01,2.820668e-01,1.818541e-01,7.720994e-02,2.586966e-02,8.565542e-03,3.489552e-03,1.939273e-03,1.010443e-03,5.282939e-04,2.713647e-04,1.211484e-04,6.572775e-05
0.5000,281,2.804000e+01,9.890200e-01,4.855115e+00,,1.219211e-02,4.115934e-01,2.828283e-01,1.833644e-01,7.905142e-02,2.681169e-02,8.865093e-03,3.493758e-03,1.950042e-03,1.030292e-03,5.349021e-04,2.822866e-04,1.264312e-04,6.809504e-05
0.5000,282,2.814000e+01,9.889755e-01,4.841688e+00,,NaN,4.068325e-01,2.836694e-01,1.844969e-01,8.048479e-02,2.781122e-02,9.167055e-03,3.505545e-03,1.950034e-03,1.050117e-03,5.382775e-04,2.922588e-04,1.315614e-04,7.026994e-05
0.5000,283,2.824000e+01,9.889285e-01,4.829718e+00,,NaN,4.025782e-01,2.847667e-01,1.851571e-01,8.156108e-02,2.884678e-02,9.499388e-03,3.529585e-03,1.943070e-03,1.069161e-03,5.393570e-04,3.010248e-04,1.363458e-04,7.220743e-05
0.5000,284,2.834000e+01,9.888793e-01,4.818951e+00,,NaN,3.986548e-01,2.863590e-01,1.851972e-01,8.235486e-02,2.988890e-02,9.895453e-03,3.565224e-03,1.936275e-03,1.086257e-03,5.392818e-04,3.083181e-04,1.405789e-04,7.387599e-05
0.5000,285,2.844000e+01,9.888282e-01,4.809156e+00,,NaN,3.948951e-01,2.886655e-01,1.844815e-01,8.294797e-02,3.091650e-02,1.037130e-02,3.611662e-03,1.938147e-03,1.099914e-03,5.391429e-04,3.138425e-04,1.441173e-04,7.525825e-05
0.5000,286,2.854000e+01,9.887761e-01,4.800183e+00,,NaN,3.911840e-01,2.918041e-01,1.829549e-01,8.340756e-02,3.192550e-02,1.090679e-02,3.673237e-03,1.954737e-03,1.108824e-03,5.396618e-04,3.173569e-04,1.469367e-04,7.634281e-05
0.5000,287,2.864000e+01,9.887239e-01,4.792028e+00,,NaN,3.874852e-01,2.957628e-01,1.806793e-01,8.375479e-02,3.291906e-02,1.145433e-02,3.758708e-03,1.987455e-03,1.112511e-03,5.409190e-04,3.187669e-04,1.491244e-04,7.711076e-05
0.5000,288,2.874000e+01,9.886725e-01,4.784878e+00,,NaN,3.838724e-01,3.003903e-01,1.778256e-01,8.394639e-02,3.389158e-02,1.196453e-02,3.875030e-03,2.033804e-03,1.111498e-03,5.423456e-04,3.181814e-04,1.508216e-04,7.753408e-05
0.5000,289,2.884000e+01,9.886230e-01,4.779102e+00,,NaN,3.805153e-01,3.054560e-01,1.746055e-01,8.389694e-02,3.481634e-02,1.240422e-02,4.021057e-03,2.088950e-03,1.106958e-03,5.430559e-04,3.159067e-04,1.521541e-04,7.757714e-05
0.5000,290,2.894000e+01,9.885759e-01,4.775189e+00,,NaN,3.776327e-01,3.107191e-01,1.712014e-01,8.352673e-02,3.564300e-02,1.275984e-02,4.185982e-03,2.146063e-03,1.100031e-03,5.423105e-04,3.123924e-04,1.531838e-04,7.719081e-05
0.5000,291,2.904000e+01,9.885316e-01,4.773628e+00,,1.251485e-02,3.754491e-01,3.159517e-01,1.677481e-01,8.279077e-02,3.630775e-02,1.303367e-02,4.353403e-03,2.195854e-03,1.091360e-03,5.398478e-04,3.081299e-04,1.539020e-04,7.632218e-05
0.5000,292,2.914000e+01,9.884900e-01,4.774818e+00,,NaN,3.741701e-01,3.209477e-01,1.643185e-01,8.169382e-02,3.675021e-02,1.323413e-02,4.507805e-03,2.228039e-03,1.081183e-03,5.357972e-04,3.035646e-04,1.542189e-04,7.494315e-05
0.5000,293,2.924000e+01,9.884509e-01,4.779042e+00,,NaN,3.739769e-01,3.255278e-01,1.609161e-01,8.028579e-02,3.693113e-02,1.336517e-02,4.636903e-03,2.234313e-03,1.069440e-03,5.305021e-04,2.990091e-04,1.539544e-04,7.308391e-05
0.5000,294,2.934000e+01,9.884140e-01,4.786485e+00,,NaN,3.750315e-01,3.295286e-01,1.575035e-01,7.863680e-02,3.683785e-02,1.342325e-02,4.729636e-03,2.210456e-03,1.055771e-03,5.243855e-04,2.946024e-04,1.529149e-04,7.083205e-05
0.5000,295,2.944000e+01,9.883787e-01,4.797264e+00,,NaN,3.774777e-01,3.327942e-01,1.540375e-01,7.681707e-02,3.647325e-02,1.340038e-02,4.775949e-03,2.156880e-03,1.039641e-03,5.178112e-04,2.903421e-04,1.509816e-04,6.830079e-05
0.5000,296,2.954000e+01,9.883448e-01,4.811434e+00,,NaN,3.814408e-01,3.351706e-01,1.504943e-01,7.488354e-02,3.584590e-02,1.328706e-02,4.768435e-03,2.077912e-03,1.020517e-03,5.110484e-04,2.861031e-04,1.481520e-04,6.559472e-05
0.5000,297,2.964000e+01,9.883115e-01,4.828999e+00,,NaN,3.870300e-01,3.364984e-01,1.468818e-01,7.287082e-02,3.497014e-02,1.307347e-02,4.703197e-03,1.980648e-03,9.982194e-04,5.042470e-04,2.816788e-04,1.445406e-04,6.278794e-05
0.5000,298,2.974000e+01,9.882787e-01,4.849897e+00,,NaN,3.943310e-01,3.366199e-01,1.432402e-01,7.078814e-02,3.386826e-02,1.275161e-02,4.579621e-03,1.873595e-03,9.732146e-04,4.973926e-04,2.768009e-04,1.403325e-04,5.992473e-05
0.5000,299,2.984000e+01,9.882458e-01,4.873992e+00,,NaN,4.033900e-01,3.353958e-01,1.396381e-01,6.862413e-02,3.256883e-02,1.231669e-02,4.400341e-03,1.765210e-03,9.466593e-04,4.902814e-04,2.711726e-04,1.357202e-04,5.702983e-05
0.5000,300,2.994000e+01,9.882125e-01,4.901066e+00,,NaN,4.141971e-01,3.327325e-01,1.361604e-01,6.635145e-02,3.110187e-02,1.176980e-02,4.171972e-03,1.662662e-03,9.201633e-04,4.825026e-04,2.645668e-04,1.308697e-04,5.411333e-05
0.5000,301,3.004000e+01,9.881784e-01,4.930829e+00,,1.079076e-02,4.266837e-01,3.286043e-01,1.328801e-01,6.393650e-02,2.949401e-02,1.112208e-02,3.905294e-03,1.571118e-03,8.954287e-04,4.735125e-04,2.568629e-04,1.259174e-04,5.117877e-05
0.5000,302,3.014000e+01,9.881433e-01,4.962935e+00,,NaN,4.407345e-01,3.230476e-01,1.298425e-01,6.135323e-02,2.776565e-02,1.039451e-02,3.614644e-03,1.493372e-03,8.739159e-04,4.627376e-04,2.480419e-04,1.209741e-04,4.823326e-05
