nu_Hz,hold_s,value
10.0,0.1,0.9870791742522099
10.0,0.1662921348314607,0.9786411337788291
10.0,0.23258426966292134,0.9703027968422776
10.0,0.298876404494382,0.9620625661595905
10.0,0.3651685393258427,0.9539188773349322
10.0,0.4314606741573034,0.9458701980304021
10.0,0.49775280898876406,0.9379150271616004
10.0,0.5640449438202247,0.9300518941170117
10.0,0.6303370786516854,0.9222793580004828
10.0,0.6966292134831461,0.9145960068959914
10.0,0.7629213483146068,0.9070004571538487
10.0,0.8292134831460675,0.8994913526977706
10.0,0.895505617977528,0.8920673643520018
10.0,0.9617977528089887,0.8847271891878598
10.0,1.0280898876404494,0.877469549889059
10.0,1.09438202247191,0.8702931941351936
10.0,1.1606741573033708,0.8631968940027238
10.0,1.2269662921348314,0.8561794453830259
10.0,1.2932584269662921,0.8492396674167567
10.0,1.3595505617977528,0.8423764019441953
10.0,1.4258426966292135,0.835588512970904
10.0,1.4921348314606742,0.8288748861482871
10.0,1.5584269662921348,0.822234428268512
10.0,1.6247191011235955,0.8156660667734386
10.0,1.6910112359550562,0.8091687492769588
10.0,1.7573033707865169,0.8027414431004747
10.0,1.8235955056179776,0.7963831348209766
10.0,1.8898876404494382,0.790092829831395
10.0,1.956179775280899,0.7838695519128612
10.0,2.0224719101123596,0.7777123428184042
10.0,2.08876404494382,0.7716202618678487
10.0,2.155056179775281,0.7655923855534909
10.0,2.2213483146067414,0.7596278071562439
10.0,2.2876404494382023,0.7537256363719392
10.0,2.353932584269663,0.7478849989474609
10.0,2.4202247191011237,0.742105036326438
10.0,2.486516853932584,0.73638490530415
10.0,2.552808988764045,0.7307237776914556
10.0,2.6191011235955055,0.7251208399873774
10.0,2.6853932584269664,0.7195752930601761
10.0,2.751685393258427,0.7140863518365651
10.0,2.8179775280898878,0.7086532449989333
10.0,2.8842696629213482,0.703275214690242
10.0,2.950561797752809,0.6979515162264159
10.0,3.0168539325842696,0.6926814178160237
10.0,3.0831460674157305,0.687464200286986
10.0,3.149438202247191,0.6822991568201665
10.0,3.215730337078652,0.6771855926895921
10.0,3.2820224719101123,0.6721228250091392
10.0,3.348314606741573,0.6671101824855302
10.0,3.4146067415730337,0.6621470051773582
10.0,3.4808988764044946,0.6572326442601223
10.0,3.547191011235955,0.6523664617969347
10.0,3.613483146067416,0.6475478305148806
10.0,3.6797752808988764,0.6427761335867818
10.0,3.746067415730337,0.6380507644182682
10.0,3.8123595505617978,0.6333711264399392
10.0,3.878651685393258,0.6287366329045968
10.0,3.944943820224719,0.6241467066892434
10.0,4.01123595505618,0.6196007801018458
10.0,4.0775280898876405,0.6150982946927167
10.0,4.143820224719101,0.6106387010702826
10.0,4.210112359550561,0.6062214587212899
10.0,4.276404494382023,0.6018460358351349
10.0,4.342696629213483,0.597511909132394
10.0,4.408988764044944,0.5932185636972959
10.0,4.475280898876404,0.5889654928141047
10.0,4.5415730337078655,0.5847521978072855
10.0,4.607865168539326,0.5805781878853643
10.0,4.674157303370786,0.5764429799883618
10.0,4.740449438202247,0.572346098638738
10.0,4.806741573033708,0.568287075795709
10.0,4.873033707865169,0.5642654507129089
10.0,4.939325842696629,0.5602807697992518
10.0,5.00561797752809,0.5563325864829392
10.0,5.071910112359551,0.5524204610785286
10.0,5.138202247191011,0.5485439606569767
10.0,5.204494382022472,0.5447026589185895
10.0,5.270786516853932,0.5408961360687911
10.0,5.337078651685394,0.5371239786966545
10.0,5.403370786516854,0.5333857796561083
10.0,5.4696629213483146,0.5296811379497796
10.0,5.535955056179775,0.5260096586153407
10.0,5.602247191011236,0.5223709526143929
10.0,5.668539325842697,0.5187646367237426
10.0,5.734831460674157,0.5151903334290322
10.0,5.801123595505618,0.5116476708206953
10.0,5.867415730337079,0.5081362824921498
10.0,5.9337078651685395,0.5046558074401509
10.0,6.0,0.5012058899673255
13.277310924369749,0.1,0.981031002014755
13.277310924369749,0.1662921348314607,0.9687557977724129
13.277310924369749,0.23258426966292134,0.9567121777640185
13.277310924369749,0.298876404494382,0.9448940538764282
13.277310924369749,0.3651685393258427,0.9332955444121704
13.277310924369749,0.4314606741573034,0.9219109655313585
13.277310924369749,0.49775280898876406,0.910734823112284
13.277310924369749,0.5640449438202247,0.8997618050070133
13.277310924369749,0.6303370786516854,0.8889867736700742
13.277310924369749,0.6966292134831461,0.878404759139401
13.277310924369749,0.7629213483146068,0.86801095235032
13.277310924369749,0.8292134831460675,0.8578006987642768
13.277310924369749,0.895505617977528,0.8477694922953466
13.277310924369749,0.9617977528089887,0.8379129695184568
13.277310924369749,1.0280898876404494,0.8282269041443256
13.277310924369749,1.09438202247191,0.8187072017469256
13.277310924369749,1.1606741573033708,0.8093498947303026
13.277310924369749,1.2269662921348314,0.8001511375220908
13.277310924369749,1.2932584269662921,0.7911072019820965
13.277310924369749,1.3595505617977528,0.7822144730148689
13.277310924369749,1.4258426966292135,0.7734694443756922
13.277310924369749,1.4921348314606742,0.7648687146603936
13.277310924369749,1.5584269662921348,0.756408983469519
13.277310924369749,1.6247191011235955,0.7480870477382227
13.277310924369749,1.6910112359550562,0.7398997982236482
13.277310924369749,1.7573033707865169,0.7318442161419497
13.277310924369749,1.8235955056179776,0.7239173699477048
13.277310924369749,1.8898876404494382,0.7161164122486972
13.277310924369749,1.956179775280899,0.7084385768495641
13.277310924369749,2.0224719101123596,0.7008811759181048
13.277310924369749,2.08876404494382,0.6934415972683723
13.277310924369749,2.155056179775281,0.6861173017550175
13.277310924369749,2.2213483146067414,0.6789058207736672
13.277310924369749,2.2876404494382023,0.6718047538622999
13.277310924369749,2.353932584269663,0.6648117663990002
13.277310924369749,2.4202247191011237,0.6579245873915455
13.277310924369749,2.486516853932584,0.6511410073547088
13.277310924369749,2.552808988764045,0.6444588762711599
13.277310924369749,2.6191011235955055,0.6378761016322807
13.277310924369749,2.6853932584269664,0.6313906465551621
13.277310924369749,2.751685393258427,0.6250005279725106
13.277310924369749,2.8179775280898878,0.6187038148921072
13.277310924369749,2.8842696629213482,0.6124986267227697
13.277310924369749,2.950561797752809,0.6063831316639194
13.277310924369749,3.0168539325842696,0.6003555451559212
13.277310924369749,3.0831460674157305,0.5944141283886124
13.277310924369749,3.149438202247191,0.5885571868654399
13.277310924369749,3.215730337078652,0.5827830690208572
13.277310924369749,3.2820224719101123,0.5770901648887039
13.277310924369749,3.348314606741573,0.5714769048193802
13.277310924369749,3.4146067415730337,0.5659417582437887
13.277310924369749,3.4808988764044946,0.5604832324820239
13.277310924369749,3.547191011235955,0.5550998715950302
13.277310924369749,3.613483146067416,0.5497902552773323
13.277310924369749,3.6797752808988764,0.5445529977892637
13.277310924369749,3.746067415730337,0.5393867469269475
13.277310924369749,3.8123595505617978,0.5342901830286136
13.277310924369749,3.878651685393258,0.5292620180156664
13.277310924369749,3.944943820224719,0.5243009944671856
13.277310924369749,4.01123595505618,0.5194058847264545
13.277310924369749,4.0775280898876405,0.5145754900382907
13.277310924369749,4.143820224719101,0.5098086397159084
13.277310924369749,4.210112359550561,0.5051041903361974
13.277310924369749,4.276404494382023,0.5004610249622249
13.277310924369749,4.342696629213483,0.4958780523920194
13.277310924369749,4.408988764044944,0.49135420643246097
13.277310924369749,4.475280898876404,0.486888445197458
13.277310924369749,4.5415730337078655,0.4824797504293574
13.277310924369749,4.607865168539326,0.47812712684278524
13.277310924369749,4.674157303370786,0.47382960149000064
13.277310924369749,4.740449438202247,0.46958622314700543
13.277310924369749,4.806741573033708,0.4653960617195727
13.277310924369749,4.873033707865169,0.46125820766848774
13.277310924369749,4.939325842696629,0.45717177145329035
13.277310924369749,5.00561797752809,0.4531358829937675
13.277310924369749,5.071910112359551,0.4491496911486504
13.277310924369749,5.138202247191011,0.4452123632107717
13.277310924369749,5.204494382022472,0.44132308441815987
13.277310924369749,5.270786516853932,0.43748105748045996
13.277310924369749,5.337078651685394,0.4336855021201355
13.277310924369749,5.403370786516854,0.4299356546279028
13.277310924369749,5.4696629213483146,0.4262307674319117
13.277310924369749,5.535955056179775,0.4225701086801781
13.277310924369749,5.602247191011236,0.4189529618357759
13.277310924369749,5.668539325842697,0.4153786252843716
13.277310924369749,5.734831460674157,0.41184641195364546
13.277310924369749,5.801123595505618,0.4083556489441895
13.277310924369749,5.867415730337079,0.40490567717147397
13.277310924369749,5.9337078651685395,0.40149585101853824
13.277310924369749,6.0,0.39812553799897543
16.554621848739497,0.1,0.9725902508405475
16.554621848739497,0.1662921348314607,0.955078367950978
16.554621848739497,0.23258426966292134,0.9380666589319651
16.554621848739497,0.298876404494382,0.9215350503480048
16.554621848739497,0.3651685393258427,0.9054645058976373
16.554621848739497,0.4314606741573034,0.8898369611046759
16.554621848739497,0.49775280898876406,0.8746352628436437
16.554621848739497,0.5640449438202247,0.8598431132895339
16.554621848739497,0.6303370786516854,0.8454450179207795
16.554621848739497,0.6966292134831461,0.8314262372395647
16.554621848739497,0.7629213483146068,0.8177727419048099
16.554621848739497,0.8292134831460675,0.804471171001235
16.554621848739497,0.895505617977528,0.7915087931932147
16.554621848739497,0.9617977528089887,0.7788734705346357
16.554621848739497,1.0280898876404494,0.7665536247266256
16.554621848739497,1.09438202247191,0.754538205633103
16.554621848739497,1.1606741573033708,0.7428166618809062
16.554621848739497,1.2269662921348314,0.7313789133861587
16.554621848739497,1.2932584269662921,0.7202153256620325
16.554621848739497,1.3595505617977528,0.709316685775375
16.554621848739497,1.4258426966292135,0.6986741798307846
16.554621848739497,1.4921348314606742,0.6882793718707128
16.554621848739497,1.5584269662921348,0.6781241840894142
16.554621848739497,1.6247191011235955,0.6682008782668204
16.554621848739497,1.6910112359550562,0.6585020383359512
16.554621848739497,1.7573033707865169,0.6490205540044602
16.554621848739497,1.8235955056179776,0.6397496053570504
16.554621848739497,1.8898876404494382,0.6306826483713931
16.554621848739497,1.956179775280899,0.6218134012852109
16.554621848739497,2.0224719101123596,0.6131358317571357
16.554621848739497,2.08876404494382,0.6046441447682284
16.554621848739497,2.155056179775281,0.5963327712151134
16.554621848739497,2.2213483146067414,0.5881963571492392
16.554621848739497,2.2876404494382023,0.580229753620276
16.554621848739497,2.353932584269663,0.5724280070846701
16.554621848739497,2.4202247191011237,0.5647863503431818
16.554621848739497,2.486516853932584,0.5573001939739177
16.554621848739497,2.552808988764045,0.5499651182297011
16.554621848739497,2.6191011235955055,0.5427768653708719
16.554621848739497,2.6853932584269664,0.535731332406602
16.554621848739497,2.751685393258427,0.5288245642197139
16.554621848739497,2.8179775280898878,0.5220527470517106
16.554621848739497,2.8842696629213482,0.5154122023263185
16.554621848739497,2.950561797752809,0.5088993807913224
16.554621848739497,3.0168539325842696,0.5025108569598358
16.554621848739497,3.0831460674157305,0.4962433238333858
16.554621848739497,3.149438202247191,0.4900935878904157
16.554621848739497,3.215730337078652,0.4840585643248424
16.554621848739497,3.2820224719101123,0.47813527252028953
16.554621848739497,3.348314606741573,0.4723208317466343
16.554621848739497,3.4146067415730337,0.4666124570662474
16.554621848739497,3.4808988764044946,0.4610074554382337
16.554621848739497,3.547191011235955,0.4555032220095925
16.554621848739497,3.613483146067416,0.4500972365830458
16.554621848739497,3.6797752808988764,0.4447870602517944
16.554621848739497,3.746067415730337,0.43957033219217634
16.554621848739497,3.8123595505617978,0.4344447666056597
16.554621848739497,3.878651685393258,0.42940814980219505
16.554621848739497,3.944943820224719,0.42445833741739897
16.554621848739497,4.01123595505618,0.4195932517565254
16.554621848739497,4.0775280898876405,0.4148108792585118
16.554621848739497,4.143820224719101,0.41010926807395204
16.554621848739497,4.210112359550561,0.4054865257510041
16.554621848739497,4.276404494382023,0.4009408170237737
16.554621848739497,4.342696629213483,0.3964703616979099
16.554621848739497,4.408988764044944,0.3920734326285015
16.554621848739497,4.475280898876404,0.38774835378564515
16.554621848739497,4.5415730337078655,0.3834934984032968
16.554621848739497,4.607865168539326,0.3793072872072948
16.554621848739497,4.674157303370786,0.3751881867186426
16.554621848739497,4.740449438202247,0.3711347076283672
16.554621848739497,4.806741573033708,0.36714540324050216
16.554621848739497,4.873033707865169,0.3632188679798739
16.554621848739497,4.939325842696629,0.35935373596160636
16.554621848739497,5.00561797752809,0.3555486796194137
16.554621848739497,5.071910112359551,0.3518024083898619
16.554621848739497,5.138202247191011,0.3481136674500112
16.554621848739497,5.204494382022472,0.34448123650591966
16.554621848739497,5.270786516853932,0.34090392862965685
16.554621848739497,5.337078651685394,0.3373805891425845
16.554621848739497,5.403370786516854,0.3339100945428027
16.554621848739497,5.4696629213483146,0.3304913514747122
16.554621848739497,5.535955056179775,0.32712329573884175
16.554621848739497,5.602247191011236,0.323804891340068
16.554621848739497,5.668539325842697,0.3205351295725575
16.554621848739497,5.734831460674157,0.3173130281397937
16.554621848739497,5.801123595505618,0.31413763030811176
16.554621848739497,5.867415730337079,0.31100800409229756
16.554621848739497,5.9337078651685395,0.30792324147184713
16.554621848739497,6.0,0.3048824576365496
19.831932773109244,0.1,0.9616459625092041
19.831932773109244,0.1662921348314607,0.9375470094613262
19.831932773109244,0.23258426966292134,0.9144335103677673
19.831932773109244,0.298876404494382,0.8922488169146436
19.831932773109244,0.3651685393258427,0.8709404559067411
19.831932773109244,0.4314606741573034,0.8504597559814714
19.831932773109244,0.49775280898876406,0.830761513368831
19.831932773109244,0.5640449438202247,0.8118036920391449
19.831932773109244,0.6303370786516854,0.7935471542023824
19.831932773109244,0.6966292134831461,0.7759554176531737
19.831932773109244,0.7629213483146068,0.7589944369091957
19.831932773109244,0.8292134831460675,0.7426324054793291
19.831932773109244,0.895505617977528,0.726839576931966
19.831932773109244,0.9617977528089887,0.7115881027218146
19.831932773109244,1.0280898876404494,0.6968518849819785
19.831932773109244,1.09438202247191,0.6826064427032201
19.831932773109244,1.1606741573033708,0.6688287899089357
19.831932773109244,1.2269662921348314,0.6554973245966068
19.831932773109244,1.2932584269662921,0.6425917273577181
19.831932773109244,1.3595505617977528,0.6300928687116192
19.831932773109244,1.4258426966292135,0.6179827242965471
19.831932773109244,1.4921348314606742,0.6062442971556603
19.831932773109244,1.5584269662921348,0.5948615464389513
19.831932773109244,1.6247191011235955,0.5838193219147653
19.831932773109244,1.6910112359550562,0.5731033037491886
19.831932773109244,1.7573033707865169,0.5626999470680945
19.831932773109244,1.8235955056179776,0.552596430867026
19.831932773109244,1.8898876404494382,0.5427806108783688
19.831932773109244,1.956179775280899,0.5332409760447943
19.831932773109244,2.0224719101123596,0.5239666082828726
19.831932773109244,2.08876404494382,0.51494714525193
19.831932773109244,2.155056179775281,0.506172745870968
19.831932773109244,2.2213483146067414,0.4976340583511892
19.831932773109244,2.2876404494382023,0.4893221905338123
19.831932773109244,2.353932584269663,0.4812286823425992
19.831932773109244,2.4202247191011237,0.473345480178261
19.831932773109244,2.486516853932584,0.4656649130978077
19.831932773109244,2.552808988764045,0.45817967063613585
19.831932773109244,2.6191011235955055,0.45088278214005834
19.831932773109244,2.6853932584269664,0.443767597496412
19.831932773109244,2.751685393258427,0.4368277691464444
19.831932773109244,2.8179775280898878,0.43005723528793294
19.831932773109244,2.8842696629213482,0.4234502041750798
19.831932773109244,2.950561797752809,0.41700113943384304
19.831932773109244,3.0168539325842696,0.4107047463173483
19.831932773109244,3.0831460674157305,0.40455595883230516
19.831932773109244,3.149438202247191,0.398549927673088
19.831932773109244,3.215730337078652,0.3926820089052885
19.831932773109244,3.2820224719101123,0.3869477533453211
19.831932773109244,3.348314606741573,0.3813428965869257
19.831932773109244,3.4146067415730337,0.3758633496293085
19.831932773109244,3.4808988764044946,0.37050519006524923
19.831932773109244,3.547191011235955,0.3652646537907783
19.831932773109244,3.613483146067416,0.3601381272009188
19.831932773109244,3.6797752808988764,0.3551221398388078
19.831932773109244,3.746067415730337,0.35021335746790794
19.831932773109244,3.8123595505617978,0.34540857553935567
19.831932773109244,3.878651685393258,0.34070471302854066
19.831932773109244,3.944943820224719,0.336098806616946
19.831932773109244,4.01123595505618,0.3315880051970193
19.831932773109244,4.0775280898876405,0.32716956467946734
19.831932773109244,4.143820224719101,0.32284084308385447
19.831932773109244,4.210112359550561,0.3185992958947262
19.831932773109244,4.276404494382023,0.31444247166676104
19.831932773109244,4.342696629213483,0.31036800786359936
19.831932773109244,4.408988764044944,0.3063736269160617
19.831932773109244,4.475280898876404,0.30245713248647105
19.831932773109244,4.5415730337078655,0.2986164059266712
19.831932773109244,4.607865168539326,0.29484940291821016
19.831932773109244,4.674157303370786,0.2911541502839072
19.831932773109244,4.740449438202247,0.2875287429607587
19.831932773109244,4.806741573033708,0.28397134112477235
19.831932773109244,4.873033707865169,0.2804801674590048
19.831932773109244,4.939325842696629,0.277053504556543
19.831932773109244,5.00561797752809,0.2736896924508081
19.831932773109244,5.071910112359551,0.2703871262659839
19.831932773109244,5.138202247191011,0.2671442539808445
19.831932773109244,5.204494382022472,0.26395957429969513
19.831932773109244,5.270786516853932,0.26083163462451914
19.831932773109244,5.337078651685394,0.25775902912279547
19.831932773109244,5.403370786516854,0.25474039688579087
19.831932773109244,5.4696629213483146,0.25177442017246626
19.831932773109244,5.535955056179775,0.24885982273439508
19.831932773109244,5.602247191011236,0.24599536821741477
19.831932773109244,5.668539325842697,0.24317985863595015
19.831932773109244,5.734831460674157,0.2404121329162216
19.831932773109244,5.801123595505618,0.23769106550473737
19.831932773109244,5.867415730337079,0.23501556503872903
19.831932773109244,5.9337078651685395,0.23238457307533542
19.831932773109244,6.0,0.22979706287655297
23.10924369747899,0.1,0.948160583285462
23.10924369747899,0.1662921348314607,0.916254944511028
23.10924369747899,0.23258426966292134,0.886127140211398
23.10924369747899,0.298876404494382,0.8576383821841954
23.10924369747899,0.3651685393258427,0.8306636965283073
23.10924369747899,0.4314606741573034,0.8050902651330328
23.10924369747899,0.49775280898876406,0.7808159988209348
23.10924369747899,0.5640449438202247,0.7577483054405308
23.10924369747899,0.6303370786516854,0.7358030226799575
23.10924369747899,0.6966292134831461,0.7149034905939939
23.10924369747899,0.7629213483146068,0.6949797430676377
23.10924369747899,0.8292134831460675,0.6759678008840775
23.10924369747899,0.895505617977528,0.6578090518819397
23.10924369747899,0.9617977528089887,0.6404497060002099
23.10924369747899,1.0280898876404494,0.6238403149173584
23.10924369747899,1.09438202247191,0.6079353475708956
23.10924369747899,1.1606741573033708,0.5926928141566211
23.10924369747899,1.2269662921348314,0.5780739323018086
23.10924369747899,1.2932584269662921,0.5640428300234384
23.10924369747899,1.3595505617977528,0.5505662808522378
23.10924369747899,1.4258426966292135,0.537613467152135
23.10924369747899,1.4921348314606742,0.5251557682128847
23.10924369747899,1.5584269662921348,0.5131665701584608
23.10924369747899,1.6247191011235955,0.5016210951089421
23.10924369747899,1.6910112359550562,0.49049624737055836
23.10924369747899,1.7573033707865169,0.47977047471657863
23.10924369747899,1.8235955056179776,0.46942364306863454
23.10924369747899,1.8898876404494382,0.459436923100181
23.10924369747899,1.956179775280899,0.44979268746655515
23.10924369747899,2.0224719101123596,0.44047441752395255
23.10924369747899,2.08876404494382,0.4314666185360962
23.10924369747899,2.155056179775281,0.42275474248592343
23.10924369747899,2.2213483146067414,0.4143251177125228
23.10924369747899,2.2876404494382023,0.4061648846832452
23.10924369747899,2.353932584269663,0.3982619372892445
23.10924369747899,2.4202247191011237,0.3906048691210756
23.10924369747899,2.486516853932584,0.38318292424105654
23.10924369747899,2.552808988764045,0.37598595202171653
23.10924369747899,2.6191011235955055,0.3690043656659376
23.10924369747899,2.6853932584269664,0.3622291040652964
23.10924369747899,2.751685393258427,0.35565159668899243
23.10924369747899,2.8179775280898878,0.349263731227687
23.10924369747899,2.8842696629213482,0.34305782374470023
23.10924369747899,2.950561797752809,0.33702659111203626
23.10924369747899,3.0168539325842696,0.33116312553088006
23.10924369747899,3.0831460674157305,0.32546087095596593
23.10924369747899,3.149438202247191,0.31991360126084467
23.10924369747899,3.215730337078652,0.31451539999667966
23.10924369747899,3.2820224719101123,0.30926064161132455
23.10924369747899,3.348314606741573,0.3041439740078972
23.10924369747899,3.4146067415730337,0.2991603023333246
23.10924369747899,3.4808988764044946,0.29430477389742454
23.10924369747899,3.547191011235955,0.2895727641321126
23.10924369747899,3.613483146067416,0.2849598635084455
23.10924369747899,3.6797752808988764,0.28046186533658757
23.10924369747899,3.746067415730337,0.2760747543803267
23.10924369747899,3.8123595505617978,0.27179469622376257
23.10924369747899,3.878651685393258,0.2676180273331406
23.10924369747899,3.944943820224719,0.2635412457617068
23.10924369747899,4.01123595505618,0.25956100244981134
23.10924369747899,4.0775280898876405,0.2556740930765436
23.10924369747899,4.143820224719101,0.251877450422736
23.10924369747899,4.210112359550561,0.24816813720851905
23.10924369747899,4.276404494382023,0.24454333937157008
23.10924369747899,4.342696629213483,0.24100035975491563
23.10924369747899,4.408988764044944,0.23753661217564517
23.10924369747899,4.475280898876404,0.23414961584813643
23.10924369747899,4.5415730337078655,0.23083699013745826
23.10924369747899,4.607865168539326,0.22759644962049616
23.10924369747899,4.674157303370786,0.22442579943407875
23.10924369747899,4.740449438202247,0.22132293089093463
23.10924369747899,4.806741573033708,0.21828581734577632
23.10924369747899,4.873033707865169,0.21531251029511186
23.10924369747899,4.939325842696629,0.2124011356955913
23.10924369747899,5.00561797752809,0.20954989048683426
23.10924369747899,5.071910112359551,0.2067570393056815
23.10924369747899,5.138202247191011,0.20402091137974632
23.10924369747899,5.204494382022472,0.20133989758904386
23.10924369747899,5.270786516853932,0.19871244768522722
23.10924369747899,5.337078651685394,0.19613706765872313
23.10924369747899,5.403370786516854,0.19361231724471853
23.10924369747899,5.4696629213483146,0.1911368075595827
23.10924369747899,5.535955056179775,0.18870919885988705
23.10924369747899,5.602247191011236,0.18632819841669446
23.10924369747899,5.668539325842697,0.18399255849832555
23.10924369747899,5.734831460674157,0.18170107445521014
23.10924369747899,5.801123595505618,0.17945258290090554
23.10924369747899,5.867415730337079,0.17724595998370965
23.10924369747899,5.9337078651685395,0.17508011974369322
23.10924369747899,6.0,0.17295401255028742
26.386554621848738,0.1,0.9321645203691377
26.386554621848738,0.1662921348314607,0.8914333974859219
26.386554621848738,0.23258426966292134,0.8536680259837922
26.386554621848738,0.298876404494382,0.8185675668488168
26.386554621848738,0.3651685393258427,0.7858698335988142
26.386554621848738,0.4314606741573034,0.7553453408494791
26.386554621848738,0.49775280898876406,0.726792412370428
26.386554621848738,0.5640449438202247,0.7000331359425459
26.386554621848738,0.6303370786516854,0.6749099995979086
26.386554621848738,0.6966292134831461,0.6512830796241397
26.386554621848738,0.7629213483146068,0.6290276780518564
26.386554621848738,0.8292134831460675,0.6080323283777301
26.386554621848738,0.895505617977528,0.5881971045788533
26.386554621848738,0.9617977528089887,0.5694321811960168
26.386554621848738,1.0280898876404494,0.5516566022571637
26.386554621848738,1.09438202247191,0.5347972247099674
26.386554621848738,1.1606741573033708,0.5187878083112305
26.386554621848738,1.2269662921348314,0.5035682289401228
26.386554621848738,1.2932584269662921,0.48908379633600024
26.386554621848738,1.3595505617977528,0.47528466051999946
26.386554621848738,1.4258426966292135,0.46212529380406353
26.386554621848738,1.4921348314606742,0.44956403744758194
26.386554621848738,1.5584269662921348,0.4375627037879815
26.386554621848738,1.6247191011235955,0.42608622612422226
26.386554621848738,1.6910112359550562,0.41510234983174865
26.386554621848738,1.7573033707865169,0.4045813591820573
26.386554621848738,1.8235955056179776,0.39449583516754666
26.386554621848738,1.8898876404494382,0.3848204403234959
26.386554621848738,1.956179775280899,0.3755317271182016
26.386554621848738,2.0224719101123596,0.36660796696926873
26.386554621848738,2.08876404494382,0.35802899735477833
26.386554621848738,2.155056179775281,0.34977608483565
26.386554621848738,2.2213483146067414,0.3418318021003662
26.386554621848738,2.2876404494382023,0.3341799173942463
26.386554621848738,2.353932584269663,0.326805294909669
26.386554621848738,2.4202247191011237,0.3196938048968435
26.386554621848738,2.486516853932584,0.31283224241205876
26.386554621848738,2.552808988764045,0.306208253755497
26.386554621848738,2.6191011235955055,0.29981026976729436
26.386554621848738,2.6853932584269664,0.29362744525131346
26.386554621848738,2.751685393258427,0.28764960388327354
26.386554621848738,2.8179775280898878,0.2818671880357174
26.386554621848738,2.8842696629213482,0.27627121301808377
26.386554621848738,2.950561797752809,0.27085322528765937
26.386554621848738,3.0168539325842696,0.2656052642372956
26.386554621848738,3.0831460674157305,0.2605198272096893
26.386554621848738,3.149438202247191,0.25558983742652897
26.386554621848738,3.215730337078652,0.2508086145545891
26.386554621848738,3.2820224719101123,0.2461698476606245
26.386554621848738,3.348314606741573,0.2416675703331421
26.386554621848738,3.4146067415730337,0.23729613777229192
26.386554621848738,3.4808988764044946,0.2330502056695709
26.386554621848738,3.547191011235955,0.2289247107172281
26.386554621848738,3.613483146067416,0.22491485260332436
26.386554621848738,3.6797752808988764,0.22101607736271192
26.386554621848738,3.746067415730337,0.21722406196695557
26.386554621848738,3.8123595505617978,0.21353470004753744
26.386554621848738,3.878651685393258,0.20994408865683428
26.386554621848738,3.944943820224719,0.20644851598040542
26.386554621848738,4.01123595505618,0.20304444992222503
26.386554621848738,4.0775280898876405,0.19972852749176787
26.386554621848738,4.143820224719101,0.1964975449283518
26.386554621848738,4.210112359550561,0.193348448504016
26.386554621848738,4.276404494382023,0.1902783259514551
26.386554621848738,4.342696629213483,0.18728439846829312
26.386554621848738,4.408988764044944,0.18436401325324045
26.386554621848738,4.475280898876404,0.18151463653354566
26.386554621848738,4.5415730337078655,0.1787338470466299
26.386554621848738,4.607865168539326,0.17601932994196567
26.386554621848738,4.674157303370786,0.1733688710721016
26.386554621848738,4.740449438202247,0.17078035164432354
26.386554621848738,4.806741573033708,0.1682517432068225
26.386554621848738,4.873033707865169,0.16578110294532733
26.386554621848738,4.939325842696629,0.16336656926815726
26.386554621848738,5.00561797752809,0.16100635765936142
26.386554621848738,5.071910112359551,0.15869875678127723
26.386554621848738,5.138202247191011,0.15644212480926017
26.386554621848738,5.204494382022472,0.1542348859827146
26.386554621848738,5.270786516853932,0.15207552735775554
26.386554621848738,5.337078651685394,0.14996259574796922
26.386554621848738,5.403370786516854,0.14789469484075088
26.386554621848738,5.4696629213483146,0.14587048247764514
26.386554621848738,5.535955056179775,0.14388866808796794
26.386554621848738,5.602247191011236,0.14194801026579726
26.386554621848738,5.668539325842697,0.14004731448110952
26.386554621848738,5.734831460674157,0.13818543091654625
26.386554621848738,5.801123595505618,0.13636125242186864
26.386554621848738,5.867415730337079,0.13457371257875636
26.386554621848738,5.9337078651685395,0.132821783869101
26.386554621848738,6.0,0.1311044759404281
29.66386554621849,0.1,0.9137505409875365
29.66386554621849,0.1662921348314607,0.8634302298022362
29.66386554621849,0.23258426966292134,0.8177317189453736
29.66386554621849,0.298876404494382,0.7760677957730019
29.66386554621849,0.3651685393258427,0.7379450525547308
29.66386554621849,0.4314606741573034,0.7029460540932017
29.66386554621849,0.49775280898876406,0.6707153989549232
29.66386554621849,0.5640449438202247,0.640948721594486
29.66386554621849,0.6303370786516854,0.6133839392330227
29.66386554621849,0.6966292134831461,0.5877942289113582
29.66386554621849,0.7629213483146068,0.5639823502381895
29.66386554621849,0.8292134831460675,0.5417760236736637
29.66386554621849,0.895505617977528,0.5210241433172839
29.66386554621849,0.9617977528089887,0.5015936543522452
29.66386554621849,1.0280898876404494,0.4833669635563847
29.66386554621849,1.09438202247191,0.4662397801439255
29.66386554621849,1.1606741573033708,0.45011930614649026
29.66386554621849,1.2269662921348314,0.4349227123641443
29.66386554621849,1.2932584269662921,0.4205758489090592
29.66386554621849,1.3595505617977528,0.40701214946939124
29.66386554621849,1.4258426966292135,0.39417169633294613
29.66386554621849,1.4921348314606742,0.38200041944448754
29.66386554621849,1.5584269662921348,0.3704494077125646
29.66386554621849,1.6247191011235955,0.3594743147216185
29.66386554621849,1.6910112359550562,0.3490348441633868
29.66386554621849,1.7573033707865169,0.3390943028462932
29.66386554621849,1.8235955056179776,0.32961921120210297
29.66386554621849,1.8898876404494382,0.3205789628855384
29.66386554621849,1.956179775280899,0.3119455264325481
29.66386554621849,2.0224719101123596,0.3036931830675138
29.66386554621849,2.08876404494382,0.2957982956763997
29.66386554621849,2.155056179775281,0.2882391047298375
29.66386554621849,2.2213483146067414,0.28099554757708417
29.66386554621849,2.2876404494382023,0.27404909806286787
29.66386554621849,2.353932584269663,0.26738262386340184
29.66386554621849,2.4202247191011237,0.26098025931077956
29.66386554621849,2.486516853932584,0.2548272917890347
29.66386554621849,2.552808988764045,0.24891006005050753
29.66386554621849,2.6191011235955055,0.2432158630259608
29.66386554621849,2.6853932584269664,0.23773287789298128
29.66386554621849,2.751685393258427,0.2324500863300583
29.66386554621849,2.8179775280898878,0.22735720802285214
29.66386554621849,2.8842696629213482,0.2224446406084488
29.66386554621849,2.950561797752809,0.21770340534576083
29.66386554621849,3.0168539325842696,0.21312509788847644
29.66386554621849,3.0831460674157305,0.20870184361304295
29.66386554621849,3.149438202247191,0.20442625702007897
29.66386554621849,3.215730337078652,0.20029140478465077
29.66386554621849,3.2820224719101123,0.19629077208053675
29.66386554621849,3.348314606741573,0.1924182318467665
29.66386554621849,3.4146067415730337,0.1886680167024566
29.66386554621849,3.4808988764044946,0.18503469324890753
29.66386554621849,3.547191011235955,0.1815131385268204
29.66386554621849,3.613483146067416,0.1780985184218309
29.66386554621849,3.6797752808988764,0.17478626783382664
29.66386554621849,3.746067415730337,0.17157207244516917
29.66386554621849,3.8123595505617978,0.16845185194021506
29.66386554621849,3.878651685393258,0.1654217445438771
29.66386554621849,3.944943820224719,0.16247809276048503
29.66386554621849,4.01123595505618,0.15961743020621807
29.66386554621849,4.0775280898876405,0.15683646943905324
29.66386554621849,4.143820224719101,0.15413209069966
29.66386554621849,4.210112359550561,0.15150133148510428
29.66386554621849,4.276404494382023,0.14894137688477793
29.66386554621849,4.342696629213483,0.14644955061467888
29.66386554621849,4.408988764044944,0.14402330669220142
29.66386554621849,4.475280898876404,0.14166022169898038
29.66386554621849,4.5415730337078655,0.1393579875841583
29.66386554621849,4.607865168539326,0.13711440496479407
29.66386554621849,4.674157303370786,0.1349273768840342
29.66386554621849,4.740449438202247,0.13279490299115976
29.66386554621849,4.806741573033708,0.13071507411081662
29.66386554621849,4.873033707865169,0.1286860671715599
29.66386554621849,4.939325842696629,0.12670614046644466
29.66386554621849,5.00561797752809,0.12477362922071442
29.66386554621849,5.071910112359551,0.12288694144375104
29.66386554621849,5.138202247191011,0.121044554044366
29.66386554621849,5.204494382022472,0.1192450091902382
29.66386554621849,5.270786516853932,0.11748691089389195
29.66386554621849,5.337078651685394,0.11576892180902622
29.66386554621849,5.403370786516854,0.11408976022231505
29.66386554621849,5.4696629213483146,0.1124481972269894
29.66386554621849,5.535955056179775,0.11084305406557957
29.66386554621849,5.602247191011236,0.10927319963019891
29.66386554621849,5.668539325842697,0.1077375481096322
29.66386554621849,5.734831460674157,0.10623505677333667
29.66386554621849,5.801123595505618,0.10476472388319262
29.66386554621849,5.867415730337079,0.10332558672455405
29.66386554621849,5.9337078651685395,0.10191671974876024
29.66386554621849,6.0,0.10053723281986328
32.94117647058823,0.1,0.893067040677637
32.94117647058823,0.1662921348314607,0.8326841942915346
32.94117647058823,0.23258426966292134,0.7790916411238649
32.94117647058823,0.298876404494382,0.7312415734719195
32.94117647058823,0.3651685393258427,0.6882878816856011
32.94117647058823,0.4314606741573034,0.6495402881884411
32.94117647058823,0.49775280898876406,0.614430379816688
32.94117647058823,0.5640449438202247,0.5824861012543036
32.94117647058823,0.6303370786516854,0.5533123588297072
32.94117647058823,0.6966292134831461,0.526576099610488
32.94117647058823,0.7629213483146068,0.5019947108262689
32.94117647058823,0.8292134831460675,0.4793269121360071
32.94117647058823,0.895505617977528,0.4583655400981822
32.94117647058823,0.9617977528089887,0.4389317835701809
32.94117647058823,1.0280898876404494,0.42087054220199566
32.94117647058823,1.09438202247191,0.4040466619226295
32.94117647058823,1.1606741573033708,0.38834186087596034
32.94117647058823,1.2269662921348314,0.3736522031225945
32.94117647058823,1.2932584269662921,0.35988601004325893
32.94117647058823,1.3595505617977528,0.3469621238634917
32.94117647058823,1.4258426966292135,0.3348084562577898
32.94117647058823,1.4921348314606742,0.3233607691427759
32.94117647058823,1.5584269662921348,0.3125616456551051
32.94117647058823,1.6247191011235955,0.30235961774503706
32.94117647058823,1.6910112359550562,0.2927084233979795
32.94117647058823,1.7573033707865169,0.28356637166459625
32.94117647058823,1.8235955056179776,0.2748957977639873
32.94117647058823,1.8898876404494382,0.26666259377039536
32.94117647058823,1.956179775280899,0.25883580298829234
32.94117647058823,2.0224719101123596,0.25138726820536866
32.94117647058823,2.08876404494382,0.2442913256965593
32.94117647058823,2.155056179775281,0.23752453821852398
32.94117647058823,2.2213483146067414,0.23106546134792197
32.94117647058823,2.2876404494382023,0.2248944384289965
32.94117647058823,2.353932584269663,0.21899342014616344
32.94117647058823,2.4202247191011237,0.21334580535668313
32.94117647058823,2.486516853932584,0.20793630033199173
32.94117647058823,2.552808988764045,0.2027507939834446
32.94117647058823,2.6191011235955055,0.19777624700499147
32.94117647058823,2.6853932584269664,0.19300059316420665
32.94117647058823,2.751685393258427,0.18841265122440173
32.94117647058823,2.8179775280898878,0.1840020461925041
32.94117647058823,2.8842696629213482,0.17975913876668573
32.94117647058823,2.950561797752809,0.17567496200986682
32.94117647058823,3.0168539325842696,0.17174116440472412
32.94117647058823,3.0831460674157305,0.1679499585562609
32.94117647058823,3.149438202247191,0.16429407490258552
32.94117647058823,3.215730337078652,0.16076671987558677
32.94117647058823,3.2820224719101123,0.15736153802294478
32.94117647058823,3.348314606741573,0.15407257766305013
32.94117647058823,3.4146067415730337,0.15089425969631115
32.94117647058823,3.4808988764044946,0.1478213492413552
32.94117647058823,3.547191011235955,0.14484892980365063
32.94117647058823,3.613483146067416,0.14197237971804186
32.94117647058823,3.6797752808988764,0.13918735063631707
32.94117647058823,3.746067415730337,0.13648974785674284
32.94117647058823,3.8123595505617978,0.13387571231517123
32.94117647058823,3.878651685393258,0.1313416040771158
32.94117647058823,3.944943820224719,0.12888398718765431
32.94117647058823,4.01123595505618,0.12649961575132862
32.94117647058823,4.0775280898876405,0.12418542112772436
32.94117647058823,4.143820224719101,0.12193850014036232
32.94117647058823,4.210112359550561,0.1197561042070711
32.94117647058823,4.276404494382023,0.1176356293093667
32.94117647058823,4.342696629213483,0.1155746067266672
32.94117647058823,4.408988764044944,0.11357069446852389
32.94117647058823,4.475280898876404,0.11162166934462919
32.94117647058823,4.5415730337078655,0.10972541961820027
32.94117647058823,4.607865168539326,0.10787993819354569
32.94117647058823,4.674157303370786,0.10608331629330404
32.94117647058823,4.740449438202247,0.10433373758500433
32.94117647058823,4.806741573033708,0.10262947272033537
32.94117647058823,4.873033707865169,0.10096887425388104
32.94117647058823,4.939325842696629,0.09935037191107118
32.94117647058823,5.00561797752809,0.09777246817783465
32.94117647058823,5.071910112359551,0.09623373418685895
32.94117647058823,5.138202247191011,0.09473280587757796
32.94117647058823,5.204494382022472,0.09326838040899316
32.94117647058823,5.270786516853932,0.0918392128062212
32.94117647058823,5.337078651685394,0.09044411282330123
32.94117647058823,5.403370786516854,0.0890819420062498
32.94117647058823,5.4696629213483146,0.08775161094169769
32.94117647058823,5.535955056179775,0.08645207667764349
32.94117647058823,5.602247191011236,0.08518234030397065
32.94117647058823,5.668539325842697,0.08394144468135833
32.94117647058823,5.734831460674157,0.08272847230814341
32.94117647058823,5.801123595505618,0.08154254331550724
32.94117647058823,5.867415730337079,0.08038281358212188
32.94117647058823,5.9337078651685395,0.07924847296008632
32.94117647058823,6.0,0.07813874360459898
36.21848739495798,0.1,0.8703099522640589
36.21848739495798,0.1662921348314607,0.7996963277602936
36.21848739495798,0.23258426966292134,0.7385614476985364
36.21848739495798,0.298876404494382,0.6851744829608848
36.21848739495798,0.3651685393258427,0.6381956610683922
36.21848739495798,0.4314606741573034,0.5965726670924677
36.21848739495798,0.49775280898876406,0.5594681418022548
36.21848739495798,0.5640449438202247,0.526207946856792
36.21848739495798,0.6303370786516854,0.4962436002513509
36.21848739495798,0.6966292134831461,0.4691245694271314
36.21848739495798,0.7629213483146068,0.44447754265576056
36.21848739495798,0.8292134831460675,0.4219907192082534
36.21848739495798,0.895505617977528,0.4014017615200186
36.21848739495798,0.9617977528089887,0.38248845490360356
36.21848739495798,1.0280898876404494,0.36506139358273854
36.21848739495798,1.09438202247191,0.3489582002978544
36.21848739495798,1.1606741573033708,0.33403891864494717
36.21848739495798,1.2269662921348314,0.32018231087527
36.21848739495798,1.2932584269662921,0.30728286107758906
36.21848739495798,1.3595505617977528,0.29524833248019333
36.21848739495798,1.4258426966292135,0.2839977634560672
36.21848739495798,1.4921348314606742,0.27345981340328024
36.21848739495798,1.5584269662921348,0.26357138958068305
36.21848739495798,1.6247191011235955,0.25427650101719046
36.21848739495798,1.6910112359550562,0.24552529706723447
36.21848739495798,1.7573033707865169,0.2372732569779527
36.21848739495798,1.8235955056179776,0.22948050363369774
36.21848739495798,1.8898876404494382,0.222111219939092
36.21848739495798,1.956179775280899,0.21513315045315562
36.21848739495798,2.0224719101123596,0.208517174161923
36.21848739495798,2.08876404494382,0.20223693687566763
36.21848739495798,2.155056179775281,0.19626853381084658
36.21848739495798,2.2213483146067414,0.1905902345809939
36.21848739495798,2.2876404494382023,0.1851822441628775
36.21848739495798,2.353932584269663,0.18002649449196742
36.21848739495798,2.4202247191011237,0.17510646222695742
36.21848739495798,2.486516853932584,0.17040700894751296
36.21848739495798,2.552808988764045,0.16591424064449456
36.21848739495798,2.6191011235955055,0.16161538385269386
36.21848739495798,2.6853932584269664,0.15749867618257923
36.21848739495798,2.751685393258427,0.1535532693453531
36.21848739495798,2.8179775280898878,0.14976914304741443
36.21848739495798,2.8842696629213482,0.14613702836629305
36.21848739495798,2.950561797752809,0.1426483394182145
36.21848739495798,3.0168539325842696,0.13929511229448727
36.21848739495798,3.0831460674157305,0.13606995038502248
36.21848739495798,3.149438202247191,0.1329659753269849
36.21848739495798,3.215730337078652,0.12997678291831868
36.21848739495798,3.2820224719101123,0.12709640342266432
36.21848739495798,3.348314606741573,0.12431926576636333
36.21848739495798,3.4146067415730337,0.12164016519184284
36.21848739495798,3.4808988764044946,0.11905423398631197
36.21848739495798,3.547191011235955,0.11655691495180259
36.21848739495798,3.613483146067416,0.1141439373232174
36.21848739495798,3.6797752808988764,0.11181129487626082
36.21848739495798,3.746067415730337,0.10955522599763
36.21848739495798,3.8123595505617978,0.10737219551640305
36.21848739495798,3.878651685393258,0.105258878118646
36.21848739495798,3.944943820224719,0.10321214318746895
36.21848739495798,4.01123595505618,0.1012290409283822
36.21848739495798,4.0775280898876405,0.09930678965528887
36.21848739495798,4.143820224719101,0.09744276412600862
36.21848739495798,4.210112359550561,0.0956344848281844
36.21848739495798,4.276404494382023,0.0938796081269316
36.21848739495798,4.342696629213483,0.09217591719488158
36.21848739495798,4.408988764044944,0.09052131365347557
36.21848739495798,4.475280898876404,0.08891380986163896
36.21848739495798,4.5415730337078655,0.0873515217944015
36.21848739495798,4.607865168539326,0.08583266245976987
36.21848739495798,4.674157303370786,0.08435553580723347
36.21848739495798,4.740449438202247,0.08291853108584187
36.21848739495798,4.806741573033708,0.0815201176138225
36.21848739495798,4.873033707865169,0.08015883992533397
36.21848739495798,4.939325842696629,0.07883331326318731
36.21848739495798,5.00561797752809,0.07754221938925364
36.21848739495798,5.071910112359551,0.07628430268688899
36.21848739495798,5.138202247191011,0.07505836653203639
36.21848739495798,5.204494382022472,0.07386326991175969
36.21848739495798,5.270786516853932,0.07269792427086613
36.21848739495798,5.337078651685394,0.07156129056895935
36.21848739495798,5.403370786516854,0.0704523765318224
36.21848739495798,5.4696629213483146,0.06937023408240076
36.21848739495798,5.535955056179775,0.06831395693792136
36.21848739495798,5.602247191011236,0.06728267836082029
36.21848739495798,5.668539325842697,0.06627556905217688
36.21848739495798,5.734831460674157,0.06529183517728819
36.21848739495798,5.801123595505618,0.06433071651387527
36.21848739495798,5.867415730337079,0.06339148471416942
36.21848739495798,5.9337078651685395,0.06247344167284223
36.21848739495798,6.0,0.06157591799337742
39.49579831932773,0.1,0.8457134725590676
39.49579831932773,0.1662921348314607,0.7650006883100304
39.49579831932773,0.23258426966292134,0.6969426925994394
39.49579831932773,0.298876404494382,0.6388648431342515
39.49579831932773,0.3651685393258427,0.5887861946284454
39.49579831932773,0.4314606741573034,0.5452100944347444
39.49579831932773,0.49775280898876406,0.5069859251304675
39.49579831932773,0.5640449438202247,0.4732154031913718
39.49579831932773,0.6303370786516854,0.4431875962702501
39.49579831932773,0.6966292134831461,0.4163329274479234
39.49579831932773,0.7629213483146068,0.39219001940222115
39.49579831932773,0.8292134831460675,0.37038139901726835
39.49579831932773,0.895505617977528,0.35059542875245825
39.49579831932773,0.9617977528089887,0.33257268672906626
39.49579831932773,1.0280898876404494,0.31609557328755894
39.49579831932773,1.09438202247191,0.30098028989681747
39.49579831932773,1.1606741573033708,0.2870705844973365
39.49579831932773,1.2269662921348314,0.27423282745138816
39.49579831932773,1.2932584269662921,0.2623521005952499
39.49579831932773,1.3595505617977528,0.25132906534420346
39.49579831932773,1.4258426966292135,0.2410774354229914
39.49579831932773,1.4921348314606742,0.23152192289861967
39.49579831932773,1.5584269662921348,0.22259655770202422
39.49579831932773,1.6247191011235955,0.2142433040981143
39.49579831932773,1.6910112359550562,0.20641091492029331
39.49579831932773,1.7573033707865169,0.19905397744765746
39.49579831932773,1.8235955056179776,0.19213211471731892
39.49579831932773,1.8898876404494382,0.18560931365005584
39.49579831932773,1.956179775280899,0.17945335721554476
39.49579831932773,2.0224719101123596,0.1736353424042947
39.49579831932773,2.08876404494382,0.16812926932317016
39.49579831932773,2.155056179775281,0.16291168952419838
39.49579831932773,2.2213483146067414,0.15796140388705573
39.49579831932773,2.2876404494382023,0.15325920213568758
39.49579831932773,2.353932584269663,0.14878763747851034
39.49579831932773,2.4202247191011237,0.14453083099553662
39.49579831932773,2.486516853932584,0.14047430131285354
39.49579831932773,2.552808988764045,0.13660481585012899
39.49579831932773,2.6191011235955055,0.13291026053524663
39.49579831932773,2.6853932584269664,0.12937952537900635
39.49579831932773,2.751685393258427,0.1260024037136029
39.49579831932773,2.8179775280898878,0.12276950323811989
39.49579831932773,2.8842696629213482,0.11967216729608192
39.49579831932773,2.950561797752809,0.11670240504481087
39.49579831932773,3.0168539325842696,0.11385282937252167
39.49579831932773,3.0831460674157305,0.11111660158364381
39.49579831932773,3.149438202247191,0.10848738201135355
39.49579831932773,3.215730337078652,0.1059592858331654
39.49579831932773,3.2820224719101123,0.1035268434644503
39.49579831932773,3.348314606741573,0.10118496498878529
39.49579831932773,3.4146067415730337,0.09892890815565498
39.49579831932773,3.4808988764044946,0.09675424953714326
39.49579831932773,3.547191011235955,0.0946568584876372
39.49579831932773,3.613483146067416,0.09263287359547295
39.49579831932773,3.6797752808988764,0.09067868135416975
39.49579831932773,3.746067415730337,0.0887908968142339
39.49579831932773,3.8123595505617978,0.08696634600539115
39.49579831932773,3.878651685393258,0.08520204994408614
39.49579831932773,3.944943820224719,0.08349521006282466
39.49579831932773,4.01123595505618,0.08184319491682022
39.49579831932773,4.0775280898876405,0.08024352803989802
39.49579831932773,4.143820224719101,0.07869387683600913
39.49579831932773,4.210112359550561,0.07719204240532927
39.49579831932773,4.276404494382023,0.07573595021497044
39.49579831932773,4.342696629213483,0.07432364153406339
39.49579831932773,4.408988764044944,0.07295326556153194
39.49579831932773,4.475280898876404,0.07162307218242472
39.49579831932773,4.5415730337078655,0.07033140529534122
39.49579831932773,4.607865168539326,0.0690766966593967
39.49579831932773,4.674157303370786,0.06785746021439046
39.49579831932773,4.740449438202247,0.06667228683249538
39.49579831932773,4.806741573033708,0.06551983946390899
39.49579831932773,4.873033707865169,0.06439884864258028
39.49579831932773,4.939325842696629,0.0633081083214076
39.49579831932773,5.00561797752809,0.062246472009224736
39.49579831932773,5.071910112359551,0.0612128491845076
39.49579831932773,5.138202247191011,0.06020620196308173
39.49579831932773,5.204494382022472,0.059225541999197086
39.49579831932773,5.270786516853932,0.05826992760123938
39.49579831932773,5.337078651685394,0.05733846104502114
39.49579831932773,5.403370786516854,0.056430286069134326
39.49579831932773,5.4696629213483146,0.055544585538210386
39.49579831932773,5.535955056179775,0.05468057926117696
39.49579831932773,5.602247191011236,0.05383752195271292
39.49579831932773,5.668539325842697,0.053014701327118836
39.49579831932773,5.734831460674157,0.052211436314734
39.49579831932773,5.801123595505618,0.05142707539185486
39.49579831932773,5.867415730337079,0.05066099501586632
39.49579831932773,5.9337078651685395,0.04991259815797812
39.49579831932773,6.0,0.04918131292657643
42.773109243697476,0.1,0.8195400141448504
42.773109243697476,0.1662921348314607,0.7291367148824871
42.773109243697476,0.23258426966292134,0.6549821647434058
42.773109243697476,0.298876404494382,0.5931757118998683
42.773109243697476,0.3651685393258427,0.5409563880280019
42.773109243697476,0.4314606741573034,0.4963181381725867
42.773109243697476,0.49775280898876406,0.4577703247335587
42.773109243697476,0.5640449438202247,0.42418351308727004
42.773109243697476,0.6303370786516854,0.3946872157557756
42.773109243697476,0.6966292134831461,0.3686003294477632
42.773109243697476,0.7629213483146068,0.3453827317721315
42.773109243697476,0.8292134831460675,0.32460091893424814
42.773109243697476,0.895505617977528,0.3059031698542703
42.773109243697476,0.9617977528089887,0.28900130360996534
42.773109243697476,1.0280898876404494,0.27365708277726813
42.773109243697476,1.09438202247191,0.2596719440918051
42.773109243697476,1.1606741573033708,0.24687914762031463
42.773109243697476,1.2269662921348314,0.23513770781498178
42.773109243697476,1.2932584269662921,0.22432765381805647
42.773109243697476,1.3595505617977528,0.2143462927782747
42.773109243697476,1.4258426966292135,0.20510523806078557
42.773109243697476,1.4921348314606742,0.19652802651328727
42.773109243697476,1.5584269662921348,0.1885481935303756
42.773109243697476,1.6247191011235955,0.18110770694426281
42.773109243697476,1.6910112359550562,0.17415568441046053
42.773109243697476,1.7573033707865169,0.1676473364449288
42.773109243697476,1.8235955056179776,0.1615430903301739
42.773109243697476,1.8898876404494382,0.15580785995053192
42.773109243697476,1.956179775280899,0.1504104340971759
42.773109243697476,2.0224719101123596,0.1453229615136918
42.773109243697476,2.08876404494382,0.1405205153757986
42.773109243697476,2.155056179775281,0.13598072333659614
42.773109243697476,2.2213483146067414,0.13168345195893089
42.773109243697476,2.2876404494382023,0.12761053647506426
42.773109243697476,2.353932584269663,0.12374554849239391
42.773109243697476,2.4202247191011237,0.12007359560152268
42.773109243697476,2.486516853932584,0.11658114791464583
42.773109243697476,2.552808988764045,0.1132558874253123
42.773109243697476,2.6191011235955055,0.1100865767792439
42.773109243697476,2.6853932584269664,0.10706294461398604
42.773109243697476,2.751685393258427,0.10417558508931773
42.773109243697476,2.8179775280898878,0.10141586961112754
42.773109243697476,2.8842696629213482,0.0987758690652176
42.773109243697476,2.950561797752809,0.09624828513702455
42.773109243697476,3.0168539325842696,0.09382638950872392
42.773109243697476,3.0831460674157305,0.09150396990479524
42.773109243697476,3.149438202247191,0.08927528210732731
42.773109243697476,3.215730337078652,0.08713500718837475
42.773109243697476,3.2820224719101123,0.08507821331283125
42.773109243697476,3.348314606741573,0.0831003215548779
42.773109243697476,3.4146067415730337,0.0811970752470428
42.773109243697476,3.4808988764044946,0.07936451244537605
42.773109243697476,3.547191011235955,0.07759894114925041
42.773109243697476,3.613483146067416,0.07589691696123599
42.773109243697476,3.6797752808988764,0.07425522291274118
42.773109243697476,3.746067415730337,0.07267085121565439
42.773109243697476,3.8123595505617978,0.07114098672996867
42.773109243697476,3.878651685393258,0.06966299196303978
42.773109243697476,3.944943820224719,0.06823439343832734
42.773109243697476,4.01123595505618,0.06685286929072874
42.773109243697476,4.0775280898876405,0.06551623796232188
42.773109243697476,4.143820224719101,0.064222447886906
42.773109243697476,4.210112359550561,0.06296956806442962
42.773109243697476,4.276404494382023,0.061755779437491276
42.773109243697476,4.342696629213483,0.0605793669918337
42.773109243697476,4.408988764044944,0.05943871251127892
42.773109243697476,4.475280898876404,0.05833228792505518
42.773109243697476,4.5415730337078655,0.057258649192078154
42.773109243697476,4.607865168539326,0.05621643067256592
42.773109243697476,4.674157303370786,0.05520433994252828
42.773109243697476,4.740449438202247,0.05422115301122374
42.773109243697476,4.806741573033708,0.053265709905715136
42.773109243697476,4.873033707865169,0.052336910590251355
42.773109243697476,4.939325842696629,0.05143371119138203
42.773109243697476,5.00561797752809,0.05055512050256167
42.773109243697476,5.071910112359551,0.04970019674452775
42.773109243697476,5.138202247191011,0.048868044560003536
42.773109243697476,5.204494382022472,0.04805781222329481
42.773109243697476,5.270786516853932,0.04726868904716745
42.773109243697476,5.337078651685394,0.04649990297101264
42.773109243697476,5.403370786516854,0.04575071831576661
42.773109243697476,5.4696629213483146,0.045020433692363096
42.773109243697476,5.535955056179775,0.044308380051675894
42.773109243697476,5.602247191011236,0.043613918864971256
42.773109243697476,5.668539325842697,0.04293644042485156
42.773109243697476,5.734831460674157,0.04227536225753282
42.773109243697476,5.801123595505618,0.04163012763808913
42.773109243697476,5.867415730337079,0.04100020420099636
42.773109243697476,5.9337078651685395,0.04038508263895872
42.773109243697476,6.0,0.03978427548357726
46.05042016806723,0.1,0.7920699010364789
46.05042016806723,0.1662921348314607,0.6926251241589846
46.05042016806723,0.23258426966292134,0.6133412627758139
46.05042016806723,0.298876404494382,0.5488094700366141
46.05042016806723,0.3651685393258427,0.4953729486050105
46.05042016806723,0.4314606741573034,0.45047571622038474
46.05042016806723,0.49775280898876406,0.4122804362897075
46.05042016806723,0.5640449438202247,0.3794343730841329
46.05042016806723,0.6303370786516854,0.35092077191368415
46.05042016806723,0.6966292134831461,0.3259614962732523
46.05042016806723,0.7629213483146068,0.30395149068812977
46.05042016806723,0.8292134831460675,0.28441360296815
46.05042016806723,0.895505617977528,0.266966777499218
46.05042016806723,0.9617977528089887,0.2513032371684626
46.05042016806723,1.0280898876404494,0.2371718351333267
46.05042016806723,1.09438202247191,0.22436572172714214
46.05042016806723,1.1606741573033708,0.2127130809173791
46.05042016806723,1.2269662921348314,0.20207008416348843
46.05042016806723,1.2932584269662921,0.1923154687680151
46.05042016806723,1.3595505617977528,0.18334632178351484
46.05042016806723,1.4258426966292135,0.17507476924381848
46.05042016806723,1.4921348314606742,0.16742535273684578
46.05042016806723,1.5584269662921348,0.16033293313542898
46.05042016806723,1.6247191011235955,0.1537410024548244
46.05042016806723,1.6910112359550562,0.1476003144628716
46.05042016806723,1.7573033707865169,0.14186776628469697
46.05042016806723,1.8235955056179776,0.13650547916540984
46.05042016806723,1.8898876404494382,0.13148003839767836
46.05042016806723,1.956179775280899,0.12676186131253622
46.05042016806723,2.0224719101123596,0.12232466896519203
46.05042016806723,2.08876404494382,0.11814504228847196
46.05042016806723,2.155056179775281,0.11420204744182808
46.05042016806723,2.2213483146067414,0.11047691814912698
46.05042016806723,2.2876404494382023,0.10695278521033781
46.05042016806723,2.353932584269663,0.10361444525089943
46.05042016806723,2.4202247191011237,0.10044816225718953
46.05042016806723,2.486516853932584,0.09744149662669101
46.05042016806723,2.552808988764045,0.09458315740486202
46.05042016806723,2.6191011235955055,0.09186287413883416
46.05042016806723,2.6853932584269664,0.08927128539041976
46.05042016806723,2.751685393258427,0.08679984144787911
46.05042016806723,2.8179775280898878,0.08444071918114632
46.05042016806723,2.8842696629213482,0.08218674731706811
46.05042016806723,2.950561797752809,0.08003134068416558
46.05042016806723,3.0168539325842696,0.07796844220183295
46.05042016806723,3.0831460674157305,0.0759924715757319
46.05042016806723,3.149438202247191,0.07409827981664278
46.05042016806723,3.215730337078652,0.07228110882986151
46.05042016806723,3.2820224719101123,0.07053655543105979
46.05042016806723,3.348314606741573,0.06886053923599114
46.05042016806723,3.4146067415730337,0.06724927394860059
46.05042016806723,3.4808988764044946,0.06569924163737607
46.05042016806723,3.547191011235955,0.06420716964517986
46.05042016806723,3.613483146067416,0.06277000982494155
46.05042016806723,3.6797752808988764,0.061384919833831667
46.05042016806723,3.746067415730337,0.060049246252960056
46.05042016806723,3.8123595505617978,0.058760509329172636
46.05042016806723,3.878651685393258,0.05751638916092457
46.05042016806723,3.944943820224719,0.05631471317210362
46.05042016806723,4.01123595505618,0.055153444736596335
46.05042016806723,4.0775280898876405,0.054030672832783615
46.05042016806723,4.143820224719101,0.05294460262137256
46.05042016806723,4.210112359550561,0.051893546852347816
46.05042016806723,4.276404494382023,0.050875918017611155
46.05042016806723,4.342696629213483,0.04989022117529994
46.05042016806723,4.408988764044944,0.04893504738001432
46.05042016806723,4.475280898876404,0.04800906766041984
46.05042016806723,4.5415730337078655,0.04711102749203372
46.05042016806723,4.607865168539326,0.04623974171859417
46.05042016806723,4.674157303370786,0.04539408988034004
46.05042016806723,4.740449438202247,0.04457301191186836
46.05042016806723,4.806741573033708,0.04377550417609669
46.05042016806723,4.873033707865169,0.0430006158042548
46.05042016806723,4.939325842696629,0.04224744531485663
46.05042016806723,5.00561797752809,0.04151513748729486
46.05042016806723,5.071910112359551,0.040802880468082996
46.05042016806723,5.138202247191011,0.04010990308991433
46.05042016806723,5.204494382022472,0.03943547238559015
46.05042016806723,5.270786516853932,0.03877889128059227
46.05042016806723,5.337078651685394,0.038139496449576274
46.05042016806723,5.403370786516854,0.03751665632343864
46.05042016806723,5.4696629213483146,0.03690976923482814
46.05042016806723,5.535955056179775,0.036318261691072815
46.05042016806723,5.602247191011236,0.03574158676448191
46.05042016806723,5.668539325842697,0.0351792225908733
46.05042016806723,5.734831460674157,0.03463067096797831
46.05042016806723,5.801123595505618,0.03409545604610399
46.05042016806723,5.867415730337079,0.03357312310408093
46.05042016806723,5.9337078651685395,0.03306323740412717
46.05042016806723,6.0,0.032565383119783325
49.32773109243698,0.1,0.7635913466667605
49.32773109243698,0.1662921348314607,0.6559486437635372
49.32773109243698,0.23258426966292134,0.5725777686552109
49.32773109243698,0.298876404494382,0.5063018941770826
49.32773109243698,0.3651685393258427,0.4524866318490536
49.32773109243698,0.4314606741573034,0.4080133197235562
49.32773109243698,0.49775280898876406,0.37071055752985776
49.32773109243698,0.5640449438202247,0.3390225839042662
49.32773109243698,0.6303370786516854,0.3118071996848035
49.32773109243698,0.6966292134831461,0.28820799490511306
49.32773109243698,0.7629213483146068,0.2675709515117497
49.32773109243698,0.8292134831460675,0.2493884875399501
49.32773109243698,0.895505617977528,0.23326099370840417
49.32773109243698,0.9617977528089887,0.2188698221178029
49.32773109243698,1.0280898876404494,0.20595795208552153
49.32773109243698,1.09438202247191,0.19431591241685447
49.32773109243698,1.1606741573033708,0.1837713716893197
49.32773109243698,1.2269662921348314,0.17418133242711648
49.32773109243698,1.2932584269662921,0.1654262027862509
49.32773109243698,1.3595505617977528,0.15740524138526488
49.32773109243698,1.4258426966292135,0.1500330195716238
49.32773109243698,1.4921348314606742,0.1432366466420449
49.32773109243698,1.5584269662921348,0.13695357354316404
49.32773109243698,1.6247191011235955,0.13112983969173195
49.32773109243698,1.6910112359550562,0.12571866246541352
49.32773109243698,1.7573033707865169,0.12067929403812588
49.32773109243698,1.8235955056179776,0.11597608851955782
49.32773109243698,1.8898876404494382,0.1115777358098669
49.32773109243698,1.956179775280899,0.10745662857439121
49.32773109243698,2.0224719101123596,0.10358833623767078
49.32773109243698,2.08876404494382,0.09995116556548206
49.32773109243698,2.155056179775281,0.09652579172782029
49.32773109243698,2.2213483146067414,0.09329494705956527
49.32773109243698,2.2876404494382023,0.09024315730920593
49.32773109243698,2.353932584269663,0.087356517172542
49.32773109243698,2.4202247191011237,0.08462249848301945
49.32773109243698,2.486516853932584,0.08202978567386666
49.32773109243698,2.552808988764045,0.07956813411500134
49.32773109243698,2.6191011235955055,0.07722824771673778
49.32773109243698,2.6853932584269664,0.07500167282601056
49.32773109243698,2.751685393258427,0.07288070595236426
49.32773109243698,2.8179775280898878,0.07085831327584927
49.32773109243698,2.8842696629213482,0.0689280602270807
49.32773109243698,2.950561797752809,0.06708404970646624
49.32773109243698,3.0168539325842696,0.06532086773711532
49.32773109243698,3.0831460674157305,0.06363353553369926
49.32773109243698,3.149438202247191,0.06201746712513619
49.32773109243698,3.215730337078652,0.06046843179837098
49.32773109243698,3.2820224719101123,0.058982520738546894
49.32773109243698,3.348314606741573,0.05755611733134506
49.32773109243698,3.4146067415730337,0.05618587066931083
49.32773109243698,3.4808988764044946,0.05486867186809813
49.32773109243698,3.547191011235955,0.05360163285278497
49.32773109243698,3.613483146067416,0.052382067320419265
49.32773109243698,3.6797752808988764,0.051207473624067364
49.32773109243698,3.746067415730337,0.05007551935703596
49.32773109243698,3.8123595505617978,0.04898402744447885
49.32773109243698,3.878651685393258,0.04793096357409327
49.32773109243698,3.944943820224719,0.04691442481866518
49.32773109243698,4.01123595505618,0.045932629321362155
49.32773109243698,4.0775280898876405,0.04498390693035393
49.32773109243698,4.143820224719101,0.04406669068290752
49.32773109243698,4.210112359550561,0.0431795090508876
49.32773109243698,4.276404494382023,0.04232097886982742
49.32773109243698,4.342696629213483,0.04148979888266848
49.32773109243698,4.408988764044944,0.0406847438370561
49.32773109243698,4.475280898876404,0.039904659081898636
49.32773109243698,4.5415730337078655,0.03914845561487554
49.32773109243698,4.607865168539326,0.03841510553782843
49.32773109243698,4.674157303370786,0.03770363788158705
49.32773109243698,4.740449438202247,0.037013134765852926
49.32773109243698,4.806741573033708,0.03634272786335692
49.32773109243698,4.873033707865169,0.03569159514068353
49.32773109243698,4.939325842696629,0.03505895785096983
49.32773109243698,5.00561797752809,0.034444077756182995
49.32773109243698,5.071910112359551,0.033846254558899315
49.32773109243698,5.138202247191011,0.033264823525482094
49.32773109243698,5.204494382022472,0.03269915328430918
49.32773109243698,5.270786516853932,0.0321486437842812
49.32773109243698,5.337078651685394,0.03161272440023165
49.32773109243698,5.403370786516854,0.031090852173124284
49.32773109243698,5.4696629213483146,0.030582510174042267
49.32773109243698,5.535955056179775,0.030087205981985197
49.32773109243698,5.602247191011236,0.029604470266395785
49.32773109243698,5.668539325842697,0.02913385546614938
49.32773109243698,5.734831460674157,0.028674934557481473
49.32773109243698,5.801123595505618,0.028227299903978677
49.32773109243698,5.867415730337079,0.027790562182367445
49.32773109243698,5.9337078651685395,0.027364349378364468
49.32773109243698,6.0,0.02694830584734796
52.60504201680672,0.1,0.7343912018316383
52.60504201680672,0.1662921348314607,0.6195381822002549
52.60504201680672,0.23258426966292134,0.5331387932729024
52.60504201680672,0.298876404494382,0.46603084736301864
52.60504201680672,0.3651685393258427,0.41256083073477967
52.60504201680672,0.4314606741573034,0.36906171403075005
52.60504201680672,0.49775280898876406,0.3330567801455227
52.60504201680672,0.5640449438202247,0.3028163240833985
52.60504201680672,0.6303370786516854,0.2770978425401451
52.60504201680672,0.6966292134831461,0.2549870953772367
52.60504201680672,0.7629213483146068,0.2357972718823924
52.60504201680672,0.8292134831460675,0.21900298583740155
52.60504201680672,0.895505617977528,0.20419587694508737
52.60504201680672,0.9617977528089887,0.19105402356402992
52.60504201680672,1.0280898876404494,0.17932041986746855
52.60504201680672,1.09438202247191,0.16878754285918723
52.60504201680672,1.1606741573033708,0.15928609724568826
52.60504201680672,1.2269662921348314,0.15067668084868688
52.60504201680672,1.2932584269662921,0.1428435266192268
52.60504201680672,1.3595505617977528,0.13568974415997984
52.60504201680672,1.4258426966292135,0.12913365940503452
52.60504201680672,1.4921348314606742,0.12310596898348378
52.60504201680672,1.5584269662921348,0.11754750619020148
52.60504201680672,1.6247191011235955,0.11240747117026263
52.60504201680672,1.6910112359550562,0.10764201703954317
52.60504201680672,1.7573033707865169,0.10321311150462117
52.60504201680672,1.8235955056179776,0.09908761360268703
52.60504201680672,1.8898876404494382,0.09523651979696283
52.60504201680672,1.956179775280899,0.09163434442495329
52.60504201680672,2.0224719101123596,0.08825860750007142
52.60504201680672,2.08876404494382,0.0850894088741746
52.60504201680672,2.155056179775281,0.08210907231653994
52.60504201680672,2.2213483146067414,0.07930184653641142
52.60504201680672,2.2876404494382023,0.07665365284668689
52.60504201680672,2.353932584269663,0.0741518712354803
52.60504201680672,2.4202247191011237,0.07178515822661644
52.60504201680672,2.486516853932584,0.06954329117781476
52.60504201680672,2.552808988764045,0.06741703466699694
52.60504201680672,2.6191011235955055,0.06539802541327655
52.60504201680672,2.6853932584269664,0.06347867281550305
52.60504201680672,2.751685393258427,0.06165207270250233
52.60504201680672,2.8179775280898878,0.05991193230207226
52.60504201680672,2.8842696629213482,0.05825250477085789
52.60504201680672,2.950561797752809,0.05666853190042167
52.60504201680672,3.0168539325842696,0.0551551938385152
52.60504201680672,3.0831460674157305,0.05370806484853451
52.60504201680672,3.149438202247191,0.0523230742820293
52.60504201680672,3.215730337078652,0.05099647206506085
52.60504201680672,3.2820224719101123,0.04972479810395844
52.60504201680672,3.348314606741573,0.04850485510350974
52.60504201680672,3.4146067415730337,0.04733368436391835
52.60504201680672,3.4808988764044946,0.0462085441844852
52.60504201680672,3.547191011235955,0.04512689055394339
52.60504201680672,3.613483146067416,0.04408635985134667
52.60504201680672,3.6797752808988764,0.043084753318716966
52.60504201680672,3.746067415730337,0.0421200230984057
52.60504201680672,3.8123595505617978,0.041190259655214584
52.60504201680672,3.878651685393258,0.04029368042649977
52.60504201680672,3.944943820224719,0.03942861956336821
52.60504201680672,4.01123595505618,0.03859351864317086
52.60504201680672,4.0775280898876405,0.037786918248242034
52.60504201680672,4.143820224719101,0.03700745031856748
52.60504201680672,4.210112359550561,0.03625383119709807
52.60504201680672,4.276404494382023,0.03552485529599504
52.60504201680672,4.342696629213483,0.03481938932042786
52.60504201680672,4.408988764044944,0.03413636699379668
52.60504201680672,4.475280898876404,0.033474784234596634
52.60504201680672,4.5415730337078655,0.03283369474068573
52.60504201680672,4.607865168539326,0.03221220594158383
52.60504201680672,4.674157303370786,0.03160947528370073
52.60504201680672,4.740449438202247,0.031024706817151994
52.60504201680672,4.806741573033708,0.030457148056132782
52.60504201680672,4.873033707865169,0.029906087087751002
52.60504201680672,4.939325842696629,0.02937084990680039
52.60504201680672,5.00561797752809,0.02885079795625595
52.60504201680672,5.071910112359551,0.028345325855300793
52.60504201680672,5.138202247191011,0.027853859298504976
52.60504201680672,5.204494382022472,0.027375853111383238
52.60504201680672,5.270786516853932,0.026910789448993482
52.60504201680672,5.337078651685394,0.026458176125516094
52.60504201680672,5.403370786516854,0.026017545063898313
52.60504201680672,5.4696629213483146,0.0255884508556695
52.60504201680672,5.535955056179775,0.025170469421954316
52.60504201680672,5.602247191011236,0.024763196767525492
52.60504201680672,5.668539325842697,0.02436624782048858
52.60504201680672,5.734831460674157,0.02397925535084257
52.60504201680672,5.801123595505618,0.023601868961770835
52.60504201680672,5.867415730337079,0.02323375414804946
52.60504201680672,5.9337078651685395,0.02287459141644827
52.60504201680672,6.0,0.022524075463443864
55.88235294117647,0.1,0.7047468607351605
55.88235294117647,0.1662921348314607,0.5837643944751266
55.88235294117647,0.23258426966292134,0.4953626926572476
55.88235294117647,0.298876404494382,0.4282343392318905
55.88235294117647,0.3651685393258427,0.3757065529011447
55.88235294117647,0.4314606741573034,0.33360159122447136
55.88235294117647,0.49775280898876406,0.2991777876048202
55.88235294117647,0.5640449438202247,0.27056553571532416
55.88235294117647,0.6303370786516854,0.24644858343826892
55.88235294117647,0.6966292134831461,0.22587494051750215
55.88235294117647,0.7629213483146068,0.20813999714028655
55.88235294117647,0.8292134831460675,0.1927117111416603
55.88235294117647,0.895505617977528,0.17918125813272415
55.88235294117647,0.9617977528089887,0.16722961186743024
55.88235294117647,1.0280898876404494,0.15660438342759858
55.88235294117647,1.09438202247191,0.14710343766699044
55.88235294117647,1.1606741573033708,0.13856308962822245
55.88235294117647,1.2269662921348314,0.13084945952683857
55.88235294117647,1.2932584269662921,0.12385204622868903
55.88235294117647,1.3595505617977528,0.11747888494632375
55.88235294117647,1.4258426966292135,0.11165285338630633
55.88235294117647,1.4921348314606742,0.10630882198020936
55.88235294117647,1.5584269662921348,0.10139143237738558
55.88235294117647,1.6247191011235955,0.09685334902710996
55.88235294117647,1.6910112359550562,0.09265387084863366
55.88235294117647,1.7573033707865169,0.08875781971941993
55.88235294117647,1.8235955056179776,0.08513464374439073
55.88235294117647,1.8898876404494382,0.08175768861375944
55.88235294117647,1.956179775280899,0.07860360157039765
55.88235294117647,2.0224719101123596,0.0756518407873643
55.88235294117647,2.08876404494382,0.0728842691292105
55.88235294117647,2.155056179775281,0.07028481591506075
55.88235294117647,2.2213483146067414,0.0678391938257148
55.88235294117647,2.2876404494382023,0.06553466079285872
55.88235294117647,2.353932584269663,0.06335981878634377
55.88235294117647,2.4202247191011237,0.061304443028534286
55.88235294117647,2.486516853932584,0.05935933642546079
55.88235294117647,2.552808988764045,0.0575162049962198
55.88235294117647,2.6191011235955055,0.05576755086692058
55.88235294117647,2.6853932584269664,0.05410658002024665
55.88235294117647,2.751685393258427,0.052527122491761766
55.88235294117647,2.8179775280898878,0.05102356310646698
55.88235294117647,2.8842696629213482,0.049590781174492005
55.88235294117647,2.950561797752809,0.04822409782919309
55.88235294117647,3.0168539325842696,0.046919229906734465
55.88235294117647,3.0831460674157305,0.04567224944315693
55.88235294117647,3.149438202247191,0.044479548010598086
55.88235294117647,3.215730337078652,0.04333780523472486
55.88235294117647,3.2820224719101123,0.042243960935343265
55.88235294117647,3.348314606741573,0.04119519041535802
55.88235294117647,3.4146067415730337,0.04018888249279233
55.88235294117647,3.4808988764044946,0.03922261992890617
55.88235294117647,3.547191011235955,0.03829416195452642
55.88235294117647,3.613483146067416,0.03740142863812297
55.88235294117647,3.6797752808988764,0.036542486874245654
55.88235294117647,3.746067415730337,0.03571553780071278
55.88235294117647,3.8123595505617978,0.0349189054783143
55.88235294117647,3.878651685393258,0.03415102668844319
55.88235294117647,3.944943820224719,0.033410441722622475
55.88235294117647,4.01123595505618,0.032695786053806256
55.88235294117647,4.0775280898876405,0.03200578279303807
55.88235294117647,4.143820224719101,0.03133923584686319
55.88235294117647,4.210112359550561,0.03069502370110997
55.88235294117647,4.276404494382023,0.0300720937655088
55.88235294117647,4.342696629213483,0.029469457221306335
55.88235294117647,4.408988764044944,0.02888618432072418
55.88235294117647,4.475280898876404,0.028321400092948073
55.88235294117647,4.5415730337078655,0.027774280416432883
55.88235294117647,4.607865168539326,0.027244048421772422
55.88235294117647,4.674157303370786,0.026729971193302716
55.88235294117647,4.740449438202247,0.026231356741045802
55.88235294117647,4.806741573033708,0.025747551217633308
55.88235294117647,4.873033707865169,0.025277936357521718
55.88235294117647,4.939325842696629,0.024821927118168788
55.88235294117647,5.00561797752809,0.024378969504932742
55.88235294117647,5.071910112359551,0.023948538563305248
55.88235294117647,5.138202247191011,0.02353013652373173
55.88235294117647,5.204494382022472,0.0231232910857338
55.88235294117647,5.270786516853932,0.022727553829349576
55.88235294117647,5.337078651685394,0.022342498743065146
55.88235294117647,5.403370786516854,0.0219677208584474
55.88235294117647,5.4696629213483146,0.021602834982613055
55.88235294117647,5.535955056179775,0.02124747452049594
55.88235294117647,5.602247191011236,0.020901290379620917
55.88235294117647,5.668539325842697,0.020563949950753325
55.88235294117647,5.734831460674157,0.02023513615839893
55.88235294117647,5.801123595505618,0.019914546575662776
55.88235294117647,5.867415730337079,0.01960189259846305
55.88235294117647,5.9337078651685395,0.019296898674534976
55.88235294117647,6.0,0.018999301583052696
59.15966386554622,0.1,0.674919587169297
59.15966386554622,0.1662921348314607,0.548934107522927
59.15966386554622,0.23258426966292134,0.4594873810356082
59.15966386554622,0.298876404494382,0.3930332980181845
59.15966386554622,0.3651685393258427,0.34191795022126464
59.15966386554622,0.4314606741573034,0.3015083883860664
59.15966386554622,0.49775280898876406,0.2688452381483656
59.15966386554622,0.5640449438202247,0.2419545848566334
59.15966386554622,0.6303370786516854,0.21947215764753747
59.15966386554622,0.6966292134831461,0.20042655138690316
59.15966386554622,0.7629213483146068,0.18410837726233817
59.15966386554622,0.8292134831460675,0.1699881922602535
59.15966386554622,0.895505617977528,0.15766330381826327
59.15966386554622,0.9617977528089887,0.14682229435136304
59.15966386554622,1.0280898876404494,0.1372207658372096
59.15966386554622,1.09438202247191,0.1286643867923832
59.15966386554622,1.1606741573033708,0.12099680890671045
59.15966386554622,1.2269662921348314,0.11409090223674292
59.15966386554622,1.2932584269662921,0.10784229635655294
59.15966386554622,1.3595505617977528,0.1021645522288262
59.15966386554622,1.4258426966292135,0.09698550580184229
59.15966386554622,1.4921348314606742,0.09224446584215852
59.15966386554622,1.5584269662921348,0.0878900428699779
59.15966386554622,1.6247191011235955,0.08387845007494758
59.15966386554622,1.6910112359550562,0.08017216120547967
59.15966386554622,1.7573033707865169,0.07673884127369664
59.15966386554622,1.8235955056179776,0.073550487782093
59.15966386554622,1.8898876404494382,0.07058273586818097
59.15966386554622,1.956179775280899,0.06781429215416748
59.15966386554622,2.0224719101123596,0.06522647044798296
59.15966386554622,2.08876404494382,0.062802808638676
59.15966386554622,2.155056179775281,0.060528750766369946
59.15966386554622,2.2213483146067414,0.05839138174801108
59.15966386554622,2.2876404494382023,0.05637920490549876
59.15966386554622,2.353932584269663,0.05448195448794401
59.15966386554622,2.4202247191011237,0.052690436960733604
59.15966386554622,2.486516853932584,0.05099639606474464
59.15966386554622,2.552808988764045,0.04939239761343669
59.15966386554622,2.6191011235955055,0.04787173075602061
59.15966386554622,2.6853932584269664,0.046428323038188384
59.15966386554622,2.751685393258427,0.04505666707317136
59.15966386554622,2.8179775280898878,0.043751757021958784
59.15966386554622,2.8842696629213482,0.04250903339276919
59.15966386554622,2.950561797752809,0.04132433492206549
59.15966386554622,3.0168539325842696,0.04019385650469842
59.15966386554622,3.0831460674157305,0.03911411230864665
59.15966386554622,3.149438202247191,0.038081903347679066
59.15966386554622,3.215730337078652,0.03709428889894854
59.15966386554622,3.2820224719101123,0.03614856124664777
59.15966386554622,3.348314606741573,0.03524222331106359
59.15966386554622,3.4146067415730337,0.03437296878760363
59.15966386554622,3.4808988764044946,0.03353866447496139
59.15966386554622,3.547191011235955,0.03273733451744177
59.15966386554622,3.613483146067416,0.031967146325093815
59.15966386554622,3.6797752808988764,0.03122639796794546
59.15966386554622,3.746067415730337,0.030513506868312626
59.15966386554622,3.8123595505617978,0.029826999638681115
59.15966386554622,3.878651685393258,0.02916550293271875
59.15966386554622,3.944943820224719,0.028527735194122793
59.15966386554622,4.01123595505618,0.027912499202705377
59.15966386554622,4.0775280898876405,0.02731867532974813
59.15966386554622,4.143820224719101,0.02674521542553212
59.15966386554622,4.210112359550561,0.02619113727134852
59.15966386554622,4.276404494382023,0.025655519536414696
59.15966386554622,4.342696629213483,0.025137497187178028
59.15966386554622,4.408988764044944,0.024636257302612024
59.15966386554622,4.475280898876404,0.02415103525444954
59.15966386554622,4.5415730337078655,0.023681111215956466
59.15966386554622,4.607865168539326,0.02322580696692006
59.15966386554622,4.674157303370786,0.02278448296610092
59.15966386554622,4.740449438202247,0.022356535665526197
59.15966386554622,4.806741573033708,0.021941395043759606
59.15966386554622,4.873033707865169,0.021538522337712147
59.15966386554622,4.939325842696629,0.02114740795469844
59.15966386554622,5.00561797752809,0.02076756954833734
59.15966386554622,5.071910112359551,0.02039855024357321
59.15966386554622,5.138202247191011,0.02003991699758136
59.15966386554622,5.204494382022472,0.01969125908463969
59.15966386554622,5.270786516853932,0.019352186694225983
59.15966386554622,5.337078651685394,0.019022329632644688
59.15966386554622,5.403370786516854,0.018701336119421607
59.15966386554622,5.4696629213483146,0.018388871670538386
59.15966386554622,5.535955056179775,0.0180846180613242
59.15966386554622,5.602247191011236,0.01778827236249156
59.15966386554622,5.668539325842697,0.017499546043400777
59.15966386554622,5.734831460674157,0.017218164137175963
59.15966386554622,5.801123595505618,0.016943864462781913
59.15966386554622,5.867415730337079,0.016676396899601723
59.15966386554622,5.9337078651685395,0.016415522710452702
59.15966386554622,6.0,0.016161013909329267
62.436974789915965,0.1,0.6451493905256844
62.436974789915965,0.1662921348314607,0.5152907581646166
62.436974789915965,0.23258426966292134,0.4256625622138947
62.436974789915965,0.298876404494382,0.3604554683239436
62.436974789915965,0.3651685393258427,0.3111047539795067
62.436974789915965,0.4314606741573034,0.27258954603867
62.436974789915965,0.49775280898876406,0.24178260383406824
62.436974789915965,0.5640449438202247,0.21664020932092623
62.436974789915965,0.6303370786516854,0.19577348324374677
62.436974789915965,0.6966292134831461,0.17820742769324027
62.436974789915965,0.7629213483146068,0.16323859018682405
62.436974789915965,0.8292134831460675,0.15034740966748933
62.436974789915965,0.895505617977528,0.13914228986577504
62.436974789915965,0.9617977528089887,0.12932280932129372
62.436974789915965,1.0280898876404494,0.12065486744618836
62.436974789915965,1.09438202247191,0.11295349672913975
62.436974789915965,1.1606741573033708,0.10607072745841517
62.436974789915965,1.2269662921348314,0.09988685968202066
62.436974789915965,1.2932584269662921,0.09430408052513264
62.436974789915965,1.3595505617977528,0.089241726017307
62.436974789915965,1.4258426966292135,0.08463271544375027
62.436974789915965,1.4921348314606742,0.08042083449926068
62.436974789915965,1.5584269662921348,0.07655864148726595
62.436974789915965,1.6247191011235955,0.07300583670957532
62.436974789915965,1.6910112359550562,0.06972798026389367
62.436974789915965,1.7573033707865169,0.06669547476100743
62.436974789915965,1.8235955056179776,0.06388275150856632
62.436974789915965,1.8898876404494382,0.06126761442532963
62.436974789915965,1.956179775280899,0.05883070729562138
62.436974789915965,2.0224719101123596,0.05655507825618748
62.436974789915965,2.08876404494382,0.0544258215171917
62.436974789915965,2.155056179775281,0.05242978086996418
62.436974789915965,2.2213483146067414,0.050555302955098906
62.436974789915965,2.2876404494382023,0.04879203085831114
62.436974789915965,2.353932584269663,0.04713073058406997
62.436974789915965,2.4202247191011237,0.04556314448404767
62.436974789915965,2.486516853932584,0.04408186690204738
62.436974789915965,2.552808988764045,0.042680238222358974
62.436974789915965,2.6191011235955055,0.04135225423589078
62.436974789915965,2.6853932584269664,0.04009248831376501
62.436974789915965,2.751685393258427,0.03889602433580561
62.436974789915965,2.8179775280898878,0.03775839868752343
62.436974789915965,2.8842696629213482,0.036675549933703366
62.436974789915965,2.950561797752809,0.03564377501472971
62.436974789915965,3.0168539325842696,0.03465969100510973
62.436974789915965,3.0831460674157305,0.03372020163138795
62.436974789915965,3.149438202247191,0.03282246787590764
62.436974789915965,3.215730337078652,0.03196388209924718
62.436974789915965,3.2820224719101123,0.031142045202057503
62.436974789915965,3.348314606741573,0.030354746419928046
62.436974789915965,3.4146067415730337,0.029599945405609156
62.436974789915965,3.4808988764044946,0.02887575630363052
62.436974789915965,3.547191011235955,0.028180433564878007
62.436974789915965,3.613483146067416,0.027512359284450637
62.436974789915965,3.6797752808988764,0.026870031876306454
62.436974789915965,3.746067415730337,0.02625205592374642
62.436974789915965,3.8123595505617978,0.02565713306647773
62.436974789915965,3.878651685393258,0.025084053803455082
62.436974789915965,3.944943820224719,0.024531690106468718
62.436974789915965,4.01123595505618,0.023998988752934283
62.436974789915965,4.0775280898876405,0.023484965297923256
62.436974789915965,4.143820224719101,0.02298869861543061
62.436974789915965,4.210112359550561,0.02250932594747414
62.436974789915965,4.276404494382023,0.0220460384070388
62.436974789915965,4.342696629213483,0.02159807688732075
62.436974789915965,4.408988764044944,0.021164728335307335
62.436974789915965,4.475280898876404,0.020745322352594263
62.436974789915965,4.5415730337078655,0.020339228090576377
62.436974789915965,4.607865168539326,0.01994585141085585
62.436974789915965,4.674157303370786,0.01956463228494836
62.436974789915965,4.740449438202247,0.019195042410214982
62.436974789915965,4.806741573033708,0.01883658302144289
62.436974789915965,4.873033707865169,0.018488782879698594
62.436974789915965,4.939325842696629,0.0181511964220138
62.436974789915965,5.00561797752809,0.017823402057179055
62.436974789915965,5.071910112359551,0.01750500059443289
62.436974789915965,5.138202247191011,0.017195613793177994
62.436974789915965,5.204494382022472,0.016894883023046346
62.436974789915965,5.270786516853932,0.016602468024694377
62.436974789915965,5.337078651685394,0.01631804576265257
62.436974789915965,5.403370786516854,0.016041309362391884
62.436974789915965,5.4696629213483146,0.0157719671245228
62.436974789915965,5.535955056179775,0.015509741609709695
62.436974789915965,5.602247191011236,0.015254368788486777
62.436974789915965,5.668539325842697,0.015005597250696836
62.436974789915965,5.734831460674157,0.014763187469758927
62.436974789915965,5.801123595505618,0.014526911117404184
62.436974789915965,5.867415730337079,0.014296550424908835
62.436974789915965,5.9337078651685395,0.014071897587205813
62.436974789915965,6.0,0.013852754206572834
65.71428571428571,0.1,0.615651459271706
65.71428571428571,0.1662921348314607,0.4830178617786615
65.71428571428571,0.23258426966292134,0.3939637844068223
65.71428571428571,0.298876404494382,0.3304580174628999
65.71428571428571,0.3651685393258427,0.2831197833397527
65.71428571428571,0.4314606741573034,0.24661358407481762
65.71428571428571,0.49775280898876406,0.21769333987345788
65.71428571428571,0.5640449438202247,0.19427715278467522
65.71428571428571,0.6303370786516854,0.17497179890882292
65.71428571428571,0.6966292134831461,0.15881170661007166
65.71428571428571,0.7629213483146068,0.1451077623053595
65.71428571428571,0.8292134831460675,0.13335572675159502
65.71428571428571,0.895505617977528,0.12317862016595593
65.71428571428571,0.9617977528089887,0.11428928155380529
65.71428571428571,1.0280898876404494,0.10646534353831565
65.71428571428571,1.09438202247191,0.09953208809318102
65.71428571428571,1.1606741573033708,0.0933504426678269
65.71428571428571,1.2269662921348314,0.0878084109002665
65.71428571428571,1.2932584269662921,0.08281484800157464
65.71428571428571,1.3595505617977528,0.07829486793246895
65.71428571428571,1.4258426966292135,0.0741864061856551
65.71428571428571,1.4921348314606742,0.0704376139820892
65.71428571428571,1.5584269662921348,0.0670048593176502
65.71428571428571,1.6247191011235955,0.06385117683198478
65.71428571428571,1.6910112359550562,0.06094505367122775
65.71428571428571,1.7573033707865169,0.05825946970760164
65.71428571428571,1.8235955056179776,0.055771132316312325
65.71428571428571,1.8898876404494382,0.05345986140428615
65.71428571428571,1.956179775280899,0.051308091515638726
65.71428571428571,2.0224719101123596,0.049300465926903035
65.71428571428571,2.08876404494382,0.04742350358588542
65.71428571428571,2.155056179775281,0.04566532415560356
65.71428571428571,2.2213483146067414,0.04401541972567695
65.71428571428571,2.2876404494382023,0.04246446424751044
65.71428571428571,2.353932584269663,0.04100415364961809
65.71428571428571,2.4202247191011237,0.03962707104825659
65.71428571428571,2.486516853932584,0.038326572596934096
65.71428571428571,2.552808988764045,0.03709669039725097
65.71428571428571,2.6191011235955055,0.03593204958264119
65.71428571428571,2.6853932584269664,0.034827797230266216
65.71428571428571,2.751685393258427,0.03377954118783223
65.71428571428571,2.8179775280898878,0.03278329724652487
65.71428571428571,2.8842696629213482,0.03183544336765269
65.71428571428571,2.950561797752809,0.030932679893534182
65.71428571428571,3.0168539325842696,0.030071994853874535
65.71428571428571,3.0831460674157305,0.0292506336260425
65.71428571428571,3.149438202247191,0.028466072328040687
65.71428571428571,3.215730337078652,0.027715994421860284
65.71428571428571,3.2820224719101123,0.026998270086489584
65.71428571428571,3.348314606741573,0.026310937987408863
65.71428571428571,3.4146067415730337,0.025652189125562667
65.71428571428571,3.4808988764044946,0.02502035249565854
65.71428571428571,3.547191011235955,0.024413882322867217
65.71428571428571,3.613483146067416,0.023831346679954044
65.71428571428571,3.6797752808988764,0.023271417314639626
65.71428571428571,3.746067415730337,0.022732860540465687
65.71428571428571,3.8123595505617978,0.02221452906434762
65.71428571428571,3.878651685393258,0.02171535464092105
65.71428571428571,3.944943820224719,0.02123434145822603
65.71428571428571,4.01123595505618,0.02077056017161431
65.71428571428571,4.0775280898876405,0.02032314251334506
65.71428571428571,4.143820224719101,0.019891276414429056
65.71428571428571,4.210112359550561,0.019474201583117214
65.71428571428571,4.276404494382023,0.01907120549119129
65.71428571428571,4.342696629213483,0.018681619725076877
65.71428571428571,4.408988764044944,0.01830481666387423
65.71428571428571,4.475280898876404,0.01794020645082214
65.71428571428571,4.5415730337078655,0.01758723422855614
65.71428571428571,4.607865168539326,0.017245377611883984
65.71428571428571,4.674157303370786,0.0169141443747349
65.71428571428571,4.740449438202247,0.016593070330518152
65.71428571428571,4.806741573033708,0.01628171738738526
65.71428571428571,4.873033707865169,0.015979671761876472
65.71428571428571,4.939325842696629,0.01568654233618857
65.71428571428571,5.00561797752809,0.015401959145841458
65.71428571428571,5.071910112359551,0.015125571985893628
65.71428571428571,5.138202247191011,0.014857049125062579
65.71428571428571,5.204494382022472,0.01459607611818272
65.71428571428571,5.270786516853932,0.01434235470838544
65.71428571428571,5.337078651685394,0.014095601811234652
65.71428571428571,5.403370786516854,0.01385554857380771
65.71428571428571,5.4696629213483146,0.013621939502384581
65.71428571428571,5.535955056179775,0.013394531653011741
65.71428571428571,5.602247191011236,0.013173093879745856
65.71428571428571,5.668539325842697,0.012957406135864458
65.71428571428571,5.734831460674157,0.012747258823765553
65.71428571428571,5.801123595505618,0.012542452189664747
65.71428571428571,5.867415730337079,0.012342795759550666
65.71428571428571,5.9337078651685395,0.012148107813172132
65.71428571428571,6.0,0.011958214893116069
68.99159663865547,0.1,0.5866140590484946
68.99159663865547,0.1662921348314607,0.4522445380779206
68.99159663865547,0.23258426966292134,0.3644067312178213
68.99159663865547,0.298876404494382,0.3029474634670871
68.99159663865547,0.3651685393258427,0.25778098560799095
68.99159663865547,0.4314606741573034,0.22333159835067082
68.99159663865547,0.49775280898876406,0.19628015744228677
68.99159663865547,0.5640449438202247,0.17453429379988836
68.99159663865547,0.6303370786516854,0.15671324737627304
68.99159663865547,0.6966292134831461,0.14187112663963725
68.99159663865547,0.7629213483146068,0.12933943346161292
68.99159663865547,0.8292134831460675,0.11863308382290619
68.99159663865547,0.895505617977528,0.10939202912553768
68.99159663865547,0.9617977528089887,0.10134373017906025
68.99159663865547,1.0280898876404494,0.09427831169147564
68.99159663865547,1.09438202247191,0.0880316822952431
68.99159663865547,1.1606741573033708,0.08247380261326968
68.99159663865547,1.2269662921348314,0.07750036505559606
68.99159663865547,1.2932584269662921,0.07302678574705011
68.99159663865547,1.3595505617977528,0.06898379507026879
68.99159663865547,1.4258426966292135,0.06531415361669911
68.99159663865547,1.4921348314606742,0.061970173466980825
68.99159663865547,1.5584269662921348,0.05891182439314347
68.99159663865547,1.6247191011235955,0.0561052707149312
68.99159663865547,1.6910112359550562,0.0535217292119795
68.99159663865547,1.7573033707865169,0.0511365691534958
68.99159663865547,1.8235955056179776,0.04892859686637423
68.99159663865547,1.8898876404494382,0.04687948234820496
68.99159663865547,1.956179775280899,0.044973296222431625
68.99159663865547,2.0224719101123596,0.04319613314331205
68.99159663865547,2.08876404494382,0.041535803474015774
68.99159663865547,2.155056179775281,0.03998157928709283
68.99159663865547,2.2213483146067414,0.03852398389116708
68.99159663865547,2.2876404494382023,0.03715461646390242
68.99159663865547,2.353932584269663,0.035866005176392865
68.99159663865547,2.4202247191011237,0.03465148357635518
68.99159663865547,2.486516853932584,0.03350508606391636
68.99159663865547,2.552808988764045,0.03242145912242321
68.99159663865547,2.6191011235955055,0.03139578561490222
68.99159663865547,2.6853932584269664,0.030423719967118342
68.99159663865547,2.751685393258427,0.02950133246237373
68.99159663865547,2.8179775280898878,0.028625061195174276
68.99159663865547,2.8842696629213482,0.027791670488799314
68.99159663865547,2.950561797752809,0.02699821478947624
68.99159663865547,3.0168539325842696,0.02624200721789332
68.99159663865547,3.0831460674157305,0.025520592095412006
68.99159663865547,3.149438202247191,0.02483172087392406
68.99159663865547,3.215730337078652,0.02417333098983164
68.99159663865547,3.2820224719101123,0.023543527238030274
68.99159663865547,3.348314606741573,0.022940565324128703
68.99159663865547,3.4146067415730337,0.02236283730490758
68.99159663865547,3.4808988764044946,0.021808858670154013
68.99159663865547,3.547191011235955,0.02127725685508041
68.99159663865547,3.613483146067416,0.02076676100279565
68.99159663865547,3.6797752808988764,0.02027619282177855
68.99159663865547,3.746067415730337,0.019804458404811893
68.99159663865547,3.8123595505617978,0.019350540894060526
68.99159663865547,3.878651685393258,0.01891349389245666
68.99159663865547,3.944943820224719,0.018492435534742134
68.99159663865547,4.01123595505618,0.018086543142784614
68.99159663865547,4.0775280898876405,0.017695048399432322
68.99159663865547,4.143820224719101,0.017317232983458324
68.99159663865547,4.210112359550561,0.016952424615277708
68.99159663865547,4.276404494382023,0.016599993469275005
68.99159663865547,4.342696629213483,0.01625934891390283
68.99159663865547,4.408988764044944,0.015929936545325093
68.99159663865547,4.475280898876404,0.015611235484388803
68.99159663865547,4.5415730337078655,0.015302755910195967
68.99159663865547,4.607865168539326,0.015004036806590586
68.99159663865547,4.674157303370786,0.014714643900538536
68.99159663865547,4.740449438202247,0.014434167773705922
68.99159663865547,4.806741573033708,0.014162222130586816
68.99159663865547,4.873033707865169,0.013898442208328534
68.99159663865547,4.939325842696629,0.013642483314983815
68.99159663865547,5.00561797752809,0.01339401948431647
68.99159663865547,5.071910112359551,0.013152742236519757
68.99159663865547,5.138202247191011,0.012918359435297316
68.99159663865547,5.204494382022472,0.012690594232725746
68.99159663865547,5.270786516853932,0.012469184094175592
68.99159663865547,5.337078651685394,0.012253879896331029
68.99159663865547,5.403370786516854,0.012044445092029805
68.99159663865547,5.4696629213483146,0.01184065493625081
68.99159663865547,5.535955056179775,0.01164229576811714
68.99159663865547,5.602247191011236,0.011449164344269059
68.99159663865547,5.668539325842697,0.011261067219392311
68.99159663865547,5.734831460674157,0.011077820170078162
68.99159663865547,5.801123595505618,0.010899247658538959
68.99159663865547,5.867415730337079,0.01072518233301761
68.99159663865547,5.9337078651685395,0.010555464562011122
68.99159663865547,6.0,0.010389941999683152
72.26890756302521,0.1,0.5581977295169409
72.26890756302521,0.1662921348314607,0.4230522258134811
72.26890756302521,0.23258426966292134,0.3369606720259669
72.26890756302521,0.298876404494382,0.2777963269690349
72.26890756302521,0.3651685393258427,0.23488826387041034
72.26890756302521,0.4314606741573034,0.20249235273554406
72.26890756302521,0.49775280898876406,0.17725738038576083
72.26890756302521,0.5640449438202247,0.15710386914955368
72.26890756302521,0.6303370786516854,0.1406769257875805
72.26890756302521,0.6966292134831461,0.1270580618839574
72.26890756302521,0.7629213483146068,0.11560382870217345
72.26890756302521,0.8292134831460675,0.1058507986202588
72.26890756302521,0.895505617977528,0.09745720656696914
72.26890756302521,0.9617977528089887,0.090165800114985
72.26890756302521,1.0280898876404494,0.08377944969983459
72.26890756302521,1.09438202247191,0.07814470032949791
72.26890756302521,1.1606741573033708,0.07314041411433911
72.26890756302521,1.2269662921348314,0.06866976232975563
72.26890756302521,1.2932584269662921,0.06465447288098498
72.26890756302521,1.3595505617977528,0.06103062816728809
72.26890756302521,1.4258426966292135,0.057745548725325724
72.26890756302521,1.4921348314606742,0.0547554501702407
72.26890756302521,1.5584269662921348,0.05202365937176219
72.26890756302521,1.6247191011235955,0.04951924074662666
72.26890756302521,1.6910112359550562,0.04721592718615106
72.26890756302521,1.7573033707865169,0.04509127994897024
72.26890756302521,1.8235955056179776,0.0431260225271374
72.26890756302521,1.8898876404494382,0.04130350803992108
72.26890756302521,1.956179775280899,0.039609290076022846
72.26890756302521,2.0224719101123596,0.03803077438230256
72.26890756302521,2.08876404494382,0.03655693425146741
72.26890756302521,2.155056179775281,0.035178076481786495
72.26890756302521,2.2213483146067414,0.033885647774800534
72.26890756302521,2.2876404494382023,0.03267207368544172
72.26890756302521,2.353932584269663,0.031530623942790756
72.26890756302521,2.4202247191011237,0.030455299261307404
72.26890756302521,2.486516853932584,0.029440735764375312
72.26890756302521,2.552808988764045,0.02848212391895285
72.26890756302521,2.6191011235955055,0.027575139486701265
72.26890756302521,2.6853932584269664,0.02671588447361179
72.26890756302521,2.751685393258427,0.025900836437005633
72.26890756302521,2.8179775280898878,0.025126804808482575
72.26890756302521,2.8842696629213482,0.02439089313106416
72.26890756302521,2.950561797752809,0.02369046630145742
72.26890756302521,3.0168539325842696,0.0230231220640496
72.26890756302521,3.0831460674157305,0.02238666612964876
72.26890756302521,3.149438202247191,0.021779090395086534
72.26890756302521,3.215730337078652,0.02119855382425974
72.26890756302521,3.2820224719101123,0.02064336562068451
72.26890756302521,3.348314606741573,0.020111970379032947
72.26890756302521,3.4146067415730337,0.019602934950725567
72.26890756302521,3.4808988764044946,0.019114936798273367
72.26890756302521,3.547191011235955,0.01864675364615662
72.26890756302521,3.613483146067416,0.018197254263770654
72.26890756302521,3.6797752808988764,0.017765390239297345
72.26890756302521,3.746067415730337,0.01735018862304299
72.26890756302521,3.8123595505617978,0.016950745335440328
72.26890756302521,3.878651685393258,0.016566219249049708
72.26890756302521,3.944943820224719,0.016195826865928114
72.26890756302521,4.01123595505618,0.015838837522006814
72.26890756302521,4.0775280898876405,0.015494569058908033
72.26890756302521,4.143820224719101,0.015162383911175971
72.26890756302521,4.210112359550561,0.01484168556338351
72.26890756302521,4.276404494382023,0.014531915337172562
72.26890756302521,4.342696629213483,0.014232549473120009
72.26890756302521,4.408988764044944,0.013943096476511265
72.26890756302521,4.475280898876404,0.013663094699738072
72.26890756302521,4.5415730337078655,0.01339211013720294
72.26890756302521,4.607865168539326,0.013129734411369038
72.26890756302521,4.674157303370786,0.012875582931004322
72.26890756302521,4.740449438202247,0.012629293204777872
72.26890756302521,4.806741573033708,0.012390523295215148
72.26890756302521,4.873033707865169,0.012158950399643239
72.26890756302521,4.939325842696629,0.011934269546188366
72.26890756302521,5.00561797752809,0.011716192394146015
72.26890756302521,5.071910112359551,0.01150444612916039
72.26890756302521,5.138202247191011,0.011298772444632043
72.26890756302521,5.204494382022472,0.011098926601646183
72.26890756302521,5.270786516853932,0.010904676560488678
72.26890756302521,5.337078651685394,0.01071580217750436
72.26890756302521,5.403370786516854,0.010532094461664596
72.26890756302521,5.4696629213483146,0.010353354885757508
72.26890756302521,5.535955056179775,0.010179394747601359
72.26890756302521,5.602247191011236,0.010010034577116585
72.26890756302521,5.668539325842697,0.009845103585483168
72.26890756302521,5.734831460674157,0.009684439152957854
72.26890756302521,5.801123595505618,0.0095278863522402
72.26890756302521,5.867415730337079,0.009375297504558384
72.26890756302521,5.9337078651685395,0.00922653176589807
72.26890756302521,6.0,0.009081454741026637
75.54621848739495,0.1,0.5305355695159228
75.54621848739495,0.1662921348314607,0.39548187632591564
75.54621848739495,0.23258426966292134,0.3115604370212382
75.54621848739495,0.298876404494382,0.25485644554100745
75.54621848739495,0.3651685393258427,0.21423575968437264
75.54621848739495,0.4314606741573034,0.18385229268627024
75.54621848739495,0.49775280898876406,0.16035820708611956
75.54621848739495,0.5640449438202247,0.14170593099006087
75.54621848739495,0.6303370786516854,0.12657670469037433
75.54621848739495,0.6966292134831461,0.11408496684790874
75.54621848739495,0.7629213483146068,0.10361522313216395
75.54621848739495,0.8292134831460675,0.09472714095466456
75.54621848739495,0.895505617977528,0.08709785074606048
75.54621848739495,0.9617977528089887,0.08048553420961065
75.54621848739495,1.0280898876404494,0.0747056983434844
75.54621848739495,1.09438202247191,0.06961527966300209
75.54621848739495,1.1606741573033708,0.06510173166561163
75.54621848739495,1.2269662921348314,0.06107537012078168
75.54621848739495,1.2932584269662921,0.05746389954029441
75.54621848739495,1.3595505617977528,0.05420843138493597
75.54621848739495,1.4258426966292135,0.05126054216602251
75.54621848739495,1.4921348314606742,0.0485800690799994
75.54621848739495,1.5584269662921348,0.04613343698992509
75.54621848739495,1.6247191011235955,0.04389237371908892
75.54621848739495,1.6910112359550562,0.04183291286443175
75.54621848739495,1.7573033707865169,0.03993461207657334
75.54621848739495,1.8235955056179776,0.03817993461221312
75.54621848739495,1.8898876404494382,0.03655375588555467
75.54621848739495,1.956179775280899,0.03504296663401046
75.54621848739495,2.0224719101123596,0.03363615142464678
75.54621848739495,2.08876404494382,0.032323326400537124
75.54621848739495,2.155056179775281,0.031095723969151678
75.54621848739495,2.2213483146067414,0.02994561495886285
75.54621848739495,2.2876404494382023,0.028866160886263603
75.54621848739495,2.353932584269663,0.027851290577437984
75.54621848739495,2.4202247191011237,0.026895596606469663
75.54621848739495,2.486516853932584,0.025994247951959395
75.54621848739495,2.552808988764045,0.025142915997920064
75.54621848739495,2.6191011235955055,0.024337711570932407
75.54621848739495,2.6853932584269664,0.023575131149097314
75.54621848739495,2.751685393258427,0.022852010728543613
75.54621848739495,2.8179775280898878,0.022165486111361585
75.54621848739495,2.8842696629213482,0.021512958600927005
75.54621848739495,2.950561797752809,0.0208920652688888
75.54621848739495,3.0168539325842696,0.020300653101989193
75.54621848739495,3.0831460674157305,0.019736756453565752
75.54621848739495,3.149438202247191,0.019198577319652046
75.54621848739495,3.215730337078652,0.01868446803738532
75.54621848739495,3.2820224719101123,0.018192916067363
75.54621848739495,3.348314606741573,0.01772253057435024
75.54621848739495,3.4146067415730337,0.017272030564443472
75.54621848739495,3.4808988764044946,0.016840234373143092
75.54621848739495,3.547191011235955,0.01642605032911832
75.54621848739495,3.613483146067416,0.016028468443849593
75.54621848739495,3.6797752808988764,0.015646552998680105
75.54621848739495,3.746067415730337,0.015279435918799034
75.54621848739495,3.8123595505617978,0.014926310838897242
75.54621848739495,3.878651685393258,0.014586427778137349
75.54621848739495,3.944943820224719,0.014259088353060057
75.54621848739495,4.01123595505618,0.013943641466408046
75.54621848739495,4.0775280898876405,0.013639479417857833
75.54621848739495,4.143820224719101,0.013346034389515428
75.54621848739495,4.210112359550561,0.013062775264934448
75.54621848739495,4.276404494382023,0.012789204745500854
75.54621848739495,4.342696629213483,0.012524856732423031
75.54621848739495,4.408988764044944,0.01226929394636902
75.54621848739495,4.475280898876404,0.012022105760092595
75.54621848739495,4.5415730337078655,0.011782906222260515
75.54621848739495,4.607865168539326,0.01155133225319314
75.54621848739495,4.674157303370786,0.011327041995413734
75.54621848739495,4.740449438202247,0.011109713303812324
75.54621848739495,4.806741573033708,0.010899042361903357
75.54621848739495,4.873033707865169,0.010694742412126538
75.54621848739495,4.939325842696629,0.01049654258943429
75.54621848739495,5.00561797752809,0.010304186848546497
75.54621848739495,5.071910112359551,0.010117432976262714
75.54621848739495,5.138202247191011,0.009936051681107921
75.54621848739495,5.204494382022472,0.00975982575337834
75.54621848739495,5.270786516853932,0.009588549289350858
75.54621848739495,5.337078651685394,0.00942202697404135
75.54621848739495,5.403370786516854,0.009260073417449733
75.54621848739495,5.4696629213483146,0.009102512539720367
75.54621848739495,5.535955056179775,0.008949177001087388
75.54621848739495,5.602247191011236,0.008799907672865186
75.54621848739495,5.668539325842697,0.008654553146097043
75.54621848739495,5.734831460674157,0.00851296927478758
75.54621848739495,5.801123595505618,0.00837501875092901
75.54621848739495,5.867415730337079,0.008240570708782344
75.54621848739495,5.9337078651685395,0.00810950035610452
75.54621848739495,6.0,0.007981688630216881
78.82352941176471,0.1,0.5037343814093006
78.82352941176471,0.1662921348314607,0.3695410903898055
78.82352941176471,0.23258426966292134,0.28811662515143505
78.82352941176471,0.298876404494382,0.23396920964774937
78.82352941176471,0.3651685393258427,0.19562040828306831
78.82352941176471,0.4314606741573034,0.16718172472638274
78.82352941176471,0.49775280898876406,0.1453383883778021
78.82352941176471,0.5640449438202247,0.12808967353880465
78.82352941176471,0.6303370786516854,0.11416046721497758
78.82352941176471,0.6966292134831461,0.10270182176337948
78.82352941176471,0.7629213483146068,0.09312787718013342
78.82352941176471,0.8292134831460675,0.08502201489393656
78.82352941176471,0.895505617977528,0.07808032221864976
78.82352941176471,0.9617977528089887,0.07207619149504478
78.82352941176471,1.0280898876404494,0.06683740729543529
78.82352941176471,1.09438202247191,0.06223088512161152
78.82352941176471,1.1606741573033708,0.05815224829829818
78.82352941176471,1.2269662921348314,0.05451854991749712
78.82352941176471,1.2932584269662921,0.05126308983458736
78.82352941176471,1.3595505617977528,0.04833165802504764
78.82352941176471,1.4258426966292135,0.04567976821819609
78.82352941176471,1.4921348314606742,0.0432705912869095
78.82352941176471,1.5584269662921348,0.041073391079331674
78.82352941176471,1.6247191011235955,0.03906232631485686
78.82352941176471,1.6910112359550562,0.037215522765708796
78.82352941176471,1.7573033707865169,0.035514347466182615
78.82352941176471,1.8235955056179776,0.03394283564510577
78.82352941176471,1.8898876404494382,0.03248723432227776
78.82352941176471,1.956179775280899,0.031135635891418947
78.82352941176471,2.0224719101123596,0.02987768174100132
78.82352941176471,2.08876404494382,0.028704320846828613
78.82352941176471,2.155056179775281,0.027607611851563137
78.82352941176471,2.2213483146067414,0.026580559800034667
78.82352941176471,2.2876404494382023,0.025616980684118842
78.82352941176471,2.353932584269663,0.024711388448998717
78.82352941176471,2.4202247191011237,0.023858900252659
78.82352941176471,2.486516853932584,0.023055156644907798
78.82352941176471,2.552808988764045,0.022296254007957487
78.82352941176471,2.6191011235955055,0.021578687126452042
78.82352941176471,2.6853932584269664,0.0208993001667809
78.82352941176471,2.751685393258427,0.020255244670277745
78.82352941176471,2.8179775280898878,0.019643943422457743
78.82352941176471,2.8842696629213482,0.019063059265879062
78.82352941176471,2.950561797752809,0.0185104680889467
78.82352941176471,3.0168539325842696,0.01798423535577152
78.82352941176471,3.0831460674157305,0.017482595649765932
78.82352941176471,3.149438202247191,0.01700393479120152
78.82352941176471,3.215730337078652,0.016546774160531665
78.82352941176471,3.2820224719101123,0.016109756918046145
78.82352941176471,3.348314606741573,0.01569163585887641
78.82352941176471,3.4146067415730337,0.015291262682474677
78.82352941176471,3.4808988764044946,0.014907578489011232
78.82352941176471,3.547191011235955,0.014539605342921855
78.82352941176471,3.613483146067416,0.014186438767089395
78.82352941176471,3.6797752808988764,0.013847241050670346
78.82352941176471,3.746067415730337,0.013521235270022202
78.82352941176471,3.8123595505617978,0.01320769993608896
78.82352941176471,3.878651685393258,0.012905964193379598
78.82352941176471,3.944943820224719,0.012615403505690096
78.82352941176471,4.01123595505618,0.01233543577225401
78.82352941176471,4.0775280898876405,0.012065517825305249
78.82352941176471,4.143820224719101,0.011805142266285831
78.82352941176471,4.210112359550561,0.011553834603307923
78.82352941176471,4.276404494382023,0.01131115065710291
78.82352941176471,4.342696629213483,0.011076674206687212
78.82352941176471,4.408988764044944,0.010850014849429638
78.82352941176471,4.475280898876404,0.010630806053204349
78.82352941176471,4.5415730337078655,0.010418703380916862
78.82352941176471,4.607865168539326,0.010213382869962472
78.82352941176471,4.674157303370786,0.010014539551153358
78.82352941176471,4.740449438202247,0.009821886093385647
78.82352941176471,4.806741573033708,0.009635151561832998
78.82352941176471,4.873033707865169,0.009454080278785092
78.82352941176471,4.939325842696629,0.009278430777421508
78.82352941176471,5.00561797752809,0.009107974839841769
78.82352941176471,5.071910112359551,0.008942496611583577
78.82352941176471,5.138202247191011,0.00878179178566577
78.82352941176471,5.204494382022472,0.008625666849903846
78.82352941176471,5.270786516853932,0.00847393839187925
78.82352941176471,5.337078651685394,0.008326432456503177
78.82352941176471,5.403370786516854,0.00818298395161495
78.82352941176471,5.4696629213483146,0.008043436097500073
78.82352941176471,5.535955056179775,0.007907639916608629
78.82352941176471,5.602247191011236,0.007775453760109267
78.82352941176471,5.668539325842697,0.007646742868231009
78.82352941176471,5.734831460674157,0.007521378961627754
78.82352941176471,5.801123595505618,0.007399239861256672
78.82352941176471,5.867415730337079,0.007280209134487773
78.82352941176471,5.9337078651685395,0.007164175765369566
78.82352941176471,6.0,0.007051033847159175
82.10084033613445,0.1,0.47787644786447453
82.10084033613445,0.1662921348314607,0.3452108285616174
82.10084033613445,0.23258426966292134,0.26652399496737794
82.10084033613445,0.298876404494382,0.21497313830778436
82.10084033613445,0.3651685393258427,0.1788475757635589
82.10084033613445,0.4314606741573034,0.15226821966707266
82.10084033613445,0.49775280898876406,0.13197749424932229
82.10084033613445,0.5640449438202247,0.11603281546395028
82.10084033613445,0.6303370786516854,0.10320789887995735
82.10084033613445,0.6966292134831461,0.09269261008766881
82.10084033613445,0.7629213483146068,0.08393145101829519
82.10084033613445,0.8292134831460675,0.07653152329891118
82.10084033613445,0.895505617977528,0.0702075370504879
82.10084033613445,0.9617977528089887,0.06474761683888351
82.10084033613445,1.0280898876404494,0.05999130266139053
82.10084033613445,1.09438202247191,0.05581497373566737
82.10084033613445,1.1606741573033708,0.052121938927625254
82.10084033613445,1.2269662921348314,0.04883554536808965
82.10084033613445,1.2932584269662921,0.04589428858573121
82.10084033613445,1.3595505617977528,0.04324827985005493
82.10084033613445,1.4258426966292135,0.04085665238071351
82.10084033613445,1.4921348314606742,0.038685628818634535
82.10084033613445,1.5584269662921348,0.03670706209051087
82.10084033613445,1.6247191011235955,0.034897320239302004
82.10084033613445,1.6910112359550562,0.03323642459334882
82.10084033613445,1.7573033707865169,0.03170737686337149
82.10084033613445,1.8235955056179776,0.030295628758691646
82.10084033613445,1.8898876404494382,0.028988660260071342
82.10084033613445,1.956179775280899,0.027775641550727315
82.10084033613445,2.0224719101123596,0.026647159949819005
82.10084033613445,2.08876404494382,0.025594997785018073
82.10084033613445,2.155056179775281,0.024611950502423596
82.10084033613445,2.2213483146067414,0.02369167679821224
82.10084033613445,2.2876404494382023,0.022828574412763477
82.10084033613445,2.353932584269663,0.022017676626627358
82.10084033613445,2.4202247191011237,0.021254565560418354
82.10084033613445,2.486516853932584,0.020535299194654195
82.10084033613445,2.552808988764045,0.019856349653647833
82.10084033613445,2.6191011235955055,0.019214550785697705
82.10084033613445,2.6853932584269664,0.018607053453740825
82.10084033613445,2.751685393258427,0.01803128725135626
82.10084033613445,2.8179775280898878,0.01748492759723895
82.10084033613445,2.8842696629213482,0.016965867351064725
82.10084033613445,2.950561797752809,0.016472192245725097
82.10084033613445,3.0168539325842696,0.016002159553357598
82.10084033613445,3.0831460674157305,0.0155541795016934
82.10084033613445,3.149438202247191,0.015126799037827118
82.10084033613445,3.215730337078652,0.014718687602333896
82.10084033613445,3.2820224719101123,0.014328624630660095
82.10084033613445,3.348314606741573,0.013955488543200502
82.10084033613445,3.4146067415730337,0.013598247022269836
82.10084033613445,3.4808988764044946,0.013255948404726488
82.10084033613445,3.547191011235955,0.012927714044463889
82.10084033613445,3.613483146067416,0.0126127315202772
82.10084033613445,3.6797752808988764,0.01231024858247589
82.10084033613445,3.746067415730337,0.012019567746654395
82.10084033613445,3.8123595505617978,0.01174004145573426
82.10084033613445,3.878651685393258,0.011471067742151233
82.10084033613445,3.944943820224719,0.011212086331201026
82.10084033613445,4.01123595505618,0.010962575134346805
82.10084033613445,4.0775280898876405,0.010722047087944024
82.10084033613445,4.143820224719101,0.010490047298537475
82.10084033613445,4.210112359550561,0.010266150460779586
82.10084033613445,4.276404494382023,0.010049958518233395
82.10084033613445,4.342696629213483,0.009841098540956725
82.10084033613445,4.408988764044944,0.009639220796912406
82.10084033613445,4.475280898876404,0.009443996996972175
82.10084033613445,4.5415730337078655,0.009255118695652558
82.10084033613445,4.607865168539326,0.009072295831781617
82.10084033613445,4.674157303370786,0.008895255395094743
82.10084033613445,4.740449438202247,0.008723740206329718
82.10084033613445,4.806741573033708,0.008557507799768828
82.10084033613445,4.873033707865169,0.008396329398382904
82.10084033613445,4.939325842696629,0.008239988972796024
82.10084033613445,5.00561797752809,0.008088282376223388
82.10084033613445,5.071910112359551,0.00794101654836056
82.10084033613445,5.138202247191011,0.007798008781931719
82.10084033613445,5.204494382022472,0.007659086046249113
82.10084033613445,5.270786516853932,0.0075240843627080774
82.10084033613445,5.337078651685394,0.007392848227650211
82.10084033613445,5.403370786516854,0.007265230078478524
82.10084033613445,5.4696629213483146,0.007141089799310124
82.10084033613445,5.535955056179775,0.00702029426281142
82.10084033613445,5.602247191011236,0.006902716905180608
82.10084033613445,5.668539325842697,0.0067882373315278945
82.10084033613445,5.734831460674157,0.0066767409491619014
82.10084033613445,5.801123595505618,0.006568118626518986
82.10084033613445,5.867415730337079,0.006462266375679596
82.10084033613445,5.9337078651685395,0.006359085056600844
82.10084033613445,6.0,0.006258480101361594
85.3781512605042,0.1,0.45302173197351164
85.3781512605042,0.1662921348314607,0.32245146767412575
85.3781512605042,0.23258426966292134,0.24666814198911124
85.3781512605042,0.298876404494382,0.1977092626999587
85.3781512605042,0.3651685393258427,0.1637344983368944
85.3781512605042,0.4314606741573034,0.13891808319668533
85.3781512605042,0.49775280898876406,0.12007863656446427
85.3781512605042,0.5640449438202247,0.10533986233585486
85.3781512605042,0.6303370786516854,0.09352757001164762
85.3781512605042,0.6966292134831461,0.08387146730803534
85.3781512605042,0.7629213483146068,0.07584642643659954
85.3781512605042,0.8292134831460675,0.06908283199456128
85.3781512605042,0.895505617977528,0.06331341007030998
85.3781512605042,0.9617977528089887,0.058340373072201974
85.3781512605042,1.0280898876404494,0.054014395776947985
85.3781512605042,1.09438202247191,0.05022075026185735
85.3781512605042,1.1606741573033708,0.04686991842482695
85.3781512605042,1.2269662921348314,0.04389108733554427
85.3781512605042,1.2932584269662921,0.04122754868117418
85.3781512605042,1.3595505617977528,0.03883338474276093
85.3781512605042,1.4258426966292135,0.03667104148444587
85.3781512605042,1.4921348314606742,0.03470952463922504
85.3781512605042,1.5584269662921348,0.03292304061820659
85.3781512605042,1.6247191011235955,0.031289959849734
85.3781512605042,1.6910112359550562,0.029792017072087295
85.3781512605042,1.7573033707865169,0.028413687976954947
85.3781512605042,1.8235955056179776,0.027141698635879823
85.3781512605042,1.8898876404494382,0.025964635985312512
85.3781512605042,1.956179775280899,0.024872635994972397
85.3781512605042,2.0224719101123596,0.023857132106003955
85.3781512605042,2.08876404494382,0.02291065083360418
85.3781512605042,2.155056179775281,0.022026644576799977
85.3781512605042,2.2213483146067414,0.021199354002268193
85.3781512605042,2.2876404494382023,0.020423694101816593
85.3781512605042,2.353932584269663,0.019695159326700035
85.3781512605042,2.4202247191011237,0.019009744191050972
85.3781512605042,2.486516853932584,0.01836387649326291
85.3781512605042,2.552808988764045,0.017754360887269255
85.3781512605042,2.6191011235955055,0.0171783309882935
85.3781512605042,2.6853932584269664,0.016633208551402663
85.3781512605042,2.751685393258427,0.016116668539454756
85.3781512605042,2.8179775280898878,0.015626609117235495
85.3781512605042,2.8842696629213482,0.015161125783865243
85.3781512605042,2.950561797752809,0.014718488995849693
85.3781512605042,3.0168539325842696,0.014297124746026322
85.3781512605042,3.0831460674157305,0.013895597654939211
85.3781512605042,3.149438202247191,0.013512596205337787
85.3781512605042,3.215730337078652,0.013146919811032581
85.3781512605042,3.2820224719101123,0.01279746746096742
85.3781512605042,3.348314606741573,0.012463227720225317
85.3781512605042,3.4146067415730337,0.012143269903453472
85.3781512605042,3.4808988764044946,0.011836736264215534
85.3781512605042,3.547191011235955,0.011542835067114102
85.3781512605042,3.613483146067416,0.011260834429031183
85.3781512605042,3.6797752808988764,0.010990056832192422
85.3781512605042,3.746067415730337,0.010729874225522662
85.3781512605042,3.8123595505617978,0.01047970364237894
85.3781512605042,3.878651685393258,0.010239003272583017
85.3781512605042,3.944943820224719,0.010007268935026742
85.3781512605042,4.01123595505618,0.009784030904238046
85.3781512605042,4.0775280898876405,0.009568851050367965
85.3781512605042,4.143820224719101,0.009361320257259451
85.3781512605042,4.210112359550561,0.009161056087723468
85.3781512605042,4.276404494382023,0.00896770066898824
85.3781512605042,4.342696629213483,0.00878091877460124
85.3781512605042,4.408988764044944,0.008600396081929107
85.3781512605042,4.475280898876404,0.008425837586881967
85.3781512605042,4.5415730337078655,0.008256966159645681
85.3781512605042,4.607865168539326,0.008093521227081414
85.3781512605042,4.674157303370786,0.007935257569087983
85.3781512605042,4.740449438202247,0.007781944217653128
85.3781512605042,4.806741573033708,0.0076333634485707055
85.3781512605042,4.873033707865169,0.007489309856899788
85.3781512605042,4.939325842696629,0.007349589508206015
85.3781512605042,5.00561797752809,0.007214019158475488
85.3781512605042,5.071910112359551,0.007082425536340523
85.3781512605042,5.138202247191011,0.0069546446819184265
85.3781512605042,5.204494382022472,0.006830521337149935
85.3781512605042,5.270786516853932,0.006709908383042971
85.3781512605042,5.337078651685394,0.00659266631968822
85.3781512605042,5.403370786516854,0.0064786627853218315
85.3781512605042,5.4696629213483146,0.006367772111076039
85.3781512605042,5.535955056179775,0.006259874908382734
85.3781512605042,5.602247191011236,0.006154857686285503
85.3781512605042,5.668539325842697,0.006052612496175035
85.3781512605042,5.734831460674157,0.005953036601695117
85.3781512605042,5.801123595505618,0.005856032171774533
85.3781512605042,5.867415730337079,0.005761505994927032
85.3781512605042,5.9337078651685395,0.005669369213129493
85.3781512605042,6.0,0.005579537073739484
88.65546218487395,0.1,0.4292103189244128
88.65546218487395,0.1662921348314607,0.3012080891437408
88.65546218487395,0.23258426966292134,0.22843065113184627
88.65546218487395,0.298876404494382,0.1820247704085313
88.65546218487395,0.3651685393258427,0.15011212265726925
88.65546218487395,0.4314606741573034,0.12695653621845343
88.65546218487395,0.49775280898876406,0.10946726461222525
88.65546218487395,0.5640449438202247,0.09583980059729122
88.65546218487395,0.6303370786516854,0.08495377731646446
88.65546218487395,0.6966292134831461,0.07607887585035757
88.65546218487395,0.7629213483146068,0.06871981993299191
88.65546218487395,0.8292134831460675,0.06252953116179741
88.65546218487395,0.895505617977528,0.05725796649621169
88.65546218487395,0.9617977528089887,0.05272068239495148
88.65546218487395,1.0280898876404494,0.04877881633631668
88.65546218487395,1.09438202247191,0.04532594020377681
88.65546218487395,1.1606741573033708,0.04227919192710683
88.65546218487395,1.2269662921348314,0.03957315046654412
88.65546218487395,1.2932584269662921,0.03715551626523214
88.65546218487395,1.3595505617977528,0.034984007694196455
88.65546218487395,1.4258426966292135,0.033024093565320094
88.65546218487395,1.4921348314606742,0.031247311272471382
88.65546218487395,1.5584269662921348,0.029630002092074652
88.65546218487395,1.6247191011235955,0.02815234821344784
88.65546218487395,1.6910112359550562,0.026797631075350346
88.65546218487395,1.7573033707865169,0.025551654111060595
88.65546218487395,1.8235955056179776,0.024402289078837836
88.65546218487395,1.8898876404494382,0.023339116306291485
88.65546218487395,1.956179775280899,0.02235313702299671
88.65546218487395,2.0224719101123596,0.021436541547821097
88.65546218487395,2.08876404494382,0.020582521131573377
88.65546218487395,2.155056179775281,0.019785114198649523
88.65546218487395,2.2213483146067414,0.019039079901018226
88.65546218487395,2.2876404494382023,0.018339793513140343
88.65546218487395,2.353932584269663,0.01768315941000879
88.65546218487395,2.4202247191011237,0.01706553829019649
88.65546218487395,2.486516853932584,0.016483686008469414
88.65546218487395,2.552808988764045,0.01593470192348424
88.65546218487395,2.6191011235955055,0.015415985085586564
88.65546218487395,2.6853932584269664,0.014925196917261267
88.65546218487395,2.751685393258427,0.014460229296173988
88.65546218487395,2.8179775280898878,0.014019177154261533
88.65546218487395,2.8842696629213482,0.013600314868188084
88.65546218487395,2.950561797752809,0.013202075845931837
88.65546218487395,3.0168539325842696,0.012823034818336982
88.65546218487395,3.0831460674157305,0.012461892428567111
88.65546218487395,3.149438202247191,0.012117461780672361
88.65546218487395,3.215730337078652,0.011788656664184036
88.65546218487395,3.2820224719101123,0.011474481217279685
88.65546218487395,3.348314606741573,0.011174020828605831
88.65546218487395,3.4146067415730337,0.010886434108860308
88.65546218487395,3.4808988764044946,0.01061094578895382
88.65546218487395,3.547191011235955,0.010346840422980884
88.65546218487395,3.613483146067416,0.010093456792111113
88.65546218487395,3.6797752808988764,0.009850182920505646
88.65546218487395,3.746067415730337,0.009616451626966895
88.65546218487395,3.8123595505617978,0.009391736546670488
88.65546218487395,3.878651685393258,0.00917554856632671
88.65546218487395,3.944943820224719,0.008967432623761488
88.65546218487395,4.01123595505618,0.008766964829409484
88.65546218487395,4.0775280898876405,0.008573749872765475
88.65546218487395,4.143820224719101,0.008387418681588654
88.65546218487395,4.210112359550561,0.008207626305735028
88.65546218487395,4.276404494382023,0.008034050000997377
88.65546218487395,4.342696629213483,0.00786638749135822
88.65546218487395,4.408988764044944,0.00770435539067402
88.65546218487395,4.475280898876404,0.007547687767074325
88.65546218487395,4.5415730337078655,0.007396134835323561
88.65546218487395,4.607865168539326,0.007249461764105568
88.65546218487395,4.674157303370786,0.007107447586680449
88.65546218487395,4.740449438202247,0.0069698842046664955
88.65546218487395,4.806741573033708,0.006836575475840149
88.65546218487395,4.873033707865169,0.006707336377846492
88.65546218487395,4.939325842696629,0.006581992240591136
88.65546218487395,5.00561797752809,0.006460378040857872
88.65546218487395,5.071910112359551,0.0063423377533770335
88.65546218487395,5.138202247191011,0.006227723753172799
88.65546218487395,5.204494382022472,0.006116396264548992
88.65546218487395,5.270786516853932,0.006008222852545013
88.65546218487395,5.337078651685394,0.0059030779531129545
88.65546218487395,5.403370786516854,0.005800842438637425
88.65546218487395,5.4696629213483146,0.005701403215752741
88.65546218487395,5.535955056179775,0.005604652852705676
88.65546218487395,5.602247191011236,0.005510489233776421
88.65546218487395,5.668539325842697,0.005418815238505643
88.65546218487395,5.734831460674157,0.005329538443686564
88.65546218487395,5.801123595505618,0.005242570846269297
88.65546218487395,5.867415730337079,0.005157828605495341
88.65546218487395,5.9337078651685395,0.005075231802731196
88.65546218487395,6.0,0.00499470421760825
91.9327731092437,0.1,0.4064649494165455
91.9327731092437,0.1662921348314607,0.28141496814993217
91.9327731092437,0.23258426966292134,0.211692948565343
91.9327731092437,0.298876404494382,0.1677753130978772
91.9327731092437,0.3651685393258427,0.13782582252670025
91.9327731092437,0.4314606741573034,0.11622707646427065
91.9327731092437,0.49775280898876406,0.09998945723696634
91.9327731092437,0.5640449438202247,0.08738357784816157
91.9327731092437,0.6303370786516854,0.07734342324814256
91.9327731092437,0.6966292134831461,0.0691781092551416
91.9327731092437,0.7629213483146068,0.06242131945634056
91.9327731092437,0.8292134831460675,0.056747562255078786
91.9327731092437,0.895505617977528,0.05192313328334732
91.9327731092437,0.9617977528089887,0.0477761385182675
91.9327731092437,1.0280898876404494,0.044177488040599594
91.9327731092437,1.09438202247191,0.04102846126125067
91.9327731092437,1.1606741573033708,0.03825234642354451
91.9327731092437,1.2269662921348314,0.03578868315227734
91.9327731092437,1.2932584269662921,0.033589212629560154
91.9327731092437,1.3595505617977528,0.03161497457129894
91.9327731092437,1.4258426966292135,0.02983419067210362
91.9327731092437,1.4921348314606742,0.028220697659291024
91.9327731092437,1.5584269662921348,0.02675277102620097
91.9327731092437,1.6247191011235955,0.02541223080133775
91.9327731092437,1.6910112359550562,0.024183753816737007
91.9327731092437,1.7573033707865169,0.023054339137987503
91.9327731092437,1.8235955056179776,0.022012888454712564
91.9327731092437,1.8898876404494382,0.021049873711032164
91.9327731092437,1.956179775280899,0.020157071616232838
91.9327731092437,2.0224719101123596,0.019327349913636493
91.9327731092437,2.08876404494382,0.01855449405841232
91.9327731092437,2.155056179775281,0.017833065703532477
91.9327731092437,2.2213483146067414,0.017158286416586923
91.9327731092437,2.2876404494382023,0.01652594155474772
91.9327731092437,2.353932584269663,0.015932300354290847
91.9327731092437,2.4202247191011237,0.01537404914583391
91.9327731092437,2.486516853932584,0.014848235258814766
91.9327731092437,2.552808988764045,0.01435221968048873
91.9327731092437,2.6191011235955055,0.01388363692345073
91.9327731092437,2.6853932584269664,0.013440360858938157
91.9327731092437,2.751685393258427,0.013020475511277704
91.9327731092437,2.8179775280898878,0.01262224999696325
91.9327731092437,2.8842696629213482,0.012244116941358187
91.9327731092437,2.950561797752809,0.011884653825495793
91.9327731092437,3.0168539325842696,0.01154256681144996
91.9327731092437,3.0831460674157305,0.01121667667226678
91.9327731092437,3.149438202247191,0.010905906515351883
91.9327731092437,3.215730337078652,0.010609271039487988
91.9327731092437,3.2820224719101123,0.010325867107645088
91.9327731092437,3.348314606741573,0.01005486545227563
91.9327731092437,3.4146067415730337,0.00979550335829288
91.9327731092437,3.4808988764044946,0.009547078192561705
91.9327731092437,3.547191011235955,0.009308941668389144
91.9327731092437,3.613483146067416,0.009080494749918363
91.9327731092437,3.6797752808988764,0.008861183115081633
91.9327731092437,3.746067415730337,0.008650493107331205
91.9327731092437,3.8123595505617978,0.008447948116116964
91.9327731092437,3.878651685393258,0.00825310533432881
91.9327731092437,3.944943820224719,0.008065552847920373
91.9327731092437,4.01123595505618,0.007884907018886314
91.9327731092437,4.0775280898876405,0.007710810127847038
91.9327731092437,4.143820224719101,0.007542928246842256
91.9327731092437,4.210112359550561,0.0073809493166646575
91.9327731092437,4.276404494382023,0.0072245814062709465
91.9327731092437,4.342696629213483,0.007073551134573896
91.9327731092437,4.408988764044944,0.006927602237305622
91.9327731092437,4.475280898876404,0.006786494263712728
91.9327731092437,4.5415730337078655,0.00665000138963828
91.9327731092437,4.607865168539326,0.006517911335108231
91.9327731092437,4.674157303370786,0.006390024375899513
91.9327731092437,4.740449438202247,0.006266152439757924
91.9327731092437,4.806741573033708,0.006146118278971927
91.9327731092437,4.873033707865169,0.006029754711922131
91.9327731092437,4.939325842696629,0.005916903927026202
91.9327731092437,5.00561797752809,0.005807416843204319
91.9327731092437,5.071910112359551,0.00570115252161151
91.9327731092437,5.138202247191011,0.00559797762393137
91.9327731092437,5.204494382022472,0.00549776591301154
91.9327731092437,5.270786516853932,0.005400397792050168
91.9327731092437,5.337078651685394,0.005305759878924805
91.9327731092437,5.403370786516854,0.0052137446125932
91.9327731092437,5.4696629213483146,0.005124249888797594
91.9327731092437,5.535955056179775,0.005037178722572495
91.9327731092437,5.602247191011236,0.00495243893529559
91.9327731092437,5.668539325842697,0.0048699428642364085
91.9327731092437,5.734831460674157,0.0047896070927482045
91.9327731092437,5.801123595505618,0.00471135219942134
91.9327731092437,5.867415730337079,0.004635102524670077
91.9327731092437,5.9337078651685395,0.00456078595336314
91.9327731092437,6.0,0.0044883337122336425
95.21008403361344,0.1,0.38479352782120935
95.21008403361344,0.1662921348314607,0.2629992897297189
95.21008403361344,0.23258426966292134,0.19633908103498002
95.21008403361344,0.298876404494382,0.15482631686274986
95.21008403361344,0.3651685393258427,0.12673535565018126
95.21008403361344,0.4314606741573034,0.10659035669021488
95.21008403361344,0.49775280898876406,0.09150999278756385
95.21008403361344,0.5640449438202247,0.07984158747369523
95.21008403361344,0.6303370786516854,0.07057308783843955
95.21008403361344,0.6966292134831461,0.06305202120194933
95.21008403361344,0.7629213483146068,0.05683988742800398
95.21008403361344,0.8292134831460675,0.051631706738626056
95.21008403361344,0.895505617977528,0.04720916657165926
95.21008403361344,0.9617977528089887,0.043412111905657164
95.21008403361344,1.0280898876404494,0.04012054036820814
95.21008403361344,1.09438202247191,0.03724286265484767
95.21008403361344,1.1606741573033708,0.034708032893370426
95.21008403361344,1.2269662921348314,0.03246014341538217
95.21008403361344,1.2932584269662921,0.030454631529826744
95.21008403361344,1.3595505617977528,0.028655566090561052
95.21008403361344,1.4258426966292135,0.027033672871152135
95.21008403361344,1.4921348314606742,0.025564875167851175
95.21008403361344,1.5584269662921348,0.02422919995265832
95.21008403361344,1.6247191011235955,0.02300994746835054
95.21008403361344,1.6910112359550562,0.021893053406180092
95.21008403361344,1.7573033707865169,0.020866593717517767
95.21008403361344,1.8235955056179776,0.019920396341994384
95.21008403361344,1.8898876404494382,0.019045733971802748
95.21008403361344,1.956179775280899,0.018235078869578016
95.21008403361344,2.0224719101123596,0.017481905658415606
95.21008403361344,2.08876404494382,0.016780531528052554
95.21008403361344,2.155056179775281,0.01612598586629265
95.21008403361344,2.2213483146067414,0.015513903211002175
95.21008403361344,2.2876404494382023,0.01494043481895792
95.21008403361344,2.353932584269663,0.014402175198087806
95.21008403361344,2.4202247191011237,0.013896100743927074
95.21008403361344,2.486516853932584,0.013419518226761998
95.21008403361344,2.552808988764045,0.01297002134135658
95.21008403361344,2.6191011235955055,0.012545453891441414
95.21008403361344,2.6853932584269664,0.012143878461984076
95.21008403361344,2.751685393258427,0.011763549652613397
95.21008403361344,2.8179775280898878,0.01140289111954049
95.21008403361344,2.8842696629213482,0.011060475811489232
95.21008403361344,2.950561797752809,0.010735008895498215
95.21008403361344,3.0168539325842696,0.010425312957064337
95.21008403361344,3.0831460674157305,0.010130315130609318
95.21008403361344,3.149438202247191,0.009849035874246922
95.21008403361344,3.215730337078652,0.009580579150082041
95.21008403361344,3.2820224719101123,0.009324123809947744
95.21008403361344,3.348314606741573,0.009078916018271667
95.21008403361344,3.4146067415730337,0.0088442625699954
95.21008403361344,3.4808988764044946,0.008619524983205104
95.21008403361344,3.547191011235955,0.008404114264204331
95.21008403361344,3.613483146067416,0.00819748625784675
95.21008403361344,3.6797752808988764,0.007999137508579984
95.21008403361344,3.746067415730337,0.0078086015682697595
95.21008403361344,3.8123595505617978,0.007625445695823599
95.21008403361344,3.878651685393258,0.007449267901203373
95.21008403361344,3.944943820224719,0.007279694292835602
95.21008403361344,4.01123595505618,0.007116376692890182
95.21008403361344,4.0775280898876405,0.006958990489556101
95.21008403361344,4.143820224719101,0.0068072326994284196
95.21008403361344,4.210112359550561,0.00666082021653569
95.21008403361344,4.276404494382023,0.006519488227476504
95.21008403361344,4.342696629213483,0.006382988774663644
95.21008403361344,4.408988764044944,0.006251089451861921
95.21008403361344,4.475280898876404,0.0061235722180986284
95.21008403361344,4.5415730337078655,0.006000232317668229
95.21008403361344,4.607865168539326,0.005880877295382117
95.21008403361344,4.674157303370786,0.005765326097457603
95.21008403361344,4.740449438202247,0.005653408249529008
95.21008403361344,4.806741573033708,0.005544963104212812
95.21008403361344,4.873033707865169,0.005439839151493907
95.21008403361344,4.939325842696629,0.005337893385930258
95.21008403361344,5.00561797752809,0.005238990725318706
95.21008403361344,5.071910112359551,0.00514300347603096
95.21008403361344,5.138202247191011,0.005049810840730457
95.21008403361344,5.204494382022472,0.0049592984646230085
95.21008403361344,5.270786516853932,0.004871358016787245
95.21008403361344,5.337078651685394,0.004785886803478399
95.21008403361344,5.403370786516854,0.004702787410607993
95.21008403361344,5.4696629213483146,0.004621967372877605
95.21008403361344,5.535955056179775,0.0045433388672894235
95.21008403361344,5.602247191011236,0.004466818428975597
95.21008403361344,5.668539325842697,0.004392326687483248
95.21008403361344,5.734831460674157,0.004319788121827341
95.21008403361344,5.801123595505618,0.004249130832780108
95.21008403361344,5.867415730337079,0.004180286331006174
95.21008403361344,5.9337078651685395,0.004113189339779098
95.21008403361344,6.0,0.004047777611128128
98.4873949579832,0.1,0.3641915189880588
98.4873949579832,0.1662921348314607,0.24588415319906312
98.4873949579832,0.23258426966292134,0.18225763524970676
98.4873949579832,0.298876404494382,0.1430535697849176
98.4873949579832,0.3651685393258427,0.11671433045535347
98.4873949579832,0.4314606741573034,0.09792281079421757
98.4873949579832,0.49775280898876406,0.08391037640096703
98.4873949579832,0.5640449438202247,0.07310128339929658
98.4873949579832,0.6303370786516854,0.06453636847229526
98.4873949579832,0.6966292134831461,0.057600210139660296
98.4873949579832,0.7629213483146068,0.05188082218772294
98.4873949579832,0.8292134831460675,0.04709259605412238
98.4873949579832,0.895505617977528,0.04303164723547977
98.4873949579832,0.9617977528089887,0.03954875736694409
98.4873949579832,1.0280898876404494,0.036532346983687375
98.4873949579832,1.09438202247191,0.03389740751532832
98.4873949579832,1.1606741573033708,0.0315781017420226
98.4873949579832,1.2269662921348314,0.029522693450005785
98.4873949579832,1.2932584269662921,0.027689996674434236
98.4873949579832,1.3595505617977528,0.02604684047128568
98.4873949579832,1.4258426966292135,0.024566227082216757
98.4873949579832,1.4921348314606742,0.02322597275175496
98.4873949579832,1.5584269662921348,0.022007690401928345
98.4873949579832,1.6247191011235955,0.020896018294245238
98.4873949579832,1.6910112359550562,0.01987802826110602
98.4873949579832,1.7573033707865169,0.018942766761048235
98.4873949579832,1.8235955056179776,0.018080895378368933
98.4873949579832,1.8898876404494382,0.01728440661254159
98.4873949579832,1.956179775280899,0.016546397262116562
98.4873949579832,2.0224719101123596,0.01586088629132563
98.4873949579832,2.08876404494382,0.015222667360595988
98.4873949579832,2.155056179775281,0.01462718859535052
98.4873949579832,2.2213483146067414,0.014070453925456534
98.4873949579832,2.2876404494382023,0.013548941632076351
98.4873949579832,2.353932584269663,0.013059536715632014
98.4873949579832,2.4202247191011237,0.012599474436792836
98.4873949579832,2.486516853932584,0.01216629294481857
98.4873949579832,2.552808988764045,0.011757793339455246
98.4873949579832,2.6191011235955055,0.011372005846644535
98.4873949579832,2.6853932584269664,0.01100716104852801
98.4873949579832,2.751685393258427,0.010661665312263932
98.4873949579832,2.8179775280898878,0.010334079723167426
98.4873949579832,2.8842696629213482,0.01002310195546613
98.4873949579832,2.950561797752809,0.009727550615962649
98.4873949579832,3.0168539325842696,0.009446351677752273
98.4873949579832,3.0831460674157305,0.009178526687171857
98.4873949579832,3.149438202247191,0.008923182480682539
98.4873949579832,3.215730337078652,0.00867950219197568
98.4873949579832,3.2820224719101123,0.008446737365252525
98.4873949579832,3.348314606741573,0.00822420101992217
98.4873949579832,3.4146067415730337,0.008011261536129587
98.4873949579832,3.4808988764044946,0.007807337250540303
98.4873949579832,3.547191011235955,0.007611891668446009
98.4873949579832,3.613483146067416,0.007424429212137259
98.4873949579832,3.6797752808988764,0.007244491437111872
98.4873949579832,3.746067415730337,0.007071653657451076
98.4873949579832,3.8123595505617978,0.006905521929923301
98.4873949579832,3.878651685393258,0.006745730353332367
98.4873949579832,3.944943820224719,0.006591938645524342
98.4873949579832,4.01123595505618,0.0064438299654839635
98.4873949579832,4.0775280898876405,0.006301108952228412
98.4873949579832,4.143820224719101,0.006163499955863759
98.4873949579832,4.210112359550561,0.006030745439305808
98.4873949579832,4.276404494382023,0.005902604531860207
98.4873949579832,4.342696629213483,0.005778851718180931
98.4873949579832,4.408988764044944,0.005659275648129419
98.4873949579832,4.475280898876404,0.0055436780547935965
98.4873949579832,4.5415730337078655,0.005431872769431329
98.4873949579832,4.607865168539326,0.005323684823411894
98.4873949579832,4.674157303370786,0.0052189496283696225
98.4873949579832,4.740449438202247,0.005117512226779504
98.4873949579832,4.806741573033708,0.005019226606035188
98.4873949579832,4.873033707865169,0.004923955069873195
98.4873949579832,4.939325842696629,0.004831567661657096
98.4873949579832,5.00561797752809,0.004741941634624564
98.4873949579832,5.071910112359551,0.004654960964720035
98.4873949579832,5.138202247191011,0.004570515902093365
98.4873949579832,5.204494382022472,0.004488502557750786
98.4873949579832,5.270786516853932,0.004408822522202556
98.4873949579832,5.337078651685394,0.004331382513270775
98.4873949579832,5.403370786516854,0.004256094050502729
98.4873949579832,5.4696629213483146,0.004182873153887283
98.4873949579832,5.535955056179775,0.004111640064795523
98.4873949579832,5.602247191011236,0.004042318987266903
98.4873949579832,5.668539325842697,0.003974837847940652
98.4873949579832,5.734831460674157,0.003909128073092253
98.4873949579832,5.801123595505618,0.003845124381377492
98.4873949579832,5.867415730337079,0.003782764591015522
98.4873949579832,5.9337078651685395,0.0037219894402572033
98.4873949579832,6.0,0.0036627424200889164
101.76470588235294,0.1,0.34464417490861415
101.76470588235294,0.1662921348314607,0.22999094517161847
101.76470588235294,0.23258426966292134,0.1693429848099135
101.76470588235294,0.298876404494382,0.13234330201606487
101.76470588235294,0.3651685393258427,0.10764937811626876
101.76470588235294,0.4314606741573034,0.09011518243772937
101.76470588235294,0.49775280898876406,0.07708693356199964
101.76470588235294,0.5640449438202247,0.06706499034003548
101.76470588235294,0.6303370786516854,0.05914151430062816
101.76470588235294,0.6966292134831461,0.052736553183164864
101.76470588235294,0.7629213483146068,0.04746324393922507
101.76470588235294,0.8292134831460675,0.043054186191375694
101.76470588235294,0.895505617977528,0.039318969415003985
101.76470588235294,0.9617977528089887,0.03611853395474866
101.76470588235294,1.0280898876404494,0.03334908878038853
101.76470588235294,1.09438202247191,0.030931686849532503
101.76470588235294,1.1606741573033708,0.028805272605876692
101.76470588235294,1.2269662921348314,0.026921928132116513
101.76470588235294,1.2932584269662921,0.02524355034000221
101.76470588235294,1.3595505617977528,0.02373948250791596
101.76470588235294,1.4258426966292135,0.022384796215241726
101.76470588235294,1.4921348314606742,0.02115902523618066
101.76470588235294,1.5584269662921348,0.020045219062302805
101.76470588235294,1.6247191011235955,0.019029226097803307
101.76470588235294,1.6910112359550562,0.01809914430164803
101.76470588235294,1.7573033707865169,0.01724489554246859
101.76470588235294,1.8235955056179776,0.016457892477085054
101.76470588235294,1.8898876404494382,0.015730775409703135
101.76470588235294,1.956179775280899,0.015057202635136034
101.76470588235294,2.0224719101123596,0.014431682054817891
101.76470588235294,2.08876404494382,0.013849434929793496
101.76470588235294,2.155056179775281,0.013306284867635479
101.76470588235294,2.2213483146067414,0.012798566778831814
101.76470588235294,2.2876404494382023,0.01232305175289706
101.76470588235294,2.353932584269663,0.011876884713495319
101.76470588235294,2.4202247191011237,0.011457532398188976
101.76470588235294,2.486516853932584,0.011062739730947449
101.76470588235294,2.552808988764045,0.01069049305649173
101.76470588235294,2.6191011235955055,0.010338989015492007
101.76470588235294,2.6853932584269664,0.010006608080911422
101.76470588235294,2.751685393258427,0.009691891964862465
101.76470588235294,2.8179775280898878,0.009393524254444237
101.76470588235294,2.8842696629213482,0.00911031375330789
101.76470588235294,2.950561797752809,0.008841180100065207
101.76470588235294,3.0168539325842696,0.00858514131035019
101.76470588235294,3.0831460674157305,0.00834130295037359
101.76470588235294,3.149438202247191,0.008108848699261685
101.76470588235294,3.215730337078652,0.007887032097724653
101.76470588235294,3.2820224719101123,0.007675169313519007
101.76470588235294,3.348314606741573,0.007472632781200183
101.76470588235294,3.4146067415730337,0.007278845595955353
101.76470588235294,3.4808988764044946,0.007093276559759874
101.76470588235294,3.547191011235955,0.0069154357934403015
101.76470588235294,3.613483146067416,0.006744870841016449
101.76470588235294,3.6797752808988764,0.006581163203403088
101.76470588235294,3.746067415730337,0.006423925247542378
101.76470588235294,3.8123595505617978,0.00627279744461378
101.76470588235294,3.878651685393258,0.006127445897370796
101.76470588235294,3.944943820224719,0.005987560122080654
101.76470588235294,4.01123595505618,0.0058528510551578644
101.76470588235294,4.0775280898876405,0.005723049258515695
101.76470588235294,4.143820224719101,0.005597903301023279
101.76470588235294,4.210112359550561,0.005477178296337453
101.76470588235294,4.276404494382023,0.005360654579856108
101.76470588235294,4.342696629213483,0.005248126509672373
101.76470588235294,4.408988764044944,0.0051394013782517815
101.76470588235294,4.475280898876404,0.005034298423147868
101.76470588235294,4.5415730337078655,0.004932647926455188
101.76470588235294,4.607865168539326,0.004834290393899759
101.76470588235294,4.674157303370786,0.004739075805514199
101.76470588235294,4.740449438202247,0.004646862930758477
101.76470588235294,4.806741573033708,0.004557518701746161
101.76470588235294,4.873033707865169,0.004470917638935992
101.76470588235294,4.939325842696629,0.004386941324263625
101.76470588235294,5.00561797752809,0.0043054779172284115
101.76470588235294,5.071910112359551,0.004226421709926732
101.76470588235294,5.138202247191011,0.004149672717443091
101.76470588235294,5.204494382022472,0.004075136300382042
101.76470588235294,5.270786516853932,0.004002722816652719
101.76470588235294,5.337078651685394,0.003932347299909401
101.76470588235294,5.403370786516854,0.0038639291623106765
101.76470588235294,5.4696629213483146,0.0037973919194899354
101.76470588235294,5.535955056179775,0.0037326629358355036
101.76470588235294,5.602247191011236,0.0036696731883617043
101.76470588235294,5.668539325842697,0.003608357047615348
101.76470588235294,5.734831460674157,0.0035486520742092718
101.76470588235294,5.801123595505618,0.0034904988297046464
101.76470588235294,5.867415730337079,0.003433840700682096
101.76470588235294,5.9337078651685395,0.0033786237349467912
101.76470588235294,6.0,0.0033247964889077325
105.04201680672269,0.1,0.32612855534411184
105.04201680672269,0.1662921348314607,0.2152411684740444
105.04201680672269,0.23258426966292134,0.15749602352727124
105.04201680672269,0.298876404494382,0.1225919229167789
105.04201680672269,0.3651685393258427,0.0994391671449127
105.04201680672269,0.4314606741573034,0.08307105560132878
105.04201680672269,0.49775280898876406,0.07094903119750051
105.04201680672269,0.5640449438202247,0.06164793658591563
105.04201680672269,0.6303370786516854,0.05430935328528625
105.04201680672269,0.6966292134831461,0.04838708333193941
105.04201680672269,0.7629213483146068,0.04351795987349588
105.04201680672269,0.8292134831460675,0.03945163604961966
105.04201680672269,0.895505617977528,0.03601024896041385
105.04201680672269,0.9617977528089887,0.03306415449216989
105.04201680672269,1.0280898876404494,0.030516751448178187
105.04201680672269,1.09438202247191,0.0282946692950288
105.04201680672269,1.1606741573033708,0.026341238485428835
105.04201680672269,1.2269662921348314,0.024612034363318245
105.04201680672269,1.2932584269662921,0.023071767817052672
105.04201680672269,1.3595505617977528,0.021692072363971856
105.04201680672269,1.4258426966292135,0.020449901124417764
105.04201680672269,1.4921348314606742,0.019326346959403825
105.04201680672269,1.5584269662921348,0.01830576145887604
105.04201680672269,1.6247191011235955,0.017375088402495083
105.04201680672269,1.6910112359550562,0.01652335340592335
105.04201680672269,1.7573033707865169,0.015741268838336445
105.04201680672269,1.8235955056179776,0.015020924866745184
105.04201680672269,1.8898876404494382,0.01435554558447947
105.04201680672269,1.956179775280899,0.0137392948402498
105.04201680672269,2.0224719101123596,0.01316712039086199
105.04201680672269,2.08876404494382,0.012634627873182173
105.04201680672269,2.155056179775281,0.01213797817448637
105.04201680672269,2.2213483146067414,0.011673803308081489
105.04201680672269,2.2876404494382023,0.01123913703272332
105.04201680672269,2.353932584269663,0.010831357300576664
105.04201680672269,2.4202247191011237,0.010448138256916675
105.04201680672269,2.486516853932584,0.010087410000515136
105.04201680672269,2.552808988764045,0.009747324686145493
105.04201680672269,2.6191011235955055,0.009426227838415867
105.04201680672269,2.6853932584269664,0.009122633970034844
105.04201680672269,2.751685393258427,0.00883520577297385
105.04201680672269,2.8179775280898878,0.008562736289206492
105.04201680672269,2.8842696629213482,0.008304133577298202
105.04201680672269,2.950561797752809,0.008058407478515148
105.04201680672269,3.0168539325842696,0.007824658156194732
105.04201680672269,3.0831460674157305,0.007602066138593295
105.04201680672269,3.149438202247191,0.007389883641168329
105.04201680672269,3.215730337078652,0.007187426981472044
105.04201680672269,3.2820224719101123,0.006994069930260063
105.04201680672269,3.348314606741573,0.006809237867395333
105.04201680672269,3.4146067415730337,0.006632402631719432
105.04201680672269,3.4808988764044946,0.0064630779711032085
105.04201680672269,3.547191011235955,0.006300815513046812
105.04201680672269,3.613483146067416,0.006145201188003632
105.04201680672269,3.6797752808988764,0.005995852047479734
105.04201680672269,3.746067415730337,0.005852413427253147
105.04201680672269,3.8123595505617978,0.00571455641304221
105.04201680672269,3.878651685393258,0.005581975571854732
105.04201680672269,3.944943820224719,0.005454386917250062
105.04201680672269,4.01123595505618,0.0053315260809995435
105.04201680672269,4.0775280898876405,0.005213146667252681
105.04201680672269,4.143820224719101,0.0050990187684146334
105.04201680672269,4.210112359550561,0.004988927624594165
105.04201680672269,4.276404494382023,0.004882672410761285
105.04201680672269,4.342696629213483,0.004780065137717487
105.04201680672269,4.408988764044944,0.0046809296546764904
105.04201680672269,4.475280898876404,0.004585100742719911
105.04201680672269,4.5415730337078655,0.004492423289664801
105.04201680672269,4.607865168539326,0.004402751537984338
105.04201680672269,4.674157303370786,0.0043159483983865815
105.04201680672269,4.740449438202247,0.004231884822495581
105.04201680672269,4.806741573033708,0.004150439228813831
105.04201680672269,4.873033707865169,0.004071496976788925
105.04201680672269,4.939325842696629,0.003994949884371381
105.04201680672269,5.00561797752809,0.003920695784947796
105.04201680672269,5.071910112359551,0.0038486381199709127
105.04201680672269,5.138202247191011,0.0037786855639937653
105.04201680672269,5.204494382022472,0.00371075167915676
105.04201680672269,5.270786516853932,0.0036447545964781547
105.04201680672269,5.337078651685394,0.0035806167215665942
105.04201680672269,5.403370786516854,0.0035182644626116826
105.04201680672269,5.4696629213483146,0.003457627978720691
105.04201680672269,5.535955056179775,0.0033986409468572906
105.04201680672269,5.602247191011236,0.003341240345806841
105.04201680672269,5.668539325842697,0.0032853662557422677
105.04201680672269,5.734831460674157,0.0032309616720994005
105.04201680672269,5.801123595505618,0.0031779723325903496
105.04201680672269,5.867415730337079,0.0031263465562917894
105.04201680672269,5.9337078651685395,0.0030760350938415417
105.04201680672269,6.0,0.00302699098786398
108.31932773109244,0.1,0.3086153248185428
108.31932773109244,0.1662921348314607,0.201557813364789
108.31932773109244,0.23258426966292134,0.14662451568999915
108.31932773109244,0.298876404494382,0.11370553808469243
108.31932773109244,0.3651685393258427,0.09199335455178481
108.31932773109244,0.4314606741573034,0.07670544782227959
108.31932773109244,0.49775280898876406,0.0654174562154906
108.31932773109244,0.5640449438202247,0.0567765129862845
108.31932773109244,0.6303370786516854,0.049971494116335786
108.31932773109244,0.6966292134831461,0.04448817517278659
108.31932773109244,0.7629213483146068,0.03998566022603044
108.31932773109244,0.8292134831460675,0.03622953094910945
108.31932773109244,0.895505617977528,0.03305358517993388
108.31932773109244,0.9617977528089887,0.030336892098669327
108.31932773109244,1.0280898876404494,0.02798948045942127
108.31932773109244,1.09438202247191,0.025943106317611472
108.31932773109244,1.1606741573033708,0.024145121604384437
108.31932773109244,1.2269662921348314,0.022554297170740145
108.31932773109244,1.2932584269662921,0.021137912755459266
108.31932773109244,1.3595505617977528,0.019869688798518543
108.31932773109244,1.4258426966292135,0.018728290124272504
108.31932773109244,1.4921348314606742,0.017696225859232743
108.31932773109244,1.5584269662921348,0.016759028831796786
108.31932773109244,1.6247191011235955,0.015904635316068633
108.31932773109244,1.6910112359550562,0.015122910520772883
108.31932773109244,1.7573033707865169,0.01440528154145657
108.31932773109244,1.8235955056179776,0.013744450535282995
108.31932773109244,1.8898876404494382,0.013134168469236504
108.31932773109244,1.956179775280899,0.01256905508966647
108.31932773109244,2.0224719101123596,0.012044454507868757
108.31932773109244,2.08876404494382,0.011556318480184806
108.31932773109244,2.155056179775281,0.011101111406113131
108.31932773109244,2.2213483146067414,0.010675732492997067
108.31932773109244,2.2876404494382023,0.010277451590661454
108.31932773109244,2.353932584269663,0.009903855987601233
108.31932773109244,2.4202247191011237,0.00955280605464526
108.31932773109244,2.486516853932584,0.009222398073911139
108.31932773109244,2.552808988764045,0.008910932937204295
108.31932773109244,2.6191011235955055,0.008616889665437333
108.31932773109244,2.6853932584269664,0.008338902908603053
108.31932773109244,2.751685393258427,0.008075743748632068
108.31932773109244,2.8179775280898878,0.007826303255721067
108.31932773109244,2.8842696629213482,0.007589578350371165
108.31932773109244,2.950561797752809,0.0073646596044034
108.31932773109244,3.0168539325842696,0.007150720679162381
108.31932773109244,3.0831460674157305,0.006947009151438619
108.31932773109244,3.149438202247191,0.00675283852000115
108.31932773109244,3.215730337078652,0.006567581220090425
108.31932773109244,3.2820224719101123,0.006390662501380626
108.31932773109244,3.348314606741573,0.006221555048029693
108.31932773109244,3.4146067415730337,0.006059774238479836
108.31932773109244,3.4808988764044946,0.005904873958429051
108.31932773109244,3.547191011235955,0.005756442893480664
108.31932773109244,3.613483146067416,0.005614101238887648
108.31932773109244,3.6797752808988764,0.00547749777293386
108.31932773109244,3.746067415730337,0.005346307248154293
108.31932773109244,3.8123595505617978,0.005220228061047538
108.31932773109244,3.878651685393258,0.0050989801663814446
108.31932773109244,3.944943820224719,0.004982303206810875
108.31932773109244,4.01123595505618,0.0048699548324497985
108.31932773109244,4.0775280898876405,0.004761709188383024
108.31932773109244,4.143820224719101,0.004657355550960347
108.31932773109244,4.210112359550561,0.0045566970961634715
108.31932773109244,4.276404494382023,0.004459549785438844
108.31932773109244,4.342696629213483,0.00436574135619953
108.31932773109244,4.408988764044944,0.004275110405762169
108.31932773109244,4.475280898876404,0.004187505558836765
108.31932773109244,4.5415730337078655,0.004102784709858922
108.31932773109244,4.607865168539326,0.004020814332472904
108.31932773109244,4.674157303370786,0.003941468849360346
108.31932773109244,4.740449438202247,0.0038646300563834435
108.31932773109244,4.806741573033708,0.0037901865956878485
108.31932773109244,4.873033707865169,0.0037180334730030277
108.31932773109244,4.939325842696629,0.00364807161489789
108.31932773109244,5.00561797752809,0.00358020746220665
108.31932773109244,5.071910112359551,0.003514352596242544
108.31932773109244,5.138202247191011,0.0034504233947724628
108.31932773109244,5.204494382022472,0.003388340715039115
108.31932773109244,5.270786516853932,0.0033280296013956647
108.31932773109244,5.337078651685394,0.003269419015363992
108.31932773109244,5.403370786516854,0.00321244158614632
108.31932773109244,5.4696629213483146,0.003157033379814842
108.31932773109244,5.535955056179775,0.003103133685577115
108.31932773109244,5.602247191011236,0.0030506848176693525
108.31932773109244,5.668539325842697,0.0029996319315680866
108.31932773109244,5.734831460674157,0.0029499228533338084
108.31932773109244,5.801123595505618,0.0029015079210110094
108.31932773109244,5.867415730337079,0.002854339837107954
108.31932773109244,5.9337078651685395,0.002808373531268593
108.31932773109244,6.0,0.0027635660323291223
111.59663865546219,0.1,0.29207032231033075
111.59663865546219,0.1662921348314607,0.1888663516969307
111.59663865546219,0.23258426966292134,0.13664316794942047
111.59663865546219,0.298876404494382,0.10559933596205387
111.59663865546219,0.3651685393258427,0.08523153578033846
111.59663865546219,0.4314606741573034,0.07094350036054259
111.59663865546219,0.49775280898876406,0.060422961436511206
111.59663865546219,0.5640449438202247,0.05238674830553171
111.59663865546219,0.6303370786516854,0.04606877760744575
111.59663865546219,0.6966292134831461,0.04098500166002488
111.59663865546219,0.7629213483146068,0.036815398725933854
111.59663865546219,0.8292134831460675,0.03334039789836525
111.59663865546219,0.895505617977528,0.03040461743879007
111.59663865546219,0.9617977528089887,0.02789518160661483
111.59663865546219,1.0280898876404494,0.025728228807806845
111.59663865546219,1.09438202247191,0.02384022648452411
111.59663865546219,1.1606741573033708,0.022182213594190075
111.59663865546219,1.2269662921348314,0.020715884650734036
111.59663865546219,1.2932584269662921,0.019410865392116415
111.59663865546219,1.3595505617977528,0.018242779018567117
111.59663865546219,1.4258426966292135,0.017191848717247438
111.59663865546219,1.4921348314606742,0.01624187129879694
111.59663865546219,1.5584269662921348,0.015379452297672822
111.59663865546219,1.6247191011235955,0.014593428306574254
111.59663865546219,1.6910112359550562,0.013874425390196551
111.59663865546219,1.7573033707865169,0.013214517748548663
111.59663865546219,1.8235955056179776,0.012606961158188119
111.59663865546219,1.8898876404494382,0.012045982834307106
111.59663865546219,1.956179775280899,0.011526614316219803
111.59663865546219,2.0224719101123596,0.011044557483771207
111.59663865546219,2.08876404494382,0.010596076320729137
111.59663865546219,2.155056179775281,0.010177908857855411
111.59663865546219,2.2213483146067414,0.009787195058419643
111.59663865546219,2.2876404494382023,0.009421417392760189
111.59663865546219,2.353932584269663,0.00907835158323724
111.59663865546219,2.4202247191011237,0.008756025554592916
111.59663865546219,2.486516853932584,0.008452685045485603
111.59663865546219,2.552808988764045,0.008166764659270055
111.59663865546219,2.6191011235955055,0.007896863380840969
111.59663865546219,2.6853932584269664,0.0076417237797007246
111.59663865546219,2.751685393258427,0.007400214270703865
111.59663865546219,2.8179775280898878,0.007171313923072435
111.59663865546219,2.8842696629213482,0.006954099402667879
111.59663865546219,2.950561797752809,0.006747733707718105
111.59663865546219,3.0168539325842696,0.006551456418459516
111.59663865546219,3.0831460674157305,0.006364575229683445
111.59663865546219,3.149438202247191,0.0061864585744582186
111.59663865546219,3.215730337078652,0.006016529179240135
111.59663865546219,3.2820224719101123,0.005854258416682199
111.59663865546219,3.348314606741573,0.005699161343859401
111.59663865546219,3.4146067415730337,0.005550792331268266
111.59663865546219,3.4808988764044946,0.005408741202549352
111.59663865546219,3.547191011235955,0.005272629816996109
111.59663865546219,3.613483146067416,0.0051421090370107605
111.59663865546219,3.6797752808988764,0.005016856031110869
111.59663865546219,3.746067415730337,0.004896571870177446
111.59663865546219,3.8123595505617978,0.0047809793806007864
111.59663865546219,3.878651685393258,0.00466982122301886
111.59663865546219,3.944943820224719,0.004562858169611971
111.59663865546219,4.01123595505618,0.0044598675565436525
111.59663865546219,4.0775280898876405,0.004360641891227726
111.59663865546219,4.143820224719101,0.004264987596741633
111.59663865546219,4.210112359550561,0.0041727238779673305
111.59663865546219,4.276404494382023,0.0040836816959830494
111.59663865546219,4.342696629213483,0.003997702838901393
111.59663865546219,4.408988764044944,0.003914639078792073
111.59663865546219,4.475280898876404,0.0038343514055753296
111.59663865546219,4.5415730337078655,0.003756709329854396
111.59663865546219,4.607865168539326,0.0036815902475952314
111.59663865546219,4.674157303370786,0.0036088788603800635
111.59663865546219,4.740449438202247,0.0035384666456752274
111.59663865546219,4.806741573033708,0.0034702513721781526
111.59663865546219,4.873033707865169,0.003404136655854629
111.59663865546219,4.939325842696629,0.0033400315527574286
111.59663865546219,5.00561797752809,0.0032778501851389273
111.59663865546219,5.071910112359551,0.003217511397741474
111.59663865546219,5.138202247191011,0.003158938441477204
111.59663865546219,5.204494382022472,0.0031020586819982244
111.59663865546219,5.270786516853932,0.003046803330914131
111.59663865546219,5.337078651685394,0.0029931071976413972
111.59663865546219,5.403370786516854,0.002940908460070174
111.59663865546219,5.4696629213483146,0.002890148452413969
111.59663865546219,5.535955056179775,0.002840771468766943
111.59663865546219,5.602247191011236,0.002792724581035898
111.59663865546219,5.668539325842697,0.002745957470041729
111.59663865546219,5.734831460674157,0.002700422268698012
111.59663865546219,5.801123595505618,0.002656073416277079
111.59663865546219,5.867415730337079,0.0026128675228644705
111.59663865546219,5.9337078651685395,0.002570763243185192
111.59663865546219,6.0,0.0025297211590586087
114.87394957983193,0.1,0.2764559100417362
114.87394957983193,0.1662921348314607,0.17709542626561758
114.87394957983193,0.23258426966292134,0.1274735050044244
114.87394957983193,0.298876404494382,0.09819690802863601
114.87394957983193,0.3651685393258427,0.07908223278755827
114.87394957983193,0.4314606741573034,0.06571928183323532
114.87394957983193,0.49775280898876406,0.05590497666667495
114.87394957983193,0.5640449438202247,0.04842298401639306
114.87394957983193,0.6303370786516854,0.04254994947276726
114.87394957983193,0.6966292134831461,0.03783022554289955
114.87394957983193,0.7629213483146068,0.033963314883704826
114.87394957983193,0.8292134831460675,0.030743465646432044
114.87394957983193,0.895505617977528,0.028025326529497734
114.87394957983193,0.9617977528089887,0.025703463681931955
114.87394957983193,1.0280898876404494,0.023699643973311705
114.87394957983193,1.09438202247191,0.021954664533289366
114.87394957983193,1.1606741573033708,0.020422945419183127
114.87394957983193,1.2269662921348314,0.01906885720943775
114.87394957983193,1.2932584269662921,0.01786416941255868
114.87394957983193,1.3595505617977528,0.016786241405304728
114.87394957983193,1.4258426966292135,0.015816716425199044
114.87394957983193,1.4921348314606742,0.01494056327880244
114.87394957983193,1.5584269662921348,0.014145362776216659
114.87394957983193,1.6247191011235955,0.013420769248861347
114.87394957983193,1.6910112359550562,0.012758099206181085
114.87394957983193,1.7573033707865169,0.012150013581790528
114.87394957983193,1.8235955056179776,0.0115902697390897
114.87394957983193,1.8898876404494382,0.01107352607608832
114.87394957983193,1.956179775280899,0.010595186714654868
114.87394957983193,2.0224719101123596,0.010151277039754419
114.87394957983193,2.08876404494382,0.009738343200278008
114.87394957983193,2.155056179775281,0.009353370380850403
114.87394957983193,2.2213483146067414,0.008993715896251758
114.87394957983193,2.2876404494382023,0.00865705407842279
114.87394957983193,2.353932584269663,0.00834133061145468
114.87394957983193,2.4202247191011237,0.00804472448620307
114.87394957983193,2.486516853932584,0.007765616138281541
114.87394957983193,2.552808988764045,0.007502560633413481
114.87394957983193,2.6191011235955055,0.007254264995725848
114.87394957983193,2.6853932584269664,0.00701956895451154
114.87394957983193,2.751685393258427,0.006797428525738413
114.87394957983193,2.8179775280898878,0.006586901955381353
114.87394957983193,2.8842696629213482,0.0063871376394049545
114.87394957983193,2.950561797752809,0.006197363705122022
114.87394957983193,3.0168539325842696,0.006016878994636766
114.87394957983193,3.0831460674157305,0.005845045236154432
114.87394957983193,3.149438202247191,0.005681280225409948
114.87394957983193,3.215730337078652,0.0055250518691174
114.87394957983193,3.2820224719101123,0.005375872966558526
114.87394957983193,3.348314606741573,0.0052332966252892086
114.87394957983193,3.4146067415730337,0.0050969122233050805
114.87394957983193,3.4808988764044946,0.004966341843535022
114.87394957983193,3.547191011235955,0.004841237117764377
114.87394957983193,3.613483146067416,0.004721276426446472
114.87394957983193,3.6797752808988764,0.00460616240868703
114.87394957983193,3.746067415730337,0.004495619743250181
114.87394957983193,3.8123595505617978,0.0043893931669618455
114.87394957983193,3.878651685393258,0.004287245701552071
114.87394957983193,3.944943820224719,0.004188957063930884
114.87394957983193,4.01123595505618,0.004094322238249052
114.87394957983193,4.0775280898876405,0.004003150190956127
114.87394957983193,4.143820224719101,0.003915262712510646
114.87394957983193,4.210112359550561,0.0038304933714905843
114.87394957983193,4.276404494382023,0.003748686568648099
114.87394957983193,4.342696629213483,0.003669696680000429
114.87394957983193,4.408988764044944,0.0035933872793823037
114.87394957983193,4.475280898876404,0.0035196304320400094
114.87394957983193,4.5415730337078655,0.003448306051847623
114.87394957983193,4.607865168539326,0.0033793013155948336
114.87394957983193,4.674157303370786,0.003312510128552517
114.87394957983193,4.740449438202247,0.0032478326361821807
114.87394957983193,4.806741573033708,0.0031851747774319125
114.87394957983193,4.873033707865169,0.0031244478755671954
114.87394957983193,4.939325842696629,0.003065568262927499
114.87394957983193,5.00561797752809,0.0030084569363896456
114.87394957983193,5.071910112359551,0.00295303924066174
114.87394957983193,5.138202247191011,0.0028992445768341053
114.87394957983193,5.204494382022472,0.002847006133880831
114.87394957983193,5.270786516853932,0.0027962606410425646
114.87394957983193,5.337078651685394,0.0027469481392303832
114.87394957983193,5.403370786516854,0.002699011769777135
114.87394957983193,5.4696629213483146,0.0026523975790279995
114.87394957983193,5.535955056179775,0.002607054337409566
114.87394957983193,5.602247191011236,0.002562933371747938
114.87394957983193,5.668539325842697,0.0025199884097241174
114.87394957983193,5.734831460674157,0.0024781754354594107
114.87394957983193,5.801123595505618,0.002437452555317995
114.87394957983193,5.867415730337079,0.002397779873097847
114.87394957983193,5.9337078651685395,0.0023591193738567375
114.87394957983193,6.0,0.002321434815688416
118.15126050420169,0.1,0.26173211457607
118.15126050420169,0.1662921348314607,0.1661772981044673
118.15126050420169,0.23258426966292134,0.1190436123861094
118.15126050420169,0.298876404494382,0.09142954709571233
118.15126050420169,0.3651685393258427,0.07348194357773881
118.15126050420169,0.4314606741573034,0.060974710373991256
118.15126050420169,0.49775280898876406,0.05181047565339807
118.15126050420169,0.5640449438202247,0.04483672850484038
118.15126050420169,0.6303370786516854,0.039370526553868
118.15126050420169,0.6966292134831461,0.03498289181219683
118.15126050420169,0.7629213483146068,0.031391560466824106
118.15126050420169,0.8292134831460675,0.02840362910505881
118.15126050420169,0.895505617977528,0.02588303857815829
118.15126050420169,0.9617977528089887,0.02373122830086427
118.15126050420169,1.0280898876404494,0.021875150182822746
118.15126050420169,1.09438202247191,0.020259581120202163
118.15126050420169,1.1606741573033708,0.018842043037596342
118.15126050420169,1.2269662921348314,0.01758935742737781
118.15126050420169,1.2932584269662921,0.016475254268757518
118.15126050420169,1.3595505617977528,0.01547867855064104
118.15126050420169,1.4258426966292135,0.014582568861201243
118.15126050420169,1.4921348314606742,0.013772961932427203
118.15126050420169,1.5584269662921348,0.013038326378258353
118.15126050420169,1.6247191011235955,0.012369060262608625
118.15126050420169,1.6910112359550562,0.01175710754125683
118.15126050420169,1.7573033707865169,0.011195661946256577
118.15126050420169,1.8235955056179776,0.010678936005005857
118.15126050420169,1.8898876404494382,0.010201979141462893
118.15126050420169,1.956179775280899,0.009760533160439351
118.15126050420169,2.0224719101123596,0.009350916487800667
118.15126050420169,2.08876404494382,0.008969930734876579
118.15126050420169,2.155056179775281,0.008614784743213075
118.15126050420169,2.2213483146067414,0.008283032426911434
118.15126050420169,2.2876404494382023,0.007972521587684064
118.15126050420169,2.353932584269663,0.007681351517744025
118.15126050420169,2.4202247191011237,0.007407837687422747
118.15126050420169,2.486516853932584,0.00715048218018605
118.15126050420169,2.552808988764045,0.006907948817654541
118.15126050420169,2.6191011235955055,0.006679042133103388
118.15126050420169,2.6853932584269664,0.006462689519567965
118.15126050420169,2.751685393258427,0.006257926009772112
118.15126050420169,2.8179775280898878,0.006063881248254281
118.15126050420169,2.8842696629213482,0.005879768297739828
118.15126050420169,2.950561797752809,0.005704873986844266
118.15126050420169,3.0168539325842696,0.00553855055826733
118.15126050420169,3.0831460674157305,0.0053802084185513716
118.15126050420169,3.149438202247191,0.005229309824383412
118.15126050420169,3.215730337078652,0.005085363367977846
118.15126050420169,3.2820224719101123,0.004947919146577369
118.15126050420169,3.348314606741573,0.00481656451956152
118.15126050420169,3.4146067415730337,0.004690920371847953
118.15126050420169,3.4808988764044946,0.004570637814833752
118.15126050420169,3.547191011235955,0.004455395266552036
118.15126050420169,3.613483146067416,0.004344895861404877
118.15126050420169,3.6797752808988764,0.0042388651470954665
118.15126050420169,3.746067415730337,0.004137049032473613
118.15126050420169,3.8123595505617978,0.004039211955135617
118.15126050420169,3.878651685393258,0.003945135241947697
118.15126050420169,3.944943820224719,0.0038546156393275475
118.15126050420169,4.01123595505618,0.003767463993231743
118.15126050420169,4.0775280898876405,0.003683504061448544
118.15126050420169,4.143820224719101,0.003602571443060142
118.15126050420169,4.210112359550561,0.0035245126118780977
118.15126050420169,4.276404494382023,0.0034491840423206003
118.15126050420169,4.342696629213483,0.0033764514176333957
118.15126050420169,4.408988764044944,0.003306188911592574
118.15126050420169,4.475280898876404,0.003238278535896557
118.15126050420169,4.5415730337078655,0.003172609546381585
118.15126050420169,4.607865168539326,0.003109077901999112
118.15126050420169,4.674157303370786,0.0030475857711950373
118.15126050420169,4.740449438202247,0.0029880410809411035
118.15126050420169,4.806741573033708,0.0029303571042029516
118.15126050420169,4.873033707865169,0.0028744520820972257
118.15126050420169,4.939325842696629,0.002820248877399787
118.15126050420169,5.00561797752809,0.002767674656428453
118.15126050420169,5.071910112359551,0.002716660596640269
118.15126050420169,5.138202247191011,0.0026671416175639375
118.15126050420169,5.204494382022472,0.0026190561329352204
118.15126050420169,5.270786516853932,0.0025723458221217936
118.15126050420169,5.337078651685394,0.0025269554191184396
118.15126050420169,5.403370786516854,0.0024828325175653087
118.15126050420169,5.4696629213483146,0.002439927390395419
118.15126050420169,5.535955056179775,0.0023981928228536814
118.15126050420169,5.602247191011236,0.0023575839577513543
118.15126050420169,5.668539325842697,0.002318058151928422
118.15126050420169,5.734831460674157,0.0022795748429933747
118.15126050420169,5.801123595505618,0.0022420954254968226
118.15126050420169,5.867415730337079,0.002205583135773126
118.15126050420169,5.9337078651685395,0.0021700029447544516
118.15126050420169,6.0,0.0021353214581240625
121.42857142857143,0.1,0.2478575776239184
121.42857142857143,0.1662921348314607,0.15604810496224739
121.42857142857143,0.23258426966292134,0.11128779423422872
121.42857142857143,0.298876404494382,0.08523555369810158
121.42857142857143,0.3651685393258427,0.06837426543389534
121.42857142857143,0.4314606741573034,0.05665859221207372
121.42857142857143,0.49775280898876406,0.04809298604681295
121.42857142857143,0.5640449438202247,0.041585670004363785
121.42857142857143,0.6303370786516854,0.03649183028811775
121.42857142857143,0.6966292134831461,0.03240749113022022
121.42857142857143,0.7629213483146068,0.029067397552434118
121.42857142857143,0.8292134831460675,0.026290583874577243
121.42857142857143,0.895505617977528,0.023949596239303525
121.42857142857143,0.9617977528089887,0.021952221848526004
121.42857142857143,1.0280898876404494,0.02023019010742691
121.42857142857143,1.09438202247191,0.018731937529450248
121.42857142857143,1.1606741573033708,0.017417833411693784
121.42857142857143,1.2269662921348314,0.01625694563224704
121.42857142857143,1.2932584269662921,0.015224798606434302
121.42857142857143,1.3595505617977528,0.014301786894795897
121.42857142857143,1.4258426966292135,0.013472032015275092
121.42857142857143,1.4921348314606742,0.012722544987821664
121.42857142857143,1.5584269662921348,0.012042603667016547
121.42857142857143,1.6247191011235955,0.011423283486636187
121.42857142857143,1.6910112359550562,0.010857099439077944
121.42857142857143,1.7573033707865169,0.010337729824400108
121.42857142857143,1.8235955056179776,0.009859800871594267
121.42857142857143,1.8898876404494382,0.00941871720452019
121.42857142857143,1.956179775280899,0.009010527207120958
121.42857142857143,2.0224719101123596,0.008631815221117235
121.42857142857143,2.08876404494382,0.008279614565417781
121.42857142857143,2.155056179775281,0.007951336852617083
121.42857142857143,2.2213483146067414,0.007644714164119433
121.42857142857143,2.2876404494382023,0.007357751447537317
121.42857142857143,2.353932584269663,0.007088687098110892
121.42857142857143,2.4202247191011237,0.006835960135941665
121.42857142857143,2.486516853932584,0.006598182732376413
121.42857142857143,2.552808988764045,0.006374117100167407
121.42857142857143,2.6191011235955055,0.006162655963448445
121.42857142857143,2.6853932584269664,0.005962805979939315
121.42857142857143,2.751685393258427,0.005773673610021391
121.42857142857143,2.8179775280898878,0.005594453023482847
121.42857142857143,2.8842696629213482,0.0054244157108392504
121.42857142857143,2.950561797752809,0.0052629015267215504
121.42857142857143,3.0168539325842696,0.005109310941323283
121.42857142857143,3.0831460674157305,0.004963098314923931
121.42857142857143,3.149438202247191,0.004823766042067566
121.42857142857143,3.215730337078652,0.004690859437621847
121.42857142857143,3.2820224719101123,0.004563962257878652
121.42857142857143,3.348314606741573,0.004442692767021984
121.42857142857143,3.4146067415730337,0.004326700273421106
121.42857142857143,3.4808988764044946,0.00421566207188927
121.42857142857143,3.547191011235955,0.0041092807377419915
121.42857142857143,3.613483146067416,0.004007281726563265
121.42857142857143,3.6797752808988764,0.003909411240336508
121.42857142857143,3.746067415730337,0.003815434326257867
121.42857142857143,3.8123595505617978,0.003725133179311499
121.42857142857143,3.878651685393258,0.00363830562370811
121.42857142857143,3.944943820224719,0.0035547637516917213
121.42857142857143,4.01123595505618,0.0034743327011106783
121.42857142857143,4.0775280898876405,0.003396849555611333
121.42857142857143,4.143820224719101,0.0033221623534152463
121.42857142857143,4.210112359550561,0.0032501291924408897
121.42857142857143,4.276404494382023,0.0031806174210766125
121.42857142857143,4.342696629213483,0.0031135029052413517
121.42857142857143,4.408988764044944,0.0030486693635169326
121.42857142857143,4.475280898876404,0.0029860077631279013
121.42857142857143,4.5415730337078655,0.002925415770404302
121.42857142857143,4.607865168539326,0.0028667972501096126
121.42857142857143,4.674157303370786,0.0028100618086657324
121.42857142857143,4.740449438202247,0.002755124376873714
121.42857142857143,4.806741573033708,0.0027019048282239284
121.42857142857143,4.873033707865169,0.0026503276293233648
121.42857142857143,4.939325842696629,0.002600321519347726
121.42857142857143,5.00561797752809,0.0025518192157603942
121.42857142857143,5.071910112359551,0.0025047571438347425
121.42857142857143,5.138202247191011,0.002459075187775527
121.42857142857143,5.204494382022472,0.00241471646146466
121.42857142857143,5.270786516853932,0.002371627097059233
121.42857142857143,5.337078651685394,0.0023297560498498236
121.42857142857143,5.403370786516854,0.0022890549179461397
121.42857142857143,5.4696629213483146,0.0022494777754996594
121.42857142857143,5.535955056179775,0.0022109810182985093
121.42857142857143,5.602247191011236,0.002173523220683034
121.42857142857143,5.668539325842697,0.002137065002830562
121.42857142857143,5.734831460674157,0.0021015689075482226
121.42857142857143,5.801123595505618,0.002066999285792732
121.42857142857143,5.867415730337079,0.0020333221902085813
121.42857142857143,5.9337078651685395,0.0020005052760404323
121.42857142857143,6.0,0.0019685177088342286
124.70588235294117,0.1,0.23479033612857747
124.70588235294117,0.1662921348314607,0.14664797521860243
124.70588235294117,0.23258426966292134,0.1041461816426431
124.70588235294117,0.298876404494382,0.07955956995156307
124.70588235294117,0.3651685393258427,0.0637090966608463
124.70588235294117,0.4314606741573034,0.052725770351334356
124.70588235294117,0.49775280898876406,0.044711728029136796
124.70588235294117,0.5640449438202247,0.038632828327499466
124.70588235294117,0.6303370786516854,0.033880163678851445
124.70588235294117,0.6966292134831461,0.030073167988910042
124.70588235294117,0.7629213483146068,0.026962440314237883
124.70588235294117,0.8292134831460675,0.024378102108261333
124.70588235294117,0.895505617977528,0.022200667968613544
124.70588235294117,0.9617977528089887,0.020343788524647636
124.70588235294117,1.0280898876404494,0.018743596821710187
124.70588235294117,1.09438202247191,0.017351896481202604
124.70588235294117,1.1606741573033708,0.016131672439823684
124.70588235294117,1.2269662921348314,0.015054053270750581
124.70588235294117,1.2932584269662921,0.014096207466772953
124.70588235294117,1.3595505617977528,0.013239856239223784
124.70588235294117,1.4258426966292135,0.012470202658076189
124.70588235294117,1.4921348314606742,0.011775147741185632
124.70588235294117,1.5584269662921348,0.011144707975569311
124.70588235294117,1.6247191011235955,0.01057057660746317
124.70588235294117,1.6910112359550562,0.010045789106751971
124.70588235294117,1.7573033707865169,0.009564465164726248
124.70588235294117,1.8235955056179776,0.00912160763449153
124.70588235294117,1.8898876404494382,0.008712944334689655
124.70588235294117,1.956179775280899,0.008334802467551418
124.70588235294117,2.0224719101123596,0.007984008101655572
124.70588235294117,2.08876404494382,0.007657805096707748
124.70588235294117,2.155056179775281,0.007353789239739636
124.70588235294117,2.2213483146067414,0.0070698543790630695
124.70588235294117,2.2876404494382023,0.006804148092951064
124.70588235294117,2.353932584269663,0.006555034989498365
124.70588235294117,2.4202247191011237,0.006321066154929002
124.70588235294117,2.486516853932584,0.006100953586860809
124.70588235294117,2.552808988764045,0.005893548693175819
124.70588235294117,2.6191011235955055,0.005697824125276789
124.70588235294117,2.6853932584269664,0.0055128583605243385
124.70588235294117,2.751685393258427,0.0053378225627473885
124.70588235294117,2.8179775280898878,0.005171969339453377
124.70588235294117,2.8842696629213482,0.005014623085368729
124.70588235294117,2.950561797752809,0.004865171658450464
124.70588235294117,3.0168539325842696,0.004723059179734322
124.70588235294117,3.0831460674157305,0.004587779784767226
124.70588235294117,3.149438202247191,0.004458872183789369
124.70588235294117,3.215730337078652,0.004335914911729967
124.70588235294117,3.2820224719101123,0.004218522168585645
124.70588235294117,3.348314606741573,0.004106340166739808
124.70588235294117,3.4146067415730337,0.003999043914942112
124.70588235294117,3.4808988764044946,0.0038963343795455764
124.70588235294117,3.547191011235955,0.0037979359726234294
124.70588235294117,3.613483146067416,0.003703594324103668
124.70588235294117,3.6797752808988764,0.0036130743013400063
124.70588235294117,3.746067415730337,0.003526158244805284
124.70588235294117,3.8123595505617978,0.003442644393024605
124.70588235294117,3.878651685393258,0.0033623454736058257
124.70588235294117,3.944943820224719,0.003285087440391597
124.70588235294117,4.01123595505618,0.0032107083394458343
124.70588235294117,4.0775280898876405,0.00313905728887701
124.70588235294117,4.143820224719101,0.0030699935594555613
124.70588235294117,4.210112359550561,0.0030033857446565763
124.70588235294117,4.276404494382023,0.0029391110101952707
124.70588235294117,4.342696629213483,0.002877054414359207
124.70588235294117,4.408988764044944,0.0028171082915072394
124.70588235294117,4.475280898876404,0.0027591716920272497
124.70588235294117,4.5415730337078655,0.0027031498728430723
124.70588235294117,4.607865168539326,0.0026489538332553617
124.70588235294117,4.674157303370786,0.0025964998915040498
124.70588235294117,4.740449438202247,0.0025457092979671264
124.70588235294117,4.806741573033708,0.0024965078813698827
124.70588235294117,4.873033707865169,0.00244882572478198
124.70588235294117,4.939325842696629,0.0024025968685325396
124.70588235294117,5.00561797752809,0.0023577590374840745
124.70588235294117,5.071910112359551,0.002314253390379033
124.70588235294117,5.138202247191011,0.0022720242892143513
124.70588235294117,5.204494382022472,0.0022310190868112117
124.70588235294117,5.270786516853932,0.0021911879309365564
124.70588235294117,5.337078651685394,0.0021524835834991493
124.70588235294117,5.403370786516854,0.0021148612534913633
124.70588235294117,5.4696629213483146,0.0020782784424793984
124.70588235294117,5.535955056179775,0.0020426948015620583
124.70588235294117,5.602247191011236,0.002008071998822478
124.70588235294117,5.668539325842697,0.0019743735963907217
124.70588235294117,5.734831460674157,0.0019415649363184184
124.70588235294117,5.801123595505618,0.0019096130345412903
124.70588235294117,5.867415730337079,0.0018784864822725073
124.70588235294117,5.9337078651685395,0.0018481553542296595
124.70588235294117,6.0,0.0018185911231523167
127.98319327731092,0.1,0.22248845187400595
127.98319327731092,0.1662921348314607,0.13792103341749495
127.98319327731092,0.23258426966292134,0.09756431748603671
127.98319327731092,0.298876404494382,0.07435195259429228
127.98319327731092,0.3651685393258427,0.059441916818229044
127.98319327731092,0.4314606741573034,0.04913637478348769
127.98319327731092,0.49775280898876406,0.04163086713874522
127.98319327731092,0.5640449438202247,0.0359458269595168
127.98319327731092,0.6303370786516854,0.031506110754842755
127.98319327731092,0.6966292134831461,0.027953050979169287
127.98319327731092,0.7629213483146068,0.02505201700369344
127.98319327731092,0.8292134831460675,0.02264342572936122
127.98319327731092,0.895505617977528,0.0206151712755753
127.98319327731092,0.9617977528089887,0.018886322079232017
127.98319327731092,1.0280898876404494,0.01739707232966683
127.98319327731092,1.09438202247191,0.016102325735396755
127.98319327731092,1.1606741573033708,0.01496747197296223
127.98319327731092,1.2269662921348314,0.013965531755362266
127.98319327731092,1.2932584269662921,0.01307518148011535
127.98319327731092,1.3595505617977528,0.01227935790898562
127.98319327731092,1.4258426966292135,0.011564254198108772
127.98319327731092,1.4921348314606742,0.010918585435301057
127.98319327731092,1.5584269662921348,0.010333043227539461
127.98319327731092,1.6247191011235955,0.009799885130567397
127.98319327731092,1.6910112359550562,0.009312621725702273
127.98319327731092,1.7573033707865169,0.008865775395061937
127.98319327731092,1.8235955056179776,0.008454692415080704
127.98319327731092,1.8898876404494382,0.00807539516633221
127.98319327731092,1.956179775280899,0.0077244648542951246
127.98319327731092,2.0224719101123596,0.007398947668913178
127.98319327731092,2.08876404494382,0.007096279118203504
127.98319327731092,2.155056179775281,0.006814222576267673
127.98319327731092,2.2213483146067414,0.00655081903902224
127.98319327731092,2.2876404494382023,0.0063043457840870655
127.98319327731092,2.353932584269663,0.006073282155128499
127.98319327731092,2.4202247191011237,0.005856281084832584
127.98319327731092,2.486516853932584,0.005652145269385908
127.98319327731092,2.552808988764045,0.005459807135697509
127.98319327731092,2.6191011235955055,0.005278311918512638
127.98319327731092,2.6853932584269664,0.005106803301060992
127.98319327731092,2.751685393258427,0.004944511179511696
127.98319327731092,2.8179775280898878,0.004790741195344337
127.98319327731092,2.8842696629213482,0.004644865746068144
127.98319327731092,2.950561797752809,0.004506316237492392
127.98319327731092,3.0168539325842696,0.0043745763829740195
127.98319327731092,3.0831460674157305,0.004249176389029277
127.98319327731092,3.149438202247191,0.004129687894149319
127.98319327731092,3.215730337078652,0.004015719549958594
127.98319327731092,3.2820224719101123,0.0039069131520510746
127.98319327731092,3.348314606741573,0.0038029402427519512
127.98319327731092,3.4146067415730337,0.003703499120326664
127.98319327731092,3.4808988764044946,0.0036083121993013365
127.98319327731092,3.547191011235955,0.003517123674972195
127.98319327731092,3.613483146067416,0.003429697452187349
127.98319327731092,3.6797752808988764,0.0033458153043373767
127.98319327731092,3.746067415730337,0.0032652752333998886
127.98319327731092,3.8123595505617978,0.0031878900060116995
127.98319327731092,3.878651685393258,0.0031134858440268636
127.98319327731092,3.944943820224719,0.003041901250968447
127.98319327731092,4.01123595505618,0.0029729859582857785
127.98319327731092,4.0775280898876405,0.002906599977461484
127.98319327731092,4.143820224719101,0.002842612745832733
127.98319327731092,4.210112359550561,0.0027809023555492814
127.98319327731092,4.276404494382023,0.0027213548564288307
127.98319327731092,4.342696629213483,0.002663863624620237
127.98319327731092,4.408988764044944,0.0026083287899781463
127.98319327731092,4.475280898876404,0.002554656715910264
127.98319327731092,4.5415730337078655,0.0025027595262017022
127.98319327731092,4.607865168539326,0.0024525546739667284
127.98319327731092,4.674157303370786,0.002403964548439327
127.98319327731092,4.740449438202247,0.0023569161158043497
127.98319327731092,4.806741573033708,0.0023113405906983486
127.98319327731092,4.873033707865169,0.0022671731353843326
127.98319327731092,4.939325842696629,0.0022243525839327326
127.98319327731092,5.00561797752809,0.0021828211890298575
127.98319327731092,5.071910112359551,0.0021425243892892972
127.98319327731092,5.138202247191011,0.0021034105951653766
127.98319327731092,5.204494382022472,0.0020654309917661822
127.98319327731092,5.270786516853932,0.0020285393570384754
127.98319327731092,5.337078651685394,0.001992691893952053
127.98319327731092,5.403370786516854,0.001957847075448864
127.98319327731092,5.4696629213483146,0.0019239655010444483
127.98319327731092,5.535955056179775,0.0018910097640784471
127.98319327731092,5.602247191011236,0.0018589443287079098
127.98319327731092,5.668539325842697,0.0018277354158239218
127.98319327731092,5.734831460674157,0.00179735089714943
127.98319327731092,5.801123595505618,0.0017677601968459052
127.98319327731092,5.867415730337079,0.0017389342000182068
127.98319327731092,5.9337078651685395,0.0017108451675632676
127.98319327731092,6.0,0.0016834666568580903
131.26050420168067,0.1,0.21091051047713455
131.26050420168067,0.1662921348314607,0.12981532654827954
131.26050420168067,0.23258426966292134,0.09149273617269686
131.26050420168067,0.298876404494382,0.06956819152984661
131.26050420168067,0.3651685393258427,0.055533142410031815
131.26050420168067,0.4314606741573034,0.04585516470940675
131.26050420168067,0.49775280898876406,0.03881886745334631
131.26050420168067,0.5640449438202247,0.033496268911392554
131.26050420168067,0.6303370786516854,0.029343940211143067
131.26050420168067,0.6966292134831461,0.026023685884919424
131.26050420168067,0.7629213483146068,0.023314632356822636
131.26050420168067,0.8292134831460675,0.0210667570887934
131.26050420168067,0.895505617977528,0.01917479013145953
131.26050420168067,0.9617977528089887,0.01756280829688175
131.26050420168067,1.0280898876404494,0.016174753423343177
131.26050420168067,1.09438202247191,0.014968385672271515
131.26050420168067,1.1606741573033708,0.013911307553661646
131.26050420168067,1.2269662921348314,0.012978278904652666
131.26050420168067,1.2932584269662921,0.012149360662173665
131.26050420168067,1.3595505617977528,0.011408604669127645
131.26050420168067,1.4258426966292135,0.010743111586925829
131.26050420168067,1.4921348314606742,0.010142342119423211
131.26050420168067,1.5584269662921348,0.009597605806949228
131.26050420168067,1.6247191011235955,0.00910167639703749
131.26050420168067,1.6910112359550562,0.008648498825991321
131.26050420168067,1.7573033707865169,0.008232963432432116
131.26050420168067,1.8235955056179776,0.007850730144349094
131.26050420168067,1.8898876404494382,0.007498090249677868
131.26050420168067,1.956179775280899,0.007171856740107987
131.26050420168067,2.0224719101123596,0.006869276597005875
131.26050420168067,2.08876404494382,0.006587960085042155
131.26050420168067,2.155056179775281,0.006325823343729022
131.26050420168067,2.2213483146067414,0.006081041460903279
131.26050420168067,2.2876404494382023,0.005852009871426471
131.26050420168067,2.353932584269663,0.0056373124153578065
131.26050420168067,2.4202247191011237,0.005435694758891801
131.26050420168067,2.486516853932584,0.005246042161125748
131.26050420168067,2.552808988764045,0.0050673607835435295
131.26050420168067,2.6191011235955055,0.004898761903774805
131.26050420168067,2.6853932584269664,0.004739448522922716
131.26050420168067,2.751685393258427,0.004588703955515175
131.26050420168067,2.8179775280898878,0.004445882069553786
131.26050420168067,2.8842696629213482,0.004310398906156302
131.26050420168067,2.950561797752809,0.0041817254576269605
131.26050420168067,3.0168539325842696,0.004059381422257792
131.26050420168067,3.0831460674157305,0.003942929785902623
131.26050420168067,3.149438202247191,0.003831972106017621
131.26050420168067,3.215730337078652,0.0037261443946947997
131.26050420168067,3.2820224719101123,0.0036251135142116426
131.26050420168067,3.348314606741573,0.0035285740125467163
131.26050420168067,3.4146067415730337,0.0034362453377728658
131.26050420168067,3.4808988764044946,0.0033478693797084416
131.26050420168067,3.547191011235955,0.0032632082950611926
131.26050420168067,3.613483146067416,0.0031820425788380187
131.26050420168067,3.6797752808988764,0.00310416935025678
131.26050420168067,3.746067415730337,0.0030294008259760686
131.26050420168067,3.8123595505617978,0.0029575629573112194
131.26050420168067,3.878651685393258,0.002888494211355437
131.26050420168067,3.944943820224719,0.0028220444786762203
131.26050420168067,4.01123595505618,0.002758074092592806
131.26050420168067,4.0775280898876405,0.0026964529470288336
131.26050420168067,4.143820224719101,0.0026370597016319936
131.26050420168067,4.210112359550561,0.0025797810643049305
131.26050420168067,4.276404494382023,0.002524511142539373
131.26050420168067,4.342696629213483,0.0024711508560171054
131.26050420168067,4.408988764044944,0.0024196074038674974
131.26050420168067,4.475280898876404,0.0023697937807702213
131.26050420168067,4.5415730337078655,0.0023216283367849377
131.26050420168067,4.607865168539326,0.0022750343763909865
131.26050420168067,4.674157303370786,0.002229939792743778
131.26050420168067,4.740449438202247,0.002186276733610573
131.26050420168067,4.806741573033708,0.0021439812958472747
131.26050420168067,4.873033707865169,0.0021029932456266987
131.26050420168067,4.939325842696629,0.002063255761934861
131.26050420168067,5.00561797752809,0.002024715201120679
131.26050420168067,5.071910112359551,0.0019873208805214018
131.26050420168067,5.138202247191011,0.0019510248793943327
131.26050420168067,5.204494382022472,0.0019157818555702102
131.26050420168067,5.270786516853932,0.0018815488764063145
131.26050420168067,5.337078651685394,0.0018482852627620238
131.26050420168067,5.403370786516854,0.001815952444847716
131.26050420168067,5.4696629213483146,0.00178451382891189
131.26050420168067,5.535955056179775,0.0017539346738328597
131.26050420168067,5.602247191011236,0.0017241819767716507
131.26050420168067,5.668539325842697,0.0016952243671237708
131.26050420168067,5.734831460674157,0.0016670320080792917
131.26050420168067,5.801123595505618,0.0016395765051656398
131.26050420168067,5.867415730337079,0.0016128308212050649
131.26050420168067,5.9337078651685395,0.0015867691971710874
131.26050420168067,6.0,0.0015613670784744508
134.53781512605042,0.1,0.20001600854540255
134.53781512605042,0.1662921348314607,0.12228269420246654
134.53781512605042,0.23258426966292134,0.0858865510810479
134.53781512605042,0.298876404494382,0.06516837645637587
134.53781512605042,0.3651685393258427,0.05194755324655181
134.53781512605042,0.4314606741573034,0.04285095309405695
134.53781512605042,0.49775280898876406,0.03624793234806228
134.53781512605042,0.5640449438202247,0.031259201647330995
134.53781512605042,0.6303370786516854,0.027371097454225266
134.53781512605042,0.6966292134831461,0.024264555270842546
134.53781512605042,0.7629213483146068,0.02173151389999034
134.53781512605042,0.8292134831460675,0.019630830579323248
134.53781512605042,0.895505617977528,0.017863570248037437
134.53781512605042,0.9617977528089887,0.016358442246985315
134.53781512605042,1.0280898876404494,0.015062849257818691
134.53781512605042,1.09438202247191,0.013937185638543235
134.53781512605042,1.1606741573033708,0.012951092092712687
134.53781512605042,1.2269662921348314,0.01208092862778103
134.53781512605042,1.2932584269662921,0.011308028899099369
134.53781512605042,1.3595505617977528,0.010617468911892318
134.53781512605042,1.4258426966292135,0.009997182210525294
134.53781512605042,1.4921348314606742,0.009437313338520006
134.53781512605042,1.5584269662921348,0.008929738221848935
134.53781512605042,1.6247191011235955,0.008467703472787268
134.53781512605042,1.6910112359550562,0.008045551719372835
134.53781512605042,1.7573033707865169,0.007658510038362999
134.53781512605042,1.8235955056179776,0.0073025252728151835
134.53781512605042,1.8898876404494382,0.006974134596164121
134.53781512605042,1.956179775280899,0.006670362862948654
134.53781512605042,2.0224719101123596,0.006388640522696395
134.53781512605042,2.08876404494382,0.006126737467613665
134.53781512605042,2.155056179775281,0.005882709334853351
134.53781512605042,2.2213483146067414,0.005654853623271609
134.53781512605042,2.2876404494382023,0.0054416736032628
134.53781512605042,2.353932584269663,0.005241848458887871
134.53781512605042,2.4202247191011237,0.005054208447621762
134.53781512605042,2.486516853932584,0.004877714125358593
134.53781512605042,2.552808988764045,0.0047114388847386635
134.53781512605042,2.6191011235955055,0.0045545542091741265
134.53781512605042,2.6853932584269664,0.0044063171646195245
134.53781512605042,2.751685393258427,0.004266059744576069
134.53781512605042,2.8179775280898878,0.004133179757251597
134.53781512605042,2.8842696629213482,0.004007133001866787
134.53781512605042,2.950561797752809,0.0038874265272810667
134.53781512605042,3.0168539325842696,0.0037736128030497213
134.53781512605042,3.0831460674157305,0.0036652846627213587
134.53781512605042,3.149438202247191,0.0035620709031844292
134.53781512605042,3.215730337078652,0.003463632443357348
134.53781512605042,3.2820224719101123,0.0033696589614127795
134.53781512605042,3.348314606741573,0.0032798659427504652
134.53781512605042,3.4146067415730337,0.003193992081648047
134.53781512605042,3.4808988764044946,0.0031117969883720973
134.53781512605042,3.547191011235955,0.0030330591608725786
134.53781512605042,3.613483146067416,0.0029575741862947614
134.53781512605042,3.6797752808988764,0.0028851531426479704
134.53781512605042,3.746067415730337,0.0028156211752494676
134.53781512605042,3.8123595505617978,0.002748816226160712
134.53781512605042,3.878651685393258,0.002684587897870322
134.53781512605042,3.944943820224719,0.0026227964350473264
134.53781512605042,4.01123595505618,0.002563311810370158
134.53781512605042,4.0775280898876405,0.0025060129022933825
134.53781512605042,4.143820224719101,0.002450786754199484
134.53781512605042,4.210112359550561,0.0023975279057395233
134.53781512605042,4.276404494382023,0.0023461377883305197
134.53781512605042,4.342696629213483,0.002296524177779007
134.53781512605042,4.408988764044944,0.0022486006978635047
134.53781512605042,4.475280898876404,0.0022022863694552324
134.53781512605042,4.5415730337078655,0.0021575052004026707
134.53781512605042,4.607865168539326,0.0021141858119673113
134.53781512605042,4.674157303370786,0.0020722610980859015
134.53781512605042,4.740449438202247,0.002031667914160605
134.53781512605042,4.806741573033708,0.0019923467924502915
134.53781512605042,4.873033707865169,0.001954241681461848
134.53781512605042,4.939325842696629,0.0019172997070259063
134.53781512605042,5.00561797752809,0.0018814709529920998
134.53781512605042,5.071910112359551,0.001846708259700032
134.53781512605042,5.138202247191011,0.0018129670385763999
134.53781512605042,5.204494382022472,0.001780205101381008
134.53781512605042,5.270786516853932,0.0017483825027762017
134.53781512605042,5.337078651685394,0.001717461395029166
134.53781512605042,5.403370786516854,0.0016874058937759373
134.53781512605042,5.4696629213483146,0.0016581819538824382
134.53781512605042,5.535955056179775,0.0016297572545323328
134.53781512605042,5.602247191011236,0.0016021010927557975
134.53781512605042,5.668539325842697,0.0015751842846885706
134.53781512605042,5.734831460674157,0.001548979073918076
134.53781512605042,5.801123595505618,0.0015234590463333198
134.53781512605042,5.867415730337079,0.0014985990509496338
134.53781512605042,5.9337078651685395,0.0014743751262273413
134.53781512605042,6.0,0.001450764431447284
137.81512605042016,0.1,0.18976564627452605
137.81512605042016,0.1662921348314607,0.11527860072133315
137.81512605042016,0.23258426966292134,0.08070505816623463
137.81512605042016,0.298876404494382,0.06111671165725409
137.81512605042016,0.3651685393258427,0.04865378379924386
137.81512605042016,0.4314606741573034,0.04009610422435351
137.81512605042016,0.49775280898876406,0.033893521280671496
137.81512605042016,0.5640449438202247,0.029212658262208473
137.81512605042016,0.6303370786516854,0.025567771560394966
137.81512605042016,0.6966292134831461,0.022657670802186752
137.81512605042016,0.7629213483146068,0.020286228378783286
137.81512605042016,0.8292134831460675,0.018320551581197338
137.81512605042016,0.895505617977528,0.01666757885767054
137.81512605042016,0.9617977528089887,0.015260307250839053
137.81512605042016,1.0280898876404494,0.014049337951975159
137.81512605042016,1.09438202247191,0.012997496746921872
137.81512605042016,1.1606741573033708,0.012076303557194894
137.81512605042016,1.2269662921348314,0.011263592312397373
137.81512605042016,1.2932584269662921,0.010541867960426868
137.81512605042016,1.3595505617977528,0.00989714832424233
137.81512605042016,1.4258426966292135,0.00931813233537788
137.81512605042016,1.4921348314606742,0.008795592566442727
137.81512605042016,1.5584269662921348,0.008321924808975943
137.81512605042016,1.6247191011235955,0.007890809476548081
137.81512605042016,1.6910112359550562,0.007496953862594682
137.81512605042016,1.7573033707865169,0.00713589368304447
137.81512605042016,1.8235955056179776,0.00680383864886156
137.81512605042016,1.8898876404494382,0.006497551126880146
137.81512605042016,1.956179775280899,0.006214249938583304
137.81512605042016,2.0224719101123596,0.005951533450327528
137.81512605042016,2.08876404494382,0.005707317607593486
137.81512605042016,2.155056179775281,0.005479785646977691
137.81512605042016,2.2213483146067414,0.00526734700816448
137.81512605042016,2.2876404494382023,0.005068603549291778
137.81512605042016,2.353932584269663,0.004882321601690479
137.81512605042016,2.4202247191011237,0.004707408724913123
137.81512605042016,2.486516853932584,0.004542894269165334
137.81512605042016,2.552808988764045,0.004387913040316907
137.81512605042016,2.6191011235955055,0.00424169150743046
137.81512605042016,2.6853932584269664,0.004103536104981775
137.81512605042016,2.751685393258427,0.0039728232695652056
137.81512605042016,2.8179775280898878,0.003848990919721239
137.81512605042016,2.8842696629213482,0.0037315311419507248
137.81512605042016,2.950561797752809,0.00361998388926058
137.81512605042016,3.0168539325842696,0.003513931533195603
137.81512605042016,3.0831460674157305,0.0034129941381324472
137.81512605042016,3.149438202247191,0.003316825349090903
137.81512605042016,3.215730337078652,0.0032251088025673
137.81512605042016,3.2820224719101123,0.003137554984779281
137.81512605042016,3.348314606741573,0.0030538984739045963
137.81512605042016,3.4146067415730337,0.0029738955129281573
137.81512605042016,3.4808988764044946,0.0028973218679968155
137.81512605042016,3.547191011235955,0.0028239709340527027
137.81512605042016,3.613483146067416,0.0027536520552337426
137.81512605042016,3.6797752808988764,0.002686189032307313
137.81512605042016,3.746067415730337,0.002621418793405876
137.81512605042016,3.8123595505617978,0.0025591902077009123
137.81512605042016,3.878651685393258,0.0024993630244913604
137.81512605042016,3.944943820224719,0.0024418069225864663
137.81512605042016,4.01123595505618,0.0023864006569033467
137.81512605042016,4.0775280898876405,0.002333031290935325
137.81512605042016,4.143820224719101,0.0022815935052298503
137.81512605042016,4.210112359550561,0.002231988973282846
137.81512605042016,4.276404494382023,0.0021841257973445887
137.81512605042016,4.342696629213483,0.002137917997568639
137.81512605042016,4.408988764044944,0.0020932850487421824
137.81512605042016,4.475280898876404,0.002050151459533868
137.81512605042016,4.5415730337078655,0.0020084463897996896
137.81512605042016,4.607865168539326,0.0019681033020116563
137.81512605042016,4.674157303370786,0.0019290596433307505
137.81512605042016,4.740449438202247,0.00189125655524336
137.81512605042016,4.806741573033708,0.0018546386080279236
137.81512605042016,4.873033707865169,0.0018191535576228466
137.81512605042016,4.939325842696629,0.0017847521227332536
137.81512605042016,5.00561797752809,0.0017513877802487509
137.81512605042016,5.071910112359551,0.0017190165772504016
137.81512605042016,5.138202247191011,0.0016875969580670291
137.81512605042016,5.204494382022472,0.0016570896050014975
137.81512605042016,5.270786516853932,0.001627457291489702
137.81512605042016,5.337078651685394,0.0015986647465807665
137.81512605042016,5.403370786516854,0.0015706785297386506
137.81512605042016,5.4696629213483146,0.0015434669150646175
137.81512605042016,5.535955056179775,0.0015169997841283478
137.81512605042016,5.602247191011236,0.0014912485266741701
137.81512605042016,5.668539325842697,0.0014661859485391915
137.81512605042016,5.734831460674157,0.0014417861861829328
137.81512605042016,5.801123595505618,0.0014180246272842423
137.81512605042016,5.867415730337079,0.00139487783691178
137.81512605042016,5.9337078651685395,0.0013723234888193031
137.81512605042016,6.0,0.001350340301458016
141.0924369747899,0.1,0.18012154103652697
141.0924369747899,0.1662921348314607,0.10876194332876195
141.0924369747899,0.23258426966292134,0.07591136106040622
141.0924369747899,0.298876404494382,0.05738107740225125
141.0924369747899,0.3651685393258427,0.04562387353996137
141.0924369747899,0.4314606741573034,0.03756609555997784
141.0924369747899,0.49775280898876406,0.03173393233655681
141.0924369747899,0.5640449438202247,0.027337263809547863
141.0924369747899,0.6303370786516854,0.023916525673984442
141.0924369747899,0.6966292134831461,0.021187226737757525
141.0924369747899,0.7629213483146068,0.01896435684703966
141.0924369747899,0.8292134831460675,0.017122691484740382
141.0924369747899,0.895505617977528,0.015574618016789407
141.0924369747899,0.9617977528089887,0.01425710490324344
141.0924369747899,1.0280898876404494,0.013123711888110288
141.0924369747899,1.09438202247191,0.012139511145067939
141.0924369747899,1.1606741573033708,0.011277757028429078
141.0924369747899,1.2269662921348314,0.01051764261099143
141.0924369747899,1.2932584269662921,0.00984275206224122
141.0924369747899,1.3595505617977528,0.009239970374145352
141.0924369747899,1.4258426966292135,0.008698700751300368
141.0924369747899,1.4921348314606742,0.008210293316163995
141.0924369747899,1.5584269662921348,0.007767621690545862
141.0924369747899,1.6247191011235955,0.007364764822911767
141.0924369747899,1.6910112359550562,0.006996764879933143
141.0924369747899,1.7573033707865169,0.006659440888021091
141.0924369747899,1.8235955056179776,0.006349243764319709
141.0924369747899,1.8898876404494382,0.006063142441172965
141.0924369747899,1.956179775280899,0.005798533605632217
141.0924369747899,2.0224719101123596,0.0055531695564364795
141.0924369747899,2.08876404494382,0.005325100091817108
141.0924369747899,2.155056179775281,0.005112625358678502
141.0924369747899,2.2213483146067414,0.004914257335358405
141.0924369747899,2.2876404494382023,0.0047286881666351085
141.0924369747899,2.353932584269663,0.004554763976263329
141.0924369747899,2.4202247191011237,0.004391463087681384
141.0924369747899,2.486516853932584,0.004237877814839781
141.0924369747899,2.552808988764045,0.004093199161750358
141.0924369747899,2.6191011235955055,0.0039567039052976405
141.0924369747899,2.6853932584269664,0.0038277436412329454
141.0924369747899,2.751685393258427,0.003705735455520047
141.0924369747899,2.8179775280898878,0.0035901539478132064
141.0924369747899,2.8842696629213482,0.003480524384920948
141.0924369747899,2.950561797752809,0.0033764168027149077
141.0924369747899,3.0168539325842696,0.0032774409074083563
141.0924369747899,3.0831460674157305,0.003183241653223167
141.0924369747899,3.149438202247191,0.0030934953945442947
141.0924369747899,3.215730337078652,0.003007906527771761
141.0924369747899,3.2820224719101123,0.002926204552035224
141.0924369747899,3.348314606741573,0.002848141489365548
141.0924369747899,3.4146067415730337,0.002773489614320338
141.0924369747899,3.4808988764044946,0.00270203945082525
141.0924369747899,3.547191011235955,0.002633598000431011
141.0924369747899,3.613483146067416,0.0025679871715444755
141.0924369747899,3.6797752808988764,0.0025050423836666174
141.0924369747899,3.746067415730337,0.0024446113244208398
141.0924369747899,3.8123595505617978,0.0023865528403089527
141.0924369747899,3.878651685393258,0.0023307359447917817
141.0924369747899,3.944943820224719,0.0022770389295429356
141.0924369747899,4.01123595505618,0.0022253485666341374
141.0924369747899,4.0775280898876405,0.002175559391036742
141.0924369747899,4.143820224719101,0.0021275730542113518
141.0924369747899,4.210112359550561,0.0020812977407453303
141.0924369747899,4.276404494382023,0.002036647641016242
141.0924369747899,4.342696629213483,0.0019935424737360223
141.0924369747899,4.408988764044944,0.0019519070529858532
141.0924369747899,4.475280898876404,0.0019116708950046466
141.0924369747899,4.5415730337078655,0.001872767860559781
141.0924369747899,4.607865168539326,0.0018351358292192405
141.0924369747899,4.674157303370786,0.0017987164022718694
141.0924369747899,4.740449438202247,0.001763454631414242
141.0924369747899,4.806741573033708,0.0017292987706481614
141.0924369747899,4.873033707865169,0.0016962000491173087
141.0924369747899,4.939325842696629,0.0016641124628609517
141.0924369747899,5.00561797752809,0.001632992583682117
141.0924369747899,5.071910112359551,0.0016027993835202314
141.0924369747899,5.138202247191011,0.0015734940728886345
141.0924369747899,5.204494382022472,0.0015450399520871815
141.0924369747899,5.270786516853932,0.0015174022740333962
141.0924369747899,5.337078651685394,0.0014905481176729816
141.0924369747899,5.403370786516854,0.0014644462710350717
141.0924369747899,5.4696629213483146,0.0014390671230904723
141.0924369747899,5.535955056179775,0.0014143825636535859
141.0924369747899,5.602247191011236,0.001390365890642494
141.0924369747899,5.668539325842697,0.0013669917240772072
141.0924369747899,5.734831460674157,0.0013442359262549966
141.0924369747899,5.801123595505618,0.0013220755275941804
141.0924369747899,5.867415730337079,0.0013004886576848224
141.0924369747899,5.9337078651685395,0.0012794544811271997
141.0924369747899,6.0,0.0012589531377767357
144.36974789915968,0.1,0.17104737571127593
144.36974789915968,0.1662921348314607,0.1026948469021388
144.36974789915968,0.23258426966292134,0.07147202068457024
144.36974789915968,0.298876404494382,0.053932635412238576
144.36974789915968,0.3651685393258427,0.042832870290725286
144.36974789915968,0.4314606741573034,0.035239135924311146
144.36974789915968,0.49775280898876406,0.02974994150669647
144.36974789915968,0.5640449438202247,0.025615897235749686
144.36974789915968,0.6303370786516854,0.022401981124462927
144.36974789915968,0.6966292134831461,0.019839304907269772
144.36974789915968,0.7629213483146068,0.017753218885751848
144.36974789915968,0.8292134831460675,0.016025629493161282
144.36974789915968,0.895505617977528,0.014573982411854475
144.36974789915968,0.9617977528089887,0.013338927425012578
144.36974789915968,1.0280898876404494,0.012276763292372796
144.36974789915968,1.09438202247191,0.011354639641209481
144.36974789915968,1.1606741573033708,0.010547413316673327
144.36974789915968,1.2269662921348314,0.009835532103262868
144.36974789915968,1.2932584269662921,0.009203575738083258
144.36974789915968,1.3595505617977528,0.008639228641275403
144.36974789915968,1.4258426966292135,0.008132542892766256
144.36974789915968,1.4921348314606742,0.007675400452383077
144.36974789915968,1.5584269662921348,0.007261114740187911
144.36974789915968,1.6247191011235955,0.006884131357536897
144.36974789915968,1.6910112359550562,0.006539800431042382
144.36974789915968,1.7573033707865169,0.006224201431868602
144.36974789915968,1.8235955056179776,0.005934006940092944
144.36974789915968,1.8898876404494382,0.005666375657038516
144.36974789915968,1.956179775280899,0.005418867624576086
144.36974789915968,2.0224719101123596,0.005189376477045391
144.36974789915968,2.08876404494382,0.004976074880553481
144.36974789915968,2.155056179775281,0.004777370272316292
144.36974789915968,2.2213483146067414,0.004591868710923065
144.36974789915968,2.2876404494382023,0.004418345162714169
144.36974789915968,2.353932584269663,0.004255718932054988
144.36974789915968,2.4202247191011237,0.004103033230536099
144.36974789915968,2.486516853932584,0.003959438097668049
144.36974789915968,2.552808988764045,0.003824176051734686
144.36974789915968,2.6191011235955055,0.003696569977265246
144.36974789915968,2.6853932584269664,0.003576012854628986
144.36974789915968,2.751685393258427,0.0034619590145462432
144.36974789915968,2.8179775280898878,0.0033539166610155034
144.36974789915968,2.8842696629213482,0.003251441454134314
144.36974789915968,2.950561797752809,0.0031541309824294934
144.36974789915968,3.0168539325842696,0.0030616199848015257
144.36974789915968,3.0831460674157305,0.002973576206689113
144.36974789915968,3.149438202247191,0.0028896967948508386
144.36974789915968,3.215730337078652,0.0028097051512239843
144.36974789915968,3.2820224719101123,0.0027333481794177585
144.36974789915968,3.348314606741573,0.0026603938681256404
144.36974789915968,3.4146067415730337,0.002590629164563896
144.36974789915968,3.4808988764044946,0.0025238580983293003
144.36974789915968,3.547191011235955,0.0024599001221095192
144.36974789915968,3.613483146067416,0.0023985886407054766
144.36974789915968,3.6797752808988764,0.0023397697040229864
144.36974789915968,3.746067415730337,0.00228330084320815
144.36974789915968,3.8123595505617978,0.0022290500320587387
144.36974789915968,3.878651685393258,0.0021768947583383665
144.36974789915968,3.944943820224719,0.00212672119173074
144.36974789915968,4.01123595505618,0.00207842343696276
144.36974789915968,4.0775280898876405,0.002031902862149059
144.36974789915968,4.143820224719101,0.0019870674937118335
144.36974789915968,4.210112359550561,0.001943831470342604
144.36974789915968,4.276404494382023,0.0019021145494275964
144.36974789915968,4.342696629213483,0.0018618416601797444
144.36974789915968,4.408988764044944,0.001822942498428165
144.36974789915968,4.475280898876404,0.0017853511586280266
144.36974789915968,4.5415730337078655,0.001749005799183538
144.36974789915968,4.607865168539326,0.0017138483376367402
144.36974789915968,4.674157303370786,0.0016798241726751098
144.36974789915968,4.740449438202247,0.0016468819302594973
144.36974789915968,4.806741573033708,0.0016149732314788333
144.36974789915968,4.873033707865169,0.001584052480004471
144.36974789915968,4.939325842696629,0.0015540766672508062
144.36974789915968,5.00561797752809,0.0015250051935543603
144.36974789915968,5.071910112359551,0.001496799703863797
144.36974789915968,5.138202247191011,0.0014694239365931642
144.36974789915968,5.204494382022472,0.001442843584430791
144.36974789915968,5.270786516853932,0.0014170261660210674
144.36974789915968,5.337078651685394,0.0013919409075463637
144.36974789915968,5.403370786516854,0.001367558633334138
144.36974789915968,5.4696629213483146,0.0013438516647012824
144.36974789915968,5.535955056179775,0.0013207937263250119
144.36974789915968,5.602247191011236,0.0012983598594985728
144.36974789915968,5.668539325842697,0.0012765263416915028
144.36974789915968,5.734831460674157,0.001255270611889404
144.36974789915968,5.801123595505618,0.0012345712012369256
144.36974789915968,5.867415730337079,0.0012144076685523676
144.36974789915968,5.9337078651685395,0.0011947605403213155
144.36974789915968,6.0,0.0011756112548126712
147.64705882352942,0.1,0.16250849374790344
147.64705882352942,0.1662921348314607,0.09704245335689507
147.64705882352942,0.23258426966292134,0.06735673073867625
147.64705882352942,0.298876404494382,0.050745475286052194
147.64705882352942,0.3651685393258427,0.04025848086777986
147.64705882352942,0.4314606741573034,0.033095832886133325
147.64705882352942,0.49775280898876406,0.02792449082753925
147.64705882352942,0.5640449438202247,0.024033400751357105
147.64705882352942,0.6303370786516854,0.021010547047260693
147.64705882352942,0.6966292134831461,0.018601623061032607
147.64705882352942,0.7629213483146068,0.016641638029673902
147.64705882352942,0.8292134831460675,0.015019133521587768
147.64705882352942,0.895505617977528,0.013656254246561727
147.64705882352942,0.9617977528089887,0.012497065197674198
147.64705882352942,1.0280898876404494,0.01150040322039831
147.64705882352942,1.09438202247191,0.010635341078868913
147.64705882352942,1.1606741573033708,0.009878217784692542
147.64705882352942,1.2269662921348314,0.00921064073603795
147.64705882352942,1.2932584269662921,0.00861810915727745
147.64705882352942,1.3595505617977528,0.00808904535838925
147.64705882352942,1.4258426966292135,0.0076141000199389484
147.64705882352942,1.4921348314606742,0.007185645491541937
147.64705882352942,1.5584269662921348,0.006797400535980488
147.64705882352942,1.6247191011235955,0.00644414854504824
147.64705882352942,1.6910112359550562,0.006121523257429547
147.64705882352942,1.7573033707865169,0.0058258439157115255
147.64705882352942,1.8235955056179776,0.005553987103535568
147.64705882352942,1.8898876404494382,0.005303286121734881
147.64705882352942,1.956179775280899,0.005071451268245442
147.64705882352942,2.0224719101123596,0.004856506147094132
147.64705882352942,2.08876404494382,0.0046567363849012505
147.64705882352942,2.155056179775281,0.004470648036216395
147.64705882352942,2.2213483146067414,0.004296933616929747
147.64705882352942,2.2876404494382023,0.004134444189505681
147.64705882352942,2.353932584269663,0.003982166284118821
147.64705882352942,2.4202247191011237,0.0038392027102455723
147.64705882352942,2.486516853932584,0.0037047565180552836
147.64705882352942,2.552808988764045,0.0035781175252762483
147.64705882352942,2.6191011235955055,0.003458650945471713
147.64705882352942,2.6853932584269664,0.003345787746847867
147.64705882352942,2.751685393258427,0.0032390164434222537
147.64705882352942,2.8179775280898878,0.003137876077478514
147.64705882352942,2.8842696629213482,0.0030419501973509857
147.64705882352942,2.950561797752809,0.002950861670443664
147.64705882352942,3.0168539325842696,0.002864268200051554
147.64705882352942,3.0831460674157305,0.0027818584375835366
147.64705882352942,3.149438202247191,0.002703348600388169
147.64705882352942,3.215730337078652,0.0026284795204783687
147.64705882352942,3.2820224719101123,0.002557014061759352
147.64705882352942,3.348314606741573,0.002488734853442204
147.64705882352942,3.4146067415730337,0.0024234422956145307
147.64705882352942,3.4808988764044946,0.002360952799783572
147.64705882352942,3.547191011235955,0.002301097232880819
147.64705882352942,3.613483146067416,0.0022437195379377026
147.64705882352942,3.6797752808988764,0.0021886755085836766
147.64705882352942,3.746067415730337,0.0021358316978216632
147.64705882352942,3.8123595505617978,0.002085064444312106
147.64705882352942,3.878651685393258,0.0020362590017394848
147.64705882352942,3.944943820224719,0.0019893087588164723
147.64705882352942,4.01123595505618,0.0019441145391622748
147.64705882352942,4.0775280898876405,0.0019005839717225574
147.64705882352942,4.143820224719101,0.0018586309236192388
147.64705882352942,4.210112359550561,0.0018181749883631798
147.64705882352942,4.276404494382023,0.0017791410232589186
147.64705882352942,4.342696629213483,0.0017414587306013314
147.64705882352942,4.408988764044944,0.0017050622779284169
147.64705882352942,4.475280898876404,0.0016698899531686186
147.64705882352942,4.5415730337078655,0.00163588385101819
147.64705882352942,4.607865168539326,0.0016029895873157513
147.64705882352942,4.674157303370786,0.0015711560385565685
147.64705882352942,4.740449438202247,0.0015403351040161914
147.64705882352942,4.806741573033708,0.0015104814882390203
147.64705882352942,4.873033707865169,0.0014815525018973042
147.64705882352942,4.939325842696629,0.0014535078792454333
147.64705882352942,5.00561797752809,0.0014263096105868855
147.64705882352942,5.071910112359551,0.0013999217883407578
147.64705882352942,5.138202247191011,0.001374310465444151
147.64705882352942,5.204494382022472,0.0013494435249585598
147.64705882352942,5.270786516853932,0.0013252905598651356
147.64705882352942,5.337078651685394,0.0013018227621370384
147.64705882352942,5.403370786516854,0.001279012820268732
147.64705882352942,5.4696629213483146,0.0012568348245236114
147.64705882352942,5.535955056179775,0.0012352641792339122
147.64705882352942,5.602247191011236,0.001214277521551359
147.64705882352942,5.668539325842697,0.0011938526461048062
147.64705882352942,5.734831460674157,0.0011739684350725937
147.64705882352942,5.801123595505618,0.001154604793223604
147.64705882352942,5.867415730337079,0.001135742587522091
147.64705882352942,5.9337078651685395,0.001117363590928813
147.64705882352942,6.0,0.0010994504300639726
150.92436974789916,0.1,0.15447195127091562
150.92436974789916,0.1662921348314607,0.09177271149894388
150.92436974789916,0.23258426966292134,0.06353801927984713
150.92436974789916,0.298876404494382,0.04779629853780719
150.92436974789916,0.3651685393258427,0.03788076368820897
150.92436974789916,0.4314606741573034,0.03111890297706735
150.92436974789916,0.49775280898876406,0.026242418559999172
150.92436974789916,0.5640449438202247,0.022576329669650654
150.92436974789916,0.6303370786516854,0.01973018857645728
150.92436974789916,0.6966292134831461,0.017463319803161362
150.92436974789916,0.7629213483146068,0.01561974181382629
150.92436974789916,0.8292134831460675,0.01409417383510367
150.92436974789916,0.895505617977528,0.012813129096089748
150.92436974789916,0.9617977528089887,0.011723843611254767
150.92436974789916,1.0280898876404494,0.01078750832002282
150.92436974789916,1.09438202247191,0.00997497806583828
150.92436974789916,1.1606741573033708,0.00926396420889685
150.92436974789916,1.2269662921348314,0.008637147082318252
150.92436974789916,1.2932584269662921,0.008080876134160468
150.92436974789916,1.3595505617977528,0.007584255597825678
150.92436974789916,1.4258426966292135,0.0071384890742285005
150.92436974789916,1.4921348314606742,0.006736401674239529
150.92436974789916,1.5584269662921348,0.006372086246116669
150.92436974789916,1.6247191011235955,0.006040637806612176
150.92436974789916,1.6910112359550562,0.0057379516474616084
150.92436974789916,1.7573033707865169,0.005460568063430709
150.92436974789916,1.8235955056179776,0.005205551659926334
150.92436974789916,1.8898876404494382,0.004970396615491607
150.92436974789916,1.956179775280899,0.0047529516407214655
150.92436974789916,2.0224719101123596,0.0045513600369549235
150.92436974789916,2.08876404494382,0.004364011440626043
150.92436974789916,2.155056179775281,0.004189502690930489
150.92436974789916,2.2213483146067414,0.004026605878983578
150.92436974789916,2.2876404494382023,0.0038742420934964237
150.92436974789916,2.353932584269663,0.0037314597176867164
150.92436974789916,2.4202247191011237,0.003597416387062865
150.92436974789916,2.486516853932584,0.003471363910699869
150.92436974789916,2.552808988764045,0.00335263560591125
150.92436974789916,2.6191011235955055,0.0032406356095037087
150.92436974789916,2.6853932584269664,0.003134829816566393
150.92436974789916,2.751685393258427,0.0030347381662116407
150.92436974789916,2.8179775280898878,0.0029399280474435466
150.92436974789916,2.8842696629213482,0.0028500086408038148
150.92436974789916,2.950561797752809,0.0027646260451993625
150.92436974789916,3.0168539325842696,0.0026834590662921237
150.92436974789916,3.0831460674157305,0.0026062155645053273
150.92436974789916,3.149438202247191,0.0025326292782027133
150.92436974789916,3.215730337078652,0.002462457051799419
150.92436974789916,3.2820224719101123,0.0023954764101408337
150.92436974789916,3.348314606741573,0.0023314834299662094
150.92436974789916,3.4146067415730337,0.002270290867069212
150.92436974789916,3.4808988764044946,0.002211726504204354
150.92436974789916,3.547191011235955,0.002155631690123035
150.92436974789916,3.613483146067416,0.0021018600445618877
150.92436974789916,3.6797752808988764,0.0020502763077119637
150.92436974789916,3.746067415730337,0.002000755315802841
150.92436974789916,3.8123595505617978,0.0019531810870461173
150.92436974789916,3.878651685393258,0.001907446004384185
150.92436974789916,3.944943820224719,0.001863450083352805
150.92436974789916,4.01123595505618,0.0018211003149460477
150.92436974789916,4.0775280898876405,0.0017803100747168347
150.92436974789916,4.143820224719101,0.001740998590493738
150.92436974789916,4.210112359550561,0.001703090462076309
150.92436974789916,4.276404494382023,0.0016665152271131197
150.92436974789916,4.342696629213483,0.0016312069680910358
150.92436974789916,4.408988764044944,0.0015971039559881913
150.92436974789916,4.475280898876404,0.0015641483266826683
150.92436974789916,4.5415730337078655,0.001532285786675811
150.92436974789916,4.607865168539326,0.001501465345094572
150.92436974789916,4.674157303370786,0.0014716390692898946
150.92436974789916,4.740449438202247,0.0014427618616553914
150.92436974789916,4.806741573033708,0.0014147912555590159
150.92436974789916,4.873033707865169,0.0013876872285153673
150.92436974789916,4.939325842696629,0.0013614120309320052
150.92436974789916,5.00561797752809,0.0013359300289441734
150.92436974789916,5.071910112359551,0.0013112075600114253
150.92436974789916,5.138202247191011,0.0012872128000898403
150.92436974789916,5.204494382022472,0.0012639156413175178
150.92436974789916,5.270786516853932,0.0012412875792604387
150.92436974789916,5.337078651685394,0.0012193016088629543
150.92436974789916,5.403370786516854,0.0011979321283330966
150.92436974789916,5.4696629213483146,0.0011771548502695925
150.92436974789916,5.535955056179775,0.0011569467194053528
150.92436974789916,5.602247191011236,0.0011372858364030278
150.92436974789916,5.668539325842697,0.001118151387192283
150.92436974789916,5.734831460674157,0.0010995235773868814
150.92436974789916,5.801123595505618,0.0010813835713629253
150.92436974789916,5.867415730337079,0.001063713435618505
150.92436974789916,5.9337078651685395,0.00104649608606964
150.92436974789916,6.0,0.001029715238968934
154.2016806722689,0.1,0.14690653500868806
154.2016806722689,0.1662921348314607,0.08685617153607672
154.2016806722689,0.23258426966292134,0.05999097581141508
154.2016806722689,0.298876404494382,0.045064136846777916
154.2016806722689,0.3651685393258427,0.0356818584544056
154.2016806722689,0.4314606741573034,0.029292919142452092
154.2016806722689,0.49775280898876406,0.024690225519113696
154.2016806722689,0.5640449438202247,0.021232736779246034
154.2016806722689,0.6303370786516854,0.018550227765260937
154.2016806722689,0.6966292134831461,0.016414770426379673
154.2016806722689,0.7629213483146068,0.014678790957459283
154.2016806722689,0.8292134831460675,0.01324276415940541
154.2016806722689,0.895505617977528,0.012037267682382512
154.2016806722689,0.9617977528089887,0.011012484396714935
154.2016806722689,1.0280898876404494,0.010131790753346333
154.2016806722689,1.09438202247191,0.00936769464132736
154.2016806722689,1.1606741573033708,0.008699179453532007
154.2016806722689,1.2269662921348314,0.008109919376062046
154.2016806722689,1.2932584269662921,0.007587050955569909
154.2016806722689,1.3595505617977528,0.007120309391207459
154.2016806722689,1.4258426966292135,0.006701409647600861
154.2016806722689,1.4921348314606742,0.006323595391382683
154.2016806722689,1.5584269662921348,0.005981305162169036
154.2016806722689,1.6247191011235955,0.005669921847868251
154.2016806722689,1.6910112359550562,0.005385582278919399
154.2016806722689,1.7573033707865169,0.005125030827054195
154.2016806722689,1.8235955056179776,0.004885505633638877
154.2016806722689,1.8898876404494382,0.004664649323113503
154.2016806722689,1.956179775280899,0.004460438293152092
154.2016806722689,2.0224719101123596,0.0042711262431394045
154.2016806722689,2.08876404494382,0.0040951987194175095
154.2016806722689,2.155056179775281,0.003931336260020731
154.2016806722689,2.2213483146067414,0.0037783843073852
154.2016806722689,2.2876404494382023,0.003635328488688437
154.2016806722689,2.353932584269663,0.003501274183999488
154.2016806722689,2.4202247191011237,0.0033754295429149045
154.2016806722689,2.486516853932584,0.003257091292378127
154.2016806722689,2.552808988764045,0.003145632817279519
154.2016806722689,2.6191011235955055,0.0030404941022486765
154.2016806722689,2.6853932584269664,0.002941173205791685
154.2016806722689,2.751685393258427,0.0028472190024628288
154.2016806722689,2.8179775280898878,0.00275822497942728
154.2016806722689,2.8842696629213482,0.002673823913796722
154.2016806722689,2.950561797752809,0.0025936832889249454
154.2016806722689,3.0168539325842696,0.0025175013332657393
154.2016806722689,3.0831460674157305,0.002445003585812157
154.2016806722689,3.149438202247191,0.0023759399086222457
154.2016806722689,3.215730337078652,0.002310081880312044
154.2016806722689,3.2820224719101123,0.002247220515299831
154.2016806722689,3.348314606741573,0.002187164262512506
154.2016806722689,3.4146067415730337,0.0021297372446051183
154.2016806722689,3.4808988764044946,0.002074777704803997
154.2016806722689,3.547191011235955,0.0020221366335068307
154.2016806722689,3.613483146067416,0.0019716765509506487
154.2016806722689,3.6797752808988764,0.0019232704257475064
154.2016806722689,3.746067415730337,0.0018768007120100283
154.2016806722689,3.8123595505617978,0.0018321584902457493
154.2016806722689,3.878651685393258,0.0017892426992709813
154.2016806722689,3.944943820224719,0.0017479594481472722
154.2016806722689,4.01123595505618,0.0017082213986306194
154.2016806722689,4.0775280898876405,0.00166994720988843
154.2016806722689,4.143820224719101,0.0016330610383188096
154.2016806722689,4.210112359550561,0.0015974920862302708
154.2016806722689,4.276404494382023,0.001563174193931928
154.2016806722689,4.342696629213483,0.0015300454704653998
154.2016806722689,4.408988764044944,0.001498047958796852
154.2016806722689,4.475280898876404,0.0014671273317947286
154.2016806722689,4.5415730337078655,0.001437232615758102
154.2016806722689,4.607865168539326,0.0014083159386418598
154.2016806722689,4.674157303370786,0.0013803323004563308
154.2016806722689,4.740449438202247,0.0013532393636082197
154.2016806722689,4.806741573033708,0.001326997261201919
154.2016806722689,4.873033707865169,0.0013015684215411476
154.2016806722689,4.939325842696629,0.001276917407264538
154.2016806722689,5.00561797752809,0.001253010767718725
154.2016806722689,5.071910112359551,0.0012298169033222175
154.2016806722689,5.138202247191011,0.0012073059408051737
154.2016806722689,5.204494382022472,0.0011854496183266307
154.2016806722689,5.270786516853932,0.0011642211795736628
154.2016806722689,5.337078651685394,0.0011435952760383288
154.2016806722689,5.403370786516854,0.0011235478767490056
154.2016806722689,5.4696629213483146,0.0011040561848046817
154.2016806722689,5.535955056179775,0.0010850985601248734
154.2016806722689,5.602247191011236,0.0010666544478846669
154.2016806722689,5.668539325842697,0.0010487043121554305
154.2016806722689,5.734831460674157,0.0010312295743171822
154.2016806722689,5.801123595505618,0.0010142125558492505
154.2016806722689,5.867415730337079,0.0009976364251423988
154.2016806722689,5.9337078651685395,0.0009814851480082903
154.2016806722689,6.0,0.0009657434415914993
157.47899159663865,0.1,0.13978275343866534
157.47899159663865,0.1662921348314607,0.08226578714906028
157.47899159663865,0.23258426966292134,0.05669300279115026
157.47899159663865,0.298876404494382,0.04253010120841881
157.47899159663865,0.3651685393258427,0.03364574849902395
157.47899159663865,0.4314606741573034,0.027604090517141484
157.47899159663865,0.49775280898876406,0.023255872487980913
157.47899159663865,0.5640449438202247,0.019991986206586456
157.47899159663865,0.6303370786516854,0.01746117230859385
157.47899159663865,0.6966292134831461,0.015447428890432957
157.47899159663865,0.7629213483146068,0.013811033117953677
157.47899159663865,0.8292134831460675,0.012457825894633142
157.47899159663865,0.895505617977528,0.011322169398124703
157.47899159663865,0.9617977528089887,0.010356987462030204
157.47899159663865,1.0280898876404494,0.009527687480171979
157.47899159663865,1.09438202247191,0.008808312256837826
157.47899159663865,1.1606741573033708,0.008179025497086998
157.47899159663865,1.2269662921348314,0.0076244230156220895
157.47899159663865,1.2932584269662921,0.007132370863744966
157.47899159663865,1.3595505617977528,0.006693188754669863
157.47899159663865,1.4258426966292135,0.00629906516461591
157.47899159663865,1.4921348314606742,0.005943631181749091
157.47899159663865,1.5584269662921348,0.005621645208932446
157.47899159663865,1.6247191011235955,0.005328756410643579
157.47899159663865,1.6910112359550562,0.0050613249706281315
157.47899159663865,1.7573033707865169,0.004816283921094893
157.47899159663865,1.8235955056179776,0.0045910317895805994
157.47899159663865,1.8898876404494382,0.004383348365841646
157.47899159663865,1.956179775280899,0.004191328005995104
157.47899159663865,2.0224719101123596,0.004013326375562285
157.47899159663865,2.08876404494382,0.0038479175888012306
157.47899159663865,2.155056179775281,0.0036938594617784374
157.47899159663865,2.2213483146067414,0.003550065150082529
157.47899159663865,2.2876404494382023,0.003415579849377486
157.47899159663865,2.353932584269663,0.0032895615397140286
157.47899159663865,2.4202247191011237,0.003171264981609011
157.47899159663865,2.486516853932584,0.003060028343753108
157.47899159663865,2.552808988764045,0.0029552619733214415
157.47899159663865,2.6191011235955055,0.0028564389206754163
157.47899159663865,2.6853932584269664,0.0027630869083238685
157.47899159663865,2.751685393258427,0.0026747814949056236
157.47899159663865,2.8179775280898878,0.0025911402327558936
157.47899159663865,2.8842696629213482,0.0025118176553748984
157.47899159663865,2.950561797752809,0.002436500961115912
157.47899159663865,3.0168539325842696,0.0023649062833785515
157.47899159663865,3.0831460674157305,0.002296775456846006
157.47899159663865,3.149438202247191,0.0022318732048494834
157.47899159663865,3.215730337078652,0.002169984685553798
157.47899159663865,3.2820224719101123,0.0021109133449366086
157.47899159663865,3.348314606741573,0.0020544790329485537
157.47899159663865,3.4146067415730337,0.0020005163461599873
157.47899159663865,3.4808988764044946,0.0019488731659110948
157.47899159663865,3.547191011235955,0.0018994093657152661
157.47899159663865,3.613483146067416,0.0018519956656028868
157.47899159663865,3.6797752808988764,0.0018065126143796044
157.47899159663865,3.746067415730337,0.0017628496835268527
157.47899159663865,3.8123595505617978,0.0017209044587869584
157.47899159663865,3.878651685393258,0.00168058191742688
157.47899159663865,3.944943820224719,0.0016417937808254795
157.47899159663865,4.01123595505618,0.0016044579334298056
157.47899159663865,4.0775280898876405,0.0015684979003174498
157.47899159663865,4.143820224719101,0.0015338423766187205
157.47899159663865,4.210112359550561,0.0015004248029221168
157.47899159663865,4.276404494382023,0.0014681829815324453
157.47899159663865,4.342696629213483,0.0014370587290925376
157.47899159663865,4.408988764044944,0.0014069975616321537
157.47899159663865,4.475280898876404,0.0013779484085854623
157.47899159663865,4.5415730337078655,0.0013498633527320647
157.47899159663865,4.607865168539326,0.0013226973933754519
157.47899159663865,4.674157303370786,0.0012964082303849704
157.47899159663865,4.740449438202247,0.0012709560669995758
157.47899159663865,4.806741573033708,0.001246303429528996
157.47899159663865,4.873033707865169,0.0012224150022961103
157.47899159663865,4.939325842696629,0.0011992574763463476
157.47899159663865,5.00561797752809,0.0011767994106101733
157.47899159663865,5.071910112359551,0.0011550111043454082
157.47899159663865,5.138202247191011,0.001133864479810353
157.47899159663865,5.204494382022472,0.0011133329742282953
157.47899159663865,5.270786516853932,0.0010933914402007322
157.47899159663865,5.337078651685394,0.0010740160538127456
157.47899159663865,5.403370786516854,0.0010551842297499173
157.47899159663865,5.4696629213483146,0.0010368745428139038
157.47899159663865,5.535955056179775,0.0010190666552840873
157.47899159663865,5.602247191011236,0.001001741249626269
157.47899159663865,5.668539325842697,0.0009848799660972987
157.47899159663865,5.734831460674157,0.0009684653448374052
157.47899159663865,5.801123595505618,0.0009524807720801516
157.47899159663865,5.867415730337079,0.0009369104301443685
157.47899159663865,5.9337078651685395,0.000921739250903175
157.47899159663865,6.0,0.0009069528724527947
160.7563025210084,0.1,0.13307280731983767
160.7563025210084,0.1662921348314607,0.07797672703308577
160.7563025210084,0.23258426966292134,0.053623590152035515
160.7563025210084,0.298876404494382,0.04017715884346807
160.7563025210084,0.3651685393258427,0.03175805183395726
160.7563025210084,0.4314606741573034,0.02604007024516389
160.7563025210084,0.49775280898876406,0.021928604366282144
160.7563025210084,0.5640449438202247,0.018844592483376603
160.7563025210084,0.6303370786516854,0.01645456791541497
160.7563025210084,0.6966292134831461,0.014553691956490407
160.7563025210084,0.7629213483146068,0.013009577404273609
160.7563025210084,0.8292134831460675,0.011733071800847828
160.7563025210084,0.895505617977528,0.010662064122428221
160.7563025210084,0.9617977528089887,0.009752029942070108
160.7563025210084,1.0280898876404494,0.00897026577123159
160.7563025210084,1.09438202247191,0.008292241088019734
160.7563025210084,1.1606741573033708,0.007699215967623842
160.7563025210084,1.2269662921348314,0.007176641822906104
160.7563025210084,1.2932584269662921,0.0067130616034514375
160.7563025210084,1.3595505617977528,0.006299337142098982
160.7563025210084,1.4258426966292135,0.005928095905842618
160.7563025210084,1.4921348314606742,0.005593328028825602
160.7563025210084,1.5584269662921348,0.0052900882515110595
160.7563025210084,1.6247191011235955,0.005014272356010581
160.7563025210084,1.6910112359550562,0.0047624473321785914
160.7563025210084,1.7573033707865169,0.004531720851294964
160.7563025210084,1.8235955056179776,0.004319639872193186
160.7563025210084,1.8898876404494382,0.004124111098346561
160.7563025210084,1.956179775280899,0.003943338006225046
160.7563025210084,2.0224719101123596,0.003775770569939509
160.7563025210084,2.08876404494382,0.0036200648059787513
160.7563025210084,2.155056179775281,0.003475049980751396
160.7563025210084,2.2213483146067414,0.0033397018470175187
160.7563025210084,2.2876404494382023,0.00321312066037916
160.7563025210084,2.353932584269663,0.003094513013158931
160.7563025210084,2.4202247191011237,0.002983176737627436
160.7563025210084,2.486516853932584,0.002878488292935059
160.7563025210084,2.552808988764045,0.002779892173985531
160.7563025210084,2.6191011235955055,0.002686891975727226
160.7563025210084,2.6853932584269664,0.0025990428200903066
160.7563025210084,2.751685393258427,0.0025159449103094185
160.7563025210084,2.8179775280898878,0.002437238022510949
160.7563025210084,2.8842696629213482,0.002362596780094429
160.7563025210084,2.950561797752809,0.002291726584760328
160.7563025210084,3.0168539325842696,0.002224360100663027
160.7563025210084,3.0831460674157305,0.0021602542063418762
160.7563025210084,3.149438202247191,0.002099187343754334
160.7563025210084,3.215730337078652,0.002040957205636873
160.7563025210084,3.2820224719101123,0.0019853787121188794
160.7563025210084,3.348314606741573,0.0019322822354550186
160.7563025210084,3.4146067415730337,0.0018815120382691536
160.7563025210084,3.4808988764044946,0.0018329248960910417
160.7563025210084,3.547191011235955,0.00178638887943229
160.7563025210084,3.613483146067416,0.0017417822743619664
160.7563025210084,3.6797752808988764,0.0016989926236427339
160.7563025210084,3.746067415730337,0.0016579158730858545
160.7563025210084,3.8123595505617978,0.0016184556099657797
160.7563025210084,3.878651685393258,0.001580522382176468
160.7563025210084,3.944943820224719,0.0015440330883675555
160.7563025210084,4.01123595505618,0.001508910430619891
160.7563025210084,4.0775280898876405,0.001475082422342937
160.7563025210084,4.143820224719101,0.0014424819450356363
160.7563025210084,4.210112359550561,0.0014110463483719418
160.7563025210084,4.276404494382023,0.0013807170887757273
160.7563025210084,4.342696629213483,0.0013514394022543594
160.7563025210084,4.408988764044944,0.0013231620077814176
160.7563025210084,4.475280898876404,0.001295836837969346
160.7563025210084,4.5415730337078655,0.0012694187941625866
160.7563025210084,4.607865168539326,0.0012438655234202306
160.7563025210084,4.674157303370786,0.0012191372151513188
160.7563025210084,4.740449438202247,0.0011951964154224982
160.7563025210084,4.806741573033708,0.001172007857181548
160.7563025210084,4.873033707865169,0.001149538304836229
160.7563025210084,4.939325842696629,0.0011277564117998188
160.7563025210084,5.00561797752809,0.0011066325897652318
160.7563025210084,5.071910112359551,0.0010861388886026244
160.7563025210084,5.138202247191011,0.0010662488858922269
160.7563025210084,5.204494382022472,0.0010469375852073446
160.7563025210084,5.270786516853932,0.0010281813223539458
160.7563025210084,5.337078651685394,0.0010099576788539844
160.7563025210084,5.403370786516854,0.000992245402031508
160.7563025210084,5.4696629213483146,0.0009750243311242164
160.7563025210084,5.535955056179775,0.0009582753288999702
160.7563025210084,5.602247191011236,0.0009419802183082838
160.7563025210084,5.668539325842697,0.0009261217237419298
160.7563025210084,5.734831460674157,0.0009106834165240921
160.7563025210084,5.801123595505618,0.0008956496642726288
160.7563025210084,5.867415730337079,0.0008810055838252776
160.7563025210084,5.9337078651685395,0.0008667369974387039
160.7563025210084,6.0,0.0008528303920002075
164.03361344537817,0.1,0.12675054471573133
164.03361344537817,0.1662921348314607,0.07396619706947614
164.03361344537817,0.23258426966292134,0.050764111257160856
164.03361344537817,0.298876404494382,0.03798993493697517
164.03361344537817,0.3651685393258427,0.030005837385248306
164.03361344537817,0.4314606741573034,0.024589787621923473
164.03361344537817,0.49775280898876406,0.020698797324283515
164.03361344537817,0.5640449438202247,0.01778208117980885
164.03361344537817,0.6303370786516854,0.01552287082844238
164.03361344537817,0.6966292134831461,0.013726782131862248
164.03361344537817,0.7629213483146068,0.0122682864663518
164.03361344537817,0.8292134831460675,0.011062906131280024
164.03361344537817,0.895505617977528,0.010051819457820212
164.03361344537817,0.9617977528089887,0.009192879737157364
164.03361344537817,1.0280898876404494,0.008455142362463771
164.03361344537817,1.09438202247191,0.00781540421618207
164.03361344537817,1.1606741573033708,0.007255944844402552
164.03361344537817,1.2269662921348314,0.006763010826092407
164.03361344537817,1.2932584269662921,0.006325773903921571
164.03361344537817,1.3595505617977528,0.005935599292597186
164.03361344537817,1.4258426966292135,0.005585521927922326
164.03361344537817,1.4921348314606742,0.005269865095210256
164.03361344537817,1.5584269662921348,0.004983958415416505
164.03361344537817,1.6247191011235955,0.004723926366857035
164.03361344537817,1.6910112359550562,0.0044865276676571515
164.03361344537817,1.7573033707865169,0.004269031857175319
164.03361344537817,1.8235955056179776,0.004069123440976931
164.03361344537817,1.8898876404494382,0.0038848267057813206
164.03361344537817,1.956179775280899,0.003714446207086385
164.03361344537817,2.0224719101123596,0.003556519262509317
164.03361344537817,2.08876404494382,0.0034097777295781302
164.03361344537817,2.155056179775281,0.0032731170272569856
164.03361344537817,2.2213483146067414,0.003145570855839319
164.03361344537817,2.2876404494382023,0.003026290434243077
164.03361344537817,2.353932584269663,0.002914527344484595
164.03361344537817,2.4202247191011237,0.00280961927614427
164.03361344537817,2.486516853932584,0.0027109781172343296
164.03361344537817,2.552808988764045,0.002618079955034152
164.03361344537817,2.6191011235955055,0.0025304566405129707
164.03361344537817,2.6853932584269664,0.002447688639689091
164.03361344537817,2.751685393258427,0.002369398949642317
164.03361344537817,2.8179775280898878,0.002295247899563443
164.03361344537817,2.8842696629213482,0.0022249286909192183
164.03361344537817,2.950561797752809,0.0021581635575765885
164.03361344537817,3.0168539325842696,0.002094700448111116
164.03361344537817,3.0831460674157305,0.0020343101496961826
164.03361344537817,3.149438202247191,0.001976783786830361
164.03361344537817,3.215730337078652,0.001921930639403679
164.03361344537817,3.2820224719101123,0.0018695762337660432
164.03361344537817,3.348314606741573,0.0018195606679606241
164.03361344537817,3.4146067415730337,0.001771737138450381
164.03361344537817,3.4808988764044946,0.0017259706407544524
164.03361344537817,3.547191011235955,0.0016821368206276905
164.03361344537817,3.613483146067416,0.0016401209559238203
164.03361344537817,3.6797752808988764,0.001599817052210026
164.03361344537817,3.746067415730337,0.0015611270376531697
164.03361344537817,3.8123595505617978,0.0015239600447586338
164.03361344537817,3.878651685393258,0.0014882317682805208
164.03361344537817,3.944943820224719,0.0014538638900914221
164.03361344537817,4.01123595505618,0.0014207835630468777
164.03361344537817,4.0775280898876405,0.0013889229469398945
164.03361344537817,4.143820224719101,0.001358218790545938
164.03361344537817,4.210112359550561,0.0013286120545325563
164.03361344537817,4.276404494382023,0.0013000475706715987
164.03361344537817,4.342696629213483,0.001272473733362649
164.03361344537817,4.408988764044944,0.0012458422199680777
164.03361344537817,4.475280898876404,0.0012201077368850515
164.03361344537817,4.5415730337078655,0.0011952277886476776
164.03361344537817,4.607865168539326,0.0011711624676718042
164.03361344537817,4.674157303370786,0.0011478742625324451
164.03361344537817,4.740449438202247,0.001125327882906024
164.03361344537817,4.806741573033708,0.001103490099520584
164.03361344537817,4.873033707865169,0.00108232959764222
164.03361344537817,4.939325842696629,0.0010618168427878264
164.03361344537817,5.00561797752809,0.0010419239574966847
164.03361344537817,5.071910112359551,0.0010226246081185206
164.03361344537817,5.138202247191011,0.0010038939006860705
164.03361344537817,5.204494382022472,0.0009857082850375095
164.03361344537817,5.270786516853932,0.0009680454664403429
164.03361344537817,5.337078651685394,0.0009508843240445585
164.03361344537817,5.403370786516854,0.0009342048355606194
164.03361344537817,5.4696629213483146,0.0009179880076179005
164.03361344537817,5.535955056179775,0.000902215811312776
164.03361344537817,5.602247191011236,0.0008868711225031757
164.03361344537817,5.668539325842697,0.0008719376664490564
164.03361344537817,5.734831460674157,0.0008573999664361662
164.03361344537817,5.801123595505618,0.0008432432960545478
164.03361344537817,5.867415730337079,0.0008294536348337501
164.03361344537817,5.9337078651685395,0.0008160176269639608
164.03361344537817,6.0,0.0008029225428569562
167.3109243697479,0.1,0.12079140469116785
167.3109243697479,0.1662921348314607,0.07021327372605636
167.3109243697479,0.23258426966292134,0.048097638639841477
167.3109243697479,0.298876404494382,0.035954536516202854
167.3109243697479,0.3651685393258427,0.028377463302695628
167.3109243697479,0.4314606741573034,0.023243301332013792
167.3109243697479,0.49775280898876406,0.019557825767931806
167.3109243697479,0.5640449438202247,0.016796868012461386
167.3109243697479,0.6303370786516854,0.014659337534804227
167.3109243697479,0.6966292134831461,0.012960646614297723
167.3109243697479,0.7629213483146068,0.011581683495986235
167.3109243697479,0.8292134831460675,0.010442338690479586
167.3109243697479,0.895505617977528,0.009486860999889052
167.3109243697479,0.9617977528089887,0.008675321277522961
167.3109243697479,1.0280898876404494,0.007978414104835628
167.3109243697479,1.09438202247191,0.007374172642854658
167.3109243697479,1.1606741573033708,0.006845825390175927
167.3109243697479,1.2269662921348314,0.006380358723860787
167.3109243697479,1.2932584269662921,0.005967529140333502
167.3109243697479,1.3595505617977528,0.0055991697974056885
167.3109243697479,1.4258426966292135,0.005268694280289825
167.3109243697479,1.4921348314606742,0.00497073536413899
167.3109243697479,1.5584269662921348,0.00470087795402096
167.3109243697479,1.6247191011235955,0.004455458864742366
167.3109243697479,1.6910112359550562,0.004231414784613786
167.3109243697479,1.7573033707865169,0.004026165472443505
167.3109243697479,1.8235955056179776,0.0038375230560907547
167.3109243697479,1.8898876404494382,0.00366362090089851
167.3109243697479,1.956179775280899,0.003502857314053103
167.3109243697479,2.0224719101123596,0.0033538506118233253
167.3109243697479,2.08876404494382,0.0032154029727830716
167.3109243697479,2.155056179775281,0.0030864711448907282
167.3109243697479,2.2213483146067414,0.002966142543519846
167.3109243697479,2.2876404494382023,0.0028536156226554176
167.3109243697479,2.353932584269663,0.0027481836578469587
167.3109243697479,2.4202247191011237,0.002649221271743012
167.3109243697479,2.486516853932584,0.0025561731784371016
167.3109243697479,2.552808988764045,0.002468544733746898
167.3109243697479,2.6191011235955055,0.002385893963777093
167.3109243697479,2.6853932584269664,0.0023078248101022813
167.3109243697479,2.751685393258427,0.0022339813813486097
167.3109243697479,2.8179775280898878,0.002164043041320504
167.3109243697479,2.8842696629213482,0.0020977201956938
167.3109243697479,2.950561797752809,0.002034750664614738
167.3109243697479,3.0168539325842696,0.0019748965487669527
167.3109243697479,3.0831460674157305,0.0019179415127085725
167.3109243697479,3.149438202247191,0.0018636884223895566
167.3109243697479,3.215730337078652,0.0018119572843908294
167.3109243697479,3.2820224719101123,0.0017625834430901146
167.3109243697479,3.348314606741573,0.0017154159990500583
167.3109243697479,3.4146067415730337,0.0016703164177527096
167.3109243697479,3.4808988764044946,0.0016271573026148778
167.3109243697479,3.547191011235955,0.0015858213102045951
167.3109243697479,3.613483146067416,0.0015462001888939829
167.3109243697479,3.6797752808988764,0.0015081939249505624
167.3109243697479,3.746067415730337,0.0014717099823868388
167.3109243697479,3.8123595505617978,0.0014366626248355468
167.3109243697479,3.878651685393258,0.0014029723093599905
167.3109243697479,3.944943820224719,0.0013705651434976966
167.3109243697479,4.01123595505618,0.0013393723980136267
167.3109243697479,4.0775280898876405,0.001309330068841076
167.3109243697479,4.143820224719101,0.0012803784825434835
167.3109243697479,4.210112359550561,0.0012524619403613182
167.3109243697479,4.276404494382023,0.0012255283965354722
167.3109243697479,4.342696629213483,0.0011995291671375193
167.3109243697479,4.408988764044944,0.0011744186661018713
167.3109243697479,4.475280898876404,0.0011501541655562992
167.3109243697479,4.5415730337078655,0.0011266955778945996
167.3109243697479,4.607865168539326,0.0011040052573369234
167.3109243697479,4.674157303370786,0.0010820478189854626
167.3109243697479,4.740449438202247,0.001060789973611601
167.3109243697479,4.806741573033708,0.0010402003766103096
167.3109243697479,4.873033707865169,0.0010202494897320682
167.3109243697479,4.939325842696629,0.0010009094543555952
167.3109243697479,5.00561797752809,0.0009821539751991178
167.3109243697479,5.071910112359551,0.0009639582134860732
167.3109243697479,5.138202247191011,0.0009462986886853483
167.3109243697479,5.204494382022472,0.0009291531880381671
167.3109243697479,5.270786516853932,0.00091250068316505
167.3109243697479,5.337078651685394,0.0008963212531182869
167.3109243697479,5.403370786516854,0.0008805960133093561
167.3109243697479,5.4696629213483146,0.0008653070497973837
167.3109243697479,5.535955056179775,0.0008504373584753466
167.3109243697479,5.602247191011236,0.0008359707887357445
167.3109243697479,5.668539325842697,0.000821891991237529
167.3109243697479,5.734831460674157,0.0008081863694321274
167.3109243697479,5.801123595505618,0.0007948400345383834
167.3109243697479,5.867415730337079,0.0007818397636851458
167.3109243697479,5.9337078651685395,0.0007691729609658888
167.3109243697479,6.0,0.0007568276211731205
170.58823529411765,0.1,0.11517235308118927
170.58823529411765,0.1662921348314607,0.06669874887139668
170.58823529411765,0.23258426966292134,0.04560877787958524
170.58823529411765,0.298876404494382,0.0340583960193779
170.58823529411765,0.3651685393258427,0.026862434604102443
170.58823529411765,0.4314606741573034,0.021991670989178817
170.58823529411765,0.49775280898876406,0.018497946379738072
170.58823529411765,0.5640449438202247,0.015882153800040984
170.58823529411765,0.6303370786516854,0.013857929169346576
170.58823529411765,0.6966292134831461,0.012249869871083436
170.58823529411765,0.7629213483146068,0.01094487190536219
170.58823529411765,0.8292134831460675,0.00986691070817198
170.58823529411765,0.895505617977528,0.008963103647346884
170.58823529411765,0.9617977528089887,0.008195591630183522
170.58823529411765,1.0280898876404494,0.007536598326930691
170.58823529411765,1.09438202247191,0.006965309447651755
170.58823529411765,1.1606741573033708,0.0064658377102918265
170.58823529411765,1.2269662921348314,0.006025858506592423
170.58823529411765,1.2932584269662921,0.005635672723593942
170.58823529411765,1.3595505617977528,0.005287549002887721
170.58823529411765,1.4258426966292135,0.00497525319802729
170.58823529411765,1.4921348314606742,0.004693705925971295
170.58823529411765,1.5584269662921348,0.004438729455457584
170.58823529411765,1.6247191011235955,0.004206857983664019
170.58823529411765,1.6910112359550562,0.003995193598031623
170.58823529411765,1.7573033707865169,0.0038012956370709465
170.58823529411765,1.8235955056179776,0.0036230947890658347
170.58823529411765,1.8898876404494382,0.0034588257349159562
170.58823529411765,1.956179775280899,0.0033069738469647205
170.58823529411765,2.0224719101123596,0.0031662326516948623
170.58823529411765,2.08876404494382,0.003035469614053984
170.58823529411765,2.155056179775281,0.0029136984125359266
170.58823529411765,2.2213483146067414,0.0028000563189795953
170.58823529411765,2.2876404494382023,0.0026937856241783967
170.58823529411765,2.353932584269663,0.0025942182933699712
170.58823529411765,2.4202247191011237,0.002500763217837637
170.58823529411765,2.486516853932584,0.0024128955666228528
170.58823529411765,2.552808988764045,0.0023301478474022515
170.58823529411765,2.6191011235955055,0.0022521023663160627
170.58823529411765,2.6853932584269664,0.0021783848390322363
170.58823529411765,2.751685393258427,0.002108658954049406
170.58823529411765,2.8179775280898878,0.0020426217274673577
170.58823529411765,2.8842696629213482,0.0019799995186355066
170.58823529411765,2.950561797752809,0.0019205446000599522
170.58823529411765,3.0168539325842696,0.0018640321940946376
170.58823529411765,3.0831460674157305,0.0018102579043153865
170.58823529411765,3.149438202247191,0.001759035481882491
170.58823529411765,3.215730337078652,0.0017101948772604036
170.58823529411765,3.2820224719101123,0.0016635805358617168
170.58823529411765,3.348314606741573,0.001619049902893148
170.58823529411765,3.4146067415730337,0.0015764721081965429
170.58823529411765,3.4808988764044946,0.0015357268064296182
170.58823529411765,3.547191011235955,0.0014967031517023977
170.58823529411765,3.613483146067416,0.001459298888921675
170.58823529411765,3.6797752808988764,0.0014234195467134263
170.58823529411765,3.746067415730337,0.0013889777189856642
170.58823529411765,3.8123595505617978,0.0013558924240364984
170.58823529411765,3.878651685393258,0.0013240885316656503
170.58823529411765,3.944943820224719,0.001293496250061006
170.58823529411765,4.01123595505618,0.0012640506653460897
170.58823529411765,4.0775280898876405,0.0012356913276220626
170.58823529411765,4.143820224719101,0.0012083618781462732
170.58823529411765,4.210112359550561,0.00118200971298097
170.58823529411765,4.276404494382023,0.0011565856790386052
170.58823529411765,4.342696629213483,0.001132043798960195
170.58823529411765,4.408988764044944,0.0011083410217022239
170.58823529411765,4.475280898876404,0.0010854369960873911
170.58823529411765,4.5415730337078655,0.0010632938649028445
170.58823529411765,4.607865168539326,0.0010418760774148137
170.58823529411765,4.674157303370786,0.0010211502184164073
170.58823529411765,4.740449438202247,0.0010010848521413607
170.58823529411765,4.806741573033708,0.0009816503795653036
170.58823529411765,4.873033707865169,0.0009628189077809232
170.58823529411765,4.939325842696629,0.000944564130278315
170.58823529411765,5.00561797752809,0.0009268612170885986
170.58823529411765,5.071910112359551,0.0009096867138608597
170.58823529411765,5.138202247191011,0.0008930184490407687
170.58823529411765,5.204494382022472,0.0008768354484063741
170.58823529411765,5.270786516853932,0.0008611178562932343
170.58823529411765,5.337078651685394,0.0008458468629093297
170.58823529411765,5.403370786516854,0.0008310046372005135
170.58823529411765,5.4696629213483146,0.0008165742647809124
170.58823529411765,5.535955056179775,0.0008025396904904801
170.58823529411765,5.602247191011236,0.0007888856651844428
170.58823529411765,5.668539325842697,0.0007755976963973166
170.58823529411765,5.734831460674157,0.0007626620025581281
170.58823529411765,5.801123595505618,0.000750065470463821
170.58823529411765,5.867415730337079,0.0007377956157450101
170.58823529411765,5.9337078651685395,0.0007258405460826765
170.58823529411765,6.0,0.0007141889269562674
173.8655462184874,0.1,0.10987181306693672
173.8655462184874,0.1662921348314607,0.06340498589026539
173.8655462184874,0.23258426966292134,0.04328351801095256
173.8655462184874,0.298876404494382,0.03229013234556716
173.8655462184874,0.3651685393258427,0.025451277748511508
173.8655462184874,0.4314606741573034,0.020826844562896064
173.8655462184874,0.49775280898876406,0.01751219689325653
173.8655462184874,0.5640449438202247,0.015031833033111616
173.8655462184874,0.6303370786516854,0.013113228496950667
173.8655462184874,0.6966292134831461,0.011589597860201278
173.8655462184874,0.7629213483146068,0.01035346580676194
173.8655462184874,0.8292134831460675,0.009332630761755611
173.8655462184874,0.895505617977528,0.008476892287071436
173.8655462184874,0.9617977528089887,0.0077503253766421695
173.8655462184874,1.0280898876404494,0.007126581425095579
173.8655462184874,1.09438202247191,0.006585921683677258
173.8655462184874,1.1606741573033708,0.0061132836059135925
173.8655462184874,1.2269662921348314,0.005696984969113791
173.8655462184874,1.2932584269662921,0.005327834014999354
173.8655462184874,1.3595505617977528,0.004998505103388313
173.8655462184874,1.4258426966292135,0.004703092177602974
173.8655462184874,1.4921348314606742,0.004436783865431407
173.8655462184874,1.5584269662921348,0.004195623390290473
173.8655462184874,1.6247191011235955,0.003976328644392309
173.8655462184874,1.6910112359550562,0.003776155612398771
173.8655462184874,1.7573033707865169,0.00359279348095231
173.8655462184874,1.8235955056179776,0.0034242832129615084
173.8655462184874,1.8898876404494382,0.003268953708690852
173.8655462184874,1.956179775280899,0.003125371295130639
173.8655462184874,2.0224719101123596,0.0029922994204997417
173.8655462184874,2.08876404494382,0.002868666237360475
173.8655462184874,2.155056179775281,0.0027535383379743835
173.8655462184874,2.2213483146067414,0.002646099327583574
173.8655462184874,2.2876404494382023,0.0025456322316348818
173.8655462184874,2.353932584269663,0.002451504963431632
173.8655462184874,2.4202247191011237,0.0023631582514575507
173.8655462184874,2.486516853932584,0.0022800955562593617
173.8655462184874,2.552808988764045,0.0022018746063831923
173.8655462184874,2.6191011235955055,0.0021281002593992416
173.8655462184874,2.6853932584269664,0.0020584184532950888
173.8655462184874,2.751685393258427,0.001992511059696229
173.8655462184874,2.8179775280898878,0.0019300914866023406
173.8655462184874,2.8842696629213482,0.001870900906930564
173.8655462184874,2.950561797752809,0.0018147050118717117
173.8655462184874,3.0168539325842696,0.001761291206205952
173.8655462184874,3.0831460674157305,0.0017104661772899253
173.8655462184874,3.149438202247191,0.001662053781181863
173.8655462184874,3.215730337078652,0.0016158931989038296
173.8655462184874,3.2820224719101123,0.0015718373236068889
173.8655462184874,3.348314606741573,0.0015297513457610064
173.8655462184874,3.4146067415730337,0.0014895115087154357
173.8655462184874,3.4808988764044946,0.0014510040112861956
173.8655462184874,3.547191011235955,0.0014141240375989705
173.8655462184874,3.613483146067416,0.0013787748973855124
173.8655462184874,3.6797752808988764,0.0013448672624107678
173.8655462184874,3.746067415730337,0.0013123184867837564
173.8655462184874,3.8123595505617978,0.0012810520006498124
173.8655462184874,3.878651685393258,0.0012509967682324884
173.8655462184874,3.944943820224719,0.0012220868024369741
173.8655462184874,4.01123595505618,0.001194260729281737
173.8655462184874,4.0775280898876405,0.0011674613963223231
173.8655462184874,4.143820224719101,0.0011416355199965508
173.8655462184874,4.210112359550561,0.0011167333674749452
173.8655462184874,4.276404494382023,0.0010927084691615314
173.8655462184874,4.342696629213483,0.0010695173584726796
173.8655462184874,4.408988764044944,0.0010471193359374703
173.8655462184874,4.475280898876404,0.0010254762550222852
173.8655462184874,4.5415730337078655,0.0010045523273933528
173.8655462184874,4.607865168539326,0.0009843139456007146
173.8655462184874,4.674157303370786,0.0009647295214017615
173.8655462184874,4.740449438202247,0.0009457693381470374
173.8655462184874,4.806741573033708,0.000927405415829334
173.8655462184874,4.873033707865169,0.0009096113875534677
173.8655462184874,4.939325842696629,0.000892362386320881
173.8655462184874,5.00561797752809,0.0008756349411434755
173.8655462184874,5.071910112359551,0.000859406881606875
173.8655462184874,5.138202247191011,0.0008436572500963785
173.8655462184874,5.204494382022472,0.0008283662209812718
173.8655462184874,5.270786516853932,0.0008135150261258542
173.8655462184874,5.337078651685394,0.0007990858861599031
173.8655462184874,5.403370786516854,0.0007850619469985473
173.8655462184874,5.4696629213483146,0.0007714272211522543
173.8655462184874,5.535955056179775,0.0007581665334127669
173.8655462184874,5.602247191011236,0.0007452654705411332
173.8655462184874,5.668539325842697,0.0007327103346198967
173.8655462184874,5.734831460674157,0.0007204880997635223
173.8655462184874,5.801123595505618,0.0007085863719099815
173.8655462184874,5.867415730337079,0.0006969933514420015
173.8655462184874,5.9337078651685395,0.0006856977984097165
173.8655462184874,6.0,0.0006746890001470292
177.14285714285714,0.1,0.10486959273674364
177.14285714285714,0.1662921348314607,0.06031578677864251
177.14285714285714,0.23258426966292134,0.04110909693881829
177.14285714285714,0.298876404494382,0.030639427402948186
177.14285714285714,0.3651685393258427,0.024135430031246106
177.14285714285714,0.4314606741573034,0.019741559604247998
177.14285714285714,0.49775280898876406,0.016594307595003157
177.14285714285714,0.5640449438202247,0.014240414156401896
177.14285714285714,0.6303370786516854,0.0124203676832048
177.14285714285714,0.6966292134831461,0.010975472211491194
177.14285714285714,0.7629213483146068,0.009803529714224064
177.14285714285714,0.8292134831460675,0.008835919263833751
177.14285714285714,0.895505617977528,0.008024950458662722
177.14285714285714,0.9617977528089887,0.007336506946833462
177.14285714285714,1.0280898876404494,0.006745574440656197
177.14285714285714,1.09438202247191,0.006233418837842113
177.14285714285714,1.1606741573033708,0.005785747610930648
177.14285714285714,1.2269662921348314,0.005391478061651177
177.14285714285714,1.2932584269662921,0.005041891764938538
177.14285714285714,1.3595505617977528,0.0047300414714937025
177.14285714285714,1.4258426966292135,0.004450327027658748
177.14285714285714,1.4921348314606742,0.004198186883061015
177.14285714285714,1.5584269662921348,0.003969870171680785
177.14285714285714,1.6247191011235955,0.0037622659366422844
177.14285714285714,1.6910112359550562,0.0035727735222231393
177.14285714285714,1.7573033707865169,0.0033992030503204934
177.14285714285714,1.8235955056179776,0.0032396981719348054
177.14285714285714,1.8898876404494382,0.003092675511117327
177.14285714285714,1.956179775280899,0.002956776757571207
177.14285714285714,2.0224719101123596,0.0028308304427036948
177.14285714285714,2.08876404494382,0.002713821200087909
177.14285714285714,2.155056179775281,0.002604864862249171
177.14285714285714,2.2213483146067414,0.0025031881464486223
177.14285714285714,2.2876404494382023,0.002408111976767474
177.14285714285714,2.353932584269663,0.002319037708572821
177.14285714285714,2.4202247191011237,0.002235435685423292
177.14285714285714,2.486516853932584,0.002156835682458056
177.14285714285714,2.552808988764045,0.0020828188848362314
177.14285714285714,2.6191011235955055,0.002013011122418157
177.14285714285714,2.6853932584269664,0.0019470771380897139
177.14285714285714,2.751685393258427,0.00188471571093866
177.14285714285714,2.8179775280898878,0.0018256554898595059
177.14285714285714,2.8842696629213482,0.0017696514202930234
177.14285714285714,2.950561797752809,0.0017164816683500098
177.14285714285714,3.0168539325842696,0.0016659449637727315
177.14285714285714,3.0831460674157305,0.001617858296999687
177.14285714285714,3.149438202247191,0.00157205491674567
177.14285714285714,3.215730337078652,0.0015283825835471466
177.14285714285714,3.2820224719101123,0.0014867020420870694
177.14285714285714,3.348314606741573,0.0014468856811386717
177.14285714285714,3.4146067415730337,0.0014088163549204095
177.14285714285714,3.4808988764044946,0.001372386343740436
177.14285714285714,3.547191011235955,0.0013374964351947388
177.14285714285714,3.613483146067416,0.001304055109997938
177.14285714285714,3.6797752808988764,0.0012719778188754205
177.14285714285714,3.746067415730337,0.0012411863389129403
177.14285714285714,3.8123595505617978,0.001211608199413063
177.14285714285714,3.878651685393258,0.0011831761687017025
177.14285714285714,3.944943820224719,0.0011558277945063664
177.14285714285714,4.01123595505618,0.001129504991527236
177.14285714285714,4.0775280898876405,0.001104153670672562
177.14285714285714,4.143820224719101,0.001079723405154811
177.14285714285714,4.210112359550561,0.001056167129264384
177.14285714285714,4.276404494382023,0.0010334408661693715
177.14285714285714,4.342696629213483,0.0010115034815471788
177.14285714285714,4.408988764044944,0.0009903164602475768
177.14285714285714,4.475280898876404,0.0009698437035272479
177.14285714285714,4.5415730337078655,0.0009500513446903426
177.14285714285714,4.607865168539326,0.0009309075812252766
177.14285714285714,4.674157303370786,0.0009123825217502085
177.14285714285714,4.740449438202247,0.0008944480462733395
177.14285714285714,4.806741573033708,0.0008770776784432805
177.14285714285714,4.873033707865169,0.0008602464686126163
177.14285714285714,4.939325842696629,0.0008439308866675161
177.14285714285714,5.00561797752809,0.0008281087236900435
177.14285714285714,5.071910112359551,0.0008127590016200078
177.14285714285714,5.138202247191011,0.000797861890171435
177.14285714285714,5.204494382022472,0.0007833986303366852
177.14285714285714,5.270786516853932,0.0007693514638801021
177.14285714285714,5.337078651685394,0.0007557035682841299
177.14285714285714,5.403370786516854,0.0007424389966648961
177.14285714285714,5.4696629213483146,0.0007295426222224204
177.14285714285714,5.535955056179775,0.0007170000868333305
177.14285714285714,5.602247191011236,0.0007047977534320764
177.14285714285714,5.668539325842697,0.0006929226618607165
177.14285714285714,5.734831460674157,0.0006813624878976417
177.14285714285714,5.801123595505618,0.0006701055052028987
177.14285714285714,5.867415730337079,0.0006591405499420258
177.14285714285714,5.9337078651685395,0.0006484569878722822
177.14285714285714,6.0,0.0006380446836946628
180.42016806722688,0.1,0.10014681134746255
180.42016806722688,0.1662921348314607,0.05741626975559793
180.42016806722688,0.23258426966292134,0.039073880427865804
180.42016806722688,0.298876404494382,0.029096916384624513
180.42016806722688,0.3651685393258427,0.02290714195811339
180.42016806722688,0.4314606741573034,0.018729256467861447
180.42016806722688,0.49775280898876406,0.015738623834569903
180.42016806722688,0.5640449438202247,0.01350294994352016
180.42016806722688,0.6303370786516854,0.011774965334195734
180.42016806722688,0.6966292134831461,0.010403572945521153
180.42016806722688,0.7629213483146068,0.009291526135407752
180.42016806722688,0.8292134831460675,0.008373560266465695
180.42016806722688,0.895505617977528,0.007604335826553606
180.42016806722688,0.9617977528089887,0.006951429307028142
180.42016806722688,1.0280898876404494,0.006391074585465276
180.42016806722688,1.09438202247191,0.00590547687534372
180.42016806722688,1.1606741573033708,0.005481063284802039
180.42016806722688,1.2269662921348314,0.005107311199752518
180.42016806722688,1.2932584269662921,0.004775944240901619
180.42016806722688,1.3595505617977528,0.0044803684318772165
180.42016806722688,1.4258426966292135,0.004215269138742128
180.42016806722688,1.4921348314606742,0.003976317929604755
180.42016806722688,1.5584269662921348,0.0037599560390043025
180.42016806722688,1.6247191011235955,0.0035632321499376213
180.42016806722688,1.6910112359550562,0.0033836792996369564
180.42016806722688,1.7573033707865169,0.003219220371447616
180.42016806722688,1.8235955056179776,0.0030680947489066623
180.42016806722688,1.8898876404494382,0.0029288008260101826
180.42016806722688,1.956179775280899,0.0028000505308031637
180.42016806722688,2.0224719101123596,0.00268073304486056
180.42016806722688,2.08876404494382,0.002569885629500565
180.42016806722688,2.155056179775281,0.002466669993200488
180.42016806722688,2.2213483146067414,0.0023703530155132916
180.42016806722688,2.2876404494382023,0.0022802909227231426
180.42016806722688,2.353932584269663,0.002195916218322539
180.42016806722688,2.4202247191011237,0.0021167268271577106
180.42016806722688,2.486516853932584,0.0020422770298515235
180.42016806722688,2.552808988764045,0.0019721698538831597
180.42016806722688,2.6191011235955055,0.0019060506566696597
180.42016806722688,2.6853932584269664,0.0018436016893670945
180.42016806722688,2.751685393258427,0.001784537471702818
180.42016806722688,2.8179775280898878,0.0017286008407777036
180.42016806722688,2.8842696629213482,0.0016755595625313968
180.42016806722688,2.950561797752809,0.001625203415013297
180.42016806722688,3.0168539325842696,0.0015773416689312421
180.42016806722688,3.0831460674157305,0.0015318009040591017
180.42016806722688,3.149438202247191,0.0014884231106624748
180.42016806722688,3.215730337078652,0.0014470640336789959
180.42016806722688,3.2820224719101123,0.001407591724377432
180.42016806722688,3.348314606741573,0.0013698852699372225
180.42016806722688,3.4146067415730337,0.001333833676089245
180.42016806722688,3.4808988764044946,0.0012993348818355177
180.42016806722688,3.547191011235955,0.0012662948884775574
180.42016806722688,3.613483146067416,0.001234626987853723
180.42016806722688,3.6797752808988764,0.0012042510769146553
180.42016806722688,3.746067415730337,0.0011750930476323736
180.42016806722688,3.8123595505617978,0.001147084242806788
180.42016806722688,3.878651685393258,0.0011201609696554257
180.42016806722688,3.944943820224719,0.0010942640641897732
180.42016806722688,4.01123595505618,0.001069338500329945
180.42016806722688,4.0775280898876405,0.001045333038515326
180.42016806722688,4.143820224719101,0.001022199909256937
180.42016806722688,4.210112359550561,0.0009998945276651395
180.42016806722688,4.276404494382023,0.000978375235490839
180.42016806722688,4.342696629213483,0.00095760306765171
180.42016806722688,4.408988764044944,0.0009375415405886962
180.42016806722688,4.475280898876404,0.0009181564601205257
180.42016806722688,4.5415730337078655,0.0008994157467434651
180.42016806722688,4.607865168539326,0.0008812892765659342
180.42016806722688,4.674157303370786,0.0008637487362781353
180.42016806722688,4.740449438202247,0.0008467674907407641
180.42016806722688,4.806741573033708,0.0008303204619369265
180.42016806722688,4.873033707865169,0.0008143840181718452
180.42016806722688,4.939325842696629,0.0007989358725276751
180.42016806722688,5.00561797752809,0.0007839549896888635
180.42016806722688,5.071910112359551,0.0007694215003482616
180.42016806722688,5.138202247191011,0.0007553166224880441
180.42016806722688,5.204494382022472,0.0007416225889032128
180.42016806722688,5.270786516853932,0.0007283225804008291
180.42016806722688,5.337078651685394,0.0007154006641659627
180.42016806722688,5.403370786516854,0.0007028417368366158
180.42016806722688,5.4696629213483146,0.0006906314718755007
180.42016806722688,5.535955056179775,0.000678756270867019
180.42016806722688,5.602247191011236,0.0006672032184040401
180.42016806722688,5.668539325842697,0.0006559600402611892
180.42016806722688,5.734831460674157,0.000645015064580261
180.42016806722688,5.801123595505618,0.0006343571858190577
180.42016806722688,5.867415730337079,0.0006239758312381305
180.42016806722688,5.9337078651685395,0.000613860929720554
180.42016806722688,6.0,0.0006040028827384739
183.69747899159663,0.1,0.09568582561816392
183.69747899159663,0.1662921348314607,0.05469275683965321
183.69747899159663,0.23258426966292134,0.037167253337652216
183.69747899159663,0.298876404494382,0.027654090196018673
183.69747899159663,0.3651685393258427,0.02175939098932953
183.69747899159663,0.4314606741573034,0.017784001972111142
183.69747899159663,0.49775280898876406,0.014940038068500045
183.69747899159663,0.5640449438202247,0.012814976581888213
183.69747899159663,0.6303370786516854,0.01117307151446946
183.69747899159663,0.6966292134831461,0.009870368525339668
183.69747899159663,0.7629213483146068,0.008814269928366786
183.69747899159663,0.8292134831460675,0.00794265952951344
183.69747899159663,0.895505617977528,0.007212401473142194
183.69747899159663,0.9617977528089887,0.006592658075184767
183.69747899159663,1.0280898876404494,0.006060831843786888
183.69747899159663,1.09438202247191,0.0056000070459027215
183.69747899159663,1.1606741573033708,0.005197283984118162
183.69747899159663,1.2269662921348314,0.004842663797237203
183.69747899159663,1.2932584269662921,0.004528283346643742
183.69747899159663,1.3595505617977528,0.004247878815262254
183.69747899159663,1.4258426966292135,0.003996402340422605
183.69747899159663,1.4921348314606742,0.003769743251197226
183.69747899159663,1.5584269662921348,0.003564522189994649
183.69747899159663,1.6247191011235955,0.0033779369034466146
183.69747899159663,1.6910112359550562,0.0032076452427758466
183.69747899159663,1.7573033707865169,0.0030516753470945035
183.69747899159663,1.8235955056179776,0.002908355947091871
183.69747899159663,1.8898876404494382,0.002776261742208908
183.69747899159663,1.956179775280899,0.00265417019665404
183.69747899159663,2.0224719101123596,0.0025410270752056117
183.69747899159663,2.08876404494382,0.0024359187325107977
183.69747899159663,2.155056179775281,0.0023380496676203583
183.69747899159663,2.2213483146067414,0.002246724217658055
183.69747899159663,2.2876404494382023,0.0021613315307090035
183.69747899159663,2.353932584269663,0.0020813331556196377
183.69747899159663,2.4202247191011237,0.002006252734478696
183.69747899159663,2.486516853932584,0.0019356673954883678
183.69747899159663,2.552808988764045,0.0018692005292572688
183.69747899159663,2.6191011235955055,0.0018065156970901227
183.69747899159663,2.6853932584269664,0.0017473114705687488
183.69747899159663,2.751685393258427,0.0016913170412417972
183.69747899159663,2.8179775280898878,0.0016382884702411719
183.69747899159663,2.8842696629213482,0.0015880054721115582
183.69747899159663,2.950561797752809,0.001540268646566542
183.69747899159663,3.0168539325842696,0.001494897087396784
183.69747899159663,3.0831460674157305,0.0014517263102078743
183.69747899159663,3.149438202247191,0.0014106064507126892
183.69747899159663,3.215730337078652,0.001371400693449667
183.69747899159663,3.2820224719101123,0.0013339838974345019
183.69747899159663,3.348314606741573,0.0012982413906827306
183.69747899159663,3.4146067415730337,0.0012640679100028736
183.69747899159663,3.4808988764044946,0.001231366666141259
183.69747899159663,3.547191011235955,0.0012000485174096403
183.69747899159663,3.613483146067416,0.0011700312374623067
183.69747899159663,3.6797752808988764,0.0011412388650056018
183.69747899159663,3.746067415730337,0.0011136011249946863
183.69747899159663,3.8123595505617978,0.0010870529123613098
183.69747899159663,3.878651685393258,0.001061533830571239
183.69747899159663,3.944943820224719,0.0010369877783711588
183.69747899159663,4.01123595505618,0.0010133625789847656
183.69747899159663,4.0775280898876405,0.0009906096467831378
183.69747899159663,4.143820224719101,0.0009686836871072726
183.69747899159663,4.210112359550561,0.0009475424254789384
183.69747899159663,4.276404494382023,0.0009271463629147158
183.69747899159663,4.342696629213483,0.0009074585544694922
183.69747899159663,4.408988764044944,0.000888444408490267
183.69747899159663,4.475280898876404,0.0008700715043673708
183.69747899159663,4.5415730337078655,0.0008523094268352685
183.69747899159663,4.607865168539326,0.000835129615105198
183.69747899159663,4.674157303370786,0.0008185052253117733
183.69747899159663,4.740449438202247,0.0008024110049300786
183.69747899159663,4.806741573033708,0.0007868231779717748
183.69747899159663,4.873033707865169,0.0007717193399019333
183.69747899159663,4.939325842696629,0.0007570783613348554
183.69747899159663,5.00561797752809,0.0007428802996696601
183.69747899159663,5.071910112359551,0.0007291063179164069
183.69747899159663,5.138202247191011,0.0007157386100429928
183.69747899159663,5.204494382022472,0.00070276033224313
183.69747899159663,5.270786516853932,0.0006901555395875878
183.69747899159663,5.337078651685394,0.0006779091275759384
183.69747899159663,5.403370786516854,0.0006660067781544866
183.69747899159663,5.4696629213483146,0.0006544349098095134
183.69747899159663,5.535955056179775,0.0006431806313832928
183.69747899159663,5.602247191011236,0.0006322316992946989
183.69747899159663,5.668539325842697,0.0006215764778767472
183.69747899159663,5.734831460674157,0.0006112039025707983
183.69747899159663,5.801123595505618,0.0006011034457415314
183.69747899159663,5.867415730337079,0.000591265084898782
183.69747899159663,5.9337078651685395,0.0005816792731318949
183.69747899159663,6.0,0.0005723369115799783
186.9747899159664,0.1,0.09147015707406765
186.9747899159664,0.1662921348314607,0.05213267078600446
186.9747899159664,0.23258426966292134,0.0353795218812241
186.9747899159664,0.298876404494382,0.02630320863517579
186.9747899159664,0.3651685393258427,0.020685805248478323
186.9747899159664,0.4314606741573034,0.016900422151452023
186.9747899159664,0.49775280898876406,0.014193930172327413
186.9747899159664,0.5640449438202247,0.01217246028718988
186.9747899159664,0.6303370786516854,0.010611119644429816
186.9747899159664,0.6966292134831461,0.009372672218625196
186.9747899159664,0.7629213483146068,0.008368888470457005
186.9747899159664,0.8292134831460675,0.007540607963541772
186.9747899159664,0.895505617977528,0.006846762180596182
186.9747899159664,0.9617977528089887,0.006258000283106724
186.9747899159664,1.0280898876404494,0.005752819916678233
186.9747899159664,1.09438202247191,0.005315128760360108
186.9747899159664,1.1606741573033708,0.004932657460065587
186.9747899159664,1.2269662921348314,0.004595897404521711
186.9747899159664,1.2932584269662921,0.004297372146986003
186.9747899159664,1.3595505617977528,0.00403112673642831
186.9747899159664,1.4258426966292135,0.00379236281676859
186.9747899159664,1.4921348314606742,0.003577173341243834
186.9747899159664,1.5584269662921348,0.0033823466803103814
186.9747899159664,1.6247191011235955,0.0032052199149827094
186.9747899159664,1.6910112359550562,0.003043567544878889
186.9747899159664,1.7573033707865169,0.002895516064020513
186.9747899159664,1.8235955056179776,0.002759477680814214
186.9747899159664,1.8898876404494382,0.002634098378294061
186.9747899159664,1.956179775280899,0.0025182168364337432
186.9747899159664,2.0224719101123596,0.002410831667165997
186.9747899159664,2.08876404494382,0.002311075072209228
186.9747899159664,2.155056179775281,0.0022181915078260408
186.9747899159664,2.2213483146067414,0.002131520285298739
186.9747899159664,2.2876404494382023,0.0020504812892006333
186.9747899159664,2.353932584269663,0.0019745631835595173
186.9747899159664,2.4202247191011237,0.0019033136168853113
186.9747899159664,2.486516853932584,0.0018363310435186892
186.9747899159664,2.552808988764045,0.0017732578599159107
186.9747899159664,2.6191011235955055,0.0017137746168234703
186.9747899159664,2.6853932584269664,0.0016575951165319492
186.9747899159664,2.751685393258427,0.0016044622419833319
186.9747899159664,2.8179775280898878,0.0015541443939836807
186.9747899159664,2.8842696629213482,0.001506432436038413
186.9747899159664,2.950561797752809,0.001461137064797935
186.9747899159664,3.0168539325842696,0.001418086538848475
186.9747899159664,3.0831460674157305,0.0013771247104205923
186.9747899159664,3.149438202247191,0.0013381093141386952
186.9747899159664,3.215730337078652,0.0013009104746783465
186.9747899159664,3.2820224719101123,0.0012654094015058898
186.9747899159664,3.348314606741573,0.0012314972440356285
186.9747899159664,3.4146067415730337,0.0011990740847807007
186.9747899159664,3.4808988764044946,0.0011680480515725014
186.9747899159664,3.547191011235955,0.001138334532821973
186.9747899159664,3.613483146067416,0.0011098554822054365
186.9747899159664,3.6797752808988764,0.0010825388011687239
186.9747899159664,3.746067415730337,0.0010563177893269564
186.9747899159664,3.8123595505617978,0.0010311306542519774
186.9747899159664,3.878651685393258,0.001006920073331853
186.9747899159664,3.944943820224719,0.0009836328013950602
186.9747899159664,4.01123595505618,0.0009612193186468415
186.9747899159664,4.0775280898876405,0.0009396335141924014
186.9747899159664,4.143820224719101,0.0009188324010418338
186.9747899159664,4.210112359550561,0.0008987758590219154
186.9747899159664,4.276404494382023,0.0008794264024746789
186.9747899159664,4.342696629213483,0.0008607489700134796
186.9747899159664,4.408988764044944,0.0008427107339441617
186.9747899159664,4.475280898876404,0.0008252809272496969
186.9747899159664,4.5415730337078655,0.0008084306862885208
186.9747899159664,4.607865168539326,0.0007921329075753323
186.9747899159664,4.674157303370786,0.0007763621172029273
186.9747899159664,4.740449438202247,0.0007610943516293002
186.9747899159664,4.806741573033708,0.000746307048698613
186.9747899159664,4.873033707865169,0.0007319789478910717
186.9747899159664,4.939325842696629,0.0007180899989075411
186.9747899159664,5.00561797752809,0.0007046212777919875
186.9747899159664,5.071910112359551,0.0006915549098803429
186.9747899159664,5.138202247191011,0.0006788739989398699
186.9747899159664,5.204494382022472,0.0006665625619296195
186.9747899159664,5.270786516853932,0.0006546054688713292
186.9747899159664,5.337078651685394,0.0006429883873724173
186.9747899159664,5.403370786516854,0.0006316977313886996
186.9747899159664,5.4696629213483146,0.000620720613855754
186.9747899159664,5.535955056179775,0.0006100448028541789
186.9747899159664,5.602247191011236,0.0005996586810067147
186.9747899159664,5.668539325842697,0.0005895512078340948
186.9747899159664,5.734831460674157,0.0005797118848225439
186.9747899159664,5.801123595505618,0.0005701307229789995
186.9747899159664,5.867415730337079,0.0005607982126709198
186.9747899159664,5.9337078651685395,0.0005517052955662819
186.9747899159664,6.0,0.0005428433385059867
190.25210084033614,0.1,0.08748442120237984
190.25210084033614,0.1662921348314607,0.0497244407580518
190.25210084033614,0.23258426966292134,0.03370182579091294
190.25210084033614,0.298876404494382,0.02503722308727191
190.25210084033614,0.3651685393258427,0.019680595971025547
190.25210084033614,0.4314606741573034,0.016073642937105653
190.25210084033614,0.49775280898876406,0.013496114933338278
190.25210084033614,0.5640449438202247,0.011571750437352018
190.25210084033614,0.6303370786516854,0.010085884340490842
190.25210084033614,0.6966292134831461,0.008907603900871893
190.25210084033614,0.7629213483146068,0.007952786831030826
190.25210084033614,0.8292134831460675,0.007165049693918668
190.25210084033614,0.895505617977528,0.006505264997465673
190.25210084033614,0.9617977528089887,0.005945477126107935
190.25210084033614,1.0280898876404494,0.005465210889780959
190.25210084033614,1.09438202247191,0.005049145954912136
190.25210084033614,1.1606741573033708,0.004685603732054408
190.25210084033614,1.2269662921348314,0.00436553493257999
190.25210084033614,1.2932584269662921,0.004081825305879446
190.25210084033614,1.3595505617977528,0.0038288091289260494
190.25210084033614,1.4258426966292135,0.003601921635825592
190.25210084033614,1.4921348314606742,0.0033974463757717576
190.25210084033614,1.5584269662921348,0.0032123286867985906
190.25210084033614,1.6247191011235955,0.0030440360234695227
190.25210084033614,1.6910112359550562,0.0028904520151189247
190.25210084033614,1.7573033707865169,0.002749795158085077
190.25210084033614,1.8235955056179776,0.002620555736588145
190.25210084033614,1.8898876404494382,0.0025014463963776994
190.25210084033614,1.956179775280899,0.0023913630585237293
190.25210084033614,2.0224719101123596,0.0022893537456458515
190.25210084033614,2.08876404494382,0.0021945935210791055
190.25210084033614,2.155056179775281,0.002106364192972325
190.25210084033614,2.2213483146067414,0.0020240377635572255
190.25210084033614,2.2876404494382023,0.0019470628450280222
190.25210084033614,2.353932584269663,0.0018749534424940691
190.25210084033614,2.4202247191011237,0.0018072796385909863
190.25210084033614,2.486516853932584,0.0017436598157080313
190.25210084033614,2.552808988764045,0.0016837541290433957
190.25210084033614,2.6191011235955055,0.0016272590030345499
190.25210084033614,2.6853932584269664,0.0015739024696193005
190.25210084033614,2.751685393258427,0.001523440202551643
190.25210084033614,2.8179775280898878,0.001475652130048203
190.25210084033614,2.8842696629213482,0.0014303395301792524
190.25210084033614,2.950561797752809,0.0013873225309926586
190.25210084033614,3.0168539325842696,0.0013464379513903814
190.25210084033614,3.0831460674157305,0.0013075374300391047
190.25210084033614,3.149438202247191,0.0012704857986826574
190.25210084033614,3.215730337078652,0.0012351596635902505
190.25210084033614,3.2820224719101123,0.0012014461648745416
190.25210084033614,3.348314606741573,0.0011692418883225704
190.25210084033614,3.4146067415730337,0.0011384519084161777
190.25210084033614,3.4808988764044946,0.0011089889445464395
190.25210084033614,3.547191011235955,0.0010807726151828884
190.25210084033614,3.613483146067416,0.0010537287770502103
190.25210084033614,3.6797752808988764,0.001027788938277177
190.25210084033614,3.746067415730337,0.001002889736083825
190.25210084033614,3.8123595505617978,0.000978972470918187
190.25210084033614,3.878651685393258,0.000955982690087594
190.25210084033614,3.944943820224719,0.0009338698148882905
190.25210084033614,4.01123595505618,0.0009125868060499789
190.25210084033614,4.0775280898876405,0.0008920898630033344
190.25210084033614,4.143820224719101,0.0008723381530681438
190.25210084033614,4.210112359550561,0.0008532935671638902
190.25210084033614,4.276404494382023,0.0008349204990770544
190.25210084033614,4.342696629213483,0.0008171856456908255
190.25210084033614,4.408988764044944,0.0008000578259032288
190.25210084033614,4.475280898876404,0.0007835078162361507
190.25210084033614,4.5415730337078655,0.000767508201377076
190.25210084033614,4.607865168539326,0.0007520332381031396
190.25210084033614,4.674157303370786,0.000737058731217561
190.25210084033614,4.740449438202247,0.0007225619202859132
190.25210084033614,4.806741573033708,0.0007085213760969715
190.25210084033614,4.873033707865169,0.0006949169058930835
190.25210084033614,4.939325842696629,0.0006817294665202411
190.25210084033614,5.00561797752809,0.0006689410847405266
190.25210084033614,5.071910112359551,0.000656534784030891
190.25210084033614,5.138202247191011,0.0006444945172639263
190.25210084033614,5.204494382022472,0.0006328051047295038
190.25210084033614,5.270786516853932,0.0006214521770120878
190.25210084033614,5.337078651685394,0.0006104221222880783
190.25210084033614,5.403370786516854,0.0005997020376514156
190.25210084033614,5.4696629213483146,0.0005892796841147624
190.25210084033614,5.535955056179775,0.0005791434449682466
190.25210084033614,5.602247191011236,0.0005692822872086972
190.25210084033614,5.668539325842697,0.0005596857257799015
190.25210084033614,5.734831460674157,0.0005503437903890771
190.25210084033614,5.801123595505618,0.0005412469946867944
190.25210084033614,5.867415730337079,0.0005323863076173649
190.25210084033614,5.9337078651685395,0.0005237531267644359
190.25210084033614,6.0,0.0005153392535324445
193.52941176470588,0.1,0.08371425897430854
193.52941176470588,0.1662921348314607,0.047457416104308314
193.52941176470588,0.23258426966292134,0.03212605937684228
193.52941176470588,0.298876404494382,0.023849707638008134
193.52941176470588,0.3651685393258427,0.01873849762340862
193.52941176470588,0.4314606741573034,0.015299237759354543
193.52941176470588,0.49775280898876406,0.012842795788656722
193.52941176470588,0.5640449438202247,0.011009538360858705
193.52941176470588,0.6303370786516854,0.00959444439809231
193.52941176470588,0.6966292134831461,0.008472556559051263
193.52941176470588,0.7629213483146068,0.007563617260715188
193.52941176470588,0.8292134831460675,0.006813854106724982
193.52941176470588,0.895505617977528,0.0061859634935500386
193.52941176470588,0.9617977528089887,0.005653300142070378
193.52941176470588,1.0280898876404494,0.0051963531009798945
193.52941176470588,1.09438202247191,0.004800526450635332
193.52941176470588,1.1606741573033708,0.004454695773391956
193.52941176470588,1.2269662921348314,0.0041502425240565926
193.52941176470588,1.2932584269662921,0.0038803920225993784
193.52941176470588,1.3595505617977528,0.003639749642700788
193.52941176470588,1.4258426966292135,0.0034239695188430495
193.52941176470588,1.4921348314606742,0.0032295137759643273
193.52941176470588,1.5584269662921348,0.003053474794722728
193.52941176470588,1.6247191011235955,0.0028934421404328754
193.52941176470588,1.6910112359550562,0.0027474016408901274
193.52941176470588,1.7573033707865169,0.0026136579398167836
193.52941176470588,1.8235955056179776,0.0024907744195757702
193.52941176470588,1.8898876404494382,0.0023775261314802425
193.52941176470588,1.956179775280899,0.0022728625765490867
193.52941176470588,2.0224719101123596,0.002175878023220855
193.52941176470588,2.08876404494382,0.0020857876473766713
193.52941176470588,2.155056179775281,0.0020019082103623505
193.52941176470588,2.2213483146067414,0.0019236423035258233
193.52941176470588,2.2876404494382023,0.0018504654176347657
193.52941176470588,2.353932584269663,0.0017819152661194934
193.52941176470588,2.4202247191011237,0.0017175829188722477
193.52941176470588,2.486516853932584,0.0016571053999083945
193.52941176470588,2.552808988764045,0.0016001594757866161
193.52941176470588,2.6191011235955055,0.001546456418203614
193.52941176470588,2.6853932584269664,0.0014957375679043468
193.52941176470588,2.751685393258427,0.0014477705611143107
193.52941176470588,2.8179775280898878,0.0014023461064147714
193.52941176470588,2.8842696629213482,0.0013592752210631871
193.52941176470588,2.950561797752809,0.0013183868524957569
193.52941176470588,3.0168539325842696,0.0012795258241089116
193.52941176470588,3.0831460674157305,0.0012425510551391772
193.52941176470588,3.149438202247191,0.0012073340131113861
193.52941176470588,3.215730337078652,0.001173757364338065
193.52941176470588,3.2820224719101123,0.0011417137936646136
193.52941176470588,3.348314606741573,0.001111104969328019
193.52941176470588,3.4146067415730337,0.0010818406326362846
193.52941176470588,3.4808988764044946,0.0010538377953433992
193.52941176470588,3.547191011235955,0.0010270200302182726
193.52941176470588,3.613483146067416,0.0010013168424872479
193.52941176470588,3.6797752808988764,0.0009766631116496808
193.52941176470588,3.746067415730337,0.0009529985946901482
193.52941176470588,3.8123595505617978,0.0009302674829908123
193.52941176470588,3.878651685393258,0.0009084180063267538
193.52941176470588,3.944943820224719,0.0008874020782390618
193.52941176470588,4.01123595505618,0.0008671749778543194
193.52941176470588,4.0775280898876405,0.00084769506387677
193.52941176470588,4.143820224719101,0.0008289235170406799
193.52941176470588,4.210112359550561,0.0008108241077900977
193.52941176470588,4.276404494382023,0.0007933629863645946
193.52941176470588,4.342696629213483,0.0007765084928230938
193.52941176470588,4.408988764044944,0.0007602309848425465
193.52941176470588,4.475280898876404,0.000744502681391284
193.52941176470588,4.5415730337078655,0.0007292975206046906
193.52941176470588,4.607865168539326,0.000714591030388289
193.52941176470588,4.674157303370786,0.0007003602104452618
193.52941176470588,4.740449438202247,0.0006865834245749981
193.52941176470588,4.806741573033708,0.0006732403022199438
193.52941176470588,4.873033707865169,0.000660311648352334
193.52941176470588,4.939325842696629,0.0006477793608925035
193.52941176470588,5.00561797752809,0.0006356263549385095
193.52941176470588,5.071910112359551,0.0006238364931640249
193.52941176470588,5.138202247191011,0.0006123945218097578
193.52941176470588,5.204494382022472,0.0006012860117537231
193.52941176470588,5.270786516853932,0.0005904973041989377
193.52941176470588,5.337078651685394,0.0005800154605641873
193.52941176470588,5.403370786516854,0.0005698282162053302
193.52941176470588,5.4696629213483146,0.0005599239376316728
193.52941176470588,5.535955056179775,0.0005502915829150092
193.52941176470588,5.602247191011236,0.0005409206650183199
193.52941176470588,5.668539325842697,0.0005318012177973828
193.52941176470588,5.734831460674157,0.0005229237644519631
193.52941176470588,5.801123595505618,0.0005142792882243094
193.52941176470588,5.867415730337079,0.0005058592051614002
193.52941176470588,5.9337078651685395,0.0004976553387742667
193.52941176470588,6.0,0.0004896598964429042
196.80672268907563,0.1,0.08014627112092398
196.80672268907563,0.1662921348314607,0.04532178762391965
196.80672268907563,0.23258426966292134,0.03064480056017644
196.80672268907563,0.298876404494382,0.022734797638480436
196.80672268907563,0.3651685393258427,0.01785471476014982
196.80672268907563,0.4314606741573034,0.014573181199870158
196.80672268907563,0.49775280898876406,0.012230524003072374
196.80672268907563,0.5640449438202247,0.010482821037121908
196.80672268907563,0.6303370786516854,0.009134150233335346
196.80672268907563,0.6966292134831461,0.008065166863720063
196.80672268907563,0.7629213483146068,0.007199252411876605
196.80672268907563,0.8292134831460675,0.006485091332649159
196.80672268907563,0.895505617977528,0.005887095196289403
196.80672268907563,0.9617977528089887,0.005379850346340812
196.80672268907563,1.0280898876404494,0.004944751764140818
196.80672268907563,1.09438202247191,0.004567883891304716
196.80672268907563,1.1606741573033708,0.004238642616207289
196.80672268907563,1.2269662921348314,0.00394881370067369
196.80672268907563,1.2932584269662921,0.0036919411151631037
196.80672268907563,1.3595505617977528,0.0034628845719243016
196.80672268907563,1.4258426966292135,0.003257503533216108
196.80672268907563,1.4921348314606742,0.0030724275971447702
196.80672268907563,1.5584269662921348,0.002904887022306948
196.80672268907563,1.6247191011235955,0.002752585856874696
196.80672268907563,1.6910112359550562,0.002613605729941536
196.80672268907563,1.7573033707865169,0.0024863320300014652
196.80672268907563,1.8235955056179776,0.0023693966453491224
196.80672268907563,1.8898876404494382,0.0022616331060942426
196.80672268907563,1.956179775280899,0.002162041116762178
196.80672268907563,2.0224719101123596,0.002069758273316175
196.80672268907563,2.08876404494382,0.0019840373296652796
196.80672268907563,2.155056179775281,0.0019042277891741389
196.80672268907563,2.2213483146067414,0.001829760895028413
196.80672268907563,2.2876404494382023,0.0017601373124916406
196.80672268907563,2.353932584269663,0.0016949169587379463
196.80672268907563,2.4202247191011237,0.0016337105577794134
196.80672268907563,2.486516853932584,0.001576172590074943
196.80672268907563,2.552808988764045,0.0015219953765607344
196.80672268907563,2.6191011235955055,0.0014709040907155957
196.80672268907563,2.6853932584269664,0.0014226525339507848
196.80672268907563,2.751685393258427,0.00137701954208133
196.80672268907563,2.8179775280898878,0.0013338059160946584
196.80672268907563,2.8842696629213482,0.0012928317905223565
196.80672268907563,2.950561797752809,0.0012539343686675027
196.80672268907563,3.0168539325842696,0.001216965966669993
196.80672268907563,3.0831460674157305,0.0011817923186090784
196.80672268907563,3.149438202247191,0.001148291103084051
196.80672268907563,3.215730337078652,0.001116350658395652
196.80672268907563,3.2820224719101123,0.0010858688588919483
196.80672268907563,3.348314606741573,0.0010567521294945182
196.80672268907563,3.4146067415730337,0.0010289145790780448
196.80672268907563,3.4808988764044946,0.0010022772363939916
196.80672268907563,3.547191011235955,0.0009767673747279413
196.80672268907563,3.613483146067416,0.0009523179135578489
196.80672268907563,3.6797752808988764,0.000928866887213873
196.80672268907563,3.746067415730337,0.0009063569719918593
196.80672268907563,3.8123595505617978,0.0008847350643918609
196.80672268907563,3.878651685393258,0.0008639519041806318
196.80672268907563,3.944943820224719,0.0008439617368459433
196.80672268907563,4.01123595505618,0.000824722010747138
196.80672268907563,4.0775280898876405,0.0008061931048929237
196.80672268907563,4.143820224719101,0.0007883380838116581
196.80672268907563,4.210112359550561,0.0007711224764362573
196.80672268907563,4.276404494382023,0.0007545140763175079
196.80672268907563,4.342696629213483,0.0007384827608163048
196.80672268907563,4.408988764044944,0.0007230003272152878
196.80672268907563,4.475280898876404,0.000708040343940966
196.80672268907563,4.5415730337078655,0.0006935780153041503
196.80672268907563,4.607865168539326,0.0006795900583547854
196.80672268907563,4.674157303370786,0.0006660545906106438
196.80672268907563,4.740449438202247,0.0006529510275620181
196.80672268907563,4.806741573033708,0.000640259988978788
196.80672268907563,4.873033707865169,0.0006279632131551782
196.80672268907563,4.939325842696629,0.0006160434783227627
196.80672268907563,5.00561797752809,0.0006044845305460905
196.80672268907563,5.071910112359551,0.0005932710174889013
196.80672268907563,5.138202247191011,0.0005823884275037999
196.80672268907563,5.204494382022472,0.0005718230335555383
196.80672268907563,5.270786516853932,0.000561561841538704
196.80672268907563,5.337078651685394,0.0005515925425954062
196.80672268907563,5.403370786516854,0.000541903469078426
196.80672268907563,5.4696629213483146,0.0005324835538404708
196.80672268907563,5.535955056179775,0.0005233222925618003
196.80672268907563,5.602247191011236,0.0005144097088562931
196.80672268907563,5.668539325842697,0.0005057363219211796
196.80672268907563,5.734831460674157,0.0004972931165178625
196.80672268907563,5.801123595505618,0.0004890715150913109
196.80672268907563,5.867415730337079,0.00048106335185332154
196.80672268907563,5.9337078651685395,0.0004732608486710816
196.80672268907563,6.0,0.00046565659261677217
200.08403361344537,0.1,0.07676795541773776
200.08403361344537,0.1662921348314607,0.04330851572616817
200.08403361344537,0.23258426966292134,0.02925124705321299
200.08403361344537,0.298876404494382,0.021687134867755635
200.08403361344537,0.3651685393258427,0.017024874805231554
200.08403361344537,0.4314606741573034,0.0138918079388628
200.08403361344537,0.49775280898876406,0.011656162591961188
200.08403361344537,0.5640449438202247,0.009988869071114057
200.08403361344537,0.6303370786516854,0.008702595196906132
200.08403361344537,0.6966292134831461,0.007683289269149174
200.08403361344537,0.7629213483146068,0.006857761790596809
200.08403361344537,0.8292134831460675,0.006177010705348863
200.08403361344537,0.895505617977528,0.005607061777305803
200.08403361344537,0.9617977528089887,0.0051236599197542025
200.08403361344537,1.0280898876404494,0.004709051971864588
200.08403361344537,1.09438202247191,0.004349961905483883
200.08403361344537,1.1606741573033708,0.004036274542382091
200.08403361344537,1.2269662921348314,0.003760155472492124
200.08403361344537,1.2932584269662921,0.003515447953611539
200.08403361344537,1.3595505617977528,0.0032972505312429557
200.08403361344537,1.4258426966292135,0.0031016154415842347
200.08403361344537,1.4921348314606742,0.002925329489707503
200.08403361344537,1.5584269662921348,0.002765752340105153
200.08403361344537,1.6247191011235955,0.002620695474115651
200.08403361344537,1.6910112359550562,0.002488330411188135
200.08403361344537,1.7573033707865169,0.0023671182936189374
200.08403361344537,1.8235955056179776,0.002255755274112941
200.08403361344537,1.8898876404494382,0.0021531297353087546
200.08403361344537,1.956179775280899,0.0020582884676807792
200.08403361344537,2.0224719101123596,0.001970409700581211
200.08403361344537,2.08876404494382,0.0018887814264338808
200.08403361344537,2.155056179775281,0.0018127838498361785
200.08403361344537,2.2213483146067414,0.001741875078035757
200.08403361344537,2.2876404494382023,0.001675579378399805
200.08403361344537,2.353932584269663,0.0016134774836866455
200.08403361344537,2.4202247191011237,0.00155519854216767
200.08403361344537,2.486516853932584,0.0015004133974813704
200.08403361344537,2.552808988764045,0.0014488289500221322
200.08403361344537,2.6191011235955055,0.0014001834030543403
200.08403361344537,2.6853932584269664,0.0013542422364937788
200.08403361344537,2.751685393258427,0.0013107947822634716
200.08403361344537,2.8179775280898878,0.0012696512994113895
200.08403361344537,2.8842696629213482,0.0012306404663359072
200.08403361344537,2.950561797752809,0.0011936072226713358
200.08403361344537,3.0168539325842696,0.0011584109055246686
200.08403361344537,3.0831460674157305,0.0011249236344960728
200.08403361344537,3.149438202247191,0.0010930289077741467
200.08403361344537,3.215730337078652,0.0010626203779668423
200.08403361344537,3.2820224719101123,0.0010336007815169132
200.08403361344537,3.348314606741573,0.0010058809997946963
200.08403361344537,3.4146067415730337,0.000979379233447825
200.08403361344537,3.4808988764044946,0.0009540202744637228
200.08403361344537,3.547191011235955,0.0009297348627830738
200.08403361344537,3.613483146067416,0.0009064591162826071
200.08403361344537,3.6797752808988764,0.0008841340245980326
200.08403361344537,3.746067415730337,0.000862704998641173
200.08403361344537,3.8123595505617978,0.0008421214688275791
200.08403361344537,3.878651685393258,0.0008223365260102656
200.08403361344537,3.944943820224719,0.0008033065999432384
200.08403361344537,4.01123595505618,0.000784991170800587
200.08403361344537,4.0775280898876405,0.0007673525098739483
200.08403361344537,4.143820224719101,0.000750355446080339
200.08403361344537,4.210112359550561,0.000733967155347743
200.08403361344537,4.276404494382023,0.0007181569703190461
200.08403361344537,4.342696629213483,0.0007028962081357767
200.08403361344537,4.408988764044944,0.0006881580143394653
200.08403361344537,4.475280898876404,0.0006739172211671623
200.08403361344537,4.5415730337078655,0.0006601502187242687
200.08403361344537,4.607865168539326,0.0006468348376971165
200.08403361344537,4.674157303370786,0.0006339502424234919
200.08403361344537,4.740449438202247,0.0006214768332751693
200.08403361344537,4.806741573033708,0.0006093961574249627
200.08403361344537,4.873033707865169,0.0005976908271745113
200.08403361344537,4.939325842696629,0.000586344445109853
200.08403361344537,5.00561797752809,0.0005753415354316162
200.08403361344537,5.071910112359551,0.0005646674808768227
200.08403361344537,5.138202247191011,0.000554308464711111
200.08403361344537,5.204494382022472,0.0005442514173247517
200.08403361344537,5.270786516853932,0.0005344839670140936
200.08403361344537,5.337078651685394,0.0005249943945727601
200.08403361344537,5.403370786516854,0.0005157715913548365
200.08403361344537,5.4696629213483146,0.0005068050205059519
200.08403361344537,5.535955056179775,0.0004980846810880415
200.08403361344537,5.602247191011236,0.0004896010748503603
200.08403361344537,5.668539325842697,0.00048134517542298283
200.08403361344537,5.734831460674157,0.0004733083997304312
200.08403361344537,5.801123595505618,0.0004654825814419683
200.08403361344537,5.867415730337079,0.00045785994629223914
200.08403361344537,5.9337078651685395,0.00045043308912116073
200.08403361344537,6.0,0.00044319495249571484
203.3613445378151,0.1,0.07356764712803297
203.3613445378151,0.1662921348314607,0.04140926491801662
203.3613445378151,0.23258426966292134,0.027939158941645895
203.3613445378151,0.298876404494382,0.020701818540056743
203.3613445378151,0.3651685393258427,0.01624498604732215
203.3613445378151,0.4314606741573034,0.013251776342036564
203.3613445378151,0.49775280898876406,0.011116854389513792
203.3613445378151,0.5640449438202247,0.009525198393391481
203.3613445378151,0.6303370786516854,0.008297590256984608
203.3613445378151,0.6966292134831461,0.007324973178510603
203.3613445378151,0.7629213483146068,0.006537391012804632
203.3613445378151,0.8292134831460675,0.005888021798384289
203.3613445378151,0.895505617977528,0.005344411621073885
203.3613445378151,0.9617977528089887,0.004883396106552443
203.3613445378151,1.0280898876404494,0.0044880237561592835
203.3613445378151,1.09438202247191,0.004145620191632674
203.3613445378151,1.1606741573033708,0.003846530077097192
203.3613445378151,1.2269662921348314,0.003583276141780684
203.3613445378151,1.2932584269662921,0.0033499829905555534
203.3613445378151,1.3595505617977528,0.0031419736411773436
203.3613445378151,1.4258426966292135,0.002955481480003474
203.3613445378151,1.4921348314606742,0.0027874410160768177
203.3613445378151,1.5584269662921348,0.002635333479535247
203.3613445378151,1.6247191011235955,0.0024970712624043357
203.3613445378151,1.6910112359550562,0.0023709103067385364
203.3613445378151,1.7573033707865169,0.0022553828927659634
203.3613445378151,1.8235955056179776,0.00214924551554662
203.3613445378151,1.8898876404494382,0.002051438057653426
203.3613445378151,1.956179775280899,0.0019610515136695094
203.3613445378151,2.0224719101123596,0.0018773022562526796
203.3613445378151,2.08876404494382,0.0017995113543052875
203.3613445378151,2.155056179775281,0.001727087827917542
203.3613445378151,2.2213483146067414,0.001659514996636673
203.3613445378151,2.2876404494382023,0.0015963392773247565
203.3613445378151,2.353932584269663,0.0015371609360429847
203.3613445378151,2.4202247191011237,0.0014816264093742892
203.3613445378151,2.486516853932584,0.0014294218944457034
203.3613445378151,2.552808988764045,0.001380267970793154
203.3613445378151,2.6191011235955055,0.0013339150662617248
203.3613445378151,2.6853932584269664,0.0012901396170755905
203.3613445378151,2.751685393258427,0.001248740801764746
203.3613445378151,2.8179775280898878,0.0012095377518079177
203.3613445378151,2.8842696629213482,0.001172367160133454
203.3613445378151,2.950561797752809,0.0011370812231313095
203.3613445378151,3.0168539325842696,0.001103545863411733
203.3613445378151,3.0831460674157305,0.0010716391898414157
203.3613445378151,3.149438202247191,0.0010412501588857987
203.3613445378151,3.215730337078652,0.001012277407363574
203.3613445378151,3.2820224719101123,0.0009846282316690854
203.3613445378151,3.348314606741573,0.000958217692566962
203.3613445378151,3.4146067415730337,0.0009329678279898562
203.3613445378151,3.4808988764044946,0.0009088069590137448
203.3613445378151,3.547191011235955,0.0008856690764578974
203.3613445378151,3.613483146067416,0.0008634932974454846
203.3613445378151,3.6797752808988764,0.0008422233828369808
203.3613445378151,3.746067415730337,0.0008218073077678226
203.3613445378151,3.8123595505617978,0.0008021968786304845
203.3613445378151,3.878651685393258,0.0007833473907750438
203.3613445378151,3.944943820224719,0.0007652173219921389
203.3613445378151,4.01123595505618,0.0007477680575118328
203.3613445378151,4.0775280898876405,0.0007309636428212549
203.3613445378151,4.143820224719101,0.0007147705610895369
203.3613445378151,4.210112359550561,0.0006991575324037211
203.3613445378151,4.276404494382023,0.0006840953323752966
203.3613445378151,4.342696629213483,0.0006695566279829391
203.3613445378151,4.408988764044944,0.0006555158287805587
203.3613445378151,4.475280898876404,0.0006419489518275111
203.3613445378151,4.5415730337078655,0.0006288334988946636
203.3613445378151,4.607865168539326,0.0006161483446711557
203.3613445378151,4.674157303370786,0.0006038736348450589
203.3613445378151,4.740449438202247,0.0005919906930608038
203.3613445378151,4.806741573033708,0.0005804819358690977
203.3613445378151,4.873033707865169,0.0005693307948840038
203.3613445378151,4.939325842696629,0.0005585216454484104
203.3613445378151,5.00561797752809,0.0005480397411852205
203.3613445378151,5.071910112359551,0.0005378711538784451
203.3613445378151,5.138202247191011,0.0005280027181874025
203.3613445378151,5.204494382022472,0.0005184219807491191
203.3613445378151,5.270786516853932,0.000509117153270164
203.3613445378151,5.337078651685394,0.0005000770692497934
203.3613445378151,5.403370786516854,0.0004912911440124006
203.3613445378151,5.4696629213483146,0.0004827493377594209
203.3613445378151,5.535955056179775,0.0004744421213792901
203.3613445378151,5.602247191011236,0.0004663604447796034
203.3613445378151,5.668539325842697,0.0004584957075281815
203.3613445378151,5.734831460674157,0.00045083973161013605
203.3613445378151,5.801123595505618,0.0004433847361260943
203.3613445378151,5.867415730337079,0.00043612331377300786
203.3613445378151,5.9337078651685395,0.0004290484089635597
203.3613445378151,6.0,0.00042215329745323303
206.6386554621849,0.1,0.07053446267305895
206.6386554621849,0.1662921348314607,0.039616344086373795
206.6386554621849,0.23258426966292134,0.026702807000577804
206.6386554621849,0.298876404494382,0.019774361492437383
206.6386554621849,0.3651685393258427,0.015511400228315908
206.6386554621849,0.4314606741573034,0.012650036118643574
206.6386554621849,0.49775280898876406,0.010609993743701683
206.6386554621849,0.5640449438202247,0.00908954521242
206.6386554621849,0.6303370786516854,0.007917141618355569
206.6386554621849,0.6966292134831461,0.006988442776776384
206.6386554621849,0.7629213483146068,0.00623654349834059
206.6386554621849,0.8292134831460675,0.005616677701892667
206.6386554621849,0.895505617977528,0.005097824461085035
206.6386554621849,0.9617977528089887,0.004657847029023188
206.6386554621849,1.0280898876404494,0.004280548932977655
206.6386554621849,1.09438202247191,0.003953822269293513
206.6386554621849,1.1606741573033708,0.0036684445434393416
206.6386554621849,1.2269662921348314,0.003417274573823122
206.6386554621849,1.2932584269662921,0.0031947016738981034
206.6386554621849,1.3595505617977528,0.002996260019027813
206.6386554621849,1.4258426966292135,0.002818353371990524
206.6386554621849,1.4921348314606742,0.0026580551400542623
206.6386554621849,1.5584269662921348,0.002512960855723335
206.6386554621849,1.6247191011235955,0.0023810777805291458
206.6386554621849,1.6910112359550562,0.00226074121584824
206.6386554621849,1.7573033707865169,0.0021505503061945903
206.6386554621849,1.8235955056179776,0.002049318258318065
206.6386554621849,1.8898876404494382,0.001956033351691461
206.6386554621849,1.956179775280899,0.0018698281180653678
206.6386554621849,2.0224719101123596,0.001789954769311823
206.6386554621849,2.08876404494382,0.001715765450512101
206.6386554621849,2.155056179775281,0.001646696252778752
206.6386554621849,2.2213483146067414,0.0015822541801027794
206.6386554621849,2.2876404494382023,0.0015220064553360042
206.6386554621849,2.353932584269663,0.001465571691985089
206.6386554621849,2.4202247191011237,0.0014126125645113176
206.6386554621849,2.486516853932584,0.0013628296899284437
206.6386554621849,2.552808988764045,0.0013159564945109895
206.6386554621849,2.6191011235955055,0.00127175488627558
206.6386554621849,2.6853932584269664,0.0012300115901349674
206.6386554621849,2.751685393258427,0.001190535030848969
206.6386554621849,2.8179775280898878,0.0011531526710254533
206.6386554621849,2.8842696629213482,0.001117708728883483
206.6386554621849,2.950561797752809,0.0010840622143472687
206.6386554621849,3.0168539325842696,0.001052085233099413
206.6386554621849,3.0831460674157305,0.0010216615170970382
206.6386554621849,3.149438202247191,0.0009926851472131016
206.6386554621849,3.215730337078652,0.0009650594394677154
206.6386554621849,3.2820224719101123,0.0009386959710395382
206.6386554621849,3.348314606741573,0.0009135137261126138
206.6386554621849,3.4146067415730337,0.0008894383447894934
206.6386554621849,3.4808988764044946,0.0008664014609206364
206.6386554621849,3.547191011235955,0.000844340116869556
206.6386554621849,3.613483146067416,0.0008231962450360153
206.6386554621849,3.6797752808988764,0.0008029162074642152
206.6386554621849,3.746067415730337,0.000783450386122237
206.6386554621849,3.8123595505617978,0.0007647528174970253
206.6386554621849,3.878651685393258,0.0007467808660407837
206.6386554621849,3.944943820224719,0.0007294949317583661
206.6386554621849,4.01123595505618,0.0007128581878643136
206.6386554621849,4.0775280898876405,0.0006968363449816632
206.6386554621849,4.143820224719101,0.0006813974388180366
206.6386554621849,4.210112359550561,0.0006665116386507811
206.6386554621849,4.276404494382023,0.00065215107429263
206.6386554621849,4.342696629213483,0.0006382896795012466
206.6386554621849,4.408988764044944,0.0006249030500476523
206.6386554621849,4.475280898876404,0.0006119683148755942
206.6386554621849,4.5415730337078655,0.0005994640189720754
206.6386554621849,4.607865168539326,0.0005873700167322632
206.6386554621849,4.674157303370786,0.000575667374743839
206.6386554621849,4.740449438202247,0.0005643382830393512
206.6386554621849,4.806741573033708,0.0005533659739729862
206.6386554621849,4.873033707865169,0.0005427346479724732
206.6386554621849,4.939325842696629,0.0005324294054994842
206.6386554621849,5.00561797752809,0.0005224361846245056
206.6386554621849,5.071910112359551,0.0005127417036858989
206.6386554621849,5.138202247191011,0.0005033334085592075
206.6386554621849,5.204494382022472,0.0004941994241122936
206.6386554621849,5.270786516853932,0.00048532850946589415
206.6386554621849,5.337078651685394,0.0004767100167179129
206.6386554621849,5.403370786516854,0.0004683338528243399
206.6386554621849,5.4696629213483146,0.0004601904443602234
206.6386554621849,5.535955056179775,0.0004522707049114039
206.6386554621849,5.602247191011236,0.00044456600487195855
206.6386554621849,5.668539325842697,0.00043706814344394806
206.6386554621849,5.734831460674157,0.0004297693226554148
206.6386554621849,5.801123595505618,0.000422662123229859
206.6386554621849,5.867415730337079,0.0004157394821559575
206.6386554621849,5.9337078651685395,0.00040899467182011525
206.6386554621849,6.0,0.0004024212805770367
209.91596638655463,0.1,0.06765824653401165
209.91596638655463,0.1662921348314607,0.03792265207644387
209.91596638655463,0.23258426966292134,0.025536926145284775
209.91596638655463,0.298876404494382,0.018900650967317193
209.91596638655463,0.3651685393258427,0.01482077918278719
209.91596638655463,0.4314606741573034,0.012083799556325363
209.91596638655463,0.49775280898876406,0.010133201389004675
209.91596638655463,0.5640449438202247,0.008679843810787291
209.91596638655463,0.6303370786516854,0.007559430904932564
209.91596638655463,0.6966292134831461,0.006672079189669638
209.91596638655463,0.7629213483146068,0.005953764288508295
209.91596638655463,0.8292134831460675,0.005361660248423757
209.91596638655463,0.895505617977528,0.004866097813945464
209.91596638655463,0.9617977528089887,0.00444590916790281
209.91596638655463,1.0280898876404494,0.0040856094962067584
209.91596638655463,1.09438202247191,0.0037736246767256336
209.91596638655463,1.1606741573033708,0.0035011399717056304
209.91596638655463,1.2269662921348314,0.0032613307402613915
209.91596638655463,1.2932584269662921,0.0030488355581575893
209.91596638655463,1.3595505617977528,0.002859387401548803
209.91596638655463,1.4258426966292135,0.0026895504136725343
209.91596638655463,1.4921348314606742,0.0025365287319967953
209.91596638655463,1.5584269662921348,0.002398025455634279
209.91596638655463,1.6247191011235955,0.002272137114344338
209.91596638655463,1.6910112359550562,0.0021572736751128327
209.91596638655463,1.7573033707865169,0.00205209718570587
209.91596638655463,1.8235955056179776,0.0019554742000074403
209.91596638655463,1.8898876404494382,0.0018664385192115522
209.91596638655463,1.956179775280899,0.0017841617414622842
209.91596638655463,2.0224719101123596,0.001707929783500358
209.91596638655463,2.08876404494382,0.001637124013868392
209.91596638655463,2.155056179775281,0.001571205979114404
209.91596638655463,2.2213483146067414,0.0015097049528421896
209.91596638655463,2.2876404494382023,0.001452207719894975
209.91596638655463,2.353932584269663,0.0013983501432973838
209.91596638655463,2.4202247191011237,0.0013478101629269335
209.91596638655463,2.486516853932584,0.0013003019514506895
209.91596638655463,2.552808988764045,0.0012555710113864981
209.91596638655463,2.6191011235955055,0.001213390041926197
209.91596638655463,2.6853932584269664,0.0011735554387901936
209.91596638655463,2.751685393258427,0.0011358843173560607
209.91596638655463,2.8179775280898878,0.0011002119704503805
209.91596638655463,2.8842696629213482,0.0010663896888764514
209.91596638655463,2.950561797752809,0.0010342828859907494
209.91596638655463,3.0168539325842696,0.0010037694782085332
209.91596638655463,3.0831460674157305,0.0009747384817987307
209.91596638655463,3.149438202247191,0.0009470887931677889
209.91596638655463,3.215730337078652,0.0009207281253756818
209.91596638655463,3.2820224719101123,0.0008955720781416288
209.91596638655463,3.348314606741573,0.0008715433222895272
209.91596638655463,3.4146067415730337,0.0008485708826166747
209.91596638655463,3.4808988764044946,0.0008265895056712573
209.91596638655463,3.547191011235955,0.0008055391009963678
209.91596638655463,3.613483146067416,0.0007853642461205074
209.91596638655463,3.6797752808988764,0.0007660137470116335
209.91596638655463,3.746067415730337,0.0007474402469145764
209.91596638655463,3.8123595505617978,0.0007295998775024017
209.91596638655463,3.878651685393258,0.0007124519471236069
209.91596638655463,3.944943820224719,0.0006959586616470604
209.91596638655463,4.01123595505618,0.0006800848740169033
209.91596638655463,4.0775280898876405,0.0006647978591485623
209.91596638655463,4.143820224719101,0.0006500671112397652
209.91596638655463,4.210112359550561,0.0006358641609486524
209.91596638655463,4.276404494382023,0.0006221624102156707
209.91596638655463,4.342696629213483,0.0006089369827845746
209.91596638655463,4.408988764044944,0.0005961645887181508
209.91596638655463,4.475280898876404,0.0005838234014116602
209.91596638655463,4.5415730337078655,0.000571892945786555
209.91596638655463,4.607865168539326,0.0005603539965027266
209.91596638655463,4.674157303370786,0.0005491884851629769
209.91596638655463,4.740449438202247,0.0005383794156013481
209.91596638655463,4.806741573033708,0.0005279107864498857
209.91596638655463,4.873033707865169,0.0005177675202684843
209.91596638655463,4.939325842696629,0.0005079353986014002
209.91596638655463,5.00561797752809,0.0004984010023932544
209.91596638655463,5.071910112359551,0.0004891516572583353
209.91596638655463,5.138202247191011,0.00048017538315070664
209.91596638655463,5.204494382022472,0.0004714608480299647
209.91596638655463,5.270786516853932,0.00046299732515943886
209.91596638655463,5.337078651685394,0.00045477465371073145
209.91596638655463,5.403370786516854,0.0004467832023813222
209.91596638655463,5.4696629213483146,0.00043901383576130525
209.91596638655463,5.535955056179775,0.00043145788321121467
209.91596638655463,5.602247191011236,0.0004241071100361325
209.91596638655463,5.668539325842697,0.0004169536907619123
209.91596638655463,5.734831460674157,0.0004099901843377991
209.91596638655463,5.801123595505618,0.00040320951110628324
209.91596638655463,5.867415730337079,0.0003966049313957759
209.91596638655463,5.9337078651685395,0.00039017002560500435
209.91596638655463,6.0,0.0003838986756599208
213.19327731092437,0.1,0.06492952134274177
213.19327731092437,0.1662921348314607,0.03632162810285137
213.19327731092437,0.23258426966292134,0.024436673480627343
213.19327731092437,0.298876404494382,0.018076913473413392
213.19327731092437,0.3651685393258427,0.01417006505390078
213.19327731092437,0.4314606741573034,0.01155051590259982
213.19327731092437,0.49775280898876406,0.009684302107632834
213.19327731092437,0.5640449438202247,0.008294206832159028
213.19327731092437,0.6303370786516854,0.007222797584028536
213.19327731092437,0.6966292134831461,0.006374404674350165
213.19327731092437,0.7629213483146068,0.005687725716604712
213.19327731092437,0.8292134831460675,0.005121766938240412
213.19327731092437,0.895505617977528,0.004648134979995314
213.19327731092437,0.9617977528089887,0.004246576293275494
213.19327731092437,1.0280898876404494,0.0039022773601741544
213.19327731092437,1.09438202247191,0.0036041674268369366
213.19327731092437,1.1606741573033708,0.0033438161867170553
213.19327731092437,1.2269662921348314,0.0031146973686076943
213.19327731092437,1.2932584269662921,0.0029116844573577917
213.19327731092437,1.3595505617977528,0.0027306977508302715
213.19327731092437,1.4258426966292135,0.0025684524892011814
213.19327731092437,1.4921348314606742,0.0024222759560431797
213.19327731092437,1.5584269662921348,0.002289972564180597
213.19327731092437,1.6247191011235955,0.0021697229128600664
213.19327731092437,1.6910112359550562,0.0020600072790467757
213.19327731092437,1.7573033707865169,0.0019595469386292823
213.19327731092437,1.8235955056179776,0.001867258671386265
213.19327731092437,1.8898876404494382,0.0017822191333478296
213.19327731092437,1.956179775280899,0.001703636697566935
213.19327731092437,2.0224719101123596,0.0016308290064193957
213.19327731092437,2.08876404494382,0.0015632049340268074
213.19327731092437,2.155056179775281,0.0015002499845184565
213.19327731092437,2.2213483146067414,0.0014415143895100356
213.19327731092437,2.2876404494382023,0.0013866033427084624
213.19327731092437,2.353932584269663,0.0013351689390163552
213.19327731092437,2.4202247191011237,0.0012869034824507532
213.19327731092437,2.486516853932584,0.0012415339004224102
213.19327731092437,2.552808988764045,0.0011988170577039913
213.19327731092437,2.6191011235955055,0.0011585358062394457
213.19327731092437,2.6853932584269664,0.0011204956400661138
213.19327731092437,2.751685393258427,0.0010845218504146284
213.19327731092437,2.8179775280898878,0.0010504570962726735
213.19327731092437,2.8842696629213482,0.0010181593216509622
213.19327731092437,2.950561797752809,0.0009874999634492641
213.19327731092437,3.0168539325842696,0.0009583624039241577
213.19327731092437,3.0831460674157305,0.0009306406298671456
213.19327731092437,3.149438202247191,0.0009042380671408124
213.19327731092437,3.215730337078652,0.0008790665645201038
213.19327731092437,3.2820224719101123,0.0008550455051015098
213.19327731092437,3.348314606741573,0.0008321010270726956
213.19327731092437,3.4146067415730337,0.0008101653385347889
213.19327731092437,3.4808988764044946,0.0007891761134612806
213.19327731092437,3.547191011235955,0.0007690759578580554
213.19327731092437,3.613483146067416,0.000749811936835416
213.19327731092437,3.6797752808988764,0.0007313351546763137
213.19327731092437,3.746067415730337,0.0007136003811348739
213.19327731092437,3.8123595505617978,0.0006965657181649884
213.19327731092437,3.878651685393258,0.0006801923020926968
213.19327731092437,3.944943820224719,0.0006644440369340222
213.19327731092437,4.01123595505618,0.0006492873551432007
213.19327731092437,4.0775280898876405,0.0006346910025723279
213.19327731092437,4.143820224719101,0.000620625844846311
213.19327731092437,4.210112359550561,0.0006070646927186929
213.19327731092437,4.276404494382023,0.0005939821442838882
213.19327731092437,4.342696629213483,0.0005813544421877919
213.19327731092437,4.408988764044944,0.0005691593442082396
213.19327731092437,4.475280898876404,0.0005573760057750399
213.19327731092437,4.5415730337078655,0.0005459848731707902
213.19327731092437,4.607865168539326,0.0005349675863025617
213.19327731092437,4.674157303370786,0.0005243068900639007
213.19327731092437,4.740449438202247,0.0005139865534192641
213.19327731092437,4.806741573033708,0.0005039912954414333
213.19327731092437,4.873033707865169,0.0004943067176184469
213.19327731092437,4.939325842696629,0.00048491924182206297
213.19327731092437,5.00561797752809,0.0004758160533958895
213.19327731092437,5.071910112359551,0.00046698504887959926
213.19327731092437,5.138202247191011,0.00045841478793693605
213.19327731092437,5.204494382022472,0.00045009444910047757
213.19327731092437,5.270786516853932,0.0004420137889861677
213.19327731092437,5.337078651685394,0.0004341631046660803
213.19327731092437,5.403370786516854,0.00042653319891928246
213.19327731092437,5.4696629213483146,0.00041911534810862695
213.19327731092437,5.535955056179775,0.00041190127245611225
213.19327731092437,5.602247191011236,0.00040488310851159406
213.19327731092437,5.668539325842697,0.00039805338362936313
213.19327731092437,5.734831460674157,0.00039140499228476313
213.19327731092437,5.801123595505618,0.0003849311740787695
213.19327731092437,5.867415730337079,0.0003786254932926194
213.19327731092437,5.9337078651685395,0.00037248181986724
213.19327731092437,6.0,0.00036649431169359973
216.47058823529412,0.1,0.06233944108243354
216.47058823529412,0.1662921348314607,0.03480720656524012
216.47058823529412,0.23258426966292134,0.023397590469738817
216.47058823529412,0.298876404494382,0.017299683269476496
216.47058823529412,0.3651685393258427,0.013556453670396998
216.47058823529412,0.4314606741573034,0.011047848518247754
216.47058823529412,0.49775280898876406,0.009261304841269443
216.47058823529412,0.5640449438202247,0.007930907753144928
216.47058823529412,0.6303370786516854,0.006905723354344839
216.47058823529412,0.6966292134831461,0.0060940685878419325
216.47058823529412,0.7629213483146068,0.005437214698279448
216.47058823529412,0.8292134831460675,0.004895899349099877
216.47058823529412,0.895505617977528,0.00444293441138323
216.47058823529412,0.9617977528089887,0.004058929660932497
216.47058823529412,1.0280898876404494,0.003729705278067703
216.47058823529412,1.09438202247191,0.003444665559888031
216.47058823529412,1.1606741573033708,0.0031957429215331
216.47058823529412,1.2269662921348314,0.002976692555237584
216.47058823529412,1.2932584269662921,0.002782609504855767
216.47058823529412,1.3595505617977528,0.0026095907160677456
216.47058823529412,1.4258426966292135,0.0024544938957685933
216.47058823529412,1.4921348314606742,0.0023147624248079685
216.47058823529412,1.5584269662921348,0.002188296219304767
216.47058823529412,1.6247191011235955,0.0020733551180175296
216.47058823529412,1.6910112359550562,0.0019684856618971216
216.47058823529412,1.7573033707865169,0.0018724649416086145
216.47058823529412,1.8235955056179776,0.001784257064325089
216.47058823529412,1.8898876404494382,0.0017029790646664576
216.47058823529412,1.956179775280899,0.0016278739631713068
216.47058823529412,2.0224719101123596,0.0015582892905293517
216.47058823529412,2.08876404494382,0.001493659831899477
216.47058823529412,2.155056179775281,0.0014334936588174386
216.47058823529412,2.2213483146067414,0.0013773607437115869
216.47058823529412,2.2876404494382023,0.0013248836191126657
216.47058823529412,2.353932584269663,0.0012757296675632481
216.47058823529412,2.4202247191011237,0.0012296047210157077
216.47058823529412,2.486516853932584,0.0011862477185943944
216.47058823529412,2.552808988764045,0.0011454262249813627
216.47058823529412,2.6191011235955055,0.0011069326526651536
216.47058823529412,2.6853932584269664,0.001070581062984485
216.47058823529412,2.751685393258427,0.0010362044455791653
216.47058823529412,2.8179775280898878,0.0010036523952086582
216.47058823529412,2.8842696629213482,0.0009727891201612311
216.47058823529412,2.950561797752809,0.0009434917285887711
216.47058823529412,3.0168539325842696,0.0009156487487684004
216.47058823529412,3.0831460674157305,0.000889158847047978
216.47058823529412,3.149438202247191,0.0008639297134878313
216.47058823529412,3.215730337078652,0.0008398770902807122
216.47058823529412,3.2820224719101123,0.0008169239221600697
216.47058823529412,3.348314606741573,0.0007949996113831865
216.47058823529412,3.4146067415730337,0.0007740393626493812
216.47058823529412,3.4808988764044946,0.0007539836056010008
216.47058823529412,3.547191011235955,0.0007347774844494336
216.47058823529412,3.613483146067416,0.0007163704058428753
216.47058823529412,3.6797752808988764,0.0006987156374062033
216.47058823529412,3.746067415730337,0.0006817699504829066
216.47058823529412,3.8123595505617978,0.0006654933015327056
216.47058823529412,3.878651685393258,0.0006498485474168673
216.47058823529412,3.944943820224719,0.0006348011904610538
216.47058823529412,4.01123595505618,0.0006203191497434988
216.47058823529412,4.0775280898876405,0.000606372555530547
216.47058823529412,4.143820224719101,0.00059293356418606
216.47058823529412,4.210112359550561,0.0005799761912270204
216.47058823529412,4.276404494382023,0.0005674761604940832
216.47058823529412,4.342696629213483,0.0005554107676605804
216.47058823529412,4.408988764044944,0.0005437587565229476
216.47058823529412,4.475280898876404,0.0005325002067050996
216.47058823529412,4.5415730337078655,0.0005216164315732815
216.47058823529412,4.607865168539326,0.0005110898853002296
216.47058823529412,4.674157303370786,0.0005009040781411983
216.47058823529412,4.740449438202247,0.0004910434990921201
216.47058823529412,4.806741573033708,0.00048149354519428077
216.47058823529412,4.873033707865169,0.0004722404568321339
216.47058823529412,4.939325842696629,0.00046327125844297136
216.47058823529412,5.00561797752809,0.00045457370412049634
216.47058823529412,5.071910112359551,0.0004461362276499355
216.47058823529412,5.138202247191011,0.00043794789656148304
216.47058823529412,5.204494382022472,0.00042999836983205833
216.47058823529412,5.270786516853932,0.0004222778589036913
216.47058823529412,5.337078651685394,0.00041477709172069345
216.47058823529412,5.403370786516854,0.0004074872795178811
216.47058823529412,5.4696629213483146,0.00040040008611872476
216.47058823529412,5.535955056179775,0.0003935075995261477
216.47058823529412,5.602247191011236,0.00038680230560977306
216.47058823529412,5.668539325842697,0.00038027706371231965
216.47058823529412,5.734831460674157,0.0003739250840147293
216.47058823529412,5.801123595505618,0.00036773990651465193
216.47058823529412,5.867415730337079,0.0003617153814864566
216.47058823529412,5.9337078651685395,0.0003558456513030572
216.47058823529412,6.0,0.00035012513351070164
219.74789915966386,0.1,0.059879747293653224
219.74789915966386,0.1662921348314607,0.033373775874019414
219.74789915966386,0.23258426966292134,0.02241556879365002
219.74789915966386,0.298876404494382,0.016565774068791676
219.74789915966386,0.3651685393258427,0.012977370720670893
219.74789915966386,0.4314606741573034,0.01057365447571726
219.74789915966386,0.49775280898876406,0.008862384959470377
219.74789915966386,0.5640449438202247,0.0075883652747910585
219.74789915966386,0.6303370786516854,0.006606818256957722
219.74789915966386,0.6966292134831461,0.005829834913614715
219.74789915966386,0.7629213483146068,0.005201121440398196
219.74789915966386,0.8292134831460675,0.004683052845061093
219.74789915966386,0.895505617977528,0.0042495802760187705
219.74789915966386,0.9617977528089887,0.003882129314821746
219.74789915966386,1.0280898876404494,0.003567118787700519
219.74789915966386,1.09438202247191,0.0032944016540097493
219.74789915966386,1.1606741573033708,0.0030562528272030267
219.74789915966386,1.2269662921348314,0.0028466932192231314
219.74789915966386,1.2932584269662921,0.0026610270044377152
219.74789915966386,1.3595505617977528,0.0024955178418693967
219.74789915966386,1.4258426966292135,0.002347157874622645
219.74789915966386,1.4921348314606742,0.002213500023190332
219.74789915966386,1.5584269662921348,0.002092534302491672
219.74789915966386,1.6247191011235955,0.0019825952990271418
219.74789915966386,1.6910112359550562,0.0018822920556444418
219.74789915966386,1.7573033707865169,0.0017904543044129201
219.74789915966386,1.8235955056179776,0.0017060907855383951
219.74789915966386,1.8898876404494382,0.0016283566106689257
219.74789915966386,1.956179775280899,0.0015565274707098284
219.74789915966386,2.0224719101123596,0.0014899790773341241
219.74789915966386,2.08876404494382,0.001428170645157674
219.74789915966386,2.155056179775281,0.0013706315215515675
219.74789915966386,2.2213483146067414,0.0013169502889907084
219.74789915966386,2.2876404494382023,0.0012667658248544274
219.74789915966386,2.353932584269663,0.0012197599222765266
219.74789915966386,2.4202247191011237,0.0011756511644986439
219.74789915966386,2.486516853932584,0.0011341898122976958
219.74789915966386,2.552808988764045,0.0010951535151765917
219.74789915966386,2.6191011235955055,0.0010583436962473183
219.74789915966386,2.6853932584269664,0.0010235824910799405
219.74789915966386,2.751685393258427,0.0009907101444213715
219.74789915966386,2.8179775280898878,0.000959582787211326
219.74789915966386,2.8842696629213482,0.0009300705309348674
219.74789915966386,2.950561797752809,0.0009020558279459034
219.74789915966386,3.0168539325842696,0.0008754320556494126
219.74789915966386,3.0831460674157305,0.0008501022898545293
219.74789915966386,3.149438202247191,0.0008259782385982444
219.74789915966386,3.215730337078652,0.000802979312592254
219.74789915966386,3.2820224719101123,0.0007810318123966257
219.74789915966386,3.348314606741573,0.0007600682156558043
219.74789915966386,3.4146067415730337,0.0007400265503870429
219.74789915966386,3.4808988764044946,0.0007208498425008984
219.74789915966386,3.547191011235955,0.0007024856275463739
219.74789915966386,3.613483146067416,0.0006848855181803148
219.74789915966386,3.6797752808988764,0.0006680048201177395
219.74789915966386,3.746067415730337,0.0006518021903721481
219.74789915966386,3.8123595505617978,0.0006362393324787341
219.74789915966386,3.878651685393258,0.0006212807241383521
219.74789915966386,3.944943820224719,0.0006068933733495689
219.74789915966386,4.01123595505618,0.000593046599630051
219.74789915966386,4.0775280898876405,0.0005797118373823093
219.74789915966386,4.143820224719101,0.0005668624588459449
219.74789915966386,4.210112359550561,0.0005544736144093274
219.74789915966386,4.276404494382023,0.0005425220883373549
219.74789915966386,4.342696629213483,0.0005309861682156641
219.74789915966386,4.408988764044944,0.0005198455266216851
219.74789915966386,4.475280898876404,0.0005090811137142427
219.74789915966386,4.5415730337078655,0.0004986750595903571
219.74789915966386,4.607865168539326,0.000488610585394102
219.74789915966386,4.674157303370786,0.00047887192228060054
219.74789915966386,4.740449438202247,0.00046944423744152425
219.74789915966386,4.806741573033708,0.000460313566488247
219.74789915966386,4.873033707865169,0.00045146675156769
219.74789915966386,4.939325842696629,0.0004428913846547677
219.74789915966386,5.00561797752809,0.0004345757555259313
219.74789915966386,5.071910112359551,0.00042650880397157294
219.74789915966386,5.138202247191011,0.00041868007585194137
219.74789915966386,5.204494382022472,0.0004110796826426816
219.74789915966386,5.270786516853932,0.00040369826415266694
219.74789915966386,5.337078651685394,0.00039652695412927414
219.74789915966386,5.403370786516854,0.000389557348494924
219.74789915966386,5.4696629213483146,0.0003827814759843163
219.74789915966386,5.535955056179775,0.0003761917709744772
219.74789915966386,5.602247191011236,0.0003697810483199418
219.74789915966386,5.668539325842697,0.00036354248002353374
219.74789915966386,5.734831460674157,0.00035746957358922556
219.74789915966386,5.801123595505618,0.00035155615191809593
219.74789915966386,5.867415730337079,0.0003457963346212374
219.74789915966386,5.9337078651685395,0.00034018452063514155
219.74789915966386,6.0,0.00033471537203542853
223.0252100840336,0.1,0.057542728163196534
223.0252100840336,0.1662921348314607,0.03201614092443627
223.0252100840336,0.23258426966292134,0.021486819519275103
223.0252100840336,0.298876404494382,0.015872253609489982
223.0252100840336,0.3651685393258427,0.012430450404698304
223.0252100840336,0.4314606741573034,0.010125966317064384
223.0252100840336,0.49775280898876406,0.00848586842884892
223.0252100840336,0.5640449438202247,0.007265129403228689
223.0252100840336,0.6303370786516854,0.00632480830053566
223.0252100840336,0.6966292134831461,0.005580571156144304
223.0252100840336,0.7629213483146068,0.0049784293942467675
223.0252100840336,0.8292134831460675,0.004482307424035512
223.0252100840336,0.895505617977528,0.004067234069231213
223.0252100840336,0.9617977528089887,0.0037154063580517793
223.0252100840336,1.0280898876404494,0.0034138090564824856
223.0252100840336,1.09438202247191,0.0031527191737460614
223.0252100840336,1.1606741573033708,0.0029247352662257805
223.0252100840336,1.2269662921348314,0.0027241292913751038
223.0252100840336,1.2932584269662921,0.0025464029730921565
223.0252100840336,1.3595505617977528,0.0023879774289802705
223.0252100840336,1.4258426966292135,0.0022459717589360345
223.0252100840336,1.4921348314606742,0.0021180423166920065
223.0252100840336,1.5584269662921348,0.0020022641842630897
223.0252100840336,1.6247191011235955,0.0018970425146402042
223.0252100840336,1.6910112359550562,0.0018010453510802515
223.0252100840336,1.7573033707865169,0.001713152113912461
223.0252100840336,1.8235955056179776,0.0016324136693175297
223.0252100840336,1.8898876404494382,0.0015580210646591857
223.0252100840336,1.956179775280899,0.0014892808219503612
223.0252100840336,2.0224719101123596,0.0014255952457257726
223.0252100840336,2.08876404494382,0.0013664466020548304
223.0252100840336,2.155056179775281,0.0013113843129721372
223.0252100840336,2.2213483146067414,0.0012600145194642998
223.0252100840336,2.2876404494382023,0.0012119915195021914
223.0252100840336,2.353932584269663,0.0011670107013384409
223.0252100840336,2.4202247191011237,0.0011248026774347566
223.0252100840336,2.486516853932584,0.001085128388693451
223.0252100840336,2.552808988764045,0.0010477749976457015
223.0252100840336,2.6191011235955055,0.0010125524268442285
223.0252100840336,2.6853932584269664,0.0009792904277793229
223.0252100840336,2.751685393258427,0.0009478360882749126
223.0252100840336,2.8179775280898878,0.0009180517040664398
223.0252100840336,2.8842696629213482,0.0008898129542593576
223.0252100840336,2.950561797752809,0.000863007331473856
223.0252100840336,3.0168539325842696,0.0008375327863449132
223.0252100840336,3.0831460674157305,0.0008132965531579794
223.0252100840336,3.149438202247191,0.0007902141291355814
223.0252100840336,3.215730337078652,0.0007682083845378714
223.0252100840336,3.2820224719101123,0.0007472087845245295
223.0252100840336,3.348314606741573,0.0007271507068203982
223.0252100840336,3.4146067415730337,0.0007079748417696101
223.0252100840336,3.4808988764044946,0.0006896266634598109
223.0252100840336,3.547191011235955,0.0006720559623342253
223.0252100840336,3.613483146067416,0.0006552164311524756
223.0252100840336,3.6797752808988764,0.0006390652973648567
223.0252100840336,3.746067415730337,0.0006235629959724531
223.0252100840336,3.8123595505617978,0.0006086728777919097
223.0252100840336,3.878651685393258,0.0005943609487569271
223.0252100840336,3.944943820224719,0.0005805956364913049
223.0252100840336,4.01123595505618,0.0005673475808995759
223.0252100840336,4.0775280898876405,0.0005545894459558091
223.0252100840336,4.143820224719101,0.0005422957502417421
223.0252100840336,4.210112359550561,0.00053044271410215
223.0252100840336,4.276404494382023,0.0005190081215570649
223.0252100840336,4.342696629213483,0.0005079711953436718
223.0252100840336,4.408988764044944,0.00049731248366191
223.0252100840336,4.475280898876404,0.00048701375737132885
223.0252100840336,4.5415730337078655,0.00047705791653704447
223.0252100840336,4.607865168539326,0.00046742890535298506
223.0252100840336,4.674157303370786,0.00045811163458390206
223.0252100840336,4.740449438202247,0.0004490919107663328
223.0252100840336,4.806741573033708,0.00044035637149488594
223.0252100840336,4.873033707865169,0.0004318924261954991
223.0252100840336,4.939325842696629,0.0004236882018534477
223.0252100840336,5.00561797752809,0.0004157324932217405
223.0252100840336,5.071910112359551,0.000408014717086627
223.0252100840336,5.138202247191011,0.000400524870211793
223.0252100840336,5.204494382022472,0.00039325349062246695
223.0252100840336,5.270786516853932,0.00038619162192575154
223.0252100840336,5.337078651685394,0.00037933078039447077
223.0252100840336,5.403370786516854,0.00037266292456937316
223.0252100840336,5.4696629213483146,0.0003661804271589918
223.0252100840336,5.535955056179775,0.0003598760490381556
223.0252100840336,5.602247191011236,0.0003537429151655643
223.0252100840336,5.668539325842697,0.0003477744922581224
223.0252100840336,5.734831460674157,0.0003419645680751156
223.0252100840336,5.801123595505618,0.00033630723217919134
223.0252100840336,5.867415730337079,0.0003307968580534324
223.0252100840336,5.9337078651685395,0.00032542808646492176
223.0252100840336,6.0,0.0003201958099751779
226.30252100840337,0.1,0.055321180361399096
226.30252100840337,0.1662921348314607,0.030729488887879106
226.30252100840337,0.23258426966292134,0.020607845234162495
226.30252100840337,0.298876404494382,0.015216420777113146
226.30252100840337,0.3651685393258427,0.011913516283521799
226.30252100840337,0.4314606741573034,0.009702975721789983
226.30252100840337,0.49775280898876406,0.008130217659932003
226.30252100840337,0.5640449438202247,0.006959869018940961
226.30252100840337,0.6303370786516854,0.006058524419429568
226.30252100840337,0.6966292134831461,0.005345238438460259
226.30252100840337,0.7629213483146068,0.00476820630213854
226.30252100840337,0.8292134831460675,0.004292819565296269
226.30252100840337,0.895505617977528,0.0038951271449331444
226.30252100840337,0.9617977528089887,0.003558056073527691
226.30252100840337,1.0280898876404494,0.0032691265148631315
226.30252100840337,1.09438202247191,0.0030190165531541664
226.30252100840337,1.1606741573033708,0.0028006307927355306
226.30252100840337,1.2269662921348314,0.002608478547328623
226.30252100840337,1.2932584269662921,0.0024382482895369045
226.30252100840337,1.3595505617977528,0.0022865099662451823
226.30252100840337,1.4258426966292135,0.0021505026616629097
226.30252100840337,1.4921348314606742,0.00202798047131098
226.30252100840337,1.5584269662921348,0.0019170988553201724
226.30252100840337,1.6247191011235955,0.0018163296373255838
226.30252100840337,1.6910112359550562,0.0017243965989764316
226.30252100840337,1.7573033707865169,0.0016402260980466913
226.30252100840337,1.8235955056179776,0.001562908791682307
226.30252100840337,1.8898876404494382,0.0014916696688214947
226.30252100840337,1.956179775280899,0.00142584436991417
226.30252100840337,2.0224719101123596,0.0013648603136811985
226.30252100840337,2.08876404494382,0.0013082215347228097
226.30252100840337,2.155056179775281,0.001255496411538594
226.30252100840337,2.2213483146067414,0.0012063076648056437
226.30252100840337,2.2876404494382023,0.0011603241528050634
226.30252100840337,2.353932584269663,0.0011172540999343564
226.30252100840337,2.4202247191011237,0.0010768394758771146
226.30252100840337,2.486516853932584,0.0010388513046565738
226.30252100840337,2.552808988764045,0.0010030857297536064
226.30252100840337,2.6191011235955055,0.0009693606975095379
226.30252100840337,2.6853932584269664,0.0009375131489016642
226.30252100840337,2.751685393258427,0.0009073966314787211
226.30252100840337,2.8179775280898878,0.0008788792602525054
226.30252100840337,2.8842696629213482,0.0008518419697577613
226.30252100840337,2.950561797752809,0.0008261770101376867
226.30252100840337,3.0168539325842696,0.0008017866486073628
226.30252100840337,3.0831460674157305,0.0007785820444626114
226.30252100840337,3.149438202247191,0.000756482271298116
226.30252100840337,3.215730337078652,0.0007354134645525477
226.30252100840337,3.2820224719101123,0.0007153080761250745
226.30252100840337,3.348314606741573,0.0006961042207735635
226.30252100840337,3.4146067415730337,0.0006777451014409396
226.30252100840337,3.4808988764044946,0.0006601785026654619
226.30252100840337,3.547191011235955,0.0006433563428942974
226.30252100840337,3.613483146067416,0.0006272342779025795
226.30252100840337,3.6797752808988764,0.0006117713486735346
226.30252100840337,3.746067415730337,0.000596929668060884
226.30252100840337,3.8123595505617978,0.0005826741413655895
226.30252100840337,3.878651685393258,0.0005689722166424847
226.30252100840337,3.944943820224719,0.0005557936611297645
226.30252100840337,4.01123595505618,0.0005431103606841958
226.30252100840337,4.0775280898876405,0.0005308961395210661
226.30252100840337,4.143820224719101,0.000519126597913092
226.30252100840337,4.210112359550561,0.0005077789658058593
226.30252100840337,4.276404494382023,0.0004968319705676664
226.30252100840337,4.342696629213483,0.00048626571731514635
226.30252100840337,4.408988764044944,0.00047606158044868825
226.30252100840337,4.475280898876404,0.0004662021051979756
226.30252100840337,4.5415730337078655,0.00045667091812191015
226.30252100840337,4.607865168539326,0.00044745264563207735
226.30252100840337,4.674157303370786,0.00043853283971738406
226.30252100840337,4.740449438202247,0.00042989791014213597
226.30252100840337,4.806741573033708,0.0004215350624722631
226.30252100840337,4.873033707865169,0.0004134322413566632
226.30252100840337,4.939325842696629,0.0004055780785538048
226.30252100840337,5.00561797752809,0.00039796184524933716
226.30252100840337,5.071910112359551,0.0003905734082592114
226.30252100840337,5.138202247191011,0.00038340318975592125
226.30252100840337,5.204494382022472,0.0003764421301933673
226.30252100840337,5.270786516853932,0.00036968165413947584
226.30252100840337,5.337078651685394,0.0003631136387554088
226.30252100840337,5.403370786516854,0.0003567303846865482
226.30252100840337,5.4696629213483146,0.00035052458915385115
226.30252100840337,5.535955056179775,0.00034448932105504503
226.30252100840337,5.602247191011236,0.00033861799790361514
226.30252100840337,5.668539325842697,0.0003329043644501408
226.30252100840337,5.734831460674157,0.0003273424728453216
226.30252100840337,5.801123595505618,0.00032192666421722847
226.30252100840337,5.867415730337079,0.00031665155154719565
226.30252100840337,5.9337078651685395,0.0003115120037394138
226.30252100840337,6.0,0.0003065031307887597
229.57983193277312,0.1,0.05320837348670919
229.57983193277312,0.1662921348314607,0.02950935801812163
229.57983193277312,0.23258426966292134,0.01977541484302782
229.57983193277312,0.298876404494382,0.014595785002265691
229.57983193277312,0.3651685393258427,0.011424564079962044
229.57983193277312,0.4314606741573034,0.00930301886600207
229.57983193277312,0.49775280898876406,0.007794018836862296
229.57983193277312,0.5640449438202247,0.00667136075988299
229.57983193277312,0.6303370786516854,0.005806892606832214
229.57983193277312,0.6966292134831461,0.005122882659295011
229.57983193277312,0.7629213483146068,0.004569596206384978
229.57983193277312,0.8292134831460675,0.004113814956557684
229.57983193277312,0.895505617977528,0.003732554055160146
229.57983193277312,0.9617977528089887,0.0034094317911960615
229.57983193277312,1.0280898876404494,0.003132475182366225
229.57983193277312,1.09438202247191,0.00289274192391528
229.57983193277312,1.1606741573033708,0.002683426235513225
229.57983193277312,1.2269662921348314,0.002499262005833623
229.57983193277312,1.2932584269662921,0.0023361143742193424
229.57983193277312,1.3595505617977528,0.0021906940636521703
229.57983193277312,1.4258426966292135,0.002060353636968702
229.57983193277312,1.4921348314606742,0.0019429396220099818
229.57983193277312,1.5584269662921348,0.001836683483455988
229.57983193277312,1.6247191011235955,0.0017401200823392812
229.57983193277312,1.6910112359550562,0.0016520258969730743
229.57983193277312,1.7573033707865169,0.0015713716578464934
229.57983193277312,1.8235955056179776,0.001497285636268128
229.57983193277312,1.8898876404494382,0.0014290249039183274
229.57983193277312,1.956179775280899,0.0013659526233805236
229.57983193277312,2.0224719101123596,0.0013075199494805762
229.57983193277312,2.08876404494382,0.0012532514898060424
229.57983193277312,2.155056179775281,0.0012027335373659513
229.57983193277312,2.2213483146067414,0.0011556044805143917
229.57983193277312,2.2876404494382023,0.0011115469363345547
229.57983193277312,2.353932584269663,0.0010702812582933873
229.57983193277312,2.4202247191011237,0.0010315601472881556
229.57983193277312,2.486516853932584,0.0009951641543487104
229.57983193277312,2.552808988764045,0.0009608979082977003
229.57983193277312,2.6191011235955055,0.0009285869362391218
229.57983193277312,2.6853932584269664,0.0008980749714739258
229.57983193277312,2.751685393258427,0.0008692216642531162
229.57983193277312,2.8179775280898878,0.0008419006270911211
229.57983193277312,2.8842696629213482,0.000815997759228467
229.57983193277312,2.950561797752809,0.0007914098050414265
229.57983193277312,3.0168539325842696,0.0007680431093425752
229.57983193277312,3.0831460674157305,0.0007458125390516146
229.57983193277312,3.149438202247191,0.0007246405459860719
229.57983193277312,3.215730337078652,0.000704456349792506
229.57983193277312,3.2820224719101123,0.0006851952235160125
229.57983193277312,3.348314606741573,0.0006667978671497963
229.57983193277312,3.4146067415730337,0.0006492098568423539
229.57983193277312,3.4808988764044946,0.000632381159366218
229.57983193277312,3.547191011235955,0.0006162657030473656
229.57983193277312,3.613483146067416,0.0006008209976800199
229.57983193277312,3.6797752808988764,0.0005860077970574879
229.57983193277312,3.746067415730337,0.0005717897986752728
229.57983193277312,3.8123595505617978,0.0005581333759402778
229.57983193277312,3.878651685393258,0.0005450073388748816
229.57983193277312,3.944943820224719,0.000532382719858519
229.57983193277312,4.01123595505618,0.0005202325814187234
229.57983193277312,4.0775280898876405,0.0005085318434828031
229.57983193277312,4.143820224719101,0.0004972571278415859
229.57983193277312,4.210112359550561,0.00048638661786766805
229.57983193277312,4.276404494382023,0.0004758999317799412
229.57983193277312,4.342696629213483,0.0004657780079605488
229.57983193277312,4.408988764044944,0.0004560030010149957
229.57983193277312,4.475280898876404,0.0004465581874255934
229.57983193277312,4.5415730337078655,0.00043742787978638724
229.57983193277312,4.607865168539326,0.0004285973487273854
229.57983193277312,4.674157303370786,0.0004200527517399587
229.57983193277312,4.740449438202247,0.0004117810682058996
229.57983193277312,4.806741573033708,0.00040377004001171884
229.57983193277312,4.873033707865169,0.0003960081171989927
229.57983193277312,4.939325842696629,0.0003884844081620998
229.57983193277312,5.00561797752809,0.00038118863395801805
229.57983193277312,5.071910112359551,0.0003741110863395821
229.57983193277312,5.138202247191011,0.00036724258916485605
229.57983193277312,5.204494382022472,0.00036057446287168353
229.57983193277312,5.270786516853932,0.00035409849173866553
229.57983193277312,5.337078651685394,0.0003478068936822254
229.57983193277312,5.403370786516854,0.00034169229236480033
229.57983193277312,5.4696629213483146,0.0003357476914115339
229.57983193277312,5.535955056179775,0.000329966450552872
229.57983193277312,5.602247191011236,0.0003243422635282071
229.57983193277312,5.668539325842697,0.0003188691376016079
229.57983193277312,5.734831460674157,0.00031354137455482403
229.57983193277312,5.801123595505618,0.0003083535530354309
229.57983193277312,5.867415730337079,0.0003033005121493746
229.57983193277312,5.9337078651685395,0.0002983773361972913
229.57983193277312,6.0,0.00029357934046319467
232.85714285714286,0.1,0.05119801697323495
232.85714285714286,0.1662921348314607,0.02835160919701035
232.85714285714286,0.23258426966292134,0.018986540753779462
232.85714285714286,0.298876404494382,0.014008047688187976
232.85714285714286,0.3651685393258427,0.010961746213835768
232.85714285714286,0.4314606741573034,0.008924563281288395
232.85714285714286,0.49775280898876406,0.007475970559579174
232.85714285714286,0.5640449438202247,0.006398479065918903
232.85714285714286,0.6303370786516854,0.00556892508547449
232.85714285714286,0.6966292134831461,0.004912626585014412
232.85714285714286,0.7629213483146068,0.004381812306664691
232.85714285714286,0.8292134831460675,0.003944581996007795
232.85714285714286,0.895505617977528,0.0035788666014805385
232.85714285714286,0.9617977528089887,0.003268939412484271
232.85714285714286,1.0280898876404494,0.003003307603042671
232.85714285714286,1.09438202247191,0.002773388410810815
232.85714285714286,1.1606741573033708,0.002572650311103677
232.85714285714286,1.2269662921348314,0.0023960398239397237
232.85714285714286,1.2932584269662921,0.00223958933644822
232.85714285714286,1.3595505617977528,0.0021001428257024046
232.85714285714286,1.4258426966292135,0.0019751602577358675
232.85714285714286,1.4921348314606742,0.0018625756352299166
232.85714285714286,1.5584269662921348,0.0017606923444214604
232.85714285714286,1.6247191011235955,0.0016681048923600076
232.85714285714286,1.6910112359550562,0.0015836396151489166
232.85714285714286,1.7573033707865169,0.0015063092225893126
232.85714285714286,1.8235955056179776,0.0014352775689839715
232.85714285714286,1.8898876404494382,0.0013698320744589432
232.85714285714286,1.956179775280899,0.0013093619345143608
232.85714285714286,2.0224719101123596,0.0012533407545590922
232.85714285714286,2.08876404494382,0.0012013126000139567
232.85714285714286,2.155056179775281,0.0011528807065775304
232.85714285714286,2.2213483146067414,0.0011076982797168715
232.85714285714286,2.2876404494382023,0.001065460947862726
232.85714285714286,2.353932584269663,0.0010259005342024433
232.85714285714286,2.4202247191011237,0.000988779887127724
232.85714285714286,2.486516853932584,0.0009538885661569688
232.85714285714286,2.552808988764045,0.0009210392233767219
232.85714285714286,2.6191011235955055,0.0008900645536209328
232.85714285714286,2.6853932584269664,0.0008608147122566548
232.85714285714286,2.751685393258427,0.0008331551194160043
232.85714285714286,2.8179775280898878,0.0008069645851670887
232.85714285714286,2.8842696629213482,0.0007821337024624444
232.85714285714286,2.950561797752809,0.0007585634644989671
232.85714285714286,3.0168539325842696,0.0007361640709393723
232.85714285714286,3.0831460674157305,0.0007148538937159469
232.85714285714286,3.149438202247191,0.0006945585781937235
232.85714285714286,3.215730337078652,0.0006752102595677677
232.85714285714286,3.2820224719101123,0.0006567468777054779
232.85714285714286,3.348314606741573,0.0006391115763729166
232.85714285714286,3.4146067415730337,0.0006222521750252419
232.85714285714286,3.4808988764044946,0.0006061207031892253
232.85714285714286,3.547191011235955,0.0005906729889961189
232.85714285714286,3.613483146067416,0.000575868294694757
232.85714285714286,3.6797752808988764,0.0005616689930357147
232.85714285714286,3.746067415730337,0.0005480402793051533
232.85714285714286,3.8123595505617978,0.0005349499145328587
232.85714285714286,3.878651685393258,0.000522367996027309
232.85714285714286,3.944943820224719,0.0005102667519217558
232.85714285714286,4.01123595505618,0.000498620356865562
232.85714285714286,4.0775280898876405,0.00048740476637790204
232.85714285714286,4.143820224719101,0.0004765975677073117
232.85714285714286,4.210112359550561,0.00046617784531968536
232.85714285714286,4.276404494382023,0.000456126059376475
232.85714285714286,4.342696629213483,0.0004464239357704302
232.85714285714286,4.408988764044944,0.0004370543664632853
232.85714285714286,4.475280898876404,0.00042800131902269553
232.85714285714286,4.5415730337078655,0.00041924975438805724
232.85714285714286,4.607865168539326,0.00041078555200964
232.85714285714286,4.674157303370786,0.0004025954416052153
232.85714285714286,4.740449438202247,0.00039466694086529415
232.85714285714286,4.806741573033708,0.0003869882985139481
232.85714285714286,4.873033707865169,0.00037954844219854395
232.85714285714286,4.939325842696629,0.00037233693073982215
232.85714285714286,5.00561797752809,0.00036534391032484856
232.85714285714286,5.071910112359551,0.0003585600742702171
232.85714285714286,5.138202247191011,0.00035197662602240546
232.85714285714286,5.204494382022472,0.0003455852450971592
232.85714285714286,5.270786516853932,0.00033937805569055757
232.85714285714286,5.337078651685394,0.0003333475977217794
232.85714285714286,5.403370786516854,0.00032748680009178676
232.85714285714286,5.4696629213483146,0.00032178895596368776
232.85714285714286,5.535955056179775,0.0003162476998896533
232.85714285714286,5.602247191011236,0.00031085698662633985
232.85714285714286,5.668539325842697,0.0003056110714959652
232.85714285714286,5.734831460674157,0.0003005044921637822
232.85714285714286,5.801123595505618,0.0002955320517148447
232.85714285714286,5.867415730337079,0.0002906888029238697
232.85714285714286,5.9337078651685395,0.00028597003362172994
232.85714285714286,6.0,0.00028137125307092537
236.1344537815126,0.1,0.049284229316807635
236.1344537815126,0.1662921348314607,0.027252399968902496
236.1344537815126,0.23258426966292134,0.018238458209894542
236.1344537815126,0.298876404494382,0.013451085451226868
236.1344537815126,0.3651685393258427,0.0105233578808083
236.1344537815126,0.4314606741573034,0.008566196045105529
236.1344537815126,0.49775280898876406,0.007174873649289742
236.1344537815126,0.5640449438202247,0.006140187251238287
236.1344537815126,0.6303370786516854,0.005343712395803587
236.1344537815126,0.6966292134831461,0.0047136627674908655
236.1344537815126,0.7629213483146068,0.004204130566509113
236.1344537815126,0.8292134831460675,0.003784465978223357
236.1344537815126,0.895505617977528,0.0034334685143197403
236.1344537815126,0.9617977528089887,0.0031360325141899957
236.1344537815126,1.0280898876404494,0.002881120318058591
236.1344537815126,1.09438202247191,0.0026604899271131226
236.1344537815126,1.1606741573033708,0.002467869703887874
236.1344537815126,1.2269662921348314,0.002298407629774614
236.1344537815126,1.2932584269662921,0.00214829453281751
236.1344537815126,1.3595505617977528,0.0020145006123947796
236.1344537815126,1.4258426966292135,0.001894587559271128
236.1344537815126,1.4921348314606742,0.0017865722181579448
236.1344537815126,1.5584269662921348,0.0016888260818167954
236.1344537815126,1.6247191011235955,0.0016000001349289643
236.1344537815126,1.6910112359550562,0.0015189679195054537
236.1344537815126,1.7573033707865169,0.0014447818891570189
236.1344537815126,1.8235955056179776,0.0013766395842120963
236.1344537815126,1.8898876404494382,0.0013138571536870204
236.1344537815126,1.956179775280899,0.001255848435432082
236.1344537815126,2.0224719101123596,0.001202108285173492
236.1344537815126,2.08876404494382,0.0011521991850491084
236.1344537815126,2.155056179775281,0.0011057404062140943
236.1344537815126,2.2213483146067414,0.0010623991772664109
236.1344537815126,2.2876404494382023,0.0010218834402968794
236.1344537815126,2.353932584269663,0.000983935872801739
236.1344537815126,2.4202247191011237,0.0009483289258761815
236.1344537815126,2.486516853932584,0.000914860683614822
236.1344537815126,2.552808988764045,0.0008833513901507464
236.1344537815126,2.6191011235955055,0.0008536405226183838
236.1344537815126,2.6853932584269664,0.0008255843129534557
236.1344537815126,2.751685393258427,0.0007990536406179274
236.1344537815126,2.8179775280898878,0.0007739322333663315
236.1344537815126,2.8842696629213482,0.0007501151250223844
236.1344537815126,2.950561797752809,0.0007275073286388581
236.1344537815126,3.0168539325842696,0.0007060226909172526
236.1344537815126,3.0831460674157305,0.0006855828997833383
236.1344537815126,3.149438202247191,0.000666116621868718
236.1344537815126,3.215730337078652,0.0006475587505819669
236.1344537815126,3.2820224719101123,0.0006298497486551888
236.1344537815126,3.348314606741573,0.0006129350716706759
236.1344537815126,3.4146067415730337,0.0005967646612234467
236.1344537815126,3.4808988764044946,0.0005812924981490796
236.1344537815126,3.547191011235955,0.0005664762077151535
236.1344537815126,3.613483146067416,0.0005522767098951127
236.1344537815126,3.6797752808988764,0.0005386579088615455
236.1344537815126,3.746067415730337,0.0005255864166881692
236.1344537815126,3.8123595505617978,0.0005130313069654607
236.1344537815126,3.878651685393258,0.0005009638946380544
236.1344537815126,3.944943820224719,0.0004893575388817278
236.1344537815126,4.01123595505618,0.0004781874662699319
236.1344537815126,4.0775280898876405,0.00046743061184724243
236.1344537815126,4.143820224719101,0.00045706547604037936
236.1344537815126,4.210112359550561,0.00044707199560520093
236.1344537815126,4.276404494382023,0.0004374314270377209
236.1344537815126,4.342696629213483,0.00042812624107435327
236.1344537815126,4.408988764044944,0.0004191400270766313
236.1344537815126,4.475280898876404,0.00041045740624224967
236.1344537815126,4.5415730337078655,0.0004020639527113884
236.1344537815126,4.607865168539326,0.00039394612174732804
236.1344537815126,4.674157303370786,0.0003860911842661733
236.1344537815126,4.740449438202247,0.000378487167073858
236.1344537815126,4.806741573033708,0.00037112279824142987
236.1344537815126,4.873033707865169,0.0003639874571132885
236.1344537815126,4.939325842696629,0.0003570711284987795
236.1344537815126,5.00561797752809,0.0003503643606466017
236.1344537815126,5.071910112359551,0.0003438582266444938
236.1344537815126,5.138202247191011,0.0003375442889246339
236.1344537815126,5.204494382022472,0.0003314145665886803
236.1344537815126,5.270786516853932,0.00032546150529597773
236.1344537815126,5.337078651685394,0.0003196779494846595
236.1344537815126,5.403370786516854,0.0003140571167186396
236.1344537815126,5.4696629213483146,0.00030859257397410983
236.1344537815126,5.535955056179775,0.0003032782156975556
236.1344537815126,5.602247191011236,0.0002981082434836205
236.1344537815126,5.668539325842697,0.0002930771472358048
236.1344537815126,5.734831460674157,0.00028817968768595035
236.1344537815126,5.801123595505618,0.00028341088016019933
236.1344537815126,5.867415730337079,0.0002787659794895093
236.1344537815126,5.9337078651685395,0.0002742404659722028
236.1344537815126,6.0,0.0002698300323044473
239.41176470588235,0.1,0.047461509477127975
239.41176470588235,0.1662921348314607,0.026208160835991836
239.41176470588235,0.23258426966292134,0.017528606551985994
239.41176470588235,0.298876404494382,0.012922934981940946
239.41176470588235,0.3651685393258427,0.010107824506594384
239.41176470588235,0.4314606741573034,0.00822661315485747
239.41176470588235,0.49775280898876406,0.006889621986402818
239.41176470588235,0.5640449438202247,0.005895529488023058
239.41176470588235,0.6303370786516854,0.005130416296678668
239.41176470588235,0.6966292134831461,0.004525247192861826
239.41176470588235,0.7629213483146068,0.004035883982267063
239.41176470588235,0.8292134831460675,0.0036328638845528503
239.41176470588235,0.895505617977528,0.00329581068703276
239.41176470588235,0.9617977528089887,0.0030102079641027247
239.41176470588235,1.0280898876404494,0.002765449812485707
239.41176470588235,1.09438202247191,0.0025536174111881037
239.41176470588235,1.1606741573033708,0.0023686855581709332
239.41176470588235,1.2269662921348314,0.002205993241340395
239.41176470588235,1.2932584269662921,0.002061881488371451
239.41176470588235,1.3595505617977528,0.0019334401420046728
239.41176470588235,1.4258426966292135,0.0018183273058699058
239.41176470588235,1.4921348314606742,0.0017146383336603661
239.41176470588235,1.5584269662921348,0.001620809256978169
239.41176470588235,1.6247191011235955,0.0015355445755521138
239.41176470588235,1.6910112359550562,0.0014577625579596076
239.41176470588235,1.7573033707865169,0.0013865533117930692
239.41176470588235,1.8235955056179776,0.001321146290227465
239.41176470588235,1.8898876404494382,0.0012608848574387958
239.41176470588235,1.956179775280899,0.0012052061940334997
239.41176470588235,2.0224719101123596,0.0011536252844007227
239.41176470588235,2.08876404494382,0.0011057220545383738
239.41176470588235,2.155056179775281,0.0010611309633649754
239.41176470588235,2.2213483146067414,0.0010195325207823147
239.41176470588235,2.2876404494382023,0.0009806463307228354
239.41176470588235,2.353932584269663,0.000944225350072652
239.41176470588235,2.4202247191011237,0.0009100511237125791
239.41176470588235,2.486516853932584,0.0008779298082883099
239.41176470588235,2.552808988764045,0.0008476888371962355
239.41176470588235,2.6191011235955055,0.0008191741098730051
239.41176470588235,2.6853932584269664,0.0007922476121357815
239.41176470588235,2.751685393258427,0.000766785392739982
239.41176470588235,2.8179775280898878,0.000742675835757285
239.41176470588235,2.8842696629213482,0.0007198181797620738
239.41176470588235,2.950561797752809,0.0006981212438472173
239.41176470588235,3.0168539325842696,0.0006775023276974803
239.41176470588235,3.0831460674157305,0.0006578862587305319
239.41176470588235,3.149438202247191,0.0006392045639776451
239.41176470588235,3.215730337078652,0.0006213947481539887
239.41176470588235,3.2820224719101123,0.000604399662443963
239.41176470588235,3.348314606741573,0.0005881669510422491
239.41176470588235,3.4146067415730337,0.0005726485645568846
239.41176470588235,3.4808988764044946,0.0005578003310843116
239.41176470588235,3.547191011235955,0.0005435815771766976
239.41176470588235,3.613483146067416,0.0005299547920941336
239.41176470588235,3.6797752808988764,0.0005168853297119512
239.41176470588235,3.746067415730337,0.0005043411432718746
239.41176470588235,3.8123595505617978,0.0004922925488530048
239.41176470588235,3.878651685393258,0.00048071201401778834
239.41176470588235,3.944943820224719,0.00046957396857755067
239.41176470588235,4.01123595505618,0.0004588546348371959
239.41176470588235,4.0775280898876405,0.00044853187503140964
239.41176470588235,4.143820224719101,0.0004385850539655177
239.41176470588235,4.210112359550561,0.00042899491513132383
239.41176470588235,4.276404494382023,0.0004197434687886239
239.41176470588235,4.342696629213483,0.0004108138906925346
239.41176470588235,4.408988764044944,0.0004021904303099095
239.41176470588235,4.475280898876404,0.00039385832750900724
239.41176470588235,4.5415730337078655,0.00038580373682850386
239.41176470588235,4.607865168539326,0.00037801365853768696
239.41176470588235,4.674157303370786,0.0003704758757915933
239.41176470588235,4.740449438202247,0.0003631788972649415
239.41176470588235,4.806741573033708,0.0003561119047185961
239.41176470588235,4.873033707865169,0.0003492647050134108
239.41176470588235,4.939325842696629,0.0003426276861398858
239.41176470588235,5.00561797752809,0.00033619177687906526
239.41176470588235,5.071910112359551,0.0003299484097514591
239.41176470588235,5.138202247191011,0.0003238894869472326
239.41176470588235,5.204494382022472,0.00031800734896300366
239.41176470588235,5.270786516853932,0.0003122947456990616
239.41176470588235,5.337078651685394,0.00030674480979594207
239.41176470588235,5.403370786516854,0.0003013510320116469
239.41176470588235,5.4696629213483146,0.0002961072384605887
239.41176470588235,5.535955056179775,0.0002910075695529923
239.41176470588235,5.602247191011236,0.00028604646048916875
239.41176470588235,5.668539325842697,0.00028121862317712933
239.41176470588235,5.734831460674157,0.0002765190294544627
239.41176470588235,5.801123595505618,0.00027194289550666785
239.41176470588235,5.867415730337079,0.00026748566738410277
239.41176470588235,5.9337078651685395,0.0002631430075287438
239.41176470588235,6.0,0.0002589107822300086
242.6890756302521,0.1,0.045724710317201746
242.6890756302521,0.1662921348314607,0.02521557360761885
242.6890756302521,0.23258426966292134,0.01685461221454024
242.6890756302521,0.298876404494382,0.012421779356374445
242.6890756302521,0.3651685393258427,0.009713690427969369
242.6890756302521,0.4314606741573034,0.007904609955575981
242.6890756302521,0.49775280898876406,0.006619194266041133
242.6890756302521,0.5640449438202247,0.005663623599022714
242.6890756302521,0.6303370786516854,0.004928263386672239
242.6890756302521,0.6966292134831461,0.004346693578019517
242.6890756302521,0.7629213483146068,0.003876457438822182
242.6890756302521,0.8292134831460675,0.0034892197086010615
242.6890756302521,0.895505617977528,0.00316538690085351
242.6890756302521,0.9617977528089887,0.0028910019892715503
242.6890756302521,1.0280898876404494,0.0026558688814066157
242.6890756302521,1.09438202247191,0.002452375453131005
242.6890756302521,1.1606741573033708,0.002274730334402386
242.6890756302521,1.2269662921348314,0.0021184537263910243
242.6890756302521,1.2932584269662921,0.001980029138219328
242.6890756302521,1.3595505617977528,0.0018566598957537547
242.6890756302521,1.4258426966292135,0.0017460955424993872
242.6890756302521,1.4921348314606742,0.0016465058851114023
242.6890756302521,1.5584269662921348,0.001556388154889876
242.6890756302521,1.6247191011235955,0.0014744975941437457
242.6890756302521,1.6910112359550562,0.0013997948780398017
242.6890756302521,1.7573033707865169,0.00133140581285151
242.6890756302521,1.8235955056179776,0.0012685901057215801
242.6890756302521,1.8898876404494382,0.0012107169199546259
242.6890756302521,1.956179775280899,0.001157245563296108
242.6890756302521,2.0224719101123596,0.0011077100997013887
242.6890756302521,2.08876404494382,0.001061706989167567
242.6890756302521,2.155056179775281,0.0010188850856264178
242.6890756302521,2.2213483146067414,0.0009789374865805665
242.6890756302521,2.2876404494382023,0.0009415948483056632
242.6890756302521,2.353932584269663,0.0009066198695150566
242.6890756302521,2.4202247191011237,0.0008738027130494613
242.6890756302521,2.486516853932584,0.0008429571854935684
242.6890756302521,2.552808988764045,0.000813917532949889
242.6890756302521,2.6191011235955055,0.0007865357406137409
242.6890756302521,2.6853932584269664,0.0007606792465326719
242.6890756302521,2.751685393258427,0.0007362289976372776
242.6890756302521,2.8179775280898878,0.0007130777900043995
242.6890756302521,2.8842696629213482,0.0006911288462558352
242.6890756302521,2.950561797752809,0.0006702945916763202
242.6890756302521,3.0168539325842696,0.0006504955975608831
242.6890756302521,3.0831460674157305,0.0006316596658578233
242.6890756302521,3.149438202247191,0.000613721033653581
242.6890756302521,3.215730337078652,0.0005966196796760864
242.6890756302521,3.2820224719101123,0.0005803007179485071
242.6890756302521,3.348314606741573,0.0005647138661421001
242.6890756302521,3.4146067415730337,0.0005498129781618508
242.6890756302521,3.4808988764044946,0.0005355556321353928
242.6890756302521,3.547191011235955,0.0005219027663309475
242.6890756302521,3.613483146067416,0.0005088183566563109
242.6890756302521,3.6797752808988764,0.0004962691303303117
242.6890756302521,3.746067415730337,0.00048422431110450544
242.6890756302521,3.8123595505617978,0.00047265539207321867
242.6890756302521,3.878651685393258,0.0004615359326664779
242.6890756302521,3.944943820224719,0.0004508413768905938
242.6890756302521,4.01123595505618,0.000440548890279885
242.6890756302521,4.0775280898876405,0.0004306372133618969
242.6890756302521,4.143820224719101,0.0004210865297275051
242.6890756302521,4.210112359550561,0.00041187834704433485
242.6890756302521,4.276404494382023,0.0004029953895636121
242.6890756302521,4.342696629213483,0.00039442150085262527
242.6890756302521,4.408988764044944,0.00038614155564162565
242.6890756302521,4.475280898876404,0.00037814137980937495
242.6890756302521,4.5415730337078655,0.000370407677648675
242.6890756302521,4.607865168539326,0.00036292796565480235
242.6890756302521,4.674157303370786,0.00035569051216807074
242.6890756302521,4.740449438202247,0.0003486842822786554
242.6890756302521,4.806741573033708,0.00034189888746901607
242.6890756302521,4.873033707865169,0.0003353245395278594
242.6890756302521,4.939325842696629,0.0003289520083211545
242.6890756302521,5.00561797752809,0.0003227725830507788
242.6890756302521,5.071910112359551,0.0003167780366711637
242.6890756302521,5.138202247191011,0.0003109605931692581
242.6890756302521,5.204494382022472,0.00030531289744402797
242.6890756302521,5.270786516853932,0.00029982798754902716
242.6890756302521,5.337078651685394,0.00029449926908570016
242.6890756302521,5.403370786516854,0.00028932049155656604
242.6890756302521,5.4696629213483146,0.0002842857265064273
242.6890756302521,5.535955056179775,0.0002793893472967188
242.6890756302521,5.602247191011236,0.0002746260103731723
242.6890756302521,5.668539325842697,0.0002699906379004367
242.6890756302521,5.734831460674157,0.0002654784016493358
242.6890756302521,5.801123595505618,0.0002610847080331658
242.6890756302521,5.867415730337079,0.0002568051841991058
242.6890756302521,5.9337078651685395,0.0002526356650894208
242.6890756302521,6.0,0.0002485721813949314
245.96638655462183,0.1,0.04406901394609317
245.96638655462183,0.1662921348314607,0.024271551615826198
245.96638655462183,0.23258426966292134,0.016214273284414084
245.96638655462183,0.298876404494382,0.011945935646229698
245.96638655462183,0.3651685393258427,0.009339608669339907
245.96638655462183,0.4314606741573034,0.007599072506577252
245.96638655462183,0.49775280898876406,0.006362646570108895
245.96638655462183,0.5640449438202247,0.005443654569181218
245.96638655462183,0.6303370786516854,0.0047365393653724325
245.96638655462183,0.6966292134831461,0.0041773682419756885
245.96638655462183,0.7629213483146068,0.0037252830857661683
245.96638655462183,0.8292134831460675,0.003353020256125982
245.96638655462183,0.895505617977528,0.003041729984869047
245.96638655462183,0.9617977528089887,0.002777986645276053
245.96638655462183,1.0280898876404494,0.0025519833673812576
245.96638655462183,1.09438202247191,0.0023563992667377932
245.96638655462183,1.1606741573033708,0.0021856649877232824
245.96638655462183,1.2269662921348314,0.0020354727641674532
245.96638655462183,1.2932584269662921,0.0019024413526959679
245.96638655462183,1.3595505617977528,0.0017838817895584427
245.96638655462183,1.4258426966292135,0.0016776303986829352
245.96638655462183,1.4921348314606742,0.0015819276399245007
245.96638655462183,1.5584269662921348,0.0014953288165025574
245.96638655462183,1.6247191011235955,0.0014166373166341582
245.96638655462183,1.6910112359550562,0.0013448540494332018
245.96638655462183,1.7573033707865169,0.0012791386889074096
245.96638655462183,1.8235955056179776,0.0012187796429299715
245.96638655462183,1.8898876404494382,0.0011631705481896127
245.96638655462183,1.956179775280899,0.001111791701549566
245.96638655462183,2.0224719101123596,0.0010641952644715985
245.96638655462183,2.08876404494382,0.0010199933792878041
245.96638655462183,2.155056179775281,0.0009788485529455394
245.96638655462183,2.2213483146067414,0.000940465821294559
245.96638655462183,2.2876404494382023,0.0009045863225405682
245.96638655462183,2.353932584269663,0.0008709819941596932
245.96638655462183,2.4202247191011237,0.0008394511716847119
245.96638655462183,2.486516853932584,0.0008098149161858452
245.96638655462183,2.552808988764045,0.000781913934128813
245.96638655462183,2.6191011235955055,0.0007556059815782024
245.96638655462183,2.6853932584269664,0.000730763666580967
245.96638655462183,2.751685393258427,0.000707272580588374
245.96638655462183,2.8179775280898878,0.0006850297031155577
245.96638655462183,2.8842696629213482,0.0006639420343589984
245.96638655462183,2.950561797752809,0.0006439254188388479
245.96638655462183,3.0168539325842696,0.0006249035297925466
245.96638655462183,3.0831460674157305,0.0006068069893882049
245.96638655462183,3.149438202247191,0.000589572604133587
245.96638655462183,3.215730337078652,0.0005731426983467005
245.96638655462183,3.2820224719101123,0.0005574645313953223
245.96638655462183,3.348314606741573,0.0005424897867362438
245.96638655462183,3.4146067415730337,0.0005281741226932808
245.96638655462183,3.4808988764044946,0.0005144767764866846
245.96638655462183,3.547191011235955,0.0005013602143293664
245.96638655462183,3.613483146067416,0.000488789821488147
245.96638655462183,3.6797752808988764,0.0004767336271112192
245.96638655462183,3.746067415730337,0.00046516205937894976
245.96638655462183,3.8123595505617978,0.0004540477271698934
245.96638655462183,3.878651685393258,0.0004433652249687921
245.96638655462183,3.944943820224719,0.0004330909581953166
245.96638655462183,4.01123595505618,0.0004232029865155566
245.96638655462183,4.0775280898876405,0.0004136808830240405
245.96638655462183,4.143820224719101,0.000404505607461842
245.96638655462183,4.210112359550561,0.00039565939187380026
245.96638655462183,4.276404494382023,0.00038712563731136974
245.96638655462183,4.342696629213483,0.0003788888203625814
245.96638655462183,4.408988764044944,0.00037093440844117374
245.96638655462183,4.475280898876404,0.00036324878289708423
245.96638655462183,4.5415730337078655,0.0003558191691230548
245.96638655462183,4.607865168539326,0.0003486335729297388
245.96638655462183,4.674157303370786,0.00034168072254659154
245.96638655462183,4.740449438202247,0.00033495001567972904
245.96638655462183,4.806741573033708,0.00032843147112249774
245.96638655462183,4.873033707865169,0.00032211568447091407
245.96638655462183,4.939325842696629,0.0003159937875455682
245.96638655462183,5.00561797752809,0.0003100574111650422
245.96638655462183,5.071910112359551,0.0003042986509539966
245.96638655462183,5.138202247191011,0.0002987100359027726
245.96638655462183,5.204494382022472,0.00029328449942501013
245.96638655462183,5.270786516853932,0.00028801535268601876
245.96638655462183,5.337078651685394,0.00028289625999786415
245.96638655462183,5.403370786516854,0.00027792121609776586
245.96638655462183,5.4696629213483146,0.0002730845251446429
245.96638655462183,5.535955056179775,0.0002683807812849723
245.96638655462183,5.602247191011236,0.0002638048506536032
245.96638655462183,5.668539325842697,0.00025935185468808084
245.96638655462183,5.734831460674157,0.00025501715464663823
245.96638655462183,5.801123595505618,0.00025079633723030603
245.96638655462183,5.867415730337079,0.00024668520121886266
245.96638655462183,5.9337078651685395,0.00024267974503866006
245.96638655462183,6.0,0.00023877615518780548
249.2436974789916,0.1,0.042489908836635094
249.2436974789916,0.1662921348314607,0.023373221626907047
249.2436974789916,0.23258426966292134,0.015605545466027063
249.2436974789916,0.298876404494382,0.011493843693585195
249.2436974789916,0.3651685393258427,0.008984331698769377
249.2436974789916,0.4314606741573034,0.007308969785970112
249.2436974789916,0.49775280898876406,0.006119105666958113
249.2436974789916,0.5640449438202247,0.005234868697305369
249.2436974789916,0.6303370786516854,0.0045545838638908894
249.2436974789916,0.6966292134831461,0.004016685488169745
249.2436974789916,0.7629213483146068,0.003581836175894326
249.2436974789916,0.8292134831460675,0.0032237913661641755
249.2436974789916,0.895505617977528,0.0029244083621001267
249.2436974789916,0.9617977528089887,0.0026707666412880966
249.2436974789916,1.0280898876404494,0.00245342922730838
249.2436974789916,1.09438202247191,0.0022653519677088858
249.2436974789916,1.1606741573033708,0.002101176432277582
249.2436974789916,1.2269662921348314,0.0019567582746963133
249.2436974789916,1.2932584269662921,0.0018288447138085854
249.2436974789916,1.3595505617977528,0.0017148490824325853
249.2436974789916,1.4258426966292135,0.0016126901158232587
249.2436974789916,1.4921348314606742,0.0015206753645347073
249.2436974789916,1.5584269662921348,0.0014374152715852593
249.2436974789916,1.6247191011235955,0.0013617589371323418
249.2436974789916,1.6910112359550562,0.0012927454679361387
249.2436974789916,1.7573033707865169,0.00122956668985034
249.2436974789916,1.8235955056179776,0.001171538255973195
249.2436974789916,1.8898876404494382,0.0011180770341492792
249.2436974789916,1.956179775280899,0.0010686832441073157
249.2436974789916,2.0224719101123596,0.0010229262247519106
249.2436974789916,2.08876404494382,0.000980433002901407
249.2436974789916,2.155056179775281,0.0009408790434483085
249.2436974789916,2.2213483146067414,0.0009039807124314869
249.2436974789916,2.2876404494382023,0.0008694890957068361
249.2436974789916,2.353932584269663,0.0008371848983391327
249.2436974789916,2.4202247191011237,0.0008068742115311824
249.2436974789916,2.486516853932584,0.0007783849804873425
249.2436974789916,2.552808988764045,0.0007515640420728283
249.2436974789916,2.6191011235955055,0.0007262746283440148
249.2436974789916,2.6853932584269664,0.0007023942530624903
249.2436974789916,2.751685393258427,0.0006798129146832078
249.2436974789916,2.8179775280898878,0.0006584315621413246
249.2436974789916,2.8842696629213482,0.0006381607798837354
249.2436974789916,2.950561797752809,0.0006189196566205233
249.2436974789916,3.0168539325842696,0.000600634808677786
249.2436974789916,3.0831460674157305,0.0005832395339719382
249.2436974789916,3.149438202247191,0.0005666730767689185
249.2436974789916,3.215730337078652,0.0005508799867489317
249.2436974789916,3.2820224719101123,0.0005358095586303269
249.2436974789916,3.348314606741573,0.0005214153408410563
249.2436974789916,3.4146067415730337,0.0005076547035616362
249.2436974789916,3.4808988764044946,0.0004944884579769761
249.2436974789916,3.547191011235955,0.000481880519827593
249.2436974789916,3.613483146067416,0.00046979761139200233
249.2436974789916,3.6797752808988764,0.0004582089969006483
249.2436974789916,3.746067415730337,0.0004470862471087591
249.2436974789916,3.8123595505617978,0.000436403029365948
249.2436974789916,3.878651685393258,0.00042613492003482393
249.2436974789916,3.944943820224719,0.0004162592365455847
249.2436974789916,4.01123595505618,0.00040675488674212466
249.2436974789916,4.0775280898876405,0.0003976022334884905
249.2436974789916,4.143820224719101,0.0003887829727716464
249.2436974789916,4.210112359550561,0.0003802800237648744
249.2436974789916,4.276404494382023,0.00037207742951189497
249.2436974789916,4.342696629213483,0.0003641602670598986
249.2436974789916,4.408988764044944,0.0003565145660146741
249.2436974789916,4.475280898876404,0.00034912723461599213
249.2436974789916,4.5415730337078655,0.00034198599253974684
249.2436974789916,4.607865168539326,0.00033507930972720743
249.2436974789916,4.674157303370786,0.00032839635062337924
249.2436974789916,4.740449438202247,0.0003219269232775293
249.2436974789916,4.806741573033708,0.0003156614328210119
249.2436974789916,4.873033707865169,0.00030959083889179197
249.2436974789916,4.939325842696629,0.000303706616622595
249.2436974789916,5.00561797752809,0.0002980007208513691
249.2436974789916,5.071910112359551,0.0002924655532494337
249.2436974789916,5.138202247191011,0.0002870939320950621
249.2436974789916,5.204494382022472,0.0002818790644487394
249.2436974789916,5.270786516853932,0.0002768145205115996
249.2436974789916,5.337078651685394,0.00027189420997087284
249.2436974789916,5.403370786516854,0.00026711236015597396
249.2436974789916,5.4696629213483146,0.0002624634958464567
249.2436974789916,5.535955056179775,0.0002579424205887303
249.2436974789916,5.602247191011236,0.00025354419939234375
249.2436974789916,5.668539325842697,0.0002492641426890984
249.2436974789916,5.734831460674157,0.0002450977914493491
249.2436974789916,5.801123595505618,0.0002410409033598104
249.2436974789916,5.867415730337079,0.00023708943997605402
249.2436974789916,5.9337078651685395,0.0002332395547708991
249.2436974789916,6.0,0.0002294875820070536
252.52100840336135,0.1,0.040983168595882115
252.52100840336135,0.1662921348314607,0.0225179072946183
252.52100840336135,0.23258426966292134,0.015026529314521215
252.52100840336135,0.298876404494382,0.011064055930725672
252.52100840336135,0.3651685393258427,0.008646703060638654
252.52100840336135,0.4314606741573034,0.007033346643687704
252.52100840336135,0.49775280898876406,0.0058877629602196325
252.52100840336135,0.5640449438202247,0.005036568318204582
252.52100840336135,0.6303370786516854,0.004381785782305907
252.52100840336135,0.6966292134831461,0.003864103441534899
252.52100840336135,0.7629213483146068,0.0034456313149700845
252.52100840336135,0.8292134831460675,0.0031010945067049926
252.52100840336135,0.895505617977528,0.0028130229387731214
252.52100840336135,0.9617977528089887,0.0025689764812781733
252.52100840336135,1.0280898876404494,0.0023598698918957483
252.52100840336135,1.09438202247191,0.002178922123819063
252.52100840336135,1.1606741573033708,0.002020975259257342
252.52100840336135,1.2269662921348314,0.0018820402856160345
252.52100840336135,1.2932584269662921,0.0017589865147228467
252.52100840336135,1.3595505617977528,0.0016493244949096152
252.52100840336135,1.4258426966292135,0.0015510512727891093
252.52100840336135,1.4921348314606742,0.0014625381469836052
252.52100840336135,1.5584269662921348,0.001382447949473303
252.52100840336135,1.6247191011235955,0.0013096732091139865
252.52100840336135,1.6910112359550562,0.0012432893202959034
252.52100840336135,1.7573033707865169,0.0011825186513872144
252.52100840336135,1.8235955056179776,0.0011267027357046082
252.52100840336135,1.8898876404494382,0.0010752805073464627
252.52100840336135,1.956179775280899,0.0010277711090970012
252.52100840336135,2.0224719101123596,0.0009837601946292112
252.52100840336135,2.08876404494382,0.0009428889272105005
252.52100840336135,2.155056179775281,0.000904845078040036
252.52100840336135,2.2213483146067414,0.000869355773219393
252.52100840336135,2.2876404494382023,0.0008361815454114739
252.52100840336135,2.353932584269663,0.0008051114256036803
252.52100840336135,2.4202247191011237,0.0007759588697809348
252.52100840336135,2.486516853932584,0.0007485583601541862
252.52100840336135,2.552808988764045,0.0007227625547279272
252.52100840336135,2.6191011235955055,0.000698439885185186
252.52100840336135,2.6853932584269664,0.0006754725233179714
252.52100840336135,2.751685393258427,0.0006537546519946088
252.52100840336135,2.8179775280898878,0.0006331909890083576
252.52100840336135,2.8842696629213482,0.0006136955218929746
252.52100840336135,2.950561797752809,0.0005951904195186832
252.52100840336135,3.0168539325842696,0.000577605092447342
252.52100840336135,3.0831460674157305,0.0005608753789711308
252.52100840336135,3.149438202247191,0.0005449428377464187
252.52100840336135,3.215730337078652,0.0005297541311653756
252.52100840336135,3.2820224719101123,0.000515260486237879
252.52100840336135,3.348314606741573,0.0005014172219069895
252.52100840336135,3.4146067415730337,0.00048818333348746296
252.52100840336135,3.4808988764044946,0.00047552112637321426
252.52100840336135,3.547191011235955,0.0004633958923654692
252.52100840336135,3.613483146067416,0.00045177562297538543
252.52100840336135,3.6797752808988764,0.000440630754890656
252.52100840336135,3.746067415730337,0.00042993394349514455
252.52100840336135,3.8123595505617978,0.0004196598609180736
252.52100840336135,3.878651685393258,0.00040978501558419346
252.52100840336135,3.944943820224719,0.00040028759065467815
252.52100840336135,4.01123595505618,0.00039114729910312405
252.52100840336135,4.0775280898876405,0.0003823452534724394
252.52100840336135,4.143820224719101,0.0003738638486154804
252.52100840336135,4.210112359550561,0.0003656866559419844
252.52100840336135,4.276404494382023,0.00035779832788268237
252.52100840336135,4.342696629213483,0.0003501845114432663
252.52100840336135,4.408988764044944,0.00034283176986033264
252.52100840336135,4.475280898876404,0.00033572751149168973
252.52100840336135,4.5415730337078655,0.00032885992517767197
252.52100840336135,4.607865168539326,0.0003222179214003483
252.52100840336135,4.674157303370786,0.0003157910786461006
252.52100840336135,4.740449438202247,0.0003095695944454162
252.52100840336135,4.806741573033708,0.00030354424062343073
252.52100840336135,4.873033707865169,0.0002977063223469781
252.52100840336135,4.939325842696629,0.0002920476405996529
252.52100840336135,5.00561797752809,0.0002865604577565118
252.52100840336135,5.071910112359551,0.00028123746596541105
252.52100840336135,5.138202247191011,0.0002760717580730271
252.52100840336135,5.204494382022472,0.0002710568008611137
252.52100840336135,5.270786516853932,0.00026618641038278777
252.52100840336135,5.337078651685394,0.0002614547292101369
252.52100840336135,5.403370786516854,0.0002568562054234881
252.52100840336135,5.4696629213483146,0.00025238557318962184
252.52100840336135,5.535955056179775,0.00024803783479124264
252.52100840336135,5.602247191011236,0.00024380824398344806
252.52100840336135,5.668539325842697,0.0002396922905648968
252.52100840336135,5.734831460674157,0.00023568568606205815
252.52100840336135,5.801123595505618,0.00023178435043448985
252.52100840336135,5.867415730337079,0.00022798439971765476
252.52100840336135,5.9337078651685395,0.00022428213452746522
252.52100840336135,6.0,0.00022067402935763543
255.7983193277311,0.1,0.03954483227252394
255.7983193277311,0.1662921348314607,0.02170311401519712
255.7983193277311,0.23258426966292134,0.014475458612708316
255.7983193277311,0.298876404494382,0.010655228138815054
255.7983193277311,0.3651685393258427,0.008325649793785585
255.7983193277311,0.4314606741573034,0.006771317424039163
255.7983193277311,0.49775280898876406,0.005667869017547671
255.7983193277311,0.5640449438202247,0.004848107033958079
255.7983193277311,0.6303370786516854,0.004217579079189179
255.7983193277311,0.6966292134831461,0.0037191202908706624
255.7983193277311,0.7629213483146068,0.0033162190778531038
255.7983193277311,0.8292134831460675,0.0029845237038788434
255.7983193277311,0.895505617977528,0.002707204299075533
255.7983193277311,0.9617977528089887,0.0024722778865443416
255.7983193277311,1.0280898876404494,0.002270993885440577
255.7983193277311,1.09438202247191,0.002096821546977834
255.7983193277311,1.1606741573033708,0.0019447936805756726
255.7983193277311,1.2269662921348314,0.0018110690101808369
255.7983193277311,1.2932584269662921,0.0016926329575133016
255.7983193277311,1.3595505617977528,0.0015870885141277785
255.7983193277311,1.4258426966292135,0.0014925071876928187
255.7983193277311,1.4921348314606742,0.0014073208862005724
255.7983193277311,1.5584269662921348,0.0013302422478698838
255.7983193277311,1.6247191011235955,0.0012602050867667888
255.7983193277311,1.6910112359550562,0.0011963192919704985
255.7983193277311,1.7573033707865169,0.0011378362638049901
255.7983193277311,1.8235955056179776,0.0010841221346765087
255.7983193277311,1.8898876404494382,0.0010346368116958958
255.7983193277311,1.956179775280899,0.0009889174224607831
255.7983193277311,2.0224719101123596,0.0009465651259117766
255.7983193277311,2.08876404494382,0.0009072345198766787
255.7983193277311,2.155056179775281,0.000870625070457579
255.7983193277311,2.2213483146067414,0.0008364741289214341
255.7983193277311,2.2876404494382023,0.0008045512048654417
255.7983193277311,2.353932584269663,0.0007746532408634195
255.7983193277311,2.4202247191011237,0.0007466006909977306
255.7983193277311,2.486516853932584,0.0007202342488650684
255.7983193277311,2.552808988764045,0.0006954121035205233
255.7983193277311,2.6191011235955055,0.0006720076270502611
255.7983193277311,2.6853932584269664,0.0006499074169630276
255.7983193277311,2.751685393258427,0.0006290096317702349
255.7983193277311,2.8179775280898878,0.0006092225700193923
255.7983193277311,2.8842696629213482,0.0005904634524256571
255.7983193277311,2.950561797752809,0.0005726573741871918
255.7983193277311,3.0168539325842696,0.0005557364005064721
255.7983193277311,3.0831460674157305,0.0005396387831014527
255.7983193277311,3.149438202247191,0.0005243082793296102
255.7983193277311,3.215730337078652,0.000509693558658622
255.7983193277311,3.2820224719101123,0.0004957476837496155
255.7983193277311,3.348314606741573,0.00048242765548950405
255.7983193277311,3.4146067415730337,0.00046969401300943835
255.7983193277311,3.4808988764044946,0.00045751048112853773
255.7983193277311,3.547191011235955,0.00044584365882295666
255.7983193277311,3.613483146067416,0.0004346627432850128
255.7983193277311,3.6797752808988764,0.0004239392849417052
255.7983193277311,3.746067415730337,0.0004136469694753609
255.7983193277311,3.8123595505617978,0.0004037614234546792
255.7983193277311,3.878651685393258,0.0003942600406609171
255.7983193277311,3.944943820224719,0.00038512182659660723
255.7983193277311,4.01123595505618,0.00037632725900562584
255.7983193277311,4.0775280898876405,0.00036785816252353867
255.7983193277311,4.143820224719101,0.0003596975958246517
255.7983193277311,4.210112359550561,0.0003518297498436261
255.7983193277311,4.276404494382023,0.0003442398558308573
255.7983193277311,4.342696629213483,0.0003369141021565327
255.7983193277311,4.408988764044944,0.000329839558912482
255.7983193277311,4.475280898876404,0.00032300410947679
255.7983193277311,4.5415730337078655,0.00031639638830637006
255.7983193277311,4.607865168539326,0.00031000572430967785
255.7983193277311,4.674157303370786,0.0003038220892273207
255.7983193277311,4.740449438202247,0.0002978360505141314
255.7983193277311,4.806741573033708,0.00029203872827377115
255.7983193277311,4.873033707865169,0.0002864217558471569
255.7983193277311,4.939325842696629,0.00028097724370002833
255.7983193277311,5.00561797752809,0.0002756977462936337
255.7983193277311,5.071910112359551,0.00027057623165651875
255.7983193277311,5.138202247191011,0.00026560605340531033
255.7983193277311,5.204494382022472,0.0002607809249888403
255.7983193277311,5.270786516853932,0.0002560948959533115
255.7983193277311,5.337078651685394,0.0002515423300468775
255.7983193277311,5.403370786516854,0.00024711788500036546
255.7983193277311,5.4696629213483146,0.00024281649383713197
255.7983193277311,5.535955056179775,0.00023863334757957832
255.7983193277311,5.602247191011236,0.00023456387923271354
255.7983193277311,5.668539325842697,0.00023060374893668287
255.7983193277311,5.734831460674157,0.00022674883019048513
255.7983193277311,5.801123595505618,0.0002229951970582622
255.7983193277311,5.867415730337079,0.00021933911227783255
255.7983193277311,5.9337078651685395,0.00021577701619848887
255.7983193277311,6.0,0.00021230551648175776
259.07563025210084,0.1,0.03817118609203946
259.07563025210084,0.1662921348314607,0.020926515057458732
259.07563025210084,0.23258426966292134,0.013950689780577891
259.07563025210084,0.298876404494382,0.010266111050771597
259.07563025210084,0.3651685393258427,0.008020175554218354
259.07563025210084,0.4314606741573034,0.006522060187822171
259.07563025210084,0.49775280898876406,0.005458728618057245
259.07563025210084,0.5640449438202247,0.004668885400145417
259.07563025210084,0.6303370786516854,0.004061438964830674
259.07563025210084,0.6966292134831461,0.0035812708929339413
259.07563025210084,0.7629213483146068,0.0031931829514358105
259.07563025210084,0.8292134831460675,0.00287370276853243
259.07563025210084,0.895505617977528,0.0026066101722122315
259.07563025210084,0.9617977528089887,0.002380357468932567
259.07563025210084,1.0280898876404494,0.0021865126775180614
259.07563025210084,1.09438202247191,0.002018783300739783
259.07563025210084,1.1606741573033708,0.0018723836734653233
259.07563025210084,1.2269662921348314,0.0017436131132896483
259.07563025210084,1.2932584269662921,0.0016295675274132944
259.07563025210084,1.3595505617977528,0.0015279378650636956
259.07563025210084,1.4258426966292135,0.0014368664764748357
259.07563025210084,1.4921348314606742,0.0013548429296238592
259.07563025210084,1.5584269662921348,0.0012806272422815064
259.07563025210084,1.6247191011235955,0.001213192499930391
259.07563025210084,1.6910112359550562,0.0011516814020306836
259.07563025210084,1.7573033707865169,0.0010953729619424708
259.07563025210084,1.8235955056179776,0.001043656707843229
259.07563025210084,1.8898876404494382,0.0009960124930851013
259.07563025210084,1.956179775280899,0.0009519945489396267
259.07563025210084,2.0224719101123596,0.0009112187794269606
259.07563025210084,2.08876404494382,0.0008733525578405852
259.07563025210084,2.155056179775281,0.0008381064710887229
259.07563025210084,2.2213483146067414,0.0008052275933695788
259.07563025210084,2.2876404494382023,0.0007744939700545794
259.07563025210084,2.353932584269663,0.0007457100663034571
259.07563025210084,2.4202247191011237,0.0007187029900472272
259.07563025210084,2.486516853932584,0.0006933193405825357
259.07563025210084,2.552808988764045,0.0006694225656959543
259.07563025210084,2.6191011235955055,0.0006468907345404822
259.07563025210084,2.6853932584269664,0.0006256146522729679
259.07563025210084,2.751685393258427,0.0006054962570850535
259.07563025210084,2.8179775280898878,0.0005864472517194329
259.07563025210084,2.8842696629213482,0.0005683879305994869
259.07563025210084,2.950561797752809,0.0005512461708683075
259.07563025210084,3.0168539325842696,0.0005349565613518377
259.07563025210084,3.0831460674157305,0.0005194596480476348
259.07563025210084,3.149438202247191,0.000504701278439056
259.07563025210084,3.215730337078652,0.0004906320299309282
259.07563025210084,3.2820224719101123,0.000477206710141932
259.07563025210084,3.348314606741573,0.0004643839187833164
259.07563025210084,3.4146067415730337,0.00045212566249152957
259.07563025210084,3.4808988764044946,0.0004403970153328237
259.07563025210084,3.547191011235955,0.0004291658188161011
259.07563025210084,3.613483146067416,0.00041840241617934284
259.07563025210084,3.6797752808988764,0.00040807941648994805
259.07563025210084,3.746067415730337,0.0003981714847479041
259.07563025210084,3.8123595505617978,0.0003886551547253341
259.07563025210084,3.878651685393258,0.00037950866173493337
259.07563025210084,3.944943820224719,0.0003707117929075716
259.07563025210084,4.01123595505618,0.00036224575288812367
259.07563025210084,4.0775280898876405,0.000354093043138065
259.07563025210084,4.143820224719101,0.00034623735327166827
259.07563025210084,4.210112359550561,0.0003386634630562959
259.07563025210084,4.276404494382023,0.0003313571538818845
259.07563025210084,4.342696629213483,0.00032430512865473985
259.07563025210084,4.408988764044944,0.0003174949391999211
259.07563025210084,4.475280898876404,0.00031091492036814733
259.07563025210084,4.5415730337078655,0.00030455413013961
259.07563025210084,4.607865168539326,0.000298402295100885
259.07563025210084,4.674157303370786,0.0002924497607438922
259.07563025210084,4.740449438202247,0.00028668744609926326
259.07563025210084,4.806741573033708,0.00028110680227179423
259.07563025210084,4.873033707865169,0.00027569977449406357
259.07563025210084,4.939325842696629,0.0002704587673566965
259.07563025210084,5.00561797752809,0.0002653766129109722
259.07563025210084,5.071910112359551,0.00026044654137218965
259.07563025210084,5.138202247191011,0.0002556621541810749
259.07563025210084,5.204494382022472,0.0002510173992059227
259.07563025210084,5.270786516853932,0.0002465065478906769
259.07563025210084,5.337078651685394,0.00024212417417408157
259.07563025210084,5.403370786516854,0.00023786513502267184
259.07563025210084,5.4696629213483146,0.00023372455243606848
259.07563025210084,5.535955056179775,0.00022969779679699712
259.07563025210084,5.602247191011236,0.00022578047145088324
259.07563025210084,5.668539325842697,0.0002219683984109474
259.07563025210084,5.734831460674157,0.00021825760509464268
259.07563025210084,5.801123595505618,0.00021464431200613106
259.07563025210084,5.867415730337079,0.00021112492128742686
259.07563025210084,5.9337078651685395,0.0002076960060679678
259.07563025210084,6.0,0.00020435430054873893
262.3529411764706,0.1,0.036858746516933064
262.3529411764706,0.1662921348314607,0.020185938853160848
262.3529411764706,0.23258426966292134,0.013450692217682856
262.3529411764706,0.298876404494382,0.009895542713980705
262.3529411764706,0.3651685393258427,0.007729354370516402
262.3529411764706,0.4314606741573034,0.0062848114719719
262.3529411764706,0.49775280898876406,0.005259696264260948
262.3529411764706,0.5640449438202247,0.004498347019149774
262.3529411764706,0.6303370786516854,0.003912878455420792
262.3529411764706,0.6966292134831461,0.0034501236997735957
262.3529411764706,0.7629213483146068,0.0030761365694940857
262.3529411764706,0.8292134831460675,0.0027682827883369634
262.3529411764706,0.895505617977528,0.002510923142517111
262.3529411764706,0.9617977528089887,0.0022929246277616777
262.3529411764706,1.0280898876404494,0.002106158741563346
262.3529411764706,1.09438202247191,0.0019445598999847573
262.3529411764706,1.1606741573033708,0.0018035153042585631
262.3529411764706,1.2269662921348314,0.0016794581451636595
262.3529411764706,1.2932584269662921,0.0015695895244135396
262.3529411764706,1.3595505617977528,0.0014716841298665281
262.3529411764706,1.4258426966292135,0.0013839517512451115
262.3529411764706,1.4921348314606742,0.0013049368430172322
262.3529411764706,1.5584269662921348,0.0012334445207689863
262.3529411764706,1.6247191011235955,0.0011684852480683167
262.3529411764706,1.6910112359550562,0.0011092329513352752
262.3529411764706,1.7573033707865169,0.0010549929231407202
262.3529411764706,1.8235955056179776,0.0010051769563605324
262.3529411764706,1.8898876404494382,0.0009592838855267725
262.3529411764706,1.956179775280899,0.0009168842174535217
262.3529411764706,2.0224719101123596,0.0008776078868250542
262.3529411764706,2.08876404494382,0.0008411344230244343
262.3529411764706,2.155056179775281,0.0008071849942925443
262.3529411764706,2.2213483146067414,0.0007755159258360328
262.3529411764706,2.2876404494382023,0.0007459133842839746
262.3529411764706,2.353932584269663,0.0007181889918899144
262.3529411764706,2.4202247191011237,0.0006921761870012001
262.3529411764706,2.486516853932584,0.0006677271874237323
262.3529411764706,2.552808988764045,0.0006447104438415846
262.3529411764706,2.6191011235955055,0.000623008493876398
262.3529411764706,2.6853932584269664,0.0006025161454785707
262.3529411764706,2.751685393258427,0.0005831389324370828
262.3529411764706,2.8179775280898878,0.0005647917958390193
262.3529411764706,2.8842696629213482,0.0005473979540187976
262.3529411764706,2.950561797752809,0.0005308879304452854
262.3529411764706,3.0168539325842696,0.0005151987145062255
262.3529411764706,3.0831460674157305,0.0005002730345698686
262.3529411764706,3.149438202247191,0.0004860587262675977
262.3529411764706,3.215730337078652,0.00047250818182893755
262.3529411764706,3.2820224719101123,0.0004595778686507319
262.3529411764706,3.348314606741573,0.0004472279072043363
262.3529411764706,3.4146067415730337,0.00043542169996287853
262.3529411764706,3.4808988764044946,0.00042412560433219623
262.3529411764706,3.547191011235955,0.00041330864364640704
262.3529411764706,3.613483146067416,0.0004029422511844455
262.3529411764706,3.6797752808988764,0.00039300004291057484
262.3529411764706,3.746067415730337,0.0003834576152668992
262.3529411764706,3.8123595505617978,0.00037429236487068225
262.3529411764706,3.878651685393258,0.0003654833274114936
262.3529411764706,3.944943820224719,0.0003570110334168404
262.3529411764706,4.01123595505618,0.0003488573788717338
262.3529411764706,4.0775280898876405,0.00034100550894694635
262.3529411764706,4.143820224719101,0.0003334397133202581
262.3529411764706,4.210112359550561,0.0003261453317713028
262.3529411764706,4.276404494382023,0.00031910866889875515
262.3529411764706,4.342696629213483,0.0003123169169532315
262.3529411764706,4.408988764044944,0.0003057580859036678
262.3529411764706,4.475280898876404,0.00029942093996251386
262.3529411764706,4.5415730337078655,0.00029329493988804835
262.3529411764706,4.607865168539326,0.00028737019046282336
262.3529411764706,4.674157303370786,0.0002816373926173716
262.3529411764706,4.740449438202247,0.0002760877997293675
262.3529411764706,4.806741573033708,0.0002707131776817824
262.3529411764706,4.873033707865169,0.0002655057683101589
262.3529411764706,4.939325842696629,0.0002604582559099929
262.3529411764706,5.00561797752809,0.0002555637365110775
262.3529411764706,5.071910112359551,0.00025081568965717175
262.3529411764706,5.138202247191011,0.0002462079524571658
262.3529411764706,5.204494382022472,0.00024173469569841594
262.3529411764706,5.270786516853932,0.00023739040183457728
262.3529411764706,5.337078651685394,0.00023316984467949213
262.3529411764706,5.403370786516854,0.00022906807065564867
262.3529411764706,5.4696629213483146,0.0002250803814608855
262.3529411764706,5.535955056179775,0.0002212023180304296
262.3529411764706,5.602247191011236,0.00021742964568333817
262.3529411764706,5.668539325842697,0.0002137583403531041
262.3529411764706,5.734831460674157,0.00021018457581168832
262.3529411764706,5.801123595505618,0.00020670471180485095
262.3529411764706,5.867415730337079,0.0002033152830242028
262.3529411764706,5.9337078651685395,0.00020001298884834168
262.3529411764706,6.0,0.00019679468379153427
265.6302521008403,0.1,0.0356042445358408
265.6302521008403,0.1662921348314607,0.019479357343603284
265.6302521008403,0.23258426966292134,0.012974039489003678
265.6302521008403,0.298876404494382,0.009542441537571375
265.6302521008403,0.3651685393258427,0.007452324967977641
265.6302521008403,0.4314606741573034,0.006058861531690186
265.6302521008403,0.49775280898876406,0.005070172110472011
265.6302521008403,0.5640449438202247,0.004335974998135906
265.6302521008403,0.6303370786516854,0.0037714452503827367
265.6302521008403,0.6966292134831461,0.003325277975299438
265.6302521008403,0.7629213483146068,0.0029647212086258094
265.6302521008403,0.8292134831460675,0.002667939857302898
265.6302521008403,0.895505617977528,0.0024198485768071997
265.6302521008403,0.9617977528089887,0.002209709646641997
265.6302521008403,1.0280898876404494,0.002029683798282664
265.6302521008403,1.09438202247191,0.0018739216822391128
265.6302521008403,1.1606741573033708,0.0017379752121782152
265.6302521008403,1.2269662921348314,0.0016184051247123523
265.6302521008403,1.2932584269662921,0.0015125127353325168
265.6302521008403,1.3595505617977528,0.0014181524993908232
265.6302521008403,1.4258426966292135,0.0013335984433606753
265.6302521008403,1.4921348314606742,0.0012574472982615815
265.6302521008403,1.5584269662921348,0.001188547130522596
265.6302521008403,1.6247191011235955,0.0011259440004473813
265.6302521008403,1.6910112359550562,0.0010688415717673902
265.6302521008403,1.7573033707865169,0.0010165701615233516
265.6302521008403,1.8235955056179776,0.0009685627633526912
265.6302521008403,1.8898876404494382,0.0009243362852457564
265.6302521008403,1.956179775280899,0.0008834767306775704
265.6302521008403,2.0224719101123596,0.0008456273931048716
265.6302521008403,2.08876404494382,0.0008104793755206789
265.6302521008403,2.155056179775281,0.0007777639201859038
265.6302521008403,2.2213483146067414,0.0007472461595464516
265.6302521008403,2.2876404494382023,0.0007187199917177104
265.6302521008403,2.353932584269663,0.0006920038523871262
265.6302521008403,2.4202247191011237,0.0006669372062171415
265.6302521008403,2.486516853932584,0.0006433776195066557
265.6302521008403,2.552808988764045,0.0006211983053104799
265.6302521008403,2.6191011235955055,0.0006002860548050399
265.6302521008403,2.6853932584269664,0.0005805394861484583
265.6302521008403,2.751685393258427,0.0005618675556737287
265.6302521008403,2.8179775280898878,0.0005441882869028674
265.6302521008403,2.8842696629213482,0.0005274276812667777
265.6302521008403,2.950561797752809,0.0005115187810764493
265.6302521008403,3.0168539325842696,0.0004964008606046525
265.6302521008403,3.0831460674157305,0.0004820187253993134
265.6302521008403,3.149438202247191,0.00046832210338573646
265.6302521008403,3.215730337078652,0.00045526511409879275
265.6302521008403,3.2820224719101123,0.00044280580465222565
265.6302521008403,3.348314606741573,0.00043090574290515545
265.6302521008403,3.4146067415730337,0.0004195296598074471
265.6302521008403,3.4808988764044946,0.0004086451341603019
265.6302521008403,3.547191011235955,0.0003982223140670536
265.6302521008403,3.613483146067416,0.00038823367021230203
265.6302521008403,3.6797752808988764,0.00037865377682738205
265.6302521008403,3.746067415730337,0.00036945911680255454
265.6302521008403,3.8123595505617978,0.0003606279079123579
265.6302521008403,3.878651685393258,0.00035213994754667113
265.6302521008403,3.944943820224719,0.0003439764737003452
265.6302521008403,4.01123595505618,0.0003361200402795888
265.6302521008403,4.0775280898876405,0.00032855440504283884
265.6302521008403,4.143820224719101,0.00032126442871523354
265.6302521008403,4.210112359550561,0.00031423598400488533
265.6302521008403,4.276404494382023,0.00030745587341136866
265.6302521008403,4.342696629213483,0.0003009117548561281
265.6302521008403,4.408988764044944,0.0002945920742844694
265.6302521008403,4.475280898876404,0.00028848600449251337
265.6302521008403,4.5415730337078655,0.0002825833895220183
265.6302521008403,4.607865168539326,0.00027687469404386077
265.6302521008403,4.674157303370786,0.0002713509572184772
265.6302521008403,4.740449438202247,0.0002660037505804882
265.6302521008403,4.806741573033708,0.00026082513954608347
265.6302521008403,4.873033707865169,0.0002558076481867024
265.6302521008403,4.939325842696629,0.000250944226951896
265.6302521008403,5.00561797752809,0.00024622822305883825
265.6302521008403,5.071910112359551,0.00024165335329632501
265.6302521008403,5.138202247191011,0.0002372136790179017
265.6302521008403,5.204494382022472,0.00023290358312236297
265.6302521008403,5.270786516853932,0.00022871774884076896
265.6302521008403,5.337078651685394,0.00022465114016760864
265.6302521008403,5.403370786516854,0.00022069898379014632
265.6302521008403,5.4696629213483146,0.0002168567523845397
265.6302521008403,5.535955056179775,0.00021312014916028413
265.6302521008403,5.602247191011236,0.0002094850935460683
265.6302521008403,5.668539325842697,0.00020594770792043017
265.6302521008403,5.734831460674157,0.00020250430529978247
265.6302521008403,5.801123595505618,0.00019915137790462277
265.6302521008403,5.867415730337079,0.0001958855865320901
265.6302521008403,5.9337078651685395,0.0001927037506696564
265.6302521008403,6.0,0.00018960283929065803
268.9075630252101,0.1,0.034404611091576415
268.9075630252101,0.1662921348314607,0.018804875288201718
268.9075630252101,0.23258426966292134,0.012519401274061981
268.9075630252101,0.298876404494382,0.009205799957030294
268.9075630252101,0.3651685393258427,0.0071882856045727165
268.9075630252101,0.4314606741573034,0.005843550016125584
268.9075630252101,0.49775280898876406,0.0048895982650470895
268.9075630252101,0.5640449438202247,0.0041812887341161195
268.9075630252101,0.6303370786516854,0.003636718899367613
268.9075630252101,0.6966292134831461,0.0032063612709818984
268.9075630252101,0.7629213483146068,0.0028586035180060963
268.9075630252101,0.8292134831460675,0.002572373017829415
268.9075630252101,0.895505617977528,0.002333112746162863
268.9075630252101,0.9617977528089887,0.0021304619691479456
268.9075630252101,1.0280898876404494,0.0019568572244027813
268.9075630252101,1.09438202247191,0.001806655332508068
268.9075630252101,1.1606741573033708,0.0016755652362140478
268.9075630252101,1.2269662921348314,0.0015602692567336348
268.9075630252101,1.2932584269662921,0.0014581642314632822
268.9075630252101,1.3595505617977528,0.001367180642895223
268.9075630252101,1.4258426966292135,0.0012856537379862425
268.9075630252101,1.4921348314606742,0.0012122300665761297
268.9075630252101,1.5584269662921348,0.0011457986243607406
268.9075630252101,1.6247191011235955,0.0010854393912137006
268.9075630252101,1.6910112359550562,0.001030384365761562
268.9075630252101,1.7573033707865169,0.0009799877083344903
268.9075630252101,1.8235955056179776,0.000933702611834725
268.9075630252101,1.8898876404494382,0.0008910632033133714
268.9075630252101,1.956179775280899,0.000851670249821522
268.9075630252101,2.0224719101123596,0.0008151797712357736
268.9075630252101,2.08876404494382,0.0007812938959836578
268.9075630252101,2.155056179775281,0.0007497534629326331
268.9075630252101,2.2213483146067414,0.0007203319941706405
268.9075630252101,2.2876404494382023,0.0006928307525301543
268.9075630252101,2.353932584269663,0.0006670746637656627
268.9075630252101,2.4202247191011237,0.0006429089327207692
268.9075630252101,2.486516853932584,0.0006201962201330611
268.9075630252101,2.552808988764045,0.000598814275127182
268.9075630252101,2.6191011235955055,0.0005786539402375481
268.9075630252101,2.6853932584269664,0.0005596174626451331
268.9075630252101,2.751685393258427,0.000541617058422683
268.9075630252101,2.8179775280898878,0.0005245736868551137
268.9075630252101,2.8842696629213482,0.0005084160000015661
268.9075630252101,2.950561797752809,0.0004930794390904179
268.9075630252101,3.0168539325842696,0.000478505454463929
268.9075630252101,3.0831460674157305,0.00046464082990004023
268.9075630252101,3.149438202247191,0.00045143709545301144
268.9075630252101,3.215730337078652,0.000438850015639741
268.9075630252101,3.2820224719101123,0.00042683914198417435
268.9075630252101,3.348314606741573,0.00041536742071939615
268.9075630252101,3.4146067415730337,0.00040440084791447894
268.9075630252101,3.4808988764044946,0.00039390816550328295
268.9075630252101,3.547191011235955,0.00038386059269412585
268.9075630252101,3.613483146067416,0.00037423158807167224
268.9075630252101,3.6797752808988764,0.00036499663839663094
268.9075630252101,3.746067415730337,0.00035613307068987
268.9075630252101,3.8123595505617978,0.00034761988467552416
268.9075630252101,3.878651685393258,0.0003394376030686427
268.9075630252101,3.944943820224719,0.0003315681375404368
268.9075630252101,4.01123595505618,0.00032399466848854184
268.9075630252101,4.0775280898876405,0.00031670153699013065
268.9075630252101,4.143820224719101,0.00030967414752908684
268.9075630252101,4.210112359550561,0.0003028988802708953
268.9075630252101,4.276404494382023,0.00029636301181525093
268.9075630252101,4.342696629213483,0.00029005464349077416
268.9075630252101,4.408988764044944,0.00028396263637187866
268.9075630252101,4.475280898876404,0.00027807655229781424
268.9075630252101,4.5415730337078655,0.00027238660026031775
268.9075630252101,4.607865168539326,0.0002668835876013398
268.9075630252101,4.674157303370786,0.0002615588755274459
268.9075630252101,4.740449438202247,0.00025640433850430744
268.9075630252101,4.806741573033708,0.0002514123271442226
268.9075630252101,4.873033707865169,0.0002465756342429275
268.9075630252101,4.939325842696629,0.00024188746365995704
268.9075630252101,5.00561797752809,0.00023734140177010294
268.9075630252101,5.071910112359551,0.00023293139124286135
268.9075630252101,5.138202247191011,0.00022865170693253854
268.9075630252101,5.204494382022472,0.0002244969336845094
268.9075630252101,5.270786516853932,0.000220461945883223
268.9075630252101,5.337078651685394,0.00021654188858542575
268.9075630252101,5.403370786516854,0.00021273216009782512
268.9075630252101,5.4696629213483146,0.00020902839587253022
268.9075630252101,5.535955056179775,0.00020542645360602292
268.9075630252101,5.602247191011236,0.00020192239943860458
268.9075630252101,5.668539325842697,0.0001985124951611499
268.9075630252101,5.734831460674157,0.0001951931863448721
268.9075630252101,5.801123595505618,0.00019196109131775117
268.9075630252101,5.867415730337079,0.00018881299091835305
268.9075630252101,5.9337078651685395,0.0001857458189641712
268.9075630252101,6.0,0.0001827566533773128
272.1848739495798,0.1,0.03325696356423056
272.1848739495798,0.1662921348314607,0.018160720449602406
272.1848739495798,0.23258426966292134,0.01208553600723412
272.1848739495798,0.298876404494382,0.008884678656058962
272.1848739495798,0.3651685393258427,0.00693648936795129
272.1848739495798,0.4314606741573034,0.005638262034070866
272.1848739495798,0.49775280898876406,0.004717455428593176
272.1848739495798,0.5640449438202247,0.00403384099274185
272.1848739495798,0.6303370786516854,0.00350830822921129
272.1848739495798,0.6966292134831461,0.0030930271340002913
272.1848739495798,0.7629213483146068,0.0027574734588002646
272.1848739495798,0.8292134831460675,0.0024813023932654197
272.1848739495798,0.895505617977528,0.0022504611219377278
272.1848739495798,0.9617977528089887,0.00205494863472673
272.1848739495798,1.0280898876404494,0.0018874646095168703
272.1848739495798,1.09438202247191,0.0017425625455850845
272.1848739495798,1.1606741573033708,0.001616101170118107
272.1848739495798,1.2269662921348314,0.0015048787689318178
272.1848739495798,1.2932584269662921,0.0014063832786305429
272.1848739495798,1.3595505617977528,0.0013186176835054393
272.1848739495798,1.4258426966292135,0.0012399756084269901
272.1848739495798,1.4921348314606742,0.0011691511060847753
272.1848739495798,1.5584269662921348,0.0011050721966386315
272.1848739495798,1.6247191011235955,0.0010468511993736533
272.1848739495798,1.6910112359550562,0.0009937471266091588
272.1848739495798,1.7573033707865169,0.0009451368692624805
272.1848739495798,1.8235955056179776,0.000900492876124452
272.1848739495798,1.8898876404494382,0.0008593656885401083
272.1848739495798,1.956179775280899,0.0008213701466728155
272.1848739495798,2.0224719101123596,0.0007861744012608966
272.1848739495798,2.08876404494382,0.0007534910899116315
272.1848739495798,2.155056179775281,0.0007230701985053582
272.1848739495798,2.2213483146067414,0.0006946932455251681
272.1848739495798,2.2876404494382023,0.0006681685131511771
272.1848739495798,2.353932584269663,0.000643327112716474
272.1848739495798,2.4202247191011237,0.0006200197198257859
272.1848739495798,2.486516853932584,0.0005981138504487994
272.1848739495798,2.552808988764045,0.000577491576711244
272.1848739495798,2.6191011235955055,0.0005580476021369563
272.1848739495798,2.6853932584269664,0.0005396876323485973
272.1848739495798,2.751685393258427,0.0005223269898863039
272.1848739495798,2.8179775280898878,0.0005058894317166514
272.1848739495798,2.8842696629213482,0.000490306135820494
272.1848739495798,2.950561797752809,0.0004755148294481149
272.1848739495798,3.0168539325842696,0.0004614590365759601
272.1848739495798,3.0831460674157305,0.00044808742606593417
272.1848739495798,3.149438202247191,0.0004353532452262725
272.1848739495798,3.215730337078652,0.00042321382606387017
272.1848739495798,3.2820224719101123,0.00041163015362690586
272.1848739495798,3.348314606741573,0.0004005664875609906
272.1848739495798,3.4146067415730337,0.00038999002941801007
272.1848739495798,3.4808988764044946,0.0003798706294244949
272.1848739495798,3.547191011235955,0.0003701805273827817
272.1848739495798,3.613483146067416,0.00036089412318148964
272.1848739495798,3.6797752808988764,0.0003519877730615903
272.1848739495798,3.746067415730337,0.00034343960834498996
272.1848739495798,3.8123595505617978,0.0003352293738032622
272.1848739495798,3.878651685393258,0.00032733828324079967
272.1848739495798,3.944943820224719,0.000319748890201768
272.1848739495798,4.01123595505618,0.00031244497199441344
272.1848739495798,4.0775280898876405,0.00030541142546772356
272.1848739495798,4.143820224719101,0.00029863417318138014
272.1848739495798,4.210112359550561,0.00029210007878595497
272.1848739495798,4.276404494382023,0.0002857968705811183
272.1848739495798,4.342696629213483,0.00027971307234925014
272.1848739495798,4.408988764044944,0.0002738379406734893
272.1848739495798,4.475280898876404,0.000268161408045666
272.1848739495798,4.5415730337078655,0.0002626740311529186
272.1848739495798,4.607865168539326,0.0002573669438041922
272.1848739495798,4.674157303370786,0.0002522318140206807
272.1848739495798,4.740449438202247,0.0002472608048690226
272.1848739495798,4.806741573033708,0.00024244653866388469
272.1848739495798,4.873033707865169,0.0002377820642083589
272.1848739495798,4.939325842696629,0.00023326082677722126
272.1848739495798,5.00561797752809,0.00022887664058024101
272.1848739495798,5.071910112359551,0.00022462366347103098
272.1848739495798,5.138202247191011,0.00022049637369179394
272.1848739495798,5.204494382022472,0.0002164895484663355
272.1848739495798,5.270786516853932,0.00021259824427311791
272.1848739495798,5.337078651685394,0.00020881777864733503
272.1848739495798,5.403370786516854,0.0002051437133762618
272.1848739495798,5.4696629213483146,0.0002015718389656266
272.1848739495798,5.535955056179775,0.00019809816026687547
272.1848739495798,5.602247191011236,0.0001947188831658624
272.1848739495798,5.668539325842697,0.00019143040224312038
272.1848739495798,5.734831460674157,0.00018822928932439898
272.1848739495798,5.801123595505618,0.00018511228284780372
272.1848739495798,5.867415730337079,0.00018207627798074466
272.1848739495798,5.9337078651685395,0.00017911831742601226
272.1848739495798,6.0,0.00017623558286185452
275.4621848739496,0.1,0.0321585932312255
275.4621848739496,0.1662921348314607,0.01754523457789564
275.4621848739496,0.23258426966292134,0.011671284144513534
275.4621848739496,0.298876404494382,0.00857820129190332
275.4621848739496,0.3651685393258427,0.0066962398882057786
275.4621848739496,0.4314606741573034,0.005442424570897461
275.4621848739496,0.49775280898876406,0.004553259834443478
275.4621848739496,0.5640449438202247,0.003893215251169401
275.4621848739496,0.6303370786516854,0.0033858490044766727
275.4621848739496,0.6966292134831461,0.0029849530241578145
275.4621848739496,0.7629213483146068,0.0026610424318033385
275.4621848739496,0.8292134831460675,0.0023944674914535688
275.4621848739496,0.895505617977528,0.002171656828096586
275.4621848739496,0.9617977528089887,0.001982952858345905
275.4621848739496,1.0280898876404494,0.0018213064457520468
275.4621848739496,1.09438202247191,0.0016814588116370118
275.4621848739496,1.1606741573033708,0.0015594116322665318
275.4621848739496,1.2269662921348314,0.0014520738563445846
275.4621848739496,1.2932584269662921,0.0013570203480035967
275.4621848739496,1.3595505617977528,0.0012723232684652799
275.4621848739496,1.4258426966292135,0.001196431939869876
275.4621848739496,1.4921348314606742,0.0011280857339200797
275.4621848739496,1.5584269662921348,0.0010662498992656364
275.4621848739496,1.6247191011235955,0.0010100676048411714
275.4621848739496,1.6910112359550562,0.0009588236311276111
275.4621848739496,1.7573033707865169,0.0009119165507253033
275.4621848739496,1.8235955056179776,0.0008688371790807356
275.4621848739496,1.8898876404494382,0.0008291517132964239
275.4621848739496,1.956179775280899,0.0007924884158820971
275.4621848739496,2.0224719101123596,0.0007585270071480278
275.4621848739496,2.08876404494382,0.0007269901473535631
275.4621848739496,2.155056179775281,0.0006976365457046233
275.4621848739496,2.2213483146067414,0.0006702553465066731
275.4621848739496,2.2876404494382023,0.0006446615258436023
275.4621848739496,2.353932584269663,0.0006206920937155852
275.4621848739496,2.4202247191011237,0.0005982029426292778
275.4621848739496,2.486516853932584,0.000577066218402622
275.4621848739496,2.552808988764045,0.000557168115411875
275.4621848739496,2.6191011235955055,0.0005384070188124587
275.4621848739496,2.6853932584269664,0.0005206919319579651
275.4621848739496,2.751685393258427,0.0005039411394559925
275.4621848739496,2.8179775280898878,0.00048808106586962564
275.4621848739496,2.8842696629213482,0.00047304529761908596
275.4621848739496,2.950561797752809,0.0004587737416232908
275.4621848739496,3.0168539325842696,0.0004452118989955285
275.4621848739496,3.0831460674157305,0.0004323102359367732
275.4621848739496,3.149438202247191,0.00042002363705722013
275.4621848739496,3.215730337078652,0.00040831092885771606
275.4621848739496,3.2820224719101123,0.0003971344631384885
275.4621848739496,3.348314606741573,0.00038645975176711657
275.4621848739496,3.4146067415730337,0.000376255145604509
275.4621848739496,3.4808988764044946,0.0003664915515146648
275.4621848739496,3.547191011235955,0.00035714218231697095
275.4621848739496,3.613483146067416,0.0003481823353150092
275.4621848739496,3.6797752808988764,0.00033958919568239336
275.4621848739496,3.746067415730337,0.0003313416615272774
275.4621848739496,3.8123595505617978,0.00032342018791150395
275.4621848739496,3.878651685393258,0.0003158066474832221
275.4621848739496,3.944943820224719,0.00030848420570524015
275.4621848739496,4.01123595505618,0.0003014372089356165
275.4621848739496,4.0775280898876405,0.0002946510838501252
275.4621848739496,4.143820224719101,0.00028811224689490294
275.4621848739496,4.210112359550561,0.0002818080226275168
275.4621848739496,4.276404494382023,0.0002757265699502365
275.4621848739496,4.342696629213483,0.0002698568153644174
275.4621848739496,4.408988764044944,0.0002641883924826318
275.4621848739496,4.475280898876404,0.00025871158712823325
275.4621848739496,4.5415730337078655,0.0002534172874325216
275.4621848739496,4.607865168539326,0.0002482969384095055
275.4621848739496,4.674157303370786,0.00024334250054894627
275.4621848739496,4.740449438202247,0.00023854641202122502
275.4621848739496,4.806741573033708,0.0002339015541336996
275.4621848739496,4.873033707865169,0.00022940121971855578
275.4621848739496,4.939325842696629,0.0002250390841675285
275.4621848739496,5.00561797752809,0.00022080917885985434
275.4621848739496,5.071910112359551,0.00021670586675714168
275.4621848739496,5.138202247191011,0.00021272381996285096
275.4621848739496,5.204494382022472,0.00020885799906530882
275.4621848739496,5.270786516853932,0.00020510363410190693
275.4621848739496,5.337078651685394,0.0002014562069987677
275.4621848739496,5.403370786516854,0.00019791143535483613
275.4621848739496,5.4696629213483146,0.00019446525745246988
275.4621848739496,5.535955056179775,0.00019111381838820513
275.4621848739496,5.602247191011236,0.00018785345722773235
275.4621848739496,5.668539325842697,0.00018468069509837114
275.4621848739496,5.734831460674157,0.00018159222414056814
275.4621848739496,5.801123595505618,0.00017858489724733594
275.4621848739496,5.867415730337079,0.0001756557185271601
275.4621848739496,5.9337078651685395,0.0001728018344318253
275.4621848739496,6.0,0.00017002052549594675
278.73949579831935,0.1,0.031106953631723312
278.73949579831935,0.1662921348314607,0.016956865123707004
278.73949579831935,0.23258426966292134,0.011275561998488568
278.73949579831935,0.298876404494382,0.008285549675997933
278.73949579831935,0.3651685393258427,0.006466887425930813
278.73949579831935,0.4314606741573034,0.005255503222144314
278.73949579831935,0.49775280898876406,0.004396560461390377
278.73949579831935,0.5640449438202247,0.0037590232786143657
278.73949579831935,0.6303370786516854,0.003269001798126541
278.73949579831935,0.6966292134831461,0.0028818384185184598
278.73949579831935,0.7629213483146068,0.002569041574269746
278.73949579831935,0.8292134831460675,0.0023116256619178242
278.73949579831935,0.895505617977528,0.0020964792339917275
278.73949579831935,0.9617977528089887,0.0019142727392408069
278.73949579831935,1.0280898876404494,0.0017581969367086799
278.73949579831935,1.09438202247191,0.001623172312469956
278.73949579831935,1.1606741573033708,0.0015053370386362954
278.73949579831935,1.2269662921348314,0.00140170572217743
278.73949579831935,1.2932584269662921,0.001309936217334182
278.73949579831935,1.3595505617977528,0.0012281667244475642
278.73949579831935,1.4258426966292135,0.0011548997333496196
278.73949579831935,1.4921348314606742,0.00108891787417431
278.73949579831935,1.5584269662921348,0.0010292219295901007
278.73949579831935,1.6247191011235955,0.0009749845127209371
278.73949579831935,1.6910112359550562,0.0009255149972398443
278.73949579831935,1.7573033707865169,0.0008802326480105532
278.73949579831935,1.8235955056179776,0.0008386458083802505
278.73949579831935,1.8898876404494382,0.0008003356157696835
278.73949579831935,1.956179775280899,0.0007649431412735928
278.73949579831935,2.0224719101123596,0.0007321591454255542
278.73949579831935,2.08876404494382,0.0007017158523157167
278.73949579831935,2.155056179775281,0.0006733802949321869
278.73949579831935,2.2213483146067414,0.0006469488939603685
278.73949579831935,2.2876404494382023,0.0006222430125119285
278.73949579831935,2.353932584269663,0.000599105288721074
278.73949579831935,2.4202247191011237,0.0005773965926363197
278.73949579831935,2.486516853932584,0.000556993487419027
278.73949579831935,2.552808988764045,0.0005377861004221047
278.73949579831935,2.6191011235955055,0.0005196763293328332
278.73949579831935,2.6853932584269664,0.0005025763237203744
278.73949579831935,2.751685393258427,0.00048640719412519206
278.73949579831935,2.8179775280898878,0.0004710979100704283
278.73949579831935,2.8842696629213482,0.00045658435566272855
278.73949579831935,2.950561797752809,0.0004428085172302851
278.73949579831935,3.0168539325842696,0.00042971778205681544
278.73949579831935,3.0831460674157305,0.00041726433096819223
278.73949579831935,3.149438202247191,0.000405404610509783
278.73949579831935,3.215730337078652,0.0003940988728677418
278.73949579831935,3.2820224719101123,0.000383310773653483
278.73949579831935,3.348314606741573,0.00037300701927787814
278.73949579831935,3.4146067415730337,0.0003631570569617146
278.73949579831935,3.4808988764044946,0.000353732801517142
278.73949579831935,3.547191011235955,0.0003447083939358645
278.73949579831935,3.613483146067416,0.0003360599875683182
278.73949579831935,3.6797752808988764,0.00032776555830247667
278.73949579831935,3.746067415730337,0.0003198047356733737
278.73949579831935,3.8123595505617978,0.0003121586522731931
278.73949579831935,3.878651685393258,0.00030480980920138804
278.73949579831935,3.944943820224719,0.00029774195560668533
278.73949579831935,4.01123595505618,0.00029093998063756116
278.73949579831935,4.0775280898876405,0.0002843898163429179
278.73949579831935,4.143820224719101,0.00027807835025648366
278.73949579831935,4.210112359550561,0.0002719933465625919
278.73949579831935,4.276404494382023,0.0002661233748814663
278.73949579831935,4.342696629213483,0.0002604577458329912
278.73949579831935,4.408988764044944,0.00025498645264195453
278.73949579831935,4.475280898876404,0.0002497001181375637
278.73949579831935,4.5415730337078655,0.00024458994657778916
278.73949579831935,4.607865168539326,0.00023964767979648137
278.73949579831935,4.674157303370786,0.0002348655572297916
278.73949579831935,4.740449438202247,0.00023023627942949667
278.73949579831935,4.806741573033708,0.00022575297471532564
278.73949579831935,4.873033707865169,0.00022140916865735858
278.73949579831935,4.939325842696629,0.00021719875611369335
278.73949579831935,5.00561797752809,0.0002131159755785206
278.73949579831935,5.071910112359551,0.0002091553856220961
278.73949579831935,5.138202247191011,0.00020531184322731093
278.73949579831935,5.204494382022472,0.0002015804838480248
278.73949579831935,5.270786516853932,0.00019795670303243983
278.73949579831935,5.337078651685394,0.00019443613947081178
278.73949579831935,5.403370786516854,0.0001910146593410089
278.73949579831935,5.4696629213483146,0.00018768834183804939
278.73949579831935,5.535955056179775,0.00018445346578496846
278.73949579831935,5.602247191011236,0.0001813064972323746
278.73949579831935,5.668539325842697,0.00017824407796296877
278.73949579831935,5.734831460674157,0.000175263014825254
278.73949579831935,5.801123595505618,0.0001723602698278296
278.73949579831935,5.867415730337079,0.00016953295093198514
278.73949579831935,5.9337078651685395,0.0001667783034860957
278.73949579831935,6.0,0.00016409370225041028
282.01680672268907,0.1,0.03009964976799082
282.01680672268907,0.1662921348314607,0.01639415761647417
282.01680672268907,0.23258426966292134,0.010897356089124573
282.01680672268907,0.298876404494382,0.008005959366755815
282.01680672268907,0.3651685393258427,0.006247825299394261
282.01680672268907,0.4314606741573034,0.005076999212884689
282.01680672268907,0.49775280898876406,0.0042469364919122485
282.01680672268907,0.5640449438202247,0.0036309029310862594
282.01680672268907,0.6303370786516854,0.003157450051445207
282.01680672268907,0.6966292134831461,0.002783403085038551
282.01680672268907,0.7629213483146068,0.002481220209002017
282.01680672268907,0.8292134831460675,0.0022325506912788794
282.01680672268907,0.895505617977528,0.002024722673455282
282.01680672268907,0.9617977528089887,0.0018487200857549195
282.01680672268907,1.0280898876404494,0.0016979629136345457
282.01680672268907,1.09438202247191,0.0015675429172897586
282.01680672268907,1.1606741573033708,0.001453728668462164
282.01680672268907,1.2269662921348314,0.0013536357052783348
282.01680672268907,1.2932584269662921,0.0012650011534488252
282.01680672268907,1.3595505617977528,0.0011860262892905695
282.01680672268907,1.4258426966292135,0.0011152643817889719
282.01680672268907,1.4921348314606742,0.0010515393739861942
282.01680672268907,1.5584269662921348,0.0009938859828398949
282.01680672268907,1.6247191011235955,0.0009415049388807007
282.01680672268907,1.6910112359550562,0.0008937290998517158
282.01680672268907,1.7573033707865169,0.0008499974889656694
282.01680672268907,1.8235955056179776,0.0008098351858126086
282.01680672268907,1.8898876404494382,0.0007728375928997731
282.01680672268907,1.956179775280899,0.0007386580106664144
282.01680672268907,2.0224719101123596,0.0007069977403159814
282.01680672268907,2.08876404494382,0.0006775981367915205
282.01680672268907,2.155056179775281,0.0006502341798389939
282.01680672268907,2.2213483146067414,0.0006247092367884907
282.01680672268907,2.2876404494382023,0.0006008507682198825
282.01680672268907,2.353932584269663,0.0005785067851421271
282.01680672268907,2.4202247191011237,0.0005575429093061207
282.01680672268907,2.486516853932584,0.0005378399207211069
282.01680672268907,2.552808988764045,0.000519291701143948
282.01680672268907,2.6191011235955055,0.0005018035012586609
282.01680672268907,2.6853932584269664,0.0004852904739079996
282.01680672268907,2.751685393258427,0.00046967642713666315
282.01680672268907,2.8179775280898878,0.00045489275973575205
282.01680672268907,2.8842696629213482,0.0004408775490189334
282.01680672268907,2.950561797752809,0.00042757476614526904
282.01680672268907,3.0168539325842696,0.0004149335987583982
282.01680672268907,3.0831460674157305,0.0004029078642844446
282.01680672268907,3.149438202247191,0.00039145550011124286
282.01680672268907,3.215730337078652,0.00038053811920476794
282.01680672268907,3.2820224719101123,0.00037012062161789056
282.01680672268907,3.348314606741573,0.0003601708538994001
282.01680672268907,3.4146067415730337,0.0003506593096863201
282.01680672268907,3.4808988764044946,0.0003415588658138666
282.01680672268907,3.547191011235955,0.0003328445491477238
282.01680672268907,3.613483146067416,0.0003244933300664326
282.01680672268907,3.6797752808988764,0.00031648393912482353
282.01680672268907,3.746067415730337,0.000308796703934086
282.01680672268907,3.8123595505617978,0.0003014134037179711
282.01680672268907,3.878651685393258,0.00029431713936158775
282.01680672268907,3.944943820224719,0.0002874922170710589
282.01680672268907,4.01123595505618,0.00028092404401801297
282.01680672268907,4.0775280898876405,0.00027459903456034817
282.01680672268907,4.143820224719101,0.00026850452581600654
282.01680672268907,4.210112359550561,0.0002626287015249872
282.01680672268907,4.276404494382023,0.00025696052327056087
282.01680672268907,4.342696629213483,0.00025148966824734605
282.01680672268907,4.408988764044944,0.00024620647286438643
282.01680672268907,4.475280898876404,0.00024110188155813706
282.01680672268907,4.5415730337078655,0.00023616740026532484
282.01680672268907,4.607865168539326,0.0002313950540707875
282.01680672268907,4.674157303370786,0.00022677734860195923
282.01680672268907,4.740449438202247,0.00022230723479100734
282.01680672268907,4.806741573033708,0.00021797807666857824
282.01680672268907,4.873033707865169,0.0002137836218908057
282.01680672268907,4.939325842696629,0.00020971797473414163
282.01680672268907,5.00561797752809,0.00020577557132151568
282.01680672268907,5.071910112359551,0.00020195115686878727
282.01680672268907,5.138202247191011,0.00019823976476285286
282.01680672268907,5.204494382022472,0.00019463669730254569
282.01680672268907,5.270786516853932,0.00019113750795096704
282.01680672268907,5.337078651685394,0.00018773798496334032
282.01680672268907,5.403370786516854,0.00018443413626822398
282.01680672268907,5.4696629213483146,0.0001812221754921017
282.01680672268907,5.535955056179775,0.00017809850902820312
282.01680672268907,5.602247191011236,0.000175059724060071
282.01680672268907,5.668539325842697,0.00017210257745900958
282.01680672268907,5.734831460674157,0.00016922398548222355
282.01680672268907,5.801123595505618,0.00016642101420536584
282.01680672268907,5.867415730337079,0.00016369087062934398
282.01680672268907,5.9337078651685395,0.00016103089440678957
282.01680672268907,6.0,0.00015843855013853832
285.29411764705884,0.1,0.02913442808121838
285.29411764705884,0.1662921348314607,0.015855748650116658
285.29411764705884,0.23258426966292134,0.01053571796314464
285.29411764705884,0.298876404494382,0.0077387156357667936
285.29411764705884,0.3651685393258427,0.006038486618427675
285.29411764705884,0.4314606741573034,0.004906446675273945
285.29411764705884,0.49775280898876406,0.004103994992000726
285.29411764705884,0.5640449438202247,0.0035085161393340423
285.29411764705884,0.6303370786516854,0.003050898304594094
285.29411764705884,0.6966292134831461,0.002689385508508731
285.29411764705884,0.7629213483146068,0.0023973444306203545
285.29411764705884,0.8292134831460675,0.002157031523173868
285.29411764705884,0.895505617977528,0.0019561952776395715
285.29411764705884,0.9617977528089887,0.0017861193447009506
285.29411764705884,1.0280898876404494,0.0016404428481274005
285.29411764705884,1.09438202247191,0.0015144212680094481
285.29411764705884,1.1606741573033708,0.0014044478132958422
285.29411764705884,1.2269662921348314,0.0013077344855698496
285.29411764705884,1.2932584269662921,0.0012220941678443827
285.29411764705884,1.3595505617977528,0.0011457884124862637
285.29411764705884,1.4258426966292135,0.0010774190108705916
285.29411764705884,1.4921348314606742,0.00101584938091134
285.29411764705884,1.5584269662921348,0.0009601466626222363
285.29411764705884,1.6247191011235955,0.0009095384506412754
285.29411764705884,1.6910112359550562,0.0008633800391539503
285.29411764705884,1.7573033707865169,0.000821129327638746
285.29411764705884,1.8235955056179776,0.0007823273842467154
285.29411764705884,1.8898876404494382,0.0007465832388799217
285.29411764705884,1.956179775280899,0.0007135618743100129
285.29411764705884,2.0224719101123596,0.000682974660671645
285.29411764705884,2.08876404494382,0.0006545716749069634
285.29411764705884,2.155056179775281,0.0006281354875151882
285.29411764705884,2.2213483146067414,0.0006034761011299289
285.29411764705884,2.2876404494382023,0.0005804268004014992
285.29411764705884,2.353932584269663,0.0005588407282090263
285.29411764705884,2.4202247191011237,0.0005385880447841899
285.29411764705884,2.486516853932584,0.000519553557695606
285.29411764705884,2.552808988764045,0.0005016347345173062
285.29411764705884,2.6191011235955055,0.00048474002831985574
285.29411764705884,2.6853932584269664,0.00046878746027735597
285.29411764705884,2.751685393258427,0.00045370341470020215
285.29411764705884,2.8179775280898878,0.0004394216104346018
285.29411764705884,2.8842696629213482,0.0004258822193750175
285.29411764705884,2.950561797752809,0.0004130311082330818
285.29411764705884,3.0168539325842696,0.0004008191840119976
285.29411764705884,3.0831460674157305,0.00038920182708837293
285.29411764705884,3.149438202247191,0.00037813839858701835
285.29411764705884,3.215730337078652,0.00036759181098929987
285.29411764705884,3.2820224719101123,0.0003575281527510779
285.29411764705884,3.348314606741573,0.00034791635920700467
285.29411764705884,3.4146067415730337,0.00033872792327015297
285.29411764705884,3.4808988764044946,0.00032993664045203404
285.29411764705884,3.547191011235955,0.00032151838356904726
285.29411764705884,3.613483146067416,0.0003134509032003091
285.29411764705884,3.6797752808988764,0.000305713650544583
285.29411764705884,3.746067415730337,0.0002982876198117933
285.29411764705884,3.8123595505617978,0.00029115520769419027
285.29411764705884,3.878651685393258,0.00028430008780722766
285.29411764705884,3.944943820224719,0.0002777070982818281
285.29411764705884,4.01123595505618,0.000271362140936859
285.29411764705884,4.0775280898876405,0.00026525209067071237
285.29411764705884,4.143820224719101,0.0002593647138900236
285.29411764705884,4.210112359550561,0.0002536885949466361
285.29411764705884,4.276404494382023,0.0002482130696851336
285.29411764705884,4.342696629213483,0.00024292816531602785
285.29411764705884,4.408988764044944,0.00023782454592672042
285.29411764705884,4.475280898876404,0.00023289346302629102
285.29411764705884,4.5415730337078655,0.00022812671059260919
285.29411764705884,4.607865168539326,0.00022351658415326148
285.29411764705884,4.674157303370786,0.00021905584348642752
285.29411764705884,4.740449438202247,0.00021473767857547692
285.29411764705884,4.806741573033708,0.0002105556784926426
285.29411764705884,4.873033707865169,0.00020650380292345038
285.29411764705884,4.939325842696629,0.0002025763560754592
285.29411764705884,5.00561797752809,0.00019876796274278575
285.29411764705884,5.071910112359551,0.00019507354632253136
285.29411764705884,5.138202247191011,0.0001914883086008045
285.29411764705884,5.204494382022472,0.00018800771114522026
285.29411764705884,5.270786516853932,0.00018462745815758395
285.29411764705884,5.337078651685394,0.00018134348065547743
285.29411764705884,5.403370786516854,0.00017815192186467318
285.29411764705884,5.4696629213483146,0.000175049123716119
285.29411764705884,5.535955056179775,0.00017203161435168753
285.29411764705884,5.602247191011236,0.00016909609655221483
285.29411764705884,5.668539325842697,0.0001662394370096891
285.29411764705884,5.734831460674157,0.00016345865637285332
285.29411764705884,5.801123595505618,0.00016075092000216313
285.29411764705884,5.867415730337079,0.00015811352937596733
285.29411764705884,5.9337078651685395,0.00015554391409513922
285.29411764705884,6.0,0.00015303962443814369
288.57142857142856,0.1,0.028209167143894848
288.57142857142856,0.1662921348314607,0.015340359423640666
288.57142857142856,0.23258426966292134,0.01018975943945932
288.57142857142856,0.298876404494382,0.007483149772617418
288.57142857142856,0.3651685393258427,0.005838341296009956
288.57142857142856,0.4314606741573034,0.004743410159585796
288.57142857142856,0.49775280898876406,0.003967368791231909
288.57142857142856,0.5640449438202247,0.0033915470712746333
288.57142857142856,0.6303370786516854,0.0029490705811877713
288.57142857142856,0.6966292134831461,0.002599541453923357
288.57142857142856,0.7629213483146068,0.002317195815568616
288.57142857142856,0.8292134831460675,0.0020848710904480348
288.57142857142856,0.895505617977528,0.0018907179104065985
288.57142857142856,0.9617977528089887,0.0017263066249334187
288.57142857142856,1.0280898876404494,0.001585485951830244
288.57142857142856,1.09438202247191,0.0014636679452454072
288.57142857142856,1.1606741573033708,0.001357365001207054
288.57142857142856,1.2269662921348314,0.0012638813597091372
288.57142857142856,1.2932584269662921,0.0011811023381316326
288.57142857142856,1.3595505617977528,0.001107347117591215
288.57142857142856,1.4258426966292135,0.0010412638782956811
288.57142857142856,1.4921348314606742,0.0009817537754799094
288.57142857142856,1.5584269662921348,0.0009279149437033419
288.57142857142856,1.6247191011235955,0.0008790006570942329
288.57142857142856,1.6910112359550562,0.000834387656123895
288.57142857142856,1.7573033707865169,0.0007935518828893014
288.57142857142856,1.8235955056179776,0.0007560496875127654
288.57142857142856,1.8898876404494382,0.0007215031246752024
288.57142857142856,1.956179775280899,0.000689588342579208
288.57142857142856,2.0224719101123596,0.0006600263345373726
288.57142857142856,2.08876404494382,0.0006325755131732864
288.57142857142856,2.155056179775281,0.0006070257033698732
288.57142857142856,2.2213483146067414,0.0005831932489045942
288.57142857142856,2.2876404494382023,0.0005609170001960483
288.57142857142856,2.353932584269663,0.0005400550043026402
288.57142857142856,2.4202247191011237,0.0005204817584996967
288.57142857142856,2.486516853932584,0.0005020859190930253
288.57142857142856,2.552808988764045,0.0004847683802126084
288.57142857142856,2.6191011235955055,0.0004684406550398119
288.57142857142856,2.6853932584269664,0.0004530235056080201
288.57142857142856,2.751685393258427,0.0004384457779686796
288.57142857142856,2.8179775280898878,0.0004246434078602018
288.57142857142856,2.8842696629213482,0.0004115585685967993
288.57142857142856,2.950561797752809,0.0003991389381129929
288.57142857142856,3.0168539325842696,0.0003873370662622008
288.57142857142856,3.0831460674157305,0.000376109826806251
288.57142857142856,3.149438202247191,0.00036541794122390024
288.57142857142856,3.215730337078652,0.0003552255636466701
288.57142857142856,3.2820224719101123,0.0003454999180048184
288.57142857142856,3.348314606741573,0.00033621097991712583
288.57142857142856,3.4146067415730337,0.0003273311970495227
288.57142857142856,3.4808988764044946,0.00031883524264979246
288.57142857142856,3.547191011235955,0.00031069979777874845
288.57142857142856,3.613483146067416,0.0003029033584338159
288.57142857142856,3.6797752808988764,0.00029542606432444773
288.57142857142856,3.746067415730337,0.00028824954653027993
288.57142857142856,3.8123595505617978,0.00028135679166890027
288.57142857142856,3.878651685393258,0.0002747320205336196
288.57142857142856,3.944943820224719,0.00026836057944356516
288.57142857142856,4.01123595505618,0.00026222884278725495
288.57142857142856,4.0775280898876405,0.0002563241254440015
288.57142857142856,4.143820224719101,0.0002506346039405545
288.57142857142856,4.210112359550561,0.0002451492453484453
288.57142857142856,4.276404494382023,0.00023985774305429892
288.57142857142856,4.342696629213483,0.00023475045864438317
288.57142857142856,4.408988764044944,0.0002298183692384951
288.57142857142856,4.475280898876404,0.00022505301968936848
288.57142857142856,4.5415730337078655,0.00022044647913387066
288.57142857142856,4.607865168539326,0.00021599130144310213
288.57142857142856,4.674157303370786,0.00021168048917135672
288.57142857142856,4.740449438202247,0.00020750746064995105
288.57142857142856,4.806741573033708,0.00020346601991210345
288.57142857142856,4.873033707865169,0.00019955032917018942
288.57142857142856,4.939325842696629,0.00019575488359746575
288.57142857142856,5.00561797752809,0.00019207448819340308
288.57142857142856,5.071910112359551,0.00018850423653550652
288.57142857142856,5.138202247191011,0.00018503949124144782
288.57142857142856,5.204494382022472,0.00018167586598379288
288.57142857142856,5.270786516853932,0.0001784092089159524
288.57142857142856,5.337078651685394,0.0001752355873824074
288.57142857142856,5.403370786516854,0.00017215127379911137
288.57142857142856,5.4696629213483146,0.00016915273260131557
288.57142857142856,5.535955056179775,0.0001662366081662192
288.57142857142856,5.602247191011236,0.00016339971362682958
288.57142857142856,5.668539325842697,0.00016063902050148456
288.57142857142856,5.734831460674157,0.00015795164907064647
288.57142857142856,5.801123595505618,0.00015533485943901434
288.57142857142856,5.867415730337079,0.00015278604322673236
288.57142857142856,5.9337078651685395,0.00015030271583864931
288.57142857142856,6.0,0.00014788250926517672
291.8487394957983,0.1,0.027321869015133497
291.8487394957983,0.1662921348314607,0.014846789789041375
291.8487394957983,0.23258426966292134,0.0098586482422635
291.8487394957983,0.298876404494382,0.007238635697058065
291.8487394957983,0.3651685393258427,0.005646893311505078
291.8487394957983,0.4314606741573034,0.004587482356617731
291.8487394957983,0.49775280898876406,0.003836714543971877
291.8487394957983,0.5640449438202247,0.0032797004521601197
291.8487394957983,0.6303370786516854,0.002851708912044868
291.8487394957983,0.6966292134831461,0.002513642653984631
291.8487394957983,0.7629213483146068,0.0022405702438542227
291.8487394957983,0.8292134831460675,0.002015885248701593
291.8487394957983,0.895505617977528,0.0018281231962748723
291.8487394957983,0.9617977528089887,0.0016691288059374955
291.8487394957983,1.0280898876404494,0.0015329513546155555
291.8487394957983,1.09438202247191,0.001415152707104326
291.8487394957983,1.1606741573033708,0.0013123592887627578
291.8487394957983,1.2269662921348314,0.0012219635800865519
291.8487394957983,1.2932584269662921,0.001141920188861255
291.8487394957983,1.3595505617977528,0.0010706034204746454
291.8487394957983,1.4258426966292135,0.0010067058256870128
291.8487394957983,1.4921348314606742,0.0009491646535099575
291.8487394957983,1.5584269662921348,0.0008971076819192366
291.8487394957983,1.6247191011235955,0.0008498127441569907
291.8487394957983,1.6910112359550562,0.0008066770905735577
291.8487394957983,1.7573033707865169,0.0007671939175331065
291.8487394957983,1.8235955056179776,0.0007309341889647154
291.8487394957983,1.8898876404494382,0.0006975324145091589
291.8487394957983,1.956179775280899,0.0006666754190512228
291.8487394957983,2.0224719101123596,0.0006380933976223398
291.8487394957983,2.08876404494382,0.0006115527332781265
291.8487394957983,2.155056179775281,0.0005868501872707914
291.8487394957983,2.2213483146067414,0.0005638081664226421
291.8487394957983,2.2876404494382023,0.0005422708427286481
291.8487394957983,2.353932584269663,0.0005221009521796954
291.8487394957983,2.4202247191011237,0.0005031771386718656
291.8487394957983,2.486516853932584,0.0004853917382078776
291.8487394957983,2.552808988764045,0.000468648920927847
291.8487394957983,2.6191011235955055,0.0004528631256370384
291.8487394957983,2.6853932584269664,0.00043795773473695655
291.8487394957983,2.751685393258427,0.0004238639477694421
291.8487394957983,2.8179775280898878,0.0004105198198555212
291.8487394957983,2.8842696629213482,0.0003978694376748446
291.8487394957983,2.950561797752809,0.00038586221067906843
291.8487394957983,3.0168539325842696,0.0003744522592586813
291.8487394957983,3.0831460674157305,0.000363597884811735
291.8487394957983,3.149438202247191,0.0003532611092657964
291.8487394957983,3.215730337078652,0.0003434072737130916
291.8487394957983,3.2820224719101123,0.000334004687535059
291.8487394957983,3.348314606741573,0.00032502432079570693
291.8487394957983,3.4146067415730337,0.0003164395338353689
291.8487394957983,3.4808988764044946,0.00030822583894636623
291.8487394957983,3.547191011235955,0.0003003606897985198
291.8487394957983,3.613483146067416,0.00029282329493575886
291.8487394957983,3.6797752808988764,0.0002855944522100209
291.8487394957983,3.746067415730337,0.0002786564014746403
291.8487394957983,3.8123595505617978,0.0002719926932422951
291.8487394957983,3.878651685393258,0.00026558807133518074
291.8487394957983,3.944943820224719,0.0002594283678276597
291.8487394957983,4.01123595505618,0.00025350040881267375
291.8487394957983,4.0775280898876405,0.0002477919297196507
291.8487394957983,4.143820224719101,0.0002422914990790108
291.8487394957983,4.210112359550561,0.00023698844977157322
291.8487394957983,4.276404494382023,0.00023187281692374747
291.8487394957983,4.342696629213483,0.00022693528171482366
291.8487394957983,4.408988764044944,0.00022216712045343382
291.8487394957983,4.475280898876404,0.00021756015835861309
291.8487394957983,4.5415730337078655,0.000213106727548709
291.8487394957983,4.607865168539326,0.0002087996288002028
291.8487394957983,4.674157303370786,0.0002046320966896087
291.8487394957983,4.740449438202247,0.00020059776777615277
291.8487394957983,4.806741573033708,0.00019669065152176863
291.8487394957983,4.873033707865169,0.00019290510367894008
291.8487394957983,4.939325842696629,0.00018923580190667206
291.8487394957983,5.00561797752809,0.00018567772340101347
291.8487394957983,5.071910112359551,0.00018222612434952182
291.8487394957983,5.138202247191011,0.00017887652103929422
291.8487394957983,5.204494382022472,0.00017562467246606524
291.8487394957983,5.270786516853932,0.00017246656430764003
291.8487394957983,5.337078651685394,0.00016939839413890589
291.8487394957983,5.403370786516854,0.00016641655777806382
291.8487394957983,5.4696629213483146,0.00016351763666471133
291.8487394957983,5.535955056179775,0.00016069838618020256
291.8487394957983,5.602247191011236,0.00015795572482941336
291.8487394957983,5.668539325842697,0.00015528672421081198
291.8487394957983,5.734831460674157,0.0001526885997086722
291.8487394957983,5.801123595505618,0.00015015870184747115
291.8487394957983,5.867415730337079,0.0001476945082540566
291.8487394957983,5.9337078651685395,0.00014529361617814557
291.8487394957983,6.0,0.0001429537355261741
295.12605042016804,0.1,0.026470651209369783
295.12605042016804,0.1662921348314607,0.014373912763224223
295.12605042016804,0.23258426966292134,0.009541603987152215
295.12605042016804,0.298876404494382,0.007004586850380572
295.12605042016804,0.3651685393258427,0.005463678202174829
295.12605042016804,0.4314606741573034,0.004438282011632824
295.12605042016804,0.49775280898876406,0.0037117109545977962
295.12605042016804,0.5640449438202247,0.0031727000274952566
295.12605042016804,0.6303370786516854,0.0027585719848337875
295.12605042016804,0.6966292134831461,0.002431475608856015
295.12605042016804,0.7629213483146068,0.0021672768217934632
295.12605042016804,0.8292134831460675,0.0019499018014375027
295.12605042016804,0.895505617977528,0.0017682546319981634
295.12605042016804,0.9617977528089887,0.0016144427232217995
295.12605042016804,1.0280898876404494,0.001482707353665636
295.12605042016804,1.09438202247191,0.0013687537937101452
295.12605042016804,1.1606741573033708,0.001269317614211842
295.12605042016804,1.2269662921348314,0.001181875751014431
295.12605042016804,1.2932584269662921,0.0011044491259624143
295.12605042016804,1.3595505617977528,0.0010354647979739942
295.12605042016804,1.4258426966292135,0.0009736577780133079
295.12605042016804,1.4921348314606742,0.0009179998533313311
295.12605042016804,1.5584269662921348,0.0008676471666253353
295.12605042016804,1.6247191011235955,0.0008219010500036359
295.12605042016804,1.6910112359550562,0.0007801783775937348
295.12605042016804,1.7573033707865169,0.0007419888540652256
295.12605042016804,1.8235955056179776,0.0007069174249465307
295.12605042016804,1.8898876404494382,0.0006746105157075391
295.12605042016804,1.956179775280899,0.0006447651655073372
295.12605042016804,2.0224719101123596,0.0006171203723665175
295.12605042016804,2.08876404494382,0.0005914501442334429
295.12605042016804,2.155056179775281,0.0005675578778862216
295.12605042016804,2.2213483146067414,0.0005452717801169173
295.12605042016804,2.2876404494382023,0.0005244411135037168
295.12605042016804,2.353932584269663,0.0005049330993629241
295.12605042016804,2.4202247191011237,0.0004866303480904112
295.12605042016804,2.486516853932584,0.00046942871549443744
295.12605042016804,2.552808988764045,0.00045323550533054674
295.12605042016804,2.6191011235955055,0.0004379679548253046
295.12605042016804,2.6853932584269664,0.0004235519527856727
295.12605042016804,2.751685393258427,0.00040992094986037485
295.12605042016804,2.8179775280898878,0.0003970150283300682
295.12605042016804,2.8842696629213482,0.00038478010496085396
295.12605042016804,2.950561797752809,0.00037316724533945696
295.12605042016804,3.0168539325842696,0.0003621320720039361
295.12605042016804,3.0831460674157305,0.0003516342518078505
295.12605042016804,3.149438202247191,0.000341637050474231
295.12605042016804,3.215730337078652,0.000332106944335773
295.12605042016804,3.2820224719101123,0.00032301328091820133
295.12605042016804,3.348314606741573,0.000314327981381316
295.12605042016804,3.4146067415730337,0.0003060252789469091
295.12605042016804,3.4808988764044946,0.00029808148836186354
295.12605042016804,3.547191011235955,0.0002904748022054679
295.12605042016804,3.613483146067416,0.00028318511048213964
295.12605042016804,3.6797752808988764,0.00027619384046789525
295.12605042016804,3.746067415730337,0.00026948381422005097
295.12605042016804,3.8123595505617978,0.00026303912153010826
295.12605042016804,3.878651685393258,0.0002568450064117816
295.12605042016804,3.944943820224719,0.00025088776547990525
295.12605042016804,4.01123595505618,0.000245154656799413
295.12605042016804,4.0775280898876405,0.00023963381797362875
295.12605042016804,4.143820224719101,0.00023431419240307436
295.12605042016804,4.210112359550561,0.0002291854627844443
295.12605042016804,4.276404494382023,0.00022423799103805968
295.12605042016804,4.342696629213483,0.00021946276395405745
295.12605042016804,4.408988764044944,0.00021485134393537894
295.12605042016804,4.475280898876404,0.0002103958242914333
295.12605042016804,4.5415730337078655,0.00020608878860190103
295.12605042016804,4.607865168539326,0.00020192327372704297
295.12605042016804,4.674157303370786,0.00019789273609031535
295.12605042016804,4.740449438202247,0.0001939910209021743
295.12605042016804,4.806741573033708,0.00019021233403150706
295.12605042016804,4.873033707865169,0.00018655121626402716
295.12605042016804,4.939325842696629,0.00018300251971573297
295.12605042016804,5.00561797752809,0.00017956138619481813
295.12605042016804,5.071910112359551,0.00017622322732764264
295.12605042016804,5.138202247191011,0.00017298370628394984
295.12605042016804,5.204494382022472,0.0001698387209537719
295.12605042016804,5.270786516853932,0.00016678438844375536
295.12605042016804,5.337078651685394,0.0001638170307741332
295.12605042016804,5.403370786516854,0.00016093316166955322
295.12605042016804,5.4696629213483146,0.00015812947434760754
295.12605042016804,5.535955056179775,0.00015540283021837334
295.12605042016804,5.602247191011236,0.00015275024841668154
295.12605042016804,5.668539325842697,0.00015016889609634803
295.12605042016804,5.734831460674157,0.00014765607942229277
295.12605042016804,5.801123595505618,0.00014520923520246003
295.12605042016804,5.867415730337079,0.00014282592310681586
295.12605042016804,5.9337078651685395,0.00014050381842547707
295.12605042016804,6.0,0.00013824070532233437
298.4033613445378,0.1,0.02565373923258104
298.4033613445378,0.1662921348314607,0.013920669464608404
298.4033613445378,0.23258426966292134,0.009237894488952885
298.4033613445378,0.298876404494382,0.006780453340665301
298.4033613445378,0.3651685393258427,0.005288260761950685
298.4033613445378,0.4314606741573034,0.00429545201203393
298.4033613445378,0.49775280898876406,0.00359205715138291
298.4033613445378,0.5640449438202247,0.00307028715527353
298.4033613445378,0.6303370786516854,0.002669433907718269
298.4033613445378,0.6966292134831461,0.002352840487524505
298.4033613445378,0.7629213483146068,0.002097136896162048
298.4033613445378,0.8292134831460675,0.001886759608083496
298.4033613445378,0.895505617977528,0.0017109657737937917
298.4033613445378,0.9617977528089887,0.0015621144231723215
298.4033613445378,1.0280898876404494,0.0014346307266612142
298.4033613445378,1.09438202247191,0.001324357291168907
298.4033613445378,1.1606741573033708,0.0012281342060013404
298.4033613445378,1.2269662921348314,0.0011435192766119373
298.4033613445378,1.2932584269662921,0.0010685969196391105
298.4033613445378,1.3595505617977528,0.0010018447021073388
298.4033613445378,1.4258426966292135,0.0009420382859588414
298.4033613445378,1.4921348314606742,0.0008881825235924715
298.4033613445378,1.5584269662921348,0.0008394607115831744
298.4033613445378,1.6247191011235955,0.0007951966769763334
298.4033613445378,1.6910112359550562,0.0007548260786881436
298.4033613445378,1.7573033707865169,0.0007178744234290511
298.4033613445378,1.8235955056179776,0.0006839400397902759
298.4033613445378,1.8898876404494382,0.0006526807586752668
298.4033613445378,1.956179775280899,0.0006238033957725671
298.4033613445378,2.0224719101123596,0.0005970553746426149
298.4033613445378,2.08876404494382,0.000572218001039858
298.4033613445378,2.155056179775281,0.0005491010224996794
298.4033613445378,2.2213483146067414,0.000527538196772835
298.4033613445378,2.2876404494382023,0.0005073836583825324
298.4033613445378,2.353932584269663,0.0004885089212585943
298.4033613445378,2.4202247191011237,0.00047080039181823737
298.4033613445378,2.486516853932584,0.00045415729434690916
298.4033613445378,2.552808988764045,0.0004384899314497315
298.4033613445378,2.6191011235955055,0.0004237182183892946
298.4033613445378,2.6853932584269664,0.0004097704425251143
298.4033613445378,2.751685393258427,0.00039658220871997813
298.4033613445378,2.8179775280898878,0.0003840955391384011
298.4033613445378,2.8842696629213482,0.00037225810182255856
298.4033613445378,2.950561797752809,0.00036102254715807076
298.4033613445378,3.0168539325842696,0.0003503459351124683
298.4033613445378,3.0831460674157305,0.00034018923915289846
298.4033613445378,3.149438202247191,0.00033051691518706257
298.4033613445378,3.215730337078652,0.00032129652584596984
298.4033613445378,3.2820224719101123,0.00031249841203412446
298.4033613445378,3.348314606741573,0.000304095404986713
298.4033613445378,3.4146067415730337,0.00029606257315220103
298.4033613445378,3.4808988764044946,0.0002883769991082056
298.4033613445378,3.547191011235955,0.0002810175824548283
298.4033613445378,3.613483146067416,0.00027396486524138903
298.4033613445378,3.6797752808988764,0.0002672008769926824
298.4033613445378,3.746067415730337,0.00026070899682781036
298.4033613445378,3.8123595505617978,0.00025447383052317694
298.4033613445378,3.878651685393258,0.0002484811006731886
298.4033613445378,3.944943820224719,0.0002427175483574443
298.4033613445378,4.01123595505618,0.00023717084493950943
298.4033613445378,4.0775280898876405,0.00023182951280622337
298.4033613445378,4.143820224719101,0.00022668285401327313
298.4033613445378,4.210112359550561,0.00022172088593672162
298.4033613445378,4.276404494382023,0.0002169342831450251
298.4033613445378,4.342696629213483,0.0002123143248047175
298.4033613445378,4.408988764044944,0.0002078528470179206
298.4033613445378,4.475280898876404,0.0002035421995631885
298.4033613445378,4.5415730337078655,0.00019937520657468334
298.4033613445378,4.607865168539326,0.0001953451307497279
298.4033613445378,4.674157303370786,0.00019144564072262558
298.4033613445378,4.740449438202247,0.0001876707812843095
298.4033613445378,4.806741573033708,0.00018401494616376575
298.4033613445378,4.873033707865169,0.0001804728531189365
298.4033613445378,4.939325842696629,0.00017703952111272308
298.4033613445378,5.00561797752809,0.0001737102493741116
298.4033613445378,5.071910112359551,0.00017048059816598073
298.4033613445378,5.138202247191011,0.00016734637110006048
298.4033613445378,5.204494382022472,0.00016430359885624777
298.4033613445378,5.270786516853932,0.0001613485241782194
298.4033613445378,5.337078651685394,0.00015847758803038789
298.4033613445378,5.403370786516854,0.00015568741681278841
298.4033613445378,5.4696629213483146,0.00015297481054080372
298.4033613445378,5.535955056179775,0.00015033673190575399
298.4033613445378,5.602247191011236,0.0001477702961405195
298.4033613445378,5.668539325842697,0.00014527276162160896
298.4033613445378,5.734831460674157,0.00014284152114555165
298.4033613445378,5.801123595505618,0.00014047409382326838
298.4033613445378,5.867415730337079,0.00013816811754121638
298.4033613445378,5.9337078651685395,0.00013592134194272557
298.4033613445378,6.0,0.00013373162188704468
301.6806722689076,0.1,0.024869459643662557
301.6806722689076,0.1662921348314607,0.01348606443864057
301.6806722689076,0.23258426966292134,0.008946832362973015
301.6806722689076,0.298876404494382,0.006565719319057057
301.6806722689076,0.3651685393258427,0.005120232928558313
301.6806722689076,0.4314606741573034,0.00415865763277317
301.6806722689076,0.49775280898876406,0.0034774711952637494
301.6806722689076,0.5640449438202247,0.002972219515482257
301.6806722689076,0.6303370786516854,0.0025840830763383836
301.6806722689076,0.6966292134831461,0.002277550121235545
301.6806722689076,0.7629213483146068,0.002029983151149451
301.6806722689076,0.8292134831460675,0.0018263077670729805
301.6806722689076,0.895505617977528,0.0016561194930726077
301.6806722689076,0.9617977528089887,0.0015120184807938884
301.6806722689076,1.0280898876404494,0.0013886061030029255
301.6806722689076,1.09438202247191,0.0012818565493317837
301.6806722689076,1.1606741573033708,0.0011887100413683585
301.6806722689076,1.2269662921348314,0.0011068018554708631
301.6806722689076,1.2932584269662921,0.0010342772311129815
301.6806722689076,1.3595505617977528,0.0009696621155041599
301.6806722689076,1.4258426966292135,0.0009117711071454217
301.6806722689076,1.4921348314606742,0.0008596407277800273
301.6806722689076,1.5584269662921348,0.0008124802806167631
301.6806722689076,1.6247191011235955,0.0007696351364945448
301.6806722689076,1.6910112359550562,0.000730558944284128
301.6806722689076,1.7573033707865169,0.000694792343673401
301.6806722689076,1.8235955056179776,0.0006619464793314874
301.6806722689076,1.8898876404494382,0.0006316901041247661
301.6806722689076,1.956179775280899,0.0006037393956343201
301.6806722689076,2.0224719101123596,0.0005778498454486297
301.6806722689076,2.08876404494382,0.0005538097473288882
301.6806722689076,2.155056179775281,0.0005314349298580055
301.6806722689076,2.2213483146067414,0.0005105644659090215
301.6806722689076,2.2876404494382023,0.0004910571548851356
301.6806722689076,2.353932584269663,0.0004727886208231249
301.6806722689076,2.4202247191011237,0.00045564890471478135
301.6806722689076,2.486516853932584,0.0004395404560146253
301.6806722689076,2.552808988764045,0.00042437644855654506
301.6806722689076,2.6191011235955055,0.0004100793616386693
301.6806722689076,2.6853932584269664,0.00039657977904208793
301.6806722689076,2.751685393258427,0.00038381536809279417
301.6806722689076,2.8179775280898878,0.0003717300081962669
301.6806722689076,2.8842696629213482,0.0003602730440449319
301.6806722689076,2.950561797752809,0.00034939864327569937
301.6806722689076,3.0168539325842696,0.00033906524200529416
301.6806722689076,3.0831460674157305,0.0003292350645987658
301.6806722689076,3.149438202247191,0.0003198737063864874
301.6806722689076,3.215730337078652,0.0003109497699566779
301.6806722689076,3.2820224719101123,0.000302434547206441
301.6806722689076,3.348314606741573,0.0002943017406064228
301.6806722689076,3.4146067415730337,0.0002865272181786194
301.6806722689076,3.4808988764044946,0.00027908879754811076
301.6806722689076,3.547191011235955,0.0002719660551422624
301.6806722689076,3.613483146067416,0.00026514015720323255
301.6806722689076,3.6797752808988764,0.00025859370977355714
301.6806722689076,3.746067415730337,0.00025231062522788764
301.6806722689076,3.8123595505617978,0.00024627600327104394
301.6806722689076,3.878651685393258,0.00024047602461492175
301.6806722689076,3.944943820224719,0.00023489785579383258
301.6806722689076,4.01123595505618,0.00022952956378728941
301.6806722689076,4.0775280898876405,0.00022436003929725455
301.6806722689076,4.143820224719101,0.0002193789276786147
301.6806722689076,4.210112359550561,0.000214576566651332
301.6806722689076,4.276404494382023,0.0002099439300339309
301.6806722689076,4.342696629213483,0.0002054725768334151
301.6806722689076,4.408988764044944,0.00020115460510903297
301.6806722689076,4.475280898876404,0.0001969826100982706
301.6806722689076,4.5415730337078655,0.00019294964615493762
301.6806722689076,4.607865168539326,0.0001890491921024799
301.6806722689076,4.674157303370786,0.00018527511965198392
301.6806722689076,4.740449438202247,0.0001816216645746566
301.6806722689076,4.806741573033708,0.00017808340035378964
301.6806722689076,4.873033707865169,0.000174655214071973
301.6806722689076,4.939325842696629,0.00017133228431630632
301.6806722689076,5.00561797752809,0.0001681100609080077
301.6806722689076,5.071910112359551,0.0001649842462836363
301.6806722689076,5.138202247191011,0.00016195077837346774
301.6806722689076,5.204494382022472,0.00015900581483872366
301.6806722689076,5.270786516853932,0.00015614571854364497
301.6806722689076,5.337078651685394,0.00015336704415103744
301.6806722689076,5.403370786516854,0.00015066652574110724
301.6806722689076,5.4696629213483146,0.00014804106536336328
301.6806722689076,5.535955056179775,0.00014548772244016834
301.6806722689076,5.602247191011236,0.0001430037039483852
301.6806722689076,5.668539325842697,0.0001405863553125501
301.6806722689076,5.734831460674157,0.00013823315194922737
301.6806722689076,5.801123595505618,0.00013594169140774295
301.6806722689076,5.867415730337079,0.00013370968605744114
301.6806722689076,5.9337078651685395,0.0001315349562760029
301.6806722689076,6.0,0.00012941542409726926
304.9579831932773,0.1,0.024116233601814155
304.9579831932773,0.1662921348314607,0.013069161339672732
304.9579831932773,0.23258426966292134,0.008667771894057048
304.9579831932773,0.298876404494382,0.006359900566462619
304.9579831932773,0.3651685393258427,0.004959211841967351
304.9579831932773,0.4314606741573034,0.00402758492510716
304.9579831932773,0.49775280898876406,0.0033676887111037637
304.9579831932773,0.5640449438202247,0.002878269926054683
304.9579831932773,0.6303370786516854,0.002502321134553642
304.9579831932773,0.6966292134831461,0.002205429080444394
304.9579831932773,0.7629213483146068,0.0019656587804023884
304.9579831932773,0.8292134831460675,0.0017684048669765215
304.9579831932773,0.895505617977528,0.001603587294263186
304.9579831932773,0.9617977528089887,0.001464037374447512
304.9579831932773,1.0280898876404494,0.0013445253876213442
304.9579831932773,1.09438202247191,0.001241151648303299
304.9579831932773,1.1606741573033708,0.001150952350299505
304.9579831932773,1.2269662921348314,0.0010716370176997497
304.9579831932773,1.2932584269662921,0.0010014091790827083
304.9579831932773,1.3595505617977528,0.000938841144169075
304.9579831932773,1.4258426966292135,0.0008827848225420456
304.9579831932773,1.4921348314606742,0.0008323070819861348
304.9579831932773,1.5584269662921348,0.0007866421447548665
304.9579831932773,1.6247191011235955,0.0007451560238441162
304.9579831932773,1.6910112359550562,0.0007073196046537397
304.9579831932773,1.7573033707865169,0.0006726880256710258
304.9579831932773,1.8235955056179776,0.0006408847102437395
304.9579831932773,1.8898876404494382,0.0006115888749762251
304.9579831932773,1.956179775280899,0.0005845256663707356
304.9579831932773,2.0224719101123596,0.0005594583052239803
304.9579831932773,2.08876404494382,0.000536181779711183
304.9579831932773,2.155056179775281,0.0005145177438698323
304.9579831932773,2.2213483146067414,0.0004943103622087933
304.9579831932773,2.2876404494382023,0.00047542290279447555
304.9579831932773,2.353932584269663,0.0004577349268297654
304.9579831932773,2.4202247191011237,0.0004411399568995847
304.9579831932773,2.486516853932584,0.0004255435318364414
304.9579831932773,2.552808988764045,0.00041086157577870607
304.9579831932773,2.6191011235955055,0.00039701902404333246
304.9579831932773,2.6853932584269664,0.0003839486600643873
304.9579831932773,2.751685393258427,0.00037159012669894245
304.9579831932773,2.8179775280898878,0.00035988908229201636
304.9579831932773,2.8842696629213482,0.00034879647748171287
304.9579831932773,2.950561797752809,0.00033826793315868824
304.9579831932773,3.0168539325842696,0.00032826320352985055
304.9579831932773,3.0831460674157305,0.0003187457110717098
304.9579831932773,3.149438202247191,0.00030968214244446045
304.9579831932773,3.215730337078652,0.0003010420962893735
304.9579831932773,3.2820224719101123,0.0002927977753391285
304.9579831932773,3.348314606741573,0.00028492371650259626
304.9579831932773,3.4146067415730337,0.0002773965535972719
304.9579831932773,3.4808988764044946,0.0002701948082365207
304.9579831932773,3.547191011235955,0.00026329870506915754
304.9579831932773,3.613483146067416,0.0002566900081425035
304.9579831932773,3.6797752808988764,0.0002503518756383652
304.9579831932773,3.746067415730337,0.0002442687306317075
304.9579831932773,3.8123595505617978,0.00023842614585789087
304.9579831932773,3.878651685393258,0.00023281074075747504
304.9579831932773,3.944943820224719,0.00022741008930688303
304.9579831932773,4.01123595505618,0.00022221263734598985
304.9579831932773,4.0775280898876405,0.00021720762828610226
304.9579831932773,4.143820224719101,0.00021238503622875062
304.9579831932773,4.210112359550561,0.00020773550565130757
304.9579831932773,4.276404494382023,0.00020325029692310932
304.9579831932773,4.342696629213483,0.0001989212370082162
304.9579831932773,4.408988764044944,0.00019474067479063642
304.9579831932773,4.475280898876404,0.00019070144052657327
304.9579831932773,4.5415730337078655,0.0001867968089877769
304.9579831932773,4.607865168539326,0.00018302046591167813
304.9579831932773,4.674157303370786,0.00017936647741882987
304.9579831932773,4.740449438202247,0.00017582926209724111
304.9579831932773,4.806741573033708,0.0001724035654872674
304.9579831932773,4.873033707865169,0.00016908443673051935
304.9579831932773,4.939325842696629,0.00016586720717236562
304.9579831932773,5.00561797752809,0.00016274747073050173
304.9579831932773,5.071910112359551,0.00015972106586220654
304.9579831932773,5.138202247191011,0.00015678405898062906
304.9579831932773,5.204494382022472,0.00015393272918610225
304.9579831932773,5.270786516853932,0.00015116355419228687
304.9579831932773,5.337078651685394,0.0001484731973391649
304.9579831932773,5.403370786516854,0.00014585849559573284
304.9579831932773,5.4696629213483146,0.00014331644846483072
304.9579831932773,5.535955056179775,0.00014084420771106153
304.9579831932773,5.602247191011236,0.00013843906784031363
304.9579831932773,5.668539325842697,0.00013609845726611603
304.9579831932773,5.734831460674157,0.00013381993010401833
304.9579831932773,5.801123595505618,0.0001316011585404861
304.9579831932773,5.867415730337079,0.00012943992572748012
304.9579831932773,5.9337078651685395,0.00012733411915804552
304.9579831932773,6.0,0.00012528172448186681
308.2352941176471,0.1,0.02339257086378712
308.2352941176471,0.1662921348314607,0.012669078939576943
308.2352941176471,0.23258426966292134,0.008400106150265544
308.2352941176471,0.298876404494382,0.006162542272061824
308.2352941176471,0.3651685393258427,0.004804838058817794
308.2352941176471,0.4314606741573034,0.0039019392357420133
308.2352941176471,0.49775280898876406,0.003262461630311291
308.2352941176471,0.5640449438202247,0.0027882252555400805
308.2352941176471,0.6303370786516854,0.0024239620203461588
308.2352941176471,0.6966292134831461,0.0021363128275982543
308.2352941176471,0.7629213483146068,0.0019040167272302679
308.2352941176471,0.8292134831460675,0.0017129182993929073
308.2352941176471,0.895505617977528,0.001553248688979718
308.2352941176471,0.9617977528089887,0.0014180609122973014
308.2352941176471,1.0280898876404494,0.0013022872324916243
308.2352941176471,1.09438202247191,0.0012021489091624178
308.2352941176471,1.1606741573033708,0.001114774160635092
308.2352941176471,1.2269662921348314,0.001037943700398276
308.2352941176471,1.2932584269662921,0.0009699169421968636
308.2352941176471,1.3595505617977528,0.0009093106440951669
308.2352941176471,1.4258426966292135,0.0008550124847767764
308.2352941176471,1.4921348314606742,0.0008061184228172347
308.2352941176471,1.5584269662921348,0.0007618865679160846
308.2352941176471,1.6247191011235955,0.0007217027200518077
308.2352941176471,1.6910112359550562,0.0006850542865869254
308.2352941176471,1.7573033707865169,0.0006515103033653174
308.2352941176471,1.8235955056179776,0.0006207059627744815
308.2352941176471,1.8898876404494382,0.0005923305106185335
308.2352941176471,1.956179775280899,0.0005661176896761286
308.2352941176471,2.0224719101123596,0.0005418381286683799
308.2352941176471,2.08876404494382,0.0005192932317953454
308.2352941176471,2.155056179775281,0.0004983102361986907
308.2352941176471,2.2213483146067414,0.0004787381861211948
308.2352941176471,2.2876404494382023,0.00046044463225127104
308.2352941176471,2.353932584269663,0.00044331290898929075
308.2352941176471,2.4202247191011237,0.00042723987547162325
308.2352941176471,2.486516853932584,0.00041213403116784856
308.2352941176471,2.552808988764045,0.0003979139358768927
308.2352941176471,2.6191011235955055,0.0003845068785295761
308.2352941176471,2.6853932584269664,0.0003718477504731528
308.2352941176471,2.751685393258427,0.00035987808768246345
308.2352941176471,2.8179775280898878,0.0003485452532118177
308.2352941176471,2.8842696629213482,0.00033780173661737884
308.2352941176471,2.950561797752809,0.000327604551374791
308.2352941176471,3.0168539325842696,0.00031791471474252925
308.2352941176471,3.0831460674157305,0.00030869679726858374
308.2352941176471,3.149438202247191,0.0002999185313526187
308.2352941176471,3.215730337078652,0.0002915504700695169
308.2352941176471,3.2820224719101123,0.00028356568892025846
308.2352941176471,3.348314606741573,0.00027593952436961056
308.2352941176471,3.4146067415730337,0.00026864934401020225
308.2352941176471,3.4808988764044946,0.00026167434400049697
308.2352941176471,3.547191011235955,0.0002549953700930281
308.2352941176471,3.613483146067416,0.0002485947591249286
308.2352941176471,3.6797752808988764,0.00024245619830620332
308.2352941176471,3.746067415730337,0.00023656460002898834
308.2352941176471,3.8123595505617978,0.0002309059902466408
308.2352941176471,3.878651685393258,0.00022546740874581131
308.2352941176471,3.944943820224719,0.0002202368198664337
308.2352941176471,4.01123595505618,0.00021520303242103335
308.2352941176471,4.0775280898876405,0.00021035562773172992
308.2352941176471,4.143820224719101,0.00020568489484570576
308.2352941176471,4.210112359550561,0.00020118177211154222
308.2352941176471,4.276404494382023,0.00019683779440314136
308.2352941176471,4.342696629213483,0.0001926450453675116
308.2352941176471,4.408988764044944,0.00018859611414987962
308.2352941176471,4.475280898876404,0.0001846840561161715
308.2352941176471,4.5415730337078655,0.0001809023571505748
308.2352941176471,4.607865168539326,0.00017724490115586254
308.2352941176471,4.674157303370786,0.00017370594042758302
308.2352941176471,4.740449438202247,0.00017028006861107546
308.2352941176471,4.806741573033708,0.0001669621959832542
308.2352941176471,4.873033707865169,0.00016374752682997011
308.2352941176471,4.939325842696629,0.0001606315387150374
308.2352941176471,5.00561797752809,0.00015760996345918284
308.2352941176471,5.071910112359551,0.00015467876966666804
308.2352941176471,5.138202247191011,0.00015183414665449738
308.2352941176471,5.204494382022472,0.00014907248965424332
308.2352941176471,5.270786516853932,0.00014639038616988596
308.2352941176471,5.337078651685394,0.000143784603386842
308.2352941176471,5.403370786516854,0.00014125207653782937
308.2352941176471,5.4696629213483146,0.00013878989814042797
308.2352941176471,5.535955056179775,0.0001363953080293979
308.2352941176471,5.602247191011236,0.00013406568411405108
308.2352941176471,5.668539325842697,0.00013179853379739499
308.2352941176471,5.734831460674157,0.00012959148599940822
308.2352941176471,5.801123595505618,0.0001274422837318034
308.2352941176471,5.867415730337079,0.00012534877717597563
308.2352941176471,5.9337078651685395,0.00012330891721962908
308.2352941176471,6.0,0.00012132074941078344
311.5126050420168,0.1,0.02269706419760666
311.5126050420168,0.1662921348314607,0.012284987436113708
311.5126050420168,0.23258426966292134,0.008143264320165107
311.5126050420168,0.298876404494382,0.005973216986815717
311.5126050420168,0.3651685393258427,0.0046567739089735495
311.5126050420168,0.4314606741573034,0.0037814438446914255
311.5126050420168,0.49775280898876406,0.003161557034777653
311.5126050420168,0.5640449438202247,0.0027018854237355954
311.5126050420168,0.6303370786516854,0.002348831089145702
311.5126050420168,0.6966292134831461,0.0020700469388385476
311.5126050420168,0.7629213483146068,0.0018449189867454949
311.5126050420168,0.8292134831460675,0.0016597236279462092
311.5126050420168,0.895505617977528,0.0015049906213668001
311.5126050420168,0.9617977528089887,0.001373985705718046
311.5126050420168,1.0280898876404494,0.0012617965514660169
311.5126050420168,1.09438202247191,0.0011647604448263146
311.5126050420168,1.1606741573033708,0.0010800938805267317
311.5126050420168,1.2269662921348314,0.0010056458580174731
311.5126050420168,1.2932584269662921,0.0009397293942160547
311.5126050420168,1.3595505617977528,0.0008810038786001968
311.5126050420168,1.4258426966292135,0.000828391295402047
311.5126050420168,1.4921348314606742,0.0007810155026566961
311.5126050420168,1.5584269662921348,0.0007381575184954528
311.5126050420168,1.6247191011235955,0.0006992221183375382
311.5126050420168,1.6910112359550562,0.000663712553431517
311.5126050420168,1.7573033707865169,0.0006312111862723548
311.5126050420168,1.8235955056179776,0.0006013644947128749
311.5126050420168,1.8898876404494382,0.0005738713414572887
311.5126050420168,1.956179775280899,0.0005484737119987019
311.5126050420168,2.0224719101123596,0.0005249493381609122
311.5126050420168,2.08876404494382,0.0005031057760515047
311.5126050420168,2.155056179775281,0.00048277561599638943
311.5126050420168,2.2213483146067414,0.00046381258094414806
311.5126050420168,2.2876404494382023,0.0004460883277147994
311.5126050420168,2.353932584269663,0.0004294898083586351
311.5126050420168,2.4202247191011237,0.0004139170809735971
311.5126050420168,2.486516853932584,0.00039928148354198973
311.5126050420168,2.552808988764045,0.00038550410277335764
311.5126050420168,2.6191011235955055,0.00037251448407371135
311.5126050420168,2.6853932584269664,0.00036024953968281546
311.5126050420168,2.751685393258427,0.0003486526205203424
311.5126050420168,2.8179775280898878,0.0003376727239398162
311.5126050420168,2.8842696629213482,0.00032726381483799244
311.5126050420168,2.950561797752809,0.0003173842417301066
311.5126050420168,3.0168539325842696,0.000307996232721447
311.5126050420168,3.0831460674157305,0.00029906545896824974
311.5126050420168,3.149438202247191,0.0002905606553670751
311.5126050420168,3.215730337078652,0.0002824532899502848
311.5126050420168,3.2820224719101123,0.0002747172748802284
311.5126050420168,3.348314606741573,0.0002673287130914199
311.5126050420168,3.4146067415730337,0.0002602656755798309
311.5126050420168,3.4808988764044946,0.0002535080051214091
311.5126050420168,3.547191011235955,0.0002470371428501188
311.5126050420168,3.613483146067416,0.00024083597466431595
311.5126050420168,3.6797752808988764,0.00023488869487933307
311.5126050420168,3.746067415730337,0.00022918068491998214
311.5126050420168,3.8123595505617978,0.00022369840516221022
311.5126050420168,3.878651685393258,0.00021842929829895703
311.5126050420168,3.944943820224719,0.00021336170282988668
311.5126050420168,4.01123595505618,0.00020848477546505002
311.5126050420168,4.0775280898876405,0.0002037884213943375
311.5126050420168,4.143820224719101,0.00019926323151255978
311.5126050420168,4.210112359550561,0.00019490042580789317
311.5126050420168,4.276404494382023,0.00019069180222244678
311.5126050420168,4.342696629213483,0.0001866296903805614
311.5126050420168,4.408988764044944,0.00018270690965518487
311.5126050420168,4.475280898876404,0.00017891673110720813
311.5126050420168,4.5415730337078655,0.00017525284288852401
311.5126050420168,4.607865168539326,0.00017170931874795656
311.5126050420168,4.674157303370786,0.00016828058932132062
311.5126050420168,4.740449438202247,0.00016496141592349298
311.5126050420168,4.806741573033708,0.000161746866592372
311.5126050420168,4.873033707865169,0.00015863229416251297
311.5126050420168,4.939325842696629,0.0001556133161707406
311.5126050420168,5.00561797752809,0.0001526857964174685
311.5126050420168,5.071910112359551,0.00014984582802633856
311.5126050420168,5.138202247191011,0.0001470897178613685
311.5126050420168,5.204494382022472,0.00014441397217543174
311.5126050420168,5.270786516853932,0.00014181528337675172
311.5126050420168,5.337078651685394,0.00013929051781149502
311.5126050420168,5.403370786516854,0.00013683670447056602
311.5126050420168,5.4696629213483146,0.00013445102453757928
311.5126050420168,5.535955056179775,0.00013213080170279036
311.5126050420168,5.602247191011236,0.00012987349317463996
311.5126050420168,5.668539325842697,0.00012767668132659395
311.5126050420168,5.734831460674157,0.0001255380659222166
311.5126050420168,5.801123595505618,0.00012345545686593003
311.5126050420168,5.867415730337079,0.0001214267674307758
311.5126050420168,5.9337078651685395,0.00011945000791765556
311.5126050420168,6.0,0.00011752327970305098
314.78991596638656,0.1,0.02202838418194518
314.78991596638656,0.1662921348314607,0.011916105036463181
314.78991596638656,0.23258426966292134,0.007896709254674636
314.78991596638656,0.298876404494382,0.005791522736759203
314.78991596638656,0.3651685393258427,0.004514701981696199
314.78991596638656,0.4314606741573034,0.0036658387113134307
314.78991596638656,0.49775280898876406,0.003064756093090241
314.78991596638656,0.5640449438202247,0.0026190624823913713
314.78991596638656,0.6303370786516854,0.0022767643076083872
314.78991596638656,0.6966292134831461,0.002006486388402313
314.78991596638656,0.7629213483146068,0.0017882359643350873
314.78991596638656,0.8292134831460675,0.001608704008302688
314.78991596638656,0.895505617977528,0.001458706939974064
314.78991596638656,0.9617977528089887,0.0013317146853930831
314.78991596638656,1.0280898876404494,0.0012229640744801783
314.78991596638656,1.09438202247191,0.0011289037473977898
314.78991596638656,1.1606741573033708,0.001046834914840132
314.78991596638656,1.2269662921348314,0.0009746721044200486
314.78991596638656,1.2932584269662921,0.0009107797688769014
314.78991596638656,1.3595505617977528,0.0008538582035760051
314.78991596638656,1.4258426966292135,0.0008028623084639196
314.78991596638656,1.4921348314606742,0.0007569427097767084
314.78991596638656,1.5584269662921348,0.0007154024044797049
314.78991596638656,1.6247191011235955,0.0006776643728917638
314.78991596638656,1.6910112359550562,0.0006432470663574054
314.78991596638656,1.7573033707865169,0.0006117456321967168
314.78991596638656,1.8235955056179776,0.000582817374641174
314.78991596638656,1.8898876404494382,0.0005561703818874873
314.78991596638656,1.956179775280899,0.0005315545465077627
314.78991596638656,2.0224719101123596,0.0005087544140706603
314.78991596638656,2.08876404494382,0.0004875834418798569
314.78991596638656,2.155056179775281,0.00046787935520130986
314.78991596638656,2.2213483146067414,0.00044950036487439126
314.78991596638656,2.2876404494382023,0.000432322066330568
314.78991596638656,2.353932584269663,0.00041623488163133307
314.78991596638656,2.4202247191011237,0.0004011419372446046
314.78991596638656,2.486516853932584,0.0003869572937547824
314.78991596638656,2.552808988764045,0.0003736044615669752
314.78991596638656,2.6191011235955055,0.0003610151503690269
314.78991596638656,2.6853932584269664,0.0003491282107038289
314.78991596638656,2.751685393258427,0.00033788873424461086
314.78991596638656,2.8179775280898878,0.00032724728582097216
314.78991596638656,2.8842696629213482,0.00031715924533221105
314.78991596638656,2.950561797752809,0.00030758424172019303
314.78991596638656,3.0168539325842696,0.00029848566439281927
314.78991596638656,3.0831460674157305,0.0002898302400703844
314.78991596638656,3.149438202247191,0.00028158766510771676
314.78991596638656,3.215730337078652,0.0002737302850304428
314.78991596638656,3.2820224719101123,0.00026623281439537284
314.78991596638656,3.348314606741573,0.0002590720912064275
314.78991596638656,3.4146067415730337,0.00025222686103826253
314.78991596638656,3.4808988764044946,0.00024567758677884326
314.78991596638656,3.547191011235955,0.00023940628053055552
314.78991596638656,3.613483146067416,0.0002333963547314905
314.78991596638656,3.6797752808988764,0.00022763248999387194
314.78991596638656,3.746067415730337,0.0002221005175209078
314.78991596638656,3.8123595505617978,0.00021678731426923463
314.78991596638656,3.878651685393258,0.00021168070928178704
314.78991596638656,3.944943820224719,0.0002067693998336626
314.78991596638656,4.01123595505618,0.0002020428762181188
314.78991596638656,4.0775280898876405,0.00019749135415666845
314.78991596638656,4.143820224719101,0.0001931057139509975
314.78991596638656,4.210112359550561,0.00018887744560869472
314.78991596638656,4.276404494382023,0.00018479859927273066
314.78991596638656,4.342696629213483,0.00018086174036877406
314.78991596638656,4.408988764044944,0.00017705990895688806
314.78991596638656,4.475280898876404,0.00017338658283671157
314.78991596638656,4.5415730337078655,0.00016983564400934806
314.78991596638656,4.607865168539326,0.00016640134814611553
314.78991596638656,4.674157303370786,0.0001630782967550848
314.78991596638656,4.740449438202247,0.0001598614117718276
314.78991596638656,4.806741573033708,0.00015674591233177585
314.78991596638656,4.873033707865169,0.00015372729350864777
314.78991596638656,4.939325842696629,0.00015080130682707224
314.78991596638656,5.00561797752809,0.00014796394237833954
314.78991596638656,5.071910112359551,0.00014521141238640363
314.78991596638656,5.138202247191011,0.0001425401360873072
314.78991596638656,5.204494382022472,0.00013994672579927244
314.78991596638656,5.270786516853932,0.00013742797407313004
314.78991596638656,5.337078651685394,0.0001349808418236289
314.78991596638656,5.403370786516854,0.00013260244735179515
314.78991596638656,5.4696629213483146,0.00013029005617688956
314.78991596638656,5.535955056179775,0.00012804107160387608
314.78991596638656,5.602247191011236,0.00012585302595868303
314.78991596638656,5.668539325842697,0.00012372357242901365
314.78991596638656,5.734831460674157,0.00012165047745308342
314.78991596638656,5.801123595505618,0.00011963161360244527
314.78991596638656,5.867415730337079,0.00011766495290799859
314.78991596638656,5.9337078651685395,0.0001157485605803263
314.78991596638656,6.0,0.00011388058907656566
318.06722689075633,0.1,0.02138527436269104
318.06722689075633,0.1662921348314607,0.01156169479350044
318.06722689075633,0.23258426966292134,0.007659935196175262
318.06722689075633,0.298876404494382,0.005617081282306887
318.06722689075633,0.3651685393258427,0.0043783237301329705
318.06722689075633,0.4314606741573034,0.00355487931901352
318.06722689075633,0.49775280898876406,0.002971853080858862
318.06722689075633,0.5640449438202247,0.0025395797688749066
318.06722689075633,0.6303370786516854,0.002207607511568068
318.06722689075633,0.6966292134831461,0.0019454948901175353
318.06722689075633,0.7629213483146068,0.0017338458854160334
318.06722689075633,0.8292134831460675,0.0015597496546268536
318.06722689075633,0.895505617977528,0.0014142979119762603
318.06722689075633,0.9617977528089887,0.0012911566562580055
318.06722689075633,1.0280898876404494,0.0011857059375831882
318.06722689075633,1.09438202247191,0.0010945013087033256
318.06722689075633,1.1606741573033708,0.0010149253124363351
318.06722689075633,1.2269662921348314,0.0009449553837743949
318.06722689075633,1.2932584269662921,0.0008830053517700971
318.06722689075633,1.3595505617977528,0.0008278147781234756
318.06722689075633,1.4258426966292135,0.0007783701579918904
318.06722689075633,1.4921348314606742,0.0007338478110465895
318.06722689075633,1.5584269662921348,0.0006935718299570035
318.06722689075633,1.6247191011235955,0.0006569826679519543
318.06722689075633,1.6910112359550562,0.0006236133649179779
318.06722689075633,1.7573033707865169,0.0005930713383251714
318.06722689075633,1.8235955056179776,0.0005650242827176305
318.06722689075633,1.8898876404494382,0.0005391891400163092
318.06722689075633,1.956179775280899,0.0005153233910876727
318.06722689075633,2.0224719101123596,0.0004932181204227109
318.06722689075633,2.08876404494382,0.0004726924484100567
318.06722689075633,2.155056179775281,0.00045358902798520027
318.06722689075633,2.2213483146067414,0.0004357703766619455
318.06722689075633,2.2876404494382023,0.00041911586939326226
318.06722689075633,2.353932584269663,0.0004035192580455969
318.06722689075633,2.4202247191011237,0.0003888866134417799
318.06722689075633,2.486516853932584,0.00037513460869671
318.06722689075633,2.552808988764045,0.0003621890798969901
318.06722689075633,2.6191011235955055,0.0003499838134657239
318.06722689075633,2.6853932584269664,0.0003384595198232387
318.06722689075633,2.751685393258427,0.0003275629609460831
318.06722689075633,2.8179775280898878,0.0003172462056868815
318.06722689075633,2.8842696629213482,0.00030746599165283416
318.06722689075633,2.950561797752809,0.0002981831763543894
318.06722689075633,3.0168539325842696,0.00028936226345721816
318.06722689075633,3.0831460674157305,0.00028097099247383246
318.06722689075633,3.149438202247191,0.0002729799822488946
318.06722689075633,3.215730337078652,0.0002653624202267414
318.06722689075633,3.2820224719101123,0.000258093790819813
318.06722689075633,3.348314606741573,0.00025115163728418443
318.06722689075633,3.4146067415730337,0.0002445153524012331
318.06722689075633,3.4808988764044946,0.00023816599400063487
318.06722689075633,3.547191011235955,0.00023208612196916095
318.06722689075633,3.613483146067416,0.000226259653895994
318.06722689075633,3.6797752808988764,0.00022067173692742523
318.06722689075633,3.746067415730337,0.0002153086337570826
318.06722689075633,3.8123595505617978,0.00021015762097441692
318.06722689075633,3.878651685393258,0.0002052068982440673
318.06722689075633,3.944943820224719,0.0002004455069998401
318.06722689075633,4.01123595505618,0.00019586325751598714
318.06722689075633,4.0775280898876405,0.00019145066337057325
318.06722689075633,4.143820224719101,0.00018719888244538848
318.06722689075633,4.210112359550561,0.00018309966371765927
318.06722689075633,4.276404494382023,0.000179145299193786
318.06722689075633,4.342696629213483,0.00017532858041692184
318.06722689075633,4.408988764044944,0.0001716427590504402
318.06722689075633,4.475280898876404,0.00016808151109999457
318.06722689075633,4.5415730337078655,0.00016463890438933745
318.06722689075633,4.607865168539326,0.0001613093689505301
318.06722689075633,4.674157303370786,0.00015808767002871267
318.06722689075633,4.740449438202247,0.00015496888343595762
318.06722689075633,4.806741573033708,0.00015194837301875917
318.06722689075633,4.873033707865169,0.000149021770029871
318.06722689075633,4.939325842696629,0.00014618495421813376
318.06722689075633,5.00561797752809,0.0001434340364699967
318.06722689075633,5.071910112359551,0.00014076534285401043
318.06722689075633,5.138202247191011,0.000138175399935029
318.06722689075633,5.204494382022472,0.00013566092123834674
318.06722689075633,5.270786516853932,0.00013321879475588455
318.06722689075633,5.337078651685394,0.00013084607139688051
318.06722689075633,5.403370786516854,0.00012853995429457885
318.06722689075633,5.4696629213483146,0.0001262977888882089
318.06722689075633,5.535955056179775,0.0001241170537062321
318.06722689075633,5.602247191011236,0.00012199535178243815
318.06722689075633,5.668539325842697,0.00011993040264103279
318.06722689075633,5.734831460674157,0.00011792003479035809
318.06722689075633,5.801123595505618,0.00011596217866726363
318.06722689075633,5.867415730337079,0.00011405485997525986
318.06722689075633,5.9337078651685395,0.00011219619335926584
318.06722689075633,6.0,0.0001103843763576369
321.34453781512605,0.1,0.02076654674044067
321.34453781512605,0.1662921348314607,0.011221061674358395
321.34453781512605,0.23258426966292134,0.00743246567917758
321.34453781512605,0.298876404494382,0.00544953651109327
321.34453781512605,0.3651685393258427,0.004247358183889483
321.34453781512605,0.4314606741573034,0.0034483356100159387
321.34453781512605,0.49775280898876406,0.002882654477783722
321.34453781512605,0.5640449438202247,0.0024632711263729203
321.34453781512605,0.6303370786516854,0.002141215722492636
321.34453781512605,0.6966292134831461,0.0018869442909359186
321.34453781512605,0.7629213483146068,0.0016816342519222563
321.34453781512605,0.8292134831460675,0.001512757348347136
321.34453781512605,0.895505617977528,0.0013716697759672963
321.34453781512605,0.9617977528089887,0.0012522258878255935
321.34453781512605,1.0280898876404494,0.001149943305592369
321.34453781512605,1.09438202247191,0.0010614802710549333
321.34453781512605,1.1606741573033708,0.0009842974415687137
321.34453781512605,1.2269662921348314,0.000916432667700458
321.34453781512605,1.2932584269662921,0.0008563471968118356
321.34453781512605,1.3595505617977528,0.0008028182982967995
321.34453781512605,1.4258426966292135,0.0007548628072630228
321.34453781512605,1.4921348314606742,0.000711681715208995
321.34453781512605,1.5584269662921348,0.0006726193710995744
321.34453781512605,1.6247191011235955,0.0006371330053541542
321.34453781512605,1.6910112359550562,0.0006047696651740686
321.34453781512605,1.7573033707865169,0.0005751485490454709
321.34453781512605,1.8235955056179776,0.0005479473274136312
321.34453781512605,1.8898876404494382,0.0005228914426285389
321.34453781512605,1.956179775280899,0.0004997456609156996
321.34453781512605,2.0224719101123596,0.00047830734453672746
321.34453781512605,2.08876404494382,0.0004584010507045103
321.34453781512605,2.155056179775281,0.0004398741630737524
321.34453781512605,2.2213483146067414,0.00042259333364303694
321.34453781512605,2.2876404494382023,0.00040644156572451135
321.34453781512605,2.353932584269663,0.00039131580777242365
321.34453781512605,2.4202247191011237,0.00037712495713345176
321.34453781512605,2.486516853932584,0.00036378819487174096
321.34453781512605,2.552808988764045,0.0003512335896315336
321.34453781512605,2.6191011235955055,0.000339396921393624
321.34453781512605,2.6853932584269664,0.0003282206859447062
321.34453781512605,2.751685393258427,0.00031765324863153814
321.34453781512605,2.8179775280898878,0.00030764812204495237
321.34453781512605,2.8842696629213482,0.000298163347066432
321.34453781512605,2.950561797752809,0.000289160960506629
321.34453781512605,3.0168539325842696,0.0002806065355934519
321.34453781512605,3.0831460674157305,0.0002724687839955991
321.34453781512605,3.149438202247191,0.0002647192100247674
321.34453781512605,3.215730337078652,0.00025733180924527677
321.34453781512605,3.2820224719101123,0.0002502828050101768
321.34453781512605,3.348314606741573,0.00024355041749782446
321.34453781512605,3.4146067415730337,0.00023711466068902765
321.34453781512605,3.4808988764044946,0.00023095716343889418
321.34453781512605,3.547191011235955,0.00022506101138859277
321.34453781512605,3.613483146067416,0.00021941060695323462
321.34453781512605,3.6797752808988764,0.00021399154503163928
321.34453781512605,3.746067415730337,0.00020879050242634338
321.34453781512605,3.8123595505617978,0.00020379513924997545
321.34453781512605,3.878651685393258,0.00019899401083644586
321.34453781512605,3.944943820224719,0.00019437648888019637
321.34453781512605,4.01123595505618,0.00018993269070032877
321.34453781512605,4.0775280898876405,0.00018565341567396135
321.34453781512605,4.143820224719101,0.0001815300880089004
321.34453781512605,4.210112359550561,0.00017755470513321155
321.34453781512605,4.276404494382023,0.0001737197910713533
321.34453781512605,4.342696629213483,0.00017001835425566134
321.34453781512605,4.408988764044944,0.00016644384929008163
321.34453781512605,4.475280898876404,0.00016299014224185467
321.34453781512605,4.5415730337078655,0.00015965147908770795
321.34453781512605,4.607865168539326,0.00015642245698518093
321.34453781512605,4.674157303370786,0.0001532979980780075
321.34453781512605,4.740449438202247,0.0001502733255777539
321.34453781512605,4.806741573033708,0.00014734394189297662
321.34453781512605,4.873033707865169,0.0001445056086024316
321.34453781512605,4.939325842696629,0.0001417543280910429
321.34453781512605,5.00561797752809,0.00013908632668663582
321.34453781512605,5.071910112359551,0.00013649803915236387
321.34453781512605,5.138202247191011,0.00013398609440451857
321.34453781512605,5.204494382022472,0.0001315473023382776
321.34453781512605,5.270786516853932,0.00012917864165513053
321.34453781512605,5.337078651685394,0.0001268772485953622
321.34453781512605,5.403370786516854,0.000124640406487191
321.34453781512605,5.4696629213483146,0.00012246553603105533
321.34453781512605,5.535955056179775,0.00012035018624310274
321.34453781512605,5.602247191011236,0.0001182920259861972
321.34453781512605,5.668539325842697,0.00011628883601958651
321.34453781512605,5.734831460674157,0.00011433850149964894
321.34453781512605,5.801123595505618,0.00011243900486354887
321.34453781512605,5.867415730337079,0.00011058841902479263
321.34453781512605,5.9337078651685395,0.0001087849008038801
321.34453781512605,6.0,0.00010702668450761736
324.6218487394958,0.1,0.02017107756465896
324.6218487394958,0.1662921348314607,0.010893549842610128
324.6218487394958,0.23258426966292134,0.007213851588271
324.6218487394958,0.298876404494382,0.005288552953031649
324.6218487394958,0.3651685393258427,0.004121540760424006
324.6218487394958,0.4314606741573034,0.0033459910024246755
324.6218487394958,0.49775280898876406,0.0027969781348001414
324.6218487394958,0.5640449438202247,0.0023899801848276375
324.6218487394958,0.6303370786516854,0.002077452517326145
324.6218487394958,0.6966292134831461,0.0018307140119379539
324.6218487394958,0.7629213483146068,0.0016314933414146185
324.6218487394958,0.8292134831460675,0.0014676299855043472
324.6218487394958,0.895505617977528,0.0013307343299251116
324.6218487394958,0.9617977528089887,0.001214841736766428
324.6218487394958,1.0280898876404494,0.0011156020244875553
324.6218487394958,1.09438202247191,0.001029772105560005
324.6218487394958,1.1606741573033708,0.0009548876909042808
324.6218487394958,1.2269662921348314,0.0008890446763393341
324.6218487394958,1.2932584269662921,0.0008307498651260987
324.6218487394958,1.3595505617977528,0.0007788167519048315
324.6218487394958,1.4258426966292135,0.0007322913179057082
324.6218487394958,1.4921348314606742,0.0006903982548955109
324.6218487394958,1.5584269662921348,0.000652501369887202
324.6218487394958,1.6247191011235955,0.0006180740089156047
324.6218487394958,1.6910112359550562,0.000586676673816996
324.6218487394958,1.7573033707865169,0.0005579398790008025
324.6218487394958,1.8235955056179776,0.0005315508767838253
324.6218487394958,1.8898876404494382,0.0005072432740362745
324.6218487394958,1.956179775280899,0.00048478883432371406
324.6218487394958,2.0224719101123596,0.00046399094939219394
324.6218487394958,2.08876404494382,0.0004446793981700517
324.6218487394958,2.155056179775281,0.0004267061077923769
324.6218487394958,2.2213483146067414,0.0004099417010468552
324.6218487394958,2.2876404494382023,0.00039427266590196327
324.6218487394958,2.353932584269663,0.0003795990207587528
324.6218487394958,2.4202247191011237,0.0003658323774751178
324.6218487394958,2.486516853932584,0.0003528943256487794
324.6218487394958,2.552808988764045,0.00034071507795856393
324.6218487394958,2.6191011235955055,0.00032923232887565674
324.6218487394958,2.6853932584269664,0.00031839028872472034
324.6218487394958,2.751685393258427,0.0003081388625982008
324.6218487394958,2.8179775280898878,0.0002984329495205658
324.6218487394958,2.8842696629213482,0.0002892318419050802
324.6218487394958,2.950561797752809,0.00028049870902997596
324.6218487394958,3.0168539325842696,0.00027220015119939605
324.6218487394958,3.0831460674157305,0.00026430581361076524
324.6218487394958,3.149438202247191,0.00025678805084959356
324.6218487394958,3.215730337078652,0.0002496216344711656
324.6218487394958,3.2820224719101123,0.00024278349738068974
324.6218487394958,3.348314606741573,0.00023625250974704525
324.6218487394958,3.4146067415730337,0.0002300092820256827
324.6218487394958,3.4808988764044946,0.00022403599135912097
324.6218487394958,3.547191011235955,0.00021831622819692547
324.6218487394958,3.613483146067416,0.00021283486045355456
324.6218487394958,3.6797752808988764,0.00020757791291977577
324.6218487394958,3.746067415730337,0.00020253245997581078
324.6218487394958,3.8123595505617978,0.00019768652993355855
324.6218487394958,3.878651685393258,0.00019302901957037608
324.6218487394958,3.944943820224719,0.00018854961761556233
324.6218487394958,4.01123595505618,0.00018423873611915674
324.6218487394958,4.0775280898876405,0.00018008744877571974
324.6218487394958,4.143820224719101,0.0001760874353978114
324.6218487394958,4.210112359550561,0.00017223093183812651
324.6218487394958,4.276404494382023,0.00016851068474857847
324.6218487394958,4.342696629213483,0.00016491991064136312
324.6218487394958,4.408988764044944,0.00016145225878309147
324.6218487394958,4.475280898876404,0.00015810177751008288
324.6218487394958,4.5415730337078655,0.0001548628836022222
324.6218487394958,4.607865168539326,0.00015173033439545792
324.6218487394958,4.674157303370786,0.00014869920235012404
324.6218487394958,4.740449438202247,0.00014576485182445634
324.6218487394958,4.806741573033708,0.00014292291783073988
324.6218487394958,4.873033707865169,0.00014016928657594772
324.6218487394958,4.939325842696629,0.00013750007761000383
324.6218487394958,5.00561797752809,0.00013491162742334801
324.6218487394958,5.071910112359551,0.00013240047435160248
324.6218487394958,5.138202247191011,0.00012996334465906195
324.6218487394958,5.204494382022472,0.00012759713968478654
324.6218487394958,5.270786516853932,0.00012529892394525427
324.6218487394958,5.337078651685394,0.00012306591409612152
324.6218487394958,5.403370786516854,0.00012089546866251345
324.6218487394958,5.4696629213483146,0.0001187850784525597
324.6218487394958,5.535955056179775,0.00011673235757237867
324.6218487394958,5.602247191011236,0.00011473503496228863
324.6218487394958,5.668539325842697,0.00011279094637326472
324.6218487394958,5.734831460674157,0.00011089802669906835
324.6218487394958,5.801123595505618,0.00010905430257217516
324.6218487394958,5.867415730337079,0.00010725788511937159
324.6218487394958,5.9337078651685395,0.000105506962753708
324.6218487394958,6.0,0.00010379979385047364
327.89915966386553,0.1,0.019597803412115696
327.89915966386553,0.1662921348314607,0.010578540137016751
327.89915966386553,0.23258426966292134,0.0070036693603709385
327.89915966386553,0.298876404494382,0.00513381440732088
327.89915966386553,0.3651685393258427,0.004000622166867556
327.89915966386553,0.4314606741573034,0.0032476414825302925
327.89915966386553,0.49775280898876406,0.002714652505269439
327.89915966386553,0.5640449438202247,0.002319559697359509
327.89915966386553,0.6303370786516854,0.002016189447088631
327.89915966386553,0.6966292134831461,0.0017766905326840445
327.89915966386553,0.7629213483146068,0.0015833217451012816
327.89915966386553,0.8292134831460675,0.0014242761593162992
327.89915966386553,0.895505617977528,0.0012914085512738896
327.89915966386553,0.9617977528089887,0.0011789282989227564
327.89915966386553,1.0280898876404494,0.0010826123009396108
327.89915966386553,1.09438202247191,0.0009993123155636005
327.89915966386553,1.1606741573033708,0.0009266361939204928
327.89915966386553,1.2269662921348314,0.0008627356212453709
327.89915966386553,1.2932584269662921,0.0008061611843679052
327.89915966386553,1.3595505617977528,0.0007557611925175996
327.89915966386553,1.4258426966292135,0.0007106096370970633
327.89915966386553,1.4921348314606742,0.0006699539857316725
327.89915966386553,1.5584269662921348,0.0006331767440088052
327.89915966386553,1.6247191011235955,0.0005997667441651606
327.89915966386553,1.6910112359550562,0.0005692974168801258
327.89915966386553,1.7573033707865169,0.0005414101500361452
327.89915966386553,1.8235955056179776,0.0005158014029869986
327.89915966386553,1.8898876404494382,0.000492212627587564
327.89915966386553,1.956179775280899,0.0004704223107710262
327.89915966386553,2.0224719101123596,0.0004502396375964671
327.89915966386553,2.08876404494382,0.0004314994040996117
327.89915966386553,2.155056179775281,0.0004140579028012055
327.89915966386553,2.2213483146067414,0.00039778957157978915
327.89915966386553,2.2876404494382023,0.00038258424638045233
327.89915966386553,2.353932584269663,0.0003683448951013343
327.89915966386553,2.4202247191011237,0.00035498573757660395
327.89915966386553,2.486516853932584,0.000342430677384801
327.89915966386553,2.552808988764045,0.00033061198704734216
327.89915966386553,2.6191011235955055,0.0003194692003276507
327.89915966386553,2.6853932584269664,0.0003089481747264214
327.89915966386553,2.751685393258427,0.0002990002945714879
327.89915966386553,2.8179775280898878,0.0002895817908213972
327.89915966386553,2.8842696629213482,0.0002806531582114383
327.89915966386553,2.950561797752809,0.0002721786539470454
327.89915966386553,3.0168539325842696,0.00026412586500178785
327.89915966386553,3.0831460674157305,0.00025646533336427704
327.89915966386553,3.149438202247191,0.00024917023042190253
327.89915966386553,3.215730337078652,0.00024221607316258375
327.89915966386553,3.2820224719101123,0.0002355804760910398
327.89915966386553,3.348314606741573,0.00022924293374960324
327.89915966386553,3.4146067415730337,0.0002231846295492862
327.89915966386553,3.4808988764044946,0.0002173882672893278
327.89915966386553,3.547191011235955,0.00021183792230005744
327.89915966386553,3.613483146067416,0.00020651890960634542
327.89915966386553,3.6797752808988764,0.0002014176668945778
327.89915966386553,3.746067415730337,0.0001965216503887399
327.89915966386553,3.8123595505617978,0.00019181924201215202
327.89915966386553,3.878651685393258,0.0001872996664396131
327.89915966386553,3.944943820224719,0.00018295291683752594
327.89915966386553,4.01123595505618,0.00017876968825302145
327.89915966386553,4.0775280898876405,0.0001747413177519771
327.89915966386553,4.143820224719101,0.0001708597305242178
327.89915966386553,4.210112359550561,0.0001671173912753586
327.89915966386553,4.276404494382023,0.00016350726031137705
327.89915966386553,4.342696629213483,0.00016002275379649162
327.89915966386553,4.408988764044944,0.00015665770772892677
327.89915966386553,4.475280898876404,0.00015340634523444856
327.89915966386553,4.5415730337078655,0.00015026324682528968
327.89915966386553,4.607865168539326,0.00014722332331344414
327.89915966386553,4.674157303370786,0.00014428179110315657
327.89915966386553,4.740449438202247,0.00014143414961853513
327.89915966386553,4.806741573033708,0.00013867616064925693
327.89915966386553,4.873033707865169,0.0001360038294207605
327.89915966386553,4.939325842696629,0.00013341338721567305
327.89915966386553,5.00561797752809,0.00013090127539078429
327.89915966386553,5.071910112359551,0.00012846413064896035
327.89915966386553,5.138202247191011,0.00012609877143825157
327.89915966386553,5.204494382022472,0.00012380218536114956
327.89915966386553,5.270786516853932,0.00012157151748566335
327.89915966386553,5.337078651685394,0.00011940405945651343
327.89915966386553,5.403370786516854,0.00011729723930924261
327.89915966386553,5.4696629213483146,0.00011524861189211966
327.89915966386553,5.535955056179775,0.00011325584979997937
327.89915966386553,5.602247191011236,0.00011131673471985771
327.89915966386553,5.668539325842697,0.00010942914907947492
327.89915966386553,5.734831460674157,0.00010759106787454348
327.89915966386553,5.801123595505618,0.0001058005505271771
327.89915966386553,5.867415730337079,0.00010405573259138392
327.89915966386553,5.9337078651685395,0.00010235481706681975
327.89915966386553,6.0,0.00010069606499904914
331.1764705882353,0.1,0.019045717528919696
331.1764705882353,0.1662921348314607,0.010275447731258387
331.1764705882353,0.23258426966292134,0.0068015193194444394
331.1764705882353,0.298876404494382,0.004985022672071483
331.1764705882353,0.3651685393258427,0.0038843673846530613
331.1764705882353,0.4314606741573034,0.003153094765978495
331.1764705882353,0.49775280898876406,0.0026355159347532585
331.1764705882353,0.5640449438202247,0.0022518709274246753
331.1764705882353,0.6303370786516854,0.0019573055000452503
331.1764705882353,0.6966292134831461,0.0017247669151788767
331.1764705882353,0.7629213483146068,0.001537023941410638
331.1764705882353,0.8292134831460675,0.0013826097749142696
331.1764705882353,0.895505617977528,0.0012536142462648214
331.1764705882353,0.9617977528089887,0.0011444140882041773
331.1764705882353,1.0280898876404494,0.0010509084066183992
331.1764705882353,1.09438202247191,0.0009700401630399777
331.1764705882353,1.1606741573033708,0.0008994865746452287
331.1764705882353,1.2269662921348314,0.0008374529682020242
331.1764705882353,1.2932584269662921,0.0007825320267079588
331.1764705882353,1.3595505617977528,0.0007336055310047937
331.1764705882353,1.4258426966292135,0.0006897744012768846
331.1764705882353,1.4921348314606742,0.0006503080010410168
331.1764705882353,1.5584269662921348,0.0006146068115305695
331.1764705882353,1.6247191011235955,0.0005821745520818026
331.1764705882353,1.6910112359550562,0.0005525970817650687
331.1764705882353,1.7573033707865169,0.0005255262408230553
331.1764705882353,1.8235955056179776,0.0005006673388997988
331.1764705882353,1.8898876404494382,0.0004777693687274204
331.1764705882353,1.956179775280899,0.00045661727986935874
331.1764705882353,2.0224719101123596,0.00043702582594081017
331.1764705882353,2.08876404494382,0.00041883462537017707
331.1764705882353,2.155056179775281,0.0004019041665839738
331.1764705882353,2.2213483146067414,0.00038611255438760503
331.1764705882353,2.2876404494382023,0.00037135284263924
331.1764705882353,2.353932584269663,0.00035753083411668555
331.1764705882353,2.4202247191011237,0.0003445632552553451
331.1764705882353,2.486516853932584,0.00033237623364244497
331.1764705882353,2.552808988764045,0.00032090402152947737
331.1764705882353,2.6191011235955055,0.00031008792041817995
331.1764705882353,2.6853932584269664,0.0002998753708881764
331.1764705882353,2.751685393258427,0.00029021917892528733
331.1764705882353,2.8179775280898878,0.00028107685556413685
331.1764705882353,2.8842696629213482,0.00027241005103726274
331.1764705882353,2.950561797752809,0.00026418406809527176
331.1764705882353,3.0168539325842696,0.0002563674419319037
331.1764705882353,3.0831460674157305,0.00024893157636855383
331.1764705882353,3.149438202247191,0.00024185042774273736
331.1764705882353,3.215730337078652,0.00023510022939482447
331.1764705882353,3.2820224719101123,0.00022865925082732964
331.1764705882353,3.348314606741573,0.0002225075865756294
331.1764705882353,3.4146067415730337,0.00021662697062096062
331.1764705882353,3.4808988764044946,0.00021100061282942447
331.1764705882353,3.547191011235955,0.00020561305444116002
331.1764705882353,3.613483146067416,0.00020045004008279702
331.1764705882353,3.6797752808988764,0.00019549840415070032
331.1764705882353,3.746067415730337,0.00019074596972577866
331.1764705882353,3.8123595505617978,0.00018618145844366066
331.1764705882353,3.878651685393258,0.00018179440996560114
331.1764705882353,3.944943820224719,0.00017757510988262418
331.1764705882353,4.01123595505618,0.00017351452504410964
331.1764705882353,4.0775280898876405,0.00016960424543678435
331.1764705882353,4.143820224719101,0.00016583643185500175
331.1764705882353,4.210112359550561,0.0001622037687013622
331.1764705882353,4.276404494382023,0.00015869942134078157
331.1764705882353,4.342696629213483,0.0001553169975033394
331.1764705882353,4.408988764044944,0.00015205051229329989
331.1764705882353,4.475280898876404,0.0001488943564152846
331.1764705882353,4.5415730337078655,0.00014584326727476557
331.1764705882353,4.607865168539326,0.00014289230265004078
331.1764705882353,4.674157303370786,0.00014003681666742353
331.1764705882353,4.740449438202247,0.0001372724378413027
331.1764705882353,4.806741573033708,0.00013459504896661033
331.1764705882353,4.873033707865169,0.0001320007686735256
331.1764705882353,4.939325842696629,0.00012948593447338006
331.1764705882353,5.00561797752809,0.00012704708714099739
331.1764705882353,5.071910112359551,0.00012468095629230452
331.1764705882353,5.138202247191011,0.00012238444702711374
331.1764705882353,5.204494382022472,0.00012015462751552888
331.1764705882353,5.270786516853932,0.00011798871741230767
331.1764705882353,5.337078651685394,0.00011588407698650905
331.1764705882353,5.403370786516854,0.00011383819685328442
331.1764705882353,5.4696629213483146,0.00011184868818997265
331.1764705882353,5.535955056179775,0.00010991327330840555
331.1764705882353,5.602247191011236,0.00010802977643751828
331.1764705882353,5.668539325842697,0.00010619611454189021
331.1764705882353,5.734831460674157,0.00010441028795787251
331.1764705882353,5.801123595505618,0.00010267037056183305
331.1764705882353,5.867415730337079,0.00010097449908245196
331.1764705882353,5.9337078651685395,9.932086101077456e-5
331.1764705882353,6.0,9.770768031402005e-5
334.453781512605,0.1,0.018513866417057108
334.453781512605,0.1662921348314607,0.00998371996039908
334.453781512605,0.23258426966292134,0.006607024132948538
334.453781512605,0.298876404494382,0.004841896368069951
334.453781512605,0.3651685393258427,0.0037725547300386814
334.453781512605,0.4314606741573034,0.003062169522009259
334.453781512605,0.49775280898876406,0.0025594160044190603
334.453781512605,0.5640449438202247,0.0021867830824017645
334.453781512605,0.6303370786516854,0.0019006866056509302
334.453781512605,0.6966292134831461,0.0016748423640686792
334.453781512605,0.7629213483146068,0.0014925099020768446
334.453781512605,0.8292134831460675,0.001342549693495752
334.453781512605,0.895505617977528,0.0012172777261606252
334.453781512605,0.9617977528089887,0.0011112317400565862
334.453781512605,1.0280898876404494,0.0010204284051500004
334.453781512605,1.09438202247191,0.0009418984159586252
334.453781512605,1.1606741573033708,0.0008733857129018487
334.453781512605,1.2269662921348314,0.0008131472182443695
334.453781512605,1.2932584269662921,0.0007598161038691475
334.453781512605,1.3595505617977528,0.0007123063430933566
334.453781512605,1.4258426966292135,0.0006697447549520308
334.453781512605,1.4921348314606742,0.0006314217608006614
334.453781512605,1.5584269662921348,0.0005967551290543764
334.453781512605,1.6247191011235955,0.0005652628956301104
334.453781512605,1.6910112359550562,0.0005365428714308604
334.453781512605,1.7573033707865169,0.000510256948065819
334.453781512605,1.8235955056179776,0.00048611894577664424
334.453781512605,1.8898876404494382,0.00046388510861099236
334.453781512605,1.956179775280899,0.00044334660050279637
334.453781512605,2.0224719101123596,0.00042432352962720786
334.453781512605,2.08876404494382,0.00040666015141697367
334.453781512605,2.155056179775281,0.00039022098884533443
334.453781512605,2.2213483146067414,0.0003748876725825403
334.453781512605,2.2876404494382023,0.0003605563505726327
334.453781512605,2.353932584269663,0.00034713555135291346
334.453781512605,2.4202247191011237,0.00033454441144829177
334.453781512605,2.486516853932584,0.0003227111967996959
334.453781512605,2.552808988764045,0.00031157206312083547
334.453781512605,2.6191011235955055,0.00030107001153216397
334.453781512605,2.6853932584269664,0.0002911540046717219
334.453781512605,2.751685393258427,0.00028177821536957254
334.453781512605,2.8179775280898878,0.0002729013853673523
334.453781512605,2.8842696629213482,0.00026448627581708854
334.453781512605,2.950561797752809,0.00025649919466581107
334.453781512605,3.0168539325842696,0.00024890958872207615
334.453781512605,3.0831460674157305,0.0002416896903572713
334.453781512605,3.149438202247191,0.00023481421053290618
334.453781512605,3.215730337078652,0.0002282600712531951
334.453781512605,3.2820224719101123,0.00022200617168817313
334.453781512605,3.348314606741573,0.0002160331831493464
334.453781512605,3.4146067415730337,0.000210323368869036
334.453781512605,3.4808988764044946,0.00020486042516859964
334.453781512605,3.547191011235955,0.00019962934112557044
334.453781512605,3.613483146067416,0.0001946162742856932
334.453781512605,3.6797752808988764,0.00018980844032948085
334.453781512605,3.746067415730337,0.00018519401490706467
334.453781512605,3.8123595505617978,0.0001807620461105563
334.453781512605,3.878651685393258,0.00017650237626825203
334.453781512605,3.944943820224719,0.0001724055719267599
334.453781512605,4.01123595505618,0.00016846286104114767
334.453781512605,4.0775280898876405,0.00016466607652407204
334.453781512605,4.143820224719101,0.0001610076054163756
334.453781512605,4.210112359550561,0.0001574803430368805
334.453781512605,4.276404494382023,0.0001540776515506708
334.453781512605,4.342696629213483,0.00015079332246513915
334.453781512605,4.408988764044944,0.00014762154262323485
334.453781512605,4.475280898876404,0.0001445568633151658
334.453781512605,4.5415730337078655,0.00014159417217444206
334.453781512605,4.607865168539326,0.00013872866756268643
334.453781512605,4.674157303370786,0.0001359558351808004
334.453781512605,4.740449438202247,0.00013327142667265537
334.453781512605,4.806741573033708,0.00013067144001191342
334.453781512605,4.873033707865169,0.00012815210148339447
334.453781512605,4.939325842696629,0.00012570984908781275
334.453781512605,5.00561797752809,0.00012334131721297234
334.453781512605,5.071910112359551,0.00012104332242562908
334.453781512605,5.138202247191011,0.00011881285024614403
334.453781512605,5.204494382022472,0.00011664704277243246
334.453781512605,5.270786516853932,0.00011454318702001134
334.453781512605,5.337078651685394,0.00011249870384018367
334.453781512605,5.403370786516854,0.00011051113726703992
334.453781512605,5.4696629213483146,0.00010857814412364847
334.453781512605,5.535955056179775,0.00010669748368472763
334.453781512605,5.602247191011236,0.00010486700714142335
334.453781512605,5.668539325842697,0.00010308464653405491
334.453781512605,5.734831460674157,0.00010134840269559128
334.453781512605,5.801123595505618,9.965633155676054e-5
334.453781512605,5.867415730337079,9.800652785992309e-5
334.453781512605,5.9337078651685395,9.639710483792913e-5
334.453781512605,6.0,9.482616760047113e-5
337.7310924369748,0.1,0.018001346647795517
337.7310924369748,0.1662921348314607,0.009702834301049595
337.7310924369748,0.23258426966292134,0.006419827380166912
337.7310924369748,0.298876404494382,0.004704169848965988
337.7310924369748,0.3651685393258427,0.00366497498424155
337.7310924369748,0.4314606741573034,0.002974694655508316
337.7310924369748,0.49775280898876406,0.002486208923583252
337.7310924369748,0.5640449438202247,0.0021241727897030713
337.7310924369748,0.6303370786516854,0.001846225175830821
337.7310924369748,0.6966292134831461,0.001626821820007632
337.7310924369748,0.7629213483146068,0.001449694727983398
337.7310924369748,0.8292134831460675,0.0013040194033971792
337.7310924369748,0.895505617977528,0.001182329507945948
337.7310924369748,0.9617977528089887,0.0010793177374134595
337.7310924369748,1.0280898876404494,0.0009911138997938855
337.7310924369748,1.09438202247191,0.0009148331148365322
337.7310924369748,1.1606741573033708,0.0008482835273950447
337.7310924369748,1.2269662921348314,0.0007897717053335861
337.7310924369748,1.2932584269662921,0.0007379697777579991
337.7310924369748,1.3595505617977528,0.0006918226915745832
337.7310924369748,1.4258426966292135,0.0006504821833003872
337.7310924369748,1.4921348314606742,0.0006132589336287293
337.7310924369748,1.5584269662921348,0.0005795873422115935
337.7310924369748,1.6247191011235955,0.0005489992179965617
337.7310924369748,1.6910112359550562,0.0005211038697039559
337.7310924369748,1.7573033707865169,0.0004955728582963154
337.7310924369748,1.8235955056179776,0.00047212819100865604
337.7310924369748,1.8898876404494382,0.00045053308736386194
337.7310924369748,1.956179775280899,0.0004305846891766335
337.7310924369748,2.0224719101123596,0.00041210825533602544
337.7310924369748,2.08876404494382,0.0003949525016876141
337.7310924369748,2.155056179775281,0.000378985832051763
337.7310924369748,2.2213483146067414,0.0003640932685997553
337.7310924369748,2.2876404494382023,0.0003501739354158597
337.7310924369748,2.353932584269663,0.00033713898286103096
337.7310924369748,2.4202247191011237,0.0003249098656242471
337.7310924369748,2.486516853932584,0.00031341690641621407
337.7310924369748,2.552808988764045,0.0003025980917703493
337.7310924369748,2.6191011235955055,0.00029239805754445756
337.7310924369748,2.6853932584269664,0.00028276723031526004
337.7310924369748,2.751685393258427,0.0002736610975488367
337.7310924369748,2.8179775280898878,0.0002650395846711104
337.7310924369748,2.8842696629213482,0.00025686652129389815
337.7310924369748,2.950561797752809,0.0002491091821282694
337.7310924369748,3.0168539325842696,0.0002417378907298664
337.7310924369748,3.0831460674157305,0.00023472567631600307
337.7310924369748,3.149438202247191,0.00022804797558312738
337.7310924369748,3.215730337078652,0.00022168237282112937
337.7310924369748,3.2820224719101123,0.00021560837273415753
337.7310924369748,3.348314606741573,0.00020980720128765807
337.7310924369748,3.4146067415730337,0.00020426163064847597
337.7310924369748,3.4808988764044946,0.00019895582490080997
337.7310924369748,3.547191011235955,0.00019387520373060062
337.7310924369748,3.613483146067416,0.00018900632169443782
337.7310924369748,3.6797752808988764,0.00018433676104228538
337.7310924369748,3.746067415730337,0.00017985503635872992
337.7310924369748,3.8123595505617978,0.00017555050953560087
337.7310924369748,3.878651685393258,0.00017141331379769484
337.7310924369748,3.944943820224719,0.00016743428567986553
337.7310924369748,4.01123595505618,0.00016360490400326068
337.7310924369748,4.0775280898876405,0.0001599172350255608
337.7310924369748,4.143820224719101,0.00015636388304827748
337.7310924369748,4.210112359550561,0.0001529379458565847
337.7310924369748,4.276404494382023,0.00014963297444622704
337.7310924369748,4.342696629213483,0.0001464429365598238
337.7310924369748,4.408988764044944,0.0001433621836130892
337.7310924369748,4.475280898876404,0.00014038542064148625
337.7310924369748,4.5415730337078655,0.0001375076789407877
337.7310924369748,4.607865168539326,0.00013472429111190297
337.7310924369748,4.674157303370786,0.00013203086825182983
337.7310924369748,4.740449438202247,0.00012942327905943513
337.7310924369748,4.806741573033708,0.00012689763064724517
337.7310924369748,4.873033707865169,0.00012445025086897118
337.7310924369748,4.939325842696629,0.00012207767198715212
337.7310924369748,5.00561797752809,0.0001197766155160407
337.7310924369748,5.071910112359551,0.00011754397808137682
337.7310924369748,5.138202247191011,0.0001153768181404017
337.7310924369748,5.204494382022472,0.00011327234340121459
337.7310924369748,5.270786516853932,0.00011122789876874051
337.7310924369748,5.337078651685394,0.00010924095462222665
337.7310924369748,5.403370786516854,0.00010730909519213309
337.7310924369748,5.4696629213483146,0.00010543000674537875
337.7310924369748,5.535955056179775,0.00010360146519610333
337.7310924369748,5.602247191011236,0.00010182132261590907
337.7310924369748,5.668539325842697,0.00010008749189223398
337.7310924369748,5.734831460674157,9.839792842316295e-5
337.7310924369748,5.801123595505618,9.675060714812947e-5
337.7310924369748,5.867415730337079,9.514349222607921e-5
337.7310924369748,5.9337078651685395,9.357449496306119e-5
337.7310924369748,6.0,9.204141252367251e-5
341.00840336134456,0.1,0.017507301885663906
341.00840336134456,0.1662921348314607,0.009432296493294093
341.00840336134456,0.23258426966292134,0.0062395922234927135
341.00840336134456,0.298876404494382,0.004571592190857242
341.00840336134456,0.3651685393258427,0.0035614305874672645
341.00840336134456,0.4314606741573034,0.0028905086420928047
341.00840336134456,0.49775280898876406,0.0024157589673109462
341.00840336134456,0.5640449438202247,0.002063923611865213
341.00840336134456,0.6303370786516854,0.0017938196804751806
341.00840336134456,0.6966292134831461,0.001580615583413845
341.00840336134456,0.7629213483146068,0.0014084983122661168
341.00840336134456,0.8292134831460675,0.0012669467158225778
341.00840336134456,0.895505617977528,0.0011487040374982707
341.00840336134456,0.9617977528089887,0.0010486121572340424
341.00840336134456,1.0280898876404494,0.0009629098000914091
341.00840336134456,1.09438202247191,0.0008887933568560132
341.00840336134456,1.1606741573033708,0.0008241327751292017
341.00840336134456,1.2269662921348314,0.00076728240927471
341.00840336134456,1.2932584269662921,0.0007169518853708981
341.00840336134456,1.3595505617977528,0.0006721159619199796
341.00840336134456,1.4258426966292135,0.0006319503574050399
341.00840336134456,1.4921348314606742,0.0005957852506987295
341.00840336134456,1.5584269662921348,0.000563071047445836
341.00840336134456,1.6247191011235955,0.0005333528115338092
341.00840336134456,1.6910112359550562,0.0005062509167649933
341.00840336134456,1.7573033707865169,0.0004814462293584244
341.00840336134456,1.8235955056179776,0.0004586686351237814
341.00840336134456,1.8898876404494382,0.00043768806616976567
341.00840336134456,1.956179775280899,0.0004183074168107128
341.00840336134456,2.0224719101123596,0.00040035690238291415
341.00840336134456,2.08876404494382,0.000383689530855103
341.00840336134456,2.155056179775281,0.00036817744042336414
341.00840336134456,2.2213483146067414,0.00035370891671704407
341.00840336134456,2.2876404494382023,0.000340185947564991
341.00840336134456,2.353932584269663,0.0003275222061078588
341.00840336134456,2.4202247191011237,0.0003156413776006339
341.00840336134456,2.486516853932584,0.00030447576378094204
341.00840336134456,2.552808988764045,0.0002939651127797562
341.00840336134456,2.6191011235955055,0.00028405563336581294
341.00840336134456,2.6853932584269664,0.0002746991606711638
341.00840336134456,2.751685393258427,0.00026585244704735835
341.00840336134456,2.8179775280898878,0.00025747655679485314
341.00840336134456,2.8842696629213482,0.00024953634752297363
341.00840336134456,2.950561797752809,0.00024200002408139674
341.00840336134456,3.0168539325842696,0.0002348387535432068
341.00840336134456,3.0831460674157305,0.00022802633175552335
341.00840336134456,3.149438202247191,0.00022153889361472214
341.00840336134456,3.215730337078652,0.00021535466055242158
341.00840336134456,3.2820224719101123,0.0002094537198001946
341.00840336134456,3.348314606741573,0.00020381783088514236
341.00840336134456,3.4146067415730337,0.00019843025553452896
341.00840336134456,3.4808988764044946,0.00019327560776611228
341.00840336134456,3.547191011235955,0.00018833972143617053
341.00840336134456,3.613483146067416,0.00018360953292872434
341.00840336134456,3.6797752808988764,0.00017907297701256694
341.00840336134456,3.746067415730337,0.00017471889417980537
341.00840336134456,3.8123595505617978,0.00017053694802059252
341.00840336134456,3.878651685393258,0.00016651755139168416
341.00840336134456,3.944943820224719,0.00016265180030786903
341.00840336134456,4.01123595505618,0.00015893141463053278
341.00840336134456,4.0775280898876405,0.00015534868475092884
341.00840336134456,4.143820224719101,0.00015189642357072594
341.00840336134456,4.210112359550561,0.0001485679231719946
341.00840336134456,4.276404494382023,0.0001453569156453455
341.00840336134456,4.342696629213483,0.00014225753761046915
341.00840336134456,4.408988764044944,0.00013926429801944137
341.00840336134456,4.475280898876404,0.00013637204888115656
341.00840336134456,4.5415730337078655,0.00013357595858627192
341.00840336134456,4.607865168539326,0.00013087148754687
341.00840336134456,4.674157303370786,0.00012825436589437375
341.00840336134456,4.740449438202247,0.00012572057300353005
341.00840336134456,4.806741573033708,0.00012326631862973004
341.00840336134456,4.873033707865169,0.00012088802546164273
341.00840336134456,4.939325842696629,0.00011858231290078182
341.00840336134456,5.00561797752809,0.00011634598188362884
341.00840336134456,5.071910112359551,0.00011417600055910558
341.00840336134456,5.138202247191011,0.00011206949062263791
341.00840336134456,5.204494382022472,0.00011002371408466679
341.00840336134456,5.270786516853932,0.0001080360602112944
341.00840336134456,5.337078651685394,0.00010610403230991539
341.00840336134456,5.403370786516854,0.00010422523393023862
341.00840336134456,5.4696629213483146,0.00010239735388982272
341.00840336134456,5.535955056179775,0.00010061814927714826
341.00840336134456,5.602247191011236,9.888542517193677e-5
341.00840336134456,5.668539325842697,9.719700914063425e-5
341.00840336134456,5.734831460674157,9.555071740912109e-5
341.00840336134456,5.801123595505618,9.394430759095201e-5
341.00840336134456,5.867415730337079,9.237540916951944e-5
341.00840336134456,5.9337078651685395,9.08414159388912e-5
341.00840336134456,6.0,8.933931060837139e-5
344.2857142857143,0.1,0.017030920107952277
344.2857142857143,0.1662921348314607,0.009171638793449942
344.2857142857143,0.23258426966292134,0.006066000174484668
344.2857142857143,0.298876404494382,0.004443926254870138
344.2857142857143,0.3651685393258427,0.0034617348916337227
344.2857142857143,0.4314606741573034,0.002809458911885597
344.2857142857143,0.49775280898876406,0.0023479379553625885
344.2857142857143,0.5640449438202247,0.0020059255973983426
344.2857142857143,0.6303370786516854,0.0017433742543134715
344.2857142857143,0.6966292134831461,0.0015361389660909074
344.2857142857143,0.7629213483146068,0.0013688450284073997
344.2857142857143,0.8292134831460675,0.0012312634831734737
344.2857142857143,0.895505617977528,0.0011163394333449338
344.2857142857143,0.9617977528089887,0.001019058435908367
344.2857142857143,1.0280898876404494,0.0009357641058989749
344.2857142857143,1.09438202247191,0.0008637310960777606
344.2857142857143,1.1606741573033708,0.0008008888657911166
344.2857142857143,1.2269662921348314,0.0007456377825998143
344.2857142857143,1.2932584269662921,0.0006967235767777163
344.2857142857143,1.3595505617977528,0.0006531497101804072
344.2857142857143,1.4258426966292135,0.0006141149910580167
344.2857142857143,1.4921348314606742,0.0005789683705789312
344.2857142857143,1.5584269662921348,0.000547175664135978
344.2857142857143,1.6247191011235955,0.0005182946965126321
344.2857142857143,1.6910112359550562,0.000491956493956409
344.2857142857143,1.7573033707865169,0.00046785088076675295
344.2857142857143,1.8235955056179776,0.00044571532725037926
344.2857142857143,1.8898876404494382,0.0004253262274425697
344.2857142857143,1.956179775280899,0.0004064920132661647
344.2857142857143,2.0224719101123596,0.0003890476712835946
344.2857142857143,2.08876404494382,0.0003728503411359911
344.2857142857143,2.155056179775281,0.0003577757557486592
344.2857142857143,2.2213483146067414,0.00034371534213397255
344.2857142857143,2.2876404494382023,0.000330573844709628
344.2857142857143,2.353932584269663,0.0003182673649703883
344.2857142857143,2.4202247191011237,0.0003067217352244369
344.2857142857143,2.486516853932584,0.0002958711621194107
344.2857142857143,2.552808988764045,0.0002856570893902909
344.2857142857143,2.6191011235955055,0.00027602723977381585
344.2857142857143,2.6853932584269664,0.0002669348041566104
344.2857142857143,2.751685393258427,0.00025833775234445196
344.2857142857143,2.8179775280898878,0.00025019824479070846
344.2857142857143,2.8842696629213482,0.00024248212852438498
344.2857142857143,2.950561797752809,0.00023515850361274158
344.2857142857143,3.0168539325842696,0.00022819934896142866
344.2857142857143,3.0831460674157305,0.00022157919823400139
344.2857142857143,3.149438202247191,0.00021527485826772712
344.2857142857143,3.215730337078652,0.00020926516365451028
344.2857142857143,3.2820224719101123,0.00020353076220717324
344.2857142857143,3.348314606741573,0.00019805392689076389
344.2857142857143,3.4146067415730337,0.00019281839050417705
344.2857142857143,3.4808988764044946,0.00018780919997907685
344.2857142857143,3.547191011235955,0.00018301258764446483
344.2857142857143,3.613483146067416,0.00017841585720522517
344.2857142857143,3.6797752808988764,0.00017400728251635878
344.2857142857143,3.746067415730337,0.00016977601751361294
344.2857142857143,3.8123595505617978,0.00016571201589533907
344.2857142857143,3.878651685393258,0.0001618059593475623
344.2857142857143,3.944943820224719,0.00015804919327072847
344.2857142857143,4.01123595505618,0.00015443366910755527
344.2857142857143,4.0775280898876405,0.00015095189249106328
344.2857142857143,4.143820224719101,0.00014759687653364992
344.2857142857143,4.210112359550561,0.00014436209966478685
344.2857142857143,4.276404494382023,0.00014124146749889388
344.2857142857143,4.342696629213483,0.0001382292782780534
344.2857142857143,4.408988764044944,0.00013532019148799202
344.2857142857143,4.475280898876404,0.00013250919929141042
344.2857142857143,4.5415730337078655,0.00012979160046122648
344.2857142857143,4.607865168539326,0.00012716297652833893
344.2857142857143,4.674157303370786,0.0001246191698844916
344.2857142857143,4.740449438202247,0.0001221562636009796
344.2857142857143,4.806741573033708,0.00011977056273806101
344.2857142857143,4.873033707865169,0.00011745857692743622
344.2857142857143,4.939325842696629,0.0001152170040099137
344.2857142857143,5.00561797752809,0.00011304271450028989
344.2857142857143,5.071910112359551,0.00011093273662826648
344.2857142857143,5.138202247191011,0.00010888424166245842
344.2857142857143,5.204494382022472,0.00010689452915553533
344.2857142857143,5.270786516853932,0.00010496101163797932
344.2857142857143,5.337078651685394,0.0001030811981120485
344.2857142857143,5.403370786516854,0.00010125267541591996
344.2857142857143,5.4696629213483146,9.947308606987754e-5
344.2857142857143,5.535955056179775,9.774010045468143e-5
344.2857142857143,5.602247191011236,9.605137986982808e-5
344.2857142857143,5.668539325842697,9.44045247172926e-5
344.2857142857143,5.734831460674157,9.279699782495765e-5
344.2857142857143,5.801123595505618,9.122600478147929e-5
344.2857142857143,5.867415730337079,8.96882966144451e-5
344.2857142857143,5.9337078651685395,8.817982430117754e-5
344.2857142857143,6.0,8.669509057418155e-5
347.56302521008405,0.1,0.01657143100581962
347.56302521008405,0.1662921348314607,0.008920418347642605
347.56302521008405,0.23258426966292134,0.0058987499472314305
347.56302521008405,0.298876404494382,0.004320947816899318
347.56302521008405,0.3651685393258427,0.0033657114670512045
347.56302521008405,0.4314606741573034,0.0027314012780225608
347.56302521008405,0.49775280898876406,0.002282624769112939
347.56302521008405,0.5640449438202247,0.0019500748644651529
347.56302521008405,0.6303370786516854,0.0016947983325904337
347.56302521008405,0.6966292134831461,0.0014933119684212158
347.56302521008405,0.7629213483146068,0.0013306634412606334
347.56302521008405,0.8292134831460675,0.0011969053381131018
347.56302521008405,0.895505617977528,0.0010851772493037227
347.56302521008405,0.9617977528089887,0.0009906031519670076
347.56302521008405,1.0280898876404494,0.0009096277073650532
347.56302521008405,1.09438202247191,0.0008396009584140083
347.56302521008405,1.1606741573033708,0.0007785096898548369
347.56302521008405,1.2269662921348314,0.0007247985902565479
347.56302521008405,1.2932584269662921,0.0006772481650958463
347.56302521008405,1.3595505617977528,0.0006348895221471055
347.56302521008405,1.4258426966292135,0.0005969437081710191
347.56302521008405,1.4921348314606742,0.0005627777540872623
347.56302521008405,1.5584269662921348,0.0005318723161982813
347.56302521008405,1.6247191011235955,0.0005037975088644679
347.56302521008405,1.6910112359550562,0.000478194617134121
347.56302521008405,1.7573033707865169,0.0004547620921998374
347.56302521008405,1.8235955056179776,0.00043324470833844026
347.56302521008405,1.8898876404494382,0.0004134250824081756
347.56302521008405,1.956179775280899,0.0003951169789602871
347.56302521008405,2.0224719101123596,0.0003781599791082389
347.56302521008405,2.08876404494382,0.0003624152011205285
347.56302521008405,2.155056179775281,0.00034776183945263255
347.56302521008405,2.2213483146067414,0.000334094346062596
347.56302521008405,2.2876404494382023,0.0003213201197509626
347.56302521008405,2.353932584269663,0.0003093576003034123
347.56302521008405,2.4202247191011237,0.00029813468742714903
347.56302521008405,2.486516853932584,0.0002875874219875253
347.56302521008405,2.552808988764045,0.00027765888037909614
347.56302521008405,2.6191011235955055,0.00026829824308663463
347.56302521008405,2.6853932584269664,0.00025946000638916506
347.56302521008405,2.751685393258427,0.0002511033123051539
347.56302521008405,2.8179775280898878,0.0002431913766903917
347.56302521008405,2.8842696629213482,0.00023569099919425963
347.56302521008405,2.950561797752809,0.00022857214178879673
347.56302521008405,3.0168539325842696,0.00022180756498445372
347.56302521008405,3.0831460674157305,0.00021537251277045573
347.56302521008405,3.149438202247191,0.0002092444388683906
347.56302521008405,3.215730337078652,0.00020340276814375202
347.56302521008405,3.2820224719101123,0.00019782868804226608
347.56302521008405,3.348314606741573,0.00019250496575343818
347.56302521008405,3.4146067415730337,0.00018741578748971666
347.56302521008405,3.4808988764044946,0.0001825466168351157
347.56302521008405,3.547191011235955,0.00017788406958516291
347.56302521008405,3.613483146067416,0.0001734158028887329
347.56302521008405,3.6797752808988764,0.00016913041682645907
347.56302521008405,3.746067415730337,0.00016501736683146505
347.56302521008405,3.8123595505617978,0.00016106688558571104
347.56302521008405,3.878651685393258,0.0001572699132167077
347.56302521008405,3.944943820224719,0.00015361803478102897
347.56302521008405,4.01123595505618,0.0001501034241577937
347.56302521008405,4.0775280898876405,0.0001467187935913014
347.56302521008405,4.143820224719101,0.00014345734822047182
347.56302521008405,4.210112359550561,0.00014031274501650036
347.56302521008405,4.276404494382023,0.00013727905562124765
347.56302521008405,4.342696629213483,0.00013435073263923925
347.56302521008405,4.408988764044944,0.00013152257898700764
347.56302521008405,4.475280898876404,0.00012878971994607425
347.56302521008405,4.5415730337078655,0.00012614757760069894
347.56302521008405,4.607865168539326,0.00012359184736917297
347.56302521008405,4.674157303370786,0.00012111847635779464
347.56302521008405,4.740449438202247,0.00011872364327931047
347.56302521008405,4.806741573033708,0.00011640373968144526
347.56302521008405,4.873033707865169,0.00011415535222405286
347.56302521008405,4.939325842696629,0.00011197524572202026
347.56302521008405,5.00561797752809,0.00010986034662960568
347.56302521008405,5.071910112359551,0.00010780772657115036
347.56302521008405,5.138202247191011,0.00010581458540774309
347.56302521008405,5.204494382022472,0.0001038782331438842
347.56302521008405,5.270786516853932,0.00010199606967861268
347.56302521008405,5.337078651685394,0.00010016556091499238
347.56302521008405,5.403370786516854,9.838420892077635e-5
347.56302521008405,5.4696629213483146,9.664951241997691e-5
347.56302521008405,5.535955056179775,9.49589113793394e-5
347.56302521008405,5.602247191011236,9.330970479241379e-5
347.56302521008405,5.668539325842697,9.169892171059855e-5
347.56302521008405,5.734831460674157,9.012310697858958e-5
347.56302521008405,5.801123595505618,8.857794231092383e-5
347.56302521008405,5.867415730337079,8.705752609463323e-5
347.56302521008405,5.9337078651685395,8.555287866828137e-5
347.56302521008405,6.0,8.404846663962776e-5
350.84033613445376,0.1,0.016128103554149203
350.84033613445376,0.1662921348314607,0.008678215677008778
350.84033613445376,0.23258426966292134,0.00573755639219916
350.84033613445376,0.298876404494382,0.004202444759178426
350.84033613445376,0.3651685393258427,0.0032731934587392542
350.84033613445376,0.4314606741573034,0.0026561994062892693
350.84033613445376,0.49775280898876406,0.002219704903369427
350.84033613445376,0.5640449438202247,0.001896273214723645
350.84033613445376,0.6303370786516854,0.0016480063131989482
350.84033613445376,0.6966292134831461,0.0014520589800444358
350.84033613445376,0.7629213483146068,0.001293886039130416
350.84033613445376,0.8292134831460675,0.0011638114516676584
350.84033613445376,0.895505617977528,0.0010551622544591088
350.84033613445376,0.9617977528089887,0.000963195824675579
350.84033613445376,1.0280898876404494,0.0008844541995415108
350.84033613445376,1.09438202247191,0.0008163600701484715
350.84033613445376,1.1606741573033708,0.0007569554592797599
350.84033613445376,1.2269662921348314,0.0007047277610478744
350.84033613445376,1.2932584269662921,0.0006584909874670351
350.84033613445376,1.3595505617977528,0.0006173028828463676
350.84033613445376,1.4258426966292135,0.0005804059199185057
350.84033613445376,1.4921348314606742,0.0005471845483356191
350.84033613445376,1.5584269662921348,0.000517133722385411
350.84033613445376,1.6247191011235955,0.0004898353961723619
350.84033613445376,1.6910112359550562,0.00046494073785766657
350.84033613445376,1.7573033707865169,0.00044215650945588706
350.84033613445376,1.8235955056179776,0.00042123452149744564
350.84033613445376,1.8898876404494382,0.0004019633854838466
350.84033613445376,1.956179775280899,0.00038416200298350083
350.84033613445376,2.0224719101123596,0.00036767438106397434
350.84033613445376,2.08876404494382,0.0003523654705761345
350.84033613445376,2.155056179775281,0.0003381178004006212
350.84033613445376,2.2213483146067414,0.0003248287363322062
350.84033613445376,2.2876404494382023,0.0003124082340262658
350.84033613445376,2.353932584269663,0.00030077698561891206
350.84033613445376,2.4202247191011237,0.0002898648822085813
350.84033613445376,2.486516853932584,0.0002796097314220761
350.84033613445376,2.552808988764045,0.00026995618225007583
350.84033613445376,2.6191011235955055,0.000260854819277975
350.84033613445376,2.6853932584269664,0.0002522613961186165
350.84033613445376,2.751685393258427,0.00024413618382980364
350.84033613445376,2.8179775280898878,0.00023644341478064508
350.84033613445376,2.8842696629213482,0.00022915080612067814
350.84033613445376,2.950561797752809,0.00022222914993171372
350.84033613445376,3.0168539325842696,0.00021565195947587332
350.84033613445376,3.0831460674157305,0.00020939516282434095
350.84033613445376,3.149438202247191,0.00020343683665943415
350.84033613445376,3.215730337078652,0.00019775697426405926
350.84033613445376,3.2820224719101123,0.0001923372827066222
350.84033613445376,3.348314606741573,0.0001871610050419784
350.84033613445376,3.4146067415730337,0.00018221276401605613
350.84033613445376,3.4808988764044946,0.00017747842431160458
350.84033613445376,3.547191011235955,0.00017294497082755871
350.84033613445376,3.613483146067416,0.00016860040086240534
350.84033613445376,3.6797752808988764,0.00016443362838701345
350.84033613445376,3.746067415730337,0.0001604343988558167
350.84033613445376,3.8123595505617978,0.00015659321322630002
350.84033613445376,3.878651685393258,0.00015290126004267887
350.84033613445376,3.944943820224719,0.00014935035459652787
350.84033613445376,4.01123595505618,0.00014593288430964513
350.84033613445376,4.0775280898876405,0.0001426417595966852
350.84033613445376,4.143820224719101,0.00013947036956007912
350.84033613445376,4.210112359550561,0.00013641254195017339
350.84033613445376,4.276404494382023,0.00013346250689133432
350.84033613445376,4.342696629213483,0.00013061486393157058
350.84033613445376,4.408988764044944,0.00012786455202018802
350.84033613445376,4.475280898876404,0.00012520682205583025
350.84033613445376,4.5415730337078655,0.00012263721167627995
350.84033613445376,4.607865168539326,0.00012015152198132518
350.84033613445376,4.674157303370786,0.00011774579588986198
350.84033613445376,4.740449438202247,0.00011541629783029905
350.84033613445376,4.806741573033708,0.00011315949444573352
350.84033613445376,4.873033707865169,0.00011097203595659291
350.84033613445376,4.939325842696629,0.00010885073775388902
350.84033613445376,5.00561797752809,0.00010679256168016812
350.84033613445376,5.071910112359551,0.00010479459626596348
350.84033613445376,5.138202247191011,0.00010285403488147057
350.84033613445376,5.204494382022472,0.00010096815025543601
350.84033613445376,5.270786516853932,9.91342629593185e-5
350.84033613445376,5.337078651685394,9.734969997814896e-5
350.84033613445376,5.403370786516854,9.561173684812381e-5
350.84033613445376,5.4696629213483146,9.39175119210986e-5
350.84033613445376,5.535955056179775,9.226389170360183e-5
350.84033613445376,5.602247191011236,9.064724633944929e-5
350.84033613445376,5.668539325842697,8.906305029237166e-5
350.84033613445376,5.734831460674157,8.750511734192635e-5
350.84033613445376,5.801123595505618,8.596399574789137e-5
350.84033613445376,5.867415730337079,8.442318109486873e-5
350.84033613445376,5.9337078651685395,8.284859287637641e-5
350.84033613445376,6.0,8.115104359336833e-5
354.11764705882354,0.1,0.015700243738258006
354.11764705882354,0.1662921348314607,0.008444633266098801
354.11764705882354,0.23258426966292134,0.005582149504319416
354.11764705882354,0.298876404494382,0.004088216318816443
354.11764705882354,0.3651685393258427,0.003184022988439599
354.11764705882354,0.4314606741573034,0.0025837243226019702
354.11764705882354,0.49775280898876406,0.0021590700502898998
354.11764705882354,0.5640449438202247,0.001844427774905605
354.11764705882354,0.6303370786516854,0.0016029172431343418
354.11764705882354,0.6966292134831461,0.0014123085021214743
354.11764705882354,0.7629213483146068,0.0012584489852024842
354.11764705882354,0.8292134831460675,0.0011319243088196112
354.11764705882354,0.895505617977528,0.0010262422290656871
354.11764705882354,0.9617977528089887,0.0009367887272218931
354.11764705882354,1.0280898876404494,0.0008601997104377686
354.11764705882354,1.09438202247191,0.0007939678988992333
354.11764705882354,1.1606741573033708,0.0007361885597751214
354.11764705882354,1.2269662921348314,0.0006853902498642034
354.11764705882354,1.2932584269662921,0.0006404192761387186
354.11764705882354,1.3595505617977528,0.0006003590555238475
354.11764705882354,1.4258426966292135,0.000564472710817833
354.11764705882354,1.4921348314606742,0.0005321614792122377
354.11764705882354,1.5584269662921348,0.0005029340945710162
354.11764705882354,1.6247191011235955,0.0004763839212354152
354.11764705882354,1.6910112359550562,0.00045217165177727404
354.11764705882354,1.7573033707865169,0.000430012057260045
354.11764705882354,1.8235955056179776,0.000409663728867985
354.11764705882354,1.8898876404494382,0.0003909210548981177
354.11764705882354,1.956179775280899,0.00037360788718559493
354.11764705882354,2.0224719101123596,0.0003575724977949806
354.11764705882354,2.08876404494382,0.0003426835307344365
354.11764705882354,2.155056179775281,0.0003288267279676451
354.11764705882354,2.2213483146067414,0.0003159022630557815
354.11764705882354,2.2876404494382023,0.0003038225554044046
354.11764705882354,2.353932584269663,0.00029251046745763743
354.11764705882354,2.4202247191011237,0.000281897809144852
354.11764705882354,2.486516853932584,0.00027192409045730077
354.11764705882354,2.552808988764045,0.0002625354756416863
354.11764705882354,2.6191011235955055,0.00025368390216811624
354.11764705882354,2.6853932584269664,0.0002453263351016355
354.11764705882354,2.751685393258427,0.00023742413332014574
354.11764705882354,2.8179775280898878,0.00022994250857526034
354.11764705882354,2.8842696629213482,0.0002228500619820156
354.11764705882354,2.950561797752809,0.00021611838536967297
354.11764705882354,3.0168539325842696,0.0002097217171957061
354.11764705882354,3.0831460674157305,0.0002036366445451759
354.11764705882354,3.149438202247191,0.00019784184420457336
354.11764705882354,3.215730337078652,0.00019231785698737054
354.11764705882354,3.2820224719101123,0.00018704689045532963
354.11764705882354,3.348314606741573,0.0001820126459699594
354.11764705882354,3.4146067415730337,0.00017720016665721206
354.11764705882354,3.4808988764044946,0.0001725957034033096
354.11764705882354,3.547191011235955,0.00016818659644202177
354.11764705882354,3.613483146067416,0.00016396117046118186
354.11764705882354,3.6797752808988764,0.00015990864146248182
354.11764705882354,3.746067415730337,0.0001560190338645824
354.11764705882354,3.8123595505617978,0.00015228310655424909
354.11764705882354,3.878651685393258,0.0001486922867706893
354.11764705882354,3.944943820224719,0.00014523861086023664
354.11764705882354,4.01123595505618,0.00014191467106676282
354.11764705882354,4.0775280898876405,0.00013871356763130911
354.11764705882354,4.143820224719101,0.00013562886556555843
354.11764705882354,4.210112359550561,0.00013265455554014512
354.11764705882354,4.276404494382023,0.00012978501839229742
354.11764705882354,4.342696629213483,0.00012701499280915783
354.11764705882354,4.408988764044944,0.0001243395457840046
354.11764705882354,4.475280898876404,0.0001217540454726486
354.11764705882354,4.5415730337078655,0.00011925413609578435
354.11764705882354,4.607865168539326,0.00011683571453832418
354.11764705882354,4.674157303370786,0.00011449490828548592
354.11764705882354,4.740449438202247,0.00011222805430201224
354.11764705882354,4.806741573033708,0.00011003167839591809
354.11764705882354,4.873033707865169,0.00010790247449587498
354.11764705882354,4.939325842696629,0.00010583728308495612
354.11764705882354,5.00561797752809,0.00010383306772708743
354.11764705882354,5.071910112359551,0.00010188688811474087
354.11764705882354,5.138202247191011,9.99958672089836e-5
354.11764705882354,5.204494382022472,9.815714855605038e-5
354.11764705882354,5.270786516853932,9.63678371982084e-5
354.11764705882354,5.337078651685394,9.462491261803687e-5
354.11764705882354,5.403370786516854,9.292509240256816e-5
354.11764705882354,5.4696629213483146,9.126460508522677e-5
354.11764705882354,5.535955056179775,8.963878567779748e-5
354.11764705882354,5.602247191011236,8.804129874631373e-5
354.11764705882354,5.668539325842697,8.64625017662172e-5
354.11764705882354,5.734831460674157,8.488555943034645e-5
354.11764705882354,5.801123595505618,8.327554879410102e-5
354.11764705882354,5.867415730337079,8.154002665671394e-5
354.11764705882354,5.9337078651685395,7.930059876666047e-5
354.11764705882354,6.0,6.831772494373374e-5
357.39495798319325,0.1,0.015287192426462025
357.39495798319325,0.1662921348314607,0.008219294246739409
357.39495798319325,0.23258426966292134,0.0054322734996029055
357.39495798319325,0.298876404494382,0.0039780723888532465
357.39495798319325,0.3651685393258427,0.0030980505987267207
357.39495798319325,0.4314606741573034,0.002513853955334763
357.39495798319325,0.49775280898876406,0.002100617712846006
357.39495798319325,0.5640449438202247,0.0017944506639168923
357.39495798319325,0.6303370786516854,0.0015594545273237429
357.39495798319325,0.6966292134831461,0.001373992889453057
357.39495798319325,0.7629213483146068,0.0012242918867689553
357.39495798319325,0.8292134831460675,0.0011011895001860905
357.39495798319325,0.895505617977528,0.0009983677750959714
357.39495798319325,0.9617977528089887,0.0009113367133193352
357.39495798319325,1.0280898876404494,0.0008368227414330369
357.39495798319325,1.09438202247191,0.0007723861060197205
357.39495798319325,1.1606741573033708,0.0007161734136961148
357.39495798319325,1.2269662921348314,0.0006667529098351511
357.39495798319325,1.2932584269662921,0.0006230020388323043
357.39495798319325,1.3595505617977528,0.0005840289693502547
357.39495798319325,1.4258426966292135,0.0005491167330225929
357.39495798319325,1.4921348314606742,0.0005176827516184498
357.39495798319325,1.5584269662921348,0.0004892490433725877
357.39495798319325,1.6247191011235955,0.00046341997259265026
357.39495798319325,1.6910112359550562,0.0004398654136340734
357.39495798319325,1.7573033707865169,0.0004183078583672762
357.39495798319325,1.8235955056179776,0.0003985124344968866
357.39495798319325,1.8898876404494382,0.0003802790990446428
357.39495798319325,1.956179775280899,0.00036343647574651187
357.39495798319325,2.0224719101123596,0.00034783694793578024
357.39495798319325,2.08876404494382,0.00033335271961637433
357.39495798319325,2.155056179775281,0.00031987262994528513
357.39495798319325,2.2213483146067414,0.0003072995589466895
357.39495798319325,2.2876404494382023,0.0002955483008562849
357.39495798319325,2.353932584269663,0.0002845438100712062
357.39495798319325,2.4202247191011237,0.00027421974605240976
357.39495798319325,2.486516853932584,0.00026451725965204946
357.39495798319325,2.552808988764045,0.00025538397560818254
357.39495798319325,2.6191011235955055,0.00024677313535883134
357.39495798319325,2.6853932584269664,0.00023864287159766298
357.39495798319325,2.751685393258427,0.00023095559165034796
357.39495798319325,2.8179775280898878,0.00022367745118147576
357.39495798319325,2.8842696629213482,0.00021677790323441418
357.39495798319325,2.950561797752809,0.0002102293103758776
357.39495798319325,3.0168539325842696,0.00020400660992557645
357.39495798319325,3.0831460674157305,0.0001980870240221602
357.39495798319325,3.149438202247191,0.00019244980770391458
357.39495798319325,3.215730337078652,0.00018707602933862191
357.39495798319325,3.2820224719101123,0.00018194837867764932
357.39495798319325,3.348314606741573,0.00017705099857814088
357.39495798319325,3.4146067415730337,0.0001723693370683222
357.39495798319325,3.4808988764044946,0.00016789001695103099
357.39495798319325,3.547191011235955,0.00016360072057089854
357.39495798319325,3.613483146067416,0.00015949008772791148
357.39495798319325,3.6797752808988764,0.00015554762501767915
357.39495798319325,3.746067415730337,0.00015176362512743673
357.39495798319325,3.8123595505617978,0.0001481290948251351
357.39495798319325,3.878651685393258,0.00014463569055380568
357.39495798319325,3.944943820224719,0.0001412756606903573
357.39495798319325,4.01123595505618,0.0001380417936513885
357.39495798319325,4.0775280898876405,0.00013492737113212917
357.39495798319325,4.143820224719101,0.00013192612585086593
357.39495798319325,4.210112359550561,0.00012903220324229334
357.39495798319325,4.276404494382023,0.00012624012660042327
357.39495798319325,4.342696629213483,0.00012354476521566187
357.39495798319325,4.408988764044944,0.00012094130508114808
357.39495798319325,4.475280898876404,0.00011842522175918708
357.39495798319325,4.5415730337078655,0.00011599225499665087
357.39495798319325,4.607865168539326,0.00011363838465337915
357.39495798319325,4.674157303370786,0.0001113598074508896
357.39495798319325,4.740449438202247,0.00010915291394488561
357.39495798319325,4.806741573033708,0.00010701426494829219
357.39495798319325,4.873033707865169,0.00010494056633720641
357.39495798319325,4.939325842696629,0.00010292864068116575
357.39495798319325,5.00561797752809,0.00010097539330743863
357.39495798319325,5.071910112359551,9.907776896484441e-5
357.39495798319325,5.138202247191011,9.723269266182012e-5
357.39495798319325,5.204494382022472,9.543698341736128e-5
357.39495798319325,5.270786516853932,9.36872201959953e-5
357.39495798319325,5.337078651685394,9.197951967975697e-5
357.39495798319325,5.403370786516854,9.030914199473832e-5
357.39495798319325,5.4696629213483146,8.866973542890214e-5
357.39495798319325,5.535955056179775,8.705174926209477e-5
357.39495798319325,5.602247191011236,8.543867569882728e-5
357.39495798319325,5.668539325842697,8.379655083073169e-5
357.39495798319325,5.734831460674157,8.203617338932636e-5
357.39495798319325,5.801123595505618,7.979688399573612e-5
357.39495798319325,5.867415730337079,6.996521187581436e-5
357.39495798319325,5.9337078651685395,0.0
357.39495798319325,6.0,0.0
360.672268907563,0.1,0.014888323378320379
360.672268907563,0.1662921348314607,0.008001841170248209
360.672268907563,0.23258426966292134,0.005287685955044053
360.672268907563,0.298876404494382,0.0038718328677671133
360.672268907563,0.3651685393258427,0.0030151347359283626
360.672268907563,0.4314606741573034,0.0024464727097558417
360.672268907563,0.49775280898876406,0.0020442508455015126
360.672268907563,0.5640449438202247,0.0017462586834396773
360.672268907563,0.6303370786516854,0.0015175456580553688
360.672268907563,0.6966292134831461,0.0013370481108743743
360.672268907563,0.7629213483146068,0.0011913575808318796
360.672268907563,0.8292134831460675,0.0010715555284996423
360.672268907563,0.895505617977528,0.0009714921402633833
360.672268907563,0.9617977528089887,0.0008867970561541548
360.672268907563,1.0280898876404494,0.0008142840190580563
360.672268907563,1.09438202247191,0.0007515784095220221
360.672268907563,1.1606741573033708,0.000696876352719955
360.672268907563,1.2269662921348314,0.0006487843736057901
360.672268907563,1.2932584269662921,0.0006062099476534828
360.672268907563,1.3595505617977528,0.0005682851151485614
360.672268907563,1.4258426966292135,0.0005343121081697836
360.672268907563,1.4921348314606742,0.0005037239568370215
360.672268907563,1.5584269662921348,0.0004760554905229936
360.672268907563,1.6247191011235955,0.00045092168144691947
360.672268907563,1.6910112359550562,0.0004280012583417538
360.672268907563,1.7573033707865169,0.00040702415845451787
360.672268907563,1.8235955056179776,0.00038776181273282286
360.672268907563,1.8898876404494382,0.00037001954810855954
360.672268907563,1.956179775280899,0.0003536305897901873
360.672268907563,2.0224719101123596,0.0003384512854947393
360.672268907563,2.08876404494382,0.0003243572719895745
360.672268907563,2.155056179775281,0.000311240374896348
360.672268907563,2.2213483146067414,0.0002990060839108613
360.672268907563,2.2876404494382023,0.00028757148313947377
360.672268907563,2.353932584269663,0.00027686354406710655
360.672268907563,2.4202247191011237,0.00026681770947278876
360.672268907563,2.486516853932584,0.0002573767123038145
360.672268907563,2.552808988764045,0.00024848958546146014
360.672268907563,2.6191011235955055,0.00024011082760956132
360.672268907563,2.6853932584269664,0.00023219969719303086
360.672268907563,2.751685393258427,0.00022471961235897623
360.672268907563,2.8179775280898878,0.00021763763878532413
360.672268907563,2.8842696629213482,0.0002109240508208966
360.672268907563,2.950561797752809,0.0002045519540361454
360.672268907563,3.0168539325842696,0.00019849695943317087
360.672268907563,3.0831460674157305,0.00019273690128701027
360.672268907563,3.149438202247191,0.00018725159197916668
360.672268907563,3.215730337078652,0.00018202260830924366
360.672268907563,3.2820224719101123,0.00017703310468586075
360.672268907563,3.348314606741573,0.0001722676493461583
360.672268907563,3.4146067415730337,0.00016771208036716823
360.672268907563,3.4808988764044946,0.0001633533787383168
360.672268907563,3.547191011235955,0.00015917955618279005
360.672268907563,3.613483146067416,0.0001551795557628016
360.672268907563,3.6797752808988764,0.00015134316359296778
360.672268907563,3.746067415730337,0.0001476609302273144
360.672268907563,3.8123595505617978,0.00014412410048730677
360.672268907563,3.878651685393258,0.00014072455066725773
360.672268907563,3.944943820224719,0.00013745473219485758
360.672268907563,4.01123595505618,0.0001343076209425011
360.672268907563,4.0775280898876405,0.00013127667148274438
360.672268907563,4.143820224719101,0.00012835577566092403
360.672268907563,4.210112359550561,0.0001255392249210507
360.672268907563,4.276404494382023,0.00012282167586809734
360.672268907563,4.342696629213483,0.00012019811857996464
360.672268907563,4.408988764044944,0.00011766384719347743
360.672268907563,4.475280898876404,0.00011521443227612494
360.672268907563,4.5415730337078655,0.00011284569445075392
360.672268907563,4.607865168539326,0.00011055367864987331
360.672268907563,4.674157303370786,0.00010833462821554368
360.672268907563,4.740449438202247,0.00010618495778807156
360.672268907563,4.806741573033708,0.00010410122346786097
360.672268907563,4.873033707865169,0.00010208008795494861
360.672268907563,4.939325842696629,0.00010011827701617282
360.672268907563,5.00561797752809,9.821252120356215e-5
360.672268907563,5.071910112359551,9.635947223058175e-5
360.672268907563,5.138202247191011,9.45555746027462e-5
360.672268907563,5.204494382022472,9.279685492790821e-5
360.672268907563,5.270786516853932,9.107855123921002e-5
360.672268907563,5.337078651685394,8.939440858900003e-5
360.672268907563,5.403370786516854,8.773521178907583e-5
360.672268907563,5.4696629213483146,8.60853493726929e-5
360.672268907563,5.535955056179775,8.441336176865542e-5
360.672268907563,5.602247191011236,8.263876499134602e-5
360.672268907563,5.668539325842697,8.045167826645782e-5
360.672268907563,5.734831460674157,7.346347952848041e-5
360.672268907563,5.801123595505618,0.0
360.672268907563,5.867415730337079,0.0
360.672268907563,5.9337078651685395,0.0
360.672268907563,6.0,0.0
363.9495798319328,0.1,0.014503041379140868
363.9495798319328,0.1662921348314607,0.007791934861466138
363.9495798319328,0.23258426966292134,0.005148157007018202
363.9495798319328,0.298876404494382,0.003769327053711447
363.9495798319328,0.3651685393258427,0.00293514126884907
363.9495798319328,0.4314606741573034,0.002381471072071065
363.9495798319328,0.49775280898876406,0.001989877519976306
363.9495798319328,0.5640449438202247,0.001699773030192335
363.9495798319328,0.6303370786516854,0.001477121963386947
363.9495798319328,0.6966292134831461,0.0013014135264852122
363.9495798319328,0.7629213483146068,0.0011595919347919003
363.9495798319328,0.8292134831460675,0.0010429736287208777
363.9495798319328,0.895505617977528,0.0009455710544537743
363.9495798319328,0.9617977528089887,0.0008631292986986324
363.9495798319328,1.0280898876404494,0.0007925463572446598
363.9495798319328,1.09438202247191,0.0007315104566875076
363.9495798319328,1.1606741573033708,0.0006782654995251211
363.9495798319328,1.2269662921348314,0.0006314549430122532
363.9495798319328,1.2932584269662921,0.0005900152358654466
363.9495798319328,1.3595505617977528,0.000553101448504661
363.9495798319328,1.4258426966292135,0.0005200343361796612
363.9495798319328,1.4921348314606742,0.0004902619864642714
363.9495798319328,1.5584269662921348,0.000463331587453179
363.9495798319328,1.6247191011235955,0.00043886834447893515
363.9495798319328,1.6910112359550562,0.0004165595276649705
363.9495798319328,1.7573033707865169,0.00039614225634058037
363.9495798319328,1.8235955056179776,0.0003773940417022019
363.9495798319328,1.8898876404494382,0.0003601253905447645
363.9495798319328,1.956179775280899,0.00034417396663907475
363.9495798319328,2.0224719101123596,0.0003293999416822708
363.9495798319328,2.08876404494382,0.0003156822635881826
363.9495798319328,2.155056179775281,0.0003029156386021493
363.9495798319328,2.2213483146067414,0.00029100807357290606
363.9495798319328,2.2876404494382023,0.0002798788612682479
363.9495798319328,2.353932584269663,0.00026945691869977354
363.9495798319328,2.4202247191011237,0.00025967940867248655
363.9495798319328,2.486516853932584,0.00025049059005456215
363.9495798319328,2.552808988764045,0.00024184085388830712
363.9495798319328,2.6191011235955055,0.0002336859113789291
363.9495798319328,2.6853932584269664,0.0002259861066861195
363.9495798319328,2.751685393258427,0.0002187058328029568
363.9495798319328,2.8179775280898878,0.00021181303300458427
363.9495798319328,2.8842696629213482,0.00020527877365793913
363.9495798319328,2.950561797752809,0.00019907687680751786
363.9495798319328,3.0168539325842696,0.00019318360304448334
363.9495798319328,3.0831460674157305,0.00018757737684397567
363.9495798319328,3.149438202247191,0.0001822385479074837
363.9495798319328,3.215730337078652,0.00017714918314202111
363.9495798319328,3.2820224719101123,0.00017229288479873078
363.9495798319328,3.348314606741573,0.00016765463102152512
363.9495798319328,3.4146067415730337,0.0001632206356538276
363.9495798319328,3.4808988764044946,0.000158978224643606
363.9495798319328,3.547191011235955,0.00015491572679379506
363.9495798319328,3.613483146067416,0.0001510223769426875
363.9495798319328,3.6797752808988764,0.00014728822993947838
363.9495798319328,3.746067415730337,0.00014370408401401377
363.9495798319328,3.8123595505617978,0.00014026141233476147
363.9495798319328,3.878651685393258,0.0001369523017114928
363.9495798319328,3.944943820224719,0.00013376939753395112
363.9495798319328,4.01123595505618,0.00013070585414868383
363.9495798319328,4.0775280898876405,0.0001277552899657174
363.9495798319328,4.143820224719101,0.00012491174665638078
363.9495798319328,4.210112359550561,0.00012216965185348456
363.9495798319328,4.276404494382023,0.00011952378479382579
363.9495798319328,4.342696629213483,0.00011696924434693866
363.9495798319328,4.408988764044944,0.00011450141884606979
363.9495798319328,4.475280898876404,0.00011211595706493028
363.9495798319328,4.5415730337078655,0.00010980873954509685
363.9495798319328,4.607865168539326,0.00010757584923605195
363.9495798319328,4.674157303370786,0.00010541353999571076
363.9495798319328,4.740449438202247,0.00010331820079214049
363.9495798319328,4.806741573033708,0.0001012863122188122
363.9495798319328,4.873033707865169,9.931438974172745e-5
363.9495798319328,4.939325842696629,9.739890403187535e-5
363.9495798319328,5.00561797752809,9.553616085882152e-5
363.9495798319328,5.071910112359551,9.372210690310834e-5
363.9495798319328,5.138202247191011,9.195199263282568e-5
363.9495798319328,5.204494382022472,9.021974004191547e-5
363.9495798319328,5.270786516853932,8.851664494641944e-5
363.9495798319328,5.337078651685394,8.682839379118236e-5
363.9495798319328,5.403370786516854,8.512706701281148e-5
363.9495798319328,5.4696629213483146,8.33441960613658e-5
363.9495798319328,5.535955056179775,8.123568735138809e-5
363.9495798319328,5.602247191011236,7.642160481163648e-5
363.9495798319328,5.668539325842697,0.0
363.9495798319328,5.734831460674157,0.0
363.9495798319328,5.801123595505618,0.0
363.9495798319328,5.867415730337079,0.0
363.9495798319328,5.9337078651685395,0.0
363.9495798319328,6.0,0.0
367.2268907563025,0.1,0.014130780492027241
367.2268907563025,0.1662921348314607,0.007589253348599191
367.2268907563025,0.23258426966292134,0.005013468603770138
367.2268907563025,0.298876404494382,0.003670393080071545
367.2268907563025,0.3651685393258427,0.0028579430405458357
367.2268907563025,0.4314606741573034,0.0023187452407869512
367.2268907563025,0.49775280898876406,0.001937410614149978
367.2268907563025,0.5640449438202247,0.0016549190281615108
367.2268907563025,0.6303370786516854,0.0014381183730529077
367.2268907563025,0.6966292134831461,0.0012670316803996184
367.2268907563025,0.7629213483146068,0.001128943661040953
367.2268907563025,0.8292134831460675,0.0010153976007146056
367.2268907563025,0.895505617977528,0.0009205625775916559
367.2268907563025,0.9617977528089887,0.000840295114497202
367.2268907563025,1.0280898876404494,0.0007715745292201874
367.2268907563025,1.09438202247191,0.0007121497056024607
367.2268907563025,1.1606741573033708,0.0006603106577649671
367.2268907563025,1.2269662921348314,0.0006147364864950051
367.2268907563025,1.2932584269662921,0.0005743916019052217
367.2268907563025,1.3595505617977528,0.0005384532996791848
367.2268907563025,1.4258426966292135,0.0005062602104597151
367.2268907563025,1.4921348314606742,0.0004772749523879395
367.2268907563025,1.5584269662921348,0.00045105663959563614
367.2268907563025,1.6247191011235955,0.0004272403520862331
367.2268907563025,1.6910112359550562,0.0004055216020523344
367.2268907563025,1.7573033707865169,0.0003856444391127159
367.2268907563025,1.8235955056179776,0.00036739224146368273
367.2268907563025,1.8898876404494382,0.0003505805140244647
367.2268907563025,1.956179775280899,0.00033505120334223883
367.2268907563025,2.0224719101123596,0.0003206681708320567
367.2268907563025,2.08876404494382,0.0003073135592578213
367.2268907563025,2.155056179775281,0.00029488485427837995
367.2268907563025,2.2213483146067414,0.00028329249142459745
367.2268907563025,2.2876404494382023,0.0002724578944690851
367.2268907563025,2.353932584269663,0.0002623118575187096
367.2268907563025,2.4202247191011237,0.000252793202879127
367.2268907563025,2.486516853932584,0.00024384766161909455
367.2268907563025,2.552808988764045,0.00023542693508279115
367.2268907563025,2.6191011235955055,0.00022748790427978458
367.2268907563025,2.6853932584269664,0.00021999196078965728
367.2268907563025,2.751685393258427,0.00021290443803695822
367.2268907563025,2.8179775280898878,0.0002061941258796767
367.2268907563025,2.8842696629213482,0.00019983285467620862
367.2268907563025,2.950561797752809,0.00019379513755042097
367.2268907563025,3.0168539325842696,0.00018805786161160557
367.2268907563025,3.0831460674157305,0.000182600020519414
367.2268907563025,3.149438202247191,0.00017740248210012925
367.2268907563025,3.215730337078652,0.00017244778578650148
367.2268907563025,3.2820224719101123,0.00016771996552055227
367.2268907563025,3.348314606741573,0.0001632043944672585
367.2268907563025,3.4146067415730337,0.00015888764846827688
367.2268907563025,3.4808988764044946,0.00015475738564354498
367.2268907563025,3.547191011235955,0.00015080223994398342
367.2268907563025,3.613483146067416,0.00014701172678611779
367.2268907563025,3.6797752808988764,0.00014337615917135908
367.2268907563025,3.746067415730337,0.00013988657291847385
367.2268907563025,3.8123595505617978,0.00013653465982512827
367.2268907563025,3.878651685393258,0.00013331270772899839
367.2268907563025,3.944943820224719,0.00013021354656523945
367.2268907563025,4.01123595505618,0.0001272304996179049
367.2268907563025,4.0775280898876405,0.00012435733923979648
367.2268907563025,4.143820224719101,0.00012158824636782672
367.2268907563025,4.210112359550561,0.00011891777318697981
367.2268907563025,4.276404494382023,0.0001163408082896
367.2268907563025,4.342696629213483,0.00011385254362745737
367.2268907563025,4.408988764044944,0.00011144844244284674
367.2268907563025,4.475280898876404,0.00010912420715878175
367.2268907563025,4.5415730337078655,0.00010687574584834086
367.2268907563025,4.607865168539326,0.00010469913528326314
367.2268907563025,4.674157303370786,0.00010259057748389068
367.2268907563025,4.740449438202247,0.00010054634477372813
367.2268907563025,4.806741573033708,9.856270480934883e-5
367.2268907563025,4.873033707865169,9.663581026971104e-5
367.2268907563025,4.939325842696629,9.476152415401325e-5
367.2268907563025,5.00561797752809,9.29351220335156e-5
367.2268907563025,5.071910112359551,9.115074369403987e-5
367.2268907563025,5.138202247191011,8.940029007734283e-5
367.2268907563025,5.204494382022472,8.767095001505471e-5
367.2268907563025,5.270786516853932,8.593879379012927e-5
367.2268907563025,5.337078651685394,8.414830087996776e-5
367.2268907563025,5.403370786516854,8.211945316800581e-5
367.2268907563025,5.4696629213483146,7.859748858261021e-5
367.2268907563025,5.535955056179775,0.0
367.2268907563025,5.602247191011236,0.0
367.2268907563025,5.668539325842697,0.0
367.2268907563025,5.734831460674157,0.0
367.2268907563025,5.801123595505618,0.0
367.2268907563025,5.867415730337079,0.0
367.2268907563025,5.9337078651685395,0.0
367.2268907563025,6.0,0.0
370.5042016806723,0.1,0.013771002419394945
370.5042016806723,0.1662921348314607,0.007393490863340066
370.5042016806723,0.23258426966292134,0.004883413807954872
370.5042016806723,0.298876404494382,0.0035748773892158824
370.5042016806723,0.3651685393258427,0.0027834194506357202
370.5042016806723,0.4314606741573034,0.0022581967832992246
370.5042016806723,0.49775280898876406,0.0018867675223241851
370.5042016806723,0.5640449438202247,0.001611625879264786
370.5042016806723,0.6303370786516854,0.0014004732005164112
370.5042016806723,0.6966292134831461,0.0012338481078122388
370.5042016806723,0.7629213483146068,0.0010993641443798122
370.5042016806723,0.8292134831460675,0.0009887836535126698
370.5042016806723,0.895505617977528,0.0008964269580512946
370.5042016806723,0.9617977528089887,0.0008182581781098126
370.5042016806723,1.0280898876404494,0.0007513351482948178
370.5042016806723,1.09438202247191,0.0006934653149225119
370.5042016806723,1.1606741573033708,0.0006429832096881652
370.5042016806723,1.2269662921348314,0.0005986023436454111
370.5042016806723,1.2932584269662921,0.0005593141200770383
370.5042016806723,1.3595505617977528,0.0005243172897887174
370.5042016806723,1.4258426966292135,0.000492967739011876
370.5042016806723,1.4921348314606742,0.00046474211233770585
370.5042016806723,1.5584269662921348,0.0004392110359608209
370.5042016806723,1.6247191011235955,0.0004160191216222351
370.5042016806723,1.6910112359550562,0.00039486983722020056
370.5042016806723,1.7573033707865169,0.00037551392177541675
370.5042016806723,1.8235955056179776,0.00035774041647465327
370.5042016806723,1.8898876404494382,0.0003413696504996504
370.5042016806723,1.956179775280899,0.00032624770414192483
370.5042016806723,2.0224719101123596,0.00031224200009421154
370.5042016806723,2.08876404494382,0.00029923776471762657
370.5042016806723,2.155056179775281,0.0002871351662637317
370.5042016806723,2.2213483146067414,0.0002758469843112508
370.5042016806723,2.2876404494382023,0.0002652966993478001
370.5042016806723,2.353932584269663,0.00025541691710972644
370.5042016806723,2.4202247191011237,0.00024614806149933
370.5042016806723,2.486516853932584,0.00023743728439007048
370.5042016806723,2.552808988764045,0.00022923755165608054
370.5042016806723,2.6191011235955055,0.00022150687321768087
370.5042016806723,2.6853932584269664,0.0002142076514271808
370.5042016806723,2.751685393258427,0.00020730612720191245
370.5042016806723,2.8179775280898878,0.00020077190729234602
370.5042016806723,2.8842696629213482,0.00019457755921089027
370.5042016806723,2.950561797752809,0.00018869826283484943
370.5042016806723,3.0168539325842696,0.0001831115096809657
370.5042016806723,3.0831460674157305,0.00017779684243947558
370.5042016806723,3.149438202247191,0.00017273562863732135
370.5042016806723,3.215730337078652,0.00016791086333791205
370.5042016806723,3.2820224719101123,0.0001633069966289907
370.5042016806723,3.348314606741573,0.0001589097823396757
370.5042016806723,3.4146067415730337,0.00015470614499317887
370.5042016806723,3.4808988764044946,0.00015068406246692676
370.5042016806723,3.547191011235955,0.00014683246221574252
370.5042016806723,3.613483146067416,0.00014314112923111843
370.5042016806723,3.6797752808988764,0.00013960062417215827
370.5042016806723,3.746067415730337,0.00013620221032058225
370.5042016806723,3.8123595505617978,0.00013293778819020222
370.5042016806723,3.878651685393258,0.00012979983676561976
370.5042016806723,3.944943820224719,0.00012678136045880423
370.5042016806723,4.01123595505618,0.00012387584095721103
370.5042016806723,4.0775280898876405,0.00012107719319219445
370.5042016806723,4.143820224719101,0.00011837972467800036
370.5042016806723,4.210112359550561,0.00011577809745098346
370.5042016806723,4.276404494382023,0.00011326729176039336
370.5042016806723,4.342696629213483,0.00011084257049804992
370.5042016806723,4.408988764044944,0.00010849944305482105
370.5042016806723,4.475280898876404,0.00010623362676729355
370.5042016806723,4.5415730337078655,0.00010404100320221989
370.5042016806723,4.607865168539326,0.00010191756490068612
370.5042016806723,4.674157303370786,9.98593452326025e-5
370.5042016806723,4.740449438202247,9.786231836241136e-5
370.5042016806723,4.806741573033708,9.592224504410298e-5
370.5042016806723,4.873033707865169,9.403441604230494e-5
370.5042016806723,4.939325842696629,9.219319041890992e-5
370.5042016806723,5.00561797752809,9.039108971164028e-5
370.5042016806723,5.071910112359551,8.861682742019426e-5
370.5042016806723,5.138202247191011,8.685040777174532e-5
370.5042016806723,5.204494382022472,8.504838786998262e-5
370.5042016806723,5.270786516853932,8.308384706466679e-5
370.5042016806723,5.337078651685394,8.029087792114857e-5
370.5042016806723,5.403370786516854,0.0
370.5042016806723,5.4696629213483146,0.0
370.5042016806723,5.535955056179775,0.0
370.5042016806723,5.602247191011236,0.0
370.5042016806723,5.668539325842697,0.0
370.5042016806723,5.734831460674157,0.0
370.5042016806723,5.801123595505618,0.0
370.5042016806723,5.867415730337079,0.0
370.5042016806723,5.9337078651685395,0.0
370.5042016806723,6.0,0.0
373.781512605042,0.1,0.013423194966475403
373.781512605042,0.1662921348314607,0.007204356906179803
373.781512605042,0.23258426966292134,0.004757796145520321
373.781512605042,0.298876404494382,0.003482634241575995
373.781512605042,0.3651685393258427,0.002711456065826776
373.781512605042,0.4314606741573034,0.0021997323157889872
373.781512605042,0.49775280898876406,0.0018378698852139258
373.781512605042,0.5640449438202247,0.0015698264310333766
373.781512605042,0.6303370786516854,0.0013641279399277304
373.781512605042,0.6966292134831461,0.0012018111552809197
373.781512605042,0.7629213483146068,0.0010708072812731144
373.781512605042,0.8292134831460675,0.0009630902602705497
373.781512605042,0.895505617977528,0.0008731265007990615
373.781512605042,0.9617977528089887,0.0007969840444666652
373.781512605042,1.0280898876404494,0.0007317965568544603
373.781512605042,1.09438202247191,0.0006754280412292987
373.781512605042,1.1606741573033708,0.0006262560208141399
373.781512605042,1.2269662921348314,0.0005830272363331099
373.781512605042,1.2932584269662921,0.0005447591574054219
373.781512605042,1.3595505617977528,0.0005106712527704419
373.781512605042,1.4258426966292135,0.0004801360709850936
373.781512605042,1.4921348314606742,0.0004526438005760013
373.781512605042,1.5584269662921348,0.00042777618357728856
373.781512605042,1.6247191011235955,0.00040518703524724544
373.781512605042,1.6910112359550562,0.0003845875051183254
373.781512605042,1.7573033707865169,0.0003657347910701237
373.781512605042,1.8235955056179776,0.0003484234020345758
373.781512605042,1.8898876404494382,0.0003324783250654395
373.781512605042,1.956179775280899,0.0003177496315723371
373.781512605042,2.0224719101123596,0.0003041081826070217
373.781512605042,2.08876404494382,0.0002914421816579619
373.781512605042,2.155056179775281,0.0002796543869109573
373.781512605042,2.2213483146067414,0.0002686598409960693
373.781512605042,2.2876404494382023,0.00025838401001805617
373.781512605042,2.353932584269663,0.00024876124868813114
373.781512605042,2.4202247191011237,0.0002397335270855396
373.781512605042,2.486516853932584,0.00023124936869489874
373.781512605042,2.552808988764045,0.00022326296010631623
373.781512605042,2.6191011235955055,0.0002157334010023503
373.781512605042,2.6853932584269664,0.00020862406941967023
373.781512605042,2.751685393258427,0.00020190208222457045
373.781512605042,2.8179775280898878,0.00019553783461944153
373.781512605042,2.8842696629213482,0.00018950460555381782
373.781512605042,2.950561797752809,0.00018377821833703866
373.781512605042,3.0168539325842696,0.0001783367476819918
373.781512605042,3.0831460674157305,0.0001731602659585413
373.781512605042,3.149438202247191,0.000168230622683427
373.781512605042,3.215730337078652,0.00016353125228391936
373.781512605042,3.2820224719101123,0.0001590470059942116
373.781512605042,3.348314606741573,0.0001547640044144453
373.781512605042,3.4146067415730337,0.00015066950781196593
373.781512605042,3.4808988764044946,0.00014675180169621745
373.781512605042,3.547191011235955,0.000143000095570646
373.781512605042,3.613483146067416,0.00013940443307146287
373.781512605042,3.6797752808988764,0.00013595561195503292
373.781512605042,3.746067415730337,0.00013264511260144545
373.781512605042,3.8123595505617978,0.0001294650338674283
373.781512605042,3.878651685393258,0.00012640803525104376
373.781512605042,3.944943820224719,0.00012346728442473096
373.781512605042,4.01123595505618,0.00012063640925074596
373.781512605042,4.0775280898876405,0.00011790945340796707
373.781512605042,4.143820224719101,0.00011528083471934048
373.781512605042,4.210112359550561,0.00011274530515233062
373.781512605042,4.276404494382023,0.00011029791123001601
373.781512605042,4.342696629213483,0.00010793395316455692
373.781512605042,4.408988764044944,0.00010564894027247535
373.781512605042,4.475280898876404,0.00010343853889600286
373.781512605042,4.5415730337078655,0.00010129850663058894
373.781512605042,4.607865168539326,9.922460210100384e-5
373.781512605042,4.674157303370786,9.72124505617139e-5
373.781512605042,4.740449438202247,9.52573269395956e-5
373.781512605042,4.806741573033708,9.335377636199356e-5
373.781512605042,4.873033707865169,9.149489139453021e-5
373.781512605042,4.939325842696629,8.967079318201547e-5
373.781512605042,5.00561797752809,8.786501972680777e-5
373.781512605042,5.071910112359551,8.604435045215851e-5
373.781512605042,5.138202247191011,8.412164726009669e-5
373.781512605042,5.204494382022472,8.173648914045301e-5
373.781512605042,5.270786516853932,6.964855170958562e-5
373.781512605042,5.337078651685394,0.0
373.781512605042,5.403370786516854,0.0
373.781512605042,5.4696629213483146,0.0
373.781512605042,5.535955056179775,0.0
373.781512605042,5.602247191011236,0.0
373.781512605042,5.668539325842697,0.0
373.781512605042,5.734831460674157,0.0
373.781512605042,5.801123595505618,0.0
373.781512605042,5.867415730337079,0.0
373.781512605042,5.9337078651685395,0.0
373.781512605042,6.0,0.0
377.05882352941177,0.1,0.013086870599876926
377.05882352941177,0.1662921348314607,0.007021575372219687
377.05882352941177,0.23258426966292134,0.004636428997522576
377.05882352941177,0.298876404494382,0.003393525257423781
377.05882352941177,0.3651685393258427,0.002641944256554376
377.05882352941177,0.4314606741573034,0.0021432632046686118
377.05882352941177,0.49775280898876406,0.0017906433381738526
377.05882352941177,0.5640449438202247,0.0015294569600224136
377.05882352941177,0.6303370786516854,0.0013290270768545628
377.05882352941177,0.6966292134831461,0.001170871813218004
377.05882352941177,0.7629213483146068,0.0010432293300381105
377.05882352941177,0.8292134831460675,0.0009382780231001597
377.05882352941177,0.895505617977528,0.0008506254445222766
377.05882352941177,0.9617977528089887,0.0007764400364516909
377.05882352941177,1.0280898876404494,0.0007129287229301608
377.05882352941177,1.09438202247191,0.0006580101433969906
377.05882352941177,1.1606741573033708,0.0006101033511219326
377.05882352941177,1.2269662921348314,0.0005679871859088578
377.05882352941177,1.2932584269662921,0.0005307042961746652
377.05882352941177,1.3595505617977528,0.0004974941626855704
377.05882352941177,1.4258426966292135,0.00046774542825456743
377.05882352941177,1.4921348314606742,0.00044096136333370375
377.05882352941177,1.5584269662921348,0.00041673444642122517
377.05882352941177,1.6247191011235955,0.0003947273820363212
377.05882352941177,1.6910112359550562,0.0003746587389399418
377.05882352941177,1.7573033707865169,0.00035629195314454436
377.05882352941177,1.8235955056179776,0.00033942681439877247
377.05882352941177,1.8898876404494382,0.00032389280832752665
377.05882352941177,1.956179775280899,0.0003095438609105645
377.05882352941177,2.0224719101123596,0.0002962541538789291
377.05882352941177,2.08876404494382,0.0002839147659164008
377.05882352941177,2.155056179775281,0.00027243095643317473
377.05882352941177,2.2213483146067414,0.00026171995356470245
377.05882352941177,2.2876404494382023,0.00025170914096234143
377.05882352941177,2.353932584269663,0.00024233456232321946
377.05882352941177,2.4202247191011237,0.0002335396808389379
377.05882352941177,2.486516853932584,0.00022527434449881088
377.05882352941177,2.552808988764045,0.00021749391864956636
377.05882352941177,2.6191011235955055,0.0002101585552394311
377.05882352941177,2.6853932584269664,0.00020323257437534597
377.05882352941177,2.751685393258427,0.00019668393864637413
377.05882352941177,2.8179775280898878,0.00019048380444480436
377.05882352941177,2.8842696629213482,0.00018460613749451098
377.05882352941177,2.950561797752809,0.0001790273821571323
377.05882352941177,3.0168539325842696,0.00017372617596928276
377.05882352941177,3.0831460674157305,0.00016868310237297803
377.05882352941177,3.149438202247191,0.0001638804758171496
377.05882352941177,3.215730337078652,0.00015930215439200615
377.05882352941177,3.2820224719101123,0.00015493337595769765
377.05882352941177,3.348314606741573,0.00015076061438119896
377.05882352941177,3.4146067415730337,0.00014677145302925503
377.05882352941177,3.4808988764044946,0.0001429544731030807
377.05882352941177,3.547191011235955,0.00013929915475969262
377.05882352941177,3.613483146067416,0.0001357957892587459
377.05882352941177,3.6797752808988764,0.00013243540061260432
377.05882352941177,3.746067415730337,0.0001292096754083163
377.05882352941177,3.8123595505617978,0.00012611089961745214
377.05882352941177,3.878651685393258,0.00012313190131457247
377.05882352941177,3.944943820224719,0.00012026599828474517
377.05882352941177,4.01123595505618,0.00011750694950659371
377.05882352941177,4.0775280898876405,0.00011484890943283082
377.05882352941177,4.143820224719101,0.00011228638382317093
377.05882352941177,4.210112359550561,0.0001098141855569385
377.05882352941177,4.276404494382023,0.00010742738825791548
377.05882352941177,4.342696629213483,0.00010512127450145295
377.05882352941177,4.408988764044944,0.00010289127345305236
377.05882352941177,4.475280898876404,0.00010073287921545388
377.05882352941177,4.5415730337078655,9.864153424342498e-5
377.05882352941177,4.607865168539326,9.661244807981701e-5
377.05882352941177,4.674157303370786,9.464029101769676e-5
377.05882352941177,4.740449438202247,9.271863027644665e-5
377.05882352941177,4.806741573033708,9.083878962525814e-5
377.05882352941177,4.873033707865169,8.898726439103507e-5
377.05882352941177,4.939325842696629,8.713890842020654e-5
377.05882352941177,5.00561797752809,8.523454799434392e-5
377.05882352941177,5.071910112359551,8.307396123322374e-5
377.05882352941177,5.138202247191011,7.901828273410773e-5
377.05882352941177,5.204494382022472,0.0
377.05882352941177,5.270786516853932,0.0
377.05882352941177,5.337078651685394,0.0
377.05882352941177,5.403370786516854,0.0
377.05882352941177,5.4696629213483146,0.0
377.05882352941177,5.535955056179775,0.0
377.05882352941177,5.602247191011236,0.0
377.05882352941177,5.668539325842697,0.0
377.05882352941177,5.734831460674157,0.0
377.05882352941177,5.801123595505618,0.0
377.05882352941177,5.867415730337079,0.0
377.05882352941177,5.9337078651685395,0.0
377.05882352941177,6.0,0.0
380.33613445378154,0.1,0.012761565094778412
380.33613445378154,0.1662921348314607,0.0068448837331615145
380.33613445378154,0.23258426966292134,0.0045191350317388655
380.33613445378154,0.298876404494382,0.0033074189889303277
380.33613445378154,0.3651685393258427,0.002574780857779609
380.33613445378154,0.4314606741573034,0.002088705287965029
380.33613445378154,0.49775280898876406,0.001745017276290437
380.33613445378154,0.5640449438202247,0.0014904569697646519
380.33613445378154,0.6303370786516854,0.001295117911744999
380.33613445378154,0.6966292134831461,0.001140983559667334
380.33613445378154,0.7629213483146068,0.0010165887711393333
380.33613445378154,0.8292134831460675,0.0009143095470302417
380.33613445378154,0.895505617977528,0.0008288898470626633
380.33613445378154,0.9617977528089887,0.0007565951400898359
380.33613445378154,1.0280898876404494,0.0006947031437681477
380.33613445378154,1.09438202247191,0.0006411852934354586
380.33613445378154,1.1606741573033708,0.0005945007722568018
380.33613445378154,1.2269662921348314,0.0005534594360201341
380.33613445378154,1.2932584269662921,0.0005171282617214364
380.33613445378154,1.3595505617977528,0.00048476606595467133
380.33613445378154,1.4258426966292135,0.00045577704164427845
380.33613445378154,1.4921348314606742,0.0004296770986286978
380.33613445378154,1.5584269662921348,0.0004060690884927979
380.33613445378154,1.6247191011235955,0.00038462430401906277
380.33613445378154,1.6910112359550562,0.00036506848186739654
380.33613445378154,1.7573033707865169,0.00034717108477755424
380.33613445378154,1.8235955056179776,0.0003307370042821844
380.33613445378154,1.8898876404494382,0.00031560007200685206
380.33613445378154,1.956179775280899,0.0003016179377233946
380.33613445378154,2.0224719101123596,0.00028866799113524266
380.33613445378154,2.08876404494382,0.00027664408849644714
380.33613445378154,2.155056179775281,0.0002654539054791168
380.33613445378154,2.2213483146067414,0.00025501678145244187
380.33613445378154,2.2876404494382023,0.0002452619524159381
380.33613445378154,2.353932584269663,0.00023612709359211963
380.33613445378154,2.4202247191011237,0.00022755711045347894
380.33613445378154,2.486516853932584,0.00021950313036571116
380.33613445378154,2.552808988764045,0.00021192165722953222
380.33613445378154,2.6191011235955055,0.000204773859325709
380.33613445378154,2.6853932584269664,0.0001980249666110252
380.33613445378154,2.751685393258427,0.000191643758414601
380.33613445378154,2.8179775280898878,0.00018560212616622825
380.33613445378154,2.8842696629213482,0.00017987469869042898
380.33613445378154,2.950561797752809,0.00017443851990068404
380.33613445378154,3.0168539325842696,0.00016927277056256592
380.33613445378154,3.0831460674157305,0.0001643585272645492
380.33613445378154,3.149438202247191,0.00015967855291925185
380.33613445378154,3.215730337078652,0.00015521711407567084
380.33613445378154,3.2820224719101123,0.00015095982110089915
380.33613445378154,3.348314606741573,0.00014689348792368926
380.33613445378154,3.4146067415730337,0.00014300600854983724
380.33613445378154,3.4808988764044946,0.0001392862479822067
380.33613445378154,3.547191011235955,0.00013572394552277013
380.33613445378154,3.613483146067416,0.0001323096287126125
380.33613445378154,3.6797752808988764,0.00012903453638704013
380.33613445378154,3.746067415730337,0.0001258905494917039
380.33613445378154,3.8123595505617978,0.00012287012842308355
380.33613445378154,3.878651685393258,0.00011996625571852585
380.33613445378154,3.944943820224719,0.00011717238291580914
380.33613445378154,4.01123595505618,0.00011448238030625916
380.33613445378154,4.0775280898876405,0.00011189048807463026
380.33613445378154,4.143820224719101,0.0001093912668717433
380.33613445378154,4.210112359550561,0.0001069795450498282
380.33613445378154,4.276404494382023,0.0001046503583125229
380.33613445378154,4.342696629213483,0.00010239887480640607
380.33613445378154,4.408988764044944,0.00010022029348397214
380.33613445378154,4.475280898876404,9.810969318991224e-5
380.33613445378154,4.5415730337078655,9.60617879593176e-5
380.33613445378154,4.607865168539326,9.40704940782159e-5
380.33613445378154,4.674157303370786,9.212809030351591e-5
380.33613445378154,4.740449438202247,9.022340678729064e-5
380.33613445378154,4.806741573033708,8.83373583216789e-5
380.33613445378154,4.873033707865169,8.642965766946055e-5
380.33613445378154,4.939325842696629,8.438565713629265e-5
380.33613445378154,5.00561797752809,8.163038012234219e-5
380.33613445378154,5.071910112359551,0.0
380.33613445378154,5.138202247191011,0.0
380.33613445378154,5.204494382022472,0.0
380.33613445378154,5.270786516853932,0.0
380.33613445378154,5.337078651685394,0.0
380.33613445378154,5.403370786516854,0.0
380.33613445378154,5.4696629213483146,0.0
380.33613445378154,5.535955056179775,0.0
380.33613445378154,5.602247191011236,0.0
380.33613445378154,5.668539325842697,0.0
380.33613445378154,5.734831460674157,0.0
380.33613445378154,5.801123595505618,0.0
380.33613445378154,5.867415730337079,0.0
380.33613445378154,5.9337078651685395,0.0
380.33613445378154,6.0,0.0
383.61344537815125,0.1,0.01244683626479546
383.61344537815125,0.1662921348314607,0.006674032271490308
383.61344537815125,0.23258426966292134,0.0044057456711927255
383.61344537815125,0.298876404494382,0.003224190520285445
383.61344537815125,0.3651685393258427,0.002509867852165138
383.61344537815125,0.4314606741573034,0.00203597861516038
383.61344537815125,0.49775280898876406,0.0017009246350833712
383.61344537815125,0.5640449438202247,0.0014527690021809416
383.61344537815125,0.6303370786516854,0.0012623503951697842
383.61344537815125,0.6966292134831461,0.0011121022145205279
383.61344537815125,0.7629213483146068,0.0009908461768301468
383.61344537815125,0.8292134831460675,0.0008911493224079275
383.61344537815125,0.895505617977528,0.0008078874785292845
383.61344537815125,0.9617977528089887,0.0007374199067652732
383.61344537815125,1.0280898876404494,0.0006770927558726771
383.61344537815125,1.09438202247191,0.000624928493321444
383.61344537815125,1.1606741573033708,0.0005794250903002037
383.61344537815125,1.2269662921348314,0.0005394223806155515
383.61344537815125,1.2932584269662921,0.0005040108550835915
383.61344537815125,1.3595505617977528,0.00047246801815201275
383.61344537815125,1.4258426966292135,0.00044421309144167346
383.61344537815125,1.4921348314606742,0.0004187742001357592
383.61344537815125,1.5584269662921348,0.00039576422072547837
383.61344537815125,1.6247191011235955,0.00037486274585365407
383.61344537815125,1.6910112359550562,0.00035580243927050957
383.61344537815125,1.7573033707865169,0.0003383585878903059
383.61344537815125,1.8235955056179776,0.0003223410134962435
383.61344537815125,1.8898876404494382,0.0003075877475360828
383.61344537815125,1.956179775280899,0.0002939600382751858
383.61344537815125,2.0224719101123596,0.00028133837540463046
383.61344537815125,2.08876404494382,0.00026961929921319135
383.61344537815125,2.155056179775281,0.00025871282023010614
383.61344537815125,2.2213483146067414,0.0002485403178946854
383.61344537815125,2.2876404494382023,0.00023903281808187356
383.61344537815125,2.353932584269663,0.00023012957247784573
383.61344537815125,2.4202247191011237,0.00022177688012233818
383.61344537815125,2.486516853932584,0.00021392710450399995
383.61344537815125,2.552808988764045,0.00020653784953866326
383.61344537815125,2.6191011235955055,0.0001995712653855387
383.61344537815125,2.6853932584269664,0.00019299346094715637
383.61344537815125,2.751685393258427,0.00018677400448185625
383.61344537815125,2.8179775280898878,0.0001808854973468348
383.61344537815125,2.8842696629213482,0.00017530320871825527
383.61344537815125,2.950561797752809,0.00017000476137723353
383.61344537815125,3.0168539325842696,0.00016496986043780887
383.61344537815125,3.0831460674157305,0.00016018005832517154
383.61344537815125,3.149438202247191,0.00015561855046529027
383.61344537815125,3.215730337078652,0.0001512699970790968
383.61344537815125,3.2820224719101123,0.00014712036723042615
383.61344537815125,3.348314606741573,0.00014315680189158132
383.61344537815125,3.4146067415730337,0.0001393674932904598
383.61344537815125,3.4808988764044946,0.00013574157820885692
383.61344537815125,3.547191011235955,0.00013226904322801044
383.61344537815125,3.613483146067416,0.00012894064017507226
383.61344537815125,3.6797752808988764,0.00012574781021887634
383.61344537815125,3.746067415730337,0.00012268261519594263
383.61344537815125,3.8123595505617978,0.00011973767481225575
383.61344537815125,3.878651685393258,0.00011690610834730523
383.61344537815125,3.944943820224719,0.00011418147935236071
383.61344537815125,4.01123595505618,0.00011155774152482222
383.61344537815125,4.0775280898876405,0.00010902918334226955
383.61344537815125,4.143820224719101,0.00010659036793919419
383.61344537815125,4.210112359550561,0.00010423606268544518
383.61344537815125,4.276404494382023,0.0001019611491154222
383.61344537815125,4.342696629213483,9.976049640072109e-5
383.61344537815125,4.408988764044944,9.76287661915454e-5
383.61344537815125,4.475280898876404,9.556008285631172e-5
383.61344537815125,4.5415730337078655,9.354742257855707e-5
383.61344537815125,4.607865168539326,9.158136211981877e-5
383.61344537815125,4.674157303370786,8.964718751630888e-5
383.61344537815125,4.740449438202247,8.771705278695657e-5
383.61344537815125,4.806741573033708,8.572301277814975e-5
383.61344537815125,4.873033707865169,8.341620182074923e-5
383.61344537815125,4.939325842696629,7.793220015569212e-5
383.61344537815125,5.00561797752809,0.0
383.61344537815125,5.071910112359551,0.0
383.61344537815125,5.138202247191011,0.0
383.61344537815125,5.204494382022472,0.0
383.61344537815125,5.270786516853932,0.0
383.61344537815125,5.337078651685394,0.0
383.61344537815125,5.403370786516854,0.0
383.61344537815125,5.4696629213483146,0.0
383.61344537815125,5.535955056179775,0.0
383.61344537815125,5.602247191011236,0.0
383.61344537815125,5.668539325842697,0.0
383.61344537815125,5.734831460674157,0.0
383.61344537815125,5.801123595505618,0.0
383.61344537815125,5.867415730337079,0.0
383.61344537815125,5.9337078651685395,0.0
383.61344537815125,6.0,0.0
386.890756302521,0.1,0.012142262768993101
386.890756302521,0.1662921348314607,0.006508783363171656
386.890756302521,0.23258426966292134,0.0042961005969356595
386.890756302521,0.298876404494382,0.0031437210938358422
386.890756302521,0.3651685393258427,0.002447112073988193
386.890756302521,0.4314606741573034,0.0019850072041307084
386.890756302521,0.49775280898876406,0.001658301685662614
386.890756302521,0.5640449438202247,0.0014163384614503756
386.890756302521,0.6303370786516854,0.001230676973969243
386.890756302521,0.6966292134831461,0.0010841858033960431
386.890756302521,0.7629213483146068,0.0009659640894449484
386.890756302521,0.8292134831460675,0.00086876361511201
386.890756302521,0.895505617977528,0.0007875877215176594
386.890756302521,0.9617977528089887,0.0007188863619451932
386.890756302521,1.0280898876404494,0.0006600718510376785
386.890756302521,1.09438202247191,0.000609215997369717
386.890756302521,1.1606741573033708,0.0005648542736867334
386.890756302521,1.2269662921348314,0.0005258554967494833
386.890756302521,1.2932584269662921,0.0004913328901412389
386.890756302521,1.3595505617977528,0.00046058202501712635
386.890756302521,1.4258426966292135,0.00043303665188259145
386.890756302521,1.4921348314606742,0.0004082367048037653
386.890756302521,1.5584269662921348,0.00038580475144064734
386.890756302521,1.6247191011235955,0.0003654284078622922
386.890756302521,1.6910112359550562,0.00034684703409826334
386.890756302521,1.7573033707865169,0.00032984154709666684
386.890756302521,1.8235955056179776,0.00031422653448336086
386.890756302521,1.8898876404494382,0.0002998440874229882
386.890756302521,1.956179775280899,0.0002865589325816638
386.890756302521,2.0224719101123596,0.00027425455613925567
386.890756302521,2.08876404494382,0.000262830092768145
386.890756302521,2.155056179775281,0.00025219780982870573
386.890756302521,2.2213483146067414,0.0002422810586179152
386.890756302521,2.2876404494382023,0.0002330125950008323
386.890756302521,2.353932584269663,0.00022433319434182622
386.890756302521,2.4202247191011237,0.0002161905025427733
386.890756302521,2.486516853932584,0.00020853807773874256
386.890756302521,2.552808988764045,0.00020133458689692421
386.890756302521,2.6191011235955055,0.0001945431289990567
386.890756302521,2.6853932584269664,0.00018813066223104428
386.890756302521,2.751685393258427,0.00018206751707162746
386.890756302521,2.8179775280898878,0.0001763269806710398
386.890756302521,2.8842696629213482,0.00017088494066787963
386.890756302521,2.950561797752809,0.00016571957877786837
386.890756302521,3.0168539325842696,0.00016081110622986346
386.890756302521,3.0831460674157305,0.00015614153451939326
386.890756302521,3.149438202247191,0.00015169447607223032
386.890756302521,3.215730337078652,0.00014745497031657366
386.890756302521,3.2820224719101123,0.00014340933139589079
386.890756302521,3.348314606741573,0.00013954501434856108
386.890756302521,3.4146067415730337,0.00013585049706045708
386.890756302521,3.4808988764044946,0.0001323151756810669
386.890756302521,3.547191011235955,0.00012892927149557877
386.890756302521,3.613483146067416,0.00012568374747150583
386.890756302521,3.6797752808988764,0.00012257023284967854
386.890756302521,3.746067415730337,0.00011958095421785248
386.890756302521,3.8123595505617978,0.00011670867147009557
386.890756302521,3.878651685393258,0.00011394661687451876
386.890756302521,3.944943820224719,0.00011128843506541392
386.890756302521,4.01123595505618,0.00010872812099097022
386.890756302521,4.0775280898876405,0.00010625995138868416
386.890756302521,4.143820224719101,0.00010387840263324918
386.890756302521,4.210112359550561,0.00010157804255724375
386.890756302521,4.276404494382023,9.935337330719604e-5
386.890756302521,4.342696629213483,9.719857987038717e-5
386.890756302521,4.408988764044944,9.510708760409967e-5
386.890756302521,4.475280898876404,9.307070362812437e-5
386.890756302521,4.5415730337078655,9.107775577518484e-5
386.890756302521,4.607865168539326,8.910845880139762e-5
386.890756302521,4.674157303370786,8.712091586162343e-5
386.890756302521,4.740449438202247,8.499356252860615e-5
386.890756302521,4.806741573033708,8.207802984651089e-5
386.890756302521,4.873033707865169,0.0
386.890756302521,4.939325842696629,0.0
386.890756302521,5.00561797752809,0.0
386.890756302521,5.071910112359551,0.0
386.890756302521,5.138202247191011,0.0
386.890756302521,5.204494382022472,0.0
386.890756302521,5.270786516853932,0.0
386.890756302521,5.337078651685394,0.0
386.890756302521,5.403370786516854,0.0
386.890756302521,5.4696629213483146,0.0
386.890756302521,5.535955056179775,0.0
386.890756302521,5.602247191011236,0.0
386.890756302521,5.668539325842697,0.0
386.890756302521,5.734831460674157,0.0
386.890756302521,5.801123595505618,0.0
386.890756302521,5.867415730337079,0.0
386.890756302521,5.9337078651685395,0.0
386.890756302521,6.0,0.0
390.16806722689074,0.1,0.011847442990914767
390.16806722689074,0.1662921348314607,0.006348910805468352
390.16806722689074,0.23258426966292134,0.004190047282637936
390.16806722689074,0.298876404494382,0.003065897760362579
390.16806722689074,0.3651685393258427,0.0023864249322827205
390.16806722689074,0.4314606741573034,0.001935718813933229
390.16806722689074,0.49775280898876406,0.0016170878432810506
390.16806722689074,0.5640449438202247,0.001381113449423998
390.16806722689074,0.6303370786516854,0.001200052447501391
390.16806722689074,0.6966292134831461,0.0010571944304678645
390.16806722689074,0.7629213483146068,0.0009419069077027277
390.16806722689074,0.8292134831460675,0.000847120363999927
390.16806722689074,0.895505617977528,0.0007679614779088249
390.16806722689074,0.9617977528089887,0.0007009679199270364
390.16806722689074,1.0280898876404494,0.0006436159979230404
390.16806722689074,1.09438202247191,0.0005940252397330248
390.16806722689074,1.1606741573033708,0.0005507673858857286
390.16806722689074,1.2269662921348314,0.0005127392818301704
390.16806722689074,1.2932584269662921,0.0004790761349161404
390.16806722689074,1.3595505617977528,0.00044909098736999113
390.16806722689074,1.4258426966292135,0.00042223163931104585
390.16806722689074,1.4921348314606742,0.00039804944394134883
390.16806722689074,1.5584269662921348,0.0003761763400835638
390.16806722689074,1.6247191011235955,0.0003563077021776768
390.16806722689074,1.6910112359550562,0.00033818936522600566
390.16806722689074,1.7573033707865169,0.0003216076900664965
390.16806722689074,1.8235955056179776,0.0003063818725330436
390.16806722689074,1.8898876404494382,0.0002923579291743549
390.16806722689074,1.956179775280899,0.00027940394991219644
390.16806722689074,2.0224719101123596,0.0002674063181793906
390.16806722689074,2.08876404494382,0.0002562666770717565
390.16806722689074,2.155056179775281,0.0002458994759647254
390.16806722689074,2.2213483146067414,0.00023622997260344807
390.16806722689074,2.2876404494382023,0.0002271925954144325
390.16806722689074,2.353932584269663,0.00021872959281494907
390.16806722689074,2.4202247191011237,0.00021078991276874813
390.16806722689074,2.486516853932584,0.00020332826826428867
390.16806722689074,2.552808988764045,0.00019630435384666032
390.16806722689074,2.6191011235955055,0.0001896821855844592
390.16806722689074,2.6853932584269664,0.00018342954245370086
390.16806722689074,2.751685393258427,0.0001775174914778272
390.16806722689074,2.8179775280898878,0.00017191998237461856
390.16806722689074,2.8842696629213482,0.0001666135001489165
390.16806722689074,2.950561797752809,0.00016157676620025225
390.16806722689074,3.0168539325842696,0.00015679048021142165
390.16806722689074,3.0831460674157305,0.0001522370964422964
390.16806722689074,3.149438202247191,0.000147900629144604
390.16806722689074,3.215730337078652,0.0001437664826928598
390.16806722689074,3.2820224719101123,0.00013982130273593665
390.16806722689074,3.348314606741573,0.00013605284524444925
390.16806722689074,3.4146067415730337,0.0001324498607843665
390.16806722689074,3.4808988764044946,0.0001290019917029605
390.16806722689074,3.547191011235955,0.00012569968017803814
390.16806722689074,3.613483146067416,0.0001225340852560267
390.16806722689074,3.6797752808988764,0.00011949700707877824
390.16806722689074,3.746067415730337,0.00011658081644629464
390.16806722689074,3.8123595505617978,0.00011377838762847648
390.16806722689074,3.878651685393258,0.00011108303181821812
390.16806722689074,3.944943820224719,0.00010848842760777578
390.16806722689074,4.01123595505618,0.00010598854296950169
390.16806722689074,4.0775280898876405,0.00010357753960830422
390.16806722689074,4.143820224719101,0.00010124964345267816
390.16806722689074,4.210112359550561,9.899895040085536e-5
390.16806722689074,4.276404494382023,9.681910423109912e-5
390.16806722689074,4.342696629213483,9.470270689537422e-5
390.16806722689074,4.408988764044944,9.264011939385218e-5
390.16806722689074,4.475280898876404,9.061670454469536e-5
390.16806722689074,4.5415730337078655,8.860538267323838e-5
390.16806722689074,4.607865168539326,8.654117896517465e-5
390.16806722689074,4.674157303370786,8.418977291260424e-5
390.16806722689074,4.740449438202247,7.898834844408534e-5
390.16806722689074,4.806741573033708,0.0
390.16806722689074,4.873033707865169,0.0
390.16806722689074,4.939325842696629,0.0
390.16806722689074,5.00561797752809,0.0
390.16806722689074,5.071910112359551,0.0
390.16806722689074,5.138202247191011,0.0
390.16806722689074,5.204494382022472,0.0
390.16806722689074,5.270786516853932,0.0
390.16806722689074,5.337078651685394,0.0
390.16806722689074,5.403370786516854,0.0
390.16806722689074,5.4696629213483146,0.0
390.16806722689074,5.535955056179775,0.0
390.16806722689074,5.602247191011236,0.0
390.16806722689074,5.668539325842697,0.0
390.16806722689074,5.734831460674157,0.0
390.16806722689074,5.801123595505618,0.0
390.16806722689074,5.867415730337079,0.0
390.16806722689074,5.9337078651685395,0.0
390.16806722689074,6.0,0.0
393.4453781512605,0.1,0.011561993984865888
393.4453781512605,0.1662921348314607,0.006194199186740013
393.4453781512605,0.23258426966292134,0.00408744055873271
393.4453781512605,0.298876404494382,0.0029906130517672745
393.4453781512605,0.3651685393258427,0.002327722151822577
393.4453781512605,0.4314606741573034,0.0018880447322929606
393.4453781512605,0.49775280898876406,0.001577225488308156
393.4453781512605,0.5640449438202247,0.001347044611740094
393.4453781512605,0.6303370786516854,0.0011704338332530124
393.4453781512605,0.6966292134831461,0.0010310901595887273
393.4453781512605,0.7629213483146068,0.0009186407804347255
393.4453781512605,0.8292134831460675,0.0008261890850576548
393.4453781512605,0.895505617977528,0.0007489810817649889
393.4453781512605,0.9617977528089887,0.0006836393041662973
393.4453781512605,1.0280898876404494,0.0006277019687675623
393.4453781512605,1.09438202247191,0.0005793347666532788
393.4453781512605,1.1606741573033708,0.0005371445224965963
393.4453781512605,1.2269662921348314,0.0005000551949838768
393.4453781512605,1.2932584269662921,0.0004672232567228418
393.4453781512605,1.3595505617977528,0.0004379786496418887
393.4453781512605,1.4258426966292135,0.0004117827637427203
393.4453781512605,1.4921348314606742,0.0003881979975150124
393.4453781512605,1.5584269662921348,0.00036686535399838255
393.4453781512605,1.6247191011235955,0.00034748771177076733
393.4453781512605,1.6910112359550562,0.0003298171685397352
393.4453781512605,1.7573033707865169,0.00031364535049384487
393.4453781512605,1.8235955056179776,0.0002987959104813307
393.4453781512605,1.8898876404494382,0.0002851186615910178
393.4453781512605,1.956179775280899,0.000272484946559326
393.4453781512605,2.0224719101123596,0.00026078395088887
393.4453781512605,2.08876404494382,0.00024991974364699823
393.4453781512605,2.155056179775281,0.00023980888445845964
393.4453781512605,2.2213483146067414,0.0002303784747699028
393.4453781512605,2.2876404494382023,0.00022156456047340377
393.4453781512605,2.353932584269663,0.0002133108144638503
393.4453781512605,2.4202247191011237,0.00020556744377270406
393.4453781512605,2.486516853932584,0.00019829027804301762
393.4453781512605,2.552808988764045,0.00019144000533298492
393.4453781512605,2.6191011235955055,0.00018498152830695262
393.4453781512605,2.6853932584269664,0.00017888341933545743
393.4453781512605,2.751685393258427,0.00017311745727511003
393.4453781512605,2.8179775280898878,0.000167658232026103
393.4453781512605,2.8842696629213482,0.00016248280558592182
393.4453781512605,2.950561797752809,0.0001575704203939498
393.4453781512605,3.0168539325842696,0.00015290224741453976
393.4453781512605,3.0831460674157305,0.0001484611677277124
393.4453781512605,3.149438202247191,0.00014423158245652665
393.4453781512605,3.215730337078652,0.0001401992467113001
393.4453781512605,3.2820224719101123,0.0001363511239128066
393.4453781512605,3.348314606741573,0.00013267525739858025
393.4453781512605,3.4146067415730337,0.00012916065663824965
393.4453781512605,3.4808988764044946,0.00012579719569651994
393.4453781512605,3.547191011235955,0.00012257552178680342
393.4453781512605,3.613483146067416,0.00011948697184203378
393.4453781512605,3.6797752808988764,0.00011652349495847622
393.4453781512605,3.746067415730337,0.00011367757827419188
393.4453781512605,3.8123595505617978,0.00011094217319098625
393.4453781512605,3.878651685393258,0.00010831061757228003
393.4453781512605,3.944943820224719,0.00010577654711686968
393.4453781512605,4.01123595505618,0.0001033337844037193
393.4453781512605,4.0775280898876405,0.00010097618465745109
393.4453781512605,4.143820224719101,9.869739727468713e-5
393.4453781512605,4.210112359550561,9.649045671288089e-5
393.4453781512605,4.276404494382023,9.434700368425738e-5
393.4453781512605,4.342696629213483,9.22556250311219e-5
393.4453781512605,4.408988764044944,9.019779430600562e-5
393.4453781512605,4.475280898876404,8.813590376277764e-5
393.4453781512605,4.5415730337078655,8.596602167535751e-5
393.4453781512605,4.607865168539326,8.318562959439539e-5
393.4453781512605,4.674157303370786,0.0
393.4453781512605,4.740449438202247,0.0
393.4453781512605,4.806741573033708,0.0
393.4453781512605,4.873033707865169,0.0
393.4453781512605,4.939325842696629,0.0
393.4453781512605,5.00561797752809,0.0
393.4453781512605,5.071910112359551,0.0
393.4453781512605,5.138202247191011,0.0
393.4453781512605,5.204494382022472,0.0
393.4453781512605,5.270786516853932,0.0
393.4453781512605,5.337078651685394,0.0
393.4453781512605,5.403370786516854,0.0
393.4453781512605,5.4696629213483146,0.0
393.4453781512605,5.535955056179775,0.0
393.4453781512605,5.602247191011236,0.0
393.4453781512605,5.668539325842697,0.0
393.4453781512605,5.734831460674157,0.0
393.4453781512605,5.801123595505618,0.0
393.4453781512605,5.867415730337079,0.0
393.4453781512605,5.9337078651685395,0.0
393.4453781512605,6.0,0.0
396.7226890756302,0.1,0.011285550485029897
396.7226890756302,0.1662921348314607,0.006044443295326843
396.7226890756302,0.23258426966292134,0.003988142204032782
396.7226890756302,0.298876404494382,0.002917764674572674
396.7226890756302,0.3651685393258427,0.002270923530668058
396.7226890756302,0.4314606741573034,0.0018419195767310943
396.7226890756302,0.49775280898876406,0.001538659798727992
396.7226890756302,0.5640449438202247,0.0013140849938665094
396.7226890756302,0.6303370786516854,0.0011417802411346739
396.7226890756302,0.6966292134831461,0.0010058369031053119
396.7226890756302,0.7629213483146068,0.0008961335071962499
396.7226890756302,0.8292134831460675,0.0008059407817644035
396.7226890756302,0.895505617977528,0.0007306202178774618
396.7226890756302,0.9617977528089887,0.0006668764727778701
396.7226890756302,1.0280898876404494,0.000612307670863685
396.7226890756302,1.09438202247191,0.000565124173116945
396.7226890756302,1.1606741573033708,0.0005239667524353898
396.7226890756302,1.2269662921348314,0.00048778560223418724
396.7226890756302,1.2932584269662921,0.0004557577708898349
396.7226890756302,1.3595505617977528,0.0004272295517573744
396.7226890756302,1.4258426966292135,0.000401675483583014
396.7226890756302,1.4921348314606742,0.0003786686514244013
396.7226890756302,1.5584269662921348,0.00035785882801962315
396.7226890756302,1.6247191011235955,0.0003389561521486702
396.7226890756302,1.6910112359550562,0.0003217187805568554
396.7226890756302,1.7573033707865169,0.0003059434334790494
396.7226890756302,1.8235955056179776,0.0002914580757113883
396.7226890756302,1.8898876404494382,0.0002781161932599777
396.7226890756302,1.956179775280899,0.0002657922757090505
396.7226890756302,2.0224719101123596,0.0002543782193018432
396.7226890756302,2.08876404494382,0.0002437804399609157
396.7226890756302,2.155056179775281,0.00023391753869403902
396.7226890756302,2.2213483146067414,0.000224718400432748
396.7226890756302,2.2876404494382023,0.00021612063565410055
396.7226890756302,2.353932584269663,0.0002080692951005141
396.7226890756302,2.4202247191011237,0.00020051580358879982
396.7226890756302,2.486516853932584,0.0001934170707262466
396.7226890756302,2.552808988764045,0.00018673474534892514
396.7226890756302,2.6191011235955055,0.0001804345873961619
396.7226890756302,2.6853932584269664,0.00017448593626387193
396.7226890756302,2.751685393258427,0.00016886125882413597
396.7226890756302,2.8179775280898878,0.00016353576354290016
396.7226890756302,2.8842696629213482,0.00015848706968273413
396.7226890756302,2.950561797752809,0.00015369492260048324
396.7226890756302,3.0168539325842696,0.00014914094775861069
396.7226890756302,3.0831460674157305,0.00014480843735318108
396.7226890756302,3.149438202247191,0.0001406821644879797
396.7226890756302,3.215730337078652,0.00013674822064352427
396.7226890756302,3.2820224719101123,0.0001329938728384922
396.7226890756302,3.348314606741573,0.00012940743738454577
396.7226890756302,3.4146067415730337,0.00012597816750777074
396.7226890756302,3.4808988764044946,0.00012269615235258461
396.7226890756302,3.547191011235955,0.00011955222498196333
396.7226890756302,3.613483146067416,0.00011653787690025117
396.7226890756302,3.6797752808988764,0.00011364517626566594
396.7226890756302,3.746067415730337,0.00011086668615842205
396.7226890756302,3.8123595505617978,0.00010819537768839541
396.7226890756302,3.878651685393258,0.0001056245296700767
396.7226890756302,3.944943820224719,0.00010314760057872717
396.7226890756302,4.01123595505618,0.00010075804616969335
396.7226890756302,4.0775280898876405,9.844902933133469e-5
396.7226890756302,4.143820224719101,9.621290587346285e-5
396.7226890756302,4.210112359550561,9.404020765176484e-5
396.7226890756302,4.276404494382023,9.191736981630373e-5
396.7226890756302,4.342696629213483,8.982080691136522e-5
396.7226890756302,4.408988764044944,8.769769720116107e-5
396.7226890756302,4.475280898876404,8.537614516461425e-5
396.7226890756302,4.5415730337078655,8.155590222703287e-5
396.7226890756302,4.607865168539326,0.0
396.7226890756302,4.674157303370786,0.0
396.7226890756302,4.740449438202247,0.0
396.7226890756302,4.806741573033708,0.0
396.7226890756302,4.873033707865169,0.0
396.7226890756302,4.939325842696629,0.0
396.7226890756302,5.00561797752809,0.0
396.7226890756302,5.071910112359551,0.0
396.7226890756302,5.138202247191011,0.0
396.7226890756302,5.204494382022472,0.0
396.7226890756302,5.270786516853932,0.0
396.7226890756302,5.337078651685394,0.0
396.7226890756302,5.403370786516854,0.0
396.7226890756302,5.4696629213483146,0.0
396.7226890756302,5.535955056179775,0.0
396.7226890756302,5.602247191011236,0.0
396.7226890756302,5.668539325842697,0.0
396.7226890756302,5.734831460674157,0.0
396.7226890756302,5.801123595505618,0.0
396.7226890756302,5.867415730337079,0.0
396.7226890756302,5.9337078651685395,0.0
396.7226890756302,6.0,0.0
400.0,0.1,0.01101776397330764
400.0,0.1662921348314607,0.0058994475648377325
400.0,0.23258426966292134,0.0038920205628995824
400.0,0.298876404494382,0.002847255222767391
400.0,0.3651685393258427,0.0022159527130982157
400.0,0.4314606741573034,0.0017972811083609886
400.0,0.49775280898876406,0.001501338593335961
400.0,0.5640449438202247,0.0012821899063571475
400.0,0.6303370786516854,0.0011140527558348933
400.0,0.6966292134831461,0.0009814003178111974
400.0,0.7629213483146068,0.0008743544452658709
400.0,0.8292134831460675,0.0007863478612232572
400.0,0.895505617977528,0.0007128538455581899
400.0,0.9617977528089887,0.0006506565488366255
400.0,1.0280898876404494,0.0005974120824492139
400.0,1.09438202247191,0.0005513740435956118
400.0,1.1606741573033708,0.0005112160629159513
400.0,1.2269662921348314,0.0004759137252197054
400.0,1.2932584269662921,0.0004446639927916921
400.0,1.3595505617977528,0.00041682898412410957
400.0,1.4258426966292135,0.0003918959632705776
400.0,1.4921348314606742,0.0003694483575385428
400.0,1.5584269662921348,0.0003491444266754068
400.0,1.6247191011235955,0.0003307013355285659
400.0,1.6910112359550562,0.0003138831043989456
400.0,1.7573033707865169,0.00029849138314912686
400.0,1.8235955056179776,0.00028435830928776425
400.0,1.8898876404494382,0.00027134092308361455
400.0,1.956179775280899,0.0002593167592587643
400.0,2.0224719101123596,0.00024818033713409
400.0,2.08876404494382,0.00023784034354333371
400.0,2.155056179775281,0.0002282173547675001
400.0,2.2213483146067414,0.00021924198141059134
400.0,2.2876404494382023,0.00021085334775761691
400.0,2.353932584269663,0.0002029978376136312
400.0,2.4202247191011237,0.00019562805391975453
400.0,2.486516853932584,0.00018870195098265758
400.0,2.552808988764045,0.00018218210693329376
400.0,2.6191011235955055,0.0001760351107618233
400.0,2.6853932584269664,0.0001702310434745815
400.0,2.751685393258427,0.00016474303696191182
400.0,2.8179775280898878,0.00015954689732973403
400.0,2.8842696629213482,0.00015462078193819373
400.0,2.950561797752809,0.00014994492136071675
400.0,3.0168539325842696,0.0001455013790411914
400.0,3.0831460674157305,0.00014127384267177432
400.0,3.149438202247191,0.000137247442303279
400.0,3.215730337078652,0.00013340859098103931
400.0,3.2820224719101123,0.0001297448443038355
400.0,3.348314606741573,0.00012624477575030402
400.0,3.4146067415730337,0.00012289786490931643
400.0,3.4808988764044946,0.00011969439587091203
400.0,3.547191011235955,0.00011662536293347107
400.0,3.613483146067416,0.00011368238035627233
400.0,3.6797752808988764,0.00011085759192393078
400.0,3.746067415730337,0.00010814357416580325
400.0,3.8123595505617978,0.00010553322330555995
400.0,3.878651685393258,0.00010301960847519875
400.0,3.944943820224719,0.00010059575794239288
400.0,4.01123595505618,9.825430990312928e-5
400.0,4.0775280898876405,9.598687423175108e-5
400.0,4.143820224719101,9.378272277615183e-5
400.0,4.210112359550561,9.162572042141558e-5
400.0,4.276404494382023,8.948578119472798e-5
400.0,4.342696629213483,8.728813050892136e-5
400.0,4.408988764044944,8.473721082113428e-5
400.0,4.475280898876404,7.60597282080207e-5
400.0,4.5415730337078655,0.0
400.0,4.607865168539326,0.0
400.0,4.674157303370786,0.0
400.0,4.740449438202247,0.0
400.0,4.806741573033708,0.0
400.0,4.873033707865169,0.0
400.0,4.939325842696629,0.0
400.0,5.00561797752809,0.0
400.0,5.071910112359551,0.0
400.0,5.138202247191011,0.0
400.0,5.204494382022472,0.0
400.0,5.270786516853932,0.0
400.0,5.337078651685394,0.0
400.0,5.403370786516854,0.0
400.0,5.4696629213483146,0.0
400.0,5.535955056179775,0.0
400.0,5.602247191011236,0.0
400.0,5.668539325842697,0.0
400.0,5.734831460674157,0.0
400.0,5.801123595505618,0.0
400.0,5.867415730337079,0.0
400.0,5.9337078651685395,0.0
400.0,6.0,0.0
