nu_Hz,N0,value
10.0,1000.0,624.8388673288786
10.0,1080.4718223181285,587.3233674247621
10.0,1167.4193588234587,552.060308600491
10.0,1261.3637220374437,518.914453665274
10.0,1362.867959355774,487.75868510698166
10.0,1472.5404276241222,458.4735175843735
10.0,1591.0384392721533,430.9466396894301
10.0,1719.0722018585745,405.072483222402
10.0,1857.4090746385718,380.751818327701
10.0,2006.8781676649664,357.8913729379511
10.0,2168.375310987435,336.40347506672106
10.0,2342.8684237322327,316.2057165781034
10.0,2531.403315241567,297.22063714365925
10.0,2735.109953041208,279.37542717467795
10.0,2955.209235202888,262.6016485904662
10.0,3193.020307691027,246.83497235178865
10.0,3449.9684705497157,232.01493175287032
10.0,3727.593720314942,218.08469052581952
10.0,4027.5599798502976,204.99082486812463
10.0,4351.665070924416,192.68311855727958
10.0,4701.851489299852,181.11437036678691
10.0,5080.218046913023,170.24021304495514
10.0,5489.032450921557,160.01894316226205
10.0,5930.744895010559,150.411361174727
10.0,6408.002744415996,141.3806210899261
10.0,6923.6664026787275,132.89208915909893
10.0,7480.826455225086,124.9132110534226
10.0,8082.822192522714,117.41338701505816
10.0,8733.261623828437,110.36385450416356
10.0,9436.04310147889,103.73757789181317
10.0,10195.378685327301,97.50914477578362
10.0,11015.819387358995,91.65466852157043
10.0,11902.282447787144,86.15169665486839
10.0,12860.08080610565,80.97912475419305
10.0,13894.954943731389,76.11711551341317
10.0,15013.107289081743,71.54702266379202
10.0,16221.239391291729,67.25131946376924
10.0,17526.592085367585,63.21353148223702
10.0,18936.988889503602,59.418173417527335
10.0,20460.88289466011,55.850689709804094
10.0,22107.407427431233,52.49739871910431
10.0,23886.430789846003,49.34544025494501
10.0,25808.615404180768,46.38272625626765
10.0,27885.481717262915,43.5978944325716
10.0,30129.47724726992,40.9802646884476
10.0,32554.05118685032,38.51979816439423
10.0,35173.7350096938,36.20705873683506
10.0,38004.22956365882,34.0331768296855
10.0,41062.49917244294,31.989815398683444
10.0,44366.873309786155,30.069137958029984
10.0,47937.15645558219,28.26377852671984
10.0,51794.74679231213,26.56681337930204
10.0,55962.76445319552,24.97173449273319
10.0,60466.19009070435,23.472424587488995
10.0,65332.014595937704,22.06313366721428
10.0,70589.40086618738,20.738456966939133
10.0,76269.85859023452,19.49331422529011
10.0,82407.43309893666,18.322930201203995
10.0,89038.90941296735,17.22281636042304
10.0,96204.0327106476,16.18875366153849
10.0,103945.74653722627,15.216776375564777
10.0,112310.45018329516,14.303156876990927
10.0,121348.27677491431,13.444391347981535
10.0,131113.3937421563,12.637186340901474
10.0,141664.3274669022,11.878446147630385
10.0,153064.31405563594,11.165260927227111
10.0,165381.6783395673,10.494895546412291
10.0,178690.24337358287,9.864779090071702
10.0,193069.77288832495,9.27249500155176
10.0,208606.44934719568,8.715771814934532
10.0,225393.39047347888,8.192474443749433
10.0,243531.20734334175,7.700595992713196
10.0,263128.6073895945,7.238250061095255
10.0,284303.0459302665,6.803663508191104
10.0,307181.43012686964,6.395169653158815
10.0,331900.87959146773,6.011201883139142
10.0,358609.54820118286,5.650287645145951
10.0,387467.51204561285,5.311042798685186
10.0,418647.72882899473,4.992166307444187
10.0,452337.0744772105,4.692435249693448
10.0,488737.4631624427,4.410700128265269
10.0,528067.0574582637,4.14588046212256
10.0,570561.5758781021,3.8969606426111207
10.0,616475.7056337161,3.6629860385036683
10.0,666084.6290809154,3.4430593348981215
10.0,719685.6730011514,3.236337091929437
10.0,777600.0906038043,3.0420265100973602
10.0,840174.9869294344,2.8593823898048094
10.0,907785.3991937558,2.687704273446384
10.0,980836.5445406671,2.5263337590867194
10.0,1.0597662486760707e6,2.374651975426327
10.0,1.1450475699382813e6,2.232077208371181
10.0,1.2371916345321594e6,2.0980626701037415
10.0,1.336750699919709e6,1.972094402099567
10.0,1.4443214647272818e6,1.8536893040474098
10.0,1.5605486450070748e6,1.7423932811134692
10.0,1.6861288382868804e6,1.6377795024444477
10.0,1.8218146985669748e6,1.53944676423055
10.0,1.9684194472866112e6,1.4470179510506467
10.0,2.126821747296208e6,1.3601385895986928
10.0,2.2979709690469606e6,1.278475489244826
10.0,2.48289288056033e6,1.2017154642175483
10.0,2.6826957952797273e6,1.1295641325064567
10.0,2.898577214651068e6,1.0617447868791705
10.0,3.131831005243845e6,0.9979973336827346
10.0,3.383855153428233e6,0.9380772953596758
10.0,3.6561601440851935e6,0.8817548728532725
10.0,3.9503780135666407e6,0.8288140643062745
10.0,4.268272131163825e6,0.7790518366731984
10.0,4.611747767708261e6,0.7322773470692542
10.0,4.982863514647306e6,0.6883112108696893
10.0,5.383843622033489e6,0.6469848137526661
10.0,5.817091329374358e6,0.6081396650472679
10.0,6.285203269240097e6,0.5716267899066728
10.0,6.790985029955707e6,0.537306157975422
10.0,7.337467970651373e6,0.5050461463596616
10.0,7.927927389450606e6,0.4747230348408033
10.0,8.565902153685499e6,0.4462205313966988
10.0,9.255215909791354e6,0.4194293262106476
10.0,1.0e7,0.39424667245784073
13.277310924369749,1000.0,316.44900546406774
13.277310924369749,1080.4718223181285,297.44931889704065
13.277310924369749,1167.4193588234587,279.5903788117912
13.277310924369749,1261.3637220374437,262.8036944713229
13.277310924369749,1362.867959355774,247.0248873415945
13.277310924369749,1472.5404276241222,232.1934441937082
13.277310924369749,1591.0384392721533,218.25248502991022
13.277310924369749,1719.0722018585745,205.14854494338047
13.277310924369749,1857.4090746385718,192.8313690752184
13.277310924369749,2006.8781676649664,181.25371988227158
13.277310924369749,2168.375310987435,170.3711959766562
13.277310924369749,2342.8684237322327,160.14206184220367
13.277310924369749,2531.403315241567,150.52708777477895
13.277310924369749,2735.109953041208,141.489399432627
13.277310924369749,2955.209235202888,132.9943364197584
13.277310924369749,3193.020307691027,125.00931936002844
13.277310924369749,3449.9684705497157,117.50372495212422
13.277310924369749,3727.593720314942,110.44876852628691
13.277310924369749,4027.5599798502976,103.81739365235995
13.277310924369749,4351.665070924416,97.5841683758012
13.277310924369749,4701.851489299852,91.72518768371381
13.277310924369749,5080.218046913023,86.21798182684404
13.277310924369749,5489.032450921557,81.04143014595185
13.277310924369749,5930.744895010559,76.17568007206974
13.277310924369749,6408.002744415996,71.60207099000928
13.277310924369749,6923.6664026787275,67.30306267312365
13.277310924369749,7480.826455225086,63.26216801486709
13.277310924369749,8082.822192522714,59.46388979917031
13.277310924369749,8733.261623828437,55.8936612671398
13.277310924369749,9436.04310147889,52.53779025214991
13.277310924369749,10195.378685327301,49.38340666907872
13.277310924369749,11015.819387358995,46.41841315630537
13.277310924369749,11902.282447787144,43.63143868117558
13.277310924369749,12860.08080610565,41.011794931007636
13.277310924369749,13894.954943731389,38.549435322395006
13.277310924369749,15013.107289081743,36.234916471601665
13.277310924369749,16221.239391291729,34.059361978285324
13.277310924369749,17526.592085367585,32.01442838365652
13.277310924369749,18936.988889503602,30.092273172519103
13.277310924369749,20460.88289466011,28.285524696477072
13.277310924369749,22107.407427431233,26.58725390296056
13.277310924369749,23886.430789846003,24.99094776164899
13.277310924369749,25808.615404180768,23.49048428637921
13.277310924369749,27885.481717262915,22.080109056745055
13.277310924369749,30129.47724726992,20.754413149346895
13.277310924369749,32554.05118685032,19.50831239405489
13.277310924369749,35173.7350096938,18.33702787573214
13.277310924369749,38004.22956365882,17.236067606639715
13.277310924369749,41062.49917244294,16.201209299235654
13.277310924369749,44366.873309786155,15.22848417329986
13.277310924369749,47937.15645558219,14.314161735283903
13.277310924369749,51794.74679231213,13.454735471512599
13.277310924369749,55962.76445319552,12.646909400370062
13.277310924369749,60466.19009070435,11.887585431896081
13.277310924369749,65332.014595937704,11.173851486315932
13.277310924369749,70589.40086618738,10.502970325936934
13.277310924369749,76269.85859023452,9.872369057581064
13.277310924369749,82407.43309893666,9.279629265294513
13.277310924369749,89038.90941296735,8.722477735491939
13.277310924369749,96204.0327106476,8.198777738965843
13.277310924369749,103945.74653722627,7.706520836326409
13.277310924369749,112310.45018329516,7.243819175445089
13.277310924369749,121348.27677491431,6.808898251361776
13.277310924369749,131113.3937421563,6.400090100889197
13.277310924369749,141664.3274669022,6.015826905815137
13.277310924369749,153064.31405563594,5.654634980170249
13.277310924369749,165381.6783395673,5.31512911850186
13.277310924369749,178690.24337358287,4.996007283479121
13.277310924369749,193069.77288832495,4.696045612455742
13.277310924369749,208606.44934719568,4.414093723840143
13.277310924369749,225393.39047347888,4.1490703052724145
13.277310924369749,243531.20734334175,3.8999589666883887
13.277310924369749,263128.6073895945,3.665804342366904
13.277310924369749,284303.0459302665,3.445708427011192
13.277310924369749,307181.43012686964,3.2388271318130304
13.277310924369749,331900.87959146773,3.0443670472917064
13.277310924369749,358609.54820118286,2.861582400493073
13.277310924369749,387467.51204561285,2.6897721948791924
13.277310924369749,418647.72882899473,2.5282775219398195
13.277310924369749,452337.0744772105,2.3764790342154765
13.277310924369749,488737.4631624427,2.2337945700409407
13.277310924369749,528067.0574582637,2.099676920899761
13.277310924369749,570561.5758781021,1.9736117328274727
13.277310924369749,616475.7056337161,1.855115533815126
13.277310924369749,666084.6290809154,1.7437338796480608
13.277310924369749,719685.6730011514,1.6390396110690393
13.277310924369749,777600.0906038043,1.5406312155817898
13.277310924369749,840174.9869294344,1.4481312876123345
13.277310924369749,907785.3991937558,1.3611850811226314
13.277310924369749,980836.5445406671,1.279459149125731
13.277310924369749,1.0597662486760707e6,1.2026400648847966
13.277310924369749,1.1450475699382813e6,1.1304332198917093
13.277310924369749,1.2371916345321594e6,1.0625616940153653
13.277310924369749,1.336750699919709e6,0.9987651934865808
13.277310924369749,1.4443214647272818e6,0.9387990526466912
13.277310924369749,1.5605486450070748e6,0.8824332956314285
13.277310924369749,1.6861288382868804e6,0.8294517543915725
13.277310924369749,1.8218146985669748e6,0.7796512396678812
13.277310924369749,1.9684194472866112e6,0.7328407617409223
13.277310924369749,2.126821747296208e6,0.6888407979672962
13.277310924369749,2.2979709690469606e6,0.6474826042931953
13.277310924369749,2.48289288056033e6,0.6086075681048754
13.277310924369749,2.6826957952797273e6,0.5720665999341721
13.277310924369749,2.898577214651068e6,0.5377195616861774
13.277310924369749,3.131831005243845e6,0.5054347291962971
13.277310924369749,3.383855153428233e6,0.47508828705552614
13.277310924369749,3.6561601440851935e6,0.4465638537665556
13.277310924369749,3.9503780135666407e6,0.4197520354096428
13.277310924369749,4.268272131163825e6,0.39455000610650237
13.277310924369749,4.611747767708261e6,0.3708611136732683
13.277310924369749,4.982863514647306e6,0.348594508950155
13.277310924369749,5.383843622033489e6,0.32766479738627474
13.277310924369749,5.817091329374358e6,0.30799171154339755
13.277310924369749,6.285203269240097e6,0.28949980326267705
13.277310924369749,6.790985029955707e6,0.27211815431377095
13.277310924369749,7.337467970651373e6,0.25578010441667104
13.277310924369749,7.927927389450606e6,0.24042299559317634
13.277310924369749,8.565902153685499e6,0.2259879318675777
13.277310924369749,9.255215909791354e6,0.21241955339497676
13.277310924369749,1.0e7,0.19966582415100628
16.554621848739497,1000.0,186.36390461298714
16.554621848739497,1080.4718223181285,175.1745637905646
16.554621848739497,1167.4193588234587,164.6570341125818
16.554621848739497,1261.3637220374437,154.77097985051338
16.554621848739497,1362.867959355774,145.47848704422674
16.554621848739497,1472.5404276241222,136.74391809833224
16.554621848739497,1591.0384392721533,128.5337751086094
16.554621848739497,1719.0722018585745,120.81657139435217
16.554621848739497,1857.4090746385718,113.56271074394725
16.554621848739497,2006.8781676649664,106.74437391058358
16.554621848739497,2168.375310987435,100.3354119227888
16.554621848739497,2342.8684237322327,94.31124580063295
16.554621848739497,2531.403315241567,88.64877229299746
16.554621848739497,2735.109953041208,83.32627527440603
16.554621848739497,2955.209235202888,78.32334246161412
16.554621848739497,3193.020307691027,73.62078713055753
16.554621848739497,3449.9684705497157,69.2005745334374
16.554621848739497,3727.593720314942,65.04575273374361
16.554621848739497,4027.5599798502976,61.14038759396341
16.554621848739497,4351.665070924416,57.46950166664531
16.554621848739497,4701.851489299852,54.01901675446096
16.554621848739497,5080.218046913023,50.775699918977026
16.554621848739497,5489.032450921557,47.72711273107533
16.554621848739497,5930.744895010559,44.861563568391766
16.554621848739497,6408.002744415996,42.1680627768306
16.554621848739497,6923.6664026787275,39.63628052419373
16.554621848739497,7480.826455225086,37.25650718428998
16.554621848739497,8082.822192522714,35.01961609959331
16.554621848739497,8733.261623828437,32.91702857964153
16.554621848739497,9436.04310147889,30.94068100094111
16.554621848739497,10195.378685327301,29.082993882202462
16.554621848739497,11015.819387358995,27.336842816307087
16.554621848739497,11902.282447787144,25.695531147527333
16.554621848739497,12860.08080610565,24.152764289213604
16.554621848739497,13894.954943731389,22.7026255834547
16.554621848739497,15013.107289081743,21.339553610131052
16.554621848739497,16221.239391291729,20.05832085833844
16.554621848739497,17526.592085367585,18.854013678385662
16.554621848739497,18936.988889503602,17.72201343747972
16.554621848739497,20460.88289466011,16.657978806828964
16.554621848739497,22107.407427431233,15.657829112233486
16.554621848739497,23886.430789846003,14.717728684310677
16.554621848739497,25808.615404180768,13.834072148337775
16.554621848739497,27885.481717262915,13.003470597296074
16.554621848739497,30129.47724726992,12.222738595089695
16.554621848739497,32554.05118685032,11.488881960094586
16.554621848739497,35173.7350096938,10.799086282186673
16.554621848739497,38004.22956365882,10.150706129210885
16.554621848739497,41062.49917244294,9.541254901496702
16.554621848739497,44366.873309786155,8.968395295511506
16.554621848739497,47937.15645558219,8.42993034007884
16.554621848739497,51794.74679231213,7.9237949707845425
16.554621848739497,55962.76445319552,7.448048110257946
16.554621848739497,60466.19009070435,7.000865223955249
16.554621848739497,65332.014595937704,6.580531322895624
16.554621848739497,70589.40086618738,6.185434386515087
16.554621848739497,76269.85859023452,5.814059180414
16.554621848739497,82407.43309893666,5.46498144528882
16.554621848739497,89038.90941296735,5.136862434761871
16.554621848739497,96204.0327106476,4.828443781161479
16.554621848739497,103945.74653722627,4.53854266956201
16.554621848739497,112310.45018329516,4.26604730157594
16.554621848739497,121348.27677491431,4.009912631501084
16.554621848739497,131113.3937421563,3.7691563584707546
16.554621848739497,141664.3274669022,3.5428551592363173
16.554621848739497,153064.31405563594,3.3301411471345834
16.554621848739497,165381.6783395673,3.1301985436597195
16.554621848739497,178690.24337358287,2.942260549874958
16.554621848739497,193069.77288832495,2.7656064056656144
16.554621848739497,208606.44934719568,2.5995586255553498
16.554621848739497,225393.39047347888,2.4434804004848276
16.554621848739497,243531.20734334175,2.2967731555882764
16.554621848739497,263128.6073895945,2.1588742546018613
16.554621848739497,284303.0459302665,2.029254842099972
16.554621848739497,307181.43012686964,1.9074178152842884
16.554621848739497,331900.87959146773,1.7928959175471821
16.554621848739497,358609.54820118286,1.6852499464980897
16.554621848739497,387467.51204561285,1.5840670695805044
16.554621848739497,418647.72882899473,1.488959240819778
16.554621848739497,452337.0744772105,1.3995617126298292
16.554621848739497,488737.4631624427,1.315531636971406
16.554621848739497,528067.0574582637,1.236546750497168
16.554621848739497,570561.5758781021,1.1623041386410538
16.554621848739497,616475.7056337161,1.0925190739120514
16.554621848739497,666084.6290809154,1.026923923937138
16.554621848739497,719685.6730011514,0.9652671250656277
16.554621848739497,777600.0906038043,0.9073122175986013
16.554621848739497,840174.9869294344,0.852836938943427
16.554621848739497,907785.3991937558,0.8016323712155379
16.554621848739497,980836.5445406671,0.753502140018438
16.554621848739497,1.0597662486760707e6,0.7082616613291783
16.554621848739497,1.1450475699382813e6,0.6657374336010415
16.554621848739497,1.2371916345321594e6,0.6257663723685771
16.554621848739497,1.336750699919709e6,0.5881951848031324
16.554621848739497,1.4443214647272818e6,0.5528797818202555
16.554621848739497,1.5605486450070748e6,0.5196847254843177
16.554621848739497,1.6861288382868804e6,0.4884827095911291
16.554621848739497,1.8218146985669748e6,0.4591540714365134
16.554621848739497,1.9684194472866112e6,0.4315863328984356
16.554621848739497,2.126821747296208e6,0.4056737690726853
16.554621848739497,2.2979709690469606e6,0.38131700280779407
16.554621848739497,2.48289288056033e6,0.35842262358419075
16.554621848739497,2.6826957952797273e6,0.3369028292759591
16.554621848739497,2.898577214651068e6,0.3166750894213155
16.554621848739497,3.131831005243845e6,0.2976618287104251
16.554621848739497,3.383855153428233e6,0.27979012947669696
16.554621848739497,3.6561601440851935e6,0.26299145205058394
16.554621848739497,3.9503780135666407e6,0.24720137190341832
16.554621848739497,4.268272131163825e6,0.23235933257320626
16.554621848739497,4.611747767708261e6,0.21840841342482603
16.554621848739497,4.982863514647306e6,0.20529511135396658
16.554621848739497,5.383843622033489e6,0.19296913559762566
16.554621848739497,5.817091329374358e6,0.18138321486424114
16.554621848739497,6.285203269240097e6,0.17049291604378347
16.554621848739497,6.790985029955707e6,0.1602564738025447
16.554621848739497,7.337467970651373e6,0.150634630409104
16.554621848739497,7.927927389450606e6,0.141590485177186
16.554621848739497,8.565902153685499e6,0.13308935294801463
16.554621848739497,9.255215909791354e6,0.1250986310694215
16.554621848739497,1.0e7,0.11758767436157035
19.831932773109244,1000.0,120.80695467174795
19.831932773109244,1080.4718223181285,113.55367141205097
19.831932773109244,1167.4193588234587,106.73587730269588
19.831932773109244,1261.3637220374437,100.32742545360914
19.831932773109244,1362.867959355774,94.30373884129075
19.831932773109244,1472.5404276241222,88.64171605358837
19.831932773109244,1591.0384392721533,83.3196426935795
19.831932773109244,1719.0722018585745,78.3171081027907
19.831932773109244,1857.4090746385718,73.61492708437709
19.831932773109244,2006.8781676649664,69.19506632606438
19.831932773109244,2168.375310987435,65.04057524067787
19.831932773109244,2342.8684237322327,61.13552095902569
19.831932773109244,2531.403315241567,57.46492722582688
19.831932773109244,2735.109953041208,54.014716964345375
19.831932773109244,2955.209235202888,50.771658289459495
19.831932773109244,3193.020307691027,47.72331376212151
19.831932773109244,3449.9684705497157,44.857992690593726
19.831932773109244,3727.593720314942,42.164706295531694
19.831932773109244,4027.5599798502976,39.63312556696838
19.831932773109244,4351.665070924416,37.253541651576576
19.831932773109244,4701.851489299852,35.016828618291285
19.831932773109244,5080.218046913023,32.9144084594945
19.831932773109244,5489.032450921557,30.938218193538653
19.831932773109244,5930.744895010559,29.080678942443484
19.831932773109244,6408.002744415996,27.33466686617703
19.831932773109244,6923.6664026787275,25.693485842050084
19.831932773109244,7480.826455225086,24.15084178444778
19.831932773109244,8082.822192522714,22.70081850641137
19.831932773109244,8733.261623828437,21.3378550304975
19.831932773109244,9436.04310147889,20.056724261899937
19.831932773109244,10195.378685327301,18.852512942042726
19.831932773109244,11015.819387358995,17.72060280576547
19.831932773109244,11902.282447787144,16.65665286983636
19.831932773109244,12860.08080610565,15.656582784867803
19.831932773109244,13894.954943731389,14.716557186787716
19.831932773109244,15013.107289081743,13.832970987852903
19.831932773109244,16221.239391291729,13.002435550793901
19.831932773109244,17526.592085367585,12.221765693068258
19.831932773109244,18936.988889503602,11.487967471381925
19.831932773109244,20460.88289466011,10.798226699631437
19.831932773109244,22107.407427431233,10.149898156232057
19.831932773109244,23886.430789846003,9.540495439440907
19.831932773109244,25808.615404180768,8.967681431769417
19.831932773109244,27885.481717262915,8.429259336914974
19.831932773109244,30129.47724726992,7.92316425483782
19.831932773109244,32554.05118685032,7.4474552626726185
19.831932773109244,35173.7350096938,7.000307971104328
19.831932773109244,38004.22956365882,6.580007527661327
19.831932773109244,41062.49917244294,6.184942040092778
19.831932773109244,44366.873309786155,5.813596394608237
19.831932773109244,47937.15645558219,5.464546445271938
19.831932773109244,51794.74679231213,5.136453552267351
19.831932773109244,55962.76445319552,4.828059448085994
19.831932773109244,60466.19009070435,4.538181411951594
19.831932773109244,65332.014595937704,4.265707733973234
19.831932773109244,70589.40086618738,4.009593451631973
19.831932773109244,76269.85859023452,3.7688563422500163
19.831932773109244,82407.43309893666,3.542573156073175
19.831932773109244,89038.90941296735,3.329876075520026
19.831932773109244,96204.0327106476,3.129949387018846
19.831932773109244,103945.74653722627,2.94202635266831
19.831932773109244,112310.45018329516,2.765386269724586
19.831932773109244,121348.27677491431,2.599351706637632
19.831932773109244,131113.3937421563,2.4432859050366527
19.831932773109244,141664.3274669022,2.2965903377010695
19.831932773109244,153064.31405563594,2.158702413151601
19.831932773109244,165381.6783395673,2.029093318058324
19.831932773109244,178690.24337358287,1.9072659891911619
19.831932773109244,193069.77288832495,1.7927532071350412
19.831932773109244,208606.44934719568,1.6851158044589043
19.831932773109244,225393.39047347888,1.5839409814667733
19.831932773109244,243531.20734334175,1.488840723071567
19.831932773109244,263128.6073895945,1.399450310720286
19.831932773109244,284303.0459302665,1.3154269236635892
19.831932773109244,307181.43012686964,1.2364483242055637
19.831932773109244,331900.87959146773,1.1622116218914558
19.831932773109244,358609.54820118286,1.0924321118939078
19.831932773109244,387467.51204561285,1.0268421831428232
19.831932773109244,418647.72882899473,0.9651902920114074
19.831932773109244,452337.0744772105,0.9072399976223895
19.831932773109244,488737.4631624427,0.8527690550747344
19.831932773109244,528067.0574582637,0.801568563113259
19.831932773109244,570561.5758781021,0.7534421629724201
19.831932773109244,616475.7056337161,0.7082052853217351
19.831932773109244,666084.6290809154,0.6656844424248126
19.831932773109244,719685.6730011514,0.625716562797351
19.831932773109244,777600.0906038043,0.5881483658124586
19.831932773109244,840174.9869294344,0.5528357738548424
19.831932773109244,907785.3991937558,0.519643359769425
19.831932773109244,980836.5445406671,0.48844382748529824
19.831932773109244,1.0597662486760707e6,0.45911752382316373
19.831932773109244,1.1450475699382813e6,0.4315519796139868
19.831932773109244,1.2371916345321594e6,0.4056414783690181
19.831932773109244,1.336750699919709e6,0.3812866508469825
19.831932773109244,1.4443214647272818e6,0.35839409396357413
19.831932773109244,1.5605486450070748e6,0.33687601258172334
19.831932773109244,1.6861288382868804e6,0.3166498828088825
19.831932773109244,1.8218146985669748e6,0.2976381355100343
19.831932773109244,1.9684194472866112e6,0.27976785882266725
19.831932773109244,2.126821747296208e6,0.26297051853283493
19.831932773109244,2.2979709690469606e6,0.24718169523991473
19.831932773109244,2.48289288056033e6,0.23234083730206867
19.831932773109244,2.6826957952797273e6,0.21839102861492712
19.831932773109244,2.898577214651068e6,0.20527877033290376
19.831932773109244,3.131831005243845e6,0.19295377569602604
19.831932773109244,3.383855153428233e6,0.1813687771754185
19.831932773109244,3.6561601440851935e6,0.17047934519782537
19.831932773109244,3.9503780135666407e6,0.1602437177539638
19.831932773109244,4.268272131163825e6,0.15062264023723815
19.831932773109244,4.611747767708261e6,0.14157921489858413
19.831932773109244,4.982863514647306e6,0.13307875934008398
19.831932773109244,5.383843622033489e6,0.12508867350466638
19.831932773109244,5.817091329374358e6,0.1175783146517809
19.831932773109244,6.285203269240097e6,0.11051887983956823
19.831932773109244,6.790985029955707e6,0.10388329546283308
19.831932773109244,7.337467970651373e6,0.09764611342318903
19.831932773109244,7.927927389450606e6,0.09178341353317569
19.831932773109244,8.565902153685499e6,0.08627271178006121
19.831932773109244,9.255215909791354e6,0.08109287409750995
19.831932773109244,1.0e7,0.07622403531442513
23.10924369747899,1000.0,83.6916786077875
23.10924369747899,1080.4718223181285,78.66680687692377
23.10924369747899,1167.4193588234587,73.94362984655658
23.10924369747899,1261.3637220374437,69.50403368270521
23.10924369747899,1362.867959355774,65.33099211103423
23.10924369747899,1472.5404276241222,61.40850111946902
23.10924369747899,1591.0384392721533,57.72151758128456
23.10924369747899,1719.0722018585745,54.25590156328104
23.10924369747899,1857.4090746385718,50.99836209779244
23.10924369747899,2006.8781676649664,47.936406210559184
23.10924369747899,2168.375310987435,45.05829100898131
23.10924369747899,2342.8684237322327,42.352978647006616
23.10924369747899,2531.403315241567,39.810093993938885
23.10924369747899,2735.109953041208,37.41988484482335
23.10924369747899,2955.209235202888,35.173184519811166
23.10924369747899,3193.020307691027,33.06137670906895
23.10924369747899,3449.9684705497157,31.07636242840929
23.10924369747899,3727.593720314942,29.21052895891474
23.10924369747899,4027.5599798502976,27.456720651435422
23.10924369747899,4351.665070924416,25.808211483992547
23.10924369747899,4701.851489299852,24.258679266843302
23.10924369747899,5080.218046913023,22.802181396280695
23.10924369747899,5489.032450921557,21.433132064182146
23.10924369747899,5930.744895010559,20.14628083590297
23.10924369747899,6408.002744415996,18.93669251435924
23.10924369747899,6923.6664026787275,17.799728213076733
23.10924369747899,7480.826455225086,16.731027565619247
23.10924369747899,8082.822192522714,15.726492003167774
23.10924369747899,8733.261623828437,14.78226903611857
23.10924369747899,9436.04310147889,13.894737479418465
23.10924369747899,10195.378685327301,13.060493564975031
23.10924369747899,11015.819387358995,12.276337887881654
23.10924369747899,11902.282447787144,11.53926313639486
23.10924369747899,12860.08080610565,10.846442558607176
23.10924369747899,13894.954943731389,10.195219121584223
23.10924369747899,15013.107289081743,9.583095321390267
23.10924369747899,16221.239391291729,9.00772360492256
23.10924369747899,17526.592085367585,8.46689736682154
23.10924369747899,18936.988889503602,7.958542486929014
23.10924369747899,20460.88289466011,7.480709375839682
23.10924369747899,22107.407427431233,7.0315654980400275
23.10924369747899,23886.430789846003,6.609388343959966
23.10924369747899,25808.615404180768,6.212558823984555
23.10924369747899,27885.481717262915,5.839555059090977
23.10924369747899,30129.47724726992,5.488946544297511
23.10924369747899,32554.05118685032,5.1593886625406
23.10924369747899,35173.7350096938,4.8496175279402856
23.10924369747899,38004.22956365882,4.558445138677431
23.10924369747899,41062.49917244294,4.284754820893531
23.10924369747899,44366.873309786155,4.027496946140055
23.10924369747899,47937.15645558219,3.7856849059533473
23.10924369747899,51794.74679231213,3.5583913281171347
23.10924369747899,55962.76445319552,3.344744520101713
23.10924369747899,60466.19009070435,3.143925126040037
23.10924369747899,65332.014595937704,2.9551629844198923
23.10924369747899,70589.40086618738,2.7777341744411106
23.10924369747899,76269.85859023452,2.6109582397103095
23.10924369747899,82407.43309893666,2.4541955786258027
23.10924369747899,89038.90941296735,2.306844991444486
23.10924369747899,96204.0327106476,2.16834137462355
23.10924369747899,103945.74653722627,2.0381535535945394
23.10924369747899,112310.45018329516,1.9157822456582723
23.10924369747899,121348.27677491431,1.8007581451881076
23.10924369747899,131113.3937421563,1.6926401237981488
23.10924369747899,141664.3274669022,1.5910135385738475
23.10924369747899,153064.31405563594,1.495488641876922
23.10924369747899,165381.6783395673,1.405699086626014
23.10924369747899,178690.24337358287,1.321300521320732
23.10924369747899,193069.77288832495,1.24196926942083
23.10924369747899,208606.44934719568,1.167401088015833
23.10924369747899,225393.39047347888,1.0973100010244854
23.10924369747899,243531.20734334175,1.0314272024492273
23.10924369747899,263128.6073895945,0.9695000254795839
23.10924369747899,284303.0459302665,0.9112909734908627
23.10924369747899,307181.43012686964,0.8565768092219741
23.10924369747899,331900.87959146773,0.8051476986392592
23.10924369747899,358609.54820118286,0.756806406202977
23.10924369747899,387467.51204561285,0.7113675384502149
23.10924369747899,418647.72882899473,0.6686568329932927
23.10924369747899,452337.0744772105,0.6285104902068991
23.10924369747899,488737.4631624427,0.5907745450409231
23.10924369747899,528067.0574582637,0.555304276549812
23.10924369747899,570561.5758781021,0.5219636528739563
23.10924369747899,616475.7056337161,0.4906248095445475
23.10924369747899,666084.6290809154,0.46116755911115254
23.10924369747899,719685.6730011514,0.4334789302113919
23.10924369747899,777600.0906038043,0.40745273431499796
23.10924369747899,840174.9869294344,0.38298915848068465
23.10924369747899,907785.3991937558,0.3599943825640048
23.10924369747899,980836.5445406671,0.3383802194081556
23.10924369747899,1.0597662486760707e6,0.31806377663783114
23.10924369747899,1.1450475699382813e6,0.2989671387590625
23.10924369747899,1.2371916345321594e6,0.2810170683458754
23.10924369747899,1.336750699919709e6,0.2641447251677803
23.10924369747899,1.4443214647272818e6,0.24828540218093273
23.10924369747899,1.5605486450070748e6,0.23337827737044986
23.10924369747899,1.6861288382868804e6,0.21936618049219078
23.10924369747899,1.8218146985669748e6,0.206195373819421
23.10924369747899,1.9684194472866112e6,0.19381534605351014
23.10924369747899,2.126821747296208e6,0.1821786186082892
23.10924369747899,2.2979709690469606e6,0.17124056352514716
23.10924369747899,2.48289288056033e6,0.16095923232055787
23.10924369747899,2.6826957952797273e6,0.15129519510964884
23.10924369747899,2.898577214651068e6,0.1422113893888344
23.10924369747899,3.131831005243845e6,0.1336729778975835
23.10924369747899,3.383855153428233e6,0.12564721501420598
23.10924369747899,3.6561601440851935e6,0.11810332117327291
23.10924369747899,3.9503780135666407e6,0.11101236482305009
23.10924369747899,4.268272131163825e6,0.1043471514702403
23.10924369747899,4.611747767708261e6,0.09808211938651082
23.10924369747899,4.982863514647306e6,0.0921932415768283
23.10924369747899,5.383843622033489e6,0.08665793363364423
23.10924369747899,5.817091329374358e6,0.08145496712353953
23.10924369747899,6.285203269240097e6,0.07656438817415971
23.10924369747899,6.790985029955707e6,0.07196744094921285
23.10924369747899,7.337467970651373e6,0.06764649571805036
23.10924369747899,7.927927389450606e6,0.06358498124396973
23.10924369747899,8.565902153685499e6,0.05976732123194323
23.10924369747899,9.255215909791354e6,0.056178874592041586
23.10924369747899,1.0e7,0.05280587928945937
26.386554621848738,1000.0,60.87648780978102
26.386554621848738,1080.4718223181285,57.22144649912466
26.386554621848738,1167.4193588234587,53.78585488839751
26.386554621848738,1261.3637220374437,50.55653715639662
26.386554621848738,1362.867959355774,47.521108561899545
26.386554621848738,1472.5404276241222,44.66792794700176
26.386554621848738,1591.0384392721533,41.986053092166856
26.386554621848738,1719.0722018585745,39.465198751771986
26.386554621848738,1857.4090746385718,37.09569720921068
26.386554621848738,2006.8781676649664,34.868461200278496
26.386554621848738,2168.375310987435,32.77494906264888
26.386554621848738,2342.8684237322327,30.80713197778426
26.386554621848738,2531.403315241567,28.957463179651782
26.386554621848738,2735.109953041208,27.21884901215653
26.386554621848738,2955.209235202888,25.584621724294372
26.386554621848738,3193.020307691027,24.04851389869167
26.386554621848738,3449.9684705497157,22.604634415462197
26.386554621848738,3727.593720314942,21.247445859201147
26.386554621848738,4027.5599798502976,19.97174328246943
26.386554621848738,4351.665070924416,18.772634244324156
26.386554621848738,4701.851489299852,17.64552004734147
26.386554621848738,5080.218046913023,16.586078101173765
26.386554621848738,5489.032450921557,15.590245345003778
26.386554621848738,5930.744895010559,14.65420266531914
26.386554621848738,6408.002744415996,13.774360249248172
26.386554621848738,6923.6664026787275,12.947343817285482
26.386554621848738,7480.826455225086,12.16998168260848
26.386554621848738,8082.822192522714,11.439292587356206
26.386554621848738,8733.261623828437,10.752474269221317
26.386554621848738,9436.04310147889,10.1068927145072
26.386554621848738,10195.378685327301,9.50007205643434
26.386554621848738,11015.819387358995,8.929685079955377
26.386554621848738,11902.282447787144,8.393544296663592
26.386554621848738,12860.08080610565,7.889593555566461
26.386554621848738,13894.954943731389,7.415900157550633
26.386554621848738,15013.107289081743,6.970647443296714
26.386554621848738,16221.239391291729,6.552127826217604
26.386554621848738,17526.592085367585,6.158736243701264
26.386554621848738,18936.988889503602,5.788964001542642
26.386554621848738,20460.88289466011,5.441392987957634
26.386554621848738,22107.407427431233,5.114690234989264
26.386554621848738,23886.430789846003,4.807602806448529
26.386554621848738,25808.615404180768,4.51895299278478
26.386554621848738,27885.481717262915,4.247633794457298
26.386554621848738,30129.47724726992,3.9926046764866134
26.386554621848738,32554.05118685032,3.7528875779037074
26.386554621848738,35173.7350096938,3.5275631607929805
26.386554621848738,38004.22956365882,3.3157672845437554
26.386554621848738,41062.49917244294,3.1166876917886825
26.386554621848738,44366.873309786155,2.929560893319342
26.386554621848738,47937.15645558219,2.7536692400323872
26.386554621848738,51794.74679231213,2.5883381706768223
26.386554621848738,55962.76445319552,2.432933624847349
26.386554621848738,60466.19009070435,2.2868596113022837
26.386554621848738,65332.014595937704,2.1495559222803546
26.386554621848738,70589.40086618738,2.0204959850505593
26.386554621848738,76269.85859023452,1.8991848424555566
26.386554621848738,82407.43309893666,1.7851572547038177
26.386554621848738,89038.90941296735,1.677975915130676
26.386554621848738,96204.0327106476,1.5772297730856082
26.386554621848738,103945.74653722627,1.4825324575138183
26.386554621848738,112310.45018329516,1.3935207951864246
26.386554621848738,121348.27677491431,1.3098534178965222
26.386554621848738,131113.3937421563,1.2312094532795785
26.386554621848738,141664.3274669022,1.157287294237339
26.386554621848738,153064.31405563594,1.0878034422458713
26.386554621848738,165381.6783395673,1.0224914201117028
26.386554621848738,178690.24337358287,0.9611007500063964
26.386554621848738,193069.77288832495,0.9033959928602101
26.386554621848738,208606.44934719568,0.849155845430828
26.386554621848738,225393.39047347888,0.7981722915843407
26.386554621848738,243531.20734334175,0.7502498045335461
26.386554621848738,263128.6073895945,0.7052045969740945
26.386554621848738,284303.0459302665,0.6628639162426592
26.386554621848738,307181.43012686964,0.6230653817940093
26.386554621848738,331900.87959146773,0.5856563624561509
26.386554621848738,358609.54820118286,0.5504933910752356
26.386554621848738,387467.51204561285,0.5174416143053543
26.386554621848738,418647.72882899473,0.4863742754331053
26.386554621848738,452337.0744772105,0.45717222825352144
26.386554621848738,488737.4631624427,0.42972348013302025
26.386554621848738,528067.0574582637,0.40392276250698045
26.386554621848738,570561.5758781021,0.379671127164768
26.386554621848738,616475.7056337161,0.35687556677391824
26.386554621848738,666084.6290809154,0.33544865818815384
26.386554621848738,719685.6730011514,0.31530822717128837
26.386554621848738,777600.0906038043,0.2963770332511992
26.386554621848738,840174.9869294344,0.2785824734952591
26.386554621848738,907785.3991937558,0.26185630407116817
26.386554621848738,980836.5445406671,0.24613437852535608
26.386554621848738,1.0597662486760707e6,0.23135640177521966
26.386554621848738,1.1450475699382813e6,0.21746569887173545
26.386554621848738,1.2371916345321594e6,0.2044089976456303
26.386554621848738,1.336750699919709e6,0.19213622440353437
26.386554621848738,1.4443214647272818e6,0.18060031189059816
26.386554621848738,1.5605486450070748e6,0.16975701878308253
26.386554621848738,1.6861288382868804e6,0.15956476001866773
26.386554621848738,1.8218146985669748e6,0.1499844473137765
26.386554621848738,1.9684194472866112e6,0.14097933925628212
26.386554621848738,2.126821747296208e6,0.13251490039869152
26.386554621848738,2.2979709690469606e6,0.12455866881141342
26.386554621848738,2.48289288056033e6,0.11708013158816469
26.386554621848738,2.6826957952797273e6,0.11005060782606836
26.386554621848738,2.898577214651068e6,0.10344313863165645
26.386554621848738,3.131831005243845e6,0.09723238373094566
26.386554621848738,3.383855153428233e6,0.09139452428707183
26.386554621848738,3.6561601440851935e6,0.08590717155278085
26.386554621848738,3.9503780135666407e6,0.08074928100744937
26.386554621848738,4.268272131163825e6,0.07590107164934294
26.386554621848738,4.611747767708261e6,0.07134395013358978
26.386554621848738,4.982863514647306e6,0.06706043946493088
26.386554621848738,5.383843622033489e6,0.06303411197177824
26.386554621848738,5.817091329374358e6,0.05924952630452872
26.386554621848738,6.285203269240097e6,0.05569216821651698
26.386554621848738,6.790985029955707e6,0.05234839490049646
26.386554621848738,7.337467970651373e6,0.049205382667173676
26.386554621848738,7.927927389450606e6,0.04625107776513754
26.386554621848738,8.565902153685499e6,0.04347415015357457
26.386554621848738,9.255215909791354e6,0.040863950050482184
26.386554621848738,1.0e7,0.03841046708974027
29.66386554621849,1000.0,45.96438470446362
29.66386554621849,1080.4718223181285,43.20467022424154
29.66386554621849,1167.4193588234587,40.6106497712824
29.66386554621849,1261.3637220374437,38.17237502996617
29.66386554621849,1362.867959355774,35.880494984317785
29.66386554621849,1472.5404276241222,33.72622005597
29.66386554621849,1591.0384392721533,31.701288395292746
29.66386554621849,1719.0722018585745,29.797934196412545
29.66386554621849,1857.4090746385718,28.00885791460693
29.66386554621849,2006.8781676649664,26.327198271854936
29.66386554621849,2168.375310987435,24.746505943182004
29.66386554621849,2342.8684237322327,23.260718822884286
29.66386554621849,2531.403315241567,21.864138775775466
29.66386554621849,2735.109953041208,20.551409784295384
29.66386554621849,2955.209235202888,19.31749740767238
29.66386554621849,3193.020307691027,18.157669474363203
29.66386554621849,3449.9684705497157,17.067477933724124
29.66386554621849,3727.593720314942,16.042741797312928
29.66386554621849,4027.5599798502976,15.079531104399864
29.66386554621849,4351.665070924416,14.174151850193725
29.66386554621849,4701.851489299852,13.323131818981434
29.66386554621849,5080.218046913023,12.52320726784999
29.66386554621849,5489.032450921557,11.771310409921378
29.66386554621849,5930.744895010559,11.064557649097525
29.66386554621849,6408.002744415996,10.400238521194543
29.66386554621849,6923.6664026787275,9.775805299054248
29.66386554621849,7480.826455225086,9.188863221767788
29.66386554621849,8082.822192522714,8.637161310539328
29.66386554621849,8733.261623828437,8.118583735967881
29.66386554621849,9436.04310147889,7.631141703639959
29.66386554621849,10195.378685327301,7.17296582691346
29.66386554621849,11015.819387358995,6.742298957641761
29.66386554621849,11902.282447787144,6.337489447343163
29.66386554621849,12860.08080610565,5.956984812971562
29.66386554621849,13894.954943731389,5.599325782996021
29.66386554621849,15013.107289081743,5.263140700955438
29.66386554621849,16221.239391291729,4.947140265025259
29.66386554621849,17526.592085367585,4.650112583422157
29.66386554621849,18936.988889503602,4.370918526683551
29.66386554621849,20460.88289466011,4.108487358997579
29.66386554621849,22107.407427431233,3.8618126318292214
29.66386554621849,23886.430789846003,3.62994832409426
29.66386554621849,25808.615404180768,3.4120052140782997
29.66386554621849,27885.481717262915,3.207147469186726
29.66386554621849,30129.47724726992,3.01458944044708
29.66386554621849,32554.05118685032,2.833592649470382
29.66386554621849,35173.7350096938,2.663462956316131
29.66386554621849,38004.22956365882,2.5035478973995056
29.66386554621849,41062.49917244294,2.353234183231326
29.66386554621849,44366.873309786155,2.211945346394431
29.66386554621849,47937.15645558219,2.0791395307362093
29.66386554621849,51794.74679231213,1.9543074132986045
29.66386554621849,55962.76445319552,1.8369702510160475
29.66386554621849,60466.19009070435,1.7266780446901806
29.66386554621849,65332.014595937704,1.623007813200052
29.66386554621849,70589.40086618738,1.5255619713292095
29.66386554621849,76269.85859023452,1.4339668049885046
29.66386554621849,82407.43309893666,1.3478710379869665
29.66386554621849,89038.90941296735,1.2669444848541143
29.66386554621849,96204.0327106476,1.1908767845472321
29.66386554621849,103945.74653722627,1.1193762101871847
29.66386554621849,112310.45018329516,1.0521685502580456
29.66386554621849,121348.27677491431,0.9889960569798005
29.66386554621849,131113.3937421563,0.9296164578210492
29.66386554621849,141664.3274669022,0.8738020263607613
29.66386554621849,153064.31405563594,0.821338708935759
29.66386554621849,165381.6783395673,0.7720253037245105
29.66386554621849,178690.24337358287,0.7256726891189793
29.66386554621849,193069.77288832495,0.6821030984252334
29.66386554621849,208606.44934719568,0.6411494381112365
29.66386554621849,225393.39047347888,0.6026546469872295
29.66386554621849,243531.20734334175,0.5664710938610995
29.66386554621849,263128.6073895945,0.5324600113586961
29.66386554621849,284303.0459302665,0.5004909637377212
29.66386554621849,307181.43012686964,0.4704413466542327
29.66386554621849,331900.87959146773,0.4421959169633008
29.66386554621849,358609.54820118286,0.41564635075056755
29.66386554621849,387467.51204561285,0.39069082789971066
29.66386554621849,418647.72882899473,0.36723364160259736
29.66386554621849,452337.0744772105,0.3451848313145532
29.66386554621849,488737.4631624427,0.3244598377471036
29.66386554621849,528067.0574582637,0.30497917857504164
29.66386554621849,570561.5758781021,0.2866681436141397
29.66386554621849,616475.7056337161,0.2694565083004725
29.66386554621849,666084.6290809154,0.25327826437252376
29.66386554621849,719685.6730011514,0.23807136672321183
29.66386554621849,777600.0906038043,0.22377749545099349
29.66386554621849,840174.9869294344,0.21034183219748384
29.66386554621849,907785.3991937558,0.19771284991382737
29.66386554621849,980836.5445406671,0.18584211524955638
29.66386554621849,1.0597662486760707e6,0.17468410280607652
29.66386554621849,1.1450475699382813e6,0.16419602054242508
29.66386554621849,1.2371916345321594e6,0.15433764566371672
29.66386554621849,1.336750699919709e6,0.14507117036289116
29.66386554621849,1.4443214647272818e6,0.13636105682417213
29.66386554621849,1.5605486450070748e6,0.12817390093215583
29.66386554621849,1.6861288382868804e6,0.12047830416384596
29.66386554621849,1.8218146985669748e6,0.11324475317232623
29.66386554621849,1.9684194472866112e6,0.10644550660026243
29.66386554621849,2.126821747296208e6,0.1000544886891537
29.66386554621849,2.2979709690469606e6,0.09404718927631374
29.66386554621849,2.48289288056033e6,0.08840056979606141
29.66386554621849,2.6826957952797273e6,0.08309297492462647
29.66386554621849,2.898577214651068e6,0.07810404952991855
29.66386554621849,3.131831005243845e6,0.07341466060765657
29.66386554621849,3.383855153428233e6,0.06900682390447396
29.66386554621849,3.6561601440851935e6,0.06486363494659331
29.66386554621849,3.9503780135666407e6,0.060969204209558564
29.66386554621849,4.268272131163825e6,0.05730859618039461
29.66386554621849,4.611747767708261e6,0.05386777207849216
29.66386554621849,4.982863514647306e6,0.05063353601554575
29.66386554621849,5.383843622033489e6,0.04759348438806517
29.66386554621849,5.817091329374358e6,0.0447359583083739
29.66386554621849,6.285203269240097e6,0.04204999889166398
29.66386554621849,6.790985029955707e6,0.039525305227628524
29.66386554621849,7.337467970651373e6,0.03715219487548905
29.66386554621849,7.927927389450606e6,0.03492156673091245
29.66386554621849,8.565902153685499e6,0.03282486612240888
29.66386554621849,9.255215909791354e6,0.030854052003351035
29.66386554621849,1.0e7,0.02900156611379438
32.94117647058823,1000.0,35.74326186925375
32.94117647058823,1080.4718223181285,33.59722645541799
32.94117647058823,1167.4193588234587,31.580039606502893
32.94117647058823,1261.3637220374437,29.683965218726083
32.94117647058823,1362.867959355774,27.9017316661344
32.94117647058823,1472.5404276241222,26.226503913225432
32.94117647058823,1591.0384392721533,24.65185730193506
32.94117647058823,1719.0722018585745,23.171752912461702
32.94117647058823,1857.4090746385718,21.780514403433237
32.94117647058823,2006.8781676649664,20.472806242597063
32.94117647058823,2168.375310987435,19.24361324454545
32.94117647058823,2342.8684237322327,18.088221337001688
32.94117647058823,2531.403315241567,17.002199481903556
32.94117647058823,2735.109953041208,15.981382681950244
32.94117647058823,2955.209235202888,15.02185600744075
32.94117647058823,3193.020307691027,14.1199395821455
32.94117647058823,3449.9684705497157,13.272174470630285
32.94117647058823,3727.593720314942,12.475309412909281
32.94117647058823,4027.5599798502976,11.726288355553246
32.94117647058823,4351.665070924416,11.022238731433353
32.94117647058823,4701.851489299852,10.360460443152526
32.94117647058823,5080.218046913023,9.738415507914661
32.94117647058823,5489.032450921557,9.153718324118753
32.94117647058823,5930.744895010559,8.604126522349423
32.94117647058823,6408.002744415996,8.087532365676534
32.94117647058823,6923.6664026787275,7.6019546662832225
32.94117647058823,7480.826455225086,7.145531187421849
32.94117647058823,8082.822192522714,6.716511501558601
32.94117647058823,8733.261623828437,6.313250277317091
32.94117647058823,9436.04310147889,5.9342009694757945
32.94117647058823,10195.378685327301,5.577909887819698
32.94117647058823,11015.819387358995,5.243010622099837
32.94117647058823,11902.282447787144,4.928218801719784
32.94117647058823,12860.08080610565,4.632327170052015
32.94117647058823,13894.954943731389,4.354200954493697
32.94117647058823,15013.107289081743,4.092773514505663
32.94117647058823,16221.239391291729,3.8470422509442512
32.94117647058823,17526.592085367585,3.6160647609980834
32.94117647058823,18936.988889503602,3.39895522398348
32.94117647058823,20460.88289466011,3.1948810041377214
32.94117647058823,22107.407427431233,3.003059457381562
32.94117647058823,23886.430789846003,2.8227549298046006
32.94117647058823,25808.615404180768,2.6532759363624563
32.94117647058823,27885.481717262915,2.4939725089656952
32.94117647058823,30129.47724726992,2.344233703790304
32.94117647058823,32554.05118685032,2.203485258249892
32.94117647058823,35173.7350096938,2.0711873886439567
32.94117647058823,38004.22956365882,1.946832720035959
32.94117647058823,41062.49917244294,1.8299443404220874
32.94117647058823,44366.873309786155,1.7200739717282798
32.94117647058823,47937.15645558219,1.6168002506211057
32.94117647058823,51794.74679231213,1.5197271125392096
32.94117647058823,55962.76445319552,1.428482272747994
32.94117647058823,60466.19009070435,1.342715798592182
32.94117647058823,65332.014595937704,1.2620987674707371
32.94117647058823,70589.40086618738,1.1863220053873493
32.94117647058823,76269.85859023452,1.1150949012386953
32.94117647058823,82407.43309893666,1.0481442922931696
32.94117647058823,89038.90941296735,0.9852134165857719
32.94117647058823,96204.0327106476,0.9260609282115116
32.94117647058823,103945.74653722627,0.870459971740859
32.94117647058823,112310.45018329516,0.8181973122075598
32.94117647058823,121348.27677491431,0.7690725173322199
32.94117647058823,131113.3937421563,0.7228971888454124
32.94117647058823,141664.3274669022,0.6794942399623648
32.94117647058823,153064.31405563594,0.6386972162382655
32.94117647058823,165381.6783395673,0.6003496571996014
32.94117647058823,178690.24337358287,0.5643044963033387
32.94117647058823,193069.77288832495,0.5304234969227136
32.94117647058823,208606.44934719568,0.49857672219659616
32.94117647058823,225393.39047347888,0.4686420367092476
32.94117647058823,243531.20734334175,0.44050463808936074
32.94117647058823,263128.6073895945,0.41405661673203054
32.94117647058823,284303.0459302665,0.3891965419551308
32.94117647058823,307181.43012686964,0.3658290730029874
32.94117647058823,331900.87959146773,0.343864593405493
32.94117647058823,358609.54820118286,0.32321886729040666
32.94117647058823,387467.51204561285,0.30381271633075513
32.94117647058823,418647.72882899473,0.2855717160884052
32.94117647058823,452337.0744772105,0.2684259105892503
32.94117647058823,488737.4631624427,0.2523095440353863
32.94117647058823,528067.0574582637,0.23716080862535766
32.94117647058823,570561.5758781021,0.22292160751535084
32.94117647058823,616475.7056337161,0.20953733201226216
32.94117647058823,666084.6290809154,0.1969566521441558
32.94117647058823,719685.6730011514,0.1851313198049303
32.94117647058823,777600.0906038043,0.17401598371823432
32.94117647058823,840174.9869294344,0.16356801551100036
32.94117647058823,907785.3991937558,0.15374734622957165
32.94117647058823,980836.5445406671,0.14451631267144674
32.94117647058823,1.0597662486760707e6,0.13583951294330932
32.94117647058823,1.1450475699382813e6,0.12768367069139372
32.94117647058823,1.2371916345321594e6,0.1200175074834975
32.94117647058823,1.336750699919709e6,0.11281162285321301
32.94117647058823,1.4443214647272818e6,0.106038381546338
32.94117647058823,1.5605486450070748e6,0.09967180753704152
32.94117647058823,1.6861288382868804e6,0.09368748440732992
32.94117647058823,1.8218146985669748e6,0.08806246170775747
32.94117647058823,1.9684194472866112e6,0.08277516694026542
32.94117647058823,2.126821747296208e6,0.07780532282559666
32.94117647058823,2.2979709690469606e6,0.07313386953799715
32.94117647058823,2.48289288056033e6,0.06874289160896838
32.94117647058823,2.6826957952797273e6,0.06461554921973837
32.94117647058823,2.898577214651068e6,0.06073601361895183
32.94117647058823,3.131831005243845e6,0.057089406417900564
32.94117647058823,3.383855153428233e6,0.05366174253048505
32.94117647058823,3.6561601440851935e6,0.05043987653907654
32.94117647058823,3.9503780135666407e6,0.04741145228058788
32.94117647058823,4.268272131163825e6,0.04456485545941048
32.94117647058823,4.611747767708261e6,0.041889169105484465
32.94117647058823,4.982863514647306e6,0.03937413170667749
32.94117647058823,5.383843622033489e6,0.0370100978549084
32.94117647058823,5.817091329374358e6,0.034788001255087964
32.94117647058823,6.285203269240097e6,0.03269931995501331
32.94117647058823,6.790985029955707e6,0.030736043662869177
32.94117647058823,7.337467970651373e6,0.02889064302699553
32.94117647058823,7.927927389450606e6,0.027156040760106352
32.94117647058823,8.565902153685499e6,0.025525584497218774
32.94117647058823,9.255215909791354e6,0.023993021283199148
32.94117647058823,1.0e7,0.022552473592084482
36.21848739495798,1000.0,28.466580108648195
36.21848739495798,1080.4718223181285,26.757438697676363
36.21848739495798,1167.4193588234587,25.15091461381405
36.21848739495798,1261.3637220374437,23.640846684114734
36.21848739495798,1362.867959355774,22.221443654174355
36.21848739495798,1472.5404276241222,20.88726197811878
36.21848739495798,1591.0384392721533,19.633184942086807
36.21848739495798,1719.0722018585745,18.454403041144843
36.21848739495798,1857.4090746385718,17.34639553437719
36.21848739495798,2006.8781676649664,16.304913107413867
36.21848739495798,2168.375310987435,15.325961575905083
36.21848739495798,2342.8684237322327,14.405786567443691
36.21848739495798,2531.403315241567,13.540859123189176
36.21848739495798,2735.109953041208,12.727862163974281
36.21848739495798,2955.209235202888,11.963677768990305
36.21848739495798,3193.020307691027,11.245375218263732
36.21848739495798,3449.9684705497157,10.5701997530658
36.21848739495798,3727.593720314942,9.935562011150303
36.21848739495798,4027.5599798502976,9.33902809630268
36.21848739495798,4351.665070924416,8.778310244116033
36.21848739495798,4701.851489299852,8.251258048196695
36.21848739495798,5080.218046913023,7.755850213150737
36.21848739495798,5489.032450921557,7.290186802723598
36.21848739495798,5930.744895010559,6.852481953363425
36.21848739495798,6408.002744415996,6.441057025264231
36.21848739495798,6923.6664026787275,6.054334164622263
36.21848739495798,7480.826455225086,5.690830252416325
36.21848739495798,8082.822192522714,5.34915121650498
36.21848739495798,8733.261623828437,5.02798668522707
36.21848739495798,9436.04310147889,4.726104962001534
36.21848739495798,10195.378685327301,4.442348301653626
36.21848739495798,11015.819387358995,4.175628470351868
36.21848739495798,11902.282447787144,3.9249225721276177
36.21848739495798,12860.08080610565,3.6892691259715282
36.21848739495798,13894.954943731389,3.4677643784622787
36.21848739495798,15013.107289081743,3.259558837786101
36.21848739495798,16221.239391291729,3.0638540158546843
36.21848739495798,17526.592085367585,2.8798993660273
36.21848739495798,18936.988889503602,2.706989404692908
36.21848739495798,20460.88289466011,2.54446100567328
36.21848739495798,22107.407427431233,2.3916908570709183
36.21848739495798,23886.430789846003,2.2480930708085345
36.21848739495798,25808.615404180768,2.1131169356924517
36.21848739495798,27885.481717262915,1.9862448053826853
36.21848739495798,30129.47724726992,1.8669901131699078
36.21848739495798,32554.05118685032,1.7548955059457598
36.21848739495798,35173.7350096938,1.6495310902100944
36.21848739495798,38004.22956365882,1.5504927833884374
36.21848739495798,41062.49917244294,1.4574007641368147
36.21848739495798,44366.873309786155,1.3698980156906986
36.21848739495798,47937.15645558219,1.2876489566717055
36.21848739495798,51794.74679231213,1.2103381541010214
36.21848739495798,55962.76445319552,1.1376691136838768
36.21848739495798,60466.19009070435,1.0693631427256718
36.21848739495798,65332.014595937704,1.005158281318939
36.21848739495798,70589.40086618738,0.9448082977021317
36.21848739495798,76269.85859023452,0.8880817439373551
36.21848739495798,82407.43309893666,0.8347610682854782
36.21848739495798,89038.90941296735,0.7846417808744717
36.21848739495798,96204.0327106476,0.7375316694612704
36.21848739495798,103945.74653722627,0.6932500622795041
36.21848739495798,112310.45018329516,0.6516271351460572
36.21848739495798,121348.27677491431,0.6125032601691435
36.21848739495798,131113.3937421563,0.57572839356013
36.21848739495798,141664.3274669022,0.5411615002013108
36.21848739495798,153064.31405563594,0.5086700127627932
36.21848739495798,165381.6783395673,0.4781293232941511
36.21848739495798,178690.24337358287,0.44942230534106353
36.21848739495798,193069.77288832495,0.42243886475420256
36.21848739495798,208606.44934719568,0.39707551746767733
36.21848739495798,225393.39047347888,0.37323499262778304
36.21848739495798,243531.20734334175,0.35082585955000506
36.21848739495798,263128.6073895945,0.32976217707363553
36.21848739495798,284303.0459302665,0.3099631639692288
36.21848739495798,307181.43012686964,0.2913528891348904
36.21848739495798,331900.87959146773,0.2738599803932659
36.21848739495798,358609.54820118286,0.25741735077244043
36.21848739495798,387467.51204561285,0.24196194122100734
36.21848739495798,418647.72882899473,0.22743447877059805
36.21848739495798,452337.0744772105,0.2137792492183999
36.21848739495798,488737.4631624427,0.20094388345788028
36.21848739495798,528067.0574582637,0.18887915663827118
36.21848739495798,570561.5758781021,0.17753879938257716
36.21848739495798,616475.7056337161,0.16687932034010536
36.21848739495798,666084.6290809154,0.15685983939299106
36.21848739495798,719685.6730011514,0.14744193087705018
36.21848739495798,777600.0906038043,0.1385894762156959
36.21848739495798,840174.9869294344,0.13026852540175604
36.21848739495798,907785.3991937558,0.12244716679595939
36.21848739495798,980836.5445406671,0.11509540474275907
36.21848739495798,1.0597662486760707e6,0.10818504453413504
36.21848739495798,1.1450475699382813e6,0.10168958428020207
36.21848739495798,1.2371916345321594e6,0.09558411327193718
36.21848739495798,1.336750699919709e6,0.0898452164462359
36.21848739495798,1.4443214647272818e6,0.0844508845869151
36.21848739495798,1.5605486450070748e6,0.07938042991727083
36.21848739495798,1.6861288382868804e6,0.07461440676048367
36.21848739495798,1.8218146985669748e6,0.07013453696359524
36.21848739495798,1.9684194472866112e6,0.06592363979904971
36.21848739495798,2.126821747296208e6,0.06196556607496667
36.21848739495798,2.2979709690469606e6,0.05824513620145118
36.21848739495798,2.48289288056033e6,0.054748081975420235
36.21848739495798,2.6826957952797273e6,0.051460991860684493
36.21848739495798,2.898577214651068e6,0.04837125955342856
36.21848739495798,3.131831005243845e6,0.04546703563583496
36.21848739495798,3.383855153428233e6,0.0427371821324375
36.21848739495798,3.6561601440851935e6,0.04017122979492427
36.21848739495798,3.9503780135666407e6,0.03775933795157242
36.21848739495798,4.268272131163825e6,0.035492256767334654
36.21848739495798,4.611747767708261e6,0.03336129176984036
36.21848739495798,4.982863514647306e6,0.031358270505265455
36.21848739495798,5.383843622033489e6,0.029475511196193308
36.21848739495798,5.817091329374358e6,0.02770579328126636
36.21848739495798,6.285203269240097e6,0.026042329723645286
36.21848739495798,6.790985029955707e6,0.024478740982075926
36.21848739495798,7.337467970651373e6,0.02300903054474074
36.21848739495798,7.927927389450606e6,0.02162756193206444
36.21848739495798,8.565902153685499e6,0.02032903708027801
36.21848739495798,9.255215909791354e6,0.019108476022838966
36.21848739495798,1.0e7,0.017961197791785344
39.49579831932773,1000.0,23.123090809501395
39.49579831932773,1080.4718223181285,21.73477398670981
39.49579831932773,1167.4193588234587,20.429812093253783
39.49579831932773,1261.3637220374437,19.203200475922724
39.49579831932773,1362.867959355774,18.050234962280925
39.49579831932773,1472.5404276241222,16.966493819717982
39.49579831932773,1591.0384392721533,15.947820797682994
39.49579831932773,1719.0722018585745,14.990309188067586
39.49579831932773,1857.4090746385718,14.090286842608043
39.49579831932773,2006.8781676649664,13.244302089846798
39.49579831932773,2168.375310987435,12.449110497643526
39.49579831932773,2342.8684237322327,11.701662430468698
39.49579831932773,2531.403315241567,10.999091353760702
39.49579831932773,2735.109953041208,10.338702840492711
39.49579831932773,2955.209235202888,9.717964237788195
39.49579831932773,3193.020307691027,9.134494953955926
39.49579831932773,3449.9684705497157,8.586057328693865
39.49579831932773,3727.593720314942,8.070548051448768
39.49579831932773,4027.5599798502976,7.585990095019764
39.49579831932773,4351.665070924416,7.13052513347065
39.49579831932773,4701.851489299852,6.702406415272826
39.49579831932773,5080.218046913023,6.2999920643467755
39.49579831932773,5489.032450921557,5.921738783310826
39.49579831932773,5930.744895010559,5.566195934788616
39.49579831932773,6408.002744415996,5.231999978076554
39.49579831932773,6923.6664026787275,4.917869239835268
39.49579831932773,7480.826455225086,4.622598998750234
39.49579831932773,8082.822192522714,4.345056865310726
39.49579831932773,8733.261623828437,4.084178438988137
39.49579831932773,9436.04310147889,3.838963226158543
39.49579831932773,10195.378685327301,3.6084708031142947
39.49579831932773,11015.819387358995,3.391817209449499
39.49579831932773,11902.282447787144,3.1881715579876344
39.49579831932773,12860.08080610565,2.9967528482500443
39.49579831932773,13894.954943731389,2.8168269712446783
39.49579831932773,15013.107289081743,2.6477038940881767
39.49579831932773,16221.239391291729,2.488735013663984
39.49579831932773,17526.592085367585,2.339310669167597
39.49579831932773,18936.988889503602,2.198857803999298
39.49579831932773,20460.88289466011,2.066837768037478
39.49579831932773,22107.407427431233,1.9427442518640958
39.49579831932773,23886.430789846003,1.8261013450198094
39.49579831932773,25808.615404180768,1.7164617108420281
39.49579831932773,27885.481717262915,1.6134048708861675
39.49579831932773,30129.47724726992,1.5165355923507573
39.49579831932773,32554.05118685032,1.4254823723219876
39.49579831932773,35173.7350096938,1.339896013024627
39.49579831932773,38004.22956365882,1.2594482826152864
39.49579831932773,41062.49917244294,1.1838306563820187
39.49579831932773,44366.873309786155,1.1127531335226497
39.49579831932773,47937.15645558219,1.0459431249640723
39.49579831932773,51794.74679231213,0.983144407957168
39.49579831932773,55962.76445319552,0.9241161434381547
39.49579831932773,60466.19009070435,0.868631952387826
39.49579831932773,65332.014595937704,0.8164790476464409
39.49579831932773,70589.40086618738,0.7674574178546901
39.49579831932773,76269.85859023452,0.7213790603910727
39.49579831932773,82407.43309893666,0.6780672603639333
39.49579831932773,89038.90941296735,0.6373559128930041
39.49579831932773,96204.0327106476,0.5990888860813699
39.49579831932773,103945.74653722627,0.56311942223476
39.49579831932773,112310.45018329516,0.5293095750318091
39.49579831932773,121348.27677491431,0.49752968048676965
39.49579831932773,131113.3937421563,0.46765785967576956
39.49579831932773,141664.3274669022,0.4395795513195263
39.49579831932773,153064.31405563594,0.4131870724299261
39.49579831932773,165381.6783395673,0.3883792053354991
39.49579831932773,178690.24337358287,0.3650608095020084
39.49579831932773,193069.77288832495,0.34314245665943344
39.49579831932773,208606.44934719568,0.3225400878360332
39.49579831932773,225393.39047347888,0.30317469098417965
39.49579831932773,243531.20734334175,0.2849719979616259
39.49579831932773,263128.6073895945,0.26786219970610503
39.49579831932773,284303.0459302665,0.25177967851092214
39.49579831932773,307181.43012686964,0.23666275637479756
39.49579831932773,331900.87959146773,0.2224534584608547
39.49579831932773,358609.54820118286,0.20909729075759617
39.49579831932773,387467.51204561285,0.19654303108917714
39.49579831932773,418647.72882899473,0.18474253267347943
39.49579831932773,452337.0744772105,0.1736505394746146
39.49579831932773,488737.4631624427,0.16322451264171475
39.49579831932773,528067.0574582637,0.153424467368384
39.49579831932773,570561.5758781021,0.14421281954715753
39.49579831932773,616475.7056337161,0.1355542416308671
39.49579831932773,666084.6290809154,0.12741552714813198
39.49579831932773,719685.6730011514,0.11976546335337646
39.49579831932773,777600.0906038043,0.1125747115229765
39.49579831932773,840174.9869294344,0.10581569443845948
39.49579831932773,907785.3991937558,0.09946249062524246
39.49579831932773,980836.5445406671,0.09349073494130793
39.49579831932773,1.0597662486760707e6,0.08787752513456214
39.49579831932773,1.1450475699382813e6,0.08260133401051596
39.49579831932773,1.2371916345321594e6,0.0776419268734431
39.49579831932773,1.336750699919709e6,0.07298028392439294
39.49579831932773,1.4443214647272818e6,0.06859852731845044
39.49579831932773,1.5605486450070748e6,0.06447985260149608
39.49579831932773,1.6861288382868804e6,0.060608464263523724
39.49579831932773,1.8218146985669748e6,0.056969515161354504
39.49579831932773,1.9684194472866112e6,0.05354904957842776
39.49579831932773,2.126821747296208e6,0.05033394970329843
39.49579831932773,2.2979709690469606e6,0.04731188532158
39.49579831932773,2.48289288056033e6,0.04447126652839739
39.49579831932773,2.6826957952797273e6,0.041801199279997654
39.49579831932773,2.898577214651068e6,0.03929144361405364
39.49579831932773,3.131831005243845e6,0.036932374378432956
39.49579831932773,3.383855153428233e6,0.034714944317822426
39.49579831932773,3.6561601440851935e6,0.0326306493766417
39.49579831932773,3.9503780135666407e6,0.030671496085179863
39.49579831932773,4.268272131163825e6,0.028829970903877303
39.49579831932773,4.611747767708261e6,0.027099011408185734
39.49579831932773,4.982863514647306e6,0.025471979203496795
39.49579831932773,5.383843622033489e6,0.02394263446626638
39.49579831932773,5.817091329374358e6,0.022505112013696635
39.49579831932773,6.285203269240097e6,0.021153898810201122
39.49579831932773,6.790985029955707e6,0.019883812824387937
39.49579831932773,7.337467970651373e6,0.018689983155475598
39.49579831932773,7.927927389450606e6,0.017567831352924324
39.49579831932773,8.565902153685499e6,0.01651305385764206
39.49579831932773,9.255215909791354e6,0.015521605497425093
39.49579831932773,1.0e7,0.014589683973337358
42.773109243697476,1000.0,19.096688593803222
42.773109243697476,1080.4718223181285,17.950118083277214
42.773109243697476,1167.4193588234587,16.872387986058996
42.773109243697476,1261.3637220374437,15.85936510452936
42.773109243697476,1362.867959355774,14.90716439940716
42.773109243697476,1472.5404276241222,14.012134090253477
42.773109243697476,1591.0384392721533,13.170841650545658
42.773109243697476,1719.0722018585745,12.380060643611108
42.773109243697476,1857.4090746385718,11.636758348935041
42.773109243697476,2006.8781676649664,10.938084131388461
42.773109243697476,2168.375310987435,10.281358508770706
42.773109243697476,2342.8684237322327,9.664062875739997
42.773109243697476,2531.403315241567,9.083829844721825
42.773109243697476,2735.109953041208,8.538434166752095
42.773109243697476,2955.209235202888,8.025784197435286
42.773109243697476,3193.020307691027,7.543913875288915
42.773109243697476,3449.9684705497157,7.09097518171033
42.773109243697476,3727.593720314942,6.665231053649344
42.773109243697476,4027.5599798502976,6.2650487218058855
42.773109243697476,4351.665070924416,5.888893448804144
42.773109243697476,4701.851489299852,5.535322643328497
42.773109243697476,5080.218046913023,5.202980327648338
42.773109243697476,5489.032450921557,4.890591937314302
42.773109243697476,5930.744895010559,4.596959433082105
42.773109243697476,6408.002744415996,4.320956706317916
42.773109243697476,6923.6664026787275,4.061525260264415
42.773109243697476,7480.826455225086,3.8176701506048922
42.773109243697476,8082.822192522714,3.588456169756958
42.773109243697476,8733.261623828437,3.3730042602623667
42.773109243697476,9436.04310147889,3.1704881435178973
42.773109243697476,10195.378685327301,2.980131150918167
42.773109243697476,11015.819387358995,2.801203245257523
42.773109243697476,11902.282447787144,2.6330182209678012
42.773109243697476,12860.08080610565,2.4749310724545794
42.773109243697476,13894.954943731389,2.3263355204392515
42.773109243697476,15013.107289081743,2.1866616868202464
42.773109243697476,16221.239391291729,2.0553739091361765
42.773109243697476,17526.592085367585,1.931968686249272
42.773109243697476,18936.988889503602,1.8159727473705336
42.773109243697476,20460.88289466011,1.7069412370211643
42.773109243697476,22107.407427431233,1.6044560089694095
42.773109243697476,23886.430789846003,1.5081240225999213
42.773109243697476,25808.615404180768,1.4175758355655443
42.773109243697476,27885.481717262915,1.3324641869407077
42.773109243697476,30129.47724726992,1.252462665442683
42.773109243697476,32554.05118685032,1.177264457613218
42.773109243697476,35173.7350096938,1.106581171159685
42.773109243697476,38004.22956365882,1.0401417289431565
42.773109243697476,41062.49917244294,0.9776913293717484
42.773109243697476,44366.873309786155,0.9189904692122334
42.773109243697476,47937.15645558219,0.8638140250723251
42.773109243697476,51794.74679231213,0.8119503900310076
42.773109243697476,55962.76445319552,0.7632006621058356
42.773109243697476,60466.19009070435,0.7173778814448767
42.773109243697476,65332.014595937704,0.6743063133178653
42.773109243697476,70589.40086618738,0.6338207741567641
42.773109243697476,76269.85859023452,0.5957659980610411
42.773109243697476,82407.43309893666,0.5599960413381491
42.773109243697476,89038.90941296735,0.5263737227955525
42.773109243697476,96204.0327106476,0.49477009763778496
42.773109243697476,103945.74653722627,0.46506396295087166
42.773109243697476,112310.45018329516,0.4371413928776047
42.773109243697476,121348.27677491431,0.41089530170102406
42.773109243697476,131113.3937421563,0.38622503316048984
42.773109243697476,141664.3274669022,0.36303597442533014
42.773109243697476,153064.31405563594,0.341239193245622
42.773109243697476,165381.6783395673,0.32075109688853537
42.773109243697476,178690.24337358287,0.3014931115522399
42.773109243697476,193069.77288832495,0.28339138102788597
42.773109243697476,208606.44934719568,0.26637648345400755
42.773109243697476,225393.39047347888,0.2503831650770671
42.773109243697476,243531.20734334175,0.2353500899970924
42.773109243697476,263128.6073895945,0.22121960493865817
42.773109243697476,284303.0459302665,0.20793751814507733
42.773109243697476,307181.43012686964,0.1954528915478527
42.773109243697476,331900.87959146773,0.1837178454143295
42.773109243697476,358609.54820118286,0.17268737472435872
42.773109243697476,387467.51204561285,0.16231917657175576
42.773109243697476,418647.72882899473,0.15257348792862468
42.773109243697476,452337.0744772105,0.14341293315035664
42.773109243697476,488737.4631624427,0.13480238063647237
42.773109243697476,528067.0574582637,0.12670880809758545
42.773109243697476,570561.5758781021,0.11910117591177632
42.773109243697476,616475.7056337161,0.11195030808468481
42.773109243697476,666084.6290809154,0.10522878035679108
42.773109243697476,719685.6730011514,0.09891081502876731
42.773109243697476,777600.0906038043,0.09297218210154448
42.773109243697476,840174.9869294344,0.08739010635195744
42.773109243697476,907785.3991937558,0.08214317998759287
42.773109243697476,980836.5445406671,0.0772112805458663
42.773109243697476,1.0597662486760707e6,0.0725754937224603
42.773109243697476,1.1450475699382813e6,0.06821804083316509
42.773109243697476,1.2371916345321594e6,0.0641222106309306
42.773109243697476,1.336750699919709e6,0.06027229521664136
42.773109243697476,1.4443214647272818e6,0.05665352979782716
42.773109243697476,1.5605486450070748e6,0.05325203606427623
42.773109243697476,1.6861288382868804e6,0.05005476896339365
42.773109243697476,1.8218146985669748e6,0.047049466671181435
42.773109243697476,1.9684194472866112e6,0.04422460356697509
42.773109243697476,2.126821747296208e6,0.04156934603159009
42.773109243697476,2.2979709690469606e6,0.039073510899359926
42.773109243697476,2.48289288056033e6,0.03672752640472556
42.773109243697476,2.6826957952797273e6,0.03452239547360233
42.773109243697476,2.898577214651068e6,0.03244966121874344
42.773109243697476,3.131831005243845e6,0.030501374506771622
42.773109243697476,3.383855153428233e6,0.02867006347249511
42.773109243697476,3.6561601440851935e6,0.026948704863592694
42.773109243697476,3.9503780135666407e6,0.025330697105771748
42.773109243697476,4.268272131163825e6,0.023809834985101804
42.773109243697476,4.611747767708261e6,0.02238028585042791
42.773109243697476,4.982863514647306e6,0.021036567244597487
42.773109243697476,5.383843622033489e6,0.019773525878714837
42.773109243697476,5.817091329374358e6,0.018586317868787176
42.773109243697476,6.285203269240097e6,0.01747039015896794
42.773109243697476,6.790985029955707e6,0.016421463060153723
42.773109243697476,7.337467970651373e6,0.015435513836968813
42.773109243697476,7.927927389450606e6,0.014508761280191618
42.773109243697476,8.565902153685499e6,0.013637651205457124
42.773109243697476,9.255215909791354e6,0.01281884282262102
42.773109243697476,1.0e7,0.012049195923511273
46.05042016806723,1000.0,15.995852965942376
46.05042016806723,1080.4718223181285,15.035457491545271
46.05042016806723,1167.4193588234587,14.13272442935
46.05042016806723,1261.3637220374437,13.28419171204207
46.05042016806723,1362.867959355774,12.486605135794296
46.05042016806723,1472.5404276241222,11.736905880085109
46.05042016806723,1591.0384392721533,11.032218776830364
46.05042016806723,1719.0722018585745,10.369841283839799
46.05042016806723,1857.4090746385718,9.747233120310122
46.05042016806723,2006.8781676649664,9.162006524606172
46.05042016806723,2168.375310987435,8.611917096967431
46.05042016806723,2342.8684237322327,8.09485519202116
46.05042016806723,2531.403315241567,7.608837828091295
46.05042016806723,2735.109953041208,7.152001082274787
46.05042016806723,2955.209235202888,6.72259294211967
46.05042016806723,3193.020307691027,6.318966586490356
46.05042016806723,3449.9684705497157,5.93957406985163
46.05042016806723,3727.593720314942,5.582960385750046
46.05042016806723,4027.5599798502976,5.247757886725521
46.05042016806723,4351.665070924416,4.932681039253011
46.05042016806723,4701.851489299852,4.636521493598928
46.05042016806723,5080.218046913023,4.358143449684777
46.05042016806723,5489.032450921557,4.096479301185642
46.05042016806723,5930.744895010559,3.85052554115817
46.05042016806723,6408.002744415996,3.619338913495834
46.05042016806723,6923.6664026787275,3.402032795451882
46.05042016806723,7480.826455225086,3.1977737973566187
46.05042016806723,8082.822192522714,3.005778566488602
46.05042016806723,8733.261623828437,2.8253107828423123
46.05042016806723,9436.04310147889,2.655678335270784
46.05042016806723,10195.378685327301,2.4962306671733767
46.05042016806723,11015.819387358995,2.3463562815492436
46.05042016806723,11902.282447787144,2.2054803958480544
46.05042016806723,12860.08080610565,2.0730627376241473
46.05042016806723,13894.954943731389,1.9485954725402144
46.05042016806723,15013.107289081743,1.8316012567742366
46.05042016806723,16221.239391291729,1.7216314063604234
46.05042016806723,17526.592085367585,1.6182641764434615
46.05042016806723,18936.988889503602,1.521103143846804
46.05042016806723,20460.88289466011,1.4297756867520135
46.05042016806723,22107.407427431233,1.3439315556585794
46.05042016806723,23886.430789846003,1.263241530143709
46.05042016806723,25808.615404180768,1.1873961562706423
46.05042016806723,27885.481717262915,1.116104559803304
46.05042016806723,30129.47724726992,1.049093330675897
46.05042016806723,32554.05118685032,0.9861054744392506
46.05042016806723,35173.7350096938,0.9268994266626113
46.05042016806723,38004.22956365882,0.871248126511041
46.05042016806723,41062.49917244294,0.8189381459454708
46.05042016806723,44366.873309786155,0.7697688712058368
46.05042016806723,47937.15645558219,0.723551733438198
46.05042016806723,51794.74679231213,0.6801094855152037
46.05042016806723,55962.76445319552,0.6392755222764781
46.05042016806723,60466.19009070435,0.6008932415819513
46.05042016806723,65332.014595937704,0.5648154437277302
46.05042016806723,70589.40086618738,0.5309037669212066
46.05042016806723,76269.85859023452,0.499028156650399
46.05042016806723,82407.43309893666,0.4690663669125088
46.05042016806723,89038.90941296735,0.44090349138884466
46.05042016806723,96204.0327106476,0.4144315227681463
46.05042016806723,103945.74653722627,0.38954893852825173
46.05042016806723,112310.45018329516,0.36616031158755075
46.05042016806723,121348.27677491431,0.3441759443330348
46.05042016806723,131113.3937421563,0.32351152462140187
46.05042016806723,141664.3274669022,0.304087802433955
46.05042016806723,153064.31405563594,0.2858302859452289
46.05042016806723,165381.6783395673,0.2686689558397382
46.05042016806723,178690.24337358287,0.25253799678123323
46.05042016806723,193069.77288832495,0.23737554500461305
46.05042016806723,208606.44934719568,0.22312345106249118
46.05042016806723,225393.39047347888,0.20972705681652448
46.05042016806723,243531.20734334175,0.1971349858182428
46.05042016806723,263128.6073895945,0.18529894627547588
46.05042016806723,284303.0459302665,0.17417354584872624
46.05042016806723,307181.43012686964,0.16371611756722296
46.05042016806723,331900.87959146773,0.153886556197023
46.05042016806723,358609.54820118286,0.14464716443361725
46.05042016806723,387467.51204561285,0.13596250832917564
46.05042016806723,418647.72882899473,0.12779928139998095
46.05042016806723,452337.0744772105,0.12012617689288936
46.05042016806723,488737.4631624427,0.1129137677209499
46.05042016806723,528067.0574582637,0.10613439360772087
46.05042016806723,570561.5758781021,0.09976205500747476
46.05042016806723,616475.7056337161,0.09377231339446228
46.05042016806723,666084.6290809154,0.08814219753883785
46.05042016806723,719685.6730011514,0.08285011540980404
46.05042016806723,777600.0906038043,0.07787577136811585
46.05042016806723,840174.9869294344,0.07320008833037069
46.05042016806723,907785.3991937558,0.06880513460657502
46.05042016806723,980836.5445406671,0.06467405513040493
46.05042016806723,1.0597662486760707e6,0.060791006818420736
46.05042016806723,1.1450475699382813e6,0.057141097810332026
46.05042016806723,1.2371916345321594e6,0.053710330357294715
46.05042016806723,1.336750699919709e6,0.05048554713921006
46.05042016806723,1.4443214647272818e6,0.04745438080514875
46.05042016806723,1.5605486450070748e6,0.04460520654338113
46.05042016806723,1.6861288382868804e6,0.04192709749911688
46.05042016806723,1.8218146985669748e6,0.039409782868975424
46.05042016806723,1.9684194472866112e6,0.03704360851147646
46.05042016806723,2.126821747296208e6,0.034819499922487306
46.05042016806723,2.2979709690469606e6,0.03272892743363489
46.05042016806723,2.48289288056033e6,0.030763873500214756
46.05042016806723,2.6826957952797273e6,0.028916801953143258
46.05042016806723,2.898577214651068e6,0.02718062909703072
46.05042016806723,3.131831005243845e6,0.02554869654353486
46.05042016806723,3.383855153428233e6,0.024014745675806918
46.05042016806723,3.6561601440851935e6,0.02257289364609968
46.05042016806723,3.9503780135666407e6,0.02121761081448581
46.05042016806723,4.268272131163825e6,0.019943699542161783
46.05042016806723,4.611747767708261e6,0.018746274258007862
46.05042016806723,4.982863514647306e6,0.01762074272195718
46.05042016806723,5.383843622033489e6,0.016562788413317635
46.05042016806723,5.817091329374358e6,0.015568353976503595
46.05042016806723,6.285203269240097e6,0.014633625660690678
46.05042016806723,6.790985029955707e6,0.01375501869371793
46.05042016806723,7.337467970651373e6,0.012929163534144944
46.05042016806723,7.927927389450606e6,0.012152892948739388
46.05042016806723,8.565902153685499e6,0.011423229865835811
46.05042016806723,9.255215909791354e6,0.010737375957981993
46.05042016806723,1.0e7,0.01009270091008662
49.32773109243698,1000.0,13.562798226417733
49.32773109243698,1080.4718223181285,12.748484037324705
49.32773109243698,1167.4193588234587,11.983061499311939
49.32773109243698,1261.3637220374437,11.263595144009424
49.32773109243698,1362.867959355774,10.587325749386954
49.32773109243698,1472.5404276241222,9.951659757874747
49.32773109243698,1591.0384392721533,9.354159329823034
49.32773109243698,1719.0722018585745,8.792532994154708
49.32773109243698,1857.4090746385718,8.264626860355362
49.32773109243698,2006.8781676649664,7.768416358097942
49.32773109243698,2168.375310987435,7.30199847282262
49.32773109243698,2342.8684237322327,6.863584447494629
49.32773109243698,2531.403315241567,6.4514929225505675
49.32773109243698,2735.109953041208,6.064143487724254
49.32773109243698,2955.209235202888,5.700050621022785
49.32773109243698,3193.020307691027,5.357817991608129
49.32773109243698,3449.9684705497157,5.036133104735281
49.32773109243698,3727.593720314942,4.733762268209881
49.32773109243698,4027.5599798502976,4.449545861061086
49.32773109243698,4351.665070924416,4.182393886284621
49.32773109243698,4701.851489299852,3.9312817906004356
49.32773109243698,5080.218046913023,3.6952465351932204
49.32773109243698,5489.032450921557,3.4733829023668052
49.32773109243698,5930.744895010559,3.2648400239480138
49.32773109243698,6408.002744415996,3.0688181181261567
49.32773109243698,6923.6664026787275,2.884565422213568
49.32773109243698,7480.826455225086,2.7113753095640756
49.32773109243698,8082.822192522714,2.5485835795924565
49.32773109243698,8733.261623828437,2.3955659105019222
49.32773109243698,9436.04310147889,2.2517354649505315
49.32773109243698,10195.378685327301,2.1165406394740547
49.32773109243698,11015.819387358995,1.9894629490341382
49.32773109243698,11902.282447787144,1.8700150385787695
49.32773109243698,12860.08080610565,1.757738813989219
49.32773109243698,13894.954943731389,1.6522036852454305
49.32773109243698,15013.107289081743,1.5530049150722853
49.32773109243698,16221.239391291729,1.4597620667335618
49.32773109243698,17526.592085367585,1.372117545020812
49.32773109243698,18936.988889503602,1.2897352248416627
49.32773109243698,20460.88289466011,1.2122991621480532
49.32773109243698,22107.407427431233,1.1395123822607072
49.32773109243698,23886.430789846003,1.071095740942937
49.32773109243698,25808.615404180768,1.0067868538559008
49.32773109243698,27885.481717262915,0.9463390902896552
49.32773109243698,30129.47724726992,0.8895206273108839
49.32773109243698,32554.05118685032,0.8361135606998589
49.32773109243698,35173.7350096938,0.7859130692669914
49.32773109243698,38004.22956365882,0.7387266293440553
49.32773109243698,41062.49917244294,0.6943732764375717
49.32773109243698,44366.873309786155,0.6526829112127331
49.32773109243698,47937.15645558219,0.613495647146249
49.32773109243698,51794.74679231213,0.5766611973462865
49.32773109243698,55962.76445319552,0.5420382981879256
49.32773109243698,60466.19009070435,0.5094941675536937
49.32773109243698,65332.014595937704,0.4789039956014933
49.32773109243698,70589.40086618738,0.4501504661069647
49.32773109243698,76269.85859023452,0.423123306544585
49.32773109243698,82407.43309893666,0.39771886518202854
49.32773109243698,89038.90941296735,0.37383971356589124
49.32773109243698,96204.0327106476,0.3513942728742926
49.32773109243698,103945.74653722627,0.3302964627033641
49.32773109243698,112310.45018329516,0.3104653709407001
49.32773109243698,121348.27677491431,0.29182494345969506
49.32773109243698,131113.3937421563,0.27430369244472164
49.32773109243698,141664.3274669022,0.25783442222854513
49.32773109243698,153064.31405563594,0.24235397159053815
49.32773109243698,165381.6783395673,0.2278029715273786
49.32773109243698,178690.24337358287,0.21412561756726614
49.32773109243698,193069.77288832495,0.2012694557544551
49.32773109243698,208606.44934719568,0.1891851814833356
49.32773109243698,225393.39047347888,0.17782645041057302
49.32773109243698,243531.20734334175,0.16714970072013471
49.32773109243698,263128.6073895945,0.15711398605957602
49.32773109243698,284303.0459302665,0.1476808185068748
49.32773109243698,307181.43012686964,0.13881402096558426
49.32773109243698,331900.87959146773,0.13047958842222046
49.32773109243698,358609.54820118286,0.12264555753379543
49.32773109243698,387467.51204561285,0.1152818840453508
49.32773109243698,418647.72882899473,0.1083603275673775
49.32773109243698,452337.0744772105,0.10185434327123033
49.32773109243698,488737.4631624427,0.09573898008718168
49.32773109243698,528067.0574582637,0.08999078501469043
49.32773109243698,570561.5758781021,0.08458771317791075
49.32773109243698,616475.7056337161,0.0795090432814924
49.32773109243698,666084.6290809154,0.07473529814243844
49.32773109243698,719685.6730011514,0.07024816999325267
49.32773109243698,777600.0906038043,0.0660304502699065
49.32773109243698,840174.9869294344,0.062065963615356545
49.32773109243698,907785.3991937558,0.058339505845508434
49.32773109243698,980836.5445406671,0.05483678563972234
49.32773109243698,1.0597662486760707e6,0.05154436973223646
49.32773109243698,1.1450475699382813e6,0.04844963139431282
49.32773109243698,1.2371916345321594e6,0.04554070200952933
49.32773109243698,1.336750699919709e6,0.0428064255565047
49.32773109243698,1.4443214647272818e6,0.040236315824493794
49.32773109243698,1.5605486450070748e6,0.03782051619776971
49.32773109243698,1.6861288382868804e6,0.03554976185456357
49.32773109243698,1.8218146985669748e6,0.033415344235590005
49.32773109243698,1.9684194472866112e6,0.03140907764589262
49.32773109243698,2.126821747296208e6,0.02952326786192368
49.32773109243698,2.2979709690469606e6,0.027750682623463727
49.32773109243698,2.48289288056033e6,0.02608452389721443
49.32773109243698,2.6826957952797273e6,0.02451840180569318
49.32773109243698,2.898577214651068e6,0.02304631012144392
49.32773109243698,3.131831005243845e6,0.02166260323258262
49.32773109243698,3.383855153428233e6,0.020361974491337684
49.32773109243698,3.6561601440851935e6,0.019139435862550156
49.32773109243698,3.9503780135666407e6,0.01799029879408348
49.32773109243698,4.268272131163825e6,0.01691015623577934
49.32773109243698,4.611747767708261e6,0.015894865738000384
49.32773109243698,4.982863514647306e6,0.014940533564941056
49.32773109243698,5.383843622033489e6,0.01404349976177981
49.32773109243698,5.817091329374358e6,0.013200324118403566
49.32773109243698,6.285203269240097e6,0.01240777297587417
49.32773109243698,6.790985029955707e6,0.011662806825038197
49.32773109243698,7.337467970651373e6,0.010962568649719699
49.32773109243698,7.927927389450606e6,0.010304372969790957
49.32773109243698,8.565902153685499e6,0.009685695542100305
49.32773109243698,9.255215909791354e6,0.009104163679759046
49.32773109243698,1.0e7,0.008557547152661204
52.60504201680672,1000.0,11.622574645375678
52.60504201680672,1080.4718223181285,10.924752021347587
52.60504201680672,1167.4193588234587,10.268826862335914
52.60504201680672,1261.3637220374437,9.65228363285307
52.60504201680672,1362.867959355774,9.072757830863852
52.60504201680672,1472.5404276241222,8.528026919694886
52.60504201680672,1591.0384392721533,8.01600180439468
52.60504201680672,1719.0722018585745,7.534718819855434
52.60504201680672,1857.4090746385718,7.082332199970197
52.60504201680672,2006.8781676649664,6.657106998944001
52.60504201680672,2168.375310987435,6.257412437611394
52.60504201680672,2342.8684237322327,5.881715649242965
52.60504201680672,2531.403315241567,5.528575800855343
52.60504201680672,2735.109953041208,5.196638567479425
52.60504201680672,2955.209235202888,4.88463093819507
52.60504201680672,3193.020307691027,4.591356334012921
52.60504201680672,3449.9684705497157,4.315690018879925
52.60504201680672,3727.593720314942,4.056574786209435
52.60504201680672,4027.5599798502976,3.8130169043931925
52.60504201680672,4351.665070924416,3.5840823057459157
52.60504201680672,4701.851489299852,3.3688930042667136
52.60504201680672,5080.218046913023,3.1666237284791285
52.60504201680672,5489.032450921557,2.9764987564363703
52.60504201680672,5930.744895010559,2.7977889407537346
52.60504201680672,6408.002744415996,2.629808912258901
52.60504201680672,6923.6664026787275,2.471914451535851
52.60504201680672,7480.826455225086,2.3235000182820267
52.60504201680672,8082.822192522714,2.183996429003554
52.60504201680672,8733.261623828437,2.052868674142316
52.60504201680672,9436.04310147889,1.929613866263322
52.60504201680672,10195.378685327301,1.8137593114334585
52.60504201680672,11015.819387358995,1.7048606963952266
52.60504201680672,11902.282447787144,1.6025003845830574
52.60504201680672,12860.08080610565,1.5062858144472828
52.60504201680672,13894.954943731389,1.4158479939431894
52.60504201680672,15013.107289081743,1.3308400854113698
52.60504201680672,16221.239391291729,1.250936075422238
52.60504201680672,17526.592085367585,1.1758295244834698
52.60504201680672,18936.988889503602,1.1052323918153464
52.60504201680672,20460.88289466011,1.0388739306869168
52.60504201680672,22107.407427431233,0.9764996500764884
52.60504201680672,23886.430789846003,0.9178703386743006
52.60504201680672,25808.615404180768,0.8627611474843698
52.60504201680672,27885.481717262915,0.8109607275071513
52.60504201680672,30129.47724726992,0.7622704191959954
52.60504201680672,32554.05118685032,0.716503490578851
52.60504201680672,35173.7350096938,0.673484421123362
52.60504201680672,38004.22956365882,0.6330482285988999
52.60504201680672,41062.49917244294,0.5950398363539872
52.60504201680672,44366.873309786155,0.5593134785825614
52.60504201680672,47937.15645558219,0.5257321412982229
52.60504201680672,51794.74679231213,0.4941670368725352
52.60504201680672,55962.76445319552,0.4644971101222019
52.60504201680672,60466.19009070435,0.43660857405090164
52.60504201680672,65332.014595937704,0.4103944734653156
52.60504201680672,70589.40086618738,0.38575427479176794
52.60504201680672,76269.85859023452,0.3625934805203925
52.60504201680672,82407.43309893666,0.34082326679817804
52.60504201680672,89038.90941296735,0.3203601427810261
52.60504201680672,96204.0327106476,0.3011256304384088
52.60504201680672,103945.74653722627,0.2830459635826446
52.60504201680672,112310.45018329516,0.2660518049685388
52.60504201680672,121348.27677491431,0.2500779803784405
52.60504201680672,131113.3937421563,0.23506322867290844
52.60504201680672,141664.3274669022,0.22094996684840282
52.60504201680672,153064.31405563594,0.2076840692009812
52.60504201680672,165381.6783395673,0.19521465974906405
52.60504201680672,178690.24337358287,0.18349391711919907
52.60504201680672,193069.77288832495,0.17247689114653655
52.60504201680672,208606.44934719568,0.1621213304866641
52.60504201680672,225393.39047347888,0.15238752057767455
52.60504201680672,243531.20734334175,0.14323813133103633
52.60504201680672,263128.6073895945,0.13463807396714814
52.60504201680672,284303.0459302665,0.12655436644652363
52.60504201680672,307181.43012686964,0.1189560069805285
52.60504201680672,331900.87959146773,0.11181385513656641
52.60504201680672,358609.54820118286,0.10510052008174363
52.60504201680672,387467.51204561285,0.09879025553641414
52.60504201680672,418647.72882899473,0.09285886103474457
52.60504201680672,452337.0744772105,0.08728358911362091
52.60504201680672,488737.4631624427,0.08204305807396096
52.60504201680672,528067.0574582637,0.07711716997985957
52.60504201680672,570561.5758781021,0.07248703358109036
52.60504201680672,616475.7056337161,0.06813489186336054
52.60504201680672,666084.6290809154,0.06404405394846896
52.60504201680672,719685.6730011514,0.060198831083198005
52.60504201680672,777600.0906038043,0.056584476471449756
52.60504201680672,840174.9869294344,0.053187128718878145
52.60504201680672,907785.3991937558,0.04999375867312031
52.60504201680672,980836.5445406671,0.04699211945575598
52.60504201680672,1.0597662486760707e6,0.04417069949436178
52.60504201680672,1.1450475699382813e6,0.04151867837453395
52.60504201680672,1.2371916345321594e6,0.0390258853425681
52.60504201680672,1.336750699919709e6,0.03668276029964946
52.60504201680672,1.4443214647272818e6,0.03448031713796329
52.60504201680672,1.5605486450070748e6,0.032410109278114656
52.60504201680672,1.6861288382868804e6,0.030464197275691884
52.60504201680672,1.8218146985669748e6,0.028635118372740645
52.60504201680672,1.9684194472866112e6,0.02691585787737602
52.60504201680672,2.126821747296208e6,0.025299822261770775
52.60504201680672,2.2979709690469606e6,0.023780813875347768
52.60504201680672,2.48289288056033e6,0.022353007176199417
52.60504201680672,2.6826957952797273e6,0.021010926389579528
52.60504201680672,2.898577214651068e6,0.019749424507785114
52.60504201680672,3.131831005243845e6,0.018563663550891576
52.60504201680672,3.383855153428233e6,0.017449096012638606
52.60504201680672,3.6561601440851935e6,0.016401447420310383
52.60504201680672,3.9503780135666407e6,0.01541669994172538
52.60504201680672,4.268272131163825e6,0.014491076976467059
52.60504201680672,4.611747767708261e6,0.013621028672261535
52.60504201680672,4.982863514647306e6,0.012803218310955641
52.60504201680672,5.383843622033489e6,0.012034509511885004
52.60504201680672,5.817091329374358e6,0.01131195420355529
52.60504201680672,6.285203269240097e6,0.010632781317507084
52.60504201680672,6.790985029955707e6,0.009994386161004315
52.60504201680672,7.337467970651373e6,0.009394320427789439
52.60504201680672,7.927927389450606e6,0.008830282808595555
52.60504201680672,8.565902153685499e6,0.00830011016540621
52.60504201680672,9.255215909791354e6,0.007801769235614852
52.60504201680672,1.0e7,0.007333348834269058
55.88235294117647,1000.0,10.053303531731432
55.88235294117647,1080.4718223181285,9.44970038314207
55.88235294117647,1167.4193588234587,8.882337735979617
55.88235294117647,1261.3637220374437,8.349039700428502
55.88235294117647,1362.867959355774,7.847761027704662
55.88235294117647,1472.5404276241222,7.376579266331579
55.88235294117647,1591.0384392721533,6.933687389355695
55.88235294117647,1719.0722018585745,6.5173868642258554
55.88235294117647,1857.4090746385718,6.126081138759097
55.88235294117647,2006.8781676649664,5.758269518210912
55.88235294117647,2168.375310987435,5.4125414099679
55.88235294117647,2342.8684237322327,5.087570913790679
55.88235294117647,2531.403315241567,4.782111736860126
55.88235294117647,2735.109953041208,4.494992414125641
55.88235294117647,2955.209235202888,4.225111815625071
55.88235294117647,3193.020307691027,3.971434923546373
55.88235294117647,3449.9684705497157,3.7329888628356698
55.88235294117647,3727.593720314942,3.5088591701287197
55.88235294117647,4027.5599798502976,3.298186286696781
55.88235294117647,4351.665070924416,3.100162261956966
55.88235294117647,4701.851489299852,2.914027654904783
55.88235294117647,5080.218046913023,2.7390686215855036
55.88235294117647,5489.032450921557,2.5746141774345874
55.88235294117647,5930.744895010559,2.420033623987924
55.88235294117647,6408.002744415996,2.2747341300931367
55.88235294117647,6923.6664026787275,2.138158458345619
55.88235294117647,7480.826455225086,2.009782828029986
55.88235294117647,8082.822192522714,1.889114906371123
55.88235294117647,8733.261623828437,1.7756919203910768
55.88235294117647,9436.04310147889,1.669078882130592
55.88235294117647,10195.378685327301,1.5688669204288321
55.88235294117647,11015.819387358995,1.4746717128635176
55.88235294117647,11902.282447787144,1.3861320118378204
55.88235294117647,12860.08080610565,1.3029082591613974
55.88235294117647,13894.954943731389,1.2246812838123824
55.88235294117647,15013.107289081743,1.1511510778861014
55.88235294117647,16221.239391291729,1.0820356460361664
55.88235294117647,17526.592085367585,1.017069923995456
55.88235294117647,18936.988889503602,0.9560047620293904
55.88235294117647,20460.88289466011,0.8986059694229577
55.88235294117647,22107.407427431233,0.8446534163370091
55.88235294117647,23886.430789846003,0.7939401895893442
55.88235294117647,25808.615404180768,0.746271799122949
55.88235294117647,27885.481717262915,0.7014654321180842
55.88235294117647,30129.47724726992,0.6593492518877083
55.88235294117647,32554.05118685032,0.6197617388674063
55.88235294117647,35173.7350096938,0.5825510711724704
55.88235294117647,38004.22956365882,0.5475745423465024
55.88235294117647,41062.49917244294,0.5146980140685576
55.88235294117647,44366.873309786155,0.4837954017199005
55.88235294117647,47937.15645558219,0.4547481908374799
55.88235294117647,51794.74679231213,0.42744498259966524
55.88235294117647,55962.76445319552,0.40178106660115476
55.88235294117647,60466.19009070435,0.3776580192785913
55.88235294117647,65332.014595937704,0.35498332644681907
55.88235294117647,70589.40086618738,0.3336700284981673
55.88235294117647,76269.85859023452,0.31363638690406775
55.88235294117647,82407.43309893666,0.29480557074001196
55.88235294117647,89038.90941296735,0.2771053620316304
55.88235294117647,96204.0327106476,0.26046787879188177
55.88235294117647,103945.74653722627,0.2448293146871634
55.88235294117647,112310.45018329516,0.23012969433394234
55.88235294117647,121348.27677491431,0.21631264328744407
55.88235294117647,131113.3937421563,0.20332517184028454
55.88235294117647,141664.3274669022,0.19111747180189373
55.88235294117647,153064.31405563594,0.1796427254793588
55.88235294117647,165381.6783395673,0.16885692612710937
55.88235294117647,178690.24337358287,0.1587187091768557
55.88235294117647,193069.77288832495,0.14918919360052754
55.88235294117647,208606.44934719568,0.14023183279782647
55.88235294117647,225393.39047347888,0.1318122744365315
55.88235294117647,243531.20734334175,0.12389822870803108
55.88235294117647,263128.6073895945,0.11645934449283091
55.88235294117647,284303.0459302665,0.10946709296111773
55.88235294117647,307181.43012686964,0.10289465816197912
55.88235294117647,331900.87959146773,0.09671683418167594
55.88235294117647,358609.54820118286,0.0909099284765618
55.88235294117647,387467.51204561285,0.08545167100992025
55.88235294117647,418647.72882899473,0.08032112884425198
55.88235294117647,452337.0744772105,0.0754986258614644
55.88235294117647,488737.4631624427,0.07096566730308472
55.88235294117647,528067.0574582637,0.06670486884109798
55.88235294117647,570561.5758781021,0.06269988990739289
55.88235294117647,616475.7056337161,0.05893537102612612
55.88235294117647,666084.6290809154,0.05539687490866875
55.88235294117647,719685.6730011514,0.05207083108522868
55.88235294117647,777600.0906038043,0.048944483860805764
55.88235294117647,840174.9869294344,0.04600584339588629
55.88235294117647,907785.3991937558,0.04324363972426557
55.88235294117647,980836.5445406671,0.040647279531653785
55.88235294117647,1.0597662486760707e6,0.038206805529306345
55.88235294117647,1.1450475699382813e6,0.035912858266872585
55.88235294117647,1.2371916345321594e6,0.03375664023801194
55.88235294117647,1.336750699919709e6,0.0317298821411186
55.88235294117647,1.4443214647272818e6,0.02982481116576228
55.88235294117647,1.5605486450070748e6,0.02803412118321911
55.88235294117647,1.6861288382868804e6,0.02635094472677203
55.88235294117647,1.8218146985669748e6,0.024768826654321393
55.88235294117647,1.9684194472866112e6,0.02328169939230012
55.88235294117647,2.126821747296208e6,0.02188385966595067
55.88235294117647,2.2979709690469606e6,0.02056994662672298
55.88235294117647,2.48289288056033e6,0.019334921292909448
55.88235294117647,2.6826957952797273e6,0.018174047224669934
55.88235294117647,2.898577214651068e6,0.01708287235933358
55.88235294117647,3.131831005243845e6,0.016057211937314263
55.88235294117647,3.383855153428233e6,0.015093132453158825
55.88235294117647,3.6561601440851935e6,0.014186936570178861
55.88235294117647,3.9503780135666407e6,0.013335148940812143
55.88235294117647,4.268272131163825e6,0.01253450287833358
55.88235294117647,4.611747767708261e6,0.011781927828800427
55.88235294117647,4.982863514647306e6,0.01107453759518517
55.88235294117647,5.383843622033489e6,0.010409619268535007
55.88235294117647,5.817091329374358e6,0.00978462282370747
55.88235294117647,6.285203269240097e6,0.009197151339781027
55.88235294117647,6.790985029955707e6,0.00864495180763494
55.88235294117647,7.337467970651373e6,0.008125906489444583
55.88235294117647,7.927927389450606e6,0.0076380247969551
55.88235294117647,8.565902153685499e6,0.007179435657385801
55.88235294117647,9.255215909791354e6,0.006748380337687667
55.88235294117647,1.0e7,0.006343205699634608
59.15966386554622,1000.0,8.768117515713884
59.15966386554622,1080.4718223181285,8.24167729405125
59.15966386554622,1167.4193588234587,7.746844690156904
59.15966386554622,1261.3637220374437,7.2817219738425605
59.15966386554622,1362.867959355774,6.844525355169816
59.15966386554622,1472.5404276241222,6.433578143445801
59.15966386554622,1591.0384392721533,6.047304316954572
59.15966386554622,1719.0722018585745,5.6842224787637
59.15966386554622,1857.4090746385718,5.342940175425814
59.15966386554622,2006.8781676649664,5.022148556786979
59.15966386554622,2168.375310987435,4.720617356421629
59.15966386554622,2342.8684237322327,4.437190173443603
59.15966386554622,2531.403315241567,4.170780037598525
59.15966386554622,2735.109953041208,3.9203652406293386
59.15966386554622,2955.209235202888,3.684985417927749
59.15966386554622,3193.020307691027,3.4637378654444704
59.15966386554622,3449.9684705497157,3.2557740777331476
59.15966386554622,3727.593720314942,3.060296493851132
59.15966386554622,4027.5599798502976,2.876555438637276
59.15966386554622,4351.665070924416,2.7038462476362266
59.15966386554622,4701.851489299852,2.5415065646431194
59.15966386554622,5080.218046913023,2.3889138015044
59.15966386554622,5489.032450921557,2.2454827504329415
59.15966386554622,5930.744895010559,2.110663339680404
59.15966386554622,6408.002744415996,1.9839385239596732
59.15966386554622,6923.6664026787275,1.8648223015269099
59.15966386554622,7480.826455225086,1.7528578503185568
59.15966386554622,8082.822192522714,1.6476157759951875
59.15966386554622,8733.261623828437,1.5486924651733027
59.15966386554622,9436.04310147889,1.455708537529547
59.15966386554622,10195.378685327301,1.3683073908410095
59.15966386554622,11015.819387358995,1.286153833381724
59.15966386554622,11902.282447787144,1.2089327984304612
59.15966386554622,12860.08080610565,1.1363481359598253
59.15966386554622,13894.954943731389,1.068121476872681
59.15966386554622,15013.107289081743,1.0039911654301459
59.15966386554622,16221.239391291729,0.9437112557768887
59.15966386554622,17526.592085367585,0.8870505687153446
59.15966386554622,18936.988889503602,0.8337918051114612
59.15966386554622,20460.88289466011,0.7837307125318155
59.15966386554622,22107.407427431233,0.7366753019160657
59.15966386554622,23886.430789846003,0.6924451112806109
59.15966386554622,25808.615404180768,0.6508705136296927
59.15966386554622,27885.481717262915,0.6117920664196943
59.15966386554622,30129.47724726992,0.5750599000817979
59.15966386554622,32554.05118685032,0.5405331432579064
59.15966386554622,35173.7350096938,0.5080793825455622
59.15966386554622,38004.22956365882,0.4775741546799289
59.15966386554622,41062.49917244294,0.4489004692053131
59.15966386554622,44366.873309786155,0.4219483598056172
59.15966386554622,47937.15645558219,0.39661446257304
59.15966386554622,51794.74679231213,0.37280161959763886
59.15966386554622,55962.76445319552,0.3504185063574885
59.15966386554622,60466.19009070435,0.32937928148043605
59.15966386554622,65332.014595937704,0.3096032575342602
59.15966386554622,70589.40086618738,0.2910145915826795
59.15966386554622,76269.85859023452,0.2735419943204634
59.15966386554622,82407.43309893666,0.25711845667215655
59.15966386554622,89038.90941296735,0.2416809928058863
59.15966386554622,96204.0327106476,0.22717039857669652
59.15966386554622,103945.74653722627,0.21353102447301028
59.15966386554622,112310.45018329516,0.20071056219545041
59.15966386554622,121348.27677491431,0.18865984404952663
59.15966386554622,131113.3937421563,0.17733265438284196
59.15966386554622,141664.3274669022,0.16668555234366172
59.15966386554622,153064.31405563594,0.1566777052811088
59.15966386554622,165381.6783395673,0.14727073214805483
59.15966386554622,178690.24337358287,0.1384285563061485
59.15966386554622,193069.77288832495,0.13011726716846939
59.15966386554622,208606.44934719568,0.12230499014919531
59.15966386554622,225393.39047347888,0.11496176442152932
59.15966386554622,243531.20734334175,0.108059428015073
59.15966386554622,263128.6073895945,0.10157150981198754
59.15966386554622,284303.0459302665,0.09547312802773313
59.15966386554622,307181.43012686964,0.08974089478705526
59.15966386554622,331900.87959146773,0.08435282642925401
59.15966386554622,358609.54820118286,0.07928825919875077
59.15966386554622,387467.51204561285,0.07452776999761618
59.15966386554622,418647.72882899473,0.07005310189613911
59.15966386554622,452337.0744772105,0.06584709411576131
59.15966386554622,488737.4631624427,0.06189361621585663
59.15966386554622,528067.0574582637,0.05817750623195381
59.15966386554622,570561.5758781021,0.05468451252815812
59.15966386554622,616475.7056337161,0.05140123914076981
59.15966386554622,666084.6290809154,0.04831509440348662
59.15966386554622,719685.6730011514,0.04541424265716374
59.15966386554622,777600.0906038043,0.04268755885893319
59.15966386554622,840174.9869294344,0.040124585916604415
59.15966386554622,907785.3991937558,0.03771549458471902
59.15966386554622,980836.5445406671,0.035451045768458055
59.15966386554622,1.0597662486760707e6,0.03332255509083285
59.15966386554622,1.1450475699382813e6,0.031321859587271815
59.15966386554622,1.2371916345321594e6,0.02944128639987348
59.15966386554622,1.336750699919709e6,0.027673623351265133
59.15966386554622,1.4443214647272818e6,0.026012091285215706
59.15966386554622,1.5605486450070748e6,0.0244503180679252
59.15966386554622,1.6861288382868804e6,0.022982314150284677
59.15966386554622,1.8218146985669748e6,0.02160244959738455
59.15966386554622,1.9684194472866112e6,0.02030543249717783
59.15966386554622,2.126821747296208e6,0.019086288665493036
59.15966386554622,2.2979709690469606e6,0.017940342569564005
59.15966386554622,2.48289288056033e6,0.016863199396916162
59.15966386554622,2.6826957952797273e6,0.01585072820084199
59.15966386554622,2.898577214651068e6,0.014899046057826585
59.15966386554622,3.131831005243845e6,0.014004503176166146
59.15966386554622,3.383855153428233e6,0.013163668898668927
59.15966386554622,3.6561601440851935e6,0.012373318545758016
59.15966386554622,3.9503780135666407e6,0.011630421048517879
59.15966386554622,4.268272131163825e6,0.010932127324256228
59.15966386554622,4.611747767708261e6,0.01027575935000046
59.15966386554622,4.982863514647306e6,0.009658799892024292
59.15966386554622,5.383843622033489e6,0.009078882852016615
59.15966386554622,5.817091329374358e6,0.008533784192868956
59.15966386554622,6.285203269240097e6,0.008021413409281291
59.15966386554622,6.790985029955707e6,0.007539805510474988
59.15966386554622,7.337467970651373e6,0.007087113484265936
59.15966386554622,7.927927389450606e6,0.006661601213596793
59.15966386554622,8.565902153685499e6,0.006261636818362696
59.15966386554622,9.255215909791354e6,0.0058856863969954905
59.15966386554622,1.0e7,0.005532308143805098
62.436974789915965,1000.0,7.703845966781887
62.436974789915965,1080.4718223181285,7.241304905814221
62.436974789915965,1167.4193588234587,6.806534939180938
62.436974789915965,1261.3637220374437,6.397868682630984
62.436974789915965,1362.867959355774,6.013738862128861
62.436974789915965,1472.5404276241222,5.65267230320939
62.436974789915965,1591.0384392721533,5.313284281213252
62.436974789915965,1719.0722018585745,4.994273210735969
62.436974789915965,1857.4090746385718,4.694415653923839
62.436974789915965,2006.8781676649664,4.412561628473199
62.436974789915965,2168.375310987435,4.147630197338707
62.436974789915965,2342.8684237322327,3.8986053232367697
62.436974789915965,2531.403315241567,3.664531972045742
62.436974789915965,2735.109953041208,3.4445124501590616
62.436974789915965,2955.209235202888,3.2377029617447377
62.436974789915965,3193.020307691027,3.043310372707922
62.436974789915965,3449.9684705497157,2.8605891689460776
62.436974789915965,3727.593720314942,2.688838597231355
62.436974789915965,4027.5599798502976,2.527399977755202
62.436974789915965,4351.665070924416,2.3756541780285136
62.436974789915965,4701.851489299852,2.23301923844955
62.436974789915965,5080.218046913023,2.0989481404334076
62.436974789915965,5489.032450921557,1.9729267085436264
62.436974789915965,5930.744895010559,1.854471638580381
62.436974789915965,6408.002744415996,1.7431286440628349
62.436974789915965,6923.6664026787275,1.6384707139971904
62.436974789915965,7480.826455225086,1.5400964752488413
62.436974789915965,8082.822192522714,1.4476286532381506
62.436974789915965,8733.261623828437,1.3607126250564923
62.436974789915965,9436.04310147889,1.2790150594536016
62.436974789915965,10195.378685327301,1.2022226384804684
62.436974789915965,11015.819387358995,1.1300408558851458
62.436974789915965,11902.282447787144,1.062192887653213
62.436974789915965,12860.08080610565,0.9984185303612981
62.436974789915965,13894.954943731389,0.938473203272157
62.436974789915965,15013.107289081743,0.8821270103442425
62.436974789915965,16221.239391291729,0.8291638585584727
62.436974789915965,17526.592085367585,0.7793806291809144
62.436974789915965,18936.988889503602,0.7325863987830841
62.436974789915965,20460.88289466011,0.6886017070324061
62.436974789915965,22107.407427431233,0.6472578684447348
62.436974789915965,23886.430789846003,0.6083963254594501
62.436974789915965,25808.615404180768,0.5718680403561079
62.436974789915965,27885.481717262915,0.5375329236805718
62.436974789915965,30129.47724726992,0.5052592969886142
62.436974789915965,32554.05118685032,0.4749233878465322
62.436974789915965,35173.7350096938,0.44640885515207124
62.436974789915965,38004.22956365882,0.4196063429552116
62.436974789915965,41062.49917244294,0.39441306106767915
62.436974789915965,44366.873309786155,0.37073239085277865
62.436974789915965,47937.15645558219,0.34847351468371707
62.436974789915965,51794.74679231213,0.3275510676493472
62.436974789915965,55962.76445319552,0.30788481017160213
62.436974789915965,60466.19009070435,0.2893993202790662
62.436974789915965,65332.014595937704,0.27202370435652756
62.436974789915965,70589.40086618738,0.25569132526120897
62.436974789915965,76269.85859023452,0.24033954676297484
62.436974789915965,82407.43309893666,0.22590949332842106
62.436974789915965,89038.90941296735,0.21234582432759272
62.436974789915965,96204.0327106476,0.199596521797396
62.436974789915965,103945.74653722627,0.18761269094775243
62.436974789915965,112310.45018329516,0.17634837264541992
62.436974789915965,121348.27677491431,0.16576036715633727
62.436974789915965,131113.3937421563,0.15580806847052783
62.436974789915965,141664.3274669022,0.14645330857418123
62.436974789915965,153064.31405563594,0.13766021107168488
62.436974789915965,165381.6783395673,0.1293950535962262
62.436974789915965,178690.24337358287,0.12162613848130376
62.436974789915965,193069.77288832495,0.11432367119715545
62.436974789915965,208606.44934719568,0.10745964608589795
62.436974789915965,225393.39047347888,0.10100773895715974
62.436974789915965,243531.20734334175,0.09494320613230278
62.436974789915965,263128.6073895945,0.08924278955005747
62.436974789915965,284303.0459302665,0.08388462756964073
62.436974789915965,307181.43012686964,0.07884817112928086
62.436974789915965,331900.87959146773,0.0741141049386075
62.436974789915965,358609.54820118286,0.0696642734026724
62.436974789915965,387467.51204561285,0.0654816109935129
62.436974789915965,418647.72882899473,0.06155007680222593
62.436974789915965,452337.0744772105,0.057854593020553687
62.436974789915965,488737.4631624427,0.05438098711605273
62.436974789915965,528067.0574582637,0.051115937479080935
62.436974789915965,570561.5758781021,0.048046922333155405
62.436974789915965,616475.7056337161,0.0451621717127465
62.436974789915965,666084.6290809154,0.042450622324338404
62.436974789915965,719685.6730011514,0.03990187511764427
62.436974789915965,777600.0906038043,0.037506155404257474
62.436974789915965,840174.9869294344,0.03525427537079021
62.436974789915965,907785.3991937558,0.03313759884273351
62.436974789915965,980836.5445406671,0.031148008163905127
62.436974789915965,1.0597662486760707e6,0.029277873064464614
62.436974789915965,1.1450475699382813e6,0.027520021398101252
62.436974789915965,1.2371916345321594e6,0.025867711636169723
62.436974789915965,1.336750699919709e6,0.02431460701328512
62.436974789915965,1.4443214647272818e6,0.02285475122522414
62.436974789915965,1.5605486450070748e6,0.02148254558593057
62.436974789915965,1.6861288382868804e6,0.020192727556020848
62.436974789915965,1.8218146985669748e6,0.018980350560444125
62.436974789915965,1.9684194472866112e6,0.01784076501789552
62.436974789915965,2.126821747296208e6,0.01676960050922878
62.436974789915965,2.2979709690469606e6,0.015762749016482384
62.436974789915965,2.48289288056033e6,0.014816349168239243
62.436974789915965,2.6826957952797273e6,0.01392677143089937
62.436974789915965,2.898577214651068e6,0.013090604189072591
62.436974789915965,3.131831005243845e6,0.012304640661708513
62.436974789915965,3.383855153428233e6,0.011565866603785602
62.436974789915965,3.6561601440851935e6,0.010871448746394277
62.436974789915965,3.9503780135666407e6,0.010218723930880693
62.436974789915965,4.268272131163825e6,0.009605188895379485
62.436974789915965,4.611747767708261e6,0.009028490674566078
62.436974789915965,4.982863514647306e6,0.008486417575810326
62.436974789915965,5.383843622033489e6,0.007976890697124608
62.436974789915965,5.817091329374358e6,0.0074979559543765775
62.436974789915965,6.285203269240097e6,0.007047776587190336
62.436974789915965,6.790985029955707e6,0.0066246261147953345
62.436974789915965,7.337467970651373e6,0.006226881714808126
62.436974789915965,7.927927389450606e6,0.005853017999553873
62.436974789915965,8.565902153685499e6,0.005501601166059293
62.436974789915965,9.255215909791354e6,0.005171283497281575
62.436974789915965,1.0e7,0.004860798193485143
65.71428571428571,1000.0,6.81372397824223
65.71428571428571,1080.4718223181285,6.404626089781527
65.71428571428571,1167.4193588234587,6.020090552668984
65.71428571428571,1261.3637220374437,5.65864263647757
65.71428571428571,1362.867959355774,5.318896154006486
65.71428571428571,1472.5404276241222,4.999548145121166
65.71428571428571,1591.0384392721533,4.699373879777011
65.71428571428571,1719.0722018585745,4.417222161062963
65.71428571428571,1857.4090746385718,4.152010910251647
65.71428571428571,2006.8781676649664,3.9027230169243414
65.71428571428571,2168.375310987435,3.668402438255605
65.71428571428571,2342.8684237322327,3.448150532497953
65.71428571428571,2531.403315241567,3.2411226126050976
65.71428571428571,2735.109953041208,3.0465247067766548
65.71428571428571,2955.209235202888,2.8636105135006256
65.71428571428571,3193.020307691027,2.6916785394159946
65.71428571428571,3449.9684705497157,2.530069409018824
65.71428571428571,3727.593720314942,2.3781633358943806
65.71428571428571,4027.5599798502976,2.235377745777177
65.71428571428571,4351.665070924416,2.1011650423231396
65.71428571428571,4701.851489299852,1.9750105070254556
65.71428571428571,5080.218046913023,1.8564303252200487
65.71428571428571,5489.032450921557,1.744969730610247
65.71428571428571,5930.744895010559,1.6402012611946934
65.71428571428571,6408.002744415996,1.5417231199098391
65.71428571428571,6923.6664026787275,1.449157633699922
65.71428571428571,7480.826455225086,1.3621498051048029
65.71428571428571,8082.822192522714,1.2803659508108856
65.71428571428571,8733.261623828437,1.2034924219438052
65.71428571428571,9436.04310147889,1.1312344011951159
65.71428571428571,10195.378685327301,1.063314772169812
65.71428571428571,11015.819387358995,0.9994730566185515
65.71428571428571,11902.282447787144,0.9394644154787474
65.71428571428571,12860.08080610565,0.8830587098934339
65.71428571428571,13894.954943731389,0.8300396186068153
65.71428571428571,15013.107289081743,0.7802038083516464
65.71428571428571,16221.239391291729,0.7333601540467654
65.71428571428571,17526.592085367585,0.6893290058142026
65.71428571428571,18936.988889503602,0.6479415000047795
65.71428571428571,20460.88289466011,0.60903891158992
65.71428571428571,22107.407427431233,0.5724720454360438
65.71428571428571,23886.430789846003,0.53810066412701
65.71428571428571,25808.615404180768,0.5057929501402669
65.71428571428571,27885.481717262915,0.4754250003140878
65.71428571428571,30129.47724726992,0.4468803506671414
65.71428571428571,32554.05118685032,0.42004952974802506
65.71428571428571,35173.7350096938,0.3948296388018175
65.71428571428571,38004.22956365882,0.37112395714354834
65.71428571428571,41062.49917244294,0.3488415712251546
65.71428571428571,44366.873309786155,0.3278970259733606
65.71428571428571,47937.15645558219,0.30820999706133057
65.71428571428571,51794.74679231213,0.2897049828572188
65.71428571428571,55962.76445319552,0.272311014868218
65.71428571428571,60466.19009070435,0.2559613855696272
65.71428571428571,65332.014595937704,0.24059339257513784
65.71428571428571,70589.40086618738,0.22614809816720716
65.71428571428571,76269.85859023452,0.21257010326529488
65.71428571428571,82407.43309893666,0.19980733496511197
65.71428571428571,89038.90941296735,0.1878108468340687
65.71428571428571,96204.0327106476,0.17653463119704277
65.71428571428571,103945.74653722627,0.16593544269256058
65.71428571428571,112310.45018329516,0.15597263242271592
65.71428571428571,121348.27677491431,0.14660799206077219
65.71428571428571,131113.3937421563,0.13780560731858926
65.71428571428571,141664.3274669022,0.12953172021190543
65.71428571428571,153064.31405563594,0.12175459959525202
65.71428571428571,165381.6783395673,0.11444441946998585
65.71428571428571,178690.24337358287,0.10757314459874276
65.71428571428571,193069.77288832495,0.101114422987631
65.71428571428571,208606.44934719568,0.09504348482382327
65.71428571428571,225393.39047347888,0.08933704748096459
65.71428571428571,243531.20734334175,0.0839732262280812
65.71428571428571,263128.6073895945,0.0789314502995524
65.71428571428571,284303.0459302665,0.07419238400426374
65.71428571428571,307181.43012686964,0.06973785257138938
65.71428571428571,331900.87959146773,0.06555077244841391
65.71428571428571,358609.54820118286,0.061615085784080856
65.71428571428571,387467.51204561285,0.05791569884500276
65.71428571428571,418647.72882899473,0.05443842412975535
65.71428571428571,452337.0744772105,0.051169925958457735
65.71428571428571,488737.4631624427,0.04809766932916937
65.71428571428571,528067.0574582637,0.045209871844963036
65.71428571428571,570561.5758781021,0.04249545852730986
65.71428571428571,616475.7056337161,0.03994401934248151
65.71428571428571,666084.6290809154,0.03754576927807865
65.71428571428571,719685.6730011514,0.0352915108165762
65.71428571428571,777600.0906038043,0.03317259866196698
65.71428571428571,840174.9869294344,0.031180906584228018
65.71428571428571,907785.3991937558,0.029308796254453717
65.71428571428571,980836.5445406671,0.027549087951136864
65.71428571428571,1.0597662486760707e6,0.025895033025252444
65.71428571428571,1.1450475699382813e6,0.02434028801854557
65.71428571428571,1.2371916345321594e6,0.0228788903357646
65.71428571428571,1.336750699919709e6,0.02150523537754011
65.71428571428571,1.4443214647272818e6,0.02021405504621244
65.71428571428571,1.5605486450070748e6,0.019000397542174946
65.71428571428571,1.6861288382868804e6,0.017859608373250756
65.71428571428571,1.8218146985669748e6,0.016787312504271804
65.71428571428571,1.9684194472866112e6,0.015779397578401966
65.71428571428571,2.126821747296208e6,0.014831998145856787
65.71428571428571,2.2979709690469606e6,0.013941480839535197
65.71428571428571,2.48289288056033e6,0.013104430440710458
65.71428571428571,2.6826957952797273e6,0.01231763678134097
65.71428571428571,2.898577214651068e6,0.011578082432769834
65.71428571428571,3.131831005243845e6,0.010882931133598476
65.71428571428571,3.383855153428233e6,0.01022951691235394
65.71428571428571,3.6561601440851935e6,0.009615333863234207
65.71428571428571,3.9503780135666407e6,0.009038026535720684
65.71428571428571,4.268272131163825e6,0.008495380901201003
65.71428571428571,4.611747767708261e6,0.007985315861958352
65.71428571428571,4.982863514647306e6,0.007505875269963359
65.71428571428571,5.383843622033489e6,0.007055220424860054
65.71428571428571,5.817091329374358e6,0.006631623022374773
65.71428571428571,6.285203269240097e6,0.006233458526104584
65.71428571428571,6.790985029955707e6,0.005859199937265386
65.71428571428571,7.337467970651373e6,0.005507411938506047
65.71428571428571,7.927927389450606e6,0.005176745389329603
65.71428571428571,8.565902153685499e6,0.0048659321520109185
65.71428571428571,9.255215909791354e6,0.0045737802281676145
65.71428571428571,1.0e7,0.004299169187332733
68.99159663865547,1000.0,6.062575592216918
68.99159663865547,1080.4718223181285,5.698576862399109
68.99159663865547,1167.4193588234587,5.356432717863339
68.99159663865547,1261.3637220374437,5.034831003212576
68.99159663865547,1362.867959355774,4.732538345225849
68.99159663865547,1472.5404276241222,4.448395422754446
68.99159663865547,1591.0384392721533,4.1813125206148465
68.99159663865547,1719.0722018585745,3.930265350427139
68.99159663865547,1857.4090746385718,3.694291122371485
68.99159663865547,2006.8781676649664,3.472484852797416
68.99159663865547,2168.375310987435,3.263995893525295
68.99159663865547,2342.8684237322327,3.0680246695295024
68.99159663865547,2531.403315241567,2.883819612492006
68.99159663865547,2735.109953041208,2.7106742784662523
68.99159663865547,2955.209235202888,2.54792463859731
68.99159663865547,3193.020307691027,2.394946532507949
68.99159663865547,3449.9684705497157,2.2511532745841016
68.99159663865547,3727.593720314942,2.115993403979637
68.99159663865547,4027.5599798502976,1.9889485697114644
68.99159663865547,4351.665070924416,1.869531542734126
68.99159663865547,4701.851489299852,1.7572843473699669
68.99159663865547,5080.218046913023,1.6517765049287811
68.99159663865547,5489.032450921557,1.552603382781017
68.99159663865547,5930.744895010559,1.4593846425530754
68.99159663865547,6408.002744415996,1.3717627814934112
68.99159663865547,6923.6664026787275,1.2894017614154136
68.99159663865547,7480.826455225086,1.2119857199589417
68.99159663865547,8082.822192522714,1.1392177592280697
68.99159663865547,8733.261623828437,1.07081880715937
68.99159663865547,9436.04310147889,1.0065265472539549
68.99159663865547,10195.378685327301,0.9460944125687072
68.99159663865547,11015.819387358995,0.8892906401085591
68.99159663865547,11902.282447787144,0.83589738199332
68.99159663865547,12860.08080610565,0.7857098699903001
68.99159663865547,13894.954943731389,0.738535630208621
68.99159663865547,15013.107289081743,0.6941937449435119
68.99159663865547,16221.239391291729,0.6525141588396612
68.99159663865547,17526.592085367585,0.6133370267127326
68.99159663865547,18936.988889503602,0.5765121005278483
68.99159663865547,20460.88289466011,0.5418981531840595
68.99159663865547,22107.407427431233,0.5093624368949556
68.99159663865547,23886.430789846003,0.47878017408825396
68.99159663865547,25808.615404180768,0.45003407887192226
68.99159663865547,27885.481717262915,0.4230139072316034
68.99159663865547,30129.47724726992,0.3976160342343169
68.99159663865547,32554.05118685032,0.3737430566169671
68.99159663865547,35173.7350096938,0.3513034192355458
68.99159663865547,38004.22956365882,0.330211063942433
68.99159663865547,41062.49917244294,0.3103850995451988
68.99159663865547,44366.873309786155,0.29174949158117236
68.99159663865547,47937.15645558219,0.274232770718034
68.99159663865547,51794.74679231213,0.25776775866211304
68.99159663865547,55962.76445319552,0.24229131052323155
68.99159663865547,60466.19009070435,0.22774407264803354
68.99159663865547,65332.014595937704,0.2140702549930679
68.99159663865547,70589.40086618738,0.20121741716465594
68.99159663865547,76269.85859023452,0.18913626730498478
68.99159663865547,82407.43309893666,0.1777804730531358
68.99159663865547,89038.90941296735,0.16710648385606455
68.99159663865547,96204.0327106476,0.1570733639480808
68.99159663865547,103945.74653722627,0.14764263535828598
68.99159663865547,112310.45018329516,0.13877813034388853
68.99159663865547,121348.27677491431,0.13044585268346365
68.99159663865547,131113.3937421563,0.12261384729820474
68.99159663865547,141664.3274669022,0.11525207770115092
68.99159663865547,153064.31405563594,0.1083323108043984
68.99159663865547,165381.6783395673,0.10182800864251643
68.99159663865547,178690.24337358287,0.09571422659692225
68.99159663865547,193069.77288832495,0.08996751773089161
68.99159663865547,208606.44934719568,0.08456584286832203
68.99159663865547,225393.39047347888,0.07948848607139246
68.99159663865547,243531.20734334175,0.07471597519296755
68.99159663865547,263128.6073895945,0.0702300071990585
68.99159663865547,284303.0459302665,0.0660133779749427
68.99159663865547,307181.43012686964,0.062049916345744985
68.99159663865547,331900.87959146773,0.058324422058441
68.99159663865547,358609.54820118286,0.054822607487438314
68.99159663865547,387467.51204561285,0.05153104284017079
68.99159663865547,418647.72882899473,0.04843710465256456
68.99159663865547,452337.0744772105,0.04552892737685011
68.99159663865547,488737.4631624427,0.04279535787605635
68.99159663865547,528067.0574582637,0.04022591265066709
68.99159663865547,570561.5758781021,0.03781073763340174
68.99159663865547,616475.7056337161,0.035540570397928135
68.99159663865547,666084.6290809154,0.03340670463657508
68.99159663865547,719685.6730011514,0.031400956770812706
68.99159663865547,777600.0906038043,0.029515634566448987
68.99159663865547,840174.9869294344,0.027743507633178784
68.99159663865547,907785.3991937558,0.026077779695347813
68.99159663865547,980836.5445406671,0.02451206252758805
68.99159663865547,1.0597662486760707e6,0.02304035145536467
68.99159663865547,1.1450475699382813e6,0.02165700232647703
68.99159663865547,1.2371916345321594e6,0.020356709865197158
68.99159663865547,1.336750699919709e6,0.019134487326031742
68.99159663865547,1.4443214647272818e6,0.01798564736907811
68.99159663865547,1.5605486450070748e6,0.01690578408362891
68.99159663865547,1.6861288382868804e6,0.015890756091084757
68.99159663865547,1.8218146985669748e6,0.014936670662372706
68.99159663865547,1.9684194472866112e6,0.014039868788959275
68.99159663865547,2.126821747296208e6,0.013196911150204105
68.99159663865547,2.2979709690469606e6,0.012404564923237518
68.99159663865547,2.48289288056033e6,0.011659791384776767
68.99159663865547,2.6826957952797273e6,0.010959734257332777
68.99159663865547,2.898577214651068e6,0.010301708755113664
68.99159663865547,3.131831005243845e6,0.009683191287615463
68.99159663865547,3.383855153428233e6,0.009101809781412083
68.99159663865547,3.6561601440851935e6,0.008555334583027652
68.99159663865547,3.9503780135666407e6,0.008041669908003006
68.99159663865547,4.268272131163825e6,0.00755884580336254
68.99159663865547,4.611747767708261e6,0.007105010592656893
68.99159663865547,4.982863514647306e6,0.006678423774607254
68.99159663865547,5.383843622033489e6,0.006277449348117147
68.99159663865547,5.817091329374358e6,0.005900549538052305
68.99159663865547,6.285203269240097e6,0.005546278897726528
68.99159663865547,6.790985029955707e6,0.005213278765475875
68.99159663865547,7.337467970651373e6,0.004900272054061747
68.99159663865547,7.927927389450606e6,0.004606058352919591
68.99159663865547,8.565902153685499e6,0.004329509324470056
68.99159663865547,9.255215909791354e6,0.004069564376836801
68.99159663865547,1.0e7,0.0038252265963756205
72.26890756302521,1000.0,5.423560146941553
72.26890756302521,1080.4718223181285,5.09792808272257
72.26890756302521,1167.4193588234587,4.791847058480027
72.26890756302521,1261.3637220374437,4.5041432243196455
72.26890756302521,1362.867959355774,4.233713208622253
72.26890756302521,1472.5404276241222,3.979519886508496
72.26890756302521,1591.0384392721533,3.7405884023661025
72.26890756302521,1719.0722018585745,3.5160024311857234
72.26890756302521,1857.4090746385718,3.3049006643671843
72.26890756302521,2006.8781676649664,3.1064735065189475
72.26890756302521,2168.375310987435,2.919959970582628
72.26890756302521,2342.8684237322327,2.7446447593751313
72.26890756302521,2531.403315241567,2.579855522355764
72.26890756302521,2735.109953041208,2.424960277097869
72.26890756302521,2955.209235202888,2.2793649855759837
72.26890756302521,3193.020307691027,2.1425112759734195
72.26890756302521,3449.9684705497157,2.0138743012731193
72.26890756302521,3727.593720314942,1.8929607264193493
72.26890756302521,4027.5599798502976,1.7793068363307496
72.26890756302521,4351.665070924416,1.6724767575088033
72.26890756302521,4701.851489299852,1.572060786421439
72.26890756302521,5080.218046913023,1.477673818250943
72.26890756302521,5489.032450921557,1.3889538699802948
72.26890756302521,5930.744895010559,1.305560692153792
72.26890756302521,6408.002744415996,1.2271744639879723
72.26890756302521,6923.6664026787275,1.153494566828432
72.26890756302521,7480.826455225086,1.0842384312486428
72.26890756302521,8082.822192522714,1.01914045336927
72.26890756302521,8733.261623828437,0.9579509762419891
72.26890756302521,9436.04310147889,0.9004353323913017
72.26890756302521,10195.378685327301,0.8463729438424008
72.26890756302521,11015.819387358995,0.7955564761836218
72.26890756302521,11902.282447787144,0.7477910434192142
72.26890756302521,12860.08080610565,0.7028934605629821
72.26890756302521,13894.954943731389,0.6606915411064003
72.26890756302521,15013.107289081743,0.6210234366669531
72.26890756302521,16221.239391291729,0.58373701628416
72.26890756302521,17526.592085367585,0.548689282982846
72.26890756302521,18936.988889503602,0.5157458253661188
72.26890756302521,20460.88289466011,0.4847803021348516
72.26890756302521,22107.407427431233,0.4556739575567621
72.26890756302521,23886.430789846003,0.4283151660268624
72.26890756302521,25808.615404180768,0.40259900397263004
72.26890756302521,27885.481717262915,0.3784268474621055
72.26890756302521,30129.47724726992,0.35570599397171715
72.26890756302521,32554.05118685032,0.33434930686326964
72.26890756302521,35173.7350096938,0.31427488120663344
72.26890756302521,38004.22956365882,0.29540572966653234
72.26890756302521,41062.49917244294,0.27766948724877777
72.26890756302521,44366.873309786155,0.26099813377361863
72.26890756302521,47937.15645558219,0.245327733011873
72.26890756302521,51794.74679231213,0.2305981874833939
72.26890756302521,55962.76445319552,0.21675300797750802
72.26890756302521,60466.19009070435,0.2037390969115098
72.26890756302521,65332.014595937704,0.19150654469637127
72.26890756302521,70589.40086618738,0.18000843832871322
72.26890756302521,76269.85859023452,0.1692006814749664
72.26890756302521,82407.43309893666,0.15904182535773081
72.26890756302521,89038.90941296735,0.14949290979576396
72.26890756302521,96204.0327106476,0.14051731378797408
72.26890756302521,103945.74653722627,0.13208061506839072
72.26890756302521,112310.45018329516,0.12415045809349536
72.26890756302521,121348.27677491431,0.11669642995562814
72.26890756302521,131113.3937421563,0.10968994374658954
72.26890756302521,141664.3274669022,0.10310412892412288
72.26890756302521,153064.31405563594,0.09691372826082505
72.26890756302521,165381.6783395673,0.09109500098027183
72.26890756302521,178690.24337358287,0.08562563170887831
72.26890756302521,193069.77288832495,0.0804846448943152
72.26890756302521,208606.44934719568,0.07565232436226627
72.26890756302521,225393.39047347888,0.0711101377030216
72.26890756302521,243531.20734334175,0.06684066519791998
72.26890756302521,263128.6073895945,0.06282753301306855
72.26890756302521,284303.0459302665,0.05905535040412874
72.26890756302521,307181.43012686964,0.05550965069134576
72.26890756302521,331900.87959146773,0.052176835778452994
72.26890756302521,358609.54820118286,0.04904412400267709
72.26890756302521,387467.51204561285,0.04609950111584332
72.26890756302521,418647.72882899473,0.04333167420858891
72.26890756302521,452337.0744772105,0.04073002840097955
72.26890756302521,488737.4631624427,0.03828458613343355
72.26890756302521,528067.0574582637,0.03598596890182976
72.26890756302521,570561.5758781021,0.03382536129005077
72.26890756302521,616475.7056337161,0.03179447716202215
72.26890756302521,666084.6290809154,0.02988552788359089
72.26890756302521,719685.6730011514,0.028091192452371305
72.26890756302521,777600.0906038043,0.026404589421003228
72.26890756302521,840174.9869294344,0.024819250506145852
72.26890756302521,907785.3991937558,0.02332909578199442
72.26890756302521,980836.5445406671,0.02192841036318568
72.26890756302521,1.0597662486760707e6,0.020611822487667818
72.26890756302521,1.1450475699382813e6,0.019374282915481166
72.26890756302521,1.2371916345321594e6,0.018211045564441843
72.26890756302521,1.336750699919709e6,0.017117649308464215
72.26890756302521,1.4443214647272818e6,0.01608990086871746
72.26890756302521,1.5605486450070748e6,0.015123858732001437
72.26890756302521,1.6861288382868804e6,0.014215818034668119
72.26890756302521,1.8218146985669748e6,0.013362296354116478
72.26890756302521,1.9684194472866112e6,0.012560020353369908
72.26890756302521,2.126821747296208e6,0.01180591322751703
72.26890756302521,2.2979709690469606e6,0.011097082903871677
72.26890756302521,2.48289288056033e6,0.010430810950598557
72.26890756302521,2.6826957952797273e6,0.009804542151268135
72.26890756302521,2.898577214651068e6,0.009215874705358108
72.26890756302521,3.131831005243845e6,0.008662551017119562
72.26890756302521,3.383855153428233e6,0.008142449037482144
72.26890756302521,3.6561601440851935e6,0.007653574125793665
72.26890756302521,3.9503780135666407e6,0.007194051400183136
72.26890756302521,4.268272131163825e6,0.00676211854721013
72.26890756302521,4.611747767708261e6,0.006356119063224829
72.26890756302521,4.982863514647306e6,0.005974495901518636
72.26890756302521,5.383843622033489e6,0.005615785500901713
72.26890756302521,5.817091329374358e6,0.005278612172806348
72.26890756302521,6.285203269240097e6,0.004961682825390203
72.26890756302521,6.790985029955707e6,0.004663782004405889
72.26890756302521,7.337467970651373e6,0.004383767231818096
72.26890756302521,7.927927389450606e6,0.004120564624291471
72.26890756302521,8.565902153685499e6,0.003873164774745704
72.26890756302521,9.255215909791354e6,0.0036406188811831637
72.26890756302521,1.0e7,0.0034220351079428473
75.54621848739495,1000.0,4.875930241225172
75.54621848739495,1080.4718223181285,4.583178029316304
75.54621848739495,1167.4193588234587,4.308002741878771
75.54621848739495,1261.3637220374437,4.049349055463933
75.54621848739495,1362.867959355774,3.806225008537396
75.54621848739495,1472.5404276241222,3.5776981972120163
75.54621848739495,1591.0384392721533,3.3628921993901466
75.54621848739495,1719.0722018585745,3.1609832136013822
75.54621848739495,1857.4090746385718,2.971196899645404
75.54621848739495,2006.8781676649664,2.7928054089235417
75.54621848739495,2168.375310987435,2.6251245930700344
75.54621848739495,2342.8684237322327,2.4675113801778576
75.54621848739495,2531.403315241567,2.3193613085566818
75.54621848739495,2735.109953041208,2.180106208564683
75.54621848739495,2955.209235202888,2.0492120236238414
75.54621848739495,3193.020307691027,1.926176762062062
75.54621848739495,3449.9684705497157,1.8105285719272823
75.54621848739495,3727.593720314942,1.7018239313902714
75.54621848739495,4027.5599798502976,1.5996459477961575
75.54621848739495,4351.665070924416,1.503602758841364
75.54621848739495,4701.851489299852,1.4133260297443369
75.54621848739495,5080.218046913023,1.3284695406465612
75.54621848739495,5489.032450921557,1.2487078588264133
75.54621848739495,5930.744895010559,1.1737350906336574
75.54621848739495,6408.002744415996,1.103263708358156
75.54621848739495,6923.6664026787275,1.0370234475336948
75.54621848739495,7480.826455225086,0.9747602704480095
75.54621848739495,8082.822192522714,0.9162353918839478
75.54621848739495,8733.261623828437,0.8612243633554055
75.54621848739495,9436.04310147889,0.8095162123260031
75.54621848739495,10195.378685327301,0.7609126331092959
75.54621848739495,11015.819387358995,0.7152272263475749
75.54621848739495,11902.282447787144,0.6722847841525681
75.54621848739495,12860.08080610565,0.631920618166492
75.54621848739495,13894.954943731389,0.5939799279665067
75.54621848739495,15013.107289081743,0.5583172073903458
75.54621848739495,16221.239391291729,0.5247956865063155
75.54621848739495,17526.592085367585,0.49328680708757405
75.54621848739495,18936.988889503602,0.4636697295790855
75.54621848739495,20460.88289466011,0.43583086966640616
75.54621848739495,22107.407427431233,0.40966346266901926
75.54621848739495,23886.430789846003,0.38506715408760905
75.54621848739495,25808.615404180768,0.361947614734996
75.54621848739495,27885.481717262915,0.34021617897471235
75.54621848739495,30129.47724726992,0.3197895046798389
75.54621848739495,32554.05118685032,0.3005892536080065
75.54621848739495,35173.7350096938,0.2825417909667713
75.54621848739495,38004.22956365882,0.26557790301717027
75.54621848739495,41062.49917244294,0.24963253163243523
75.54621848739495,44366.873309786155,0.2346445247938787
75.54621848739495,47937.15645558219,0.22055640206707508
75.54621848739495,51794.74679231213,0.20731413415891609
75.54621848739495,55962.76445319552,0.19486693571012437
75.54621848739495,60466.19009070435,0.18316707052856104
75.54621848739495,65332.014595937704,0.17216966851638
75.54621848739495,70589.40086618738,0.16183255358892729
75.54621848739495,76269.85859023452,0.1521160819254369
75.54621848739495,82407.43309893666,0.14298298993120181
75.54621848739495,89038.90941296735,0.13439825132813582
75.54621848739495,96204.0327106476,0.12632894282566032
75.54621848739495,103945.74653722627,0.11874411785674763
75.54621848739495,112310.45018329516,0.1116146878948876
75.54621848739495,121348.27677491431,0.10491331089681635
75.54621848739495,131113.3937421563,0.09861428644317521
75.54621848739495,141664.3274669022,0.09269345717495316
75.54621848739495,153064.31405563594,0.0871281161477138
75.54621848739495,165381.6783395673,0.08189691974829874
75.54621848739495,178690.24337358287,0.07697980584003798
75.54621848739495,193069.77288832495,0.07235791682254385
75.54621848739495,208606.44934719568,0.06801352731101647
75.54621848739495,225393.39047347888,0.06392997615770442
75.54621848739495,243531.20734334175,0.06009160255481483
75.54621848739495,263128.6073895945,0.056483685973824055
75.54621848739495,284303.0459302665,0.05309238971084716
75.54621848739495,307181.43012686964,0.04990470782156061
75.54621848739495,331900.87959146773,0.04690841524216621
75.54621848739495,358609.54820118286,0.0440920209051067
75.54621848739495,387467.51204561285,0.04144472366972651
75.54621848739495,418647.72882899473,0.03895637089886824
75.54621848739495,452337.0744772105,0.03661741952254161
75.54621848739495,488737.4631624427,0.03441889943934094
75.54621848739495,528067.0574582637,0.03235237911525112
75.54621848739495,570561.5758781021,0.030409933247911514
75.54621848739495,616475.7056337161,0.028584112372326113
75.54621848739495,666084.6290809154,0.0268679142914554
75.54621848739495,719685.6730011514,0.025254757222123524
75.54621848739495,777600.0906038043,0.023738454553252568
75.54621848739495,840174.9869294344,0.02231319111961972
75.54621848739495,907785.3991937558,0.020973500900144253
75.54621848739495,980836.5445406671,0.01971424605517603
75.54621848739495,1.0597662486760707e6,0.018530597222390786
75.54621848739495,1.1450475699382813e6,0.017418014995725425
75.54621848739495,1.2371916345321594e6,0.016372232516323273
75.54621848739495,1.336750699919709e6,0.015389239108723628
75.54621848739495,1.4443214647272818e6,0.014465264899539436
75.54621848739495,1.5605486450070748e6,0.013596766359633375
75.54621848739495,1.6861288382868804e6,0.012780412714346073
75.54621848739495,1.8218146985669748e6,0.012013073169657893
75.54621848739495,1.9684194472866112e6,0.011291804905295535
75.54621848739495,2.126821747296208e6,0.010613841788735838
75.54621848739495,2.2979709690469606e6,0.009976583766824015
75.54621848739495,2.48289288056033e6,0.009377586894321992
75.54621848739495,2.6826957952797273e6,0.00881455396114562
75.54621848739495,2.898577214651068e6,0.008285325682345008
75.54621848739495,3.131831005243845e6,0.007787872417041033
75.54621848739495,3.383855153428233e6,0.007320286384559167
75.54621848739495,3.6561601440851935e6,0.006880774347908782
75.54621848739495,3.9503780135666407e6,0.006467650736548432
75.54621848739495,4.268272131163825e6,0.006079331182062175
75.54621848739495,4.611747767708261e6,0.0057143264419557875
75.54621848739495,4.982863514647306e6,0.005371236688269824
75.54621848739495,5.383843622033489e6,0.005048746139106032
75.54621848739495,5.817091329374358e6,0.004745618012478389
75.54621848739495,6.285203269240097e6,0.004460689783136345
75.54621848739495,6.790985029955707e6,0.004192868724169691
75.54621848739495,7.337467970651373e6,0.003941127716296747
75.54621848739495,7.927927389450606e6,0.00370450130876403
75.54621848739495,8.565902153685499e6,0.0034820820167506435
75.54621848739495,9.255215909791354e6,0.0032730168410774756
75.54621848739495,1.0e7,0.003076503996874101
78.82352941176471,1000.0,4.403458742976837
78.82352941176471,1080.4718223181285,4.1390738516269545
78.82352941176471,1167.4193588234587,3.890562702908492
78.82352941176471,1261.3637220374437,3.656972232885602
78.82352941176471,1362.867959355774,3.4374065998470202
78.82352941176471,1472.5404276241222,3.2310237486677327
78.82352941176471,1591.0384392721533,3.0370321814473416
78.82352941176471,1719.0722018585745,2.854687922040192
78.82352941176471,1857.4090746385718,2.6832916628359578
78.82352941176471,2006.8781676649664,2.5221860828483185
78.82352941176471,2168.375310987435,2.3707533268263443
78.82352941176471,2342.8684237322327,2.2284126357207366
78.82352941176471,2531.403315241567,2.0946181194175266
78.82352941176471,2735.109953041208,1.9688566631974733
78.82352941176471,2955.209235202888,1.8506459598922194
78.82352941176471,3193.020307691027,1.7395326601903505
78.82352941176471,3449.9684705497157,1.6350906339995728
78.82352941176471,3727.593720314942,1.5369193361972122
78.82352941176471,4027.5599798502976,1.4446422705015003
78.82352941176471,4351.665070924416,1.357905545572454
78.82352941176471,4701.851489299852,1.2763765178048692
78.82352941176471,5080.218046913023,1.1997425156083918
78.82352941176471,5489.032450921557,1.1277096402821822
78.82352941176471,5930.744895010559,1.0600016388853843
78.82352941176471,6408.002744415996,0.9963588447807773
78.82352941176471,6923.6664026787275,0.9365371817884766
78.82352941176471,7480.826455225086,0.8803072281305295
78.82352941176471,8082.822192522714,0.8274533365765306
78.82352941176471,8733.261623828437,0.7777728074159475
78.82352941176471,9436.04310147889,0.7310751110854159
78.82352941176471,10195.378685327301,0.6871811574697058
78.82352941176471,11015.819387358995,0.6459226090740658
78.82352941176471,11902.282447787144,0.6071412354338911
78.82352941176471,12860.08080610565,0.5706883062858126
78.82352941176471,13894.954943731389,0.5364240211729637
78.82352941176471,15013.107289081743,0.5042169732969103
78.82352941176471,16221.239391291729,0.47394364556005264
78.82352941176471,17526.592085367585,0.4454879368657881
78.82352941176471,18936.988889503602,0.4187407168597432
78.82352941176471,20460.88289466011,0.3935994074044642
78.82352941176471,22107.407427431233,0.3699675891824867
78.82352941176471,23886.430789846003,0.34775463191906353
78.82352941176471,25808.615404180768,0.32687534680642844
78.82352941176471,27885.481717262915,0.3072496597965963
78.82352941176471,30129.47724726992,0.2888023045097619
78.82352941176471,32554.05118685032,0.2714625335805603
78.82352941176471,35173.7350096938,0.25516384733517916
78.82352941176471,38004.22956365882,0.23984373875877324
78.82352941176471,41062.49917244294,0.22544345377510594
78.82352941176471,44366.873309786155,0.2119077659190683
78.82352941176471,47937.15645558219,0.19918476453792341
78.82352941176471,51794.74679231213,0.1872256557090054
78.82352941176471,55962.76445319552,0.1759845751103775
78.82352941176471,60466.19009070435,0.16541841212678648
78.82352941176471,65332.014595937704,0.15548664451634553
78.82352941176471,70589.40086618738,0.14615118300387514
78.82352941176471,76269.85859023452,0.1373762252049029
78.82352941176471,82407.43309893666,0.12912811832010865
78.82352941176471,89038.90941296735,0.12137523007363048
78.82352941176471,96204.0327106476,0.11408782740027416
78.82352941176471,103945.74653722627,0.10723796241637422
78.82352941176471,112310.45018329516,0.10079936523699674
78.82352941176471,121348.27677491431,0.09474734322842797
78.82352941176471,131113.3937421563,0.08905868630957071
78.82352941176471,141664.3274669022,0.08371157793907147
78.82352941176471,153064.31405563594,0.07868551144680616
78.82352941176471,165381.6783395673,0.07396121138884532
78.82352941176471,178690.24337358287,0.0695205596242903
78.82352941176471,193069.77288832495,0.06534652583047633
78.82352941176471,208606.44934719568,0.061423102190062404
78.82352941176471,225393.39047347888,0.057735241999526316
78.82352941176471,243531.20734334175,0.05426880196362284
78.82352941176471,263128.6073895945,0.05101048795449891
78.82352941176471,284303.0459302665,0.04794780402744627
78.82352941176471,307181.43012686964,0.04506900449776293
78.82352941176471,331900.87959146773,0.042363048894933066
78.82352941176471,358609.54820118286,0.03981955962137057
78.82352941176471,387467.51204561285,0.03742878215334341
78.82352941176471,418647.72882899473,0.035181547631445674
78.82352941176471,452337.0744772105,0.03306923769714783
78.82352941176471,488737.4631624427,0.03108375144057096
78.82352941176471,528067.0574582637,0.02921747433272495
78.82352941176471,570561.5758781021,0.027463249023064525
78.82352941176471,616475.7056337161,0.025814347890367843
78.82352941176471,666084.6290809154,0.02426444724166797
78.82352941176471,719685.6730011514,0.022807603060287836
78.82352941176471,777600.0906038043,0.02143822820996979
78.82352941176471,840174.9869294344,0.02015107100767587
78.82352941176471,907785.3991937558,0.018941195082882598
78.82352941176471,980836.5445406671,0.017803960446129887
78.82352941176471,1.0597662486760707e6,0.01673500569421923
78.82352941176471,1.1450475699382813e6,0.015730231283816842
78.82352941176471,1.2371916345321594e6,0.014785783809314343
78.82352941176471,1.336750699919709e6,0.013898041224651037
78.82352941176471,1.4443214647272818e6,0.013063598952422203
78.82352941176471,1.5605486450070748e6,0.012279256827000198
78.82352941176471,1.6861288382868804e6,0.011542006821594435
78.82352941176471,1.8218146985669748e6,0.010849021512181969
78.82352941176471,1.9684194472866112e6,0.010197643234066956
78.82352941176471,2.126821747296208e6,0.00958537388948329
78.82352941176471,2.2979709690469606e6,0.009009865367151634
78.82352941176471,2.48289288056033e6,0.008468910537048882
78.82352941176471,2.6826957952797273e6,0.007960434785854297
78.82352941176471,2.898577214651068e6,0.007482488060609604
78.82352941176471,3.131831005243845e6,0.007033237390080167
78.82352941176471,3.383855153428233e6,0.0066109598551356225
78.82352941176471,3.6561601440851935e6,0.006214035981190825
78.82352941176471,3.9503780135666407e6,0.005840943527366504
78.82352941176471,4.268272131163825e6,0.005490251648550431
78.82352941176471,4.611747767708261e6,0.00516061540797009
78.82352941176471,4.982863514647306e6,0.0048507706192319686
78.82352941176471,5.383843622033489e6,0.004559528998046288
78.82352941176471,5.817091329374358e6,0.004285773605043519
78.82352941176471,6.285203269240097e6,0.004028454562205476
78.82352941176471,6.790985029955707e6,0.0037865850264830587
78.82352941176471,7.337467970651373e6,0.0035592374051591365
78.82352941176471,7.927927389450606e6,0.00334553979844208
78.82352941176471,8.565902153685499e6,0.0031446726556469905
78.82352941176471,9.255215909791354e6,0.002955865632140708
78.82352941176471,1.0e7,0.0027783946349967535
82.10084033613445,1000.0,3.993317035651228
82.10084033613445,1080.4718223181285,3.753557166825353
82.10084033613445,1167.4193588234587,3.5281925474089753
82.10084033613445,1261.3637220374437,3.3163588826117456
82.10084033613445,1362.867959355774,3.1172437701436366
82.10084033613445,1472.5404276241222,2.9300835845747413
82.10084033613445,1591.0384392721533,2.754160548758996
82.10084033613445,1719.0722018585745,2.588799981090425
82.10084033613445,1857.4090746385718,2.43336770803489
82.10084033613445,2006.8781676649664,2.287267632014149
82.10084033613445,2168.375310987435,2.1499394453148537
82.10084033613445,2342.8684237322327,2.0208564812550764
82.10084033613445,2531.403315241567,1.8995236943673912
82.10084033613445,2735.109953041208,1.785475761852337
82.10084033613445,2955.209235202888,1.6782752990211436
82.10084033613445,3193.020307691027,1.577511181883774
82.10084033613445,3449.9684705497157,1.4827969704492374
82.10084033613445,3727.593720314942,1.3937694266914105
82.10084033613445,4027.5599798502976,1.3100871214965881
82.10084033613445,4351.665070924416,1.2314291252503011
82.10084033613445,4701.851489299852,1.1574937770416593
82.10084033613445,5080.218046913023,1.0879975277650176
82.10084033613445,5489.032450921557,1.0226738526821362
82.10084033613445,5930.744895010559,0.9612722292744085
82.10084033613445,6408.002744415996,0.9035571764651333
82.10084033613445,6923.6664026787275,0.8493073515271462
82.10084033613445,7480.826455225086,0.7983147012123704
82.10084033613445,8082.822192522714,0.7503836638477825
82.10084033613445,8733.261623828437,0.7053304193377619
82.10084033613445,9436.04310147889,0.6629821841965108
82.10084033613445,10195.378685327301,0.623176548906919
82.10084033613445,11015.819387358995,0.5857608550645899
82.10084033613445,11902.282447787144,0.5505916099183137
82.10084033613445,12860.08080610565,0.517533936061694
82.10084033613445,13894.954943731389,0.486461054165439
82.10084033613445,15013.107289081743,0.45725379676655775
82.10084033613445,16221.239391291729,0.42980015124977905
82.10084033613445,17526.592085367585,0.4039948302685002
82.10084033613445,18936.988889503602,0.37973886795778156
82.10084033613445,20460.88289466011,0.3569392403908218
82.10084033613445,22107.407427431233,0.33550850882333577
82.10084033613445,23886.430789846003,0.31536448435763714
82.10084033613445,25808.615404180768,0.2964299127403861
82.10084033613445,27885.481717262915,0.2786321780851635
82.10084033613445,30129.47724726992,0.2619030243836287
82.10084033613445,32554.05118685032,0.24617829373722314
82.10084033613445,35173.7350096938,0.23139768030551525
82.10084033613445,38004.22956365882,0.2175044990275568
82.10084033613445,41062.49917244294,0.2044454682292721
82.10084033613445,44366.873309786155,0.19217050528316024
82.10084033613445,47937.15645558219,0.18063253453664813
82.10084033613445,51794.74679231213,0.16978730677247453
82.10084033613445,55962.76445319552,0.15959322950872717
82.10084033613445,60466.19009070435,0.15001120748771074
82.10084033613445,65332.014595937704,0.14100449274190818
82.10084033613445,70589.40086618738,0.13253854366202358
82.10084033613445,76269.85859023452,0.12458089252661912
82.10084033613445,82407.43309893666,0.11710102098531
82.10084033613445,89038.90941296735,0.11007024301798152
82.10084033613445,96204.0327106476,0.10346159492116955
82.10084033613445,103945.74653722627,0.09724973189968772
82.10084033613445,112310.45018329516,0.09141083086692303
82.10084033613445,121348.27677491431,0.0859224990810288
82.10084033613445,131113.3937421563,0.08076368826662546
82.10084033613445,141664.3274669022,0.07591461389265888
82.10084033613445,153064.31405563594,0.0713566792968392
82.10084033613445,165381.6783395673,0.06707240436566782
82.10084033613445,178690.24337358287,0.06304535849653713
82.10084033613445,193069.77288832495,0.05926009758480364
82.10084033613445,208606.44934719568,0.05570210479417512
82.10084033613445,225393.39047347888,0.05235773488326006
82.10084033613445,243531.20734334175,0.049214161874766515
82.10084033613445,263128.6073895945,0.046259329866657456
82.10084033613445,284303.0459302665,0.043481906796617155
82.10084033613445,307181.43012686964,0.04087124098251264
82.10084033613445,331900.87959146773,0.03841732027217769
82.10084033613445,358609.54820118286,0.03611073364585519
82.10084033613445,387467.51204561285,0.03394263512403962
82.10084033613445,418647.72882899473,0.03190470984230273
82.10084033613445,452337.0744772105,0.02998914216299604
82.10084033613445,488737.4631624427,0.02818858570153596
82.10084033613445,528067.0574582637,0.02649613515231855
82.10084033613445,570561.5758781021,0.024905299806214722
82.10084033613445,616475.7056337161,0.023409978658082208
82.10084033613445,666084.6290809154,0.022004437008829467
82.10084033613445,719685.6730011514,0.02068328447229818
82.10084033613445,777600.0906038043,0.019441454302618736
82.10084033613445,840174.9869294344,0.018274183962757047
82.10084033613445,907785.3991937558,0.017176996859731047
82.10084033613445,980836.5445406671,0.016145685176450195
82.10084033613445,1.0597662486760707e6,0.015176293734335891
82.10084033613445,1.1450475699382813e6,0.014265104824834757
82.10084033613445,1.2371916345321594e6,0.01340862395165211
82.10084033613445,1.336750699919709e6,0.012603566429025584
82.10084033613445,1.4443214647272818e6,0.0118468447846424
82.10084033613445,1.5605486450070748e6,0.011135556918888673
82.10084033613445,1.6861288382868804e6,0.010466974975020945
82.10084033613445,1.8218146985669748e6,0.00983853487757562
82.10084033613445,1.9684194472866112e6,0.009247826498895231
82.10084033613445,2.126821747296208e6,0.008692584416059206
82.10084033613445,2.2979709690469606e6,0.008170679222771109
82.10084033613445,2.48289288056033e6,0.007680109362882572
82.10084033613445,2.6826957952797273e6,0.007218993454234756
82.10084033613445,2.898577214651068e6,0.006785563073378479
82.10084033613445,3.131831005243845e6,0.006378155973501772
82.10084033613445,3.383855153428233e6,0.005995209709554969
82.10084033613445,3.6561601440851935e6,0.005635255646125069
82.10084033613445,3.9503780135666407e6,0.005296913325078956
82.10084033613445,4.268272131163825e6,0.004978885171374932
82.10084033613445,4.611747767708261e6,0.004679951516738799
82.10084033613445,4.982863514647306e6,0.004398965922119773
82.10084033613445,5.383843622033489e6,0.004134850780987501
82.10084033613445,5.817091329374358e6,0.003886593186608333
82.10084033613445,6.285203269240097e6,0.0036532410474514714
82.10084033613445,6.790985029955707e6,0.0034338994358272326
82.10084033613445,7.337467970651373e6,0.0032277271557540777
82.10084033613445,7.927927389450606e6,0.003033933516891862
82.10084033613445,8.565902153685499e6,0.0028517753021690515
82.10084033613445,9.255215909791354e6,0.002680553917474405
82.10084033613445,1.0e7,0.0025196127124820153
85.3781512605042,1000.0,3.635263071463862
85.3781512605042,1080.4718223181285,3.4170008625331896
85.3781512605042,1167.4193588234587,3.211843177514758
85.3781512605042,1261.3637220374437,3.0190032171371475
85.3781512605042,1362.867959355774,2.837741421776678
85.3781512605042,1472.5404276241222,2.6673626351757846
85.3781512605042,1591.0384392721533,2.507213438452541
85.3781512605042,1719.0722018585745,2.3566796441769706
85.3781512605042,1857.4090746385718,2.21518394090373
85.3781512605042,2006.8781676649664,2.082183679127708
85.3781512605042,2168.375310987435,1.9571687901714574
85.3781512605042,2342.8684237322327,1.8396598300232232
85.3781512605042,2531.403315241567,1.7292061406234622
85.3781512605042,2735.109953041208,1.625384121548243
85.3781512605042,2955.209235202888,1.5277956054612603
85.3781512605042,3193.020307691027,1.436066331104159
85.3781512605042,3449.9684705497157,1.3498445079689365
85.3781512605042,3727.593720314942,1.2687994671478329
85.3781512605042,4027.5599798502976,1.1926203931865553
85.3781512605042,4351.665070924416,1.1210151320773931
85.3781512605042,4701.851489299852,1.0537090708207606
85.3781512605042,5080.218046913023,0.9904440842581742
85.3781512605042,5489.032450921557,0.9309775451376766
85.3781512605042,5930.744895010559,0.8750813936152011
85.3781512605042,6408.002744415996,0.8225412626233403
85.3781512605042,6923.6664026787275,0.7731556557532155
85.3781512605042,7480.826455225086,0.7267351744965492
85.3781512605042,8082.822192522714,0.6831017918843353
85.3781512605042,8733.261623828437,0.6420881697364506
85.3781512605042,9436.04310147889,0.6035370169037901
85.3781512605042,10195.378685327301,0.5673004860417185
85.3781512605042,11015.819387358995,0.5332396066014173
85.3781512605042,11902.282447787144,0.5012237518645877
85.3781512605042,12860.08080610565,0.4711301379775379
85.3781512605042,13894.954943731389,0.4428433530634037
85.3781512605042,15013.107289081743,0.4162549146066066
85.3781512605042,16221.239391291729,0.39126285341206396
85.3781512605042,17526.592085367585,0.3677713225436125
85.3781512605042,18936.988889503602,0.3456902297418748
85.3781512605042,20460.88289466011,0.32493489191185904
85.3781512605042,22107.407427431233,0.30542571035522054
85.3781512605042,23886.430789846003,0.28708786550166837
85.3781512605042,25808.615404180768,0.26985102996878535
85.3781512605042,27885.481717262915,0.2536490988498122
85.3781512605042,30129.47724726992,0.2384199361950333
85.3781512605042,32554.05118685032,0.22410513671448754
85.3781512605042,35173.7350096938,0.2106498017881165
85.3781512605042,38004.22956365882,0.19800232892432498
85.3781512605042,41062.49917244294,0.1861142138595085
85.3781512605042,44366.873309786155,0.17493986453958008
85.3781512605042,47937.15645558219,0.16443642627009997
85.3781512605042,51794.74679231213,0.15456361736443655
85.3781512605042,55962.76445319552,0.1452835746596613
85.3781512605042,60466.19009070435,0.13656070830771042
85.3781512605042,65332.014595937704,0.12836156528492618
85.3781512605042,70589.40086618738,0.1206547010965237
85.3781512605042,76269.85859023452,0.11341055918395683
85.3781512605042,82407.43309893666,0.10660135757270027
85.3781512605042,89038.90941296735,0.10020098232572908
85.3781512605042,96204.0327106476,0.09418488739408212
85.3781512605042,103945.74653722627,0.08853000048042581
85.3781512605042,112310.45018329516,0.08321463455459467
85.3781512605042,121348.27677491431,0.07821840468176443
85.3781512605042,131113.3937421563,0.07352214984428423
85.3781512605042,141664.3274669022,0.06910785945734842
85.3781512605042,153064.31405563594,0.06495860429668755
85.3781512605042,165381.6783395673,0.0610584715733798
85.3781512605042,178690.24337358287,0.0573925039067894
85.3781512605042,193069.77288832495,0.053946641961586675
85.3781512605042,208606.44934719568,0.05070767052885714
85.3781512605042,225393.39047347888,0.04766316784451624
85.3781512605042,243531.20734334175,0.044801457950660165
85.3781512605042,263128.6073895945,0.042111565917155126
85.3781512605042,284303.0459302665,0.039583175751733986
85.3781512605042,307181.43012686964,0.03720659083718323
85.3781512605042,331900.87959146773,0.03497269674389185
85.3781512605042,358609.54820118286,0.032872926275145396
85.3781512605042,387467.51204561285,0.030899226611110032
85.3781512605042,418647.72882899473,0.02904402842550127
85.3781512605042,452337.0744772105,0.027300216856496286
85.3781512605042,488737.4631624427,0.025661104220561018
85.3781512605042,528067.0574582637,0.02412040436454634
85.3781512605042,570561.5758781021,0.02267220855769185
85.3781512605042,616475.7056337161,0.021310962831080367
85.3781512605042,666084.6290809154,0.020031446677637864
85.3781512605042,719685.6730011514,0.018828753030991355
85.3781512605042,777600.0906038043,0.01769826944640185
85.3781512605042,840174.9869294344,0.016635660411599206
85.3781512605042,907785.3991937558,0.01563685071967942
85.3781512605042,980836.5445406671,0.014698009840297873
85.3781512605042,1.0597662486760707e6,0.013815537229220416
85.3781512605042,1.1450475699382813e6,0.012986048519893158
85.3781512605042,1.2371916345321594e6,0.012206362544074244
85.3781512605042,1.336750699919709e6,0.011473489131750465
85.3781512605042,1.4443214647272818e6,0.010784617643550438
85.3781512605042,1.5605486450070748e6,0.010137106191674645
85.3781512605042,1.6861288382868804e6,0.009528471508004076
85.3781512605042,1.8218146985669748e6,0.008956379420530342
85.3781512605042,1.9684194472866112e6,0.008418635901583586
85.3781512605042,2.126821747296208e6,0.007913178653527317
85.3781512605042,2.2979709690469606e6,0.007438069199650457
85.3781512605042,2.48289288056033e6,0.006991485449924416
85.3781512605042,2.6826957952797273e6,0.006571714713114249
85.3781512605042,2.898577214651068e6,0.006177147128444533
85.3781512605042,3.131831005243845e6,0.005806269491629886
85.3781512605042,3.383855153428233e6,0.005457659451592374
85.3781512605042,3.6561601440851935e6,0.0051299800556095605
85.3781512605042,3.9503780135666407e6,0.004821974621973429
85.3781512605042,4.268272131163825e6,0.004532461920496288
85.3781512605042,4.611747767708261e6,0.004260331642380454
85.3781512605042,4.982863514647306e6,0.004004540142078181
85.3781512605042,5.383843622033489e6,0.0037641064348115524
85.3781512605042,5.817091329374358e6,0.003538108434402381
85.3781512605042,6.285203269240097e6,0.0033256794169838596
85.3781512605042,6.790985029955707e6,0.0031260046970319217
85.3781512605042,7.337467970651373e6,0.0029383185029686412
85.3781512605042,7.927927389450606e6,0.0027619010403552497
85.3781512605042,8.565902153685499e6,0.0025960757314118965
85.3781512605042,9.255215909791354e6,0.002440206620277361
85.3781512605042,1.0e7,0.0022936959340577492
88.65546218487395,1000.0,3.3210456146201124
88.65546218487395,1080.4718223181285,3.121649109454774
88.65546218487395,1167.4193588234587,2.9342244260846893
88.65546218487395,1261.3637220374437,2.7580527729895294
88.65546218487395,1362.867959355774,2.592458515092356
88.65546218487395,1472.5404276241222,2.4368065826347305
88.65546218487395,1591.0384392721533,2.2905000356236784
88.65546218487395,1719.0722018585745,2.152977774509934
88.65546218487395,1857.4090746385718,2.02371238831769
88.65546218487395,2006.8781676649664,1.9022081319732589
88.65546218487395,2168.375310987435,1.787999025075477
88.65546218487395,2342.8684237322327,1.6806470648164593
88.65546218487395,2531.403315241567,1.5797405461990932
88.65546218487395,2735.109953041208,1.4848924831091455
88.65546218487395,2955.209235202888,1.3957391241866381
88.65546218487395,3193.020307691027,1.3119385578047214
88.65546218487395,3449.9684705497157,1.2331694008060032
88.65546218487395,3727.593720314942,1.1591295659675158
88.65546218487395,4027.5599798502976,1.089535103467435
88.65546218487395,4351.665070924416,1.024119111910447
88.65546218487395,4701.851489299852,0.9626307147354709
88.65546218487395,5080.218046913023,0.9048340980801397
88.65546218487395,5489.032450921557,0.8505076064121688
88.65546218487395,5930.744895010559,0.7994428924592644
88.65546218487395,6408.002744415996,0.751444118177484
88.65546218487395,6923.6664026787275,0.706327203693676
88.65546218487395,7480.826455225086,0.6639191213416258
88.65546218487395,8082.822192522714,0.6240572320844661
88.65546218487395,8733.261623828437,0.5865886617784747
88.65546218487395,9436.04310147889,0.5513697148861658
88.65546218487395,10195.378685327301,0.5182653233902101
88.65546218487395,11015.819387358995,0.48714852879471865
88.65546218487395,11902.282447787144,0.4578999952273127
88.65546218487395,12860.08080610565,0.4304075517746815
88.65546218487395,13894.954943731389,0.40456576229644226
88.65546218487395,15013.107289081743,0.3802755210674944
88.65546218487395,16221.239391291729,0.35744367269811883
88.65546218487395,17526.592085367585,0.33598265487418233
88.65546218487395,18936.988889503602,0.31581016254732014
88.65546218487395,20460.88289466011,0.29684883228723086
88.65546218487395,22107.407427431233,0.27902594558555077
88.65546218487395,23886.430789846003,0.2622731499734441
88.65546218487395,25808.615404180768,0.24652619688337293
88.65546218487395,27885.481717262915,0.23172469524971653
88.65546218487395,30129.47724726992,0.21781187990328182
88.65546218487395,32554.05118685032,0.20473439387146924
88.65546218487395,35173.7350096938,0.19244208374919936
88.65546218487395,38004.22956365882,0.18088780735582463
88.65546218487395,41062.49917244294,0.17002725294037485
88.65546218487395,44366.873309786155,0.15981876924176946
88.65546218487395,47937.15645558219,0.1502232057522629
88.65546218487395,51794.74679231213,0.141203762571516
88.65546218487395,55962.76445319552,0.13272584927547196
88.65546218487395,60466.19009070435,0.12475695225878407
88.65546218487395,65332.014595937704,0.11726651004204085
88.65546218487395,70589.40086618738,0.11022579606558024
88.65546218487395,76269.85859023452,0.10360780852039601
88.65546218487395,82407.43309893666,0.09738716679362777
88.65546218487395,89038.90941296735,0.09154001413149108
88.65546218487395,96204.0327106476,0.08604392614635428
88.65546218487395,103945.74653722627,0.08087782481707456
88.65546218487395,112310.45018329516,0.07602189765277878
88.65546218487395,121348.27677491431,0.07145752171007284
88.65546218487395,131113.3937421563,0.06716719217227915
88.65546218487395,141664.3274669022,0.06313445521679671
88.65546218487395,153064.31405563594,0.05934384491312376
88.65546218487395,165381.6783395673,0.05578082390954013
88.65546218487395,178690.24337358287,0.052431727680978465
88.65546218487395,193069.77288832495,0.04928371212426841
88.65546218487395,208606.44934719568,0.046324704299777024
88.65546218487395,225393.39047347888,0.04354335613053489
88.65546218487395,243531.20734334175,0.04092900088127951
88.65546218487395,263128.6073895945,0.038471612250509477
88.65546218487395,284303.0459302665,0.036161765918662235
88.65546218487395,307181.43012686964,0.03399060340495101
88.65546218487395,331900.87959146773,0.0319497980942466
88.65546218487395,358609.54820118286,0.03003152330371509
88.65546218487395,387467.51204561285,0.02822842226674328
88.65546218487395,418647.72882899473,0.026533579919037712
88.65546218487395,452337.0744772105,0.02494049637869416
88.65546218487395,488737.4631624427,0.023443062018531274
88.65546218487395,528067.0574582637,0.022035534035087994
88.65546218487395,570561.5758781021,0.020712514424425094
88.65546218487395,616475.7056337161,0.019468929280265775
88.65546218487395,666084.6290809154,0.018300009335081534
88.65546218487395,719685.6730011514,0.017201271669496733
88.65546218487395,777600.0906038043,0.01616850251986565
88.65546218487395,840174.9869294344,0.015197741118087376
88.65546218487395,907785.3991937558,0.014285264501682687
88.65546218487395,980836.5445406671,0.013427573235878194
88.65546218487395,1.0597662486760707e6,0.012621377992940525
88.65546218487395,1.1450475699382813e6,0.011863586937291035
88.65546218487395,1.2371916345321594e6,0.011151293868021776
88.65546218487395,1.336750699919709e6,0.010481767073337984
88.65546218487395,1.4443214647272818e6,0.009852438854183186
88.65546218487395,1.5605486450070748e6,0.00926089567686852
88.65546218487395,1.6861288382868804e6,0.008704868916941106
88.65546218487395,1.8218146985669748e6,0.008182226158793084
88.65546218487395,1.9684194472866112e6,0.007690963017644574
88.65546218487395,2.126821747296208e6,0.0072291954525370425
88.65546218487395,2.2979709690469606e6,0.006795152540856671
88.65546218487395,2.48289288056033e6,0.006387169686677411
88.65546218487395,2.6826957952797273e6,0.00600368223687701
88.65546218487395,2.898577214651068e6,0.0056432194805431345
88.65546218487395,3.131831005243845e6,0.005304399008656911
88.65546218487395,3.383855153428233e6,0.004985921412422613
88.65546218487395,3.6561601440851935e6,0.004686565299911095
88.65546218487395,3.9503780135666407e6,0.004405182611905374
88.65546218487395,4.268272131163825e6,0.004140694218984114
88.65546218487395,4.611747767708261e6,0.0038920857829575005
88.65546218487395,4.982863514647306e6,0.003658403866783578
88.65546218487395,5.383843622033489e6,0.003438752278046383
88.65546218487395,5.817091329374358e6,0.0032322886319726056
88.65546218487395,6.285203269240097e6,0.0030382211208057307
88.65546218487395,6.790985029955707e6,0.0028558054771478285
88.65546218487395,7.337467970651373e6,0.0026843421196231705
88.65546218487395,7.927927389450606e6,0.002523173469916979
88.65546218487395,8.565902153685499e6,0.002371681430899955
88.65546218487395,9.255215909791354e6,0.0022292850161668566
88.65546218487395,1.0e7,0.002095438121898297
91.9327731092437,1000.0,3.043961610942359
91.9327731092437,1080.4718223181285,2.8612013066552437
91.9327731092437,1167.4193588234587,2.689413982021697
91.9327731092437,1261.3637220374437,2.5279408162822166
91.9327731092437,1362.867959355774,2.3761625444594903
91.9327731092437,1472.5404276241222,2.2334970824181934
91.9327731092437,1591.0384392721533,2.099397294516871
91.9327731092437,1719.0722018585745,1.973348895290619
91.9327731092437,1857.4090746385718,1.8548684771173083
91.9327731092437,2006.8781676649664,1.7435016563033006
91.9327731092437,2168.375310987435,1.6388213304786796
91.9327731092437,2342.8684237322327,1.540426040618971
91.9327731092437,2531.403315241567,1.4479384314115205
91.9327731092437,2735.109953041208,1.361003804061915
91.9327731092437,2955.209235202888,1.2792887559903088
91.9327731092437,3193.020307691027,1.202479902200759
91.9327731092437,3449.9684705497157,1.1302826734199027
91.9327731092437,3727.593720314942,1.0624201863957228
91.9327731092437,4027.5599798502976,0.9986321820238986
91.9327731092437,4351.665070924416,0.9386740272293344
91.9327731092437,4701.851489299852,0.8823157767750077
91.9327731092437,5080.218046913023,0.8293412914000744
91.9327731092437,5489.032450921557,0.7795474089052083
91.9327731092437,5930.744895010559,0.7327431650062056
91.9327731092437,6408.002744415996,0.6887490609677583
91.9327731092437,6923.6664026787275,0.6473963752087009
91.9327731092437,7480.826455225086,0.60852651623867
91.9327731092437,8082.822192522714,0.5719904144446244
91.9327731092437,8733.261623828437,0.5376479503946751
91.9327731092437,9436.04310147889,0.5053674174667138
91.9327731092437,10195.378685327301,0.475025016740965
91.9327731092437,11015.819387358995,0.4465043822193311
91.9327731092437,11902.282447787144,0.41969613455070404
91.9327731092437,12860.08080610565,0.3944974615507295
91.9327731092437,13894.954943731389,0.3708117239072815
91.9327731092437,15013.107289081743,0.3485480845594963
91.9327731092437,16221.239391291729,0.32762116032898203
91.9327731092437,17526.592085367585,0.30795069446719814
91.9327731092437,18936.988889503602,0.289461248863175
91.9327731092437,20460.88289466011,0.2720819147311705
91.9327731092437,22107.407427431233,0.25574604066871953
91.9327731092437,23886.430789846003,0.24039097704215456
91.9327731092437,25808.615404180768,0.22595783571929157
91.9327731092437,27885.481717262915,0.2123912642278294
91.9327731092437,30129.47724726992,0.19963923347334628
91.9327731092437,32554.05118685032,0.1876528382027634
91.9327731092437,35173.7350096938,0.17638610944804026
91.9327731092437,38004.22956365882,0.16579583823080096
91.9327731092437,41062.49917244294,0.15584140985178538
91.9327731092437,44366.873309786155,0.14648464812960696
91.9327731092437,47937.15645558219,0.13768966899146015
91.9327731092437,51794.74679231213,0.12942274285428026
91.9327731092437,55962.76445319552,0.12165216526857983
91.9327731092437,60466.19009070435,0.11434813532886288
91.9327731092437,65332.014595937704,0.10748264138431299
91.9327731092437,70589.40086618738,0.10102935361144305
91.9327731092437,76269.85859023452,0.09496352303671313
91.9327731092437,82407.43309893666,0.08926188662185927
91.9327731092437,89038.90941296735,0.08390257804792409
91.9327731092437,96204.0327106476,0.07886504385584046
91.9327731092437,103945.74653722627,0.07412996462195752
91.9327731092437,112310.45018329516,0.06967918086620976
91.9327731092437,121348.27677491431,0.0654956234087808
91.9327731092437,131113.3937421563,0.06156324790817213
91.9327731092437,141664.3274669022,0.05786697332962455
91.9327731092437,153064.31405563594,0.0543926241079133
91.9327731092437,165381.6783395673,0.051126875782703855
91.9327731092437,178690.24337358287,0.04805720389797735
91.9327731092437,193069.77288832495,0.045171835969548324
91.9327731092437,208606.44934719568,0.04245970633646583
91.9327731092437,225393.39047347888,0.03991041372314945
91.9327731092437,243531.20734334175,0.03751418134950608
91.9327731092437,263128.6073895945,0.03526181943604713
91.9327731092437,284303.0459302665,0.03314468996020786
91.9327731092437,307181.43012686964,0.031154673528708137
91.9327731092437,331900.87959146773,0.029284138238905414
91.9327731092437,358609.54820118286,0.027525910409720855
91.9327731092437,387467.51204561285,0.025873247069888836
91.9327731092437,418647.72882899473,0.024319810098019583
91.9327731092437,452337.0744772105,0.022859641915299617
91.9327731092437,488737.4631624427,0.021487142637609563
91.9327731092437,528067.0574582637,0.020197048599434615
91.9327731092437,570561.5758781021,0.018984412167205898
91.9327731092437,616475.7056337161,0.017844582764654254
91.9327731092437,666084.6290809154,0.016773189037407096
91.9327731092437,719685.6730011514,0.015766122088427797
91.9327731092437,777600.0906038043,0.014819519720004073
91.9327731092437,840174.9869294344,0.013929751621851753
91.9327731092437,907785.3991937558,0.013093405448528819
91.9327731092437,980836.5445406671,0.012307273732765533
91.9327731092437,1.0597662486760707e6,0.011568341584521817
91.9327731092437,1.1450475699382813e6,0.01087377512859665
91.9327731092437,1.2371916345321594e6,0.010220910636446649
91.9327731092437,1.336750699919709e6,0.009607244310533242
91.9327731092437,1.4443214647272818e6,0.009030422682020608
91.9327731092437,1.5605486450070748e6,0.008488233584998318
91.9327731092437,1.6861288382868804e6,0.007978597672614348
91.9327731092437,1.8218146985669748e6,0.007499560442581722
91.9327731092437,1.9684194472866112e6,0.007049284741476045
91.9327731092437,2.126821747296208e6,0.006626043719077
91.9327731092437,2.2979709690469606e6,0.006228214205733257
91.9327731092437,2.48289288056033e6,0.005854270487352138
91.9327731092437,2.6826957952797273e6,0.005502778454140747
91.9327731092437,2.898577214651068e6,0.005172390100658195
91.9327731092437,3.131831005243845e6,0.004861838356086325
91.9327731092437,3.383855153428233e6,0.004569932224892367
91.9327731092437,3.6561601440851935e6,0.004295552219247601
91.9327731092437,3.9503780135666407e6,0.004037646065684829
91.9327731092437,4.268272131163825e6,0.003795224669529375
91.9327731092437,4.611747767708261e6,0.0035673583216267735
91.9327731092437,4.982863514647306e6,0.0033531731328195337
91.9327731092437,5.383843622033489e6,0.003151847682498972
91.9327731092437,5.817091329374358e6,0.0029626098683788967
91.9327731092437,6.285203269240097e6,0.0027847339454097793
91.9327731092437,6.790985029955707e6,0.0026175377424773145
91.9327731092437,7.337467970651373e6,0.0024603800462112096
91.9327731092437,7.927927389450606e6,0.0023126581418707968
91.9327731092437,8.565902153685499e6,0.002173805501876584
91.9327731092437,9.255215909791354e6,0.0020432896131229884
91.9327731092437,1.0e7,0.0019206099347398404
95.21008403361344,1000.0,2.7985235127445285
95.21008403361344,1080.4718223181285,2.6304993803424455
95.21008403361344,1167.4193588234587,2.4725634637230423
95.21008403361344,1261.3637220374437,2.324110063596445
95.21008403361344,1362.867959355774,2.184569847027112
95.21008403361344,1472.5404276241222,2.0534076639877767
95.21008403361344,1591.0384392721533,1.9301204950080988
95.21008403361344,1719.0722018585745,1.8142355220470658
95.21008403361344,1857.4090746385718,1.7053083151907464
95.21008403361344,2006.8781676649664,1.6029211282212221
95.21008403361344,2168.375310987435,1.5066812965200373
95.21008403361344,2342.8684237322327,1.4162197311619713
95.21008403361344,2531.403315241567,1.3311895034238341
95.21008403361344,2735.109953041208,1.2512645142797572
95.21008403361344,2955.209235202888,1.176138243780359
95.21008403361344,3193.020307691027,1.1055225755195277
95.21008403361344,3449.9684705497157,1.039146691680548
95.21008403361344,3727.593720314942,0.9767560344239694
95.21008403361344,4027.5599798502976,0.9181113296340372
95.21008403361344,4351.665070924416,0.8629876692796552
95.21008403361344,4701.851489299852,0.8111736488706559
95.21008403361344,5080.218046913023,0.7624705567014363
95.21008403361344,5489.032450921557,0.7166916117726331
95.21008403361344,5930.744895010559,0.6736612474681901
95.21008403361344,6408.002744415996,0.6332144382406556
95.21008403361344,6923.6664026787275,0.5951960667224843
95.21008403361344,7480.826455225086,0.5594603288361516
95.21008403361344,8082.822192522714,0.5258701746216211
95.21008403361344,8733.261623828437,0.4942967826366894
95.21008403361344,9436.04310147889,0.46461906591448143
95.21008403361344,10195.378685327301,0.4367232075833912
95.21008403361344,11015.819387358995,0.4105022243685352
95.21008403361344,11902.282447787144,0.3858555563006994
95.21008403361344,12860.08080610565,0.36268868105927404
95.21008403361344,13894.954943731389,0.3409127514701467
95.21008403361344,15013.107289081743,0.32044425476832644
95.21008403361344,16221.239391291729,0.30120469231852715
95.21008403361344,17526.592085367585,0.28312027856542504
95.21008403361344,18936.988889503602,0.2661216580590215
95.21008403361344,20460.88289466011,0.250143639469884
95.21008403361344,22107.407427431233,0.2351249455741849
95.21008403361344,23886.430789846003,0.22100797824970964
95.21008403361344,25808.615404180768,0.2077385975815702
95.21008403361344,27885.481717262915,0.19526591423047082
95.21008403361344,30129.47724726992,0.18354209426724397
95.21008403361344,32554.05118685032,0.17252217572517295
95.21008403361344,35173.7350096938,0.16216389616656626
95.21008403361344,38004.22956365882,0.15242753060228095
95.21008403361344,41062.49917244294,0.14327573914260414
95.21008403361344,44366.873309786155,0.1346734237952178
95.21008403361344,47937.15645558219,0.12658759386105448
95.21008403361344,51794.74679231213,0.11898723941182154
95.21008403361344,55962.76445319552,0.11184321236397189
95.21008403361344,60466.19009070435,0.10512811469302594
95.21008403361344,65332.014595937704,0.09881619335953705
95.21008403361344,70589.40086618738,0.09288324154373141
95.21008403361344,76269.85859023452,0.08730650581004676
95.21008403361344,82407.43309893666,0.08206459884554035
95.21008403361344,89038.90941296735,0.07713741743750423
95.21008403361344,96204.0327106476,0.07250606537572965
95.21008403361344,103945.74653722627,0.0681527809837404
95.21008403361344,112310.45018329516,0.06406086900107073
95.21008403361344,121348.27677491431,0.060214636555350726
95.21008403361344,131113.3937421563,0.0565993329786453
95.21008403361344,141664.3274669022,0.0532010932372371
95.21008403361344,153064.31405563594,0.050006884757901354
95.21008403361344,165381.6783395673,0.047004457446745015
95.21008403361344,178690.24337358287,0.04418229670892995
95.21008403361344,193069.77288832495,0.04152957928910419
95.21008403361344,208606.44934719568,0.039036131763186536
95.21008403361344,225393.39047347888,0.036692391522315626
95.21008403361344,243531.20734334175,0.03448937009933371
95.21008403361344,263128.6073895945,0.03241861869715892
95.21008403361344,284303.0459302665,0.030472195786842876
95.21008403361344,307181.43012686964,0.028642636651050806
95.21008403361344,331900.87959146773,0.026922924756159088
95.21008403361344,358609.54820118286,0.025306464843180283
95.21008403361344,387467.51204561285,0.023787057634316374
95.21008403361344,418647.72882899473,0.022358876058137776
95.21008403361344,452337.0744772105,0.021016442902209054
95.21008403361344,488737.4631624427,0.019754609807457437
95.21008403361344,528067.0574582637,0.018568537523725042
95.21008403361344,570561.5758781021,0.017453677350783476
95.21008403361344,616475.7056337161,0.016405753693634992
95.21008403361344,666084.6290809154,0.015420747665198265
95.21008403361344,719685.6730011514,0.014494881673493476
95.21008403361344,777600.0906038043,0.013624604934217075
95.21008403361344,840174.9869294344,0.012806579853145714
95.21008403361344,907785.3991937558,0.012037669226144222
95.21008403361344,980836.5445406671,0.011314924207688927
95.21008403361344,1.0597662486760707e6,0.010635573001764
95.21008403361344,1.1450475699382813e6,0.00999701023175966
95.21008403361344,1.2371916345321594e6,0.009396786948604605
95.21008403361344,1.336750699919709e6,0.008832601238812895
95.21008403361344,1.4443214647272818e6,0.00830228939642654
95.21008403361344,1.5605486450070748e6,0.007803817624996784
95.21008403361344,1.6861288382868804e6,0.0073352742377810615
95.21008403361344,1.8218146985669748e6,0.0068948623262421104
95.21008403361344,1.9684194472866112e6,0.006480892868732541
95.21008403361344,2.126821747296208e6,0.006091778252935838
95.21008403361344,2.2979709690469606e6,0.00572602618722187
95.21008403361344,2.48289288056033e6,0.005382233977566271
95.21008403361344,2.6826957952797273e6,0.005059083148085234
95.21008403361344,2.898577214651068e6,0.0047553343845547925
95.21008403361344,3.131831005243845e6,0.004469822781522731
95.21008403361344,3.383855153428233e6,0.004201453374785148
95.21008403361344,3.6561601440851935e6,0.003949196942094415
95.21008403361344,3.9503780135666407e6,0.0037120860559937603
95.21008403361344,4.268272131163825e6,0.003489211373640796
95.21008403361344,4.611747767708261e6,0.0032797181493910885
95.21008403361344,4.982863514647306e6,0.0030828029567671164
95.21008403361344,5.383843622033489e6,0.0028977106072412126
95.21008403361344,5.817091329374358e6,0.00272373125401558
95.21008403361344,6.285203269240097e6,0.002560197669692189
95.21008403361344,6.790985029955707e6,0.0024064826873921156
95.21008403361344,7.337467970651373e6,0.0022619967955108114
95.21008403361344,7.927927389450606e6,0.002126185876884915
95.21008403361344,8.565902153685499e6,0.0019985290837001434
95.21008403361344,9.255215909791354e6,0.0018785368399902712
95.21008403361344,1.0e7,0.0017657489640666697
98.4873949579832,1000.0,2.5802065641748855
98.4873949579832,1080.4718223181285,2.425290242268242
98.4873949579832,1167.4193588234587,2.279675139545478
98.4873949579832,1261.3637220374437,2.1428028082120614
98.4873949579832,1362.867959355774,2.0141483298348257
98.4873949579832,1472.5404276241222,1.8932183022297677
98.4873949579832,1591.0384392721533,1.7795489472176547
98.4873949579832,1719.0722018585745,1.6727043319905175
98.4873949579832,1857.4090746385718,1.5722746972677843
98.4873949579832,2006.8781676649664,1.477874885830401
98.4873949579832,2168.375310987435,1.3891428654061901
98.4873949579832,2342.8684237322327,1.3057383402415923
98.4873949579832,2531.403315241567,1.227341446035023
98.4873949579832,2735.109953041208,1.1536515232267963
98.4873949579832,2955.209235202888,1.0843859639410627
98.4873949579832,3193.020307691027,1.0192791281576798
98.4873949579832,3449.9684705497157,0.9580813249574178
98.4873949579832,3727.593720314942,0.900557854933493
98.4873949579832,4027.5599798502976,0.8464881100969789
98.4873949579832,4351.665070924416,0.7956647278241473
98.4873949579832,4701.851489299852,0.7478927956010443
98.4873949579832,5080.218046913023,0.7029891035154288
98.4873949579832,5489.032450921557,0.6607814416293017
98.4873949579832,5930.744895010559,0.6211079395373802
98.4873949579832,6408.002744415996,0.583816445578673
98.4873949579832,6923.6664026787275,0.5487639433203579
98.4873949579832,7480.826455225086,0.5158160030761387
98.4873949579832,8082.822192522714,0.4848462663555847
98.4873949579832,8733.261623828437,0.4557359612672799
98.4873949579832,9436.04310147889,0.4283734470173045
98.4873949579832,10195.378685327301,0.40265378575614763
98.4873949579832,11015.819387358995,0.3784783401320584
98.4873949579832,11902.282447787144,0.35575439500740125
98.4873949579832,12860.08080610565,0.33439480188726883
98.4873949579832,13894.954943731389,0.31431764469669965
98.4873949579832,15013.107289081743,0.2954459256247254
98.4873949579832,16221.239391291729,0.27770726983042743
98.4873949579832,17526.592085367585,0.2610336478785264
98.4873949579832,18936.988889503602,0.24536111484001474
98.4873949579832,20460.88289466011,0.23062956505726165
98.4873949579832,22107.407427431233,0.2167825016330876
98.4873949579832,23886.430789846003,0.20376681975978012
98.4873949579832,25808.615404180768,0.19153260305709774
98.4873949579832,27885.481717262915,0.1800329321381923
98.4873949579832,30129.47724726992,0.16922370466929149
98.4873949579832,32554.05118685032,0.15906346623304596
98.4873949579832,35173.7350096938,0.14951325134688812
98.4873949579832,38004.22956365882,0.14053643402669402
98.4873949579832,41062.49917244294,0.13209858732264407
98.4873949579832,44366.873309786155,0.12416735128858945
98.4873949579832,47937.15645558219,0.11671230887857614
98.4873949579832,51794.74679231213,0.10970486929457401
98.4873949579832,55962.76445319552,0.10311815833804276
98.4873949579832,60466.19009070435,0.09692691534481945
98.4873949579832,65332.014595937704,0.09110739630806444
98.4873949579832,70589.40086618738,0.0856372828177324
98.4873949579832,76269.85859023452,0.08049559646734321
98.4873949579832,82407.43309893666,0.07566261839979459
98.4873949579832,89038.90941296735,0.07111981368366503
98.4873949579832,96204.0327106476,0.06684976022998644
98.4873949579832,103945.74653722627,0.06283608197687249
98.4873949579832,112310.45018329516,0.05906338608576099
98.4873949579832,121348.27677491431,0.05551720390841112
98.4873949579832,131113.3937421563,0.05218393549825864
98.4873949579832,141664.3274669022,0.049050797453324975
98.4873949579832,153064.31405563594,0.04610577389065261
98.4873949579832,165381.6783395673,0.043337570364248755
98.4873949579832,178690.24337358287,0.040735570549808815
98.4873949579832,193069.77288832495,0.03828979553010102
98.4873949579832,208606.44934719568,0.03599086552486805
98.4873949579832,225393.39047347888,0.03382996391847586
98.4873949579832,243531.20734334175,0.03179880344735256
98.4873949579832,263128.6073895945,0.02988959441754316
98.4873949579832,284303.0459302665,0.028095014830490643
98.4873949579832,307181.43012686964,0.02640818230247402
98.4873949579832,331900.87959146773,0.024822627670010824
98.4873949579832,358609.54820118286,0.023332270179998837
98.4873949579832,387467.51204561285,0.021931394169448344
98.4873949579832,418647.72882899473,0.020614627145370087
98.4873949579832,452337.0744772105,0.019376919180752555
98.4873949579832,488737.4631624427,0.01821352354761091
98.4873949579832,528067.0574582637,0.017119978512832562
98.4873949579832,570561.5758781021,0.016092090227005754
98.4873949579832,616475.7056337161,0.015125916640607345
98.4873949579832,666084.6290809154,0.014217752385867246
98.4873949579832,719685.6730011514,0.013364114566329991
98.4873949579832,777600.0906038043,0.012561729399614873
98.4873949579832,840174.9869294344,0.011807519662148675
98.4873949579832,907785.3991937558,0.011098592887719904
98.4873949579832,980836.5445406671,0.010432230274595312
98.4873949579832,1.0597662486760707e6,0.00980587625865618
98.4873949579832,1.1450475699382813e6,0.009217128712566398
98.4873949579832,1.2371916345321594e6,0.008663729733385242
98.4873949579832,1.336750699919709e6,0.008143556983294394
98.4873949579832,1.4443214647272818e6,0.007654615550230271
98.4873949579832,1.5605486450070748e6,0.007195030297206046
98.4873949579832,1.6861288382868804e6,0.00676303867098271
98.4873949579832,1.8218146985669748e6,0.00635698394250942
98.4873949579832,1.9684194472866112e6,0.005975308853209709
98.4873949579832,2.126821747296208e6,0.005616549642746463
98.4873949579832,2.2979709690469606e6,0.005279330435361569
98.4873949579832,2.48289288056033e6,0.00496235796326123
98.4873949579832,2.6826957952797273e6,0.004664416606810798
98.4873949579832,2.898577214651068e6,0.004384363732517583
98.4873949579832,3.131831005243845e6,0.004121125310922562
98.4873949579832,3.383855153428233e6,0.00387369179759505
98.4873949579832,3.6561601440851935e6,0.003641114261433613
98.4873949579832,3.9503780135666407e6,0.003422500745424867
98.4873949579832,4.268272131163825e6,0.003217012845903328
98.4873949579832,4.611747767708261e6,0.0030238624971935
98.4873949579832,4.982863514647306e6,0.0028423089493028633
98.4873949579832,5.383843622033489e6,0.0026716559270751083
98.4873949579832,5.817091329374358e6,0.0025112489599085405
98.4873949579832,6.285203269240097e6,0.0023604728717989735
98.4873949579832,6.790985029955707e6,0.002218749422081122
98.4873949579832,7.337467970651373e6,0.002085535087820556
98.4873949579832,7.927927389450606e6,0.0019603189793514515
98.4873949579832,8.565902153685499e6,0.0018426208809660504
98.4873949579832,9.255215909791354e6,0.0017319894092416438
98.4873949579832,1.0e7,0.0016280002819421483
101.76470588235294,1000.0,2.3852549196159725
101.76470588235294,1080.4718223181285,2.242043548833805
101.76470588235294,1167.4193588234587,2.107430628704703
101.76470588235294,1261.3637220374437,1.9808999058527739
101.76470588235294,1362.867959355774,1.8619661228988258
101.76470588235294,1472.5404276241222,1.7501731574520836
101.76470588235294,1591.0384392721533,1.6450922728373585
101.76470588235294,1719.0722018585745,1.5463204738490468
101.76470588235294,1857.4090746385718,1.4534789612261074
101.76470588235294,2006.8781676649664,1.3662116789208067
101.76470588235294,2168.375310987435,1.2841839485898447
101.76470588235294,2342.8684237322327,1.2070811860710207
101.76470588235294,2531.403315241567,1.1346076949229846
101.76470588235294,2735.109953041208,1.0664855324012206
101.76470588235294,2955.209235202888,1.002453443521126
101.76470588235294,3193.020307691027,0.9422658591202612
101.76470588235294,3449.9684705497157,0.8856919540771993
101.76470588235294,3727.593720314942,0.8325147620751989
101.76470588235294,4027.5599798502976,0.7825303435157034
101.76470588235294,4351.665070924416,0.7355470033905448
101.76470588235294,4701.851489299852,0.6913845561133225
101.76470588235294,5080.218046913023,0.649873634490508
101.76470588235294,5489.032450921557,0.6108550401821229
101.76470588235294,5930.744895010559,0.5741791331609297
101.76470588235294,6408.002744415996,0.5397052578286727
101.76470588235294,6923.6664026787275,0.5073012035884521
101.76470588235294,7480.826455225086,0.4768426978044906
101.76470588235294,8082.822192522714,0.4482129292047287
101.76470588235294,8733.261623828437,0.4213020998984693
101.76470588235294,9436.04310147889,0.396007004291003
101.76470588235294,10195.378685327301,0.37223063328031647
101.76470588235294,11015.819387358995,0.34988180221794457
101.76470588235294,11902.282447787144,0.32887480120715334
101.76470588235294,12860.08080610565,0.3091290663973191
101.76470588235294,13894.954943731389,0.2905688710138835
101.76470588235294,15013.107289081743,0.27312303493895995
101.76470588235294,16221.239391291729,0.2567246517287948
101.76470588235294,17526.592085367585,0.24131083202118267
101.76470588235294,18936.988889503602,0.22682246234876913
101.76470588235294,20460.88289466011,0.21320397843327057
101.76470588235294,22107.407427431233,0.20040315209117188
101.76470588235294,23886.430789846003,0.18837089093366619
101.76470588235294,25808.615404180768,0.17706105009266626
101.76470588235294,27885.481717262915,0.1664302552508371
101.76470588235294,30129.47724726992,0.15643773629695693
101.76470588235294,32554.05118685032,0.147045170968655
101.76470588235294,35173.7350096938,0.13821653788288416
101.76470588235294,38004.22956365882,0.12991797839048394
101.76470588235294,41062.49917244294,0.12211766672503521
101.76470588235294,44366.873309786155,0.11478568794801278
101.76470588235294,47937.15645558219,0.10789392322214615
101.76470588235294,51794.74679231213,0.10141594197299846
101.76470588235294,55962.76445319552,0.09532690052519532
101.76470588235294,60466.19009070435,0.08960344682456252
101.76470588235294,65332.014595937704,0.08422363088077288
101.76470588235294,70589.40086618738,0.07916682058704173
101.76470588235294,76269.85859023452,0.07441362259403148
101.76470588235294,82407.43309893666,0.06994580793450908
101.76470588235294,89038.90941296735,0.06574624211351915
101.76470588235294,96204.0327106476,0.06179881939596352
101.76470588235294,103945.74653722627,0.058088401039572295
101.76470588235294,112310.45018329516,0.054600757236384634
101.76470588235294,121348.27677491431,0.051322512540079405
101.76470588235294,131113.3937421563,0.04824109456986381
101.76470588235294,141664.3274669022,0.045344685794195136
101.76470588235294,153064.31405563594,0.04262217820942139
101.76470588235294,165381.6783395673,0.04006313073952837
101.76470588235294,178690.24337358287,0.037657729193618615
101.76470588235294,193069.77288832495,0.03539674862755397
101.76470588235294,208606.44934719568,0.033271517965415776
101.76470588235294,225393.39047347888,0.03127388674510249
101.76470588235294,243531.20734334175,0.02939619386053079
101.76470588235294,263128.6073895945,0.027631238180563986
101.76470588235294,284303.0459302665,0.02597225093198753
101.76470588235294,307181.43012686964,0.024412869740619007
101.76470588235294,331900.87959146773,0.022947114230996813
101.76470588235294,358609.54820118286,0.021569363091070368
101.76470588235294,387467.51204561285,0.020274332513932798
101.76470588235294,418647.72882899473,0.01905705593391792
101.76470588235294,452337.0744772105,0.01791286497934762
101.76470588235294,488737.4631624427,0.01683737156888174
101.76470588235294,528067.0574582637,0.01582645108280788
101.76470588235294,570561.5758781021,0.014876226544731773
101.76470588235294,616475.7056337161,0.013983053753003452
101.76470588235294,666084.6290809154,0.01314350730485661
101.76470588235294,719685.6730011514,0.01235436745966261
101.76470588235294,777600.0906038043,0.011612607790918359
101.76470588235294,840174.9869294344,0.010915383579612315
101.76470588235294,907785.3991937558,0.010260020904455932
101.76470588235294,980836.5445406671,0.009644006387140774
101.76470588235294,1.0597662486760707e6,0.009064977553293205
101.76470588235294,1.1450475699382813e6,0.008520713772160023
101.76470588235294,1.2371916345321594e6,0.00800912774027795
101.76470588235294,1.336750699919709e6,0.0075282574764658945
101.76470588235294,1.4443214647272818e6,0.007076258797440272
101.76470588235294,1.5605486450070748e6,0.006651398245196255
101.76470588235294,1.6861288382868804e6,0.006252046439031223
101.76470588235294,1.8218146985669748e6,0.005876671826714486
101.76470588235294,1.9684194472866112e6,0.005523834810838534
101.76470588235294,2.126821747296208e6,0.00519218222782581
101.76470588235294,2.2979709690469606e6,0.004880442158417436
101.76470588235294,2.48289288056033e6,0.004587419049741661
101.76470588235294,2.6826957952797273e6,0.004311989130254685
101.76470588235294,2.898577214651068e6,0.004053096099969687
101.76470588235294,3.131831005243845e6,0.0038097470794457187
101.76470588235294,3.383855153428233e6,0.003581008802000462
101.76470588235294,3.6561601440851935e6,0.003366004034543547
101.76470588235294,3.9503780135666407e6,0.003163908213304069
101.76470588235294,4.268272131163825e6,0.0029739462815499577
101.76470588235294,4.611747767708261e6,0.0027953897171715592
101.76470588235294,4.982863514647306e6,0.002627553738729904
101.76470588235294,5.383843622033489e6,0.002469794679254658
101.76470588235294,5.817091329374358e6,0.002321507517719944
101.76470588235294,6.285203269240097e6,0.002182123558731061
101.76470588235294,6.790985029955707e6,0.0020511082515234555
101.76470588235294,7.337467970651373e6,0.0019279591399095977
101.76470588235294,7.927927389450606e6,0.0018122039353116245
101.76470588235294,8.565902153685499e6,0.0017033987054896468
101.76470588235294,9.255215909791354e6,0.0016011261720192962
101.76470588235294,1.0e7,0.0015049941099892104
105.04201680672269,1000.0,2.2105315234923677
105.04201680672269,1080.4718223181285,2.0778105941555967
105.04201680672269,1167.4193588234587,1.9530582664410197
105.04201680672269,1261.3637220374437,1.835796103284263
105.04201680672269,1362.867959355774,1.7255743931157626
105.04201680672269,1472.5404276241222,1.6219704251740443
105.04201680672269,1591.0384392721533,1.5245868683696795
105.04201680672269,1719.0722018585745,1.4330502474826892
105.04201680672269,1857.4090746385718,1.3470095108494897
105.04201680672269,2006.8781676649664,1.26613468404631
105.04201680672269,2168.375310987435,1.190115604405835
105.04201680672269,2342.8684237322327,1.118660731513822
105.04201680672269,2531.403315241567,1.0514960291238264
105.04201680672269,2735.109953041208,0.9883639142020917
105.04201680672269,2955.209235202888,0.92902226907206
105.04201680672269,3193.020307691027,0.8732435128700222
105.04201680672269,3449.9684705497157,0.8208137287508113
105.04201680672269,3727.593720314942,0.7715318434963188
105.04201680672269,4027.5599798502976,0.7252088563805472
105.04201680672269,4351.665070924416,0.6816671143338111
105.04201680672269,4701.851489299852,0.6407396306262887
105.04201680672269,5080.218046913023,0.6022694444580002
105.04201680672269,5489.032450921557,0.5661090189991853
105.04201680672269,5930.744895010559,0.5321196755724985
105.04201680672269,6408.002744415996,0.5001710618070692
105.04201680672269,6923.6664026787275,0.4701406517247386
105.04201680672269,7480.826455225086,0.44191327584125784
105.04201680672269,8082.822192522714,0.41538067948033974
105.04201680672269,8733.261623828437,0.3904411076066608
105.04201680672269,9436.04310147889,0.3669989145856062
105.04201680672269,10195.378685327301,0.34496419737314366
105.04201680672269,11015.819387358995,0.32425245072908593
105.04201680672269,11902.282447787144,0.3047842431314401
105.04201680672269,12860.08080610565,0.2864849121489525
105.04201680672269,13894.954943731389,0.2692842781035705
105.04201680672269,15013.107289081743,0.25311637492469014
105.04201680672269,16221.239391291729,0.23791919716298823
105.04201680672269,17526.592085367585,0.2236344621936163
105.04201680672269,18936.988889503602,0.2102073866967813
105.04201680672269,20460.88289466011,0.19758647655849293
105.04201680672269,22107.407427431233,0.18572332938573022
105.04201680672269,23886.430789846003,0.17457244887865153
105.04201680672269,25808.615404180768,0.1640910703479506
105.04201680672269,27885.481717262915,0.1542389967081961
105.04201680672269,30129.47724726992,0.14497844431818008
105.04201680672269,32554.05118685032,0.1362738980770531
105.04201680672269,35173.7350096938,0.12809197522052823
105.04201680672269,38004.22956365882,0.1204012972947991
105.04201680672269,41062.49917244294,0.11317236981717935
105.04201680672269,44366.873309786155,0.10637746916195104
105.04201680672269,47937.15645558219,0.09999053623761872
105.04201680672269,51794.74679231213,0.09398707654780954
105.04201680672269,55962.76445319552,0.08834406625254626
105.04201680672269,60466.19009070435,0.08303986386962663
105.04201680672269,65332.014595937704,0.07805412727747715
105.04201680672269,70589.40086618738,0.07336773570117844
105.04201680672269,76269.85859023452,0.0689627163824712
105.04201680672269,82407.43309893666,0.06482217565251612
105.04201680672269,89038.90941296735,0.060930234143063554
105.04201680672269,96204.0327106476,0.05727196588756347
105.04201680672269,103945.74653722627,0.05383334107866124
105.04201680672269,112310.45018329516,0.05060117226254981
105.04201680672269,121348.27677491431,0.047563063763827546
105.04201680672269,131113.3937421563,0.04470736414690185
105.04201680672269,141664.3274669022,0.04202312153162351
105.04201680672269,153064.31405563594,0.03950004159178278
105.04201680672269,165381.6783395673,0.037128448075387226
105.04201680672269,178690.24337358287,0.03489924569531337
105.04201680672269,193069.77288832495,0.032803885248014024
105.04201680672269,208606.44934719568,0.030834330826507814
105.04201680672269,225393.39047347888,0.028983029001910382
105.04201680672269,243531.20734334175,0.027242879855314633
105.04201680672269,263128.6073895945,0.025607209748925473
105.04201680672269,284303.0459302665,0.024069745732022592
105.04201680672269,307181.43012686964,0.022624591483596943
105.04201680672269,331900.87959146773,0.021266204699397738
105.04201680672269,358609.54820118286,0.019989375836667503
105.04201680672269,387467.51204561285,0.01878920813504926
105.04201680672269,418647.72882899473,0.01766109883704387
105.04201680672269,452337.0744772105,0.01660072153599645
105.04201680672269,488737.4631624427,0.015604009583914662
105.04201680672269,528067.0574582637,0.014667140495486038
105.04201680672269,570561.5758781021,0.013786521288482623
105.04201680672269,616475.7056337161,0.012958774704331771
105.04201680672269,666084.6290809154,0.012180726256007668
105.04201680672269,719685.6730011514,0.011449392053571114
105.04201680672269,777600.0906038043,0.01076196736066726
105.04201680672269,840174.9869294344,0.010115815838094462
105.04201680672269,907785.3991937558,0.009508459433192163
105.04201680672269,980836.5445406671,0.008937568876272851
105.04201680672269,1.0597662486760707e6,0.008400954747650843
105.04201680672269,1.1450475699382813e6,0.007896559081009166
105.04201680672269,1.2371916345321594e6,0.0074224474709026125
105.04201680672269,1.336750699919709e6,0.006976801654128544
105.04201680672269,1.4443214647272818e6,0.006557912536514265
105.04201680672269,1.5605486450070748e6,0.006164173638377967
105.04201680672269,1.6861288382868804e6,0.005794074933526101
105.04201680672269,1.8218146985669748e6,0.005446197058159024
105.04201680672269,1.9684194472866112e6,0.005119205867475581
105.04201680672269,2.126821747296208e6,0.0048118473191006645
105.04201680672269,2.2979709690469606e6,0.0045229426637131975
105.04201680672269,2.48289288056033e6,0.004251383924430177
105.04201680672269,2.6826957952797273e6,0.0039961296476097585
105.04201680672269,2.898577214651068e6,0.003756200908777266
105.04201680672269,3.131831005243845e6,0.0035306775583565818
105.04201680672269,3.383855153428233e6,0.0033186946928088204
105.04201680672269,3.6561601440851935e6,0.003119439337644864
105.04201680672269,3.9503780135666407e6,0.0029321473295907024
105.04201680672269,4.268272131163825e6,0.002756100385948478
105.04201680672269,4.611747767708261e6,0.0025906233499139015
105.04201680672269,4.982863514647306e6,0.0024350816012855435
105.04201680672269,5.383843622033489e6,0.0022888786226359123
105.04201680672269,5.817091329374358e6,0.002151453711610275
105.04201680672269,6.285203269240097e6,0.002022279830579689
105.04201680672269,6.790985029955707e6,0.001900861585401486
105.04201680672269,7.337467970651373e6,0.001786733325535516
105.04201680672269,7.927927389450606e6,0.0016794573582299642
105.04201680672269,8.565902153685499e6,0.001578622269927941
105.04201680672269,9.255215909791354e6,0.0014838413484572761
105.04201680672269,1.0e7,0.0013947510999525001
108.31932773109244,1000.0,2.053400872190465
108.31932773109244,1080.4718223181285,1.9301141109921938
108.31932773109244,1167.4193588234587,1.8142295213292554
108.31932773109244,1261.3637220374437,1.7053026747577071
108.31932773109244,1362.867959355774,1.6029158264413566
108.31932773109244,1472.5404276241222,1.5066763130605147
108.31932773109244,1591.0384392721533,1.4162150469107475
108.31932773109244,1719.0722018585745,1.33118510041636
108.31932773109244,1857.4090746385718,1.2512603756300804
108.31932773109244,2006.8781676649664,1.1761343536163644
108.31932773109244,2168.375310987435,1.1055189189220633
108.31932773109244,2342.8684237322327,1.0391432546262154
108.31932773109244,2531.403315241567,0.9767528037313387
108.31932773109244,2735.109953041208,0.9181082929130931
108.31932773109244,2955.209235202888,0.862984814884283
108.31932773109244,3193.020307691027,0.8111709658539783
108.31932773109244,3449.9684705497157,0.7624680347738289
108.31932773109244,3727.593720314942,0.7166892412622627
108.31932773109244,4027.5599798502976,0.6736590192839235
108.31932773109244,4351.665070924416,0.633212343837194
108.31932773109244,4701.851489299852,0.5951940980675913
108.31932773109244,5080.218046913023,0.5594584783798471
108.31932773109244,5489.032450921557,0.5258684352672292
108.31932773109244,5930.744895010559,0.49429514771362093
108.31932773109244,6408.002744415996,0.46461752915265003
108.31932773109244,6923.6664026787275,0.43672176308916844
108.31932773109244,7480.826455225086,0.4105008666021486
108.31932773109244,8082.822192522714,0.3858542800549854
108.31932773109244,8733.261623828437,0.3626874814397085
108.31932773109244,9436.04310147889,0.34091162387607526
108.31932773109244,10195.378685327301,0.32044319487531747
108.31932773109244,11015.819387358995,0.3012036960617901
108.31932773109244,11902.282447787144,0.2831193421242205
108.31932773109244,12860.08080610565,0.26612077784200805
108.31932773109244,13894.954943731389,0.25014281210134515
108.31932773109244,15013.107289081743,0.23512416788108395
108.31932773109244,16221.239391291729,0.22100724724951967
108.31932773109244,17526.592085367585,0.20773791047083562
108.31932773109244,18936.988889503602,0.1952652683740565
108.31932773109244,20460.88289466011,0.1835414871882288
108.31932773109244,22107.407427431233,0.17252160509535128
108.31932773109244,23886.430789846003,0.16216335979751806
108.31932773109244,25808.615404180768,0.15242702643697992
108.31932773109244,27885.481717262915,0.14327526524752848
108.31932773109244,30129.47724726992,0.1346729783529349
108.31932773109244,32554.05118685032,0.12658717516325058
108.31932773109244,35173.7350096938,0.11898684585275054
108.31932773109244,38004.22956365882,0.11184284243429728
108.31932773109244,41062.49917244294,0.10512776697403217
108.31932773109244,44366.873309786155,0.0988158665176886
108.31932773109244,47937.15645558219,0.09288293432555865
108.31932773109244,51794.74679231213,0.08730621703733898
108.31932773109244,55962.76445319552,0.0820643274108265
108.31932773109244,60466.19009070435,0.07713716229980629
108.31932773109244,65332.014595937704,0.07250582555657029
108.31932773109244,70589.40086618738,0.06815255556339028
108.31932773109244,76269.85859023452,0.06406065711502124
108.31932773109244,82407.43309893666,0.06021443739099872
108.31932773109244,89038.90941296735,0.05659914577217655
108.31932773109244,96204.0327106476,0.053200917270697035
108.31932773109244,103945.74653722627,0.05000671935644143
108.31932773109244,112310.45018329516,0.04700430197603492
108.31932773109244,121348.27677491431,0.04418215057272464
108.31932773109244,131113.3937421563,0.041529441926957414
108.31932773109244,141664.3274669022,0.03903600264830134
108.31932773109244,153064.31405563594,0.03669227015952413
108.31932773109244,165381.6783395673,0.03448925602319814
108.31932773109244,178690.24337358287,0.032418511470186345
108.31932773109244,193069.77288832495,0.03047209499780766
108.31932773109244,208606.44934719568,0.028642541913417367
108.31932773109244,225393.39047347888,0.026922835706599604
108.31932773109244,243531.20734334175,0.025306381140181137
108.31932773109244,263128.6073895945,0.023786978956868658
108.31932773109244,284303.0459302665,0.022358802104505967
108.31932773109244,307181.43012686964,0.02101637338877396
108.31932773109244,331900.87959146773,0.019754544467628372
108.31932773109244,358609.54820118286,0.018568476106917545
108.31932773109244,387467.51204561285,0.01745361962145823
108.31932773109244,418647.72882899473,0.016405699430394535
108.31932773109244,452337.0744772105,0.015420696659937883
108.31932773109244,488737.4631624427,0.014494833730603153
108.31932773109244,528067.0574582637,0.013624559869831283
108.31932773109244,570561.5758781021,0.012806537494438221
108.31932773109244,616475.7056337161,0.012037629410665345
108.31932773109244,666084.6290809154,0.011314886782742508
108.31932773109244,719685.6730011514,0.010635537823821806
108.31932773109244,777600.0906038043,0.009996977165910916
108.31932773109244,840174.9869294344,0.009396755868038635
108.31932773109244,907785.3991937558,0.008832572024332797
108.31932773109244,980836.5445406671,0.008302261935991971
108.31932773109244,1.0597662486760707e6,0.007803791813294374
108.31932773109244,1.1450475699382813e6,0.007335249975820459
108.31932773109244,1.2371916345321594e6,0.006894839520976395
108.31932773109244,1.336750699919709e6,0.0064808714327013305
108.31932773109244,1.4443214647272818e6,0.006091758103929918
108.31932773109244,1.5605486450070748e6,0.005726007247967887
108.31932773109244,1.6861288382868804e6,0.005382216175430391
108.31932773109244,1.8218146985669748e6,0.005059066414794557
108.31932773109244,1.9684194472866112e6,0.0047553186559355564
108.31932773109244,2.126821747296208e6,0.004469807997254183
108.31932773109244,2.2979709690469606e6,0.004201439478168208
108.31932773109244,2.48289288056033e6,0.003949183879834225
108.31932773109244,2.6826957952797273e6,0.003712073777995316
108.31932773109244,2.898577214651068e6,0.0034891998328168104
108.31932773109244,3.131831005243845e6,0.003279707301481392
108.31932773109244,3.383855153428233e6,0.0030827927601689456
108.31932773109244,3.6561601440851935e6,0.002897701022849641
108.31932773109244,3.9503780135666407e6,0.002723722245073552
108.31932773109244,4.268272131163825e6,0.0025601892016495487
108.31932773109244,4.611747767708261e6,0.0024064747277731165
108.31932773109244,4.982863514647306e6,0.002261989313789559
108.31932773109244,5.383843622033489e6,0.0021261788443682973
108.31932773109244,5.817091329374358e6,0.001998522473417785
108.31932773109244,6.285203269240097e6,0.0018785306265911104
108.31932773109244,6.790985029955707e6,0.0017657431237217266
108.31932773109244,7.337467970651373e6,0.0016597274139886601
108.31932773109244,7.927927389450606e6,0.0015600769170428933
108.31932773109244,8.565902153685499e6,0.0014664094637329963
108.31932773109244,9.255215909791354e6,0.0013783658304499934
108.31932773109244,1.0e7,0.0012956083614706082
111.59663865546219,1000.0,1.9116367181394947
111.59663865546219,1080.4718223181285,1.7968615162980242
111.59663865546219,1167.4193588234587,1.6889774495936576
111.59663865546219,1261.3637220374437,1.5875707723503623
111.59663865546219,1362.867959355774,1.492252580297915
111.59663865546219,1472.5404276241222,1.4026573190869664
111.59663865546219,1591.0384392721533,1.318441382353282
111.59663865546219,1719.0722018585745,1.239281793954592
111.59663865546219,1857.4090746385718,1.164874969326306
111.59663865546219,2006.8781676649664,1.0949355512057832
111.59663865546219,2168.375310987435,1.0291953152600346
111.59663865546219,2342.8684237322327,0.967402141419854
111.59663865546219,2531.403315241567,0.9093190469753207
111.59663865546219,2735.109953041208,0.8547232777245282
111.59663865546219,2955.209235202888,0.8034054536899938
111.59663865546219,3193.020307691027,0.7551687661264956
111.59663865546219,3449.9684705497157,0.7098282227407738
111.59663865546219,3727.593720314942,0.6672099382284649
111.59663865546219,4027.5599798502976,0.6271504674073889
111.59663865546219,4351.665070924416,0.5894961783896975
111.59663865546219,4701.851489299852,0.5541026633889483
111.59663865546219,5080.218046913023,0.5208341849024818
111.59663865546219,5489.032450921557,0.48956315514516474
111.59663865546219,5930.744895010559,0.46016964673807575
111.59663865546219,6408.002744415996,0.4325409327755799
111.59663865546219,6923.6664026787275,0.40657105450690295
111.59663865546219,7480.826455225086,0.382160414974228
111.59663865546219,8082.822192522714,0.35921539704886807
111.59663865546219,8733.261623828437,0.33764800440065895
111.59663865546219,9436.04310147889,0.31737552402364877
111.59663865546219,10195.378685327301,0.2983202090238358
111.59663865546219,11015.819387358995,0.28040898045242385
111.59663865546219,11902.282447787144,0.26357314704108886
111.59663865546219,12860.08080610565,0.24774814176441942
111.59663865546219,13894.954943731389,0.23287327421922185
111.59663865546219,15013.107289081743,0.2188914978710419
111.59663865546219,16221.239391291729,0.20574919127526675
111.59663865546219,17526.592085367585,0.19339595243377744
111.59663865546219,18936.988889503602,0.1817844054984824
111.59663865546219,20460.88289466011,0.17087001908042587
111.59663865546219,22107.407427431233,0.16061093546766764
111.59663865546219,23886.430789846003,0.15096781009696936
111.59663865546219,25808.615404180768,0.14190366066364593
111.59663865546219,27885.481717262915,0.13338372529090167
111.59663865546219,30129.47724726992,0.1253753292147214
111.59663865546219,32554.05118685032,0.11784775947303666
111.59663865546219,35173.7350096938,0.11077214711858939
111.59663865546219,38004.22956365882,0.10412135650376855
111.59663865546219,41062.49917244294,0.09786988121281542
111.59663865546219,44366.873309786155,0.09199374624228904
111.59663865546219,47937.15645558219,0.08647041605464337
111.59663865546219,51794.74679231213,0.08127870815229322
111.59663865546219,55962.76445319552,0.0763987118407175
111.59663865546219,60466.19009070435,0.07181171186904882
111.59663865546219,65332.014595937704,0.06750011665530271
111.59663865546219,70589.40086618738,0.06344739082098452
111.59663865546219,76269.85859023452,0.059637991776337225
111.59663865546219,82407.43309893666,0.05605731011302888
111.59663865546219,89038.90941296735,0.0526916135756791
111.59663865546219,96204.0327106476,0.04952799439735153
111.59663865546219,103945.74653722627,0.04655431979703741
111.59663865546219,112310.45018329516,0.04375918544928452
111.59663865546219,121348.27677491431,0.04113187174752215
111.59663865546219,131113.3937421563,0.03866230269334853
111.59663865546219,141664.3274669022,0.03634100725411676
111.59663865546219,153064.31405563594,0.03415908304062234
111.59663865546219,165381.6783395673,0.032108162165591904
111.59663865546219,178690.24337358287,0.0301803791520384
111.59663865546219,193069.77288832495,0.028368340768407323
111.59663865546219,208606.44934719568,0.026665097674829146
111.59663865546219,225393.39047347888,0.02506411777173875
111.59663865546219,243531.20734334175,0.023559261148651083
111.59663865546219,263128.6073895945,0.022144756537019625
111.59663865546219,284303.0459302665,0.020815179176871236
111.59663865546219,307181.43012686964,0.01956543001233493
111.59663865546219,331900.87959146773,0.018390716136276693
111.59663865546219,358609.54820118286,0.017286532409043893
111.59663865546219,387467.51204561285,0.016248644180825448
111.59663865546219,418647.72882899473,0.015273071051366246
111.59663865546219,452337.0744772105,0.014356071604752873
111.59663865546219,488737.4631624427,0.013494129060727165
111.59663865546219,528067.0574582637,0.012683937787498658
111.59663865546219,570561.5758781021,0.011922390624331761
111.59663865546219,616475.7056337161,0.01120656696528826
111.59663865546219,666084.6290809154,0.010533721558425212
111.59663865546219,719685.6730011514,0.009901273977492166
111.59663865546219,777600.0906038043,0.009306798725750607
111.59663865546219,840174.9869294344,0.008748015933962856
111.59663865546219,907785.3991937558,0.008222782616876237
111.59663865546219,980836.5445406671,0.007729084454670487
111.59663865546219,1.0597662486760707e6,0.007265028067849275
111.59663865546219,1.1450475699382813e6,0.006828833755949423
111.59663865546219,1.2371916345321594e6,0.006418828672220042
111.59663865546219,1.336750699919709e6,0.006033440408095831
111.59663865546219,1.4443214647272818e6,0.005671190962860414
111.59663865546219,1.5605486450070748e6,0.00533069107537273
111.59663865546219,1.6861288382868804e6,0.005010634896118184
111.59663865546219,1.8218146985669748e6,0.0047097949791513275
111.59663865546219,1.9684194472866112e6,0.0044270175747237
111.59663865546219,2.126821747296208e6,0.004161218204543592
111.59663865546219,2.2979709690469606e6,0.003911377502698461
111.59663865546219,2.48289288056033e6,0.0036765373062895255
111.59663865546219,2.6826957952797273e6,0.0034557969807857544
111.59663865546219,2.898577214651068e6,0.0032483099660045875
111.59663865546219,3.131831005243845e6,0.0030532805294730013
111.59663865546219,3.383855153428233e6,0.0028699607147176327
111.59663865546219,3.6561601440851935e6,0.0026976474727804316
111.59663865546219,3.9503780135666407e6,0.0025356799659589225
111.59663865546219,4.268272131163825e6,0.002383437033430633
111.59663865546219,4.611747767708261e6,0.0022403348090421628
111.59663865546219,4.982863514647306e6,0.002105824482126836
111.59663865546219,5.383843622033489e6,0.001979390192763506
111.59663865546219,5.817091329374358e6,0.0018605470534045967
111.59663865546219,6.285203269240097e6,0.001748839289286163
111.59663865546219,6.790985029955707e6,0.0016438384904882265
111.59663865546219,7.337467970651373e6,0.0015451419689419207
111.59663865546219,7.927927389450606e6,0.0014523712140823678
111.59663865546219,8.565902153685499e6,0.0013651704412246028
111.59663865546219,9.255215909791354e6,0.0012832052270953934
111.59663865546219,1.0e7,0.001206161227288127
114.87394957983193,1000.0,1.7833488614436945
114.87394957983193,1080.4718223181285,1.6762760983063734
114.87394957983193,1167.4193588234587,1.5756320137376292
114.87394957983193,1261.3637220374437,1.4810306280828143
114.87394957983193,1362.867959355774,1.3921091360134203
114.87394957983193,1472.5404276241222,1.3085265151340715
114.87394957983193,1591.0384392721533,1.2299622181291472
114.87394957983193,1719.0722018585745,1.1561149434332794
114.87394957983193,1857.4090746385718,1.086701479711135
114.87394957983193,2006.8781676649664,1.0214556197149638
114.87394957983193,2168.375310987435,0.9601271393544314
114.87394957983193,2342.8684237322327,0.9024808380633947
114.87394957983193,2531.403315241567,0.8482956367833119
114.87394957983193,2735.109953041208,0.7973637301039915
114.87394957983193,2955.209235202888,0.74948978931004
114.87394957983193,3193.020307691027,0.7044902132766279
114.87394957983193,3449.9684705497157,0.6621924243416775
114.87394957983193,3727.593720314942,0.6224342064540865
114.87394957983193,4027.5599798502976,0.5850630830597146
114.87394957983193,4351.665070924416,0.5499357323392672
114.87394957983193,4701.851489299852,0.5169174375554617
114.87394957983193,5080.218046913023,0.48588157040150437
114.87394957983193,5489.032450921557,0.45670910536946696
114.87394957983193,5930.744895010559,0.4292881632761205
114.87394957983193,6408.002744415996,0.4035135821956083
114.87394957983193,6923.6664026787275,0.3792865141534384
114.87394957983193,7480.826455225086,0.3565140460350833
114.87394957983193,8082.822192522714,0.3351088432553312
114.87394957983193,8733.261623828437,0.31498881482182933
114.87394957983193,9436.04310147889,0.2960767985083078
114.87394957983193,10195.378685327301,0.2783002649300866
114.87394957983193,11015.819387358995,0.26159103938697564
114.87394957983193,11902.282447787144,0.2458850404068026
114.87394957983193,12860.08080610565,0.2311220339868614
114.87394957983193,13894.954943731389,0.21724540259077088
114.87394957983193,15013.107289081743,0.20420192801483025
114.87394957983193,16221.239391291729,0.19194158729113356
114.87394957983193,17526.592085367585,0.18041736084472337
114.87394957983193,18936.988889503602,0.16958505216903946
114.87394957983193,20460.88289466011,0.1594031183281048
114.87394957983193,22107.407427431233,0.14983251063540776
114.87394957983193,23886.430789846003,0.14083652489846782
114.87394957983193,25808.615404180768,0.13238066065476095
114.87394957983193,27885.481717262915,0.12443248885915696
114.87394957983193,30129.47724726992,0.11696152751544206
114.87394957983193,32554.05118685032,0.10993912477495865
114.87394957983193,35173.7350096938,0.10333834905403542
114.87394957983193,38004.22956365882,0.09713388574879793
114.87394957983193,41062.49917244294,0.09130194015124997
114.87394957983193,44366.873309786155,0.08582014619430155
114.87394957983193,47937.15645558219,0.0806674806757704
114.87394957983193,51794.74679231213,0.0758241826323977
114.87394957983193,55962.76445319552,0.07127167755467148
114.87394957983193,60466.19009070435,0.06699250615181256
114.87394957983193,65332.014595937704,0.06297025739373072
114.87394957983193,70589.40086618738,0.05918950557316049
114.87394957983193,76269.85859023452,0.05563575114660385
114.87394957983193,82407.43309893666,0.05229536512719945
114.87394957983193,89038.90941296735,0.04915553681625899
114.87394957983193,96204.0327106476,0.04620422467301723
114.87394957983193,103945.74653722627,0.04343011013417562
114.87394957983193,112310.45018329516,0.040822554206133684
114.87394957983193,121348.27677491431,0.038371556663434545
114.87394957983193,131113.3937421563,0.03606771769694755
114.87394957983193,141664.3274669022,0.0339022018647044
114.87394957983193,153064.31405563594,0.03186670420713756
114.87394957983193,165381.6783395673,0.02995341839676856
114.87394957983193,178690.24337358287,0.028155006800198532
114.87394957983193,193069.77288832495,0.026464572337584848
114.87394957983193,208606.44934719568,0.02487563203168262
114.87394957983193,225393.39047347888,0.02338209214500935
114.87394957983193,243531.20734334175,0.021978224809780896
114.87394957983193,263128.6073895945,0.020658646060992845
114.87394957983193,284303.0459302665,0.019418295188401515
114.87394957983193,307181.43012686964,0.01825241532821807
114.87394957983193,331900.87959146773,0.01715653522008253
114.87394957983193,358609.54820118286,0.016126452059354302
114.87394957983193,387467.51204561285,0.015158215378955845
114.87394957983193,418647.72882899473,0.014248111898955008
114.87394957983193,452337.0744772105,0.01339265128578263
114.87394957983193,488737.4631624427,0.012588552766470784
114.87394957983193,528067.0574582637,0.011832732546575716
114.87394957983193,570561.5758781021,0.011122291983532364
114.87394957983193,616475.7056337161,0.010454506470083915
114.87394957983193,666084.6290809154,0.009826814985153321
114.87394957983193,719685.6730011514,0.009236810272083429
114.87394957983193,777600.0906038043,0.00868222960657834
114.87394957983193,840174.9869294344,0.008160946118940129
114.87394957983193,907785.3991937558,0.007670960637320831
114.87394957983193,980836.5445406671,0.007210394020707946
114.87394957983193,1.0597662486760707e6,0.0067774799522395774
114.87394957983193,1.1450475699382813e6,0.006370558165210974
114.87394957983193,1.2371916345321594e6,0.005988068075793496
114.87394957983193,1.336750699919709e6,0.005628542798046905
114.87394957983193,1.4443214647272818e6,0.005290603518272073
114.87394957983193,1.5605486450070748e6,0.004972954207128972
114.87394957983193,1.6861288382868804e6,0.004674376649240714
114.87394957983193,1.8218146985669748e6,0.0043937257712214775
114.87394957983193,1.9684194472866112e6,0.004129925250210971
114.87394957983193,2.126821747296208e6,0.003881963386073689
114.87394957983193,2.2979709690469606e6,0.00364888922143249
114.87394957983193,2.48289288056033e6,0.003429808894656444
114.87394957983193,2.6826957952797273e6,0.0032238822118163123
114.87394957983193,2.898577214651068e6,0.0030303194244607375
114.87394957983193,3.131831005243845e6,0.002848378200855705
114.87394957983193,3.383855153428233e6,0.002677360779071594
114.87394957983193,3.6561601440851935e6,0.00251661129099969
114.87394957983193,3.9503780135666407e6,0.0023655132470354946
114.87394957983193,4.268272131163825e6,0.002223487171782337
114.87394957983193,4.611747767708261e6,0.0020899883817080325
114.87394957983193,4.982863514647306e6,0.001964504896231604
114.87394957983193,5.383843622033489e6,0.0018465554742289837
114.87394957983193,5.817091329374358e6,0.0017356877684274476
114.87394957983193,6.285203269240097e6,0.0016314765906107144
114.87394957983193,6.790985029955707e6,0.0015335222809816224
114.87394957983193,7.337467970651373e6,0.001441449175428722
114.87394957983193,7.927927389450606e6,0.001354904164818613
114.87394957983193,8.565902153685499e6,0.0012735553407887759
114.87394957983193,9.255215909791354e6,0.0011970907228473627
114.87394957983193,1.0e7,0.0011252170618982894
118.15126050420169,1000.0,1.6669246703602527
118.15126050420169,1080.4718223181285,1.5668420481341379
118.15126050420169,1167.4193588234587,1.4727684144662698
118.15126050420169,1261.3637220374437,1.3843429880073013
118.15126050420169,1362.867959355774,1.301226648820743
118.15126050420169,1472.5404276241222,1.2231006378256961
118.15126050420169,1591.0384392721533,1.149665334325404
118.15126050420169,1719.0722018585745,1.0806391069333274
118.15126050420169,1857.4090746385718,1.0157572334899403
118.15126050420169,2006.8781676649664,0.9547708858280233
118.15126050420169,2168.375310987435,0.8974461754929318
118.15126050420169,2342.8684237322327,0.8435632567580866
118.15126050420169,2531.403315241567,0.7929154834956607
118.15126050420169,2735.109953041208,0.7453086166689895
118.15126050420169,2955.209235202888,0.7005600794073562
118.15126050420169,3193.020307691027,0.6584982568062964
118.15126050420169,3449.9684705497157,0.6189618377680828
118.15126050420169,3727.593720314942,0.5817991963582957
118.15126050420169,4027.5599798502976,0.5468678103059195
118.15126050420169,4351.665070924416,0.5140337144168468
118.15126050420169,4701.851489299852,0.483170986804597
118.15126050420169,5080.218046913023,0.4541612659678819
118.15126050420169,5489.032450921557,0.4268932968629711
118.15126050420169,5930.744895010559,0.40126250422999404
118.15126050420169,6408.002744415996,0.3771705915368573
118.15126050420169,6923.6664026787275,0.35452516400267486
118.15126050420169,7480.826455225086,0.3332393742549818
118.15126050420169,8082.822192522714,0.3132315892617822
118.15126050420169,8733.261623828437,0.2944250772610943
118.15126050420169,9436.04310147889,0.27674771348733224
118.15126050420169,10195.378685327301,0.2601317035659556
118.15126050420169,11015.819387358995,0.2445133235155838
118.15126050420169,11902.282447787144,0.2298326753604557
118.15126050420169,12860.08080610565,0.21603345741598404
118.15126050420169,13894.954943731389,0.20306274836643043
118.15126050420169,15013.107289081743,0.19087080430661765
118.15126050420169,16221.239391291729,0.17941086796931136
118.15126050420169,17526.592085367585,0.16863898940664593
118.15126050420169,18936.988889503602,0.15851385743788604
118.15126050420169,20460.88289466011,0.1489966412171126
118.15126050420169,22107.407427431233,0.14005084131322765
118.15126050420169,23886.430789846003,0.1316421497311586
118.15126050420169,25808.615404180768,0.12373831833742809
118.15126050420169,27885.481717262915,0.11630903518548874
118.15126050420169,30129.47724726992,0.10932580826651983
118.15126050420169,32554.05118685032,0.10276185623985862
118.15126050420169,35173.7350096938,0.09659200572400697
118.15126050420169,38004.22956365882,0.09079259475431437
118.15126050420169,41062.49917244294,0.0853413820370889
118.15126050420169,44366.873309786155,0.08021746165211625
118.15126050420169,47937.15645558219,0.0754011828764644
118.15126050420169,51794.74679231213,0.07087407482208757
118.15126050420169,55962.76445319552,0.06661877559821118
118.15126050420169,60466.19009070435,0.06261896572682624
118.15126050420169,65332.014595937704,0.05885930555593588
118.15126050420169,70589.40086618738,0.05532537643052855
118.15126050420169,76269.85859023452,0.052003625395661675
118.15126050420169,82407.43309893666,0.04888131321958862
118.15126050420169,89038.90941296735,0.04594646553759036
118.15126050420169,96204.0327106476,0.04318782692914623
118.15126050420169,103945.74653722627,0.040594817752323376
118.15126050420169,112310.45018329516,0.03815749356984205
118.15126050420169,121348.27677491431,0.035866507011210975
118.15126050420169,131113.3937421563,0.033713071924670726
118.15126050420169,141664.3274669022,0.03168892968146454
118.15126050420169,153064.31405563594,0.029786317503210275
118.15126050420169,165381.6783395673,0.027997938690905194
118.15126050420169,178690.24337358287,0.02631693464139035
118.15126050420169,193069.77288832495,0.02473685854395376
118.15126050420169,208606.44934719568,0.023251650656197023
118.15126050420169,225393.39047347888,0.021855615064345815
118.15126050420169,243531.20734334175,0.020543397838877774
118.15126050420169,263128.6073895945,0.019309966501692737
118.15126050420169,284303.0459302665,0.018150590726079455
118.15126050420169,307181.43012686964,0.01706082419546207
118.15126050420169,331900.87959146773,0.01603648755135231
118.15126050420169,358609.54820118286,0.015073652365111464
118.15126050420169,387467.51204561285,0.014168626072052166
118.15126050420169,418647.72882899473,0.013317937810101012
118.15126050420169,452337.0744772105,0.012518325108711696
118.15126050420169,488737.4631624427,0.01176672137697971
118.15126050420169,528067.0574582637,0.011060244142973871
118.15126050420169,570561.5758781021,0.01039618399918188
118.15126050420169,616475.7056337161,0.009771994211674313
118.15126050420169,666084.6290809154,0.009185280953137313
118.15126050420169,719685.6730011514,0.008633794122316763
118.15126050420169,777600.0906038043,0.00811541871466553
118.15126050420169,840174.9869294344,0.00762816671109954
118.15126050420169,907785.3991937558,0.00717016945375509
118.15126050420169,980836.5445406671,0.006739670479507918
118.15126050420169,1.0597662486760707e6,0.006335018783769737
118.15126050420169,1.1450475699382813e6,0.005954662488728316
118.15126050420169,1.2371916345321594e6,0.005597142891748202
118.15126050420169,1.336750699919709e6,0.0052610888711070855
118.15126050420169,1.4443214647272818e6,0.004945211627613394
118.15126050420169,1.5605486450070748e6,0.004648299741938528
118.15126050420169,1.6861288382868804e6,0.0043692145287083225
118.15126050420169,1.8218146985669748e6,0.004106885669536145
118.15126050420169,1.9684194472866112e6,0.0038603071082498703
118.15126050420169,2.126821747296208e6,0.003628533192570611
118.15126050420169,2.2979709690469606e6,0.003410675047446105
118.15126050420169,2.48289288056033e6,0.003205897166130198
118.15126050420169,2.6826957952797273e6,0.0030134142059348593
118.15126050420169,2.898577214651068e6,0.002832487976366125
118.15126050420169,3.131831005243845e6,0.0026624246080932234
118.15126050420169,3.383855153428233e6,0.0025025718918935654
118.15126050420169,3.6561601440851935e6,0.002352316777368238
118.15126050420169,3.9503780135666407e6,0.0022110830218352922
118.15126050420169,4.268272131163825e6,0.002078328980384159
118.15126050420169,4.611747767708261e6,0.001953545528615806
118.15126050420169,4.982863514647306e6,0.0018362541101021466
118.15126050420169,5.383843622033489e6,0.0017260049010765308
118.15126050420169,5.817091329374358e6,0.0016223750853167512
118.15126050420169,6.285203269240097e6,0.001524967232604532
118.15126050420169,6.790985029955707e6,0.0014334077745427715
118.15126050420169,7.337467970651373e6,0.0013473455718851467
118.15126050420169,7.927927389450606e6,0.001266450567883634
118.15126050420169,8.565902153685499e6,0.0011904125224894454
118.15126050420169,9.255215909791354e6,0.0011189398225528618
118.15126050420169,1.0e7,0.001051758363459026
121.42857142857143,1000.0,1.5609820561677505
121.42857142857143,1080.4718223181285,1.4672602580522927
121.42857142857143,1167.4193588234587,1.379165542841014
121.42857142857143,1261.3637220374437,1.2963600589065782
121.42857142857143,1362.867959355774,1.2185262393275984
121.42857142857143,1472.5404276241222,1.1453655839892407
121.42857142857143,1591.0384392721533,1.0765975148068365
121.42857142857143,1719.0722018585745,1.0119582996821965
121.42857142857143,1857.4090746385718,0.9512000410658754
121.42857142857143,2006.8781676649664,0.8940897252464531
121.42857142857143,2168.375310987435,0.8404083287207463
121.42857142857143,2342.8684237322327,0.7899499782178041
121.42857142857143,2531.403315241567,0.7425211611552951
121.42857142857143,2735.109953041208,0.6979399835003139
121.42857142857143,2955.209235202888,0.6560354721884337
121.42857142857143,3193.020307691027,0.6166469194257131
121.42857142857143,3449.9684705497157,0.5796232663589895
121.42857142857143,3727.593720314942,0.5448225237507847
121.42857142857143,4027.5599798502976,0.5121112274370505
121.42857142857143,4351.665070924416,0.48136392647937887
121.42857142857143,4701.851489299852,0.45246270204870154
121.42857142857143,5080.218046913023,0.4252967151953418
121.42857142857143,5489.032450921557,0.3997617817710834
121.42857142857143,5930.744895010559,0.3757599728730324
121.42857142857143,6408.002744415996,0.353199239276943
121.42857142857143,6923.6664026787275,0.3319930584196723
121.42857142857143,7480.826455225086,0.3120601025769063
121.42857142857143,8082.822192522714,0.2933239269635853
121.42857142857143,8733.261623828437,0.27571267656087045
121.42857142857143,9436.04310147889,0.2591588105453001
121.42857142857143,10195.378685327301,0.24359884326329392
121.42857142857143,11015.819387358995,0.22897310075762348
121.42857142857143,11902.282447787144,0.21522549191209922
121.42857142857143,12860.08080610565,0.20230329333679525
121.42857142857143,13894.954943731389,0.19015694716882478
121.42857142857143,15013.107289081743,0.1787398710132144
121.42857142857143,16221.239391291729,0.16800827929497925
121.42857142857143,17526.592085367585,0.15792101533727146
121.42857142857143,18936.988889503602,0.14843939352160246
121.42857142857143,20460.88289466011,0.13952705092480996
121.42857142857143,22107.407427431233,0.1311498078637822
121.42857142857143,23886.430789846003,0.12327553681311613
121.42857142857143,25808.615404180768,0.11587403919299744
121.42857142857143,27885.481717262915,0.10891692955476738
121.42857142857143,30129.47724726992,0.10237752672002366
121.42857142857143,32554.05118685032,0.09623075145575832
121.42857142857143,35173.7350096938,0.09045303029310957
121.42857142857143,38004.22956365882,0.0850222051208622
121.42857142857143,41062.49917244294,0.07991744820697992
121.42857142857143,44366.873309786155,0.07511918232226793
121.42857142857143,47937.15645558219,0.070609005659834
121.42857142857143,51794.74679231213,0.06636962126240503
121.42857142857143,55962.76445319552,0.06238477068684779
121.42857142857143,60466.19009070435,0.05863917165149055
121.42857142857143,65332.014595937704,0.05511845942711628
121.42857142857143,70589.40086618738,0.05180913174685747
121.42857142857143,76269.85859023452,0.048698497023715925
121.42857142857143,82407.43309893666,0.045774625677117646
121.42857142857143,89038.90941296735,0.04302630438183401
121.42857142857143,96204.0327106476,0.04044299306381132
121.42857142857143,103945.74653722627,0.038014784477982407
121.42857142857143,112310.45018329516,0.035732366213037756
121.42857142857143,121348.27677491431,0.03358698497744075
121.42857142857143,131113.3937421563,0.03157041302972044
121.42857142857143,141664.3274669022,0.029674916624299122
121.42857142857143,153064.31405563594,0.027893226351841105
121.42857142857143,165381.6783395673,0.026218509260375004
121.42857142857143,178690.24337358287,0.024644342650272034
121.42857142857143,193069.77288832495,0.023164689442580867
121.42857142857143,208606.44934719568,0.02177387502625452
121.42857142857143,225393.39047347888,0.020466565495476333
121.42857142857143,243531.20734334175,0.0192377471936228
121.42857142857143,263128.6073895945,0.018082707485412866
121.42857142857143,284303.0459302665,0.016997016683502317
121.42857142857143,307181.43012686964,0.01597651106021085
121.42857142857143,331900.87959146773,0.015017276879229617
121.42857142857143,358609.54820118286,0.014115635386069598
121.42857142857143,387467.51204561285,0.013268128699687506
121.42857142857143,418647.72882899473,0.012471506551182556
121.42857142857143,452337.0744772105,0.011722713818705452
121.42857142857143,488737.4631624427,0.011018878810775078
121.42857142857143,528067.0574582637,0.010357302253067883
121.42857142857143,570561.5758781021,0.009735446936443735
121.42857142857143,616475.7056337161,0.009150927986507082
121.42857142857143,666084.6290809154,0.008601503717386372
121.42857142857143,719685.6730011514,0.008085067034655138
121.42857142857143,777600.0906038043,0.007599637354424091
121.42857142857143,840174.9869294344,0.007143353007613198
121.42857142857143,907785.3991937558,0.006714464100273299
121.42857142857143,980836.5445406671,0.006311325802576123
121.42857142857143,1.0597662486760707e6,0.005932392040735139
121.42857142857143,1.1450475699382813e6,0.0055762095676652615
121.42857142857143,1.2371916345321594e6,0.005241412389641811
121.42857142857143,1.336750699919709e6,0.004926716527584384
121.42857142857143,1.4443214647272818e6,0.004630915092874789
121.42857142857143,1.5605486450070748e6,0.004352873658824123
121.42857142857143,1.6861288382868804e6,0.004091525910038363
121.42857142857143,1.8218146985669748e6,0.003845869552997207
121.42857142857143,1.9684194472866112e6,0.003614962472162924
121.42857142857143,2.126821747296208e6,0.0033979191168774874
121.42857142857143,2.2979709690469606e6,0.003193907105191414
121.42857142857143,2.48289288056033e6,0.003002144031599671
121.42857142857143,2.6826957952797273e6,0.0028218944664420344
121.42857142857143,2.898577214651068e6,0.002652467135460219
121.42857142857143,3.131831005243845e6,0.0024932122686952564
121.42857142857143,3.383855153428233e6,0.0023435191085577852
121.42857142857143,3.6561601440851935e6,0.0022028135675144812
121.42857142857143,3.9503780135666407e6,0.002070556026407681
121.42857142857143,4.268272131163825e6,0.001946239264964475
121.42857142857143,4.611747767708261e6,0.0018293865165586497
121.42857142857143,4.982863514647306e6,0.001719549639765221
121.42857142857143,5.383843622033489e6,0.0016163073996953799
121.42857142857143,5.817091329374358e6,0.0015192638525205547
121.42857142857143,6.285203269240097e6,0.0014280468269900941
121.42857142857143,6.790985029955707e6,0.001342306497119061
121.42857142857143,7.337467970651373e6,0.0012617140405722438
121.42857142857143,7.927927389450606e6,0.0011859603775991661
121.42857142857143,8.565902153685499e6,0.0011147549856837986
121.42857142857143,9.255215909791354e6,0.001047824785363014
121.42857142857143,1.0e7,0.0009849130929408354
124.70588235294117,1000.0,1.4643314215300702
124.70588235294117,1080.4718223181285,1.3764125544806376
124.70588235294117,1167.4193588234587,1.2937723607353517
124.70588235294117,1261.3637220374437,1.2160939072764556
124.70588235294117,1362.867959355774,1.1430792898329902
124.70588235294117,1472.5404276241222,1.0744484903895302
124.70588235294117,1591.0384392721533,1.009938303290412
124.70588235294117,1719.0722018585745,0.9493013258209665
124.70588235294117,1857.4090746385718,0.8923050093945285
124.70588235294117,2006.8781676649664,0.8387307677064492
124.70588235294117,2168.375310987435,0.7883731384347902
124.70588235294117,2342.8684237322327,0.74103899527274
124.70588235294117,2531.403315241567,0.6965468072708235
124.70588235294117,2735.109953041208,0.6547259426484134
124.70588235294117,2955.209235202888,0.6154160144045911
124.70588235294117,3193.020307691027,0.5784662652187182
124.70588235294117,3449.9684705497157,0.5437349892817411
124.70588235294117,3727.593720314942,0.5110889888409146
124.70588235294117,4027.5599798502976,0.4804030633737263
124.70588235294117,4351.665070924416,0.45155952943196165
124.70588235294117,4701.851489299852,0.424447769314467
124.70588235294117,5080.218046913023,0.39896380683772453
124.70588235294117,5489.032450921557,0.3750099085772812
124.70588235294117,5930.744895010559,0.3524942090507523
124.70588235294117,6408.002744415996,0.33133035840494285
124.70588235294117,6923.6664026787275,0.3114371912559326
124.70588235294117,7480.826455225086,0.2927384154120949
124.70588235294117,8082.822192522714,0.2751623192862704
124.70588235294117,8733.261623828437,0.25864149687499854
124.70588235294117,9436.04310147889,0.243112589250071
124.70588235294117,10195.378685327301,0.2285160415710034
124.70588235294117,11015.819387358995,0.21479587468654848
124.70588235294117,11902.282447787144,0.20189947044931583
124.70588235294117,12860.08080610565,0.18977736992016328
124.70588235294117,13894.954943731389,0.17838308368845196
124.70588235294117,15013.107289081743,0.1676729135807276
124.70588235294117,16221.239391291729,0.1576057850740596
124.70588235294117,17526.592085367585,0.14814308977133286
124.70588235294117,18936.988889503602,0.13924853733436557
124.70588235294117,20460.88289466011,0.13088801630700425
124.70588235294117,22107.407427431233,0.12302946329443873
124.70588235294117,23886.430789846003,0.11564273999702772
124.70588235294117,25808.615404180768,0.10869951762704863
124.70588235294117,27885.481717262915,0.10217316826509602
124.70588235294117,30129.47724726992,0.09603866273947387
124.70588235294117,32554.05118685032,0.09027247463693733
124.70588235294117,35173.7350096938,0.08485249007665567
124.70588235294117,38004.22956365882,0.07975792290137254
124.70588235294117,41062.49917244294,0.07496923496051167
124.70588235294117,44366.873309786155,0.07046806117950792
124.70588235294117,47937.15645558219,0.06623713912799664
124.70588235294117,51794.74679231213,0.06226024281674751
124.70588235294117,55962.76445319552,0.05852212046945028
124.70588235294117,60466.19009070435,0.05500843603069918
124.70588235294117,65332.014595937704,0.05170571418585418
124.70588235294117,70589.40086618738,0.0486012886819255
124.70588235294117,76269.85859023452,0.045683253751286235
124.70588235294117,82407.43309893666,0.042940418451919274
124.70588235294117,89038.90941296735,0.04036226374908803
124.70588235294117,96204.0327106476,0.03793890217383597
124.70588235294117,103945.74653722627,0.03566103990360096
124.70588235294117,112310.45018329516,0.03351994111952024
124.70588235294117,121348.27677491431,0.03150739450373256
124.70588235294117,131113.3937421563,0.0296156817481917
124.70588235294117,141664.3274669022,0.027837547954219728
124.70588235294117,153064.31405563594,0.026166173809279273
124.70588235294117,165381.6783395673,0.024595149434259996
124.70588235294117,178690.24337358287,0.023118449800981492
124.70588235294117,193069.77288832495,0.021730411625636124
124.70588235294117,208606.44934719568,0.020425711649555933
124.70588235294117,225393.39047347888,0.019199346224008384
124.70588235294117,243531.20734334175,0.018046612120726696
124.70588235294117,263128.6073895945,0.01696308849458133
124.70588235294117,284303.0459302665,0.015944619929217533
124.70588235294117,307181.43012686964,0.014987300500637736
124.70588235294117,331900.87959146773,0.0140874587976108
124.70588235294117,358609.54820118286,0.013241643841460128
124.70588235294117,387467.51204561285,0.012446611851231559
124.70588235294117,418647.72882899473,0.011699313803484348
124.70588235294117,452337.0744772105,0.010996883738995673
124.70588235294117,488737.4631624427,0.010336627771534022
124.70588235294117,528067.0574582637,0.009716013756548672
124.70588235294117,570561.5758781021,0.009132661580154139
124.70588235294117,616475.7056337161,0.008584334031166591
124.70588235294117,666084.6290809154,0.008068928221185781
124.70588235294117,719685.6730011514,0.00758446751981765
124.70588235294117,777600.0906038043,0.007129093974108405
124.70588235294117,840174.9869294344,0.0067010611831179396
124.70588235294117,907785.3991937558,0.006298727600305746
124.70588235294117,980836.5445406671,0.005920550238043564
124.70588235294117,1.0597662486760707e6,0.005565078750110769
124.70588235294117,1.1450475699382813e6,0.005230949869478423
124.70588235294117,1.2371916345321594e6,0.0049168821800503176
124.70588235294117,1.336750699919709e6,0.0046216712023101235
124.70588235294117,1.4443214647272818e6,0.004344184774027704
124.70588235294117,1.5605486450070748e6,0.004083358708309036
124.70588235294117,1.6861288382868804e6,0.0038381927123380937
124.70588235294117,1.8218146985669748e6,0.0036077465511585726
124.70588235294117,1.9684194472866112e6,0.0033911364417832414
124.70588235294117,2.126821747296208e6,0.0031875316638019725
124.70588235294117,2.2979709690469606e6,0.0029961513734897967
124.70588235294117,2.48289288056033e6,0.0028162616091968276
124.70588235294117,2.6826957952797273e6,0.002647172476535399
124.70588235294117,2.898577214651068e6,0.002488235502569321
124.70588235294117,3.131831005243845e6,0.0023388411488584056
124.70588235294117,3.383855153428233e6,0.002198416473820451
124.70588235294117,3.6561601440851935e6,0.002066422935445687
124.70588235294117,3.9503780135666407e6,0.0019423543259368399
124.70588235294117,4.268272131163825e6,0.001825734830354003
124.70588235294117,4.611747767708261e6,0.0017161172018190015
124.70588235294117,4.982863514647306e6,0.0016130810462809905
124.70588235294117,5.383843622033489e6,0.0015162312102652122
124.70588235294117,5.817091329374358e6,0.0014251962654217708
124.70588235294117,6.285203269240097e6,0.0013396270840625142
124.70588235294117,6.790985029955707e6,0.001259195500223081
124.70588235294117,7.337467970651373e6,0.0011835930511151591
124.70588235294117,7.927927389450606e6,0.0011125297941422965
124.70588235294117,8.565902153685499e6,0.0010457331949424201
124.70588235294117,9.255215909791354e6,0.0009829470821925794
124.70588235294117,1.0e7,0.0009239306651675193
127.98319327731092,1000.0,1.3759446876062134
127.98319327731092,1080.4718223181285,1.2933325847185893
127.98319327731092,1167.4193588234587,1.2156805355344218
127.98319327731092,1261.3637220374437,1.1426907370456652
127.98319327731092,1362.867959355774,1.0740832664199498
127.98319327731092,1472.5404276241222,1.0095950074698516
127.98319327731092,1591.0384392721533,0.9489786415772404
127.98319327731092,1719.0722018585745,0.8920016992028141
127.98319327731092,1857.4090746385718,0.8384456683432588
127.98319327731092,2006.8781676649664,0.7881051565168997
127.98319327731092,2168.375310987435,0.7407871030639572
127.98319327731092,2342.8684237322327,0.6963100387405259
127.98319327731092,2531.403315241567,0.6545033897667255
127.98319327731092,2735.109953041208,0.6152068236600055
127.98319327731092,2955.209235202888,0.5782696343447941
127.98319327731092,3193.020307691027,0.5435501641803412
127.98319327731092,3449.9684705497157,0.5109152606901632
127.98319327731092,3727.593720314942,0.48023976590961026
127.98319327731092,4027.5599798502976,0.45140603639314586
127.98319327731092,4351.665070924416,0.42430349204052137
127.98319327731092,4701.851489299852,0.39882819201155534
127.98319327731092,5080.218046913023,0.37488243610310706
127.98319327731092,5489.032450921557,0.3523743900594883
127.98319327731092,5930.744895010559,0.3312177333793399
127.98319327731092,6408.002744415996,0.31133132826828575
127.98319327731092,6923.6664026787275,0.2926389084677585
127.98319327731092,7480.826455225086,0.2750687867666311
127.98319327731092,8082.822192522714,0.25855358007393114
127.98319327731092,8733.261623828437,0.2430299509982654
127.98319327731092,9436.04310147889,0.2284383649428897
127.98319327731092,10195.378685327301,0.21472286178485597
127.98319327731092,11015.819387358995,0.20183084126260908
127.98319327731092,11902.282447787144,0.18971286124897174
127.98319327731092,12860.08080610565,0.17832244813587492
127.98319327731092,13894.954943731389,0.16761591860364233
127.98319327731092,15013.107289081743,0.15755221209129827
127.98319327731092,16221.239391291729,0.14809273332540163
127.98319327731092,17526.592085367585,0.13920120430349586
127.98319327731092,18936.988889503602,0.1308435251645123
127.98319327731092,20460.88289466011,0.12298764341255362
127.98319327731092,22107.407427431233,0.11560343099251755
127.98319327731092,23886.430789846003,0.10866256874613503
127.98319327731092,25808.615404180768,0.10213843780529995
127.98319327731092,27885.481717262915,0.09600601750617266
127.98319327731092,30129.47724726992,0.09024178943255044
127.98319327731092,32554.05118685032,0.0848236472205004
127.98319327731092,35173.7350096938,0.079730811778347
127.98319327731092,38004.22956365882,0.07494375159687572
127.98319327731092,41062.49917244294,0.07044410784413384
127.98319327731092,44366.873309786155,0.06621462395756048
127.98319327731092,47937.15645558219,0.06223907946342533
127.98319327731092,51794.74679231213,0.058502227769765464
127.98319327731092,55962.76445319552,0.05498973769425286
127.98319327731092,60466.19009070435,0.051688138502744334
127.98319327731092,65332.014595937704,0.04858476824773259
127.98319327731092,70589.40086618738,0.04566772520857099
127.98319327731092,76269.85859023452,0.042925822247240564
127.98319327731092,82407.43309893666,0.0403485439046101
127.98319327731092,89038.90941296735,0.037926006072647865
127.98319327731092,96204.0327106476,0.03564891808792579
127.98319327731092,103945.74653722627,0.033508547101039815
127.98319327731092,112310.45018329516,0.03149668458530025
127.98319327731092,121348.27677491431,0.029605614856249792
127.98319327731092,131113.3937421563,0.02782808548127839
127.98319327731092,141664.3274669022,0.026157279465853014
127.98319327731092,153064.31405563594,0.024586789109694265
127.98319327731092,165381.6783395673,0.02311059143263495
127.98319327731092,178690.24337358287,0.02172302507591734
127.98319327731092,193069.77288832495,0.020418768590342865
127.98319327731092,208606.44934719568,0.019192820028007363
127.98319327731092,225393.39047347888,0.0180404777593542
127.98319327731092,243531.20734334175,0.016957322441976903
127.98319327731092,263128.6073895945,0.015939200072020012
127.98319327731092,284303.0459302665,0.014982206053178316
127.98319327731092,307181.43012686964,0.01408267022219803
127.98319327731092,331900.87959146773,0.013237142773450991
127.98319327731092,358609.54820118286,0.01244238102860135
127.98319327731092,387467.51204561285,0.011695337000625116
127.98319327731092,418647.72882899473,0.010993145704489522
127.98319327731092,452337.0744772105,0.010333114169662393
127.98319327731092,488737.4631624427,0.009712711112313602
127.98319327731092,528067.0574582637,0.009129557227600274
127.98319327731092,570561.5758781021,0.008581416064806072
127.98319327731092,616475.7056337161,0.008066185450339564
127.98319327731092,666084.6290809154,0.0075818894256981855
127.98319327731092,719685.6730011514,0.007126670669479087
127.98319327731092,777600.0906038043,0.006698783374374581
127.98319327731092,840174.9869294344,0.006296586551834772
127.98319327731092,907785.3991937558,0.005918537738720069
127.98319327731092,980836.5445406671,0.005563187081808079
127.98319327731092,1.0597662486760707e6,0.005229171777468342
127.98319327731092,1.1450475699382813e6,0.0049152108451805485
127.98319327731092,1.2371916345321594e6,0.004620100214852193
127.98319327731092,1.336750699919709e6,0.004342708109094993
127.98319327731092,1.4443214647272818e6,0.004081970702750827
127.98319327731092,1.5605486450070748e6,0.0038368880430208053
127.98319327731092,1.6861288382868804e6,0.0036065202145510542
127.98319327731092,1.8218146985669748e6,0.003389983734767748
127.98319327731092,1.9684194472866112e6,0.003186448165637257
127.98319327731092,2.126821747296208e6,0.0029951329288571537
127.98319327731092,2.2979709690469606e6,0.0028153043122640447
127.98319327731092,2.48289288056033e6,0.0026462726559775096
127.98319327731092,2.6826957952797273e6,0.0024873897074887494
127.98319327731092,2.898577214651068e6,0.002338046135550421
127.98319327731092,3.131831005243845e6,0.00219766919333326
127.98319327731092,3.383855153428233e6,0.002065720521887413
127.98319327731092,3.6561601440851935e6,0.0019416940854845562
127.98319327731092,3.9503780135666407e6,0.0018251142309226621
127.98319327731092,4.268272131163825e6,0.001715533863350644
127.98319327731092,4.611747767708261e6,0.0016125327316170045
127.98319327731092,4.982863514647306e6,0.001515715816566614
127.98319327731092,5.383843622033489e6,0.0014247118161046148
127.98319327731092,5.817091329374358e6,0.0013391717212175055
127.98319327731092,6.285203269240097e6,0.0012587674774903184
127.98319327731092,6.790985029955707e6,0.0011831907269866761
127.98319327731092,7.337467970651373e6,0.0011121516256667246
127.98319327731092,7.927927389450606e6,0.0010453777318076161
127.98319327731092,8.565902153685499e6,0.0009826129611635523
127.98319327731092,9.255215909791354e6,0.0009236166048582835
127.98319327731092,1.0e7,0.0008681624062436456
131.26050420168067,1000.0,1.294929941851676
131.26050420168067,1080.4718223181285,1.2171819868996283
131.26050420168067,1167.4193588234587,1.1441020408520481
131.26050420168067,1261.3637220374437,1.0754098351520893
131.26050420168067,1362.867959355774,1.0108419286452444
131.26050420168067,1472.5404276241222,0.9501506972574126
131.26050420168067,1591.0384392721533,0.8931033843329824
131.26050420168067,1719.0722018585745,0.8394812079908779
131.26050420168067,1857.4090746385718,0.7890785220751939
131.26050420168067,2006.8781676649664,0.7417020274825951
131.26050420168067,2168.375310987435,0.697170030841834
131.26050420168067,2342.8684237322327,0.6553117477023612
131.26050420168067,2531.403315241567,0.6159666475596799
131.26050420168067,2735.109953041208,0.5789838382055668
131.26050420168067,2955.209235202888,0.5442214870420727
131.26050420168067,3193.020307691027,0.5115462771399995
131.26050420168067,3449.9684705497157,0.48083289595576534
131.26050420168067,3727.593720314942,0.4519635547458655
131.26050420168067,4027.5599798502976,0.4248275368358144
131.26050420168067,4351.665070924416,0.39932077301114755
131.26050420168067,4701.851489299852,0.3753454424020699
131.26050420168067,5080.218046913023,0.35280959733109746
131.26050420168067,5489.032450921557,0.3316268106849531
131.26050420168067,5930.744895010559,0.31171584445835065
131.26050420168067,6408.002744415996,0.2930003381985046
131.26050420168067,6923.6664026787275,0.2754085161555159
131.26050420168067,7480.826455225086,0.25887291201553386
131.26050420168067,8082.822192522714,0.24333011016101125
131.26050420168067,8733.261623828437,0.22872050246576955
131.26050420168067,9436.04310147889,0.21498805969215484
131.26050420168067,10195.378685327301,0.20208011661357225
131.26050420168067,11015.819387358995,0.18994717003832334
131.26050420168067,11902.282447787144,0.1785426889601493
131.26050420168067,12860.08080610565,0.16782293610738758
131.26050420168067,13894.954943731389,0.1577468002063672
131.26050420168067,15013.107289081743,0.14827563831575813
131.26050420168067,16221.239391291729,0.13937312762720683
131.26050420168067,17526.592085367585,0.13100512616390664
131.26050420168067,18936.988889503602,0.12313954184286285
131.26050420168067,20460.88289466011,0.11574620939869634
131.26050420168067,22107.407427431233,0.10879677469697652
131.26050420168067,23886.430789846003,0.10226458599341365
131.26050420168067,25808.615404180768,0.09612459172188076
131.26050420168067,27885.481717262915,0.09035324441926909
131.26050420168067,30129.47724726992,0.08492841041872416
131.26050420168067,32554.05118685032,0.0798292849649239
131.26050420168067,35173.7350096938,0.07503631242585972
131.26050420168067,38004.22956365882,0.07053111129512418
131.26050420168067,41062.49917244294,0.06629640369708234
131.26050420168067,44366.873309786155,0.062315949124572334
131.26050420168067,47937.15645558219,0.05857448215501308
131.26050420168067,51794.74679231213,0.05505765390605356
131.26050420168067,55962.76445319552,0.05175197700624213
131.26050420168067,60466.19009070435,0.04864477386967151
131.26050420168067,65332.014595937704,0.04572412807622909
131.26050420168067,70589.40086618738,0.04297883867098997
131.26050420168067,76269.85859023452,0.04039837720748766
131.26050420168067,82407.43309893666,0.037972847370118794
131.26050420168067,89038.90941296735,0.035692947020829376
131.26050420168067,96204.0327106476,0.033549932524529216
131.26050420168067,103945.74653722627,0.031535585216418166
131.26050420168067,112310.45018329516,0.029642179882623382
131.26050420168067,121348.27677491431,0.02786245513326804
131.26050420168067,131113.3937421563,0.026189585554349245
131.26050420168067,141664.3274669022,0.024617155531624805
131.26050420168067,153064.31405563594,0.023139134646121537
131.26050420168067,165381.6783395673,0.021749854546903563
131.26050420168067,178690.24337358287,0.020443987212406534
131.26050420168067,193069.77288832495,0.019216524516967152
131.26050420168067,208606.44934719568,0.018062759024184062
131.26050420168067,225393.39047347888,0.016978265933450656
131.26050420168067,243531.20734334175,0.015958886110423114
131.26050420168067,263128.6073895945,0.015000710136343924
131.26050420168067,284303.0459302665,0.014100063315048343
131.26050420168067,307181.43012686964,0.013253491580154469
131.26050420168067,331900.87959146773,0.012457748248389558
131.26050420168067,358609.54820118286,0.011709781568250284
131.26050420168067,387467.51204561285,0.011006723016244915
131.26050420168067,418647.72882899473,0.01034587629583238
131.26050420168067,452337.0744772105,0.009724706996868112
131.26050420168067,488737.4631624427,0.009140832875899667
131.26050420168067,528067.0574582637,0.008592014720036031
131.26050420168067,570561.5758781021,0.008076147759352836
131.26050420168067,616475.7056337161,0.007591253594899142
131.26050420168067,666084.6290809154,0.007135472611348921
131.26050420168067,719685.6730011514,0.006707056845199101
131.26050420168067,777600.0906038043,0.006304363281162954
131.26050420168067,840174.9869294344,0.005925847551049934
131.26050420168067,907785.3991937558,0.0055700580109664544
131.26050420168067,980836.5445406671,0.005235630174123283
131.26050420168067,1.0597662486760707e6,0.004921281477898648
131.26050420168067,1.1450475699382813e6,0.004625806365088385
131.26050420168067,1.2371916345321594e6,0.0043480716604791855
131.26050420168067,1.336750699919709e6,0.0040870122250136484
131.26050420168067,1.4443214647272818e6,0.003841626870880549
131.26050420168067,1.5605486450070748e6,0.0036109745218641204
131.26050420168067,1.6861288382868804e6,0.0033941706042271303
131.26050420168067,1.8218146985669748e6,0.003190383654286296
131.26050420168067,1.9684194472866112e6,0.002998832129669831
131.26050420168067,2.126821747296208e6,0.0028187814120279736
131.26050420168067,2.2979709690469606e6,0.0026495409897016185
131.26050420168067,2.48289288056033e6,0.0024904618095443
131.26050420168067,2.6826957952797273e6,0.002340933787741539
131.26050420168067,2.898577214651068e6,0.0022003834700812636
131.26050420168067,3.131831005243845e6,0.0020682718327022717
131.26050420168067,3.383855153428233e6,0.0019440922148863584
131.26050420168067,3.6561601440851935e6,0.0018273683759661796
131.26050420168067,3.9503780135666407e6,0.0017176526688969173
131.26050420168067,4.268272131163825e6,0.0016145243234872008
131.26050420168067,4.611747767708261e6,0.001517587832705334
131.26050420168067,4.982863514647306e6,0.0014264714358721345
131.26050420168067,5.383843622033489e6,0.0013408256929233065
131.26050420168067,5.817091329374358e6,0.0012603221442734987
131.26050420168067,6.285203269240097e6,0.0011846520511424932
131.26050420168067,6.790985029955707e6,0.0011135252115125644
131.26050420168067,7.337467970651373e6,0.0010466688471760881
131.26050420168067,7.927927389450606e6,0.0009838265576051202
131.26050420168067,8.565902153685499e6,0.0009247573366309464
131.26050420168067,9.255215909791354e6,0.0008692346481624498
131.26050420168067,1.0e7,0.0008170455573986242
134.53781512605042,1000.0,1.2205105764691941
134.53781512605042,1080.4718223181285,1.1472307809752897
134.53781512605042,1167.4193588234587,1.0783507248455146
134.53781512605042,1261.3637220374437,1.0136062465010636
134.53781512605042,1362.867959355774,0.952749044698014
134.53781512605042,1472.5404276241222,0.8955457262683967
134.53781512605042,1591.0384392721533,0.8417769110351553
134.53781512605042,1719.0722018585745,0.7912363904682663
134.53781512605042,1857.4090746385718,0.7437303368553723
134.53781512605042,2006.8781676649664,0.699076559954038
134.53781512605042,2168.375310987435,0.6571038082748085
134.53781512605042,2342.8684237322327,0.617651112315431
134.53781512605042,2531.403315241567,0.5805671672274714
134.53781512605042,2735.109953041208,0.5457097525478057
134.53781512605042,2955.209235202888,0.5129451867695901
134.53781512605042,3193.020307691027,0.48214781466094536
134.53781512605042,3449.9684705497157,0.4531995253651675
134.53781512605042,3727.593720314942,0.4259892994343375
134.53781512605042,4027.5599798502976,0.4004127830591613
134.53781512605042,4351.665070924416,0.37637188786216597
134.53781512605042,4701.851489299852,0.3537744147194245
134.53781512605042,5080.218046913023,0.3325337001681322
134.53781512605042,5489.032450921557,0.3125682840439672
134.53781512605042,5930.744895010559,0.29380159707359765
134.53781512605042,6408.002744415996,0.2761616672242236
134.53781512605042,6923.6664026787275,0.2595808436839715
134.53781512605042,7480.826455225086,0.2439955374145861
134.53781512605042,8082.822192522714,0.2293459772814072
134.53781512605042,8733.261623828437,0.21557598082537432
134.53781512605042,9436.04310147889,0.20263273879794244
134.53781512605042,10195.378685327301,0.19046661263258036
134.53781512605042,11015.819387358995,0.17903094407613954
134.53781512605042,11902.282447787144,0.16828187625000654
134.53781512605042,12860.08080610565,0.15817818545479426
134.53781512605042,13894.954943731389,0.14868112307352693
134.53781512605042,15013.107289081743,0.1397542669670021
134.53781512605042,16221.239391291729,0.13136338179141516
134.53781512605042,17526.592085367585,0.12347628770255414
134.53781512605042,18936.988889503602,0.11606273694303058
134.53781512605042,20460.88289466011,0.10909429783924805
134.53781512605042,22107.407427431233,0.10254424576322413
134.53781512605042,23886.430789846003,0.09638746064109571
134.53781512605042,25808.615404180768,0.09060033061524249
134.53781512605042,27885.481717262915,0.08516066149056233
134.53781512605042,30129.47724726992,0.08004759161761844
134.53781512605042,32554.05118685032,0.075241511886226
134.53781512605042,35173.7350096938,0.07072399052264611
134.53781512605042,38004.22956365882,0.06647770240197684
134.53781512605042,41062.49917244294,0.062486362604648626
134.53781512605042,44366.873309786155,0.058734663962205676
134.53781512605042,47937.15645558219,0.055208218352856823
134.53781512605042,51794.74679231213,0.05189350152165672
134.53781512605042,55962.76445319552,0.04877780121369992
134.53781512605042,60466.19009070435,0.045849168421411714
134.53781512605042,65332.014595937704,0.04309637155896565
134.53781512605042,70589.40086618738,0.0405088533880815
134.53781512605042,76269.85859023452,0.038076690530010476
134.53781512605042,82407.43309893666,0.035790555408432304
134.53781512605042,89038.90941296735,0.033641680477310885
134.53781512605042,96204.0327106476,0.031621824596520146
134.53781512605042,103945.74653722627,0.02972324142628605
134.53781512605042,112310.45018329516,0.027938649719235677
134.53781512605042,121348.27677491431,0.026261205396119574
134.53781512605042,131113.3937421563,0.02468447529811568
134.53781512605042,141664.3274669022,0.023202412515052243
134.53781512605042,153064.31405563594,0.021809333194931207
134.53781512605042,165381.6783395673,0.020499894745814
134.53781512605042,178690.24337358287,0.019269075346472445
134.53781512605042,193069.77288832495,0.01811215468722589
134.53781512605042,208606.44934719568,0.017024695867103673
134.53781512605042,225393.39047347888,0.016002528377907183
134.53781512605042,243531.20734334175,0.015041732109913462
134.53781512605042,263128.6073895945,0.014138622317880963
134.53781512605042,284303.0459302665,0.013289735489700312
134.53781512605042,307181.43012686964,0.01249181606349541
134.53781512605042,331900.87959146773,0.011741803942233366
134.53781512605042,358609.54820118286,0.011036822757960855
134.53781512605042,387467.51204561285,0.010374168840658846
134.53781512605042,418647.72882899473,0.009751300849410508
134.53781512605042,452337.0744772105,0.00916583002611659
134.53781512605042,488737.4631624427,0.00861551103438054
134.53781512605042,528067.0574582637,0.008098233348429396
134.53781512605042,570561.5758781021,0.007612013159046378
134.53781512605042,616475.7056337161,0.007154985765473518
134.53781512605042,666084.6290809154,0.0067253984241065256
134.53781512605042,719685.6730011514,0.006321603626556083
134.53781512605042,777600.0906038043,0.0059420527812961525
134.53781512605042,840174.9869294344,0.0055852902746679626
134.53781512605042,907785.3991937558,0.0052499478884628446
134.53781512605042,980836.5445406671,0.004934739552675087
134.53781512605042,1.0597662486760707e6,0.004638456413300884
134.53781512605042,1.1450475699382813e6,0.004359962196268051
134.53781512605042,1.2371916345321594e6,0.004098188849716686
134.53781512605042,1.336750699919709e6,0.003852132447918495
134.53781512605042,1.4443214647272818e6,0.0036208493411259953
134.53781512605042,1.5605486450070748e6,0.0034034525365857697
134.53781512605042,1.6861288382868804e6,0.0031991082968367657
134.53781512605042,1.8218146985669748e6,0.003007032942247678
134.53781512605042,1.9684194472866112e6,0.0028264898455308885
134.53781512605042,2.126821747296208e6,0.002656786606706617
134.53781512605042,2.2979709690469606e6,0.00249727239768303
134.53781512605042,2.48289288056033e6,0.0023473354662684846
134.53781512605042,2.6826957952797273e6,0.0022064007900435916
134.53781512605042,2.898577214651068e6,0.0020739278710954255
134.53781512605042,3.131831005243845e6,0.0019494086631565357
134.53781512605042,3.383855153428233e6,0.0018323656231991003
134.53781512605042,3.6561601440851935e6,0.0017223498800119051
134.53781512605042,3.9503780135666407e6,0.0016189395127364779
134.53781512605042,4.268272131163825e6,0.0015217379327603882
134.53781512605042,4.611747767708261e6,0.0014303723627621398
134.53781512605042,4.982863514647306e6,0.0013444924070746044
134.53781512605042,5.383843622033489e6,0.0012637687078842588
134.53781512605042,5.817091329374358e6,0.0011878916821125847
134.53781512605042,6.285203269240097e6,0.0011165703341354603
134.53781512605042,6.790985029955707e6,0.0010495311397872146
134.53781512605042,7.337467970651373e6,0.0009865169973693902
134.53781512605042,7.927927389450606e6,0.000927286241641223
134.53781512605042,8.565902153685499e6,0.0008716117170104279
134.53781512605042,9.255215909791354e6,0.0008192799063698443
134.53781512605042,1.0e7,0.0007700901122389924
137.81512605042016,1000.0,1.1520080357504525
137.81512605042016,1080.4718223181285,1.0828411519112784
137.81512605042016,1167.4193588234587,1.0178270670731155
137.81512605042016,1261.3637220374437,0.9567164460254487
137.81512605042016,1362.867959355774,0.8992749237133566
137.81512605042016,1472.5404276241222,0.8452822064251954
137.81512605042016,1591.0384392721533,0.7945312269452247
137.81512605042016,1719.0722018585745,0.7468273504311024
137.81512605042016,1857.4090746385718,0.701987627970715
137.81512605042016,2006.8781676649664,0.6598400949556715
137.81512605042016,2168.375310987435,0.6202231115806399
137.81512605042016,2342.8684237322327,0.582984742939293
137.81512605042016,2531.403315241567,0.5479821763394647
137.81512605042016,2735.109953041208,0.5150811736028661
137.81512605042016,2955.209235202888,0.48415555624888046
137.81512605042016,3193.020307691027,0.4550867215880682
137.81512605042016,3449.9684705497157,0.4277631878695492
137.81512605042016,3727.593720314942,0.4020801667378658
137.81512605042016,4027.5599798502976,0.3779391613596551
137.81512605042016,4351.665070924416,0.35524758867890627
137.81512605042016,4701.851489299852,0.3339184243521193
137.81512605042016,5080.218046913023,0.3138698690016546
137.81512605042016,5489.032450921557,0.2950250345073257
137.81512605042016,5930.744895010559,0.2773116491331314
137.81512605042016,6408.002744415996,0.2606617803582611
137.81512605042016,6923.6664026787275,0.245011574349405
137.81512605042016,7480.826455225086,0.23030101107521853
137.81512605042016,8082.822192522714,0.21647367412378218
137.81512605042016,8733.261623828437,0.2034765343402864
137.81512605042016,9436.04310147889,0.19125974645517055
137.81512605042016,10195.378685327301,0.1797764579227629
137.81512605042016,11015.819387358995,0.1689826292373045
137.81512605042016,11902.282447787144,0.15883686503724762
137.81512605042016,12860.08080610565,0.14930025535009986
137.81512605042016,13894.954943731389,0.14033622636897175
137.81512605042016,15013.107289081743,0.13191040018854278
137.81512605042016,16221.239391291729,0.1239904629625179
137.81512605042016,17526.592085367585,0.11654604097694796
137.81512605042016,18936.988889503602,0.10954858416414297
137.81512605042016,20460.88289466011,0.10297125661044124
137.81512605042016,22107.407427431233,0.09678883363792394
137.81512605042016,23886.430789846003,0.09097760506537103
137.81512605042016,25808.615404180768,0.08551528427745786
137.81512605042016,27885.481717262915,0.08038092275346058
137.81512605042016,30129.47724726992,0.07555482972768367
137.81512605042016,32554.05118685032,0.07101849667349716
137.81512605042016,35173.7350096938,0.06675452632137317
137.81512605042016,38004.22956365882,0.06274656593869953
137.81512605042016,41062.49917244294,0.05897924461549201
137.81512605042016,44366.873309786155,0.05543811431548972
137.81512605042016,47937.15645558219,0.05210959446655967
137.81512605042016,51794.74679231213,0.04898091987790799
137.81512605042016,55962.76445319552,0.046040091784357244
137.81512605042016,60466.19009070435,0.043275831829938535
137.81512605042016,65332.014595937704,0.040677538814321616
137.81512605042016,70589.40086618738,0.03823524803620142
137.81512605042016,76269.85859023452,0.035939593077719115
137.81512605042016,82407.43309893666,0.033781769883357085
137.81512605042016,89038.90941296735,0.03175350299554693
137.81512605042016,96204.0327106476,0.029847013817501298
137.81512605042016,103945.74653722627,0.0280549907815539
137.81512605042016,112310.45018329516,0.026370561308600823
137.81512605042016,121348.27677491431,0.024787265451104826
137.81512605042016,131113.3937421563,0.023299031118580858
137.81512605042016,141664.3274669022,0.021900150790550486
137.81512605042016,153064.31405563594,0.020585259627657133
137.81512605042016,165381.6783395673,0.01934931489699571
137.81512605042016,178690.24337358287,0.01818757663275151
137.81512605042016,193069.77288832495,0.01709558945797967
137.81512605042016,208606.44934719568,0.016069165497809984
137.81512605042016,225393.39047347888,0.015104368318547732
137.81512605042016,243531.20734334175,0.01419749783107535
137.81512605042016,263128.6073895945,0.013345076100658161
137.81512605042016,284303.0459302665,0.01254383400873311
137.81512605042016,307181.43012686964,0.011790698715527697
137.81512605042016,331900.87959146773,0.011082781875426535
137.81512605042016,358609.54820118286,0.010417368559890797
137.81512605042016,387467.51204561285,0.009791906845448457
137.81512605042016,418647.72882899473,0.009203998026824683
137.81512605042016,452337.0744772105,0.008651387417678477
137.81512605042016,488737.4631624427,0.008131955703665782
137.81512605042016,528067.0574582637,0.007643710814666937
137.81512605042016,570561.5758781021,0.0071847802850080016
137.81512605042016,616475.7056337161,0.00675340407237646
137.81512605042016,666084.6290809154,0.006347927807891226
137.81512605042016,719685.6730011514,0.005966796451440355
137.81512605042016,777600.0906038043,0.0056085483279540195
137.81512605042016,840174.9869294344,0.0052718095217413686
137.81512605042016,907785.3991937558,0.004955288607392882
137.81512605042016,980836.5445406671,0.004657771697040906
137.81512605042016,1.0597662486760707e6,0.004378117784983989
137.81512605042016,1.1450475699382813e6,0.0041152543718213
137.81512605042016,1.2371916345321594e6,0.0038681733513152294
137.81512605042016,1.336750699919709e6,0.0036359271442078954
137.81512605042016,1.4443214647272818e6,0.003417625064164415
137.81512605042016,1.5605486450070748e6,0.003212429901905916
137.81512605042016,1.6861288382868804e6,0.0030195547144321842
137.81512605042016,1.8218146985669748e6,0.002838259807020268
137.81512605042016,1.9684194472866112e6,0.0026678498964247395
137.81512605042016,2.126821747296208e6,0.00250767144440018
137.81512605042016,2.2979709690469606e6,0.002357110151319744
137.81512605042016,2.48289288056033e6,0.0022155886002775513
137.81512605042016,2.6826957952797273e6,0.0020825640426398386
137.81512605042016,2.898577214651068e6,0.0019575263165522126
137.81512605042016,3.131831005243845e6,0.0018399958904203391
137.81512605042016,3.383855153428233e6,0.001729522023860584
137.81512605042016,3.6561601440851935e6,0.0016256810390676876
137.81512605042016,3.9503780135666407e6,0.0015280746959700088
137.81512605042016,4.268272131163825e6,0.001436328664940902
137.81512605042016,4.611747767708261e6,0.0013500910912089398
137.81512605042016,4.982863514647306e6,0.0012690312454613183
137.81512605042016,5.383843622033489e6,0.0011928382554654406
137.81512605042016,5.817091329374358e6,0.0011212199138442777
137.81512605042016,6.285203269240097e6,0.0010539015574332336
137.81512605042016,6.790985029955707e6,0.0009906250139207378
137.81512605042016,7.337467970651373e6,0.0009311476117328263
137.81512605042016,7.927927389450606e6,0.0008752412493645336
137.81512605042016,8.565902153685499e6,0.0008226915205888884
137.81512605042016,9.255215909791354e6,0.0007732968921885956
137.81512605042016,1.0e7,0.0007268679310569486
141.0924369747899,1000.0,1.0888274798619937
141.0924369747899,1080.4718223181285,1.0234539742236801
141.0924369747899,1167.4193588234587,0.9620055121009686
141.0924369747899,1261.3637220374437,0.9042464327862249
141.0924369747899,1362.867959355774,0.8499552247064402
141.0924369747899,1472.5404276241222,0.798923675905244
141.0924369747899,1591.0384392721533,0.7509560755302112
141.0924369747899,1719.0722018585745,0.7058684632630939
141.0924369747899,1857.4090746385718,0.6634879238144692
141.0924369747899,2006.8781676649664,0.6236519237771305
141.0924369747899,2168.375310987435,0.5862076882949789
141.0924369747899,2342.8684237322327,0.5510116151568984
141.0924369747899,2531.403315241567,0.5179287240685864
141.0924369747899,2735.109953041208,0.4868321389902653
141.0924369747899,2955.209235202888,0.4576026015549806
141.0924369747899,3193.020307691027,0.4301280137013998
141.0924369747899,3449.9684705497157,0.4043030077670629
141.0924369747899,3727.593720314942,0.3800285423933588
141.0924369747899,4027.5599798502976,0.357211522692477
141.0924369747899,4351.665070924416,0.33576444321964183
141.0924369747899,4701.851489299852,0.31560505238139186
141.0924369747899,5080.218046913023,0.29665603699288373
141.0924369747899,5489.032450921557,0.27884472577446
141.0924369747899,5930.744895010559,0.26210281065036595
141.0924369747899,6408.002744415996,0.24636608478077152
141.0924369747899,6923.6664026787275,0.2315741963224213
141.0924369747899,7480.826455225086,0.21767041697356565
141.0924369747899,8082.822192522714,0.2046014244155168
141.0924369747899,8733.261623828437,0.19231709781647624
141.0924369747899,9436.04310147889,0.18077032561336934
141.0924369747899,10195.378685327301,0.16991682483451012
141.0924369747899,11015.819387358995,0.15971497127018688
141.0924369747899,11902.282447787144,0.15012563983985042
141.0924369747899,12860.08080610565,0.14111205454370246
141.0924369747899,13894.954943731389,0.13263964742323175
141.0924369747899,15013.107289081743,0.1246759259897998
141.0924369747899,16221.239391291729,0.1171903486128501
141.0924369747899,17526.592085367585,0.11015420738984465
141.0924369747899,18936.988889503602,0.10354051804872272
141.0924369747899,20460.88289466011,0.09732391646064559
141.0924369747899,22107.407427431233,0.09148056136614598
141.0924369747899,23886.430789846003,0.08598804294162568
141.0924369747899,25808.615404180768,0.08082529685554743
141.0924369747899,27885.481717262915,0.07597252348471532
141.0924369747899,30129.47724726992,0.07141111198083372
141.0924369747899,32554.05118685032,0.06712356889613036
141.0924369747899,35173.7350096938,0.06309345109431742
141.0924369747899,38004.22956365882,0.05930530268959699
141.0924369747899,41062.49917244294,0.05574459577186591
141.0924369747899,44366.873309786155,0.05239767469079661
141.0924369747899,47937.15645558219,0.049251703685116756
141.0924369747899,51794.74679231213,0.04629461765624133
141.0924369747899,55962.76445319552,0.04351507589747025
141.0924369747899,60466.19009070435,0.04090241860129744
141.0924369747899,65332.014595937704,0.038446625978033104
141.0924369747899,70589.40086618738,0.0361382798289557
141.0924369747899,76269.85859023452,0.033968527426622236
141.0924369747899,82407.43309893666,0.031929047563815184
141.0924369747899,89038.90941296735,0.030012018640919493
141.0924369747899,96204.0327106476,0.028210088669343103
141.0924369747899,103945.74653722627,0.02651634707593992
141.0924369747899,112310.45018329516,0.024924298200303393
141.0924369747899,121348.27677491431,0.023427836383289852
141.0924369747899,131113.3937421563,0.022021222551233923
141.0924369747899,141664.3274669022,0.020699062206054032
141.0924369747899,153064.31405563594,0.01945628473683845
141.0924369747899,165381.6783395673,0.018288123973568993
141.0924369747899,178690.24337358287,0.017190099908405032
141.0924369747899,193069.77288832495,0.016158001514426475
141.0924369747899,208606.44934719568,0.01518787059594421
141.0924369747899,225393.39047347888,0.014275986608442554
141.0924369747899,243531.20734334175,0.013418852389936401
141.0924369747899,263128.6073895945,0.012613180749021909
141.0924369747899,284303.0459302665,0.011855881858184064
141.0924369747899,307181.43012686964,0.011144051404013852
141.0924369747899,331900.87959146773,0.010474959448889522
141.0924369747899,358609.54820118286,0.009846039961405718
141.0924369747899,387467.51204561285,0.009254880975398495
141.0924369747899,418647.72882899473,0.008699215339825244
141.0924369747899,452337.0744772105,0.008176912024024409
141.0924369747899,488737.4631624427,0.007685967945009884
141.0924369747899,528067.0574582637,0.007224500285456798
141.0924369747899,570561.5758781021,0.006790739272917719
141.0924369747899,616475.7056337161,0.006383021392576687
141.0924369747899,666084.6290809154,0.005999783007511334
141.0924369747899,719685.6730011514,0.00563955436199633
141.0924369747899,777600.0906038043,0.005300953944850097
141.0924369747899,840174.9869294344,0.00498268319120782
141.0924369747899,907785.3991937558,0.004683521502401397
141.0924369747899,980836.5445406671,0.004402321564847279
141.0924369747899,1.0597662486760707e6,0.004138004949989534
141.0924369747899,1.1450475699382813e6,0.003889557978423572
141.0924369747899,1.2371916345321594e6,0.0036560278323390432
141.0924369747899,1.336750699919709e6,0.0034365189013727273
141.0924369747899,1.4443214647272818e6,0.0032301893478574747
141.0924369747899,1.5605486450070748e6,0.003036247878294504
141.0924369747899,1.6861288382868804e6,0.002853950708667447
141.0924369747899,1.8218146985669748e6,0.00268259871195977
141.0924369747899,1.9684194472866112e6,0.0025215347369360475
141.0924369747899,2.126821747296208e6,0.002370141087904353
141.0924369747899,2.2979709690469606e6,0.0022278371557944163
141.0924369747899,2.48289288056033e6,0.002094077191466518
141.0924369747899,2.6826957952797273e6,0.0019683482127115445
141.0924369747899,2.898577214651068e6,0.001850168036915309
141.0924369747899,3.131831005243845e6,0.0017390834318422989
141.0924369747899,3.383855153428233e6,0.0016346683774468586
141.0924369747899,3.6561601440851935e6,0.00153652243204572
141.0924369747899,3.9503780135666407e6,0.0014442691965859864
141.0924369747899,4.268272131163825e6,0.0013575548711189016
141.0924369747899,4.611747767708261e6,0.0012760468979433346
141.0924369747899,4.982863514647306e6,0.0011994326862152982
141.0924369747899,5.383843622033489e6,0.0011274184131322828
141.0924369747899,5.817091329374358e6,0.0010597278970948074
141.0924369747899,6.285203269240097e6,0.0009961015385236713
141.0924369747899,6.790985029955707e6,0.0009362953242708275
141.0924369747899,7.337467970651373e6,0.0008800798918057106
141.0924369747899,7.927927389450606e6,0.0008272396495880725
141.0924369747899,8.565902153685499e6,0.0007775719502538887
141.0924369747899,9.255215909791354e6,0.0007308863134433995
141.0924369747899,1.0e7,0.0006870036952907843
144.36974789915968,1000.0,1.0304458179781868
144.36974789915968,1080.4718223181285,0.9685775636059589
144.36974789915968,1167.4193588234587,0.9104238964854666
144.36974789915968,1261.3637220374437,0.8557617917618682
144.36974789915968,1362.867959355774,0.8043816150548213
144.36974789915968,1472.5404276241222,0.7560863184906611
144.36974789915968,1591.0384392721533,0.7106906850050265
144.36974789915968,1719.0722018585745,0.6680206180177742
144.36974789915968,1857.4090746385718,0.6279124737559945
144.36974789915968,2006.8781676649664,0.5902124336645579
144.36974789915968,2168.375310987435,0.5547759144972941
144.36974789915968,2342.8684237322327,0.5214670138264675
144.36974789915968,2531.403315241567,0.49015798884401596
144.36974789915968,2735.109953041208,0.4607287664557087
144.36974789915968,2955.209235202888,0.4330664827893893
144.36974789915968,3193.020307691027,0.40706505035127244
144.36974789915968,3449.9684705497157,0.3826247511702926
144.36974789915968,3727.593720314942,0.3596518543701861
144.36974789915968,4027.5599798502976,0.338058256702648
144.36974789915968,4351.665070924416,0.3177611446629793
144.36974789915968,4701.851489299852,0.2986826768924054
144.36974789915968,5080.218046913023,0.2807496856490476
144.36974789915968,5489.032450921557,0.2638933962026616
144.36974789915968,5930.744895010559,0.24804916307699224
144.36974789915968,6408.002744415996,0.23315622212821308
144.36974789915968,6923.6664026787275,0.21915745750864388
144.36974789915968,7480.826455225086,0.20599918262203307
144.36974789915968,8082.822192522714,0.1936309342303444
144.36974789915968,8733.261623828437,0.18200527892243107
144.36974789915968,9436.04310147889,0.1710776312023842
144.36974789915968,10195.378685327301,0.16080608249990658
144.36974789915968,11015.819387358995,0.15115124044695324
144.36974789915968,11902.282447787144,0.14207607780424564
144.36974789915968,12860.08080610565,0.13354579045828105
144.36974789915968,13894.954943731389,0.1255276639442402
144.36974789915968,15013.107289081743,0.11799094798289873
144.36974789915968,16221.239391291729,0.1109067385503744
144.36974789915968,17526.592085367585,0.10424786702844255
144.36974789915968,18936.988889503602,0.09798879601029573
144.36974789915968,20460.88289466011,0.09210552136215538
144.36974789915968,22107.407427431233,0.08657548016513134
144.36974789915968,23886.430789846003,0.08137746418427785
144.36974789915968,25808.615404180768,0.07649153853299209
144.36974789915968,27885.481717262915,0.07189896522082362
144.36974789915968,30129.47724726992,0.06758213129149611
144.36974789915968,32554.05118685032,0.06352448127554144
144.36974789915968,35173.7350096938,0.05971045369849691
144.36974789915968,38004.22956365882,0.05612542140116759
144.36974789915968,41062.49917244294,0.05275563544307713
144.36974789915968,44366.873309786155,0.04958817237397088
144.36974789915968,47937.15645558219,0.04661088467115286
144.36974789915968,51794.74679231213,0.04381235415257832
144.36974789915968,55962.76445319552,0.04118184818703786
144.36974789915968,60466.19009070435,0.0387092785334939
144.36974789915968,65332.014595937704,0.03638516265171514
144.36974789915968,70589.40086618738,0.034200587335830986
144.36974789915968,76269.85859023452,0.03214717453133781
144.36974789915968,82407.43309893666,0.03021704920446175
144.36974789915968,89038.90941296735,0.02840280914065345
144.36974789915968,96204.0327106476,0.02669749655639005
144.36974789915968,103945.74653722627,0.025094571415412496
144.36974789915968,112310.45018329516,0.023587886347063124
144.36974789915968,121348.27677491431,0.022171663070533518
144.36974789915968,131113.3937421563,0.02084047023460691
144.36974789915968,141664.3274669022,0.01958920258790874
144.36974789915968,153064.31405563594,0.018413061399781275
144.36974789915968,165381.6783395673,0.017307536056694068
144.36974789915968,178690.24337358287,0.01626838676361137
144.36974789915968,193069.77288832495,0.015291628283974153
144.36974789915968,208606.44934719568,0.014373514655938164
144.36974789915968,225393.39047347888,0.013510524826253251
144.36974789915968,243531.20734334175,0.012699349146688648
144.36974789915968,263128.6073895945,0.011936876681216721
144.36974789915968,284303.0459302665,0.011220183275276706
144.36974789915968,307181.43012686964,0.010546520341363445
144.36974789915968,331900.87959146773,0.009913304317932345
144.36974789915968,358609.54820118286,0.009318106761194697
144.36974789915968,387467.51204561285,0.00875864503180431
144.36974789915968,418647.72882899473,0.00823277354071812
144.36974789915968,452337.0744772105,0.007738475520657749
144.36974789915968,488737.4631624427,0.007273855291614861
144.36974789915968,528067.0574582637,0.006837130990737614
144.36974789915968,570561.5758781021,0.006426627738716891
144.36974789915968,616475.7056337161,0.006040771216464532
144.36974789915968,666084.6290809154,0.005678081627449606
144.36974789915968,719685.6730011514,0.005337168022537713
144.36974789915968,777600.0906038043,0.005016722965568517
144.36974789915968,840174.9869294344,0.00471551751921349
144.36974789915968,907785.3991937558,0.004432396531884126
144.36974789915968,980836.5445406671,0.0041662742076155525
144.36974789915968,1.0597662486760707e6,0.003916129941935523
144.36974789915968,1.1450475699382813e6,0.0036810044077490224
144.36974789915968,1.2371916345321594e6,0.003459995876227448
144.36974789915968,1.336750699919709e6,0.0032522567585926013
144.36974789915968,1.4443214647272818e6,0.0030569903555330057
144.36974789915968,1.5605486450070748e6,0.002873447801786072
144.36974789915968,1.6861288382868804e6,0.0027009251941684993
144.36974789915968,1.8218146985669748e6,0.002538760892040473
144.36974789915968,1.9684194472866112e6,0.0023863329798507714
144.36974789915968,2.126821747296208e6,0.002243056882031363
144.36974789915968,2.2979709690469606e6,0.0021083831210943946
144.36974789915968,2.48289288056033e6,0.001981795210333672
144.36974789915968,2.6826957952797273e6,0.0018628076730489295
144.36974789915968,2.898577214651068e6,0.0017509641806964097
144.36974789915968,3.131831005243845e6,0.001645835802825426
144.36974789915968,3.383855153428233e6,0.0015470193620892108
144.36974789915968,3.6561601440851935e6,0.0014541358880213646
144.36974789915968,3.9503780135666407e6,0.0013668291636480159
144.36974789915968,4.268272131163825e6,0.0012847643593617737
144.36974789915968,4.611747767708261e6,0.001207626748818286
144.36974789915968,4.982863514647306e6,0.0011351205019307106
144.36974789915968,5.383843622033489e6,0.0010669675503331459
144.36974789915968,5.817091329374358e6,0.0010029065209619526
144.36974789915968,6.285203269240097e6,0.0009426917336651463
144.36974789915968,6.790985029955707e6,0.0008860922589956045
144.36974789915968,7.337467970651373e6,0.0008328910325746311
144.36974789915968,7.927927389450606e6,0.0007828840226293818
144.36974789915968,8.565902153685499e6,0.000735879447511573
144.36974789915968,9.255215909791354e6,0.0006916970401965827
144.36974789915968,1.0e7,0.0006501673569422368
147.64705882352942,1000.0,0.9764016759971929
147.64705882352942,1080.4718223181285,0.9177782469860587
147.64705882352942,1167.4193588234587,0.8626745850067797
147.64705882352942,1261.3637220374437,0.8108793622648642
147.64705882352942,1362.867959355774,0.7621939391455534
147.64705882352942,1472.5404276241222,0.7164316024119728
147.64705882352942,1591.0384392721533,0.6734168491420773
147.64705882352942,1719.0722018585745,0.6329847136582223
147.64705882352942,1857.4090746385718,0.5949801348680659
147.64705882352942,2006.8781676649664,0.5592573615905105
147.64705882352942,2168.375310987435,0.5256793935860293
147.64705882352942,2342.8684237322327,0.4941174561476965
147.64705882352942,2531.403315241567,0.46445050623791406
147.64705882352942,2735.109953041208,0.4365647682768275
147.64705882352942,2955.209235202888,0.4103532978021367
147.64705882352942,3193.020307691027,0.38571557132689305
147.64705882352942,3449.9684705497157,0.3625571008223464
147.64705882352942,3727.593720314942,0.34078907134735115
147.64705882352942,4027.5599798502976,0.32032800043460613
147.64705882352942,4351.665070924416,0.30109541792743455
147.64705882352942,4701.851489299852,0.2830175650392576
147.64705882352942,5080.218046913023,0.2660251114816188
147.64705882352942,5489.032450921557,0.2500528895759218
147.64705882352942,5930.744895010559,0.2350396443291724
147.64705882352942,6408.002744415996,0.2209277985152443
147.64705882352942,6923.6664026787275,0.20766323186072963
147.64705882352942,7480.826455225086,0.19519507348853413
147.64705882352942,8082.822192522714,0.18347550682321523
147.64705882352942,8733.261623828437,0.17245958620985946
147.64705882352942,9436.04310147889,0.1621050645432126
147.64705882352942,10195.378685327301,0.1523722312460055
147.64705882352942,11015.819387358995,0.1432237599751062
147.64705882352942,11902.282447787144,0.13462456547143717
147.64705882352942,12860.08080610565,0.1265416690046635
147.64705882352942,13894.954943731389,0.11894407189661968
147.64705882352942,15013.107289081743,0.111802636638425
147.64705882352942,16221.239391291729,0.10508997514536021
147.64705882352942,17526.592085367585,0.09878034372095293
147.64705882352942,18936.988889503602,0.09284954432744866
147.64705882352942,20460.88289466011,0.08727483178403027
147.64705882352942,22107.407427431233,0.08203482653688192
147.64705882352942,23886.430789846003,0.07710943266656295
147.64705882352942,25808.615404180768,0.07247976081824258
147.64705882352942,27885.481717262915,0.06812805575922298
147.64705882352942,30129.47724726992,0.06403762828593088
147.64705882352942,32554.05118685032,0.060192791219231254
147.64705882352942,35173.7350096938,0.056578799242600564
147.64705882352942,38004.22956365882,0.05318179235243283
147.64705882352942,41062.49917244294,0.04998874270360504
147.64705882352942,44366.873309786155,0.04698740464644963
147.64705882352942,47937.15645558219,0.04416626776352146
147.64705882352942,51794.74679231213,0.04151451272604961
147.64705882352942,55962.76445319552,0.039021969800780834
147.64705882352942,60466.19009070435,0.03667907984808346
147.64705882352942,65332.014595937704,0.03447685766173604
147.64705882352942,70589.40086618738,0.03240685750980517
147.64705882352942,76269.85859023452,0.03046114074445879
147.64705882352942,82407.43309893666,0.028632245356495455
147.64705882352942,89038.90941296735,0.02691315735782768
147.64705882352942,96204.0327106476,0.025297283882169473
147.64705882352942,103945.74653722627,0.023778427900765845
147.64705882352942,112310.45018329516,0.022350764456197037
147.64705882352942,121348.27677491431,0.021008818323111737
147.64705882352942,131113.3937421563,0.01974744301021613
147.64705882352942,141664.3274669022,0.01856180102298938
147.64705882352942,153064.31405563594,0.01744734531143124
147.64705882352942,165381.6783395673,0.016399801831691898
147.64705882352942,178690.24337358287,0.015415153154706613
147.64705882352942,193069.77288832495,0.014489623058972433
147.64705882352942,208606.44934719568,0.013619662048378875
147.64705882352942,225393.39047347888,0.012801933739552141
147.64705882352942,243531.20734334175,0.012033302066506909
147.64705882352942,263128.6073895945,0.011310819253534526
147.64705882352942,284303.0459302665,0.010631714510202181
147.64705882352942,307181.43012686964,0.009993383405107612
147.64705882352942,331900.87959146773,0.009393377877636501
147.64705882352942,358609.54820118286,0.00882939684941676
147.64705882352942,387467.51204561285,0.00829927739946366
147.64705882352942,418647.72882899473,0.007800986469171811
147.64705882352942,452337.0744772105,0.00733261306534161
147.64705882352942,488737.4631624427,0.006892360931338304
147.64705882352942,528067.0574582637,0.006478541658276565
147.64705882352942,570561.5758781021,0.006089568209811547
147.64705882352942,616475.7056337161,0.005723948835703292
147.64705882352942,666084.6290809154,0.005380281350812395
147.64705882352942,719685.6730011514,0.005057247757586377
147.64705882352942,777600.0906038043,0.004753609191413495
147.64705882352942,840174.9869294344,0.004468201169458908
147.64705882352942,907785.3991937558,0.004199929124762016
147.64705882352942,980836.5445406671,0.0039477642084678865
147.64705882352942,1.0597662486760707e6,0.003710739344093855
147.64705882352942,1.1450475699382813e6,0.003487945518699056
147.64705882352942,1.2371916345321594e6,0.0032785282967331807
147.64705882352942,1.336750699919709e6,0.003081684543194715
147.64705882352942,1.4443214647272818e6,0.0028966593435316994
147.64705882352942,1.5605486450070748e6,0.0027227431084724555
147.64705882352942,1.6861288382868804e6,0.0025592688526831324
147.64705882352942,1.8218146985669748e6,0.0024056096368153916
147.64705882352942,1.9684194472866112e6,0.0022611761631342684
147.64705882352942,2.126821747296208e6,0.002125414515505193
147.64705882352942,2.2979709690469606e6,0.0019978040350728437
147.64705882352942,2.48289288056033e6,0.0018778553234848174
147.64705882352942,2.6826957952797273e6,0.001765108366002324
147.64705882352942,2.898577214651068e6,0.0016591307672998064
147.64705882352942,3.131831005243845e6,0.0015595160931876865
147.64705882352942,3.383855153428233e6,0.0014658823118985072
147.64705882352942,3.6561601440851935e6,0.0013778703289587047
147.64705882352942,3.9503780135666407e6,0.0012951426100270855
147.64705882352942,4.268272131163825e6,0.001217381886418457
147.64705882352942,4.611747767708261e6,0.0011442899383480015
147.64705882352942,4.982863514647306e6,0.0010755864512299684
147.64705882352942,5.383843622033489e6,0.0010110079406445377
147.64705882352942,5.817091329374358e6,0.0009503067418499566
147.64705882352942,6.285203269240097e6,0.0008932500599646597
147.64705882352942,6.790985029955707e6,0.0008396190771767111
147.64705882352942,7.337467970651373e6,0.0007892081135566484
147.64705882352942,7.927927389450606e6,0.0007418238382553502
147.64705882352942,8.565902153685499e6,0.0006972845280618124
147.64705882352942,9.255215909791354e6,0.0006554193704773109
147.64705882352942,1.0e7,0.0006160678086331984
150.92436974789916,1000.0,0.9262869514371824
150.92436974789916,1080.4718223181285,0.8706724244690072
150.92436974789916,1167.4193588234587,0.8183970092146422
150.92436974789916,1261.3637220374437,0.7692602244752881
150.92436974789916,1362.867959355774,0.723073625999247
150.92436974789916,1472.5404276241222,0.6796600837802639
150.92436974789916,1591.0384392721533,0.638853102747072
150.92436974789916,1719.0722018585745,0.6004961842389323
150.92436974789916,1857.4090746385718,0.5644422258183518
150.92436974789916,2006.8781676649664,0.530552957119223
150.92436974789916,2168.375310987435,0.4986984095667918
150.92436974789916,2342.8684237322327,0.4687564179357897
150.92436974789916,2531.403315241567,0.4406121518351535
150.92436974789916,2735.109953041208,0.41415767532253306
150.92436974789916,2955.209235202888,0.38929153295966706
150.92436974789916,3193.020307691027,0.3659183607211117
150.92436974789916,3449.9684705497157,0.3439485202641131
150.92436974789916,3727.593720314942,0.3232977551570221
150.92436974789916,4027.5599798502976,0.30388686774785184
150.92436974789916,4351.665070924416,0.2856414154337335
150.92436974789916,4701.851489299852,0.2684914251664417
150.92436974789916,5080.218046913023,0.2523711250990866
150.92436974789916,5489.032450921557,0.23721869234481419
150.92436974789916,5930.744895010559,0.22297601588014357
150.92436974789916,6408.002744415996,0.20958847368365444
150.92436974789916,6923.6664026787275,0.19700472325533067
150.92436974789916,7480.826455225086,0.18517650471318006
150.92436974789916,8082.822192522714,0.17405845571198783
150.92436974789916,8733.261623828437,0.16360793747440058
150.92436974789916,9436.04310147889,0.15378487126715235
150.92436974789916,10195.378685327301,0.1445515846953028
150.92436974789916,11015.819387358995,0.1358726672250133
150.92436974789916,11902.282447787144,0.1277148343807753
150.92436974789916,12860.08080610565,0.1200468000962749
150.92436974789916,13894.954943731389,0.11283915672934756
150.92436974789916,15013.107289081743,0.10606426228086839
150.92436974789916,16221.239391291729,0.09969613438505084
150.92436974789916,17526.592085367585,0.09371035066459839
150.92436974789916,18936.988889503602,0.08808395506856058
150.92436974789916,20460.88289466011,0.08279536983368999
150.92436974789916,22107.407427431233,0.077824312731664
150.92436974789916,23886.430789846003,0.07315171928480661
150.92436974789916,25808.615404180768,0.06875966965199995
150.92436974789916,27885.481717262915,0.06463131990438582
150.92436974789916,30129.47724726992,0.06075083742729356
150.92436974789916,32554.05118685032,0.0571033402006541
150.92436974789916,35173.7350096938,0.05367483972503498
150.92436974789916,38004.22956365882,0.05045218737441199
150.92436974789916,41062.49917244294,0.04742302396993544
150.92436974789916,44366.873309786155,0.04457573238130152
150.92436974789916,47937.15645558219,0.041899392973950844
150.92436974789916,51794.74679231213,0.03938374173122902
150.92436974789916,55962.76445319552,0.03701913089090498
150.92436974789916,60466.19009070435,0.034796491945083385
150.92436974789916,65332.014595937704,0.03270730086161278
150.92436974789916,70589.40086618738,0.030743545393610017
150.92436974789916,76269.85859023452,0.028897694351729893
150.92436974789916,82407.43309893666,0.027162668721336623
150.92436974789916,89038.90941296735,0.0255318145138078
150.92436974789916,96204.0327106476,0.023998877247854197
150.92436974789916,103945.74653722627,0.022557977962988016
150.92436974789916,112310.45018329516,0.021203590673149166
150.92436974789916,121348.27677491431,0.01993052117402218
150.92436974789916,131113.3937421563,0.018733887122767696
150.92436974789916,141664.3274669022,0.01760909931377242
150.92436974789916,153064.31405563594,0.016551844078608415
150.92436974789916,165381.6783395673,0.01555806674270342
150.92436974789916,178690.24337358287,0.014623956075277675
150.92436974789916,193069.77288832495,0.01374592967291062
150.92436974789916,208606.44934719568,0.012920620220682447
150.92436974789916,225393.39047347888,0.012144862578200508
150.92436974789916,243531.20734334175,0.011415681640984277
150.92436974789916,263128.6073895945,0.010730280930656257
150.92436974789916,284303.0459302665,0.010086031870180803
150.92436974789916,307181.43012686964,0.0094804637030208
150.92436974789916,331900.87959146773,0.008911254017550873
150.92436974789916,358609.54820118286,0.00837621984038752
150.92436974789916,387467.51204561285,0.007873309264478164
150.92436974789916,418647.72882899473,0.007400593579842076
150.92436974789916,452337.0744772105,0.0069562598767838055
150.92436974789916,488737.4631624427,0.0065386040932117915
150.92436974789916,528067.0574582637,0.006146024479397802
150.92436974789916,570561.5758781021,0.005777015455114129
150.92436974789916,616475.7056337161,0.0054301618355899455
150.92436974789916,666084.6290809154,0.005104133404142853
150.92436974789916,719685.6730011514,0.004797679810671158
150.92436974789916,777600.0906038043,0.004509625776442068
150.92436974789916,840174.9869294344,0.00423886658678579
150.92436974789916,907785.3991937558,0.00398436385440947
150.92436974789916,980836.5445406671,0.0037451415370829966
150.92436974789916,1.0597662486760707e6,0.003520282194424039
150.92436974789916,1.1450475699382813e6,0.003308923469426756
150.92436974789916,1.2371916345321594e6,0.00311025478124051
150.92436974789916,1.336750699919709e6,0.002923514216515054
150.92436974789916,1.4443214647272818e6,0.0027479856073902536
150.92436974789916,1.5605486450070748e6,0.002582995784924073
150.92436974789916,1.6861288382868804e6,0.0024279119974255445
150.92436974789916,1.8218146985669748e6,0.0022821394837917557
150.92436974789916,1.9684194472866112e6,0.00214511919254232
150.92436974789916,2.126821747296208e6,0.0020163256378037
150.92436974789916,2.2979709690469606e6,0.0018952648840207917
150.92436974789916,2.48289288056033e6,0.0017814726516670147
150.92436974789916,2.6826957952797273e6,0.0016745125366880874
150.92436974789916,2.898577214651068e6,0.0015739743368508817
150.92436974789916,3.131831005243845e6,0.0014794724785787859
150.92436974789916,3.383855153428233e6,0.0013906445382402858
150.92436974789916,3.6561601440851935e6,0.0013071498522198115
150.92436974789916,3.9503780135666407e6,0.0012286682104403045
150.92436974789916,4.268272131163825e6,0.0011548986283270587
150.92436974789916,4.611747767708261e6,0.0010855581925032043
150.92436974789916,4.982863514647306e6,0.0010203809757899373
150.92436974789916,5.383843622033489e6,0.000959117017350455
150.92436974789916,5.817091329374358e6,0.0009015313640663277
150.92436974789916,6.285203269240097e6,0.0008474031694699015
150.92436974789916,6.790985029955707e6,0.0007965248467770471
150.92436974789916,7.337467970651373e6,0.0007487012727720672
150.92436974789916,7.927927389450606e6,0.0007037490394915639
150.92436974789916,8.565902153685499e6,0.0006614957508374327
150.92436974789916,9.255215909791354e6,0.0006217793614213861
150.92436974789916,1.0e7,0.0005844475551054581
154.2016806722689,1000.0,0.8797396764570268
154.2016806722689,1080.4718223181285,0.8269198608638337
154.2016806722689,1167.4193588234587,0.7772713617338632
154.2016806722689,1261.3637220374437,0.7306037723419707
154.2016806722689,1362.867959355774,0.6867381180359053
154.2016806722689,1472.5404276241222,0.645506169851464
154.2016806722689,1591.0384392721533,0.6067497993383871
154.2016806722689,1719.0722018585745,0.5703203721226805
154.2016806722689,1857.4090746385718,0.5360781778796287
154.2016806722689,2006.8781676649664,0.5038918945313864
154.2016806722689,2168.375310987435,0.47363808461429663
154.2016806722689,2342.8684237322327,0.44520072188445686
154.2016806722689,2531.403315241567,0.41847074634601467
154.2016806722689,2735.109953041208,0.39334564599569294
154.2016806722689,2955.209235202888,0.3697290636794888
154.2016806722689,3193.020307691027,0.34753042755380703
154.2016806722689,3449.9684705497157,0.32666460373380757
154.2016806722689,3727.593720314942,0.30705156979684584
154.2016806722689,4027.5599798502976,0.28861610788885717
154.2016806722689,4351.665070924416,0.2712875162567174
154.2016806722689,4701.851489299852,0.25499933810028397
154.2016806722689,5080.218046913023,0.23968910670423368
154.2016806722689,5489.032450921557,0.2252981058722584
154.2016806722689,5930.744895010559,0.2117711447448553
154.2016806722689,6408.002744415996,0.19905634613712297
154.2016806722689,6923.6664026787275,0.1871049475848135
154.2016806722689,7480.826455225086,0.17587111433563563
154.2016806722689,8082.822192522714,0.165311763568612
154.2016806722689,8733.261623828437,0.1553863991673552
154.2016806722689,9436.04310147889,0.14605695641360344
154.2016806722689,10195.378685327301,0.13728765600539744
154.2016806722689,11015.819387358995,0.12904486684004934
154.2016806722689,11902.282447787144,0.12129697703565841
154.2016806722689,12860.08080610565,0.11401427269653201
154.2016806722689,13894.954943731389,0.1071688239575639
154.2016806722689,15013.107289081743,0.10073437787054078
154.2016806722689,16221.239391291729,0.09468625772158343
154.2016806722689,17526.592085367585,0.08900126839359794
154.2016806722689,18936.988889503602,0.08365760741079158
154.2016806722689,20460.88289466011,0.07863478132410022
154.2016806722689,22107.407427431233,0.07391352711685871
154.2016806722689,23886.430789846003,0.06947573832929599
154.2016806722689,25808.615404180768,0.06530439561853718
154.2016806722689,27885.481717262915,0.06138350148780103
154.2016806722689,30129.47724726992,0.05769801893447606
154.2016806722689,32554.05118685032,0.054233813781782256
154.2016806722689,35173.7350096938,0.050977600472856634
154.2016806722689,38004.22956365882,0.047916891119376324
154.2016806722689,41062.49917244294,0.045039947609317184
154.2016806722689,44366.873309786155,0.042335736590175456
154.2016806722689,47937.15645558219,0.03979388715500987
154.2016806722689,51794.74679231213,0.03740465106902479
154.2016806722689,55962.76445319552,0.03515886538416132
154.2016806722689,60466.19009070435,0.033047917298318095
154.2016806722689,65332.014595937704,0.031063711124434647
154.2016806722689,70589.40086618738,0.029198637242760058
154.2016806722689,76269.85859023452,0.02744554291723602
154.2016806722689,82407.43309893666,0.0257977048640727
154.2016806722689,89038.90941296735,0.024248803467314454
154.2016806722689,96204.0327106476,0.022792898542510605
154.2016806722689,103945.74653722627,0.02142440655554203
154.2016806722689,112310.45018329516,0.020138079209235733
154.2016806722689,121348.27677491431,0.0189289833156451
154.2016806722689,131113.3937421563,0.017792481876804014
154.2016806722689,141664.3274669022,0.016724216301397803
154.2016806722689,153064.31405563594,0.015720089689150302
154.2016806722689,165381.6783395673,0.014776251118820766
154.2016806722689,178690.24337358287,0.013889080879554021
154.2016806722689,193069.77288832495,0.013055176588944452
154.2016806722689,208606.44934719568,0.012271340144575215
154.2016806722689,225393.39047347888,0.011534565458990748
154.2016806722689,243531.20734334175,0.010842026931064888
154.2016806722689,263128.6073895945,0.010191068609551405
154.2016806722689,284303.0459302665,0.009579194007257758
154.2016806722689,307181.43012686964,0.00900405652677891
154.2016806722689,331900.87959146773,0.008463450461072629
154.2016806722689,358609.54820118286,0.00795530253436284
154.2016806722689,387467.51204561285,0.007477663950929421
154.2016806722689,418647.72882899473,0.0070287029212909545
154.2016806722689,452337.0744772105,0.006606697637117472
154.2016806722689,488737.4631624427,0.006210029667931504
154.2016806722689,528067.0574582637,0.005837177754272903
154.2016806722689,570561.5758781021,0.0054867119735239065
154.2016806722689,616475.7056337161,0.005157288256019613
154.2016806722689,666084.6290809154,0.0048476432304127666
154.2016806722689,719685.6730011514,0.004556589378524228
154.2016806722689,777600.0906038043,0.004283010481097617
154.2016806722689,840174.9869294344,0.004025857336992106
154.2016806722689,907785.3991937558,0.003784143739396041
154.2016806722689,980836.5445406671,0.0035569426936298636
154.2016806722689,1.0597662486760707e6,0.0033433828620331794
154.2016806722689,1.1450475699382813e6,0.003142645222301795
154.2016806722689,1.2371916345321594e6,0.002953959926459147
154.2016806722689,1.336750699919709e6,0.002776603348415938
154.2016806722689,1.4443214647272818e6,0.002609895308795155
154.2016806722689,1.5605486450070748e6,0.002453196466379319
154.2016806722689,1.6861288382868804e6,0.0023059058661760003
154.2016806722689,1.8218146985669748e6,0.0021674586346981687
154.2016806722689,1.9684194472866112e6,0.0020373238136205335
154.2016806722689,2.126821747296208e6,0.0019150023235037777
154.2016806722689,2.2979709690469606e6,0.0018000250497773418
154.2016806722689,2.48289288056033e6,0.001691951043640352
154.2016806722689,2.6826957952797273e6,0.0015903658309809577
154.2016806722689,2.898577214651068e6,0.0014948798228285982
154.2016806722689,3.131831005243845e6,0.0014051268212431933
154.2016806722689,3.383855153428233e6,0.0013207626149111392
154.2016806722689,3.6561601440851935e6,0.0012414636590621273
154.2016806722689,3.9503780135666407e6,0.0011669258346441152
154.2016806722689,4.268272131163825e6,0.0010968632819977847
154.2016806722689,4.611747767708261e6,0.0010310073045575112
154.2016806722689,4.982863514647306e6,0.0009691053383744239
154.2016806722689,5.383843622033489e6,0.0009109199835096019
154.2016806722689,5.817091329374358e6,0.000856228093582682
154.2016806722689,6.285203269240097e6,0.0008048199199842305
154.2016806722689,6.790985029955707e6,0.0007564983074698356
154.2016806722689,7.337467970651373e6,0.000711077938050961
154.2016806722689,7.927927389450606e6,0.0006683846202827984
154.2016806722689,8.565902153685499e6,0.000628254621223482
154.2016806722689,9.255215909791354e6,0.0005905340385026493
154.2016806722689,1.0e7,0.0005550782100911896
157.47899159663865,1000.0,0.8364379637214484
157.47899159663865,1080.4718223181285,0.7862179950406667
157.47899159663865,1167.4193588234587,0.739013247289214
157.47899159663865,1261.3637220374437,0.6946426857613461
157.47899159663865,1362.867959355774,0.6529361451255529
157.47899159663865,1472.5404276241222,0.6137336768242988
157.47899159663865,1591.0384392721533,0.5768849356560635
157.47899159663865,1719.0722018585745,0.5422486031871676
157.47899159663865,1857.4090746385718,0.5096918457821131
157.47899159663865,2006.8781676649664,0.4790898051739325
157.47899159663865,2168.375310987435,0.4503251196208394
157.47899159663865,2342.8684237322327,0.423287473812765
157.47899159663865,2531.403315241567,0.3978731758016294
157.47899159663865,2735.109953041208,0.3739847593328439
157.47899159663865,2955.209235202888,0.3515306100529338
157.47899159663865,3193.020307691027,0.3304246141597663
157.47899159663865,3449.9684705497157,0.3105858281479099
157.47899159663865,3727.593720314942,0.29193816838257997
157.47899159663865,4027.5599798502976,0.2744101193116505
157.47899159663865,4351.665070924416,0.25793445919669433
157.47899159663865,4701.851489299852,0.24244800231121266
157.47899159663865,5080.218046913023,0.22789135661735205
157.47899159663865,5489.032450921557,0.21420869599178108
157.47899159663865,5930.744895010559,0.20134754612718597
157.47899159663865,6408.002744415996,0.18925858328830308
157.47899159663865,6923.6664026787275,0.17789544515069342
157.47899159663865,7480.826455225086,0.16721455299681126
157.47899159663865,8082.822192522714,0.15717494458746925
157.47899159663865,8733.261623828437,0.14773811706774778
157.47899159663865,9436.04310147889,0.13886787930487796
157.47899159663865,10195.378685327301,0.13053021309179827
157.47899159663865,11015.819387358995,0.1226931426840891
157.47899159663865,11902.282447787144,0.11532661216994611
157.47899159663865,12860.08080610565,0.10840237020289444
157.47899159663865,13894.954943731389,0.1018938616551823
157.47899159663865,15013.107289081743,0.09577612577633685
157.47899159663865,16221.239391291729,0.0900257004663063
157.47899159663865,17526.592085367585,0.0846205322960713
157.47899159663865,18936.988889503602,0.07953989193064312
157.47899159663865,20460.88289466011,0.0747642946300884
157.47899159663865,22107.407427431233,0.07027542552369505
157.47899159663865,23886.430789846003,0.0660560693706977
157.47899159663865,25808.615404180768,0.06209004453818935
157.47899159663865,27885.481717262915,0.05836214094301657
157.47899159663865,30129.47724726992,0.054858061719661615
157.47899159663865,32554.05118685032,0.05156436839040087
157.47899159663865,35173.7350096938,0.04846842932746205
157.47899159663865,38004.22956365882,0.045558371309528264
157.47899159663865,41062.49917244294,0.042823033986802594
157.47899159663865,44366.873309786155,0.040251927080003344
157.47899159663865,47937.15645558219,0.03783519014914345
157.47899159663865,51794.74679231213,0.035563554777803284
157.47899159663865,55962.76445319552,0.033428309027870626
157.47899159663865,60466.19009070435,0.031421264028427945
157.47899159663865,65332.014595937704,0.029534722570651987
157.47899159663865,70589.40086618738,0.027761449588284495
157.47899159663865,76269.85859023452,0.026094644410463722
157.47899159663865,82407.43309893666,0.0245279146805037
157.47899159663865,89038.90941296735,0.023055251840597018
157.47899159663865,96204.0327106476,0.021671008088423316
157.47899159663865,103945.74653722627,0.02036987471728903
157.47899159663865,112310.45018329516,0.019146861756731477
157.47899159663865,121348.27677491431,0.017997278835506586
157.47899159663865,131113.3937421563,0.01691671719356821
157.47899159663865,141664.3274669022,0.0159010327740533
157.47899159663865,153064.31405563594,0.014946330330428957
157.47899159663865,165381.6783395673,0.014048948487850703
157.47899159663865,178690.24337358287,0.013205445701441144
157.47899159663865,193069.77288832495,0.012412587057637425
157.47899159663865,208606.44934719568,0.011667331867989406
157.47899159663865,225393.39047347888,0.010966822007829787
157.47899159663865,243531.20734334175,0.01030837095509356
157.47899159663865,263128.6073895945,0.009689453487250026
157.47899159663865,284303.0459302665,0.009107695996833637
157.47899159663865,307181.43012686964,0.008560867388433237
157.47899159663865,331900.87959146773,0.008046870522228567
157.47899159663865,358609.54820118286,0.007563734171259207
157.47899159663865,387467.51204561285,0.007109605461581348
157.47899159663865,418647.72882899473,0.0066827427663196685
157.47899159663865,452337.0744772105,0.006281509026362278
157.47899159663865,488737.4631624427,0.005904365472083081
157.47899159663865,528067.0574582637,0.005549865722013574
157.47899159663865,570561.5758781021,0.005216650235832124
157.47899159663865,616475.7056337161,0.004903441100397274
157.47899159663865,666084.6290809154,0.004609037128829081
157.47899159663865,719685.6730011514,0.004332309253842958
157.47899159663865,777600.0906038043,0.004072196197669058
157.47899159663865,840174.9869294344,0.0038277004019509173
157.47899159663865,907785.3991937558,0.0035978842020140548
157.47899159663865,980836.5445406671,0.003381866230832636
157.47899159663865,1.0597662486760707e6,0.003178818038902927
157.47899159663865,1.1450475699382813e6,0.0029879609170605083
157.47899159663865,1.2371916345321594e6,0.002808562910056429
157.47899159663865,1.336750699919709e6,0.00263993600943907
157.47899159663865,1.4443214647272818e6,0.002481433514976195
157.47899159663865,1.5605486450070748e6,0.0023324475544979034
157.47899159663865,1.6861288382868804e6,0.0021924067526489584
157.47899159663865,1.8218146985669748e6,0.0020607740396098467
157.47899159663865,1.9684194472866112e6,0.0019370445913828424
157.47899159663865,2.126821747296208e6,0.0018207438937438733
157.47899159663865,2.2979709690469606e6,0.0017114259224352522
157.47899159663865,2.48289288056033e6,0.0016086714326201527
157.47899159663865,2.6826957952797273e6,0.0015120863510387102
157.47899159663865,2.898577214651068e6,0.0014213002646995087
157.47899159663865,3.131831005243845e6,0.0013359650003104736
157.47899159663865,3.383855153428233e6,0.0012557532890011157
157.47899159663865,3.6561601440851935e6,0.0011803575112152255
157.47899159663865,3.9503780135666407e6,0.0011094885169605673
157.47899159663865,4.268272131163825e6,0.0010428745168910968
157.47899159663865,4.611747767708261e6,0.0009802600399689354
157.47899159663865,4.982863514647306e6,0.0009214049537085804
157.47899159663865,5.383843622033489e6,0.000866083543245949
157.47899159663865,5.817091329374358e6,0.0008140836457003655
157.47899159663865,6.285203269240097e6,0.0007652058365096963
157.47899159663865,6.790985029955707e6,0.0007192626646181514
157.47899159663865,7.337467970651373e6,0.0006760779335836232
157.47899159663865,7.927927389450606e6,0.0006354860258475406
157.47899159663865,8.565902153685499e6,0.0005973312675757536
157.47899159663865,9.255215909791354e6,0.0005614673316345389
157.47899159663865,1.0e7,0.000527756676412105
160.7563025210084,1000.0,0.7960948523719289
160.7563025210084,1080.4718223181285,0.7482970953509867
160.7563025210084,1167.4193588234587,0.7033691289955979
160.7563025210084,1261.3637220374437,0.6611386502736271
160.7563025210084,1362.867959355774,0.6214437012750509
160.7563025210084,1472.5404276241222,0.5841320480879468
160.7563025210084,1591.0384392721533,0.5490605969669322
160.7563025210084,1719.0722018585745,0.5160948455550161
160.7563025210084,1857.4090746385718,0.4851083670542424
160.7563025210084,2006.8781676649664,0.4559823253668732
160.7563025210084,2168.375310987435,0.42860501934762996
160.7563025210084,2342.8684237322327,0.4028714544191592
160.7563025210084,2531.403315241567,0.37868293990782026
160.7563025210084,2735.109953041208,0.3559467105555497
160.7563025210084,2955.209235202888,0.3345755707562565
160.7563025210084,3193.020307691027,0.3144875601523652
160.7563025210084,3449.9684705497157,0.295605639309032
160.7563025210084,3727.593720314942,0.2778573942605731
160.7563025210084,4027.5599798502976,0.2611747587960062
160.7563025210084,4351.665070924416,0.2454937534186438
160.7563025210084,4701.851489299852,0.23075423997862793
160.7563025210084,5080.218046913023,0.2168996910373945
160.7563025210084,5489.032450921557,0.2038769730795609
160.7563025210084,5930.744895010559,0.19163614274082963
160.7563025210084,6408.002744415996,0.18013025527042875
160.7563025210084,6923.6664026787275,0.16931518449351834
160.7563025210084,7480.826455225086,0.15914945358310634
160.7563025210084,8082.822192522714,0.1495940759924632
160.7563025210084,8733.261623828437,0.14061240593800126
160.7563025210084,9436.04310147889,0.1321699978592027
160.7563025210084,10195.378685327301,0.1242344743166121
160.7563025210084,11015.819387358995,0.11677540182127114
160.7563025210084,11902.282447787144,0.10976417411938874
160.7563025210084,12860.08080610565,0.10317390248463151
160.7563025210084,13894.954943731389,0.09697931259729607
160.7563025210084,15013.107289081743,0.09115664761488522
160.7563025210084,16221.239391291729,0.08568357706235213
160.7563025210084,17526.592085367585,0.08053911119260157
160.7563025210084,18936.988889503602,0.07570352048880921
160.7563025210084,20460.88289466011,0.07115825999984486
160.7563025210084,22107.407427431233,0.06688589821861754
160.7563025210084,23886.430789846003,0.06287005023058477
160.7563025210084,25808.615404180768,0.059095314876044386
160.7563025210084,27885.481717262915,0.05554721568521877
160.7563025210084,30129.47724726992,0.052212145359614465
160.7563025210084,32554.05118685032,0.04907731358673542
160.7563025210084,35173.7350096938,0.046130697988015966
160.7563025210084,38004.22956365882,0.04336099801185342
160.7563025210084,41062.49917244294,0.04075759159491571
160.7563025210084,44366.873309786155,0.0383104944255165
160.7563025210084,47937.15645558219,0.036010321652828484
160.7563025210084,51794.74679231213,0.033848251895085904
160.7563025210084,55962.76445319552,0.03181599340874524
160.7563025210084,60466.19009070435,0.029905752288858382
160.7563025210084,65332.014595937704,0.028110202578704592
160.7563025210084,70589.40086618738,0.026422458174048296
160.7563025210084,76269.85859023452,0.02483604641427325
160.7563025210084,82407.43309893666,0.023344883259112353
160.7563025210084,89038.90941296735,0.021943249955773247
160.7563025210084,96204.0327106476,0.020625771106976668
160.7563025210084,103945.74653722627,0.019387394055795502
160.7563025210084,112310.45018329516,0.018223369508234128
160.7563025210084,121348.27677491431,0.017129233319233265
160.7563025210084,131113.3937421563,0.01610078937224837
160.7563025210084,141664.3274669022,0.015134093486742786
160.7563025210084,153064.31405563594,0.014225438291879642
160.7563025210084,165381.6783395673,0.013371339008401286
160.7563025210084,178690.24337358287,0.012568520084168847
160.7563025210084,193069.77288832495,0.01181390263210765
160.7563025210084,208606.44934719568,0.011104592622381894
160.7563025210084,225393.39047347888,0.010437869783514468
160.7563025210084,243531.20734334175,0.009811177169886574
160.7563025210084,263128.6073895945,0.009222111355607741
160.7563025210084,284303.0459302665,0.008668413217148388
160.7563025210084,307181.43012686964,0.008147959269385878
160.7563025210084,331900.87959146773,0.00765875352183672
160.7563025210084,358609.54820118286,0.007198919823842887
160.7563025210084,387467.51204561285,0.006766694669355225
160.7563025210084,418647.72882899473,0.006360420433719741
160.7563025210084,452337.0744772105,0.005978539016529085
160.7563025210084,488737.4631624427,0.005619585866159037
160.7563025210084,528067.0574582637,0.005282184363073443
160.7563025210084,570561.5758781021,0.004965040540357139
160.7563025210084,616475.7056337161,0.004666938121229516
160.7563025210084,666084.6290809154,0.00438673385450718
160.7563025210084,719685.6730011514,0.0041233531301267164
160.7563025210084,777600.0906038043,0.0038757858579126932
160.7563025210084,840174.9869294344,0.0036430825937856103
160.7563025210084,907785.3991937558,0.003424350898553348
160.7563025210084,980836.5445406671,0.0032187519153218493
160.7563025210084,1.0597662486760707e6,0.003025497152398989
160.7563025210084,1.1450475699382813e6,0.0028438454593538
160.7563025210084,1.2371916345321594e6,0.0026731001846339495
160.7563025210084,1.336750699919709e6,0.0025126065038406455
160.7563025210084,1.4443214647272818e6,0.002361748908414684
160.7563025210084,1.5605486450070748e6,0.002219948845102452
160.7563025210084,1.6861288382868804e6,0.002086662497149085
160.7563025210084,1.8218146985669748e6,0.0019613786987093887
160.7563025210084,1.9684194472866112e6,0.0018436169744781095
160.7563025210084,2.126821747296208e6,0.001732925697021362
160.7563025210084,2.2979709690469606e6,0.0016288803547423781
160.7563025210084,2.48289288056033e6,0.0015310819238390835
160.7563025210084,2.6826957952797273e6,0.0014391553380098015
160.7563025210084,2.898577214651068e6,0.0013527480500382329
160.7563025210084,3.131831005243845e6,0.0012715286797412959
160.7563025210084,3.383855153428233e6,0.0011951857430945452
160.7563025210084,3.6561601440851935e6,0.0011234264576612584
160.7563025210084,3.9503780135666407e6,0.0010559756197438892
160.7563025210084,4.268272131163825e6,0.000992574548951664
160.7563025210084,4.611747767708261e6,0.0009329800961366387
160.7563025210084,4.982863514647306e6,0.0008769637108935388
160.7563025210084,5.383843622033489e6,0.0008243105650471818
160.7563025210084,5.817091329374358e6,0.0007748187287659525
160.7563025210084,6.285203269240097e6,0.0007282983961416579
160.7563025210084,6.790985029955707e6,0.0006845711572657839
160.7563025210084,7.337467970651373e6,0.0006434693140104924
160.7563025210084,7.927927389450606e6,0.0006048352368903234
160.7563025210084,8.565902153685499e6,0.000568520760538099
160.7563025210084,9.255215909791354e6,0.0005343866154766185
160.7563025210084,1.0e7,0.0005023018940069435
164.03361344537817,1000.0,0.7584539051933687
164.03361344537817,1080.4718223181285,0.7129161211416248
164.03361344537817,1167.4193588234587,0.6701124383479058
164.03361344537817,1261.3637220374437,0.6298787006099555
164.03361344537817,1362.867959355774,0.592060607709694
164.03361344537817,1472.5404276241222,0.5565131236571801
164.03361344537817,1591.0384392721533,0.5230999204637691
164.03361344537817,1719.0722018585745,0.49169285531128604
164.03361344537817,1857.4090746385718,0.462171479112106
164.03361344537817,2006.8781676649664,0.43442257457542716
164.03361344537817,2168.375310987435,0.40833972200817087
164.03361344537817,2342.8684237322327,0.38382289118531915
164.03361344537817,2531.403315241567,0.3607780577244684
164.03361344537817,2735.109953041208,0.3391168424933653
164.03361344537817,2955.209235202888,0.31875617266751066
164.03361344537817,3193.020307691027,0.2996179631379643
164.03361344537817,3449.9684705497157,0.2816288170475089
164.03361344537817,3727.593720314942,0.2647197443067101
164.03361344537817,4027.5599798502976,0.24882589701034952
164.03361344537817,4351.665070924416,0.23388632073952811
164.03361344537817,4701.851489299852,0.21984372079566197
164.03361344537817,5080.218046913023,0.2066442424698533
164.03361344537817,5489.032450921557,0.1942372645049509
164.03361344537817,5930.744895010559,0.1825752049582039
164.03361344537817,6408.002744415996,0.17161333871997836
164.03361344537817,6923.6664026787275,0.1613096259886994
164.03361344537817,7480.826455225086,0.15162455104420666
164.03361344537817,8082.822192522714,0.14252097070120173
164.03361344537817,8733.261623828437,0.13396397186159315
164.03361344537817,9436.04310147889,0.12592073761943867
164.03361344537817,10195.378685327301,0.11836042140498353
164.03361344537817,11015.819387358995,0.11125402868512621
164.03361344537817,11902.282447787144,0.10457430576662119
164.03361344537817,12860.08080610565,0.09829563527556837
164.03361344537817,13894.954943731389,0.09239393791234274
164.03361344537817,15013.107289081743,0.08684658010518656
164.03361344537817,16221.239391291729,0.08163228720830429
164.03361344537817,17526.592085367585,0.07673106191156867
164.03361344537817,18936.988889503602,0.07212410754893124
164.03361344537817,20460.88289466011,0.06779375601141677
164.03361344537817,22107.407427431233,0.06372339998824168
164.03361344537817,23886.430789846003,0.059897429276194666
164.03361344537817,25808.615404180768,0.05630117091302028
164.03361344537817,27885.481717262915,0.05292083290520981
164.03361344537817,30129.47724726992,0.049743451334392466
164.03361344537817,32554.05118685032,0.04675684063947297
164.03361344537817,35173.7350096938,0.04394954688384351
164.03361344537817,38004.22956365882,0.04131080382844558
164.03361344537817,41062.49917244294,0.038830491642217094
164.03361344537817,44366.873309786155,0.036499098091576025
164.03361344537817,47937.15645558219,0.034307682060098356
164.03361344537817,51794.74679231213,0.03224783925848429
164.03361344537817,55962.76445319552,0.03031166999330816
164.03361344537817,60466.19009070435,0.028491748870941393
164.03361344537817,65332.014595937704,0.02678109632046022
164.03361344537817,70589.40086618738,0.025173151826326293
164.03361344537817,76269.85859023452,0.023661748768184235
164.03361344537817,82407.43309893666,0.022241090771285308
164.03361344537817,89038.90941296735,0.020905729476837494
164.03361344537817,96204.0327106476,0.019650543647030633
164.03361344537817,103945.74653722627,0.018470719524601328
164.03361344537817,112310.45018329516,0.017361732371615184
164.03361344537817,121348.27677491431,0.01631932911666562
164.03361344537817,131113.3937421563,0.015339512043939772
164.03361344537817,141664.3274669022,0.014418523461597417
164.03361344537817,153064.31405563594,0.013552831290664726
164.03361344537817,165381.6783395673,0.012739115519174756
164.03361344537817,178690.24337358287,0.011974255469605236
164.03361344537817,193069.77288832495,0.011255317830782912
164.03361344537817,208606.44934719568,0.010579545408355661
164.03361344537817,225393.39047347888,0.009944346550689437
164.03361344537817,243531.20734334175,0.009347285209637263
164.03361344537817,263128.6073895945,0.00878607159806255
164.03361344537817,284303.0459302665,0.008258553408287092
164.03361344537817,307181.43012686964,0.007762707557786151
164.03361344537817,331900.87959146773,0.00729663243047412
164.03361344537817,358609.54820118286,0.006858540583825689
164.03361344537817,387467.51204561285,0.006446751893863377
164.03361344537817,418647.72882899473,0.006059687111722041
164.03361344537817,452337.0744772105,0.005695861807078924
164.03361344537817,488737.4631624427,0.005353880675221997
164.03361344537817,528067.0574582637,0.005032432185923359
164.03361344537817,570561.5758781021,0.004730283553595866
164.03361344537817,616475.7056337161,0.004446276009442942
164.03361344537817,666084.6290809154,0.004179320357469815
164.03361344537817,719685.6730011514,0.003928392797313085
164.03361344537817,777600.0906038043,0.0036925309978687723
164.03361344537817,840174.9869294344,0.003470830406660863
164.03361344537817,907785.3991937558,0.003262440780796321
164.03361344537817,980836.5445406671,0.003066562926202601
164.03361344537817,1.0597662486760707e6,0.0028824456326422315
164.03361344537817,1.1450475699382813e6,0.0027093827927499527
164.03361344537817,1.2371916345321594e6,0.002546710694043702
164.03361344537817,1.336750699919709e6,0.002393805473523987
164.03361344537817,1.4443214647272818e6,0.0022500807250998554
164.03361344537817,1.5605486450070748e6,0.0021149852506656317
164.03361344537817,1.6861288382868804e6,0.001988000946203675
164.03361344537817,1.8218146985669748e6,0.0018686408148060993
164.03361344537817,1.9684194472866112e6,0.001756447098995223
164.03361344537817,2.126821747296208e6,0.001650989525180024
164.03361344537817,2.2979709690469606e6,0.0015518636535159166
164.03361344537817,2.48289288056033e6,0.0014586893268394101
164.03361344537817,2.6826957952797273e6,0.001371109212729165
164.03361344537817,2.898577214651068e6,0.0012887874331020976
164.03361344537817,3.131831005243845e6,0.0012114082760889345
164.03361344537817,3.383855153428233e6,0.0011386749852491066
164.03361344537817,3.6561601440851935e6,0.0010703086214815204
164.03361344537817,3.9503780135666407e6,0.0010060469932665285
164.03361344537817,4.268272131163825e6,0.0009456436511364647
164.03361344537817,4.611747767708261e6,0.000888866942518456
164.03361344537817,4.982863514647306e6,0.0008354991233247246
164.03361344537817,5.383843622033489e6,0.0007853355228832687
164.03361344537817,5.817091329374358e6,0.0007381837590063274
164.03361344537817,6.285203269240097e6,0.0006938630001863643
164.03361344537817,6.790985029955707e6,0.0006522032720899998
164.03361344537817,7.337467970651373e6,0.000613044805690248
164.03361344537817,7.927927389450606e6,0.0005762374245370732
164.03361344537817,8.565902153685499e6,0.0005416399688163964
164.03361344537817,9.255215909791354e6,0.000509119753988752
164.03361344537817,1.0e7,0.0004785520619314399
167.3109243697479,1000.0,0.723285435100701
167.3109243697479,1080.4718223181285,0.6798591758041788
167.3109243697479,1167.4193588234587,0.6390402412303311
167.3109243697479,1261.3637220374437,0.6006720868754505
167.3109243697479,1362.867959355774,0.5646075672115027
167.3109243697479,1472.5404276241222,0.5307083713690043
167.3109243697479,1591.0384392721533,0.4988444927016605
167.3109243697479,1719.0722018585745,0.46889373019848857
167.3109243697479,1857.4090746385718,0.4407412198312943
167.3109243697479,2006.8781676649664,0.4142789940401798
167.3109243697479,2168.375310987435,0.38940556766766243
167.3109243697479,2342.8684237322327,0.3660255487534271
167.3109243697479,2531.403315241567,0.34404927269706603
167.3109243697479,2735.109953041208,0.3233924583857942
167.3109243697479,2955.209235202888,0.30397588496834915
167.3109243697479,3193.020307691027,0.2857250880354793
167.3109243697479,3449.9684705497157,0.26857007404183675
167.3109243697479,3727.593720314942,0.2524450518740623
167.3109243697479,4027.5599798502976,0.2372881805355972
167.3109243697479,4351.665070924416,0.22304133198056705
167.3109243697479,4701.851489299852,0.2096498681871875
167.3109243697479,5080.218046913023,0.19706243161574455
167.3109243697479,5489.032450921557,0.18523074824753596
167.3109243697479,5930.744895010559,0.17410944244940874
167.3109243697479,6408.002744415996,0.16365586295388326
167.3109243697479,6923.6664026787275,0.15382991928747716
167.3109243697479,7480.826455225086,0.14459392801992038
167.3109243697479,8082.822192522714,0.13591246824460845
167.3109243697479,8733.261623828437,0.1277522457360506
167.3109243697479,9436.04310147889,0.12008196526334296
167.3109243697479,10195.378685327301,0.1128722105699751
167.3109243697479,11015.819387358995,0.1060953315596837
167.3109243697479,11902.282447787144,0.09972533825569872
167.3109243697479,12860.08080610565,0.0937378011267057
167.3109243697479,13894.954943731389,0.08810975739726505
167.3109243697479,15013.107289081743,0.08281962298338102
167.3109243697479,16221.239391291729,0.07784710971548174
167.3109243697479,17526.592085367585,0.0731731475313564
167.3109243697479,18936.988889503602,0.06877981134064913
167.3109243697479,20460.88289466011,0.06465025228042962
167.3109243697479,22107.407427431233,0.06076863309819815
167.3109243697479,23886.430789846003,0.05712006741451311
167.3109243697479,25808.615404180768,0.05369056263230756
167.3109243697479,27885.481717262915,0.050466966273945736
167.3109243697479,30129.47724726992,0.04743691554021835
167.3109243697479,32554.05118685032,0.04458878989782941
167.3109243697479,35173.7350096938,0.04191166651354378
167.3109243697479,38004.22956365882,0.03939527836408088
167.3109243697479,41062.49917244294,0.03702997486110206
167.3109243697479,44366.873309786155,0.034806684840284666
167.3109243697479,47937.15645558219,0.03271688177254271
167.3109243697479,51794.74679231213,0.030752551063974932
167.3109243697479,55962.76445319552,0.02890615931913386
167.3109243697479,60466.19009070435,0.027170625449736207
167.3109243697479,65332.014595937704,0.0255392935180146
167.3109243697479,70589.40086618738,0.02400590721056203
167.3109243697479,76269.85859023452,0.022564585844773697
167.3109243697479,82407.43309893666,0.02120980181586905
167.3109243697479,89038.90941296735,0.019936359398000453
167.3109243697479,96204.0327106476,0.01873937481814964
167.3109243697479,103945.74653722627,0.017614257526392774
167.3109243697479,112310.45018329516,0.016556692590704067
167.3109243697479,121348.27677491431,0.015562624148780279
167.3109243697479,131113.3937421563,0.014628239853422317
167.3109243697479,141664.3274669022,0.013749956251820397
167.3109243697479,153064.31405563594,0.012924405042671195
167.3109243697479,165381.6783395673,0.012148420158421208
167.3109243697479,178690.24337358287,0.011419025623096097
167.3109243697479,193069.77288832495,0.010733424139149218
167.3109243697479,208606.44934719568,0.010088986359558998
167.3109243697479,225393.39047347888,0.009483240804032518
167.3109243697479,243531.20734334175,0.008913864380643113
167.3109243697479,263128.6073895945,0.008378673476551494
167.3109243697479,284303.0459302665,0.007875615583642371
167.3109243697479,307181.43012686964,0.007402761426960276
167.3109243697479,331900.87959146773,0.006958297565756281
167.3109243697479,358609.54820118286,0.006540519438769913
167.3109243697479,387467.51204561285,0.0061478248270742915
167.3109243697479,418647.72882899473,0.005778707709413881
167.3109243697479,452337.0744772105,0.005431752486469452
167.3109243697479,488737.4631624427,0.005105628551899814
167.3109243697479,528067.0574582637,0.004799085189339693
167.3109243697479,570561.5758781021,0.004510946775783295
167.3109243697479,616475.7056337161,0.004240108272958056
167.3109243697479,666084.6290809154,0.003985530989397563
167.3109243697479,719685.6730011514,0.0037462385969608118
167.3109243697479,777600.0906038043,0.003521313386520741
167.3109243697479,840174.9869294344,0.0033098927484623035
167.3109243697479,907785.3991937558,0.0031111658644923652
167.3109243697479,980836.5445406671,0.002924370598074311
167.3109243697479,1.0597662486760707e6,0.0027487905715617906
167.3109243697479,1.1450475699382813e6,0.0025837524188221895
167.3109243697479,1.2371916345321594e6,0.0024286232028133442
167.3109243697479,1.336750699919709e6,0.0022828079882096634
167.3109243697479,1.4443214647272818e6,0.0021457475597684867
167.3109243697479,1.5605486450070748e6,0.002016916277686313
167.3109243697479,1.6861288382868804e6,0.0018958200617200842
167.3109243697479,1.8218146985669748e6,0.0017819944963423666
167.3109243697479,1.9684194472866112e6,0.0016750030496635539
167.3109243697479,2.126821747296208e6,0.0015744353992904647
167.3109243697479,2.2979709690469606e6,0.001479905858700874
167.3109243697479,2.48289288056033e6,0.0013910518980989432
167.3109243697479,2.6826957952797273e6,0.0013075327540789147
167.3109243697479,2.898577214651068e6,0.0012290281227649701
167.3109243697479,3.131831005243845e6,0.0011552369314153494
167.3109243697479,3.383855153428233e6,0.0010858761837796982
167.3109243697479,3.6561601440851935e6,0.0010206798747814814
167.3109243697479,3.9503780135666407e6,0.0009593979703631637
167.3109243697479,4.268272131163825e6,0.0009017954485817755
167.3109243697479,4.611747767708261e6,0.0008476513982773705
167.3109243697479,4.982863514647306e6,0.0007967581718576686
167.3109243697479,5.383843622033489e6,0.0007489205889497578
167.3109243697479,5.817091329374358e6,0.0007039551878647652
167.3109243697479,6.285203269240097e6,0.0006616895220047977
167.3109243697479,6.790985029955707e6,0.000621961498513807
167.3109243697479,7.337467970651373e6,0.0005846187566360396
167.3109243697479,7.927927389450606e6,0.0005495180833980212
167.3109243697479,8.565902153685499e6,0.0005165248643731587
167.3109243697479,9.255215909791354e6,0.00048551256742258224
167.3109243697479,1.0e7,0.0004563622574323392
170.58823529411765,1000.0,0.690383260776888
170.58823529411765,1080.4718223181285,0.6489324572054023
170.58823529411765,1167.4193588234587,0.6099703714437723
170.58823529411765,1261.3637220374437,0.5733475801804236
170.58823529411765,1362.867959355774,0.5389236315210925
170.58823529411765,1472.5404276241222,0.5065665063424276
170.58823529411765,1591.0384392721533,0.4761521119860736
170.58823529411765,1719.0722018585745,0.44756380635150045
170.58823529411765,1857.4090746385718,0.42069195056243325
170.58823529411765,2006.8781676649664,0.39543348849131427
170.58823529411765,2168.375310987435,0.371691551529233
170.58823529411765,2342.8684237322327,0.3493750870855823
170.58823529411765,2531.403315241567,0.32839850939269527
170.58823529411765,2735.109953041208,0.30868137127627093
170.58823529411765,2955.209235202888,0.2901480556327957
170.58823529411765,3193.020307691027,0.2727274854307465
170.58823529411765,3449.9684705497157,0.2563528511233998
170.58823529411765,3727.593720314942,0.24096135442785566
170.58823529411765,4027.5599798502976,0.22649396748763836
170.58823529411765,4351.665070924416,0.21289520649524143
170.58823529411765,4701.851489299852,0.20011291890643937
170.58823529411765,5080.218046913023,0.1880980834303107
170.58823529411765,5489.032450921557,0.17680462202791664
170.58823529411765,5930.744895010559,0.16618922319863025
170.58823529411765,6408.002744415996,0.1562111758764046
170.58823529411765,6923.6664026787275,0.1468322132989555
170.58823529411765,7480.826455225086,0.13801636625108163
170.58823529411765,8082.822192522714,0.1297298251192962
170.58823529411765,8733.261623828437,0.12194081022873818
170.58823529411765,9436.04310147889,0.11461944996509077
170.58823529411765,10195.378685327301,0.10773766621409377
170.58823529411765,11015.819387358995,0.10126906667930018
170.58823529411765,11902.282447787144,0.09518884366510412
170.58823529411765,12860.08080610565,0.08947367893686455
170.58823529411765,13894.954943731389,0.08410165429325317
170.58823529411765,15013.107289081743,0.07905216750786416
170.58823529411765,16221.239391291729,0.07430585331771235
170.58823529411765,17526.592085367585,0.06984450915560426
170.58823529411765,18936.988889503602,0.06565102534155884
170.58823529411765,20460.88289466011,0.06170931946555408
170.58823529411765,22107.407427431233,0.05800427470995221
170.58823529411765,23886.430789846003,0.05452168187506337
170.58823529411765,25808.615404180768,0.05124818488551131
170.58823529411765,27885.481717262915,0.048171229568410974
170.58823529411765,30129.47724726992,0.04527901550691966
170.58823529411765,32554.05118685032,0.042560450784513794
170.58823529411765,35173.7350096938,0.04000510944643218
170.58823529411765,38004.22956365882,0.03760319151514598
170.58823529411765,41062.49917244294,0.03534548540651106
170.58823529411765,44366.873309786155,0.033223332602465
170.58823529411765,47937.15645558219,0.031228594444785412
170.58823529411765,51794.74679231213,0.029353620922559893
170.58823529411765,55962.76445319552,0.02759122133366531
170.58823529411765,60466.19009070435,0.02593463670774005
170.58823529411765,65332.014595937704,0.0243775138848885
170.58823529411765,70589.40086618738,0.022913881150707485
170.58823529411765,76269.85859023452,0.021538125334192533
170.58823529411765,82407.43309893666,0.020244970280692227
170.58823529411765,89038.90941296735,0.01902945661735221
170.58823529411765,96204.0327106476,0.017886922733447854
170.58823529411765,103945.74653722627,0.01681298690266285
170.58823529411765,112310.45018329516,0.01580353047875129
170.58823529411765,121348.27677491431,0.014854682100136843
170.58823529411765,131113.3937421563,0.013962802842872196
170.58823529411765,141664.3274669022,0.01312447226501896
170.58823529411765,153064.31405563594,0.012336475288926976
170.58823529411765,165381.6783395673,0.011595789871105041
170.58823529411765,178690.24337358287,0.01089957541239624
170.58823529411765,193069.77288832495,0.01024516186400947
170.58823529411765,208606.44934719568,0.009630039487627905
170.58823529411765,225393.39047347888,0.0090518492303234
170.58823529411765,243531.20734334175,0.008508373677363689
170.58823529411765,263128.6073895945,0.007997528548215666
170.58823529411765,284303.0459302665,0.007517354703130844
170.58823529411765,307181.43012686964,0.007066010629657778
170.58823529411765,331900.87959146773,0.0066417653802663245
170.58823529411765,358609.54820118286,0.006242991933998944
170.58823529411765,387467.51204561285,0.005868160956690255
170.58823529411765,418647.72882899473,0.0055158349358248124
170.58823529411765,452337.0744772105,0.005184662667539609
170.58823529411765,488737.4631624427,0.004873374074628533
170.58823529411765,528067.0574582637,0.004580775335675214
170.58823529411765,570561.5758781021,0.004305744306634169
170.58823529411765,616475.7056337161,0.004047226217301449
170.58823529411765,666084.6290809154,0.0038042296261703882
170.58823529411765,719685.6730011514,0.003575822618158971
170.58823529411765,777600.0906038043,0.003361129230626669
170.58823529411765,840174.9869294344,0.0031593260939742733
170.58823529411765,907785.3991937558,0.002969639273942989
170.58823529411765,980836.5445406671,0.002791341303502828
170.58823529411765,1.0597662486760707e6,0.0026237483929472194
170.58823529411765,1.1450475699382813e6,0.0024662178074943315
170.58823529411765,1.2371916345321594e6,0.0023181454023379388
170.58823529411765,1.336750699919709e6,0.0021789633056945095
170.58823529411765,1.4443214647272818e6,0.0020481377409608263
170.58823529411765,1.5605486450070748e6,0.001925166979629824
170.58823529411765,1.6861288382868804e6,0.0018095794171139733
170.58823529411765,1.8218146985669748e6,0.001700931764096737
170.58823529411765,1.9684194472866112e6,0.0015988073464758132
170.58823529411765,2.126821747296208e6,0.0015028145073782348
170.58823529411765,2.2979709690469606e6,0.0014125851051189514
170.58823529411765,2.48289288056033e6,0.001327773101342376
170.58823529411765,2.6826957952797273e6,0.0012480532339323351
170.58823529411765,2.898577214651068e6,0.0011731197696008395
170.58823529411765,3.131831005243845e6,0.0011026853313718023
170.58823529411765,3.383855153428233e6,0.0010364797964629506
170.58823529411765,3.6561601440851935e6,0.0009742492603392144
170.58823529411765,3.9503780135666407e6,0.0009157550629646394
170.58823529411765,4.268272131163825e6,0.0008607728735184085
170.58823529411765,4.611747767708261e6,0.0008090918300647702
170.58823529411765,4.982863514647306e6,0.0007605137308774161
170.58823529411765,5.383843622033489e6,0.0007148522743169781
170.58823529411765,5.817091329374358e6,0.0006719323443464875
170.58823529411765,6.285203269240097e6,0.0006315893389446881
170.58823529411765,6.790985029955707e6,0.0005936685388415968
170.58823529411765,7.337467970651373e6,0.000558024514155363
170.58823529411765,7.927927389450606e6,0.0005245205666548119
170.58823529411765,8.565902153685499e6,0.0004930282055087045
170.58823529411765,9.255215909791354e6,0.00046342665451115243
170.58823529411765,1.0e7,0.00043560238889336184
173.8655462184874,1000.0,0.6595619088030702
173.8655462184874,1080.4718223181285,0.6199616278022458
173.8655462184874,1167.4193588234587,0.5827389587198987
173.8655462184874,1261.3637220374437,0.5477511490731688
173.8655462184874,1362.867959355774,0.5148640172780876
173.8655462184874,1472.5404276241222,0.48395143805042146
173.8655462184874,1591.0384392721533,0.45489485870318663
173.8655462184874,1719.0722018585745,0.4275828444857996
173.8655462184874,1857.4090746385718,0.40191065122118663
173.8655462184874,2006.8781676649664,0.3777798236018868
173.8655462184874,2168.375310987435,0.3550978176045642
173.8655462184874,2342.8684237322327,0.33377764557486184
173.8655462184874,2531.403315241567,0.3137375426214565
173.8655462184874,2735.109953041208,0.29490065303990953
173.8655462184874,2955.209235202888,0.27719473556371715
173.8655462184874,3193.020307691027,0.26055188631216963
173.8655462184874,3449.9684705497157,0.24490827837249787
173.8655462184874,3727.593720314942,0.2302039170175809
173.8655462184874,4027.5599798502976,0.2163824096204511
173.8655462184874,4351.665070924416,0.20339074938319537
173.8655462184874,4701.851489299852,0.19117911205083446
173.8655462184874,5080.218046913023,0.1797006648305574
173.8655462184874,5489.032450921557,0.16891138678349885
173.8655462184874,5930.744895010559,0.15876990000024271
173.8655462184874,6408.002744415996,0.14923731091259784
173.8655462184874,6923.6664026787275,0.14027706113305688
173.8655462184874,7480.826455225086,0.13185478724989746
173.8655462184874,8082.822192522714,0.12393818904022302
173.8655462184874,8733.261623828437,0.11649690559553032
173.8655462184874,9436.04310147889,0.10950239888473276
173.8655462184874,10195.378685327301,0.10292784430809104
173.8655462184874,11015.819387358995,0.09674802782231746
173.8655462184874,11902.282447787144,0.09093924924231724
173.8655462184874,12860.08080610565,0.08547923134872021
173.8655462184874,13894.954943731389,0.08034703445262179
173.8655462184874,15013.107289081743,0.07552297608988096
173.8655462184874,16221.239391291729,0.07098855553699425
173.8655462184874,17526.592085367585,0.06672638285905852
173.8655462184874,18936.988889503602,0.06272011221771337
173.8655462184874,20460.88289466011,0.05895437918329358
173.8655462184874,22107.407427431233,0.05541474181077722
173.8655462184874,23886.430789846003,0.052087625253550186
173.8655462184874,25808.615404180768,0.048960269702576276
173.8655462184874,27885.481717262915,0.04602068145131317
173.8655462184874,30129.47724726992,0.043257586898705284
173.8655462184874,32554.05118685032,0.040660389313849354
173.8655462184874,35173.7350096938,0.03821912819652168
173.8655462184874,38004.22956365882,0.0359244410777107
173.8655462184874,41062.49917244294,0.033767527613656076
173.8655462184874,44366.873309786155,0.03174011583569187
173.8655462184874,47937.15645558219,0.02983443042645851
173.8655462184874,51794.74679231213,0.02804316290081967
173.8655462184874,55962.76445319552,0.02635944357712549
173.8655462184874,60466.19009070435,0.024776815231328755
173.8655462184874,65332.014595937704,0.023289208332915406
173.8655462184874,70589.40086618738,0.02189091776767665
173.8655462184874,76269.85859023452,0.02057658095805233
173.8655462184874,82407.43309893666,0.019341157297135043
173.8655462184874,89038.90941296735,0.018179908817462183
173.8655462184874,96204.0327106476,0.01708838202045939
173.8655462184874,103945.74653722627,0.01606239079684906
173.8655462184874,112310.45018329516,0.015098000372522416
173.8655462184874,121348.27677491431,0.014191512218305877
173.8655462184874,131113.3937421563,0.013339449865749154
173.8655462184874,141664.3274669022,0.012538545574537563
173.8655462184874,153064.31405563594,0.01178572780039654
173.8655462184874,165381.6783395673,0.01107810941542658
173.8655462184874,178690.24337358287,0.0104129766356927
173.8655462184874,193069.77288832495,0.009787778613604421
173.8655462184874,208606.44934719568,0.009200117655172204
173.8655462184874,225393.39047347888,0.008647740024622524
173.8655462184874,243531.20734334175,0.008128527301106398
173.8655462184874,263128.6073895945,0.007640488254353629
173.8655462184874,284303.0459302665,0.007181751208114899
173.8655462184874,307181.43012686964,0.00675055686210503
173.8655462184874,331900.87959146773,0.006345251544918773
173.8655462184874,358609.54820118286,0.005964280872043358
173.8655462184874,387467.51204561285,0.00560618378464579
173.8655462184874,418647.72882899473,0.005269586946272998
173.8655462184874,452337.0744772105,0.00495319947597565
173.8655462184874,488737.4631624427,0.004655807997656764
173.8655462184874,528067.0574582637,0.004376271986658678
173.8655462184874,570561.5758781021,0.00411351939574236
173.8655462184874,616475.7056337161,0.0038665425436840714
173.8655462184874,666084.6290809154,0.0036343942507218586
173.8655462184874,719685.6730011514,0.003416184206030908
173.8655462184874,777600.0906038043,0.0032110755532966926
173.8655462184874,840174.9869294344,0.003018281681291277
173.8655462184874,907785.3991937558,0.002837063207144276
173.8655462184874,980836.5445406671,0.002666725140739114
173.8655462184874,1.0597662486760707e6,0.0025066142193596896
173.8655462184874,1.1450475699382813e6,0.002356116402365616
173.8655462184874,1.2371916345321594e6,0.002214654516287857
173.8655462184874,1.336750699919709e6,0.00208168604131346
173.8655462184874,1.4443214647272818e6,0.001956701030670403
173.8655462184874,1.5605486450070748e6,0.0018392201549331019
173.8655462184874,1.6861288382868804e6,0.0017287928637484057
173.8655462184874,1.8218146985669748e6,0.0016249956579320567
173.8655462184874,1.9684194472866112e6,0.0015274304653089597
173.8655462184874,2.126821747296208e6,0.0014357231140684646
173.8655462184874,2.2979709690469606e6,0.001349521897779812
173.8655462184874,2.48289288056033e6,0.0012684962265644602
173.8655462184874,2.6826957952797273e6,0.0011923353592524022
173.8655462184874,2.898577214651068e6,0.0011207472116601621
173.8655462184874,3.131831005243845e6,0.001053457236420121
173.8655462184874,3.383855153428233e6,0.000990207370065203
173.8655462184874,3.6561601440851935e6,0.0009307550433308872
173.8655462184874,3.9503780135666407e6,0.0008748722508789619
173.8655462184874,4.268272131163825e6,0.0008223446768753278
173.8655462184874,4.611747767708261e6,0.0007729708730683552
173.8655462184874,4.982863514647306e6,0.0007265614862156362
173.8655462184874,5.383843622033489e6,0.000682938531896262
173.8655462184874,5.817091329374358e6,0.0006419347119236058
173.8655462184874,6.285203269240097e6,0.0006033927727408382
173.8655462184874,6.790985029955707e6,0.0005671649023385497
173.8655462184874,7.337467970651373e6,0.0005331121633816101
173.8655462184874,7.927927389450606e6,0.0005011039603712494
173.8655462184874,8.565902153685499e6,0.0004710175387988775
173.8655462184874,9.255215909791354e6,0.00044273751437084254
173.8655462184874,1.0e7,0.00041615543049867244
177.14285714285714,1000.0,0.6306541938067456
177.14285714285714,1080.4718223181285,0.5927895400786112
177.14285714285714,1167.4193588234587,0.557198290723319
177.14285714285714,1261.3637220374437,0.5237439499081178
177.14285714285714,1362.867959355774,0.492298217048133
177.14285714285714,1472.5404276241222,0.46274049476139645
177.14285714285714,1591.0384392721533,0.4349574263663972
177.14285714285714,1719.0722018585745,0.40884246114840495
177.14285714285714,1857.4090746385718,0.3842954457273257
177.14285714285714,2006.8781676649664,0.3612222399599457
177.14285714285714,2168.375310987435,0.3395343559035119
177.14285714285714,2342.8684237322327,0.3191486184560396
177.14285714285714,2531.403315241567,0.29998684637187045
177.14285714285714,2735.109953041208,0.28197555242914485
177.14285714285714,2955.209235202888,0.2650456615993047
177.14285714285714,3193.020307691027,0.2491322461377764
177.14285714285714,3449.9684705497157,0.2341742765798829
177.14285714285714,3727.593720314942,0.2201143876870313
177.14285714285714,4027.5599798502976,0.2068986584455578
177.14285714285714,4351.665070924416,0.1944764052745003
177.14285714285714,4701.851489299852,0.1827999876492371
177.14285714285714,5080.218046913023,0.17182462539553475
177.14285714285714,5489.032450921557,0.1615082269533133
177.14285714285714,5930.744895010559,0.15181122795150204
177.14285714285714,6408.002744415996,0.1426964394749064
177.14285714285714,6923.6664026787275,0.13412890544117448
177.14285714285714,7480.826455225086,0.12607576854089084
177.14285714285714,8082.822192522714,0.1185061442266631
177.14285714285714,8733.261623828437,0.11139100226794012
177.14285714285714,9436.04310147889,0.10470305541731181
177.14285714285714,10195.378685327301,0.09841665476131455
177.14285714285714,11015.819387358995,0.09250769135440434
177.14285714285714,11902.282447787144,0.08695350375885334
177.14285714285714,12860.08080610565,0.0817327911359767
177.14285714285714,13894.954943731389,0.07682553155538614
177.14285714285714,15013.107289081743,0.07221290520897998
177.14285714285714,16221.239391291729,0.06787722223518453
177.14285714285714,17526.592085367585,0.06380185487665005
177.14285714285714,18936.988889503602,0.05997117371121676
177.14285714285714,20460.88289466011,0.05637048771159135
177.14285714285714,22107.407427431233,0.05298598790385754
177.14285714285714,23886.430789846003,0.0498046944087452
177.14285714285714,25808.615404180768,0.046814406662556714
177.14285714285714,27885.481717262915,0.04400365662684229
177.14285714285714,30129.47724726992,0.04136166480737985
177.14285714285714,32554.05118685032,0.03887829891378759
177.14285714285714,35173.7350096938,0.0365440350012248
177.14285714285714,38004.22956365882,0.034349920945155876
177.14285714285714,41062.49917244294,0.0322875421090997
177.14285714285714,44366.873309786155,0.030348989073696785
177.14285714285714,47937.15645558219,0.02852682730333267
177.14285714285714,51794.74679231213,0.026814068633984982
177.14285714285714,55962.76445319552,0.025204144472948817
177.14285714285714,60466.19009070435,0.023690880607657665
177.14285714285714,65332.014595937704,0.022268473526989907
177.14285714285714,70589.40086618738,0.020931468164250684
177.14285714285714,76269.85859023452,0.01967473697647125
177.14285714285714,82407.43309893666,0.01849346027979318
177.14285714285714,89038.90941296735,0.01738310776552139
177.14285714285714,96204.0327106476,0.016339421125958653
177.14285714285714,103945.74653722627,0.015358397723389837
177.14285714285714,112310.45018329516,0.014436275239584831
177.14285714285714,121348.27677491431,0.013569517246949613
177.14285714285714,131113.3937421563,0.01275479964598946
177.14285714285714,141664.3274669022,0.01198899791707061
177.14285714285714,153064.31405563594,0.0112691751375898
177.14285714285714,165381.6783395673,0.010592570718596123
177.14285714285714,178690.24337358287,0.009956589817669424
177.14285714285714,193069.77288832495,0.009358793387452321
177.14285714285714,208606.44934719568,0.00879688882167118
177.14285714285714,225393.39047347888,0.008268721162772613
177.14285714285714,243531.20734334175,0.007772264837455869
177.14285714285714,263128.6073895945,0.007305615888406302
177.14285714285714,284303.0459302665,0.006866984672437529
177.14285714285714,307181.43012686964,0.0064546889970393435
177.14285714285714,331900.87959146773,0.0060671476690091234
177.14285714285714,358609.54820118286,0.005702874430425244
177.14285714285714,387467.51204561285,0.0053604722587063105
177.14285714285714,418647.72882899473,0.005038628008896438
177.14285714285714,452337.0744772105,0.004736107377629201
177.14285714285714,488737.4631624427,0.00445175016945666
177.14285714285714,528067.0574582637,0.004184465847389195
177.14285714285714,570561.5758781021,0.003933229350582281
177.14285714285714,616475.7056337161,0.003697077163130453
177.14285714285714,666084.6290809154,0.0034751036188920004
177.14285714285714,719685.6730011514,0.003266457428173012
177.14285714285714,777600.0906038043,0.0030703384129502796
177.14285714285714,840174.9869294344,0.0028859944381123405
177.14285714285714,907785.3991937558,0.0027127185269496343
177.14285714285714,980836.5445406671,0.002549846149831474
177.14285714285714,1.0597662486760707e6,0.0023967526756715754
177.14285714285714,1.1450475699382813e6,0.0022528509764083277
177.14285714285714,1.2371916345321594e6,0.002117589175312735
177.14285714285714,1.336750699919709e6,0.0019904485304885525
177.14285714285714,1.4443214647272818e6,0.0018709414454477166
177.14285714285714,1.5605486450070748e6,0.0017586095991313163
177.14285714285714,1.6861288382868804e6,0.001653022188204679
177.14285714285714,1.8218146985669748e6,0.0015537742748855249
177.14285714285714,1.9684194472866112e6,0.001460485233968988
177.14285714285714,2.126821747296208e6,0.0013727972930936833
177.14285714285714,2.2979709690469606e6,0.0012903741606506108
177.14285714285714,2.48289288056033e6,0.001212899736072788
177.14285714285714,2.6826957952797273e6,0.0011400768975594608
177.14285714285714,2.898577214651068e6,0.001071626362585673
177.14285714285714,3.131831005243845e6,0.001007285616827181
177.14285714285714,3.383855153428233e6,0.0009468079073930013
177.14285714285714,3.6561601440851935e6,0.0008899612965045608
177.14285714285714,3.9503780135666407e6,0.0008365277719922146
177.14285714285714,4.268272131163825e6,0.0007863024111978013
177.14285714285714,4.611747767708261e6,0.0007390925950767257
177.14285714285714,4.982863514647306e6,0.0006947172694855601
177.14285714285714,5.383843622033489e6,0.0006530062508221589
177.14285714285714,5.817091329374358e6,0.0006137995733553233
177.14285714285714,6.285203269240097e6,0.0005769468757409826
177.14285714285714,6.790985029955707e6,0.0005423068243721089
177.14285714285714,7.337467970651373e6,0.0005097465713508686
177.14285714285714,7.927927389450606e6,0.0004791412450042728
177.14285714285714,8.565902153685499e6,0.00045037347098941653
177.14285714285714,9.255215909791354e6,0.0004233329221516838
177.14285714285714,1.0e7,0.00039791589540960116
180.42016806722688,1000.0,0.603509119694071
180.42016806722688,1080.4718223181285,0.5672742637882532
180.42016806722688,1167.4193588234587,0.5332149587393648
180.42016806722688,1261.3637220374437,0.5012005838670487
180.42016806722688,1362.867959355774,0.47110836099303455
180.42016806722688,1472.5404276241222,0.4428228835751258
180.42016806722688,1591.0384392721533,0.4162356741121147
180.42016806722688,1719.0722018585745,0.3912447681222288
180.42016806722688,1857.4090746385718,0.36775432309962414
180.42016806722688,2006.8781676649664,0.3456742509492459
180.42016806722688,2168.375310987435,0.3249198724903968
180.42016806722688,2342.8684237322327,0.30541159270401286
180.42016806722688,2531.403315241567,0.2870745954781781
180.42016806722688,2735.109953041208,0.2698385566812072
180.42016806722688,2955.209235202888,0.2536373744618997
180.42016806722688,3193.020307691027,0.23840891574264175
180.42016806722688,3449.9684705497157,0.2240947779331319
180.42016806722688,3727.593720314942,0.21064006495088314
180.42016806722688,4027.5599798502976,0.19799317668951538
180.42016806722688,4351.665070924416,0.18610561112743007
180.42016806722688,4701.851489299852,0.17493177831793577
180.42016806722688,5080.218046913023,0.1644288255474589
180.42016806722688,5489.032450921557,0.15455647299130318
180.42016806722688,5930.744895010559,0.14527685923668393
180.42016806722688,6408.002744415996,0.13655439608060194
180.42016806722688,6923.6664026787275,0.1283556320456941
180.42016806722688,7480.826455225086,0.12064912409063036
180.42016806722688,8082.822192522714,0.11340531702305329
180.42016806722688,8733.261623828437,0.10659643015259969
180.42016806722688,9436.04310147889,0.10019635074930587
180.42016806722688,10195.378685327301,0.09418053389879942
180.42016806722688,11015.819387358995,0.08852590837021439
180.42016806722688,11902.282447787144,0.08321078813582192
180.42016806722688,12860.08080610565,0.07821478920304781
180.42016806722688,13894.954943731389,0.07351875143991828
180.42016806722688,15013.107289081743,0.06910466509412871
180.42016806722688,16221.239391291729,0.0649556017239267
180.42016806722688,17526.592085367585,0.061055649275925085
180.42016806722688,18936.988889503602,0.05738985106086122
180.42016806722688,20460.88289466011,0.05394414839326809
180.42016806722688,22107.407427431233,0.05070532667507604
180.42016806722688,23886.430789846003,0.04766096471636994
180.42016806722688,25808.615404180768,0.04479938709894241
180.42016806722688,27885.481717262915,0.04210961939995222
180.42016806722688,30129.47724726992,0.039581346103966956
180.42016806722688,32554.05118685032,0.03720487104197853
180.42016806722688,35173.7350096938,0.03497108020567102
180.42016806722688,38004.22956365882,0.0328714067943303
180.42016806722688,41062.49917244294,0.030897798360346982
180.42016806722688,44366.873309786155,0.029042685927312416
180.42016806722688,47937.15645558219,0.027298954962273244
180.42016806722688,51794.74679231213,0.025659918090819148
180.42016806722688,55962.76445319552,0.02411928945036506
180.42016806722688,60466.19009070435,0.022671160583269047
180.42016806722688,65332.014595937704,0.021309977777334257
180.42016806722688,70589.40086618738,0.020030520766793465
180.42016806722688,76269.85859023452,0.018827882712092327
180.42016806722688,82407.43309893666,0.017697451381692327
180.42016806722688,89038.90941296735,0.016634891463723062
180.42016806722688,96204.0327106476,0.01563612793964828
180.42016806722688,103945.74653722627,0.01469733045618143
180.42016806722688,112310.45018329516,0.01381489863551585
180.42016806722688,121348.27677491431,0.012985448267532765
180.42016806722688,131113.3937421563,0.012205798331033016
180.42016806722688,141664.3274669022,0.011472958794217633
180.42016806722688,153064.31405563594,0.010784119147631019
180.42016806722688,165381.6783395673,0.010136637625589298
180.42016806722688,178690.24337358287,0.009528031074757207
180.42016806722688,193069.77288832495,0.008955965431018476
180.42016806722688,208606.44934719568,0.008418246768117504
180.42016806722688,225393.39047347888,0.007912812883743096
180.42016806722688,243531.20734334175,0.007437725390786104
180.42016806722688,263128.6073895945,0.0069911622834402
180.42016806722688,284303.0459302665,0.006571410949635905
180.42016806722688,307181.43012686964,0.006176861603010167
180.42016806722688,331900.87959146773,0.005806001109222253
180.42016806722688,358609.54820118286,0.0054574071829393625
180.42016806722688,387467.51204561285,0.005129742933236848
180.42016806722688,418647.72882899473,0.004821751736494125
180.42016806722688,452337.0744772105,0.004532252417123341
180.42016806722688,488737.4631624427,0.004260134717648463
180.42016806722688,528067.0574582637,0.004004355040762033
180.42016806722688,570561.5758781021,0.003763932447030062
180.42016806722688,616475.7056337161,0.003537944892895831
180.42016806722688,666084.6290809154,0.003325525694554986
180.42016806722688,719685.6730011514,0.00312586020414056
180.42016806722688,777600.0906038043,0.0029381826854707805
180.42016806722688,840174.9869294344,0.0027617733773778546
180.42016806722688,907785.3991937558,0.0025959557333552763
180.42016806722688,980836.5445406671,0.002440093826937537
180.42016806722688,1.0597662486760707e6,0.0022935899128615133
180.42016806722688,1.1450475699382813e6,0.0021558821346564336
180.42016806722688,1.2371916345321594e6,0.0020264423698707714
180.42016806722688,1.336750699919709e6,0.0019047742046723142
180.42016806722688,1.4443214647272818e6,0.0017904110300538327
180.42016806722688,1.5605486450070748e6,0.0016829142523430434
180.42016806722688,1.6861288382868804e6,0.00158187161115411
180.42016806722688,1.8218146985669748e6,0.0014868955983297653
180.42016806722688,1.9684194472866112e6,0.0013976219718106083
180.42016806722688,2.126821747296208e6,0.0013137083587320955
180.42016806722688,2.2979709690469606e6,0.001234832942391981
180.42016806722688,2.48289288056033e6,0.001160693228052597
180.42016806722688,2.6826957952797273e6,0.0010910048828447166
180.42016806722688,2.898577214651068e6,0.0010255006453238963
180.42016806722688,3.131831005243845e6,0.0009639293004973733
180.42016806722688,3.383855153428233e6,0.0009060547163906354
180.42016806722688,3.6561601440851935e6,0.0008516549384587897
180.42016806722688,3.9503780135666407e6,0.0008005213383697377
180.42016806722688,4.268272131163825e6,0.00075245781389464
180.42016806722688,4.611747767708261e6,0.0007072800368371863
180.42016806722688,4.982863514647306e6,0.0006648147461173905
180.42016806722688,5.383843622033489e6,0.0006248990832988439
180.42016806722688,5.817091329374358e6,0.0005873799680110924
180.42016806722688,6.285203269240097e6,0.0005521135108718287
180.42016806722688,6.790985029955707e6,0.000518964461657399
180.42016806722688,7.337467970651373e6,0.0004878056906053085
180.42016806722688,7.927927389450606e6,0.00045851770085946733
180.42016806722688,8.565902153685499e6,0.000430988170188362
180.42016806722688,9.255215909791354e6,0.00040511152021859215
180.42016806722688,1.0e7,0.0003807885115317501
183.69747899159663,1000.0,0.577990054458744
183.69747899159663,1080.4718223181285,0.5432873703486432
183.69747899159663,1167.4193588234587,0.5106682450734309
183.69747899159663,1261.3637220374437,0.4800075811794161
183.69747899159663,1362.867959355774,0.4511877920989246
183.69747899159663,1472.5404276241222,0.42409835119460804
183.69747899159663,1591.0384392721533,0.3986353678792582
183.69747899159663,1719.0722018585745,0.374701189185505
183.69747899159663,1857.4090746385718,0.3522040252573808
183.69747899159663,2006.8781676649664,0.3310575973274774
183.69747899159663,2168.375310987435,0.31118080682964955
183.69747899159663,2342.8684237322327,0.29249742437828863
183.69747899159663,2531.403315241567,0.27493579742136265
183.69747899159663,2735.109953041208,0.2584285754460522
183.69747899159663,2955.209235202888,0.2429124516831165
183.69747899159663,3193.020307691027,0.22832792031940088
183.69747899159663,3449.9684705497157,0.2146190482873718
183.69747899159663,3727.593720314942,0.20173326075647438
183.69747899159663,4027.5599798502976,0.1896211395036471
183.69747899159663,4351.665070924416,0.17823623338972688
183.69747899159663,4701.851489299852,0.16753488021490445
183.69747899159663,5080.218046913023,0.15747603927002718
183.69747899159663,5489.032450921557,0.1480211339415694
183.69747899159663,5930.744895010559,0.1391339037666428
183.69747899159663,6408.002744415996,0.1307802653706666
183.69747899159663,6923.6664026787275,0.1229281817543777
183.69747899159663,7480.826455225086,0.11554753942888638
183.69747899159663,8082.822192522714,0.1086100329275764
183.69747899159663,8733.261623828437,0.10208905625194327
183.69747899159663,9436.04310147889,0.09595960083505536
183.69747899159663,10195.378685327301,0.09019815963131578
183.69747899159663,11015.819387358995,0.08478263696470315
183.69747899159663,11902.282447787144,0.07969226378974836
183.69747899159663,12860.08080610565,0.07490751804026616
183.69747899159663,13894.954943731389,0.07041004976037094
183.69747899159663,15013.107289081743,0.06618261073064793
183.69747899159663,16221.239391291729,0.062208988319587266
183.69747899159663,17526.592085367585,0.0584739433065979
183.69747899159663,18936.988889503602,0.054963151438144314
183.69747899159663,20460.88289466011,0.051663148492869244
183.69747899159663,22107.407427431233,0.04856127864502181
183.69747899159663,23886.430789846003,0.04564564592815971
183.69747899159663,25808.615404180768,0.04290506861298465
183.69747899159663,27885.481717262915,0.040329036324344494
183.69747899159663,30129.47724726992,0.037907669732943405
183.69747899159663,32554.05118685032,0.035631682667172426
183.69747899159663,35173.7350096938,0.03349234649975658
183.69747899159663,38004.22956365882,0.031481456672637506
183.69747899159663,41062.49917244294,0.02959130123171141
183.69747899159663,44366.873309786155,0.027814631250750274
183.69747899159663,47937.15645558219,0.026144633031079147
183.69747899159663,51794.74679231213,0.024574901970392162
183.69747899159663,55962.76445319552,0.02309941800049268
183.69747899159663,60466.19009070435,0.02171252249975792
183.69747899159663,65332.014595937704,0.02040889659178593
183.69747899159663,70589.40086618738,0.01918354074699775
183.69747899159663,76269.85859023452,0.018031755608964996
183.69747899159663,82407.43309893666,0.01694912397193029
183.69747899159663,89038.90941296735,0.015931493840402104
183.69747899159663,96204.0327106476,0.014974962505856533
183.69747899159663,103945.74653722627,0.014075861579478158
183.69747899159663,112310.45018329516,0.013230742923539412
183.69747899159663,121348.27677491431,0.012436365427463812
183.69747899159663,131113.3937421563,0.01168968257785803
183.69747899159663,141664.3274669022,0.010987830774842756
183.69747899159663,153064.31405563594,0.010328118349874332
183.69747899159663,165381.6783395673,0.009708015242939284
183.69747899159663,178690.24337358287,0.009125143299533182
183.69747899159663,193069.77288832495,0.008577267150211473
183.69747899159663,208606.44934719568,0.008062285637734635
183.69747899159663,225393.39047347888,0.007578223758929975
183.69747899159663,243531.20734334175,0.007123225090366231
183.69747899159663,263128.6073895945,0.006695544668792873
183.69747899159663,284303.0459302665,0.00629354229903969
183.69747899159663,307181.43012686964,0.005915676263712049
183.69747899159663,331900.87959146773,0.0055604974105577945
183.69747899159663,358609.54820118286,0.0052266435948302575
183.69747899159663,387467.51204561285,0.004912834455333335
183.69747899159663,418647.72882899473,0.004617866504114341
183.69747899159663,452337.0744772105,0.004340608510972975
183.69747899159663,488737.4631624427,0.004079997165085774
183.69747899159663,528067.0574582637,0.003835032997107716
183.69747899159663,570561.5758781021,0.0036047765461120857
183.69747899159663,616475.7056337161,0.0033883447566682816
183.69747899159663,666084.6290809154,0.0031849075922401023
183.69747899159663,719685.6730011514,0.002993684851916534
183.69747899159663,777600.0906038043,0.0028139431782669036
183.69747899159663,840174.9869294344,0.002644993244845273
183.69747899159663,907785.3991937558,0.0024861871125578046
183.69747899159663,980836.5445406671,0.0023369157447546145
183.69747899159663,1.0597662486760707e6,0.002196606671516178
183.69747899159663,1.1450475699382813e6,0.0020647217941766366
183.69747899159663,1.2371916345321594e6,0.001940755321664147
183.69747899159663,1.336750699919709e6,0.0018242318307439124
183.69747899159663,1.4443214647272818e6,0.0017147044427247896
183.69747899159663,1.5605486450070748e6,0.001611753109636908
183.69747899159663,1.6861288382868804e6,0.0015149830033076913
183.69747899159663,1.8218146985669748e6,0.001424023001158189
183.69747899159663,1.9684194472866112e6,0.0013385242629126194
183.69747899159663,2.126821747296208e6,0.0012581588927626777
183.69747899159663,2.2979709690469606e6,0.0011826186818558585
183.69747899159663,2.48289288056033e6,0.0011116139262851415
183.69747899159663,2.6826957952797273e6,0.001044872316046906
183.69747899159663,2.898577214651068e6,0.0009821378907061092
183.69747899159663,3.131831005243845e6,0.0009231700577636348
183.69747899159663,3.383855153428233e6,0.0008677426699611313
183.69747899159663,3.6561601440851935e6,0.0008156431579847257
183.69747899159663,3.9503780135666407e6,0.0007666717152414506
183.69747899159663,4.268272131163825e6,0.0007206405315819177
183.69747899159663,4.611747767708261e6,0.000677373073030505
183.69747899159663,4.982863514647306e6,0.000636703404760731
183.69747899159663,5.383843622033489e6,0.0005984755547193866
183.69747899159663,5.817091329374358e6,0.0005625429154588496
183.69747899159663,6.285203269240097e6,0.0005287676818835511
183.69747899159663,6.790985029955707e6,0.0004970203227543035
183.69747899159663,7.337467970651373e6,0.00046717908392365483
183.69747899159663,7.927927389450606e6,0.00043912952139713143
183.69747899159663,8.565902153685499e6,0.0004127640624296155
183.69747899159663,9.255215909791354e6,0.0003879815929736131
183.69747899159663,1.0e7,0.000364687069897251
186.9747899159664,1000.0,0.5539731387895153
186.9747899159664,1080.4718223181285,0.5207124369961322
186.9747899159664,1167.4193588234587,0.4894487170170759
186.9747899159664,1261.3637220374437,0.46006207950712164
186.9747899159664,1362.867959355774,0.43243982391118
186.9747899159664,1472.5404276241222,0.40647601624692803
186.9747899159664,1591.0384392721533,0.38207108283789437
186.9747899159664,1719.0722018585745,0.3591314284389206
186.9747899159664,1857.4090746385718,0.3375690772894775
186.9747899159664,2006.8781676649664,0.3173013357182407
186.9747899159664,2168.375310987435,0.29825047500498036
186.9747899159664,2342.8684237322327,0.2803434332835139
186.9747899159664,2531.403315241567,0.26351153534248584
186.9747899159664,2735.109953041208,0.24769022924938822
186.9747899159664,2955.209235202888,0.23281883878774898
186.9747899159664,3193.020307691027,0.2188403307580604
186.9747899159664,3449.9684705497157,0.2057010962500227
186.9747899159664,3727.593720314942,0.19335074504726585
186.9747899159664,4027.5599798502976,0.1817419123760683
186.9747899159664,4351.665070924416,0.1708300772569356
186.9747899159664,4701.851489299852,0.1605733917624023
186.9747899159664,5080.218046913023,0.1509325205262417
186.9747899159664,5489.032450921557,0.1418704898885894
186.9747899159664,5930.744895010559,0.1333525460984331
186.9747899159664,6408.002744415996,0.12534602202966666
186.9747899159664,6923.6664026787275,0.11782021189954825
186.9747899159664,7480.826455225086,0.1107462535090981
186.9747899159664,8082.822192522714,0.10409701755381462
186.9747899159664,8733.261623828437,0.09784700358020638
186.9747899159664,9436.04310147889,0.0919722421891241
186.9747899159664,10195.378685327301,0.08645020311082942
186.9747899159664,11015.819387358995,0.08125970879926453
186.9747899159664,11902.282447787144,0.07638085321414488
186.9747899159664,12860.08080610565,0.07179492547939763
186.9747899159664,13894.954943731389,0.06748433812516891
186.9747899159664,15013.107289081743,0.06343255963820167
186.9747899159664,16221.239391291729,0.05962405106190615
186.9747899159664,17526.592085367585,0.056044206402981245
186.9747899159664,18936.988889503602,0.05267929661603824
186.9747899159664,20460.88289466011,0.049516416951403526
186.9747899159664,22107.407427431233,0.04654343746417388
186.9747899159664,23886.430789846003,0.04374895649472186
186.9747899159664,25808.615404180768,0.041122256942244986
186.9747899159664,27885.481717262915,0.0386532651636624
186.9747899159664,30129.47724726992,0.03633251234023423
186.9747899159664,32554.05118685032,0.03415109816373911
186.9747899159664,35173.7350096938,0.032100656702944264
186.9747899159664,38004.22956365882,0.0301733243194619
186.9747899159664,41062.49917244294,0.028361709509946795
186.9747899159664,44366.873309786155,0.026658864558976446
186.9747899159664,47937.15645558219,0.02505825889390068
186.9747899159664,51794.74679231213,0.023553754039472897
186.9747899159664,55962.76445319552,0.022139580076212802
186.9747899159664,60466.19009070435,0.020810313512215312
186.9747899159664,65332.014595937704,0.019560856483542312
186.9747899159664,70589.40086618738,0.01838641720342864
186.9747899159664,76269.85859023452,0.01728249158532328
186.9747899159664,82407.43309893666,0.016244845969288275
186.9747899159664,89038.90941296735,0.015269500885509346
186.9747899159664,96204.0327106476,0.014352715792650003
186.9747899159664,103945.74653722627,0.013490974732519114
186.9747899159664,112310.45018329516,0.012680972846036169
186.9747899159664,121348.27677491431,0.011919603698781802
186.9747899159664,131113.3937421563,0.01120394736752578
186.9747899159664,141664.3274669022,0.010531259242043157
186.9747899159664,153064.31405563594,0.009898959499272603
186.9747899159664,165381.6783395673,0.009304623209449024
186.9747899159664,178690.24337358287,0.008745971036266918
186.9747899159664,193069.77288832495,0.008220860495408423
186.9747899159664,208606.44934719568,0.007727277737911808
186.9747899159664,225393.39047347888,0.0072633298268688
186.9747899159664,243531.20734334175,0.006827237477831164
186.9747899159664,263128.6073895945,0.006417328235085311
186.9747899159664,284303.0459302665,0.00603203005762525
186.9747899159664,307181.43012686964,0.005669865290225532
186.9747899159664,331900.87959146773,0.005329444996492662
186.9747899159664,358609.54820118286,0.005009463632161692
186.9747899159664,387467.51204561285,0.004708694038209527
186.9747899159664,418647.72882899473,0.004425982734583171
186.9747899159664,452337.0744772105,0.00416024549649378
186.9747899159664,488737.4631624427,0.0039104631963113165
186.9747899159664,528067.0574582637,0.003675677895112932
186.9747899159664,570561.5758781021,0.00345498916889595
186.9747899159664,616475.7056337161,0.0032475506553660024
186.9747899159664,666084.6290809154,0.00305256680805698
186.9747899159664,719685.6730011514,0.0028692898453345325
186.9747899159664,777600.0906038043,0.0026970168825822417
186.9747899159664,840174.9869294344,0.002535087236572145
186.9747899159664,907785.3991937558,0.002382879891681592
186.9747899159664,980836.5445406671,0.0022398111182391593
186.9747899159664,1.0597662486760707e6,0.002105332233865738
186.9747899159664,1.1450475699382813e6,0.0019789274992253244
186.9747899159664,1.2371916345321594e6,0.0018601121401155252
186.9747899159664,1.336750699919709e6,0.001748430488312291
186.9747899159664,1.4443214647272818e6,0.0016434542340388679
186.9747899159664,1.5605486450070748e6,0.0015447807833569762
186.9747899159664,1.6861288382868804e6,0.0014520317141807047
186.9747899159664,1.8218146985669748e6,0.0013648513249917458
186.9747899159664,1.9684194472866112e6,0.0012829052706901797
186.9747899159664,2.126821747296208e6,0.00120587928034916
186.9747899159664,2.2979709690469606e6,0.0011334779519559576
186.9747899159664,2.48289288056033e6,0.0010654236195170932
186.9747899159664,2.6826957952797273e6,0.0010014552881828021
186.9747899159664,2.898577214651068e6,0.000941327633306903
186.9747899159664,3.131831005243845e6,0.0008848100596034093
186.9747899159664,3.383855153428233e6,0.0008316858167916359
186.9747899159664,3.6561601440851935e6,0.0007817511683382144
186.9747899159664,3.9503780135666407e6,0.0007348146101080764
186.9747899159664,4.268272131163825e6,0.0006906961359278464
186.9747899159664,4.611747767708261e6,0.0006492265472450151
186.9747899159664,4.982863514647306e6,0.0006102468042353659
186.9747899159664,5.383843622033489e6,0.0005736074158700942
186.9747899159664,5.817091329374358e6,0.0005391678666034691
186.9747899159664,6.285203269240097e6,0.000506796077482325
186.9747899159664,6.790985029955707e6,0.00047636789961068895
186.9747899159664,7.337467970651373e6,0.00044776663802693645
186.9747899159664,7.927927389450606e6,0.0004208826041674918
186.9747899159664,8.565902153685499e6,0.00039561269520073893
186.9747899159664,9.255215909791354e6,0.00037185999861783127
186.9747899159664,1.0e7,0.0003495334205639899
190.25210084033614,1000.0,0.5313458950602926
190.25210084033614,1080.4718223181285,0.49944373929267594
190.25210084033614,1167.4193588234587,0.4694569978570089
190.25210084033614,1261.3637220374437,0.4412706687424636
190.25210084033614,1362.867959355774,0.41477665469102354
190.25210084033614,1472.5404276241222,0.38987334863419865
190.25210084033614,1591.0384392721533,0.36646524402023667
190.25210084033614,1719.0722018585745,0.34446256853739576
190.25210084033614,1857.4090746385718,0.3237809398285743
190.25210084033614,2006.8781676649664,0.3043410418769314
190.25210084033614,2168.375310987435,0.286068320821403
190.25210084033614,2342.8684237322327,0.2688926990355428
190.25210084033614,2531.403315241567,0.2527483063731447
190.25210084033614,2735.109953041208,0.23757322754995666
190.25210084033614,2955.209235202888,0.2233092646926653
190.25210084033614,3193.020307691027,0.2099017141445069
190.25210084033614,3449.9684705497157,0.19729915667152975
190.25210084033614,3727.593720314942,0.18545326026493303
190.25210084033614,4027.5599798502976,0.17431859478320777
190.25210084033614,4351.665070924416,0.1638524577232143
190.25210084033614,4701.851489299852,0.15401471045201415
190.25210084033614,5080.218046913023,0.14476762427138776
190.25210084033614,5489.032450921557,0.1360757357246821
190.25210084033614,5930.744895010559,0.12790571059107442
190.25210084033614,6408.002744415996,0.12022621604565943
190.25210084033614,6923.6664026787275,0.11300780049507995
190.25210084033614,7480.826455225086,0.10622278062786013
190.25210084033614,8082.822192522714,0.09984513524626767
190.25210084033614,8733.261623828437,0.09385040547254131
190.25210084033614,9436.04310147889,0.08821560094676392
190.25210084033614,10195.378685327301,0.08291911165664105
190.25210084033614,11015.819387358995,0.07794062506104514
190.25210084033614,11902.282447787144,0.07326104818948447
190.25210084033614,12860.08080610565,0.06886243441874175
190.25210084033614,13894.954943731389,0.06472791464586433
190.25210084033614,15013.107289081743,0.06084163259354687
190.25210084033614,16221.239391291729,0.057188683999796694
190.25210084033614,17526.592085367585,0.05375505945866892
190.25210084033614,18936.988889503602,0.05052759069285984
190.25210084033614,20460.88289466011,0.04749390005210864
190.25210084033614,22107.407427431233,0.04464235304372899
190.25210084033614,23886.430789846003,0.0419620137132211
190.25210084033614,25808.615404180768,0.03944260270384435
190.25210084033614,27885.481717262915,0.037074457834304186
190.25210084033614,30129.47724726992,0.03484849704336648
190.25210084033614,32554.05118685032,0.03275618355928724
190.25210084033614,35173.7350096938,0.030789493160479416
190.25210084033614,38004.22956365882,0.02894088340185858
190.25210084033614,41062.49917244294,0.027203264688847224
190.25210084033614,44366.873309786155,0.02556997308810408
190.25210084033614,47937.15645558219,0.024034744770704733
190.25210084033614,51794.74679231213,0.02259169198976073
190.25210084033614,55962.76445319552,0.021235280500349334
190.25210084033614,60466.19009070435,0.01996030833515682
190.25210084033614,65332.014595937704,0.01876188585443816
190.25210084033614,70589.40086618738,0.017635416993782693
190.25210084033614,76269.85859023452,0.01657658163776906
190.25210084033614,82407.43309893666,0.015581319051911098
190.25210084033614,89038.90941296735,0.014645812309353879
190.25210084033614,96204.0327106476,0.013766473652595715
190.25210084033614,103945.74653722627,0.012939930734096144
190.25210084033614,112310.45018329516,0.012163013683001843
190.25210084033614,121348.27677491431,0.011432742948389793
190.25210084033614,131113.3937421563,0.010746317872405596
190.25210084033614,141664.3274669022,0.010101105949473714
190.25210084033614,153064.31405563594,0.00949463273038778
190.25210084033614,165381.6783395673,0.008924572332562048
190.25210084033614,178690.24337358287,0.008388738520050048
190.25210084033614,193069.77288832495,0.007885076319121453
190.25210084033614,208606.44934719568,0.007411654137241953
190.25210084033614,225393.39047347888,0.00696665635523187
190.25210084033614,243531.20734334175,0.0065483763641935476
190.25210084033614,263128.6073895945,0.006155210020503665
190.25210084033614,284303.0459302665,0.005785649493769529
190.25210084033614,307181.43012686964,0.005438277484155859
190.25210084033614,331900.87959146773,0.005111761786904868
190.25210084033614,358609.54820118286,0.004804850183204074
190.25210084033614,387467.51204561285,0.004516365637807812
190.25210084033614,418647.72882899473,0.004245201784994933
190.25210084033614,452337.0744772105,0.003990318685550816
190.25210084033614,488737.4631624427,0.0037507388385014115
190.25210084033614,528067.0574582637,0.0035255434323038276
190.25210084033614,570561.5758781021,0.0033138688211165287
190.25210084033614,616475.7056337161,0.003114903212635238
190.25210084033614,666084.6290809154,0.002927883554792087
190.25210084033614,719685.6730011514,0.0027520926093782304
190.25210084033614,777600.0906038043,0.0025868562013669663
190.25210084033614,840174.9869294344,0.002431540633388277
190.25210084033614,907785.3991937558,0.0022855502554390127
190.25210084033614,980836.5445406671,0.002148325180508383
190.25210084033614,1.0597662486760707e6,0.0020193391373579134
190.25210084033614,1.1450475699382813e6,0.0018980974522211029
190.25210084033614,1.2371916345321594e6,0.001784135151682387
190.25210084033614,1.336750699919709e6,0.0016770151794597828
190.25210084033614,1.4443214647272818e6,0.0015763267202524092
190.25210084033614,1.5605486450070748e6,0.0014816836242246467
190.25210084033614,1.6861288382868804e6,0.0013927229260847324
190.25210084033614,1.8218146985669748e6,0.0013091034530782755
190.25210084033614,1.9684194472866112e6,0.0012305045165582349
190.25210084033614,2.126821747296208e6,0.0011566246821134007
190.25210084033614,2.2979709690469606e6,0.0010871806135387017
190.25210084033614,2.48289288056033e6,0.0010219059862138587
190.25210084033614,2.6826957952797273e6,0.000960550465723096
190.25210084033614,2.898577214651068e6,0.0009028787477987902
190.25210084033614,3.131831005243845e6,0.0008486696559071907
190.25210084033614,3.383855153428233e6,0.0007977152930153334
190.25210084033614,3.6561601440851935e6,0.0007498202442861108
190.25210084033614,3.9503780135666407e6,0.0007048008276437489
190.25210084033614,4.268272131163825e6,0.0006624843893355446
190.25210084033614,4.611747767708261e6,0.0006227086417882735
190.25210084033614,4.982863514647306e6,0.0005853210412198787
190.25210084033614,5.383843622033489e6,0.0005501782026195328
190.25210084033614,5.817091329374358e6,0.0005171453498524591
190.25210084033614,6.285203269240097e6,0.00048609579878061026
190.25210084033614,6.790985029955707e6,0.00045691047141692865
190.25210084033614,7.337467970651373e6,0.00042947743924991785
190.25210084033614,7.927927389450606e6,0.0004036914939871364
190.25210084033614,8.565902153685499e6,0.000379453744071372
190.25210084033614,9.255215909791354e6,0.0003566712354220924
190.25210084033614,1.0e7,0.00033525659494769346
193.52941176470588,1000.0,0.5100060085417959
193.52941176470588,1080.4718223181285,0.4793851055138832
193.52941176470588,1167.4193588234587,0.45060269004600023
193.52941176470588,1261.3637220374437,0.42354837883216556
193.52941176470588,1362.867959355774,0.39811841601088155
193.52941176470588,1472.5404276241222,0.3742152752515183
193.52941176470588,1591.0384392721533,0.3517472857315448
193.52941176470588,1719.0722018585745,0.33062828057018795
193.52941176470588,1857.4090746385718,0.3107772663702333
193.52941176470588,2006.8781676649664,0.2921181126006306
193.52941176470588,2168.375310987435,0.2745792596286505
193.52941176470588,2342.8684237322327,0.2580934442818769
193.52941176470588,2531.403315241567,0.2425974418875292
193.52941176470588,2735.109953041208,0.2280318237998181
193.52941176470588,2955.209235202888,0.21434072948542582
193.52941176470588,3193.020307691027,0.20147165229303926
193.52941176470588,3449.9684705497157,0.18937523808533693
193.52941176470588,3727.593720314942,0.17800509596117042
193.52941176470588,4027.5599798502976,0.16731762034203823
193.52941176470588,4351.665070924416,0.15727182374053642
193.52941176470588,4701.851489299852,0.14782917956943872
193.52941176470588,5080.218046913023,0.13895347438856384
193.52941176470588,5489.032450921557,0.13061066902278137
193.52941176470588,5930.744895010559,0.12276876801853141
193.52941176470588,6408.002744415996,0.11539769693821157
193.52941176470588,6923.6664026787275,0.10846918702184277
193.52941176470588,7480.826455225086,0.10195666677368143
193.52941176470588,8082.822192522714,0.09583516005800072
193.52941176470588,8733.261623828437,0.09008119031323035
193.52941176470588,9436.04310147889,0.08467269051710617
193.52941176470588,10195.378685327301,0.07958891855753661
193.52941176470588,11015.819387358995,0.07481037768462635
193.52941176470588,11902.282447787144,0.07031874173878287
193.52941176470588,12860.08080610565,0.06609678486814798
193.52941176470588,13894.954943731389,0.062128315465814314
193.52941176470588,15013.107289081743,0.05839811407347057
193.52941176470588,16221.239391291729,0.054891875013327825
193.52941176470588,17526.592085367585,0.051596151524482554
193.52941176470588,18936.988889503602,0.04849830419330702
193.52941176470588,20460.88289466011,0.045586452480093805
193.52941176470588,22107.407427431233,0.04284942915605364
193.52941176470588,23886.430789846003,0.04027673747592915
193.52941176470588,25808.615404180768,0.03785851092197658
193.52941176470588,27885.481717262915,0.035585475364929765
193.52941176470588,30129.47724726992,0.033448913496830913
193.52941176470588,32554.05118685032,0.031440631399323876
193.52941176470588,35173.7350096938,0.029552927119196458
193.52941176470588,38004.22956365882,0.0277785611306559
193.52941176470588,41062.49917244294,0.02611072857105761
193.52941176470588,44366.873309786155,0.02454303314360853
193.52941176470588,47937.15645558219,0.023069462586959504
193.52941176470588,51794.74679231213,0.021684365617609842
193.52941176470588,55962.76445319552,0.020382430256696886
193.52941176470588,60466.19009070435,0.019158663458050704
193.52941176470588,65332.014595937704,0.018008371959386312
193.52941176470588,70589.40086618738,0.01692714428319558
193.52941176470588,76269.85859023452,0.015910833818310623
193.52941176470588,82407.43309893666,0.014955542917254896
193.52941176470588,89038.90941296735,0.014057607948393594
193.52941176470588,96204.0327106476,0.01321358524555734
193.52941176470588,103945.74653722627,0.012420237901254209
193.52941176470588,112310.45018329516,0.01167452335282111
193.52941176470588,121348.27677491431,0.010973581713906002
193.52941176470588,131113.3937421563,0.010314724806531238
193.52941176470588,141664.3274669022,0.00969542585167486
193.52941176470588,153064.31405563594,0.009113309778832306
193.52941176470588,165381.6783395673,0.008566144117394644
193.52941176470588,178690.24337358287,0.008051830434911091
193.52941176470588,193069.77288832495,0.007568396289400618
193.52941176470588,208606.44934719568,0.007113987664848971
193.52941176470588,225393.39047347888,0.006686861860880612
193.52941176470588,243531.20734334175,0.006285380809336686
193.52941176470588,263128.6073895945,0.005908004792127607
193.52941176470588,284303.0459302665,0.005553286536267377
193.52941176470588,307181.43012686964,0.005219865663443831
193.52941176470588,331900.87959146773,0.004906463472838175
193.52941176470588,358609.54820118286,0.004611878037185486
193.52941176470588,387467.51204561285,0.004334979593269124
193.52941176470588,418647.72882899473,0.004074706209171145
193.52941176470588,452337.0744772105,0.0038300597116622
193.52941176470588,488737.4631624427,0.003600101858112103
193.52941176470588,528067.0574582637,0.0033839507382399034
193.52941176470588,570561.5758781021,0.0031807773919039516
193.52941176470588,616475.7056337161,0.0029898026299607573
193.52941176470588,666084.6290809154,0.002810294046000369
193.52941176470588,719685.6730011514,0.00264156320749801
193.52941176470588,777600.0906038043,0.002482963015609737
193.52941176470588,840174.9869294344,0.0023338852234867265
193.52941176470588,907785.3991937558,0.00219375810359063
193.52941176470588,980836.5445406671,0.002062044255063997
193.52941176470588,1.0597662486760707e6,0.0019382385427467769
193.52941176470588,1.1450475699382813e6,0.0018218661599348428
193.52941176470588,1.2371916345321594e6,0.0017124808074510422
193.52941176470588,1.336750699919709e6,0.0016096629820453155
193.52941176470588,1.4443214647272818e6,0.0015130183675597759
193.52941176470588,1.5605486450070748e6,0.001422176322688647
193.52941176470588,1.6861288382868804e6,0.001336788459533553
193.52941176470588,1.8218146985669748e6,0.0012565273075027222
193.52941176470588,1.9684194472866112e6,0.0011810850574300702
193.52941176470588,2.126821747296208e6,0.0011101723810977104
193.52941176470588,2.2979709690469606e6,0.001043517321634672
193.52941176470588,2.48289288056033e6,0.0009808642505363832
193.52941176470588,2.6826957952797273e6,0.0009219728873050037
193.52941176470588,2.898577214651068e6,0.0008666173779508081
193.52941176470588,3.131831005243845e6,0.0008145854288206225
193.52941176470588,3.383855153428233e6,0.0007656774924314319
193.52941176470588,3.6561601440851935e6,0.0007197060021867692
193.52941176470588,3.9503780135666407e6,0.0006764946530409448
193.52941176470588,4.268272131163825e6,0.0006358777253523934
193.52941176470588,4.611747767708261e6,0.0005976994493330632
193.52941176470588,4.982863514647306e6,0.0005618134076564292
193.52941176470588,5.383843622033489e6,0.0005280819739330969
193.52941176470588,5.817091329374358e6,0.0004963757849004847
193.52941176470588,6.285203269240097e6,0.0004665732443023846
193.52941176470588,6.790985029955707e6,0.00043856005655573227
193.52941176470588,7.337467970651373e6,0.00041222878841615614
193.52941176470588,7.927927389450606e6,0.00038747845696124545
193.52941176470588,8.565902153685499e6,0.0003642141423114245
193.52941176470588,9.255215909791354e6,0.00034234662360316465
193.52941176470588,1.0e7,0.00032179203681847427
196.80672268907563,1000.0,0.48986025702954633
196.80672268907563,1080.4718223181285,0.4604489105424376
196.80672268907563,1167.4193588234587,0.4328034295032217
196.80672268907563,1261.3637220374437,0.4068177908577896
196.80672268907563,1362.867959355774,0.38239233720577614
196.80672268907563,1472.5404276241222,0.3594333946049352
196.80672268907563,1591.0384392721533,0.3378529133226455
196.80672268907563,1719.0722018585745,0.3175681301567963
196.80672268907563,1857.4090746385718,0.2985012510310183
196.80672268907563,2006.8781676649664,0.28057915264699035
196.80672268907563,2168.375310987435,0.2637331020496208
196.80672268907563,2342.8684237322327,0.247898493029617
196.80672268907563,2531.403315241567,0.23301459835251417
196.80672268907563,2735.109953041208,0.21902433686394654
196.80672268907563,2955.209235202888,0.20587405457797947
196.80672268907563,3193.020307691027,0.19351331890896248
196.80672268907563,3449.9684705497157,0.18189472525775582
196.80672268907563,3727.593720314942,0.17097371521057683
196.80672268907563,4027.5599798502976,0.1607084056532365
196.80672268907563,4351.665070924416,0.15105942814540588
196.80672268907563,4701.851489299852,0.14198977793889586
196.80672268907563,5080.218046913023,0.1334646720609216
196.80672268907563,5489.032450921557,0.1254514159180878
196.80672268907563,5930.744895010559,0.1179192779095072
196.80672268907563,6408.002744415996,0.11083937156818295
196.80672268907563,6923.6664026787275,0.10418454477865498
196.80672268907563,7480.826455225086,0.09792927564605028
196.80672268907563,8082.822192522714,0.09204957461718344
196.80672268907563,8733.261623828437,0.08652289247833478
196.80672268907563,9436.04310147889,0.08132803387686693
196.80672268907563,10195.378685327301,0.07644507603502756
196.80672268907563,11015.819387358995,0.07185529234419843
196.80672268907563,11902.282447787144,0.06754108054656677
196.80672268907563,12860.08080610565,0.06348589522878954
196.80672268907563,13894.954943731389,0.05967418436875612
196.80672268907563,15013.107289081743,0.05609132969210239
196.80672268907563,16221.239391291729,0.05272359060973469
196.80672268907563,17526.592085367585,0.049558051521361855
196.80672268907563,18936.988889503602,0.04658257228293722
196.80672268907563,20460.88289466011,0.04378574164804939
196.80672268907563,22107.407427431233,0.04115683350470486
196.80672268907563,23886.430789846003,0.0386857657396664
196.80672268907563,25808.615404180768,0.036363061572588326
196.80672268907563,27885.481717262915,0.03417981321166044
196.80672268907563,30129.47724726992,0.03212764769137783
196.80672268907563,32554.05118685032,0.03019869476142033
196.80672268907563,35173.7350096938,0.028385556703492493
196.80672268907563,38004.22956365882,0.026681279960369116
196.80672268907563,41062.49917244294,0.025079328468340555
196.80672268907563,44366.873309786155,0.02357355859078564
196.80672268907563,47937.15645558219,0.022158195556739917
196.80672268907563,51794.74679231213,0.02082781131409847
196.80672268907563,55962.76445319552,0.019577303712519083
196.80672268907563,60466.19009070435,0.01840187693618941
196.80672268907563,65332.014595937704,0.017297023111416353
196.80672268907563,70589.40086618738,0.0162585050185009
196.80672268907563,76269.85859023452,0.015282339841596783
196.80672268907563,82407.43309893666,0.014364783894232305
196.80672268907563,89038.90941296735,0.013502318261915806
196.80672268907563,96204.0327106476,0.012691635306763416
196.80672268907563,103945.74653722627,0.011929625982392502
196.80672268907563,112310.45018329516,0.011213367910432601
196.80672268907563,121348.27677491431,0.010540114172925847
196.80672268907563,131113.3937421563,0.009907282777634857
196.80672268907563,141664.3274669022,0.00931244675585647
196.80672268907563,153064.31405563594,0.008753324854765541
196.80672268907563,165381.6783395673,0.008227772788592918
196.80672268907563,178690.24337358287,0.007733775015085205
196.80672268907563,193069.77288832495,0.0072694370057081745
196.80672268907563,208606.44934719568,0.006832977979949326
196.80672268907563,225393.39047347888,0.006422724075854887
196.80672268907563,243531.20734334175,0.006037101930609748
196.80672268907563,263128.6073895945,0.00567463264654115
196.80672268907563,284303.0459302665,0.005333926119405158
196.80672268907563,307181.43012686964,0.005013675707204431
196.80672268907563,331900.87959146773,0.004712653219091671
196.80672268907563,358609.54820118286,0.0044297042051406705
196.80672268907563,387467.51204561285,0.004163743528920842
196.80672268907563,418647.72882899473,0.003913751205895619
196.80672268907563,452337.0744772105,0.0036787684916845405
196.80672268907563,488737.4631624427,0.0034578942051872235
196.80672268907563,528067.0574582637,0.003250281272467936
196.80672268907563,570561.5758781021,0.0030551334781463613
196.80672268907563,616475.7056337161,0.0028717024118357307
196.80672268907563,666084.6290809154,0.0026992845979176847
196.80672268907563,719685.6730011514,0.0025372187976462294
196.80672268907563,777600.0906038043,0.0023848834732341493
196.80672268907563,840174.9869294344,0.0022416944041963667
196.80672268907563,907785.3991937558,0.002107102446808698
196.80672268907563,980836.5445406671,0.0019805914280893585
196.80672268907563,1.0597662486760707e6,0.0018616761662263808
196.80672268907563,1.1450475699382813e6,0.00174990060985914
196.80672268907563,1.2371916345321594e6,0.0016448360890779288
196.80672268907563,1.336750699919709e6,0.0015460796714339973
196.80672268907563,1.4443214647272818e6,0.0014532526166552329
196.80672268907563,1.5605486450070748e6,0.0013659989241411113
196.80672268907563,1.6861288382868804e6,0.0012839839676664754
196.80672268907563,1.8218146985669748e6,0.0012068932120580776
196.80672268907563,1.9684194472866112e6,0.0011344310069222176
196.80672268907563,2.126821747296208e6,0.0010663194527973099
196.80672268907563,2.2979709690469606e6,0.001002297335382966
196.80672268907563,2.48289288056033e6,0.0009421191237582638
196.80672268907563,2.6826957952797273e6,0.0008855540287472703
196.80672268907563,2.898577214651068e6,0.0008323851178205562
196.80672268907563,3.131831005243845e6,0.0007824084831382762
196.80672268907563,3.383855153428233e6,0.0007354324595441735
196.80672268907563,3.6561601440851935e6,0.0006912768895114411
196.80672268907563,3.9503780135666407e6,0.0006497724322214393
196.80672268907563,4.268272131163825e6,0.0006107599141255205
196.80672268907563,4.611747767708261e6,0.0005740897184993027
196.80672268907563,4.982863514647306e6,0.0005396212116482736
196.80672268907563,5.383843622033489e6,0.0005072222035641707
196.80672268907563,5.817091329374358e6,0.00047676844096370525
196.80672268907563,6.285203269240097e6,0.00044814313076537956
196.80672268907563,6.790985029955707e6,0.0004212364921768905
196.80672268907563,7.337467970651373e6,0.0003959453356753302
196.80672268907563,7.927927389450606e6,0.00037217266726553155
196.80672268907563,8.565902153685499e6,0.00034982731649885803
196.80672268907563,9.255215909791354e6,0.0003288235868258406
196.80672268907563,1.0e7,0.00030908092694174736
200.08403361344537,1000.0,0.47082356870539793
200.08403361344537,1080.4718223181285,0.442555190295887
200.08403361344537,1167.4193588234587,0.415984053212039
200.08403361344537,1261.3637220374437,0.3910082546111876
200.08403361344537,1362.867959355774,0.36753200992576573
200.08403361344537,1472.5404276241222,0.34546528552036376
200.08403361344537,1591.0384392721533,0.32472345340415937
200.08403361344537,1719.0722018585745,0.3052269666745077
200.08403361344537,1857.4090746385718,0.28690105444698893
200.08403361344537,2006.8781676649664,0.26967543510194314
200.08403361344537,2168.375310987435,0.25348404674776026
200.08403361344537,2342.8684237322327,0.23826479386723257
200.08403361344537,2531.403315241567,0.22395930917532778
200.08403361344537,2735.109953041208,0.21051272977508906
200.08403361344537,2955.209235202888,0.1978734867531981
200.08403361344537,3193.020307691027,0.18599310740827885
200.08403361344537,3449.9684705497157,0.17482602935346736
200.08403361344537,3727.593720314942,0.1643294257803176
200.08403361344537,4027.5599798502976,0.15446304121391036
200.08403361344537,4351.665070924416,0.14518903712927017
200.08403361344537,4701.851489299852,0.13647184683701682
200.08403361344537,5080.218046913023,0.12827803908172236
200.08403361344537,5489.032450921557,0.12057618982986137
200.08403361344537,5930.744895010559,0.11333676175564716
200.08403361344537,6408.002744415996,0.10653199096257343
200.08403361344537,6923.6664026787275,0.10013578050622514
200.08403361344537,7480.826455225086,0.09412360031001042
200.08403361344537,8082.822192522714,0.08847239308997892
200.08403361344537,8733.261623828437,0.08316048592794069
200.08403361344537,9436.04310147889,0.07816750715376045
200.08403361344537,10195.378685327301,0.0734743082180604
200.08403361344537,11015.819387358995,0.0690628902557094
200.08403361344537,11902.282447787144,0.06491633505845987
200.08403361344537,12860.08080610565,0.061018740192007044
200.08403361344537,13894.954943731389,0.05735515800863796
200.08403361344537,15013.107289081743,0.05391153832157854
200.08403361344537,16221.239391291729,0.05067467452118787
200.08403361344537,17526.592085367585,0.04763215292635224
200.08403361344537,18936.988889503602,0.04477230517683495
200.08403361344537,20460.88289466011,0.04208416348400306
200.08403361344537,22107.407427431233,0.03955741856831275
200.08403361344537,23886.430789846003,0.03718238012223995
200.08403361344537,25808.615404180768,0.034949939647027785
200.08403361344537,27885.481717262915,0.03285153552072553
200.08403361344537,30129.47724726992,0.030879120163552848
200.08403361344537,32554.05118685032,0.029025129174664484
200.08403361344537,35173.7350096938,0.027282452321952044
200.08403361344537,38004.22956365882,0.025644406273626543
200.08403361344537,41062.49917244294,0.024104708967003986
200.08403361344537,44366.873309786155,0.022657455516196422
200.08403361344537,47937.15645558219,0.02129709556631194
200.08403361344537,51794.74679231213,0.020018412007314638
200.08403361344537,55962.76445319552,0.01881650096591059
200.08403361344537,60466.19009070435,0.017686752998726487
200.08403361344537,65332.014595937704,0.016624835414654978
200.08403361344537,70589.40086618738,0.01562667565857155
200.08403361344537,76269.85859023452,0.014688445692697406
200.08403361344537,82407.43309893666,0.01380654731570997
200.08403361344537,89038.90941296735,0.012977598363297774
200.08403361344537,96204.0327106476,0.012198419737238165
200.08403361344537,103945.74653722627,0.011466023213252628
200.08403361344537,112310.45018329516,0.010777599980881956
200.08403361344537,121348.27677491431,0.010130509871430477
200.08403361344537,131113.3937421563,0.009522271232667528
200.08403361344537,141664.3274669022,0.00895055141145466
200.08403361344537,153064.31405563594,0.008413157807798636
200.08403361344537,165381.6783395673,0.007908029466021425
200.08403361344537,178690.24337358287,0.007433229170798872
200.08403361344537,193069.77288832495,0.006986936017755298
200.08403361344537,208606.44934719568,0.006567438430121711
200.08403361344537,225393.39047347888,0.006173127594675813
200.08403361344537,243531.20734334175,0.00580249129178995
200.08403361344537,263128.6073895945,0.005454108095924823
200.08403361344537,284303.0459302665,0.005126641924327
200.08403361344537,307181.43012686964,0.0048188369130243046
200.08403361344537,331900.87959146773,0.004529512600467794
200.08403361344537,358609.54820118286,0.004257559400349237
200.08403361344537,387467.51204561285,0.0040019343462318795
200.08403361344537,418647.72882899473,0.003761657091674794
200.08403361344537,452337.0744772105,0.0035358061505108384
200.08403361344537,488737.4631624427,0.003323515362859426
200.08403361344537,528067.0574582637,0.00312397057332082
200.08403361344537,570561.5758781021,0.0029364065086126072
200.08403361344537,616475.7056337161,0.002760103842673742
200.08403361344537,666084.6290809154,0.0025943864379805457
200.08403361344537,719685.6730011514,0.0024386187524948868
200.08403361344537,777600.0906038043,0.002292203402299893
200.08403361344537,840174.9869294344,0.0021545788705757247
200.08403361344537,907785.3991937558,0.0020252173541290357
200.08403361344537,980836.5445406671,0.0019036227392174568
200.08403361344537,1.0597662486760707e6,0.0017893286989061048
200.08403361344537,1.1450475699382813e6,0.00168189690465936
200.08403361344537,1.2371916345321594e6,0.0015809153453091628
200.08403361344537,1.336750699919709e6,0.0014859967469529132
200.08403361344537,1.4443214647272818e6,0.0013967770877211726
200.08403361344537,1.5605486450070748e6,0.001312914201719084
200.08403361344537,1.6861288382868804e6,0.0012340864667875753
200.08403361344537,1.8218146985669748e6,0.001159991571051724
200.08403361344537,1.9684194472866112e6,0.0010903453535259155
200.08403361344537,2.126821747296208e6,0.001024880714329383
200.08403361344537,2.2979709690469606e6,0.0009633465903327118
200.08403361344537,2.48289288056033e6,0.0009055069923068156
200.08403361344537,2.6826957952797273e6,0.0008511400998817592
200.08403361344537,2.898577214651068e6,0.0008000374108444957
200.08403361344537,3.131831005243845e6,0.0007520029415130149
200.08403361344537,3.383855153428233e6,0.0007068524751202483
200.08403361344537,3.6561601440851935e6,0.0006644128553252132
200.08403361344537,3.9503780135666407e6,0.0006245213221419433
200.08403361344537,4.268272131163825e6,0.0005870248877394342
200.08403361344537,4.611747767708261e6,0.0005517797497187366
200.08403361344537,4.982863514647306e6,0.0005186507396170471
200.08403361344537,5.383843622033489e6,0.00048751080452377787
200.08403361344537,5.817091329374358e6,0.00045824051982053585
200.08403361344537,6.285203269240097e6,0.0004307276311763326
200.08403361344537,6.790985029955707e6,0.000404866624041527
200.08403361344537,7.337467970651373e6,0.00038055831898947353
200.08403361344537,7.927927389450606e6,0.00035770949135397026
200.08403361344537,8.565902153685499e6,0.000336232513703782
200.08403361344537,9.255215909791354e6,0.00031604501978308786
200.08403361344537,1.0e7,0.00029706958862904564
203.3613445378151,1000.0,0.4528181910721768
203.3613445378151,1080.4718223181285,0.425630860558678
203.3613445378151,1167.4193588234587,0.40007586495358916
203.3613445378151,1261.3637220374437,0.37605519841364116
203.3613445378151,1362.867959355774,0.35347673939373564
203.3613445378151,1472.5404276241222,0.33225389735203936
203.3613445378151,1591.0384392721533,0.31230528066700824
203.3613445378151,1719.0722018585745,0.2935543844927609
203.3613445378151,1857.4090746385718,0.2759292973557042
203.3613445378151,2006.8781676649664,0.2593624253671821
203.3613445378151,2168.375310987435,0.24379023299446798
203.3613445378151,2342.8684237322327,0.22915299939594638
203.3613445378151,2531.403315241567,0.21539458938599126
203.3613445378151,2735.109953041208,0.20246223815118225
203.3613445378151,2955.209235202888,0.19030634889221557
203.3613445378151,3193.020307691027,0.17888030261545465
203.3613445378151,3449.9684705497157,0.16814027934464518
203.3613445378151,3727.593720314942,0.15804509006713163
203.3613445378151,4027.5599798502976,0.14855601877006902
203.3613445378151,4351.665070924416,0.13963667396082388
203.3613445378151,4701.851489299852,0.1312528491021325
203.3613445378151,5080.218046913023,0.1233723914267709
203.3613445378151,5489.032450921557,0.11596507862862908
203.3613445378151,5930.744895010559,0.10900250295728671
203.3613445378151,6408.002744415996,0.10245796227158352
203.3613445378151,6923.6664026787275,0.09630635763436354
203.3613445378151,7480.826455225086,0.09052409705565968
203.3613445378151,8082.822192522714,0.0850890050151635
203.3613445378151,8733.261623828437,0.07998023741699233
203.3613445378151,9436.04310147889,0.07517820165059513
203.3613445378151,10195.378685327301,0.07066448145122399
203.3613445378151,11015.819387358995,0.06642176627180402
203.3613445378151,11902.282447787144,0.062433784895335714
203.3613445378151,12860.08080610565,0.05868524303322747
203.3613445378151,13894.954943731389,0.055161764670241226
203.3613445378151,15013.107289081743,0.05184983693110444
203.3613445378151,16221.239391291729,0.04873675825734538
203.3613445378151,17526.592085367585,0.04581058969560634
203.3613445378151,18936.988889503602,0.04306010911061984
203.3613445378151,20460.88289466011,0.040474768147250435
203.3613445378151,22107.407427431233,0.038044651776547624
203.3613445378151,23886.430789846003,0.03576044027066507
203.3613445378151,25808.615404180768,0.033613373460816366
203.3613445378151,27885.481717262915,0.031595217141192664
203.3613445378151,30129.47724726992,0.029698231489999047
203.3613445378151,32554.05118685032,0.027915141386500305
203.3613445378151,35173.7350096938,0.026239108510239702
203.3613445378151,38004.22956365882,0.024663705115428338
203.3613445378151,41062.49917244294,0.023182889379927688
203.3613445378151,44366.873309786155,0.021790982234285827
203.3613445378151,47937.15645558219,0.02048264558196507
203.3613445378151,51794.74679231213,0.019252861827232976
203.3613445378151,55962.76445319552,0.0180969146322046
203.3613445378151,60466.19009070435,0.01701037082923734
203.3613445378151,65332.014595937704,0.015989063419310563
203.3613445378151,70589.40086618738,0.015029075591187286
203.3613445378151,76269.85859023452,0.014126725700069844
203.3613445378151,82407.43309893666,0.013278553148141341
203.3613445378151,89038.90941296735,0.012481305112843144
203.3613445378151,96204.0327106476,0.011731924071990484
203.3613445378151,103945.74653722627,0.011027536077883506
203.3613445378151,112310.45018329516,0.010365439735444031
203.3613445378151,121348.27677491431,0.009743095842107927
203.3613445378151,131113.3937421563,0.009158117649741398
203.3613445378151,141664.3274669022,0.008608261711234402
203.3613445378151,153064.31405563594,0.008091419276667277
203.3613445378151,165381.6783395673,0.007605608206053763
203.3613445378151,178690.24337358287,0.007148965367645353
203.3613445378151,193069.77288832495,0.006719739492643458
203.3613445378151,208606.44934719568,0.006316284458916712
203.3613445378151,225393.39047347888,0.005937052977965736
203.3613445378151,243531.20734334175,0.005580590660924278
203.3613445378151,263128.6073895945,0.00524553044083937
203.3613445378151,284303.0459302665,0.004930587329839249
203.3613445378151,307181.43012686964,0.004634553491082444
203.3613445378151,331900.87959146773,0.004356293606588396
203.3613445378151,358609.54820118286,0.0040947405231848135
203.3613445378151,387467.51204561285,0.0038488911598735746
203.3613445378151,418647.72882899473,0.0036178026609195034
203.3613445378151,452337.0744772105,0.003400588779908795
203.3613445378151,488737.4631624427,0.003196416480909573
203.3613445378151,528067.0574582637,0.0030045027436996835
203.3613445378151,570561.5758781021,0.002824111560809557
203.3613445378151,616475.7056337161,0.0026545511148634193
203.3613445378151,666084.6290809154,0.0024951711253937267
203.3613445378151,719685.6730011514,0.002345360354953622
203.3613445378151,777600.0906038043,0.0022045442649630607
203.3613445378151,840174.9869294344,0.00207218281229864
203.3613445378151,907785.3991937558,0.0019477683781767236
203.3613445378151,980836.5445406671,0.0018308238213870618
203.3613445378151,1.0597662486760707e6,0.0017209006484107743
203.3613445378151,1.1450475699382813e6,0.0016175772934049664
203.3613445378151,1.2371916345321594e6,0.0015204575014575582
203.3613445378151,1.336750699919709e6,0.0014291688089119285
203.3613445378151,1.4443214647272818e6,0.0013433611149333126
203.3613445378151,1.5605486450070748e6,0.001262705338838724
203.3613445378151,1.6861288382868804e6,0.0011868921580411886
203.3613445378151,1.8218146985669748e6,0.0011156308217681453
203.3613445378151,1.9684194472866112e6,0.0010486480360045274
203.3613445378151,2.126821747296208e6,0.0009856869153841718
203.3613445378151,2.2979709690469606e6,0.0009265059980099643
203.3613445378151,2.48289288056033e6,0.0008708783194244511
203.3613445378151,2.6826957952797273e6,0.000818590542179524
203.3613445378151,2.898577214651068e6,0.0007694421376669689
203.3613445378151,3.131831005243845e6,0.0007232446170721514
203.3613445378151,3.383855153428233e6,0.0006798208085014502
203.3613445378151,3.6561601440851935e6,0.0006390041775111621
203.3613445378151,3.9503780135666407e6,0.000600638188432041
203.3613445378151,4.268272131163825e6,0.0005645757040400912
203.3613445378151,4.611747767708261e6,0.0005306784212712929
203.3613445378151,4.982863514647306e6,0.0004988163408161713
203.3613445378151,5.383843622033489e6,0.00046886726856005753
203.3613445378151,5.817091329374358e6,0.00044071634695701684
203.3613445378151,6.285203269240097e6,0.00041425561454021254
203.3613445378151,6.790985029955707e6,0.0003893835918793956
203.3613445378151,7.337467970651373e6,0.0003660048923976184
203.3613445378151,7.927927389450606e6,0.0003440298565546221
203.3613445378151,8.565902153685499e6,0.00032337420799395894
203.3613445378151,9.255215909791354e6,0.00030395873033513114
203.3613445378151,1.0e7,0.0002857089633712253
206.6386554621849,1000.0,0.4357729563304351
206.6386554621849,1080.4718223181285,0.40960902646589564
206.6386554621849,1167.4193588234587,0.38501598624930733
206.6386554621849,1261.3637220374437,0.3618995190279802
206.6386554621849,1362.867959355774,0.340170970947363
206.6386554621849,1472.5404276241222,0.319747010955063
206.6386554621849,1591.0384392721533,0.3005493112183202
206.6386554621849,1719.0722018585745,0.2825042467293045
206.6386554621849,1857.4090746385718,0.2655426129461945
206.6386554621849,2006.8781676649664,0.24959936038716568
206.6386554621849,2168.375310987435,0.23461334515942897
206.6386554621849,2342.8684237322327,0.22052709446657578
206.6386554621849,2531.403315241567,0.20728658619492668
206.6386554621849,2735.109953041208,0.19484104173357789
206.6386554621849,2955.209235202888,0.18314273123358987
206.6386554621849,3193.020307691027,0.17214679055946874
206.6386554621849,3449.9684705497157,0.16181104923093118
206.6386554621849,3727.593720314942,0.15209586869509403
206.6386554621849,4027.5599798502976,0.1429639903088476
206.6386554621849,4351.665070924416,0.1343803924484079
206.6386554621849,4701.851489299852,0.1263121561980534
206.6386554621849,5080.218046913023,0.11872833910294507
206.6386554621849,5489.032450921557,0.11159985650186507
206.6386554621849,5930.744895010559,0.1048993699847684
206.6386554621849,6408.002744415996,0.09860118254737564
206.6386554621849,6923.6664026787275,0.09268114004071303
206.6386554621849,7480.826455225086,0.08711653853764958
206.6386554621849,8082.822192522714,0.08188603726117252
206.6386554621849,8733.261623828437,0.07696957674047464
206.6386554621849,9436.04310147889,0.07234830188097184
206.6386554621849,10195.378685327301,0.06800448965321873
206.6386554621849,11015.819387358995,0.06392148112340203
206.6386554621849,11902.282447787144,0.06008361756474192
206.6386554621849,12860.08080610565,0.05647618040478267
206.6386554621849,13894.954943731389,0.053085334778264756
206.6386554621849,15013.107289081743,0.04989807646909854
206.6386554621849,16221.239391291729,0.046902182037955896
206.6386554621849,17526.592085367585,0.04408616194421602
206.6386554621849,18936.988889503602,0.041439216482482166
206.6386554621849,20460.88289466011,0.03895119436468238
206.6386554621849,22107.407427431233,0.036612553788912414
206.6386554621849,23886.430789846003,0.03441432584571617
206.6386554621849,25808.615404180768,0.03234808012146347
206.6386554621849,27885.481717262915,0.03040589236691015
206.6386554621849,30129.47724726992,0.02858031410694734
206.6386554621849,32554.05118685032,0.02686434407498955
206.6386554621849,35173.7350096938,0.025251401362450264
206.6386554621849,38004.22956365882,0.0237353001803303
206.6386554621849,41062.49917244294,0.02231022613612767
206.6386554621849,44366.873309786155,0.02097071393508817
206.6386554621849,47937.15645558219,0.019711626420279398
206.6386554621849,51794.74679231213,0.018528134871104128
206.6386554621849,55962.76445319552,0.01741570048469695
206.6386554621849,60466.19009070435,0.0163700569691826
206.6386554621849,65332.014595937704,0.015387194182040218
206.6386554621849,70589.40086618738,0.014463342750824571
206.6386554621849,76269.85859023452,0.013594959617263539
206.6386554621849,82407.43309893666,0.012778714449292149
206.6386554621849,89038.90941296735,0.012011476868911566
206.6386554621849,96204.0327106476,0.011290304446891334
206.6386554621849,103945.74653722627,0.010612431418272806
206.6386554621849,112310.45018329516,0.00997525807539703
206.6386554621849,121348.27677491431,0.009376340797778123
206.6386554621849,131113.3937421563,0.008813382680585869
206.6386554621849,141664.3274669022,0.008284224725796797
206.6386554621849,153064.31405563594,0.0077868375622311085
206.6386554621849,165381.6783395673,0.0073193136627207195
206.6386554621849,178690.24337358287,0.006879860028560875
206.6386554621849,193069.77288832495,0.006466791313189236
206.6386554621849,208606.44934719568,0.006078523358721225
206.6386554621849,225393.39047347888,0.005713567120553588
206.6386554621849,243531.20734334175,0.0053705229567364305
206.6386554621849,263128.6073895945,0.0050480752602130065
206.6386554621849,284303.0459302665,0.004744987413341256
206.6386554621849,307181.43012686964,0.004460097045347323
206.6386554621849,331900.87959146773,0.004192311574522878
206.6386554621849,358609.54820118286,0.003940604018070153
206.6386554621849,387467.51204561285,0.003704009053525062
206.6386554621849,418647.72882899473,0.0034816193166535454
206.6386554621849,452337.0744772105,0.0032725819216232826
206.6386554621849,488737.4631624427,0.003076095190105265
206.6386554621849,528067.0574582637,0.0028914055767609863
206.6386554621849,570561.5758781021,0.0027178047793242864
206.6386554621849,616475.7056337161,0.0025546270221946522
206.6386554621849,666084.6290809154,0.002401246503124361
206.6386554621849,719685.6730011514,0.0022570749932072165
206.6386554621849,777600.0906038043,0.0021215595809646517
206.6386554621849,840174.9869294344,0.0019941805518775184
206.6386554621849,907785.3991937558,0.0018744493952313759
206.6386554621849,980836.5445406671,0.0017619069306313612
206.6386554621849,1.0597662486760707e6,0.0016561215470016141
206.6386554621849,1.1450475699382813e6,0.0015566875473156706
206.6386554621849,1.2371916345321594e6,0.0014632235927097197
206.6386554621849,1.336750699919709e6,0.0013753712400117065
206.6386554621849,1.4443214647272818e6,0.0012927935670776292
206.6386554621849,1.5605486450070748e6,0.0012151738806629943
206.6386554621849,1.6861288382868804e6,0.0011422145018740587
206.6386554621849,1.8218146985669748e6,0.0010736356245409004
206.6386554621849,1.9684194472866112e6,0.0010091742421340978
206.6386554621849,2.126821747296208e6,0.0009485831391096257
206.6386554621849,2.2979709690469606e6,0.0008916299428136873
206.6386554621849,2.48289288056033e6,0.0008380962323114419
206.6386554621849,2.6826957952797273e6,0.0007877767007219144
206.6386554621849,2.898577214651068e6,0.000740478367846532
206.6386554621849,3.131831005243845e6,0.0006960198400716817
206.6386554621849,3.383855153428233e6,0.000654230614706915
206.6386554621849,3.6561601440851935e6,0.000614950426090881
206.6386554621849,3.9503780135666407e6,0.000578028630957247
206.6386554621849,4.268272131163825e6,0.0005433236307034137
206.6386554621849,4.611747767708261e6,0.0005107023283463859
206.6386554621849,4.982863514647306e6,0.00048003961808315495
206.6386554621849,5.383843622033489e6,0.0004512179054980257
206.6386554621849,5.817091329374358e6,0.00042412665657682653
206.6386554621849,6.285203269240097e6,0.0003986619737984321
206.6386554621849,6.790985029955707e6,0.00037472619767786933
206.6386554621849,7.337467970651373e6,0.00035222753223288747
206.6386554621849,7.927927389450606e6,0.0003310796929376163
206.6386554621849,8.565902153685499e6,0.000311201575813192
206.6386554621849,9.255215909791354e6,0.0002925169463862653
206.6386554621849,1.0e7,0.0002749541473225344
209.91596638655463,1000.0,0.4196226306896595
209.91596638655463,1080.4718223181285,0.39442837088200683
209.91596638655463,1167.4193588234587,0.37074678146158363
209.91596638655463,1261.3637220374437,0.3484870412763548
209.91596638655463,1362.867959355774,0.32756378210158954
209.91596638655463,1472.5404276241222,0.307896761244585
209.91596638655463,1591.0384392721533,0.28941055380629294
209.91596638655463,1719.0722018585745,0.27203426341964576
209.91596638655463,1857.4090746385718,0.255701250355232
209.91596638655463,2006.8781676649664,0.24034887595158413
209.91596638655463,2168.375310987435,0.22591826238994359
209.91596638655463,2342.8684237322327,0.21235406689221525
209.91596638655463,2531.403315241567,0.19960426947613918
209.91596638655463,2735.109953041208,0.18761997345370252
209.91596638655463,2955.209235202888,0.17635521790768097
209.91596638655463,3193.020307691027,0.1657668014271426
209.91596638655463,3449.9684705497157,0.15581411642591897
209.91596638655463,3727.593720314942,0.14645899340864368
209.91596638655463,4027.5599798502976,0.1376655545871004
209.91596638655463,4351.665070924416,0.12940007628548544
209.91596638655463,4701.851489299852,0.1216308596068987
209.91596638655463,5080.218046913023,0.11432810886505253
209.91596638655463,5489.032450921557,0.10746381731497653
209.91596638655463,5930.744895010559,0.10101165974448081
209.91596638655463,6408.002744415996,0.0949468915144595
209.91596638655463,6923.6664026787275,0.08924625366084131
209.91596638655463,7480.826455225086,0.08388788369424675
209.91596638655463,8082.822192522714,0.0788512317552572
209.91596638655463,8733.261623828437,0.0741169818037463
209.91596638655463,9436.04310147889,0.06966697754002572
209.91596638655463,10195.378685327301,0.06548415277370519
209.91596638655463,11015.819387358995,0.061552465973226375
209.91596638655463,11902.282447787144,0.057856838745060875
209.91596638655463,12860.08080610565,0.054383098006634024
209.91596638655463,13894.954943731389,0.05111792163120276
209.91596638655463,15013.107289081743,0.04804878735623033
209.91596638655463,16221.239391291729,0.04516392475931571
209.91596638655463,17526.592085367585,0.04245227011750256
209.91596638655463,18936.988889503602,0.039903423976847194
209.91596638655463,20460.88289466011,0.0375076112695218
209.91596638655463,22107.407427431233,0.03525564382549795
209.91596638655463,23886.430789846003,0.03313888513503878
209.91596638655463,25808.615404180768,0.031149217226861568
209.91596638655463,27885.481717262915,0.029279009534943834
209.91596638655463,30129.47724726992,0.02752108963457589
209.91596638655463,32554.05118685032,0.02586871573542841
209.91596638655463,35173.7350096938,0.02431555082614424
209.91596638655463,38004.22956365882,0.02285563837129591
209.91596638655463,41062.49917244294,0.021483379467504695
209.91596638655463,44366.873309786155,0.020193511371112617
209.91596638655463,47937.15645558219,0.018981087315059125
209.91596638655463,51794.74679231213,0.017841457537557906
209.91596638655463,55962.76445319552,0.01677025144981744
209.91596638655463,60466.19009070435,0.015763360874416512
209.91596638655463,65332.014595937704,0.014816924290052344
209.91596638655463,70589.40086618738,0.013927312022238361
209.91596638655463,76269.85859023452,0.013091112323156762
209.91596638655463,82407.43309893666,0.012305118287280526
209.91596638655463,89038.90941296735,0.011566315552585027
209.91596638655463,96204.0327106476,0.010871870740182542
209.91596638655463,103945.74653722627,0.010219120588044186
209.91596638655463,112310.45018329516,0.009605561737136245
209.91596638655463,121348.27677491431,0.009028841130799754
209.91596638655463,131113.3937421563,0.008486746990553965
209.91596638655463,141664.3274669022,0.007977200333715129
209.91596638655463,153064.31405563594,0.007498247000299826
209.91596638655463,165381.6783395673,0.007048050158635162
209.91596638655463,178690.24337358287,0.006624883260934291
209.91596638655463,193069.77288832495,0.006227123421821167
209.91596638655463,208606.44934719568,0.00585324519441043
209.91596638655463,225393.39047347888,0.005501814720073284
209.91596638655463,243531.20734334175,0.005171484229452984
209.91596638655463,263128.6073895945,0.004860986873640981
209.91596638655463,284303.0459302665,0.004569131865690581
209.91596638655463,307181.43012686964,0.004294799913835563
209.91596638655463,331900.87959146773,0.004036938928899597
209.91596638655463,358609.54820118286,0.0037945599894340038
209.91596638655463,387467.51204561285,0.0035667335491097528
209.91596638655463,418647.72882899473,0.0033525858718187244
209.91596638655463,452337.0744772105,0.0031512956808124734
209.91596638655463,488737.4631624427,0.0029620910090276476
209.91596638655463,528067.0574582637,0.0027842462385187223
209.91596638655463,570561.5758781021,0.0026170793176440517
209.91596638655463,616475.7056337161,0.0024599491453328216
209.91596638655463,666084.6290809154,0.0023122531124013584
209.91596638655463,719685.6730011514,0.002173424790489482
209.91596638655463,777600.0906038043,0.00204293175975377
209.91596638655463,840174.9869294344,0.0019202735669867396
209.91596638655463,907785.3991937558,0.0018049798063310809
209.91596638655463,980836.5445406671,0.0016966083152283916
209.91596638655463,1.0597662486760707e6,0.0015947434786836245
209.91596638655463,1.1450475699382813e6,0.0014989946353419765
209.91596638655463,1.2371916345321594e6,0.0014089945792653694
209.91596638655463,1.336750699919709e6,0.0013243981516626831
209.91596638655463,1.4443214647272818e6,0.001244880917172912
209.91596638655463,1.5605486450070748e6,0.0011701379196246248
209.91596638655463,1.6861288382868804e6,0.0010998825124999994
209.91596638655463,1.8218146985669748e6,0.0010338452596181057
209.91596638655463,1.9684194472866112e6,0.0009717729018214836
209.91596638655463,2.126821747296208e6,0.0009134273857031369
209.91596638655463,2.2979709690469606e6,0.0008585849506490334
209.91596638655463,2.48289288056033e6,0.0008070352706948305
209.91596638655463,2.6826957952797273e6,0.0007585806479057607
209.91596638655463,2.898577214651068e6,0.0007130352541862079
209.91596638655463,3.131831005243845e6,0.0006702244186112587
209.91596638655463,3.383855153428233e6,0.0006299839575470577
209.91596638655463,3.6561601440851935e6,0.0005921595449909292
209.91596638655463,3.9503780135666407e6,0.0005566061207164497
209.91596638655463,4.268272131163825e6,0.0005231873339536564
209.91596638655463,4.611747767708261e6,0.0004917750204708549
209.91596638655463,4.982863514647306e6,0.00046224871105257317
209.91596638655463,5.383843622033489e6,0.0004344951694886435
209.91596638655463,5.817091329374358e6,0.00040840795830254627
209.91596638655463,6.285203269240097e6,0.00038388703055354447
209.91596638655463,6.790985029955707e6,0.0003608383461471329
209.91596638655463,7.337467970651373e6,0.0003391735111823143
209.91596638655463,7.927927389450606e6,0.0003188094389525663
209.91596638655463,8.565902153685499e6,0.0002996680313004057
209.91596638655463,9.255215909791354e6,0.00028167587910351
209.91596638655463,1.0e7,0.0002647639807437402
213.19327731092437,1000.0,0.4043073368938663
213.19327731092437,1080.4718223181285,0.38003261159818136
213.19327731092437,1167.4193588234587,0.35721534758110696
213.19327731092437,1261.3637220374437,0.3357680384608911
213.19327731092437,1362.867959355774,0.31560843176335374
213.19327731092437,1472.5404276241222,0.29665921347581004
213.19327731092437,1591.0384392721533,0.27884771154046506
213.19327731092437,1719.0722018585745,0.26210561715014724
213.19327731092437,1857.4090746385718,0.24636872277752303
213.19327731092437,2006.8781676649664,0.23157667593311207
213.19327731092437,2168.375310987435,0.21767274770773862
213.19327731092437,2342.8684237322327,0.2046036152117598
213.19327731092437,2531.403315241567,0.1923191570767019
213.19327731092437,2735.109953041208,0.1807722612350365
213.19327731092437,2955.209235202888,0.1699186442409123
213.19327731092437,3193.020307691027,0.15971668143892104
213.19327731092437,3449.9684705497157,0.15012724732957672
213.19327731092437,3727.593720314942,0.1411135655192971
213.19327731092437,4027.5599798502976,0.13264106767943037
213.19327731092437,4351.665070924416,0.1246772609734201
213.19327731092437,4701.851489299852,0.11719160344368137
213.19327731092437,5080.218046913023,0.11015538688028267
213.19327731092437,5489.032450921557,0.10354162672222578
213.19327731092437,5930.744895010559,0.09732495856908223
213.19327731092437,6408.002744415996,0.09148154090610135
213.19327731092437,6923.6664026787275,0.08598896366972895
213.19327731092437,7480.826455225086,0.08082616230287855
213.19327731092437,8082.822192522714,0.07597333697034726
213.19327731092437,8733.261623828437,0.0714118766245613
213.19327731092437,9436.04310147889,0.06712428763043522
213.19327731092437,10195.378685327301,0.06309412667561415
213.19327731092437,11015.819387358995,0.05930593770880418
213.19327731092437,11902.282447787144,0.05574519266434278
213.19327731092437,12860.08080610565,0.05239823574568271
213.19327731092437,13894.954943731389,0.04925223105411087
213.19327731092437,15013.107289081743,0.04629511336185395
213.19327731092437,16221.239391291729,0.0435155418407796
213.19327731092437,17526.592085367585,0.04090285656924052
213.19327731092437,18936.988889503602,0.0384470376502587
213.19327731092437,20460.88289466011,0.03613866678426603
213.19327731092437,22107.407427431233,0.033968891149027854
213.19327731092437,23886.430789846003,0.03192938944822603
213.19327731092437,25808.615404180768,0.03001233999849495
213.19327731092437,27885.481717262915,0.028210390732520064
213.19327731092437,30129.47724726992,0.026516631003159485
213.19327731092437,32554.05118685032,0.024924565080453494
213.19327731092437,35173.7350096938,0.023428087239881292
213.19327731092437,38004.22956365882,0.02202145834632562
213.19327731092437,41062.49917244294,0.020699283843942675
213.19327731092437,44366.873309786155,0.019456493067526386
213.19327731092437,47937.15645558219,0.01828831979602432
213.19327731092437,51794.74679231213,0.01719028397362552
213.19327731092437,55962.76445319552,0.01615817452831977
213.19327731092437,60466.19009070435,0.015188033222035087
213.19327731092437,65332.014595937704,0.014276139470417568
213.19327731092437,70589.40086618738,0.013418996074035811
213.19327731092437,76269.85859023452,0.012613315806287885
213.19327731092437,82407.43309893666,0.011856008806574116
213.19327731092437,89038.90941296735,0.01114417073038715
213.19327731092437,96204.0327106476,0.01047507161087408
213.19327731092437,103945.74653722627,0.009846145389153434
213.19327731092437,112310.45018329516,0.009254980073234829
213.19327731092437,121348.27677491431,0.008699308487799836
213.19327731092437,131113.3937421563,0.008176999579368639
213.19327731092437,141664.3274669022,0.00768605024350681
213.19327731092437,153064.31405563594,0.007224577642729007
213.19327731092437,165381.6783395673,0.0067908119856377284
213.19327731092437,178690.24337358287,0.006383089739604697
213.19327731092437,193069.77288832495,0.005999847250964718
213.19327731092437,208606.44934719568,0.005639614748254849
213.19327731092437,225393.39047347888,0.00530101070550082
213.19327731092437,243531.20734334175,0.00498273654393323
213.19327731092437,263128.6073895945,0.00468357165181429
213.19327731092437,284303.0459302665,0.00440236870327543
213.19327731092437,307181.43012686964,0.004138049258213311
213.19327731092437,331900.87959146773,0.0038895996263692335
213.19327731092437,358609.54820118286,0.0036560669797304273
213.19327731092437,387467.51204561285,0.003436555698343817
213.19327731092437,418647.72882899473,0.003230223935528157
213.19327731092437,452337.0744772105,0.0030362803893117848
213.19327731092437,488737.4631624427,0.0028539812677141796
213.19327731092437,528067.0574582637,0.0026826274362328124
213.19327731092437,570561.5758781021,0.0025215617365957235
213.19327731092437,616475.7056337161,0.002370166466496928
213.19327731092437,666084.6290809154,0.002227861010649215
213.19327731092437,719685.6730011514,0.002094099614069184
213.19327731092437,777600.0906038043,0.001968369289054887
213.19327731092437,840174.9869294344,0.0018501878478291178
213.19327731092437,907785.3991937558,0.0017391020533033157
213.19327731092437,980836.5445406671,0.0016346858808701618
213.19327731092437,1.0597662486760707e6,0.0015365388845586044
213.19327731092437,1.1450475699382813e6,0.0014442846612854083
213.19327731092437,1.2371916345321594e6,0.0013575694073134578
213.19327731092437,1.336750699919709e6,0.0012760605613807126
213.19327731092437,1.4443214647272818e6,0.0011994455292960841
213.19327731092437,1.5605486450070748e6,0.0011274304851109154
213.19327731092437,1.6861288382868804e6,0.0010597392442684753
213.19327731092437,1.8218146985669748e6,0.0009961122044098666
213.19327731092437,1.9684194472866112e6,0.0009363053497742406
213.19327731092437,2.126821747296208e6,0.0008800893153751017
213.19327731092437,2.2979709690469606e6,0.0008272485073637296
213.19327731092437,2.48289288056033e6,0.0007775802762062234
213.19327731092437,2.6826957952797273e6,0.0007308941395032335
213.19327731092437,2.898577214651068e6,0.0006870110514718027
213.19327731092437,3.131831005243845e6,0.0006457627162877308
213.19327731092437,3.383855153428233e6,0.0006069909426550525
213.19327731092437,3.6561601440851935e6,0.0005705470371273422
213.19327731092437,3.9503780135666407e6,0.0005362912338541783
213.19327731092437,4.268272131163825e6,0.0005040921585657876
213.19327731092437,4.611747767708261e6,0.00047382632474020565
213.19327731092437,4.982863514647306e6,0.00044537766002069343
213.19327731092437,5.383843622033489e6,0.00041863706106719153
213.19327731092437,5.817091329374358e6,0.0003935019751346139
213.19327731092437,6.285203269240097e6,0.00036987600677329866
213.19327731092437,6.790985029955707e6,0.0003476685481432723
213.19327731092437,7.337467970651373e6,0.0003267944315245501
213.19327731092437,7.927927389450606e6,0.00030717360269081424
213.19327731092437,8.565902153685499e6,0.0002887308138938285
213.19327731092437,9.255215909791354e6,0.00027139533528115095
213.19327731092437,1.0e7,0.0002551006836404126
216.47058823529412,1000.0,0.38977204075068816
216.47058823529412,1080.4718223181285,0.36637001869031377
216.47058823529412,1167.4193588234587,0.34437306056284583
216.47058823529412,1261.3637220374437,0.32369680593778627
216.47058823529412,1362.867959355774,0.3042619594084169
216.47058823529412,1472.5404276241222,0.2859939864863599
216.47058823529412,1591.0384392721533,0.2688228277547123
216.47058823529412,1719.0722018585745,0.25268263018350706
216.47058823529412,1857.4090746385718,0.23751149457706627
216.47058823529412,2006.8781676649664,0.223251238184689
216.47058823529412,2168.375310987435,0.20984717156425683
216.47058823529412,2342.8684237322327,0.19724788884301347
216.47058823529412,2531.403315241567,0.18540507057114314
216.47058823529412,2735.109953041208,0.17427329841207634
216.47058823529412,2955.209235202888,0.16380988095884166
216.47058823529412,3193.020307691027,0.153974690008452
216.47058823529412,3449.9684705497157,0.14473000666642152
216.47058823529412,3727.593720314942,0.1360403766912121
216.47058823529412,4027.5599798502976,0.127872474523838
216.47058823529412,4351.665070924416,0.12019497548117164
216.47058823529412,4701.851489299852,0.11297843562279922
216.47058823529412,5080.218046913023,0.10619517883070281
216.47058823529412,5489.032450921557,0.09981919066871177
216.47058823529412,5930.744895010559,0.0938260186146596
216.47058823529412,6408.002744415996,0.08819267828263254
216.47058823529412,6923.6664026787275,0.08289756527565875
216.47058823529412,7480.826455225086,0.07792037233078777
216.47058823529412,8082.822192522714,0.07324201143880157
216.47058823529412,8733.261623828437,0.06884454063988048
216.47058823529412,9436.04310147889,0.06471109521447772
216.47058823529412,10195.378685327301,0.060825823005512814
216.47058823529412,11015.819387358995,0.057173823623838556
216.47058823529412,11902.282447787144,0.05374109130382887
216.47058823529412,12860.08080610565,0.05051446118993306
216.47058823529412,13894.954943731389,0.047481558848200205
216.47058823529412,15013.107289081743,0.04463075280914602
216.47058823529412,16221.239391291729,0.04195110995995864
216.47058823529412,17526.592085367585,0.039432353614969565
216.47058823529412,18936.988889503602,0.037064824103584575
216.47058823529412,20460.88289466011,0.034839441724526805
216.47058823529412,22107.407427431233,0.03274767192431683
216.47058823529412,23886.430789846003,0.030781492566447053
216.47058823529412,25808.615404180768,0.02893336316572382
216.47058823529412,27885.481717262915,0.02719619596978792
216.47058823529412,30129.47724726992,0.025563328776909044
216.47058823529412,32554.05118685032,0.0240284993858074
216.47058823529412,35173.7350096938,0.0225858215795149
216.47058823529412,38004.22956365882,0.021229762551172315
216.47058823529412,41062.49917244294,0.01995512168518771
216.47058823529412,44366.873309786155,0.018757010612380078
216.47058823529412,47937.15645558219,0.017630834462617807
216.47058823529412,51794.74679231213,0.016572274243053717
216.47058823529412,55962.76445319552,0.015577270274376083
216.47058823529412,60466.19009070435,0.014642006621551556
216.47058823529412,65332.014595937704,0.013762896459350698
216.47058823529412,70589.40086618738,0.012936568316531488
216.47058823529412,76269.85859023452,0.012159853145925747
216.47058823529412,82407.43309893666,0.01142977217084143
216.47058823529412,89038.90941296735,0.010743525461169991
216.47058823529412,96204.0327106476,0.0100984811953877
216.47058823529412,103945.74653722627,0.009492165567269313
216.47058823529412,112310.45018329516,0.008922253298605468
216.47058823529412,121348.27677491431,0.008386558721539159
216.47058823529412,131113.3937421563,0.007883027396321247
216.47058823529412,141664.3274669022,0.007409728232338246
216.47058823529412,153064.31405563594,0.006964846082195847
216.47058823529412,165381.6783395673,0.006546674780455622
216.47058823529412,178690.24337358287,0.006153610600328054
216.47058823529412,193069.77288832495,0.005784146103227447
216.47058823529412,208606.44934719568,0.005436864357601321
216.47058823529412,225393.39047347888,0.005110433504862883
216.47058823529412,243531.20734334175,0.0048036016515864265
216.47058823529412,263128.6073895945,0.004515192068376786
216.47058823529412,284303.0459302665,0.004244098676999937
216.47058823529412,307181.43012686964,0.003989281808467577
216.47058823529412,331900.87959146773,0.0037497642158075043
216.47058823529412,358609.54820118286,0.0035246273262283506
216.47058823529412,387467.51204561285,0.0033130077183053876
216.47058823529412,418647.72882899473,0.0031140938106770963
216.47058823529412,452337.0744772105,0.0029271227495533043
216.47058823529412,488737.4631624427,0.0027513774830982243
216.47058823529412,528067.0574582637,0.0025861840114683125
216.47058823529412,570561.5758781021,0.002430908801958658
216.47058823529412,616475.7056337161,0.0022849563593446893
216.47058823529412,666084.6290809154,0.0021477669421012396
216.47058823529412,719685.6730011514,0.0020188144157404653
216.47058823529412,777600.0906038043,0.0018976042350359434
216.47058823529412,840174.9869294344,0.0017836715473946165
216.47058823529412,907785.3991937558,0.0016765794101027826
216.47058823529412,980836.5445406671,0.0015759171146091692
216.47058823529412,1.0597662486760707e6,0.0014812986114184936
216.47058823529412,1.1450475699382813e6,0.0013923610295548659
216.47058823529412,1.2371916345321594e6,0.0013087632849170198
216.47058823529412,1.336750699919709e6,0.0012301847721882747
216.47058823529412,1.4443214647272818e6,0.0011563241352846114
216.47058823529412,1.5605486450070748e6,0.0010868981116253552
216.47058823529412,1.6861288382868804e6,0.0010216404457942007
216.47058823529412,1.8218146985669748e6,0.0009603008684243111
216.47058823529412,1.9684194472866112e6,0.0009026441363914539
216.47058823529412,2.126821747296208e6,0.0008484491306341998
216.47058823529412,2.2979709690469606e6,0.0007975080081412525
216.47058823529412,2.48289288056033e6,0.0007496254048536939
216.47058823529412,2.6826957952797273e6,0.0007046176864252086
216.47058823529412,2.898577214651068e6,0.0006623122439668567
216.47058823529412,3.131831005243845e6,0.0006225468320755447
216.47058823529412,3.383855153428233e6,0.0005851689466074416
216.47058823529412,3.6561601440851935e6,0.0005500352398100561
216.47058823529412,3.9503780135666407e6,0.000517010970569945
216.47058823529412,4.268272131163825e6,0.0004859694876677051
216.47058823529412,4.611747767708261e6,0.00045679174405847907
216.47058823529412,4.982863514647306e6,0.0004293658403151906
216.47058823529412,5.383843622033489e6,0.0004035865954835834
216.47058823529412,5.817091329374358e6,0.00037935514370323535
216.47058823529412,6.285203269240097e6,0.0003565785550475652
216.47058823529412,6.790985029955707e6,0.0003351694791287076
216.47058823529412,7.337467970651373e6,0.0003150458101004531
216.47058823529412,7.927927389450606e6,0.00029613037177450276
216.47058823529412,8.565902153685499e6,0.00027835062164243394
216.47058823529412,9.255215909791354e6,0.00026163837266826573
216.47058823529412,1.0e7,0.00024592953178467964
219.74789915966386,1000.0,0.3759660937306352
219.74789915966386,1080.4718223181285,0.35339298458075447
219.74789915966386,1167.4193588234587,0.3321751712013943
219.74789915966386,1261.3637220374437,0.3122312812564101
219.74789915966386,1362.867959355774,0.2934848280274184
219.74789915966386,1472.5404276241222,0.2758639170799451
219.74789915966386,1591.0384392721533,0.2593009705414181
219.74789915966386,1719.0722018585745,0.24373246793358702
219.74789915966386,1857.4090746385718,0.22909870256543519
219.74789915966386,2006.8781676649664,0.21534355255233112
219.74789915966386,2168.375310987435,0.20241426558325237
219.74789915966386,2342.8684237322327,0.19026125661064727
219.74789915966386,2531.403315241567,0.17883791768705098
219.74789915966386,2735.109953041208,0.16810043921916687
219.74789915966386,2955.209235202888,0.15800764195390105
219.74789915966386,3193.020307691027,0.14852081905200368
219.74789915966386,3449.9684705497157,0.1396035876436508
219.74789915966386,3727.593720314942,0.13122174929667244
219.74789915966386,4027.5599798502976,0.12334315886230654
219.74789915966386,4351.665070924416,0.11593760119549007
219.74789915966386,4701.851489299852,0.10897667527689864
219.74789915966386,5080.218046913023,0.10243368529233103
219.74789915966386,5489.032450921557,0.09628353825171793
219.74789915966386,5930.744895010559,0.09050264775511391
219.74789915966386,6408.002744415996,0.0850688435366062
219.74789915966386,6923.6664026787275,0.07996128643923198
219.74789915966386,7480.826455225086,0.07516038849482623
219.74789915966386,8082.822192522714,0.07064773780229675
219.74789915966386,8733.261623828437,0.06640602791622922
219.74789915966386,9436.04310147889,0.06241899147502012
219.74789915966386,10195.378685327301,0.05867133781399453
219.74789915966386,11015.819387358995,0.0551486943242502
219.74789915966386,11902.282447787144,0.05183755133233292
219.74789915966386,12860.08080610565,0.04872521028935138
219.74789915966386,13894.954943731389,0.04579973507083214
219.74789915966386,15013.107289081743,0.043049906200545184
219.74789915966386,16221.239391291729,0.04046517782274292
219.74789915966386,17526.592085367585,0.03803563725779894
219.74789915966386,18936.988889503602,0.03575196698613686
219.74789915966386,20460.88289466011,0.03360540891465501
219.74789915966386,22107.407427431233,0.03158773078860468
219.74789915966386,23886.430789846003,0.029691194620108868
219.74789915966386,25808.615404180768,0.027908527012241384
219.74789915966386,27885.481717262915,0.02623289126485646
219.74789915966386,30129.47724726992,0.024657861155192327
219.74789915966386,32554.05118685032,0.023177396292694528
219.74789915966386,35173.7350096938,0.021785818953542563
219.74789915966386,38004.22956365882,0.020477792306038016
219.74789915966386,41062.49917244294,0.01924829994334648
219.74789915966386,44366.873309786155,0.018092626645099242
219.74789915966386,47937.15645558219,0.017006340294074003
219.74789915966386,51794.74679231213,0.01598527487860282
219.74789915966386,55962.76445319552,0.015025514515520515
219.74789915966386,60466.19009070435,0.014123378432379556
219.74789915966386,65332.014595937704,0.013275406851336961
219.74789915966386,70589.40086618738,0.012478347720576608
219.74789915966386,76269.85859023452,0.011729144242380621
219.74789915966386,82407.43309893666,0.01102492315001891
219.74789915966386,89038.90941296735,0.010362983688497342
219.74789915966386,96204.0327106476,0.009740787256905081
219.74789915966386,103945.74653722627,0.009155947672638148
219.74789915966386,112310.45018329516,0.008606222020161796
219.74789915966386,121348.27677491431,0.008089502049215677
219.74789915966386,131113.3937421563,0.007603806089473202
219.74789915966386,141664.3274669022,0.00714727145064701
219.74789915966386,153064.31405563594,0.00671814727889424
219.74789915966386,165381.6783395673,0.006314787842125178
219.74789915966386,178690.24337358287,0.005935646218463871
219.74789915966386,193069.77288832495,0.0055792683636553516
219.74789915966386,208606.44934719568,0.0052442875346673514
219.74789915966386,225393.39047347888,0.004929419048100527
219.74789915966386,243531.20734334175,0.004633455353305221
219.74789915966386,263128.6073895945,0.004355261401309661
219.74789915966386,284303.0459302665,0.004093770291798966
219.74789915966386,307181.43012686964,0.0038479791814507967
219.74789915966386,331900.87959146773,0.003616945437935643
219.74789915966386,358609.54820118286,0.0033997830248320275
219.74789915966386,387467.51204561285,0.0031956591035923916
219.74789915966386,418647.72882899473,0.0030037908395279104
219.74789915966386,452337.0744772105,0.00282344239956285
219.74789915966386,488737.4631624427,0.0026539221302446384
219.74789915966386,528067.0574582637,0.0024945799051869257
219.74789915966386,570561.5758781021,0.0023448046317729662
219.74789915966386,616475.7056337161,0.002204021907557205
219.74789915966386,666084.6290809154,0.0020716918173771517
219.74789915966386,719685.6730011514,0.0019473068627272935
219.74789915966386,777600.0906038043,0.0018303900154539603
219.74789915966386,840174.9869294344,0.0017204928883069138
219.74789915966386,907785.3991937558,0.0016171940153314939
219.74789915966386,980836.5445406671,0.001520097235506539
219.74789915966386,1.0597662486760707e6,0.0014288301734291134
219.74789915966386,1.1450475699382813e6,0.0013430428112193536
219.74789915966386,1.2371916345321594e6,0.0012624061461685477
219.74789915966386,1.336750699919709e6,0.0011866109289823928
219.74789915966386,1.4443214647272818e6,0.0011153664777804931
219.74789915966386,1.5605486450070748e6,0.0010483995633036368
219.74789915966386,1.6861288382868804e6,0.0009854533610535593
219.74789915966386,1.8218146985669748e6,0.0009262864663465153
219.74789915966386,1.9684194472866112e6,0.0008706719685033195
219.74789915966386,2.126821747296208e6,0.0008183965806252623
219.74789915966386,2.2979709690469606e6,0.0007692598216185337
219.74789915966386,2.48289288056033e6,0.0007230732473301234
219.74789915966386,2.6826957952797273e6,0.0006796597278465402
219.74789915966386,2.898577214651068e6,0.0006388527681837092
219.74789915966386,3.131831005243845e6,0.000600495869762847
219.74789915966386,3.383855153428233e6,0.0005644419302234984
219.74789915966386,3.6561601440851935e6,0.000530552679271967
219.74789915966386,3.9503780135666407e6,0.0004986981484015626
219.74789915966386,4.268272131163825e6,0.0004687561724509935
219.74789915966386,4.611747767708261e6,0.00044061192108933294
219.74789915966386,4.982863514647306e6,0.0004141574584307559
219.74789915966386,5.383843622033489e6,0.00038929132909013307
219.74789915966386,5.817091329374358e6,0.0003659181690919614
219.74789915966386,6.285203269240097e6,0.00034394834014043026
219.74789915966386,6.790985029955707e6,0.00032329758584801567
219.74789915966386,7.337467970651373e6,0.00030388670860420543
219.74789915966386,7.927927389450606e6,0.00028564126584511556
219.74789915966386,8.565902153685499e6,0.0002684912845591661
219.74789915966386,9.255215909791354e6,0.0002523709929339112
219.74789915966386,1.0e7,0.00023721856811487286
223.0252100840336,1000.0,0.3628428247875962
223.0252100840336,1080.4718223181285,0.34105764036602015
223.0252100840336,1167.4193588234587,0.320580444494472
223.0252100840336,1261.3637220374437,0.3013327051755224
223.0252100840336,1362.867959355774,0.2832406054947749
223.0252100840336,1472.5404276241222,0.26623476052596595
223.0252100840336,1591.0384392721533,0.2502499512331609
223.0252100840336,1719.0722018585745,0.23522487434953723
223.0252100840336,1857.4090746385718,0.22110190727351314
223.0252100840336,2006.8781676649664,0.20782688708058147
223.0252100840336,2168.375310987435,0.19534890280333148
223.0252100840336,2342.8684237322327,0.18362010018303881
223.0252100840336,2531.403315241567,0.17259549814402242
223.0252100840336,2735.109953041208,0.16223281628693345
223.0252100840336,2955.209235202888,0.15249231273939465
223.0252100840336,3193.020307691027,0.14333663174213346
223.0252100840336,3449.9684705497157,0.13473066038608453
223.0252100840336,3727.593720314942,0.12664139395103838
223.0252100840336,4027.5599798502976,0.11903780932939435
223.0252100840336,4351.665070924416,0.11189074604958621
223.0252100840336,4701.851489299852,0.10517279444289564
223.0252100840336,5080.218046913023,0.09885819052476036
223.0252100840336,5489.032450921557,0.09292271718743879
223.0252100840336,5930.744895010559,0.0873436113250937
223.0252100840336,6408.002744415996,0.08209947653511265
223.0252100840336,6923.6664026787275,0.07717020106086477
223.0252100840336,7480.826455225086,0.0725368806611981
223.0252100840336,8082.822192522714,0.06818174611087285
223.0252100840336,8733.261623828437,0.06408809505388981
223.0252100840336,9436.04310147889,0.06024022794836334
223.0252100840336,10195.378685327301,0.05662338785728224
223.0252100840336,11015.819387358995,0.05322370385425029
223.0252100840336,11902.282447787144,0.05002813782716141
223.0252100840336,12860.08080610565,0.047024434475797794
223.0252100840336,13894.954943731389,0.04420107431158538
223.0252100840336,15013.107289081743,0.04154722947925787
223.0252100840336,16221.239391291729,0.03905272223099955
223.0252100840336,17526.592085367585,0.03670798589381294
223.0252100840336,18936.988889503602,0.03450402818041607
223.0252100840336,20460.88289466011,0.03243239670296396
223.0252100840336,22107.407427431233,0.03048514655733579
223.0252100840336,23886.430789846003,0.028654809853670422
223.0252100840336,25808.615404180768,0.026934367076297504
223.0252100840336,27885.481717262915,0.02531722016322554
223.0252100840336,30129.47724726992,0.023797167201945735
223.0252100840336,32554.05118685032,0.022368378644506432
223.0252100840336,35173.7350096938,0.021025374950641253
223.0252100840336,38004.22956365882,0.019763005573210018
223.0252100840336,41062.49917244294,0.018576429205359693
223.0252100840336,44366.873309786155,0.01746109521365123
223.0252100840336,47937.15645558219,0.016412726185946816
223.0252100840336,51794.74679231213,0.015427301527126592
223.0252100840336,55962.76445319552,0.014501042039723312
223.0252100840336,60466.19009070435,0.013630395430339951
223.0252100840336,65332.014595937704,0.012812022686266014
223.0252100840336,70589.40086618738,0.01204278527004561
223.0252100840336,76269.85859023452,0.01131973308288724
223.0252100840336,82407.43309893666,0.010640093150753892
223.0252100840336,89038.90941296735,0.010001258989743227
223.0252100840336,96204.0327106476,0.009400780609973569
223.0252100840336,103945.74653722627,0.008836355119639185
223.0252100840336,112310.45018329516,0.008305817893200803
223.0252100840336,121348.27677491431,0.007807134269840389
223.0252100840336,131113.3937421563,0.007338391750343018
223.0252100840336,141664.3274669022,0.006897792662480156
223.0252100840336,153064.31405563594,0.00648364726676538
223.0252100840336,165381.6783395673,0.0060943672761424
223.0252100840336,178690.24337358287,0.005728459764752857
223.0252100840336,193069.77288832495,0.005384521442423421
223.0252100840336,208606.44934719568,0.0050612332729142295
223.0252100840336,225393.39047347888,0.004757355415289242
223.0252100840336,243531.20734334175,0.004471722469008073
223.0252100840336,263128.6073895945,0.004203239004503922
223.0252100840336,284303.0459302665,0.003950875362106739
223.0252100840336,307181.43012686964,0.003713663703200319
223.0252100840336,331900.87959146773,0.003490694298468968
223.0252100840336,358609.54820118286,0.0032811120389988875
223.0252100840336,387467.51204561285,0.0030841131568540127
223.0252100840336,418647.72882899473,0.0028989421425493905
223.0252100840336,452337.0744772105,0.0027248888476002924
223.0252100840336,488737.4631624427,0.002561285761035143
223.0252100840336,528067.0574582637,0.0024075054494272973
223.0252100840336,570561.5758781021,0.002262958150628083
223.0252100840336,616475.7056337161,0.0021270895119727623
223.0252100840336,666084.6290809154,0.001999378464285232
223.0252100840336,719685.6730011514,0.001879335223528083
223.0252100840336,777600.0906038043,0.0017664994124341443
223.0252100840336,840174.9869294344,0.001660438294915803
223.0252100840336,907785.3991937558,0.0015607451164808613
223.0252100840336,980836.5445406671,0.0014670375442903027
223.0252100840336,1.0597662486760707e6,0.0013789562008754254
223.0252100840336,1.1450475699382813e6,0.0012961632858910022
223.0252100840336,1.2371916345321594e6,0.001218341280618771
223.0252100840336,1.336750699919709e6,0.0011451917302528875
223.0252100840336,1.4443214647272818e6,0.0010764340992973145
223.0252100840336,1.5605486450070748e6,0.0010118046956854537
223.0252100840336,1.6861288382868804e6,0.0009510556594959475
223.0252100840336,1.8218146985669748e6,0.0008939540123862615
223.0252100840336,1.9684194472866112e6,0.0008402807640985404
223.0252100840336,2.126821747296208e6,0.0007898300726111021
223.0252100840336,2.2979709690469606e6,0.000742408454714669
223.0252100840336,2.48289288056033e6,0.0006978340439858236
223.0252100840336,2.6826957952797273e6,0.0006559358933119477
223.0252100840336,2.898577214651068e6,0.0006165533192927507
223.0252100840336,3.131831005243845e6,0.0005795352860041213
223.0252100840336,3.383855153428233e6,0.0005447398257609667
223.0252100840336,3.6561601440851935e6,0.0005120334946576113
223.0252100840336,3.9503780135666407e6,0.0004812908607977021
223.0252100840336,4.268272131163825e6,0.00045239402325093493
223.0252100840336,4.611747767708261e6,0.00042523215989175256
223.0252100840336,4.982863514647306e6,0.0003997011023859304
223.0252100840336,5.383843622033489e6,0.00037570293669509156
223.0252100840336,5.817091329374358e6,0.0003531456275670369
223.0252100840336,6.285203269240097e6,0.00033194266557178524
223.0252100840336,6.790985029955707e6,0.0003120127353296645
223.0252100840336,7.337467970651373e6,0.0002932794036590816
223.0252100840336,7.927927389450606e6,0.00027567082644798963
223.0252100840336,8.565902153685499e6,0.00025911947312487135
223.0252100840336,9.255215909791354e6,0.00024356186767256164
223.0252100840336,1.0e7,0.00022893834519167365
226.30252100840337,1000.0,0.35035917547439405
226.30252100840337,1080.4718223181285,0.3293235128401142
226.30252100840337,1167.4193588234587,0.3095508372586606
226.30252100840337,1261.3637220374437,0.29096531863505043
226.30252100840337,1362.867959355774,0.273495679734356
226.30252100840337,1472.5404276241222,0.25707492282671934
226.30252100840337,1591.0384392721533,0.2416400727446735
226.30252100840337,1719.0722018585745,0.22713193536737408
226.30252100840337,1857.4090746385718,0.21349487060550554
226.30252100840337,2006.8781676649664,0.20067657901623653
226.30252100840337,2168.375310987435,0.18862790122987277
226.30252100840337,2342.8684237322327,0.17730262941899116
226.30252100840337,2531.403315241567,0.16665733008701678
226.30252100840337,2735.109953041208,0.15665117749662583
226.30252100840337,2955.209235202888,0.14724579709915256
226.30252100840337,3193.020307691027,0.1384051183645384
226.30252100840337,3449.9684705497157,0.13009523644741192
226.30252100840337,3727.593720314942,0.12228428215877594
226.30252100840337,4027.5599798502976,0.11494229974463155
226.30252100840337,4351.665070924416,0.1080411320028064
226.30252100840337,4701.851489299852,0.10155431229740143
226.30252100840337,5080.218046913023,0.09545696305672023
226.30252100840337,5489.032450921557,0.08972570036541148
226.30252100840337,5930.744895010559,0.08433854428492447
226.30252100840337,6408.002744415996,0.07927483455835099
226.30252100840337,6923.6664026787275,0.07451515137637099
226.30252100840337,7480.826455225086,0.0700412409004337
226.30252100840337,8082.822192522714,0.06583594525754695
226.30252100840337,8733.261623828437,0.0618831367381996
226.30252100840337,9436.04310147889,0.058167655945058724
226.30252100840337,10195.378685327301,0.05467525365523615
226.30252100840337,11015.819387358995,0.05139253617316098
226.30252100840337,11902.282447787144,0.048306913964480856
226.30252100840337,12860.08080610565,0.04540655337399799
226.30252100840337,13894.954943731389,0.04268033124247376
226.30252100840337,15013.107289081743,0.04011779224825348
226.30252100840337,16221.239391291729,0.0377091088101111
226.30252100840337,17526.592085367585,0.03544504339753899
226.30252100840337,18936.988889503602,0.03331691310393824
226.30252100840337,20460.88289466011,0.03131655634684429
226.30252100840337,22107.407427431233,0.02943630156748064
226.30252100840337,23886.430789846003,0.027668937809599774
226.30252100840337,25808.615404180768,0.026007687064779048
226.30252100840337,27885.481717262915,0.0244461782781122
226.30252100840337,30129.47724726992,0.022978422914606906
226.30252100840337,32554.05118685032,0.021598791992582408
226.30252100840337,35173.7350096938,0.02030199449598836
226.30252100840337,38004.22956365882,0.019083057082854075
226.30252100840337,41062.49917244294,0.017937305012048183
226.30252100840337,44366.873309786155,0.016860344215200978
226.30252100840337,47937.15645558219,0.015848044445033488
226.30252100840337,51794.74679231213,0.014896523435465504
226.30252100840337,55962.76445319552,0.014002132012755363
226.30252100840337,60466.19009070435,0.0131614401005708
226.30252100840337,65332.014595937704,0.012371223565319462
226.30252100840337,70589.40086618738,0.011628451851289285
226.30252100840337,76269.85859023452,0.010930276358178576
226.30252100840337,82407.43309893666,0.010274019516442476
226.30252100840337,89038.90941296735,0.009657164518558489
226.30252100840337,96204.0327106476,0.009077345666829908
226.30252100840337,103945.74653722627,0.008532339300709684
226.30252100840337,112310.45018329516,0.008020055268850338
226.30252100840337,121348.27677491431,0.007538528913174391
226.30252100840337,131113.3937421563,0.007085913534223396
226.30252100840337,141664.3274669022,0.0066604733088895494
226.30252100840337,153064.31405563594,0.006260576633368727
226.30252100840337,165381.6783395673,0.005884689865804319
226.30252100840337,178690.24337358287,0.005531371444624643
226.30252100840337,193069.77288832495,0.005199266360016925
226.30252100840337,208606.44934719568,0.004887100957335554
226.30252100840337,225393.39047347888,0.004593678052515151
226.30252100840337,243531.20734334175,0.004317872340755593
226.30252100840337,263128.6073895945,0.004058626080870894
226.30252100840337,284303.0459302665,0.003814945038750935
226.30252100840337,307181.43012686964,0.003585894674378931
226.30252100840337,331900.87959146773,0.003370596557781412
226.30252100840337,358609.54820118286,0.0031682250001655705
226.30252100840337,387467.51204561285,0.0029780038873240566
226.30252100840337,418647.72882899473,0.0027992037031630396
226.30252100840337,452337.0744772105,0.0026311387319384746
226.30252100840337,488737.4631624427,0.00247316442847089
226.30252100840337,528067.0574582637,0.0023246749462531827
226.30252100840337,570561.5758781021,0.0021851008139715552
226.30252100840337,616475.7056337161,0.0020539067515287527
226.30252100840337,666084.6290809154,0.0019305896171938864
226.30252100840337,719685.6730011514,0.0018146764780059505
226.30252100840337,777600.0906038043,0.0017057227960308437
226.30252100840337,840174.9869294344,0.0016033107235160536
226.30252100840337,907785.3991937558,0.0015070475004046837
226.30252100840337,980836.5445406671,0.0014165639480632245
226.30252100840337,1.0597662486760707e6,0.0013315130534463106
226.30252100840337,1.1450475699382813e6,0.001251568638268624
226.30252100840337,1.2371916345321594e6,0.0011764241080800951
226.30252100840337,1.336750699919709e6,0.0011057912764469587
226.30252100840337,1.4443214647272818e6,0.0010393992597293373
226.30252100840337,1.5605486450070748e6,0.0009769934382166518
226.30252100840337,1.6861288382868804e6,0.000918334479636779
226.30252100840337,1.8218146985669748e6,0.0008631974212939809
226.30252100840337,1.9684194472866112e6,0.0008113708073155273
226.30252100840337,2.126821747296208e6,0.0007626558776982776
226.30252100840337,2.2979709690469606e6,0.0007168658060451254
226.30252100840337,2.48289288056033e6,0.0006738249830679665
226.30252100840337,2.6826957952797273e6,0.0006333683431093446
226.30252100840337,2.898577214651068e6,0.0005953407310999232
226.30252100840337,3.131831005243845e6,0.0005595963075240122
226.30252100840337,3.383855153428233e6,0.0005259979891111292
226.30252100840337,3.6561601440851935e6,0.0004944169231085919
226.30252100840337,3.9503780135666407e6,0.0004647319931189354
226.30252100840337,4.268272131163825e6,0.00043682935460698593
226.30252100840337,4.611747767708261e6,0.00041060199829522195
226.30252100840337,4.982863514647306e6,0.00038594933977299415
226.30252100840337,5.383843622033489e6,0.0003627768337457296
226.30252100840337,5.817091329374358e6,0.0003409956114447165
226.30252100840337,6.285203269240097e6,0.00032052213980690765
226.30252100840337,6.790985029955707e6,0.00030127790111766456
226.30252100840337,7.337467970651373e6,0.0002831890918878394
226.30252100840337,7.927927389450606e6,0.00026618633981036107
226.30252100840337,8.565902153685499e6,0.00025020443771082897
226.30252100840337,9.255215909791354e6,0.0002351820934717827
226.30252100840337,1.0e7,0.00022106169497159366
229.57983193277312,1000.0,0.33847537321435345
229.57983193277312,1080.4718223181285,0.31815321738296004
229.57983193277312,1167.4193588234587,0.29905120945690267
229.57983193277312,1261.3637220374437,0.2810960914155642
229.57983193277312,1362.867959355774,0.2642190036703206
229.57983193277312,1472.5404276241222,0.2483552209814591
229.57983193277312,1591.0384392721533,0.2334439042307154
229.57983193277312,1719.0722018585745,0.21942786709745812
229.57983193277312,1857.4090746385718,0.20625335674369946
229.57983193277312,2006.8781676649664,0.19386984766683968
229.57983193277312,2168.375310987435,0.18222984792955005
229.57983193277312,2342.8684237322327,0.1712887170236683
229.57983193277312,2531.403315241567,0.16100449466959477
229.57983193277312,2735.109953041208,0.15133773989462282
229.57983193277312,2955.209235202888,0.14225137977304977
229.57983193277312,3193.020307691027,0.13371056724797462
229.57983193277312,3449.9684705497157,0.12568254748951338
229.57983193277312,3727.593720314942,0.11813653227690614
229.57983193277312,4027.5599798502976,0.11104358192275639
229.57983193277312,4351.665070924416,0.10437649428657186
229.57983193277312,4701.851489299852,0.0981097004519641
229.57983193277312,5080.218046913023,0.09221916666741754
229.57983193277312,5489.032450921557,0.08668230217456221
229.57983193277312,5930.744895010559,0.08147787257046277
229.57983193277312,6408.002744415996,0.07658591837165979
229.57983193277312,6923.6664026787275,0.07198767846764878
229.57983193277312,7480.826455225086,0.06766551817023375
229.57983193277312,8082.822192522714,0.06360286158281749
229.57983193277312,8733.261623828437,0.0597841280302585
229.57983193277312,9436.04310147889,0.05619467230549746
229.57983193277312,10195.378685327301,0.0528207285037923
229.57983193277312,11015.819387358995,0.04964935722916194
229.57983193277312,11902.282447787144,0.04666839597056967
229.57983193277312,12860.08080610565,0.043866412457534344
229.57983193277312,13894.954943731389,0.04123266081628373
229.57983193277312,15013.107289081743,0.038757040358304816
229.57983193277312,16221.239391291729,0.036430056843240397
229.57983193277312,17526.592085367585,0.034242786067573056
229.57983193277312,18936.988889503602,0.03218683963945409
229.57983193277312,20460.88289466011,0.03025433280842146
229.57983193277312,22107.407427431233,0.028437854226630473
229.57983193277312,23886.430789846003,0.026730437525628547
229.57983193277312,25808.615404180768,0.02512553459966845
229.57983193277312,27885.481717262915,0.023616990493098643
229.57983193277312,30129.47724726992,0.022199019795521954
229.57983193277312,32554.05118685032,0.0208661844541954
229.57983193277312,35173.7350096938,0.019613372918579744
229.57983193277312,38004.22956365882,0.018435780537056055
229.57983193277312,41062.49917244294,0.017328891130628958
229.57983193277312,44366.873309786155,0.01628845967294982
229.57983193277312,47937.15645558219,0.015310496010236247
229.57983193277312,51794.74679231213,0.014391249558651991
229.57983193277312,55962.76445319552,0.013527194920460683
229.57983193277312,60466.19009070435,0.01271501836378947
229.57983193277312,65332.014595937704,0.011951605114151607
229.57983193277312,70589.40086618738,0.011234027408989431
229.57983193277312,76269.85859023452,0.010559533269425977
229.57983193277312,82407.43309893666,0.009925535946163824
229.57983193277312,89038.90941296735,0.009329603999054931
229.57983193277312,96204.0327106476,0.00876945197229606
229.57983193277312,103945.74653722627,0.008242931629487964
229.57983193277312,112310.45018329516,0.007748023714944083
229.57983193277312,121348.27677491431,0.007282830209652606
229.57983193277312,131113.3937421563,0.006845567052192668
229.57983193277312,141664.3274669022,0.006434557296688789
229.57983193277312,153064.31405563594,0.006048224681563706
229.57983193277312,165381.6783395673,0.0056850875844249495
229.57983193277312,178690.24337358287,0.005343753339901827
229.57983193277312,193069.77288832495,0.005022912898641005
229.57983193277312,208606.44934719568,0.004721335806977517
229.57983193277312,225393.39047347888,0.0044378654880276895
229.57983193277312,243531.20734334175,0.004171414806106588
229.57983193277312,263128.6073895945,0.0039209618974590955
229.57983193277312,284303.0459302665,0.003685546251315004
229.57983193277312,307181.43012686964,0.0034642650262387002
229.57983193277312,331900.87959146773,0.00325626958764623
229.57983193277312,358609.54820118286,0.003060762253210806
229.57983193277312,387467.51204561285,0.00287699323367506
229.57983193277312,418647.72882899473,0.002704257757337812
229.57983193277312,452337.0744772105,0.0025418933671874206
229.57983193277312,488737.4631624427,0.002389277380316038
229.57983193277312,528067.0574582637,0.0022458244998713023
229.57983193277312,570561.5758781021,0.0021109845703871487
229.57983193277312,616475.7056337161,0.001984240467885173
229.57983193277312,666084.6290809154,0.0018651061166548909
229.57983193277312,719685.6730011514,0.0017531246251070785
229.57983193277312,777600.0906038043,0.0016478665335509827
229.57983193277312,840174.9869294344,0.0015489281671754965
229.57983193277312,907785.3991937558,0.0014559300879177753
229.57983193277312,980836.5445406671,0.0013685156392821227
229.57983193277312,1.0597662486760707e6,0.0012863495785283392
229.57983193277312,1.1450475699382813e6,0.0012091167909838666
229.57983193277312,1.2371916345321594e6,0.0011365210815489962
229.57983193277312,1.336750699919709e6,0.0010682840387604316
229.57983193277312,1.4443214647272818e6,0.001004143967056807
229.57983193277312,1.5605486450070748e6,0.0009438548831512581
229.57983193277312,1.6861288382868804e6,0.0008871855726620897
229.57983193277312,1.8218146985669748e6,0.0008339187033835823
229.57983193277312,1.9684194472866112e6,0.0007838499917962774
229.57983193277312,2.126821747296208e6,0.0007367874196202145
229.57983193277312,2.2979709690469606e6,0.0006925504974065267
229.57983193277312,2.48289288056033e6,0.0006509695723432079
229.57983193277312,2.6826957952797273e6,0.0006118851776204156
229.57983193277312,2.898577214651068e6,0.0005751474208600531
229.57983193277312,3.131831005243845e6,0.0005406154092642198
229.57983193277312,3.383855153428233e6,0.000508156709277907
229.57983193277312,3.6561601440851935e6,0.00047764683869369227
229.57983193277312,3.9503780135666407e6,0.00044896878925061387
229.57983193277312,4.268272131163825e6,0.0004220125778963386
229.57983193277312,4.611747767708261e6,0.00039667482499167997
229.57983193277312,4.982863514647306e6,0.0003728583578398245
229.57983193277312,5.383843622033489e6,0.0003504718380197851
229.57983193277312,5.817091329374358e6,0.00032942941109485055
229.57983193277312,6.285203269240097e6,0.00030965037735264085
229.57983193277312,6.790985029955707e6,0.0002910588823140195
229.57983193277312,7.337467970651373e6,0.0002735836258239386
229.57983193277312,7.927927389450606e6,0.00025715758860854905
229.57983193277312,8.565902153685499e6,0.00024171777524990116
229.57983193277312,9.255215909791354e6,0.0002272049725925115
229.57983193277312,1.0e7,0.0002135635226552707
232.85714285714286,1000.0,0.3271546382629271
232.85714285714286,1080.4718223181285,0.30751218251613355
232.85714285714286,1167.4193588234587,0.28904906529198254
232.85714285714286,1261.3637220374437,0.2716944787765782
232.85714285714286,1362.867959355774,0.2553818664769231
232.85714285714286,1472.5404276241222,0.24004866797042662
232.85714285714286,1591.0384392721533,0.22563607897972304
232.85714285714286,1719.0722018585745,0.21208882585266423
232.85714285714286,1857.4090746385718,0.19935495358259642
232.85714285714286,2006.8781676649664,0.18738562655595908
232.85714285714286,2168.375310987435,0.17613494126305324
232.85714285714286,2342.8684237322327,0.16555975025370834
232.85714285714286,2531.403315241567,0.15561949666269825
232.85714285714286,2735.109953041208,0.14627605867029944
232.85714285714286,2955.209235202888,0.13749360330147892
232.85714285714286,3193.020307691027,0.1292384490030216
232.85714285714286,3449.9684705497157,0.12147893647156269
232.85714285714286,3727.593720314942,0.11418530723714368
232.85714285714286,4027.5599798502976,0.10732958953664436
232.85714285714286,4351.665070924416,0.10088549103940492
232.85714285714286,4701.851489299852,0.0948282980136333
232.85714285714286,5080.218046913023,0.08913478054688845
232.85714285714286,5489.032450921557,0.08378310345715295
232.85714285714286,5930.744895010559,0.0787527425528288
232.85714285714286,6408.002744415996,0.07402440592050705
232.85714285714286,6923.6664026787275,0.06957995993864179
232.85714285714286,7480.826455225086,0.06540235973338339
232.85714285714286,8082.822192522714,0.06147558380986308
232.85714285714286,8733.261623828437,0.05778457260823349
232.85714285714286,9436.04310147889,0.05431517074882166
232.85714285714286,10195.378685327301,0.051054072744899016
232.85714285714286,11015.819387358995,0.04798877197487201
232.85714285714286,11902.282447787144,0.04510751271819652
232.85714285714286,12860.08080610565,0.04239924507106926
232.85714285714286,13894.954943731389,0.03985358256899394
232.85714285714286,15013.107289081743,0.0374607623537002
232.85714285714286,16221.239391291729,0.035211607731651585
232.85714285714286,17526.592085367585,0.03309749298055165
232.85714285714286,18936.988889503602,0.031110310268876902
232.85714285714286,20460.88289466011,0.029242438561570366
232.85714285714286,22107.407427431233,0.027486714392645852
232.85714285714286,23886.430789846003,0.02583640439261339
232.85714285714286,25808.615404180768,0.02428517946536565
232.85714285714286,27885.481717262915,0.022827090515491092
232.85714285714286,30129.47724726992,0.021456545632926316
232.85714285714286,32554.05118685032,0.020168288647448115
232.85714285714286,35173.7350096938,0.018957378970759758
232.85714285714286,38004.22956365882,0.01781917264886413
232.85714285714286,41062.49917244294,0.016749304552057594
232.85714285714286,44366.873309786155,0.015743671634241656
232.85714285714286,47937.15645558219,0.01479841719735023
232.85714285714286,51794.74679231213,0.013909916100544973
232.85714285714286,55962.76445319552,0.013074760857454754
232.85714285714286,60466.19009070435,0.012289748568140791
232.85714285714286,65332.014595937704,0.011551868635670091
232.85714285714286,70589.40086618738,0.0108582912201894
232.85714285714286,76269.85859023452,0.010206356386219657
232.85714285714286,82407.43309893666,0.009593563901550061
232.85714285714286,89038.90941296735,0.009017563648609166
232.85714285714286,96204.0327106476,0.008476146611540154
232.85714285714286,103945.74653722627,0.007967236404414477
232.85714285714286,112310.45018329516,0.007488881308093998
232.85714285714286,121348.27677491431,0.007039246785202092
232.85714285714286,131113.3937421563,0.0066166084444979996
232.85714285714286,141664.3274669022,0.0062193454276721055
232.85714285714286,153064.31405563594,0.005845934193199886
232.85714285714286,165381.6783395673,0.00549494267341495
232.85714285714286,178690.24337358287,0.005165024782393104
232.85714285714286,193069.77288832495,0.004854915253584552
232.85714285714286,208606.44934719568,0.004563424787396123
232.85714285714286,225393.39047347888,0.004289435490113992
232.85714285714286,243531.20734334175,0.004031896586674763
232.85714285714286,263128.6073895945,0.003789820390842997
232.85714285714286,284303.0459302665,0.0035622785173403454
232.85714285714286,307181.43012686964,0.0033483983213995626
232.85714285714286,331900.87959146773,0.0031473595520886705
232.85714285714286,358609.54820118286,0.0029583912065704737
232.85714285714286,387467.51204561285,0.002780768573233202
232.85714285714286,418647.72882899473,0.0026138104523524292
232.85714285714286,452337.0744772105,0.0024568765436252115
232.85714285714286,488737.4631624427,0.0023093649905574286
232.85714285714286,528067.0574582637,0.0021707100722867536
232.85714285714286,570561.5758781021,0.002040380033989255
232.85714285714286,616475.7056337161,0.0019178750475489742
232.85714285714286,666084.6290809154,0.0018027252946694685
232.85714285714286,719685.6730011514,0.0016944891650758783
232.85714285714286,777600.0906038043,0.0015927515628974384
232.85714285714286,840174.9869294344,0.0014971223147352724
232.85714285714286,907785.3991937558,0.0014072346733102078
232.85714285714286,980836.5445406671,0.001322743910952029
232.85714285714286,1.0597662486760707e6,0.001243325997536005
232.85714285714286,1.1450475699382813e6,0.0011686763577964893
232.85714285714286,1.2371916345321594e6,0.0010985087032517526
232.85714285714286,1.336750699919709e6,0.001032553934260371
232.85714285714286,1.4443214647272818e6,0.0009705591079984643
232.85714285714286,1.5605486450070748e6,0.0009122864683998607
232.85714285714286,1.6861288382868804e6,0.0008575125343389253
232.85714285714286,1.8218146985669748e6,0.0008060272425591513
232.85714285714286,1.9684194472866112e6,0.0007576331420605546
232.85714285714286,2.126821747296208e6,0.0007121446368562713
232.85714285714286,2.2979709690469606e6,0.0006693872741942648
232.85714285714286,2.48289288056033e6,0.000629197075514395
232.85714285714286,2.6826957952797273e6,0.0005914199075750221
232.85714285714286,2.898577214651068e6,0.0005559108913373286
232.85714285714286,3.131831005243845e6,0.0005225338463404049
232.85714285714286,3.383855153428233e6,0.0004911607684362046
232.85714285714286,3.6561601440851935e6,0.00046167133888143965
232.85714285714286,3.9503780135666407e6,0.0004339524629037329
232.85714285714286,4.268272131163825e6,0.0004078978359723904
232.85714285714286,4.611747767708261e6,0.0003834075361103988
232.85714285714286,4.982863514647306e6,0.00036038764068411697
232.85714285714286,5.383843622033489e6,0.0003387498662010301
232.85714285714286,5.817091329374358e6,0.0003184112297341421
232.85714285714286,6.285203269240097e6,0.0002992937306745429
232.85714285714286,6.790985029955707e6,0.00028132405159164166
232.85714285714286,7.337467970651373e6,0.0002644332770538329
232.85714285714286,7.927927389450606e6,0.0002485566293312497
232.85714285714286,8.565902153685499e6,0.00023363321996699838
232.85714285714286,9.255215909791354e6,0.00021960581626412172
232.85714285714286,1.0e7,0.00020642062179275454
236.1344537815126,1000.0,0.3163629204703202
236.1344537815126,1080.4718223181285,0.2973684024703327
236.1344537815126,1167.4193588234587,0.2795143206299158
236.1344537815126,1261.3637220374437,0.2627322028439049
236.1344537815126,1362.867959355774,0.24695768809143065
236.1344537815126,1472.5404276241222,0.23213027960527058
236.1344537815126,1591.0384392721533,0.21819311286098325
236.1344537815126,1719.0722018585745,0.2050927374960388
236.1344537815126,1857.4090746385718,0.1927789123225835
236.1344537815126,2006.8781676649664,0.18120441264769865
236.1344537815126,2168.375310987435,0.17032484916220214
236.1344537815126,2342.8684237322327,0.16009849770341864
236.1344537815126,2531.403315241567,0.15048613923903964
236.1344537815126,2735.109953041208,0.14145090945839672
236.1344537815126,2955.209235202888,0.13295815739431838
236.1344537815126,3193.020307691027,0.12497531253336856
236.1344537815126,3449.9684705497157,0.11747175990482385
236.1344537815126,3727.593720314942,0.11041872266934369
236.1344537815126,4027.5599798502976,0.10378915175704942
236.1344537815126,4351.665070924416,0.09755762213176364
236.1344537815126,4701.851489299852,0.09170023528357382
236.1344537815126,5080.218046913023,0.08619452757576936
236.1344537815126,5489.032450921557,0.08101938409465466
236.1344537815126,5930.744895010559,0.07615495767184256
236.1344537815126,6408.002744415996,0.07158259276847262
236.1344537815126,6923.6664026787275,0.0672847539294418
236.1344537815126,7480.826455225086,0.0632449585332635
236.1344537815126,8082.822192522714,0.05944771357964307
236.1344537815126,8733.261623828437,0.05587845627234561
236.1344537815126,9436.04310147889,0.05252349816948484
236.1344537815126,10195.378685327301,0.04936997268704391
236.1344537815126,11015.819387358995,0.04640578575429957
236.1344537815126,11902.282447787144,0.043619569431908825
236.1344537815126,12860.08080610565,0.04100063831477801
236.1344537815126,13894.954943731389,0.03853894855251613
236.1344537815126,15013.107289081743,0.03622505933031179
236.1344537815126,16221.239391291729,0.0340500966625083
236.1344537815126,17526.592085367585,0.032005719360023485
236.1344537815126,18936.988889503602,0.03008408704109452
236.1344537815126,20460.88289466011,0.028277830062666886
236.1344537815126,22107.407427431233,0.026580021257110897
236.1344537815126,23886.430789846003,0.0249841493658738
236.1344537815126,25808.615404180768,0.023484094068182897
236.1344537815126,27885.481717262915,0.022074102509031926
236.1344537815126,30129.47724726992,0.02074876723643409
236.1344537815126,32554.05118685032,0.0195030054633284
236.1344537815126,35173.7350096938,0.01833203957460692
236.1344537815126,38004.22956365882,0.017231378804505627
236.1344537815126,41062.49917244294,0.016196802014089715
236.1344537815126,44366.873309786155,0.015224341502783572
236.1344537815126,47937.15645558219,0.01431026779186109
236.1344537815126,51794.74679231213,0.013451075321539179
236.1344537815126,55962.76445319552,0.012643469006822103
236.1344537815126,60466.19009070435,0.011884351600536499
236.1344537815126,65332.014595937704,0.011170811815093313
236.1344537815126,70589.40086618738,0.010500113157422488
236.1344537815126,76269.85859023452,0.009869683434261284
236.1344537815126,82407.43309893666,0.009277104887548055
236.1344537815126,89038.90941296735,0.0087201049220896
236.1344537815126,96204.0327106476,0.008196547389942114
236.1344537815126,103945.74653722627,0.007704424398080261
236.1344537815126,112310.45018329516,0.007241848607936079
236.1344537815126,121348.27677491431,0.006807045997275728
236.1344537815126,131113.3937421563,0.006398349056655194
236.1344537815126,141664.3274669022,0.006014190394362639
236.1344537815126,153064.31405563594,0.005653096725321893
236.1344537815126,165381.6783395673,0.005313683220903723
236.1344537815126,178690.24337358287,0.004994648197976133
236.1344537815126,193069.77288832495,0.004694768126825494
236.1344537815126,208606.44934719568,0.0044128929388035105
236.1344537815126,225393.39047347888,0.004147941615704364
236.1344537815126,243531.20734334175,0.0038988980439568703
236.1344537815126,263128.6073895945,0.0036648071177321473
236.1344537815126,284303.0459302665,0.0034447710760217016
236.1344537815126,307181.43012686964,0.0032379460596384376
236.1344537815126,331900.87959146773,0.0030435388749362685
236.1344537815126,358609.54820118286,0.0028608039518368883
236.1344537815126,387467.51204561285,0.002689040484497488
236.1344537815126,418647.72882899473,0.0025275897436535548
236.1344537815126,452337.0744772105,0.002375832550329387
236.1344537815126,488737.4631624427,0.002233186901227719
236.1344537815126,528067.0574582637,0.0020991057366916057
236.1344537815126,570561.5758781021,0.001973074842678517
236.1344537815126,616475.7056337161,0.0018546108787004887
236.1344537815126,666084.6290809154,0.0017432595241672884
236.1344537815126,719685.6730011514,0.0016385937360236615
236.1344537815126,777600.0906038043,0.0015402121109985216
236.1344537815126,840174.9869294344,0.0014477373461851625
236.1344537815126,907785.3991937558,0.0013608147920486436
236.1344537815126,980836.5445406671,0.0012791110923110437
236.1344537815126,1.0597662486760707e6,0.0012023129054983595
236.1344537815126,1.1450475699382813e6,0.0011301257032461014
236.1344537815126,1.2371916345321594e6,0.0010622726407549469
236.1344537815126,1.336750699919709e6,0.0009984934950645536
236.1344537815126,1.4443214647272818e6,0.0009385436670737179
236.1344537815126,1.5605486450070748e6,0.0008821932434795009
236.1344537815126,1.6861288382868804e6,0.000829226115037813
236.1344537815126,1.8218146985669748e6,0.0007794391477638678
236.1344537815126,1.9684194472866112e6,0.0007326414038939923
236.1344537815126,2.126821747296208e6,0.0006886534096211103
236.1344537815126,2.2979709690469606e6,0.0006473064667955895
236.1344537815126,2.48289288056033e6,0.0006084420059517624
236.1344537815126,2.6826957952797273e6,0.0005719109781789184
236.1344537815126,2.898577214651068e6,0.0005375732835045228
236.1344537815126,3.131831005243845e6,0.0005052972335974759
236.1344537815126,3.383855153428233e6,0.0004749590467308147
236.1344537815126,3.6561601440851935e6,0.000446442373066994
236.1344537815126,3.9503780135666407e6,0.0004196378484451719
236.1344537815126,4.268272131163825e6,0.0003944426749592328
236.1344537815126,4.611747767708261e6,0.0003707602267180226
236.1344537815126,4.982863514647306e6,0.0003484996792758464
236.1344537815126,5.383843622033489e6,0.0003275756613120661
236.1344537815126,5.817091329374358e6,0.00030790792722395057
236.1344537815126,6.285203269240097e6,0.0002894210493771426
236.1344537815126,6.790985029955707e6,0.0002720441288334939
236.1344537815126,7.337467970651373e6,0.0002557105234468805
236.1344537815126,7.927927389450606e6,0.00024035759228422282
236.1344537815126,8.565902153685499e6,0.00022592645539153928
236.1344537815126,9.255215909791354e6,0.00021236176798370947
236.1344537815126,1.0e7,0.00019961150819195172
239.41176470588235,1000.0,0.3060686624516134
239.41176470588235,1080.4718223181285,0.2876922145748315
239.41176470588235,1167.4193588234587,0.2704190937550019
239.41176470588235,1261.3637220374437,0.25418305592783297
239.41176470588235,1362.867959355774,0.23892183434113307
239.41176470588235,1472.5404276241222,0.2245769007558823
239.41176470588235,1591.0384392721533,0.21109324098485893
239.41176470588235,1719.0722018585745,0.19841914390798993
239.41176470588235,1857.4090746385718,0.1865060031552764
239.41176470588235,2006.8781676649664,0.17530813069673395
239.41176470588235,2168.375310987435,0.16478258162444384
239.41176470588235,2342.8684237322327,0.1548889894547396
239.41176470588235,2531.403315241567,0.14558941131889439
239.41176470588235,2735.109953041208,0.1368481824486046
239.41176470588235,2955.209235202888,0.128631779398205
239.41176470588235,3193.020307691027,0.12090869147906042
239.41176470588235,3449.9684705497157,0.11364929991307118
239.41176470588235,3727.593720314942,0.10682576424183762
239.41176470588235,4027.5599798502976,0.10041191555584922
239.41176470588235,4351.665070924416,0.09438315613422238
239.41176470588235,4701.851489299852,0.08871636511009756
239.41176470588235,5080.218046913023,0.08338980979991122
239.41176470588235,5489.032450921557,0.07838306235648393
239.41176470588235,5930.744895010559,0.07367692142627948
239.41176470588235,6408.002744415996,0.06925333851038452
239.41176470588235,6923.6664026787275,0.0650953487467954
239.41176470588235,7480.826455225086,0.06118700584855591
239.41176470588235,8082.822192522714,0.0575133209482271
239.41176470588235,8733.261623828437,0.05406020511415237
239.41176470588235,9436.04310147889,0.0508144153180624
239.41176470588235,10195.378685327301,0.047763503646799294
239.41176470588235,11015.819387358995,0.044895769563383786
239.41176470588235,11902.282447787144,0.04220021503434093
239.41176470588235,12860.08080610565,0.03966650235119375
239.41176470588235,13894.954943731389,0.03728491448436595
239.41176470588235,15013.107289081743,0.035046317817448006
239.41176470588235,16221.239391291729,0.03294212711890734
239.41176470588235,17526.592085367585,0.030964272616907734
239.41176470588235,18936.988889503602,0.029105169050965166
239.41176470588235,20460.88289466011,0.027357686581751115
239.41176470588235,22107.407427431233,0.025715123447479376
239.41176470588235,23886.430789846003,0.02417118026201087
239.41176470588235,25808.615404180768,0.022719935856107792
239.41176470588235,27885.481717262915,0.021355824569185056
239.41176470588235,30129.47724726992,0.020073614904471775
239.41176470588235,32554.05118685032,0.018868389465722616
239.41176470588235,35173.7350096938,0.017735526098534578
239.41176470588235,38004.22956365882,0.0166706801639445
239.41176470588235,41062.49917244294,0.015669767876324528
239.41176470588235,44366.873309786155,0.014728950641675174
239.41176470588235,47937.15645558219,0.013844620336251551
239.41176470588235,51794.74679231213,0.013013385469064906
239.41176470588235,55962.76445319552,0.012232058175191601
239.41176470588235,60466.19009070435,0.011497641990007312
239.41176470588235,65332.014595937704,0.01080732035745968
239.41176470588235,70589.40086618738,0.010158445828307458
239.41176470588235,76269.85859023452,0.009548529906900374
239.41176470588235,82407.43309893666,0.008975233507561265
239.41176470588235,89038.90941296735,0.008436357983969498
239.41176470588235,96204.0327106476,0.0079298366971429
239.41176470588235,103945.74653722627,0.007453727089680304
239.41176470588235,112310.45018329516,0.007006203235868842
239.41176470588235,121348.27677491431,0.00658554883908479
239.41176470588235,131113.3937421563,0.006190150649632533
239.41176470588235,141664.3274669022,0.005818492277778192
239.41176470588235,153064.31405563594,0.005469148378250575
239.41176470588235,165381.6783395673,0.005140779183906164
239.41176470588235,178690.24337358287,0.0048321253675945
239.41176470588235,193069.77288832495,0.004542003212518551
239.41176470588235,208606.44934719568,0.00426930007256799
239.41176470588235,225393.39047347888,0.0040129701052153575
239.41176470588235,243531.20734334175,0.0037720302606102795
239.41176470588235,263128.6073895945,0.0035455565114896658
239.41176470588235,284303.0459302665,0.003332680309445053
239.41176470588235,307181.43012686964,0.003132585253956723
239.41176470588235,331900.87959146773,0.002944503961419916
239.41176470588235,358609.54820118286,0.0027677151221555734
239.41176470588235,387467.51204561285,0.002601540734118989
239.41176470588235,418647.72882899473,0.0024453435026973625
239.41176470588235,452337.0744772105,0.0022985243966242275
239.41176470588235,488737.4631624427,0.0021605203506374735
239.41176470588235,528067.0574582637,0.002030802106070398
239.41176470588235,570561.5758781021,0.0019088721810942952
239.41176470588235,616475.7056337161,0.0017942629628282347
239.41176470588235,666084.6290809154,0.0016865349139991077
239.41176470588235,719685.6730011514,0.0015852748872742972
239.41176470588235,777600.0906038043,0.0014900945408022907
239.41176470588235,840174.9869294344,0.0014006288488846825
239.41176470588235,907785.3991937558,0.0013165347020678213
239.41176470588235,980836.5445406671,0.001237489591285372
239.41176470588235,1.0597662486760707e6,0.0011631903710053126
239.41176470588235,1.1450475699382813e6,0.0010933520966379293
239.41176470588235,1.2371916345321594e6,0.0010277069317461678
239.41176470588235,1.336750699919709e6,0.0009660031208673692
239.41176470588235,1.4443214647272818e6,0.0009080040240070881
239.41176470588235,1.5605486450070748e6,0.0008534872091021572
239.41176470588235,1.6861288382868804e6,0.0008022435989725336
239.41176470588235,1.8218146985669748e6,0.0007540766694903911
239.41176470588235,1.9684194472866112e6,0.00070880169589136
239.41176470588235,2.126821747296208e6,0.0006662450443374583
239.41176470588235,2.2979709690469606e6,0.000626243506014772
239.41176470588235,2.48289288056033e6,0.0005886436712121054
239.41176470588235,2.6826957952797273e6,0.0005533013409801206
239.41176470588235,2.898577214651068e6,0.0005200809741146234
239.41176470588235,3.131831005243845e6,0.0004888551673431305
239.41176470588235,3.383855153428233e6,0.00045950416672118136
239.41176470588235,3.6561601440851935e6,0.00043191540836454693
239.41176470588235,3.9503780135666407e6,0.0004059830867560097
239.41176470588235,4.268272131163825e6,0.00038160774897112173
239.41176470588235,4.611747767708261e6,0.0003586959132667639
239.41176470588235,4.982863514647306e6,0.00033715971056975176
239.41176470588235,5.383843622033489e6,0.00031691654749056725
239.41176470588235,5.817091329374358e6,0.00029788878956984007
239.41176470588235,6.285203269240097e6,0.0002800034635427979
239.41176470588235,6.790985029955707e6,0.0002631919774798428
239.41176470588235,7.337467970651373e6,0.0002473898577299646
239.41176470588235,7.927927389450606e6,0.00023253650165814535
239.41176470588235,8.565902153685499e6,0.00021857494522848088
239.41176470588235,9.255215909791354e6,0.000205451644541673
239.41176470588235,1.0e7,0.00019311627048907456
242.6890756302521,1000.0,0.29624258619752064
242.6890756302521,1080.4718223181285,0.2784560986801896
242.6890756302521,1167.4193588234587,0.2617375168352498
242.6890756302521,1261.3637220374437,0.24602272330822003
242.6890756302521,1362.867959355774,0.2312514503684685
242.6890756302521,1472.5404276241222,0.21736704877672386
242.6890756302521,1591.0384392721533,0.20431627052984297
242.6890756302521,1719.0722018585745,0.19204906464964724
242.6890756302521,1857.4090746385718,0.18051838523264913
242.6890756302521,2006.8781676649664,0.1696800110245316
242.6890756302521,2168.375310987435,0.1594923758274227
242.6890756302521,2342.8684237322327,0.14991640908956666
242.6890756302521,2531.403315241567,0.1409153860660343
242.6890756302521,2735.109953041208,0.13245478697582705
242.6890756302521,2955.209235202888,0.12450216461522727
242.6890756302521,3193.020307691027,0.11702701991968067
242.6890756302521,3449.9684705497157,0.1100006849969765
242.6890756302521,3727.593720314942,0.10339621318315
242.6890756302521,4027.5599798502976,0.09718827569945818
242.6890756302521,4351.665070924416,0.09135306451409961
242.6890756302521,4701.851489299852,0.08586820103614379
242.6890756302521,5080.218046913023,0.08071265029150262
242.6890756302521,5489.032450921557,0.07586664025180052
242.6890756302521,5930.744895010559,0.07131158600676105
242.6890756302521,6408.002744415996,0.06703001848930554
242.6890756302521,6923.6664026787275,0.06300551748001587
242.6890756302521,7480.826455225086,0.05922264863402866
242.6890756302521,8082.822192522714,0.05566690428885172
242.6890756302521,8733.261623828437,0.052324647826096006
242.6890756302521,9436.04310147889,0.04918306137374489
242.6890756302521,10195.378685327301,0.046230096648393205
242.6890756302521,11015.819387358995,0.04345442874893261
242.6890756302521,11902.282447787144,0.04084541272447656
242.6890756302521,12860.08080610565,0.03839304274995934
242.6890756302521,13894.954943731389,0.0360879137528434
242.6890756302521,15013.107289081743,0.03392118534377027
242.6890756302521,16221.239391291729,0.03188454791282454
242.6890756302521,17526.592085367585,0.029970190761388293
242.6890756302521,18936.988889503602,0.02817077214736757
242.6890756302521,20460.88289466011,0.026479391128911824
242.6890756302521,22107.407427431233,0.02488956109864437
242.6890756302521,23886.430789846003,0.023395184906904922
242.6890756302521,25808.615404180768,0.02199053147859983
242.6890756302521,27885.481717262915,0.020670213833982733
242.6890756302521,30129.47724726992,0.01942916842907407
242.6890756302521,32554.05118685032,0.018262635736487353
242.6890756302521,35173.7350096938,0.017166141992188164
242.6890756302521,38004.22956365882,0.016135482038182738
242.6890756302521,41062.49917244294,0.015166703195336357
242.6890756302521,44366.873309786155,0.014256090104472189
242.6890756302521,47937.15645558219,0.013400150477614916
242.6890756302521,51794.74679231213,0.012595601704733428
242.6890756302521,55962.76445319552,0.011839358264618648
242.6890756302521,60466.19009070435,0.01112851989161564
242.6890756302521,65332.014595937704,0.010460360452828487
242.6890756302521,70589.40086618738,0.00983231749314083
242.6890756302521,76269.85859023452,0.009241982407956338
242.6890756302521,82407.43309893666,0.008687091205970596
242.6890756302521,89038.90941296735,0.008165515826548647
242.6890756302521,96204.0327106476,0.007675255978409735
242.6890756302521,103945.74653722627,0.00721443146831961
242.6890756302521,112310.45018329516,0.006781274990370321
242.6890756302521,121348.27677491431,0.00637412534819366
242.6890756302521,131113.3937421563,0.005991421084114769
242.6890756302521,141664.3274669022,0.005631694490813191
242.6890756302521,153064.31405563594,0.005293565982525451
242.6890756302521,165381.6783395673,0.004975738804202148
242.6890756302521,178690.24337358287,0.004676994058328803
242.6890756302521,193069.77288832495,0.004396186030337746
242.6890756302521,208606.44934719568,0.004132237794683568
242.6890756302521,225393.39047347888,0.0038841370847310266
242.6890756302521,243531.20734334175,0.0036509324106160437
242.6890756302521,263128.6073895945,0.003431729410191439
242.6890756302521,284303.0459302665,0.003225687419062825
242.6890756302521,307181.43012686964,0.003032016246560575
242.6890756302521,331900.87959146773,0.0028499731452833106
242.6890756302521,358609.54820118286,0.002678859962590827
242.6890756302521,387467.51204561285,0.0025180204631222057
242.6890756302521,418647.72882899473,0.0023668378120706613
242.6890756302521,452337.0744772105,0.0022247322095632826
242.6890756302521,488737.4631624427,0.0020911586670732847
242.6890756302521,528067.0574582637,0.001965604917337054
242.6890756302521,570561.5758781021,0.0018475894497603927
242.6890756302521,616475.7056337161,0.0017366596637795053
242.6890756302521,666084.6290809154,0.0016323901330947085
242.6890756302521,719685.6730011514,0.0015343809741200274
242.6890756302521,777600.0906038043,0.0014422563123915478
242.6890756302521,840174.9869294344,0.0013556628410530283
242.6890756302521,907785.3991937558,0.0012742684658904311
242.6890756302521,980836.5445406671,0.0011977610317189758
242.6890756302521,1.0597662486760707e6,0.0011258471252382565
242.6890756302521,1.1450475699382813e6,0.001058250949764277
242.6890756302521,1.2371916345321594e6,0.0009947132675228864
242.6890756302521,1.336750699919709e6,0.0009349904054482106
242.6890756302521,1.4443214647272818e6,0.0008788533206732333
242.6890756302521,1.5605486450070748e6,0.0008260867221285635
242.6890756302521,1.6861288382868804e6,0.0007764882448806778
242.6890756302521,1.8218146985669748e6,0.0007298676740431148
242.6890756302521,1.9684194472866112e6,0.00068604621528426
242.6890756302521,2.126821747296208e6,0.0006448558091340462
242.6890756302521,2.2979709690469606e6,0.0006061384864598726
242.6890756302521,2.48289288056033e6,0.0005697457626399277
242.6890756302521,2.6826957952797273e6,0.0005355380681105175
242.6890756302521,2.898577214651068e6,0.0005033842131034857
242.6890756302521,3.131831005243845e6,0.000473160884520954
242.6890756302521,3.383855153428233e6,0.000444752173017842
242.6890756302521,3.6561601440851935e6,0.00041804912847848174
242.6890756302521,3.9503780135666407e6,0.0003929493421825444
242.6890756302521,4.268272131163825e6,0.0003693565540578373
242.6890756302521,4.611747767708261e6,0.0003471802835137575
242.6890756302521,4.982863514647306e6,0.0003263354824396014
242.6890756302521,5.383843622033489e6,0.00030674220903695825
242.6890756302521,5.817091329374358e6,0.00028832532123529463
242.6890756302521,6.285203269240097e6,0.0002710141885149548
242.6890756302521,6.790985029955707e6,0.00025474242103238633
242.6890756302521,7.337467970651373e6,0.00023944761500876437
242.6890756302521,7.927927389450606e6,0.00022507111340555296
242.6890756302521,8.565902153685499e6,0.00021155778096917441
242.6890756302521,9.255215909791354e6,0.0001988557927820555
242.6890756302521,1.0e7,0.00018691643550913225
245.96638655462183,1000.0,0.28685750052699716
245.96638655462183,1080.4718223181285,0.2696344961714576
245.96638655462183,1167.4193588234587,0.2534455658020818
245.96638655462183,1261.3637220374437,0.23822862332826752
245.96638655462183,1362.867959355774,0.22392531032561264
245.96638655462183,1472.5404276241222,0.21048077222579534
245.96638655462183,1591.0384392721533,0.19784344794407915
245.96638655462183,1719.0722018585745,0.1859648721376392
245.96638655462183,1857.4090746385718,0.17479948933635361
245.96638655462183,2006.8781676649664,0.16430447923323535
245.96638655462183,2168.375310987435,0.1544395924644741
245.96638655462183,2342.8684237322327,0.14516699624929147
245.96638655462183,2531.403315241567,0.1364511292976207
245.96638655462183,2735.109953041208,0.12825856542917127
245.96638655462183,2955.209235202888,0.12055788538084186
245.96638655462183,3193.020307691027,0.11331955631085312
245.96638655462183,3449.9684705497157,0.10651581853748456
245.96638655462183,3727.593720314942,0.10012057907805018
245.96638655462183,4027.5599798502976,0.09410931157982379
245.96638655462183,4351.665070924416,0.08845896225913877
245.96638655462183,4701.851489299852,0.08314786148793106
245.96638655462183,5080.218046913023,0.0781556406886507
245.96638655462183,5489.032450921557,0.0734631542188262
245.96638655462183,5930.744895010559,0.06905240594570083
245.96638655462183,6408.002744415996,0.06490648022934899
245.96638655462183,6923.6664026787275,0.06100947704958512
245.96638655462183,7480.826455225086,0.05734645102787126
245.96638655462183,8082.822192522714,0.053903354110366015
245.96638655462183,8733.261623828437,0.05066698169229965
245.96638655462183,9436.04310147889,0.04762492197705651
245.96638655462183,10195.378685327301,0.04476550837575214
245.96638655462183,11015.819387358995,0.042077774764753335
245.96638655462183,11902.282447787144,0.039551413429549036
245.96638655462183,12860.08080610565,0.0371767355336829
245.96638655462183,13894.954943731389,0.03494463396114231
245.96638655462183,15013.107289081743,0.03284654838970072
245.96638655462183,16221.239391291729,0.030874432461266036
245.96638655462183,17526.592085367585,0.029020722923330668
245.96638655462183,18936.988889503602,0.02727831062317752
245.96638655462183,20460.88289466011,0.025640513243601844
245.96638655462183,22107.407427431233,0.02410104967558801
245.96638655462183,23886.430789846003,0.02265401592965786
245.96638655462183,25808.615404180768,0.021293862493508696
245.96638655462183,27885.481717262915,0.02001537304910441
245.96638655462183,30129.47724726992,0.018813644467599092
245.96638655462183,32554.05118685032,0.01768406800537047
245.96638655462183,35173.7350096938,0.01662231162904909
245.96638655462183,38004.22956365882,0.015624303401757496
245.96638655462183,41062.49917244294,0.014686215866844269
245.96638655462183,44366.873309786155,0.013804451369223083
245.96638655462183,47937.15645558219,0.012975628258022658
245.96638655462183,51794.74679231213,0.012196567917633358
245.96638655462183,55962.76445319552,0.011464282577413496
245.96638655462183,60466.19009070435,0.010775963853304189
245.96638655462183,65332.014595937704,0.0101289719774089
245.96638655462183,70589.40086618738,0.009520825674232033
245.96638655462183,76269.85859023452,0.008949192644750893
245.96638655462183,82407.43309893666,0.008411880621826812
245.96638655462183,89038.90941296735,0.007906828962651645
245.96638655462183,96204.0327106476,0.007432100745986318
245.96638655462183,103945.74653722627,0.006985875343883281
245.96638655462183,112310.45018329516,0.006566441439404866
245.96638655462183,121348.27677491431,0.0061721904635597315
245.96638655462183,131113.3937421563,0.005801610426287518
245.96638655462183,141664.3274669022,0.00545328011783288
245.96638655462183,153064.31405563594,0.005125863658270676
245.96638655462183,165381.6783395673,0.004818105374279113
245.96638655462183,178690.24337358287,0.004528824983512941
245.96638655462183,193069.77288832495,0.004256913068108175
245.96638655462183,208606.44934719568,0.004001326819958877
245.96638655462183,225393.39047347888,0.003761086041448703
245.96638655462183,243531.20734334175,0.0035352693862996253
245.96638655462183,263128.6073895945,0.003323010826121194
245.96638655462183,284303.0459302665,0.003123496329109101
245.96638655462183,307181.43012686964,0.00293596073815566
245.96638655462183,331900.87959146773,0.0027596848363993834
245.96638655462183,358609.54820118286,0.002593992588959789
245.96638655462183,387467.51204561285,0.0024382485502792064
245.96638655462183,418647.72882899473,0.002291855427128522
245.96638655462183,452337.0744772105,0.0021542517879307127
245.96638655462183,488737.4631624427,0.0020249099096172757
245.96638655462183,528067.0574582637,0.0019033337537599493
245.96638655462183,570561.5758781021,0.0017890570642160836
245.96638655462183,616475.7056337161,0.0016816415789919058
245.96638655462183,666084.6290809154,0.001580675349466009
245.96638655462183,719685.6730011514,0.0014857711605271362
245.96638655462183,777600.0906038043,0.0013965650455673283
245.96638655462183,840174.9869294344,0.0013127148906353096
245.96638655462183,907785.3991937558,0.0012338991223968712
245.96638655462183,980836.5445406671,0.0011598154748705012
245.96638655462183,1.0597662486760707e6,0.0010901798302085383
245.96638655462183,1.1450475699382813e6,0.0010247251290781564
245.96638655462183,1.2371916345321594e6,0.0009632003464633726
245.96638655462183,1.336750699919709e6,0.0009053695289601886
245.96638655462183,1.4443214647272818e6,0.0008510108898728114
245.96638655462183,1.5605486450070748e6,0.0007999159586405307
245.96638655462183,1.6861288382868804e6,0.0007518887813332571
245.96638655462183,1.8218146985669748e6,0.0007067451691495303
245.96638655462183,1.9684194472866112e6,0.0006643119920349117
245.96638655462183,2.126821747296208e6,0.0006244265147117294
245.96638655462183,2.2979709690469606e6,0.0005869357725737793
245.96638655462183,2.48289288056033e6,0.0005516959850524871
245.96638655462183,2.6826957952797273e6,0.0005185720042047268
245.96638655462183,2.898577214651068e6,0.00048743679640757785
245.96638655462183,3.131831005243845e6,0.00045817095517227844
245.96638655462183,3.383855153428233e6,0.0004306622432089626
245.96638655462183,3.6561601440851935e6,0.0004048051619859591
245.96638655462183,3.9503780135666407e6,0.00038050054713286807
245.96638655462183,4.268272131163825e6,0.0003576551881357518
245.96638655462183,4.611747767708261e6,0.000336181470865934
245.96638655462183,4.982863514647306e6,0.00031599704157146366
245.96638655462183,5.383843622033489e6,0.0002970244910426317
245.96638655462183,5.817091329374358e6,0.0002791910577402744
245.96638655462183,6.285203269240097e6,0.00026242834874833743
245.96638655462183,6.790985029955707e6,0.0002466720774805263
245.96638655462183,7.337467970651373e6,0.00023186181713512097
245.96638655462183,7.927927389450606e6,0.0002179407689524336
245.96638655462183,8.565902153685499e6,0.00020485554438615425
245.96638655462183,9.255215909791354e6,0.00019255596035318553
245.96638655462183,1.0e7,0.00018099484677673965
249.2436974789916,1000.0,0.27788812710112043
249.2436974789916,1080.4718223181285,0.26120364642823357
249.2436974789916,1167.4193588234587,0.24552090662937334
249.2436974789916,1261.3637220374437,0.23077976290301033
249.2436974789916,1362.867959355774,0.21692368155827715
249.2436974789916,1472.5404276241222,0.20389952320287713
249.2436974789916,1591.0384392721533,0.19165733894845108
249.2436974789916,1719.0722018585745,0.18015017885183152
249.2436974789916,1857.4090746385718,0.1693339118575359
249.2436974789916,2006.8781676649664,0.15916705655096386
249.2436974789916,2168.375310987435,0.1496106220732198
249.2436974789916,2342.8684237322327,0.1406279585874535
249.2436974789916,2531.403315241567,0.1321846167232432
249.2436974789916,2735.109953041208,0.12424821545997732
249.2436974789916,2955.209235202888,0.11678831794255538
249.2436974789916,3193.020307691027,0.10977631475314788
249.2436974789916,3449.9684705497157,0.10318531419135292
249.2436974789916,3727.593720314942,0.09699003914196253
249.2436974789916,4027.5599798502976,0.09116673013481753
249.2436974789916,4351.665070924416,0.08569305422497502
249.2436974789916,4701.851489299852,0.08054801934373673
249.2436974789916,5080.218046913023,0.07571189379206511
249.2436974789916,5489.032450921557,0.07116613056763739
249.2436974789916,5930.744895010559,0.06689329623532418
249.2436974789916,6408.002744415996,0.06287700406830463
249.2436974789916,6923.6664026787275,0.0591018512034076
249.2436974789916,7480.826455225086,0.0555533595696637
249.2436974789916,8082.822192522714,0.05221792036352336
249.2436974789916,8733.261623828437,0.049082741857798526
249.2436974789916,9436.04310147889,0.04613580034417015
249.2436974789916,10195.378685327301,0.04336579402112069
249.2436974789916,11015.819387358995,0.040762099650448684
249.2436974789916,11902.282447787144,0.03831473181613771
249.2436974789916,12860.08080610565,0.03601430462933469
249.2436974789916,13894.954943731389,0.03385199573257152
249.2436974789916,15013.107289081743,0.0318195124651838
249.2436974789916,16221.239391291729,0.029909060060166675
249.2436974789916,17526.592085367585,0.028113311750500778
249.2436974789916,18936.988889503602,0.026425380670302496
249.2436974789916,20460.88289466011,0.0248387934430371
249.2436974789916,22107.407427431233,0.023347465355502885
249.2436974789916,23886.430789846003,0.021945677022376136
249.2436974789916,25808.615404180768,0.020628052451823645
249.2436974789916,27885.481717262915,0.01938953842806145
249.2436974789916,30129.47724726992,0.01822538513179101
249.2436974789916,32554.05118685032,0.017131127924189506
249.2436974789916,35173.7350096938,0.0161025702245945
249.2436974789916,38004.22956365882,0.015135767416217282
249.2436974789916,41062.49917244294,0.014227011718161512
249.2436974789916,44366.873309786155,0.013372817965730237
249.2436974789916,47937.15645558219,0.01256991024448719
249.2436974789916,51794.74679231213,0.011815209326812669
249.2436974789916,55962.76445319552,0.011105820862772302
249.2436974789916,60466.19009070435,0.010439024280009191
249.2436974789916,65332.014595937704,0.009812262350089702
249.2436974789916,70589.40086618738,0.00922313138128875
249.2436974789916,76269.85859023452,0.008669372000202933
249.2436974789916,82407.43309893666,0.008148860486838364
249.2436974789916,89038.90941296735,0.007659600629941948
249.2436974789916,96204.0327106476,0.007199716071341165
249.2436974789916,103945.74653722627,0.006767443109931578
249.2436974789916,112310.45018329516,0.006361123937715102
249.2436974789916,121348.27677491431,0.005979200281948314
249.2436974789916,131113.3937421563,0.005620207429018025
249.2436974789916,141664.3274669022,0.005282768607124974
249.2436974789916,153064.31405563594,0.004965589706232829
249.2436974789916,165381.6783395673,0.004667454315032832
249.2436974789916,178690.24337358287,0.004387219055890544
249.2436974789916,193069.77288832495,0.004123809199883669
249.2436974789916,208606.44934719568,0.0038762145451142127
249.2436974789916,225393.39047347888,0.003643485542487963
249.2436974789916,243531.20734334175,0.0034247296541031953
249.2436974789916,263128.6073895945,0.0032191079302828236
249.2436974789916,284303.0459302665,0.003025831792122389
249.2436974789916,307181.43012686964,0.002844160007214854
249.2436974789916,331900.87959146773,0.002673395846953677
249.2436974789916,358609.54820118286,0.0025128844145122196
249.2436974789916,387467.51204561285,0.0023620101332520087
249.2436974789916,418647.72882899473,0.0022201943859276718
249.2436974789916,452337.0744772105,0.002086893295634657
249.2436974789916,488737.4631624427,0.0019615956399895024
249.2436974789916,528067.0574582637,0.0018438208905432452
249.2436974789916,570561.5758781021,0.0017331173699090606
249.2436974789916,616475.7056337161,0.0016290605195364296
249.2436974789916,666084.6290809154,0.0015312512714886419
249.2436974789916,719685.6730011514,0.0014393145179792378
249.2436974789916,777600.0906038043,0.001352897672797896
249.2436974789916,840174.9869294344,0.0012716693191087297
249.2436974789916,907785.3991937558,0.0011953179384351239
249.2436974789916,980836.5445406671,0.0011235507159567109
249.2436974789916,1.0597662486760707e6,0.0010560924175366186
249.2436974789916,1.1450475699382813e6,0.0009926843341723365
249.2436974789916,1.2371916345321594e6,0.0009330832898220359
249.2436974789916,1.336750699919709e6,0.0008770607088012756
249.2436974789916,1.4443214647272818e6,0.0008244017391734787
249.2436974789916,1.5605486450070748e6,0.0007749044287722718
249.2436974789916,1.6861288382868804e6,0.0007283789506956905
249.2436974789916,1.8218146985669748e6,0.0006846468753019202
249.2436974789916,1.9684194472866112e6,0.0006435404859146164
249.2436974789916,2.126821747296208e6,0.0006049021356134702
249.2436974789916,2.2979709690469606e6,0.0005685836426432452
249.2436974789916,2.48289288056033e6,0.000534445722122629
249.2436974789916,2.6826957952797273e6,0.0005023574518734387
249.2436974789916,2.898577214651068e6,0.00047219577032159206
249.2436974789916,3.131831005243845e6,0.000443845004544245
249.2436974789916,3.383855153428233e6,0.0004171964266531102
249.2436974789916,3.6561601440851935e6,0.000392147836812644
249.2436974789916,3.9503780135666407e6,0.00036860317129394025
249.2436974789916,4.268272131163825e6,0.00034647213406117363
249.2436974789916,4.611747767708261e6,0.0003256698504777013
249.2436974789916,4.982863514647306e6,0.00030611654180374027
249.2436974789916,5.383843622033489e6,0.0002877372192372999
249.2436974789916,5.817091329374358e6,0.0002704613963249809
249.2436974789916,6.285203269240097e6,0.0002542228186397095
249.2436974789916,6.790985029955707e6,0.000238959209688696
249.2436974789916,7.337467970651373e6,0.00022461203207715098
249.2436974789916,7.927927389450606e6,0.00021112626301179814
249.2436974789916,8.565902153685499e6,0.00019845018328321957
249.2436974789916,9.255215909791354e6,0.00018653517891775812
249.2436974789916,1.0e7,0.00017533555473829728
252.52100840336135,1000.0,0.26931094299332825
252.52100840336135,1080.4718223181285,0.2531414388470282
252.52100840336135,1167.4193588234587,0.23794275624043684
252.52100840336135,1261.3637220374437,0.22365660677748275
252.52100840336135,1362.867959355774,0.21022820171365475
252.52100840336135,1472.5404276241222,0.19760604183594663
252.52100840336135,1591.0384392721533,0.18574171995846733
252.52100840336135,1719.0722018585745,0.17458973527627147
252.52100840336135,1857.4090746385718,0.16410731886543506
252.52100840336135,2006.8781676649664,0.154254269660158
252.52100840336135,2168.375310987435,0.1449928002778454
252.52100840336135,2342.8684237322327,0.1362873921008953
252.52100840336135,2531.403315241567,0.12810465905941454
252.52100840336135,2735.109953041208,0.12041321959246029
252.52100840336135,2955.209235202888,0.11318357629676293
252.52100840336135,3193.020307691027,0.10638800280137439
252.52100840336135,3449.9684705497157,0.10000043743439252
252.52100840336135,3727.593720314942,0.09399638327396691
252.52100840336135,4027.5599798502976,0.08835281420026883
252.52100840336135,4351.665070924416,0.08304808658812753
252.52100840336135,4701.851489299852,0.07806185630166539
252.52100840336135,5080.218046913023,0.07337500067259822
252.52100840336135,5489.032450921557,0.06896954516298033
252.52100840336135,5930.744895010559,0.0648285944311385
252.52100840336135,6408.002744415996,0.06093626753642683
252.52100840336135,6923.6664026787275,0.057277637034306016
252.52100840336135,7480.826455225086,0.05383867172817129
252.52100840336135,8082.822192522714,0.050606182858376224
252.52100840336135,8733.261623828437,0.047567773522082704
252.52100840336135,9436.04310147889,0.04471179112995752
252.52100840336135,10195.378685327301,0.04202728271738156
252.52100840336135,11015.819387358995,0.0395039529387871
252.52100840336135,11902.282447787144,0.03713212458402627
252.52100840336135,12860.08080610565,0.0349027014653481
252.52100840336135,13894.954943731389,0.03280713353265176
252.52100840336135,15013.107289081743,0.030837384083229738
252.52100840336135,16221.239391291729,0.028985898940246956
252.52100840336135,17526.592085367585,0.02724557748175292
252.52100840336135,18936.988889503602,0.02560974540911986
252.52100840336135,20460.88289466011,0.024072129150471536
252.52100840336135,22107.407427431233,0.022626831800937316
252.52100840336135,23886.430789846003,0.021268310507459982
252.52100840336135,25808.615404180768,0.01999135521142624
252.52100840336135,27885.481717262915,0.018791068667595303
252.52100840336135,30129.47724726992,0.01766284766269682
252.52100840336135,32554.05118685032,0.016602365361669355
252.52100840336135,35173.7350096938,0.015605554713835599
252.52100840336135,38004.22956365882,0.014668592855375476
252.52100840336135,41062.49917244294,0.013787886448279137
252.52100840336135,44366.873309786155,0.01296005789955325
252.52100840336135,47937.15645558219,0.012181932407830075
252.52100840336135,51794.74679231213,0.01145052578770163
252.52100840336135,55962.76445319552,0.010763033025084317
252.52100840336135,60466.19009070435,0.010116817519722635
252.52100840336135,65332.014595937704,0.009509400973575942
252.52100840336135,70589.40086618738,0.00893845388630933
252.52100840336135,76269.85859023452,0.008401786621437831
252.52100840336135,82407.43309893666,0.007897341008861917
252.52100840336135,89038.90941296735,0.007423182451588952
252.52100840336135,96204.0327106476,0.006977492506369454
252.52100840336135,103945.74653722627,0.006558561909793905
252.52100840336135,112310.45018329516,0.0061647840231047425
252.52100840336135,121348.27677491431,0.005794648670583604
252.52100840336135,131113.3937421563,0.005446736347883539
252.52100840336135,141664.3274669022,0.005119712778094584
252.52100840336135,153064.31405563594,0.004812323794664689
252.52100840336135,165381.6783395673,0.0045233905315514395
252.52100840336135,178690.24337358287,0.004251804902158478
252.52100840336135,193069.77288832495,0.003996525349717813
252.52100840336135,208606.44934719568,0.0037565728528203644
252.52100840336135,225393.39047347888,0.0035310271707755703
252.52100840336135,243531.20734334175,0.0033190233144006383
252.52100840336135,263128.6073895945,0.0031197482287046315
252.52100840336135,284303.0459302665,0.0029324376747450723
252.52100840336135,307181.43012686964,0.0027563732986987896
252.52100840336135,331900.87959146773,0.00259087987690655
252.52100840336135,358609.54820118286,0.002435322726325989
252.52100840336135,387467.51204561285,0.0022891052704616644
252.52100840336135,418647.72882899473,0.0021516667514373416
252.52100840336135,452337.0744772105,0.0020224800794361045
252.52100840336135,488737.4631624427,0.0019010498112606994
252.52100840336135,528067.0574582637,0.0017869102502616335
252.52100840336135,570561.5758781021,0.0016796236603461715
252.52100840336135,616475.7056337161,0.0015787785872186982
252.52100840336135,666084.6290809154,0.0014839882804142893
252.52100840336135,719685.6730011514,0.001394889210073824
252.52100840336135,777600.0906038043,0.0013111396727723376
252.52100840336135,840174.9869294344,0.0012324184810538264
252.52100840336135,907785.3991937558,0.0011584237316467432
252.52100840336135,980836.5445406671,0.001088871647636186
252.52100840336135,1.0597662486760707e6,0.0010234954901523886
252.52100840336135,1.1450475699382813e6,0.0009620445354017363
252.52100840336135,1.2371916345321594e6,0.0009042831131171282
252.52100840336135,1.336750699919709e6,0.000849989702740042
252.52100840336135,1.4443214647272818e6,0.0007989560838680905
252.52100840336135,1.5605486450070748e6,0.0007509865377099282
252.52100840336135,1.6861288382868804e6,0.0007058970964850424
252.52100840336135,1.8218146985669748e6,0.0006635148378897846
252.52100840336135,1.9684194472866112e6,0.0006236772219238554
252.52100840336135,2.126821747296208e6,0.0005862314675339179
252.52100840336135,2.2979709690469606e6,0.0005510339666836979
252.52100840336135,2.48289288056033e6,0.0005179497336034806
252.52100840336135,2.6826957952797273e6,0.00048685188710682355
252.52100840336135,2.898577214651068e6,0.00045762116398911175
252.52100840336135,3.131831005243845e6,0.00043014546164180746
252.52100840336135,3.383855153428233e6,0.0004043194081282612
252.52100840336135,3.6561601440851935e6,0.00038004395807229565
252.52100840336135,3.9503780135666407e6,0.00035722601280975015
252.52100840336135,4.268272131163825e6,0.000335778063346231
252.52100840336135,4.611747767708261e6,0.00031561785475178115
252.52100840336135,4.982863514647306e6,0.0002966680707053837
252.52100840336135,5.383843622033489e6,0.0002788560369795044
252.52100840336135,5.817091329374358e6,0.00026211344272750403
252.52100840336135,6.285203269240097e6,0.0002463760785050322
252.52100840336135,6.790985029955707e6,0.00023158359002068964
252.52100840336135,7.337467970651373e6,0.00021767924667156943
252.52100840336135,7.927927389450606e6,0.00020460972397598893
252.52100840336135,8.565902153685499e6,0.0001923248990690225
252.52100840336135,9.255215909791354e6,0.0001807776584765363
252.52100840336135,1.0e7,0.00016992371743052703
255.7983193277311,1000.0,0.2611040380503636
255.7983193277311,1080.4718223181285,0.2454272787662983
255.7983193277311,1167.4193588234587,0.2306917564829533
255.7983193277311,1261.3637220374437,0.21684095906823128
255.7983193277311,1362.867959355774,0.20382176739421048
255.7983193277311,1472.5404276241222,0.19158425162022819
255.7983193277311,1591.0384392721533,0.18008147970718402
255.7983193277311,1719.0722018585745,0.16926933742869785
255.7983193277311,1857.4090746385718,0.1591063591888475
255.7983193277311,2006.8781676649664,0.14955356899765754
255.7983193277311,2168.375310987435,0.14057433099446387
255.7983193277311,2342.8684237322327,0.132134208945897
255.7983193277311,2531.403315241567,0.12420083417964517
255.7983193277311,2735.109953041208,0.11674378144751221
255.7983193277311,2955.209235202888,0.10973445224169133
255.7983193277311,3193.020307691027,0.10314596511676245
255.7983193277311,3449.9684705497157,0.09695305259678763
255.7983193277311,3727.593720314942,0.0911319642721329
255.7983193277311,4027.5599798502976,0.08566037571438456
255.7983193277311,4351.665070924416,0.08051730286003836
255.7983193277311,4701.851489299852,0.07568302153461694
255.7983193277311,5080.218046913023,0.07113899180858076
255.7983193277311,5489.032450921557,0.0668677868949321
255.7983193277311,5930.744895010559,0.062853026315826
255.7983193277311,6408.002744415996,0.059079313081876826
255.7983193277311,6923.6664026787275,0.055532174643237
255.7983193277311,7480.826455225086,0.05219800738598924
255.7983193277311,8082.822192522714,0.049064024460990674
255.7983193277311,8733.261623828437,0.04611820674508813
255.7983193277311,9436.04310147889,0.04334925674663562
255.7983193277311,10195.378685327301,0.040746555278537024
255.7983193277311,11015.819387358995,0.038300120732652036
255.7983193277311,11902.282447787144,0.03600057079937751
255.7983193277311,12860.08080610565,0.03383908648559629
255.7983193277311,13894.954943731389,0.03180737829299819
255.7983193277311,15013.107289081743,0.02989765442706413
255.7983193277311,16221.239391291729,0.0281025909147915
255.7983193277311,17526.592085367585,0.026415303516559956
255.7983193277311,18936.988889503602,0.024829321324416467
255.7983193277311,20460.88289466011,0.023338561945526644
255.7983193277311,22107.407427431233,0.021937308175618675
255.7983193277311,23886.430789846003,0.02062018607296009
255.7983193277311,25808.615404180768,0.01938214434877934
255.7983193277311,27885.481717262915,0.01821843499509171
255.7983193277311,30129.47724726992,0.01712459507563648
255.7983193277311,32554.05118685032,0.01609642961009106
255.7983193277311,35173.7350096938,0.015129995485921657
255.7983193277311,38004.22956365882,0.01422158633617102
255.7983193277311,41062.49917244294,0.013367718325187974
255.7983193277311,44366.873309786155,0.012565116787785695
255.7983193277311,47937.15645558219,0.011810703670588752
255.7983193277311,51794.74679231213,0.011101585727405
255.7983193277311,55962.76445319552,0.010435043423350809
255.7983193277311,60466.19009070435,0.009808520505175623
255.7983193277311,65332.014595937704,0.00921961419778716
255.7983193277311,70589.40086618738,0.008666065989379976
255.7983193277311,76269.85859023452,0.008145752969827467
255.7983193277311,82407.43309893666,0.007656679689119289
255.7983193277311,89038.90941296735,0.007196970504620339
255.7983193277311,96204.0327106476,0.006764862387802599
255.7983193277311,103945.74653722627,0.006358698162862681
255.7983193277311,112310.45018329516,0.005976920151294748
255.7983193277311,121348.27677491431,0.005618064198044979
255.7983193277311,131113.3937421563,0.00528075405633745
255.7983193277311,141664.3274669022,0.004963696109636573
255.7983193277311,153064.31405563594,0.004665674410504467
255.7983193277311,165381.6783395673,0.0043855460173266
255.7983193277311,178690.24337358287,0.004122236611021825
255.7983193277311,193069.77288832495,0.0038747363749263375
255.7983193277311,208606.44934719568,0.0036420961220505273
255.7983193277311,225393.39047347888,0.003423423654856432
255.7983193277311,243531.20734334175,0.0032178803435951612
255.7983193277311,263128.6073895945,0.0030246779100819112
255.7983193277311,284303.0459302665,0.002843075404573982
255.7983193277311,307181.43012686964,0.0026723763641579327
255.7983193277311,331900.87959146773,0.0025119261417479344
255.7983193277311,358609.54820118286,0.0023611093954518186
255.7983193277311,387467.51204561285,0.0022193477286762808
255.7983193277311,418647.72882899473,0.002086097471920834
255.7983193277311,452337.0744772105,0.0019608475977534612
255.7983193277311,488737.4631624427,0.0018431177609717357
255.7983193277311,528067.0574582637,0.0017324564564331752
255.7983193277311,570561.5758781021,0.0016284392874900088
255.7983193277311,616475.7056337161,0.0015306673383875921
255.7983193277311,666084.6290809154,0.001438765644384474
255.7983193277311,719685.6730011514,0.0013523817537268814
255.7983193277311,777600.0906038043,0.0012711843759626604
255.7983193277311,840174.9869294344,0.001194862111410829
255.7983193277311,907785.3991937558,0.0011231222569141148
255.7983193277311,980836.5445406671,0.0010556896832944662
255.7983193277311,1.0597662486760707e6,0.000992305780206433
255.7983193277311,1.1450475699382813e6,0.0009327274643418489
255.7983193277311,1.2371916345321594e6,0.0008767262471821846
255.7983193277311,1.336750699919709e6,0.0008240873587233002
255.7983193277311,1.4443214647272818e6,0.0007746089238120243
255.7983193277311,1.5605486450070748e6,0.0007281011879356923
255.7983193277311,1.6861288382868804e6,0.0006843857894955194
255.7983193277311,1.8218146985669748e6,0.000643295075772866
255.7983193277311,1.9684194472866112e6,0.0006046714599650919
255.7983193277311,2.126821747296208e6,0.0005683668168251466
255.7983193277311,2.2979709690469606e6,0.0005342419145871371
255.7983193277311,2.48289288056033e6,0.0005021658809992327
255.7983193277311,2.6826957952797273e6,0.0004720157014161155
255.7983193277311,2.898577214651068e6,0.0004436757470260867
255.7983193277311,3.131831005243845e6,0.00041703733140355937
255.7983193277311,3.383855153428233e6,0.0003919982936862586
255.7983193277311,3.6561601440851935e6,0.0003684626067785807
255.7983193277311,3.9503780135666407e6,0.0003463400090785297
255.7983193277311,4.268272131163825e6,0.00032554565831587333
255.7983193277311,4.611747767708261e6,0.000305999806173954
255.7983193277311,4.982863514647306e6,0.0002876274924472915
255.7983193277311,5.383843622033489e6,0.00027035825756205497
255.7983193277311,5.817091329374358e6,0.0002541258723568818
255.7983193277311,6.285203269240097e6,0.00023886808408773422
255.7983193277311,6.790985029955707e6,0.00022452637768269194
255.7983193277311,7.337467970651373e6,0.0002110457513310775
255.7983193277311,7.927927389450606e6,0.00019837450554626926
255.7983193277311,8.565902153685499e6,0.00018646404489324608
255.7983193277311,9.255215909791354e6,0.00017526869162046087
255.7983193277311,1.0e7,0.00016474551048131268
259.07563025210084,1000.0,0.25324698548633945
259.07563025210084,1080.4718223181285,0.23804196583007994
259.07563025210084,1167.4193588234587,0.2237498597956873
259.07563025210084,1261.3637220374437,0.21031585579463172
259.07563025210084,1362.867959355774,0.19768843314144907
259.07563025210084,1472.5404276241222,0.18581916446700308
259.07563025210084,1591.0384392721533,0.1746625299949101
259.07563025210084,1719.0722018585745,0.16417574296885926
259.07563025210084,1857.4090746385718,0.1543185855613245
259.07563025210084,2006.8781676649664,0.14505325463436397
259.07563025210084,2168.375310987435,0.13634421676098357
259.07563025210084,2342.8684237322327,0.1281580719510589
259.07563025210084,2531.403315241567,0.12046342555918989
259.07563025210084,2735.109953041208,0.11323076788324432
259.07563025210084,2955.209235202888,0.10643236099183839
259.07563025210084,3193.020307691027,0.10004213234672661
259.07563025210084,3449.9684705497157,0.09403557481213301
259.07563025210084,3727.593720314942,0.08838965266755021
259.07563025210084,4027.5599798502976,0.08308271326355661
259.07563025210084,4351.665070924416,0.07809440398184196
259.07563025210084,4701.851489299852,0.07340559418097731
259.07563025210084,5080.218046913023,0.06899830182858173
259.07563025210084,5489.032450921557,0.064855624538515
259.07563025210084,5930.744895010559,0.060961674748615906
259.07563025210084,6408.002744415996,0.057301518790387515
259.07563025210084,6923.6664026787275,0.053861119616955416
259.07563025210084,7480.826455225086,0.050627282969655504
259.07563025210084,8082.822192522714,0.047587606776794564
259.07563025210084,8733.261623828437,0.04473043359052361
259.07563025210084,9436.04310147889,0.04204480587941466
259.07563025210084,10195.378685327301,0.03952042400528332
259.07563025210084,11015.819387358995,0.037147606723095146
259.07563025210084,11902.282447787144,0.03491725405246828
259.07563025210084,12860.08080610565,0.032820812378381595
259.07563025210084,13894.954943731389,0.030850241647245966
259.07563025210084,15013.107289081743,0.028997984532532817
259.07563025210084,16221.239391291729,0.027256937451706435
259.07563025210084,17526.592085367585,0.025620423323308293
259.07563025210084,18936.988889503602,0.02408216595971332
259.07563025210084,20460.88289466011,0.02263626599735228
259.07563025210084,22107.407427431233,0.02127717827209039
259.07563025210084,23886.430789846003,0.01999969055299439
259.07563025210084,25808.615404180768,0.018798903552930412
259.07563025210084,27885.481717262915,0.017670212139330732
259.07563025210084,30129.47724726992,0.016609287673071717
259.07563025210084,32554.05118685032,0.015612061407730263
259.07563025210084,35173.7350096938,0.014674708885553549
259.07563025210084,38004.22956365882,0.013793635270299151
259.07563025210084,41062.49917244294,0.012965461560695456
259.07563025210084,44366.873309786155,0.012187011631649848
259.07563025210084,47937.15645558219,0.01145530005350632
259.07563025210084,51794.74679231213,0.010767520642638233
259.07563025210084,55962.76445319552,0.010121035699466712
259.07563025210084,60466.19009070435,0.009513365892631456
259.07563025210084,65332.014595937704,0.008942180750518664
259.07563025210084,70589.40086618738,0.008405289723680376
259.07563025210084,76269.85859023452,0.007900633783868554
259.07563025210084,82407.43309893666,0.007426277527465615
259.07563025210084,89038.90941296735,0.006980401753027053
259.07563025210084,96204.0327106476,0.006561296484470602
259.07563025210084,103945.74653722627,0.006167354413154991
259.07563025210084,112310.45018329516,0.0057970647336981805
259.07563025210084,121348.27677491431,0.0054490073498947135
259.07563025210084,131113.3937421563,0.005121847428511481
259.07563025210084,141664.3274669022,0.00481433028007505
259.07563025210084,153064.31405563594,0.004525276547018017
259.07563025210084,165381.6783395673,0.004253577680730305
259.07563025210084,178690.24337358287,0.003998191690169641
259.07563025210084,193069.77288832495,0.0037581391457266102
259.07563025210084,208606.44934719568,0.0035324994230187807
259.07563025210084,225393.39047347888,0.003320407172208462
259.07563025210084,243531.20734334175,0.0031210489993036177
259.07563025210084,263128.6073895945,0.002933660346714422
259.07563025210084,284303.0459302665,0.0027575225611020135
259.07563025210084,307181.43012686964,0.002591960137274476
259.07563025210084,331900.87959146773,0.0024363381275600685
259.07563025210084,358609.54820118286,0.0022900597067223864
259.07563025210084,387467.51204561285,0.0021525638830787114
259.07563025210084,418647.72882899473,0.0020233233470434604
259.07563025210084,452337.0744772105,0.001901842448845662
259.07563025210084,488737.4631624427,0.0017876552976648751
259.07563025210084,528067.0574582637,0.0016803239748954793
259.07563025210084,570561.5758781021,0.0015794368546871006
259.07563025210084,616475.7056337161,0.0014846070253202528
259.07563025210084,666084.6290809154,0.001395470805363025
259.07563025210084,719685.6730011514,0.0013116863489181297
259.07563025210084,777600.0906038043,0.0012329323346113184
259.07563025210084,840174.9869294344,0.0011589067332932951
259.07563025210084,907785.3991937558,0.0010893256497291372
259.07563025210084,980836.5445406671,0.0010239222338330272
259.07563025210084,1.0597662486760707e6,0.0009624456572727421
259.07563025210084,1.1450475699382813e6,0.0009046601515190986
259.07563025210084,1.2371916345321594e6,0.0008503441036511786
259.07563025210084,1.336750699919709e6,0.0007992892064496545
259.07563025210084,1.4443214647272818e6,0.0007512996595187647
259.07563025210084,1.5605486450070748e6,0.0007061914183731258
259.07563025210084,1.6861288382868804e6,0.0006637914886096011
259.07563025210084,1.8218146985669748e6,0.0006239372624572776
259.07563025210084,1.9684194472866112e6,0.0005864758951611703
259.07563025210084,2.126821747296208e6,0.000551263718808023
259.07563025210084,2.2979709690469606e6,0.0005181656913461684
259.07563025210084,2.48289288056033e6,0.0004870548786863946
259.07563025210084,2.6826957952797273e6,0.0004578119678976174
259.07563025210084,2.898577214651068e6,0.00043032480963041826
259.07563025210084,3.131831005243845e6,0.0004044879880136034
259.07563025210084,3.383855153428233e6,0.0003802024163742937
259.07563025210084,3.6561601440851935e6,0.00035737495723109163
259.07563025210084,3.9503780135666407e6,0.00033591806510296506
259.07563025210084,4.268272131163825e6,0.00031574945076398456
259.07563025210084,4.611747767708261e6,0.0002967917656563033
259.07563025210084,4.982863514647306e6,0.0002789723052510639
259.07563025210084,5.383843622033489e6,0.0002622227302196041
259.07563025210084,5.817091329374358e6,0.00024647880434561887
259.07563025210084,6.285203269240097e6,0.00023168014817315032
259.07563025210084,6.790985029955707e6,0.00021777000744561977
259.07563025210084,7.337467970651373e6,0.00020469503544784628
259.07563025210084,7.927927389450606e6,0.00019240508841631015
259.07563025210084,8.565902153685499e6,0.0001808530332330426
259.07563025210084,9.255215909791354e6,0.00016999456666562553
259.07563025210084,1.0e7,0.00015978804546007473
262.3529411764706,1000.0,0.24572072433361974
262.3529411764706,1080.4718223181285,0.2309675834965513
262.3529411764706,1167.4193588234587,0.21710022535098583
262.3529411764706,1261.3637220374437,0.2040654672570216
262.3529411764706,1362.867959355774,0.1918133196752919
262.3529411764706,1472.5404276241222,0.18029679445231922
262.3529411764706,1591.0384392721533,0.1694717246164692
262.3529411764706,1719.0722018585745,0.1592965949934056
262.3529411764706,1857.4090746385718,0.14973238299144043
262.3529411764706,2006.8781676649664,0.14074240894617687
262.3529411764706,2168.375310987435,0.13229219545050075
262.3529411764706,2342.8684237322327,0.1243493351304394
262.3529411764706,2531.403315241567,0.11688336635979393
262.3529411764706,2735.109953041208,0.10986565643689997
262.3529411764706,2955.209235202888,0.10326929177548905
262.3529411764706,3193.020307691027,0.09706897468852019
262.3529411764706,3449.9684705497157,0.0912409263691394
262.3529411764706,3727.593720314942,0.08576279569668979
262.3529411764706,4027.5599798502976,0.08061357351803418
262.3529411764706,4351.665070924416,0.07577351207545033
262.3529411764706,4701.851489299852,0.07122404927209866
262.3529411764706,5080.218046913023,0.06694773748461212
262.3529411764706,5489.032450921557,0.06292817664979798
262.3529411764706,5930.744895010559,0.059149951368832616
262.3529411764706,6408.002744415996,0.055598571787738256
262.3529411764706,6923.6664026787275,0.05226041802741193
262.3529411764706,7480.826455225086,0.04912268795009182
262.3529411764706,8082.822192522714,0.046173348061938485
262.3529411764706,8733.261623828437,0.043401087363439596
262.3529411764706,9436.04310147889,0.040795273970649054
262.3529411764706,10195.378685327301,0.038345914340898714
262.3529411764706,11015.819387358995,0.036043614946610125
262.3529411764706,11902.282447787144,0.033879546250221174
262.3529411764706,12860.08080610565,0.031845408842068074
262.3529411764706,13894.954943731389,0.02993340161135852
262.3529411764706,15013.107289081743,0.028136191828168566
262.3529411764706,16221.239391291729,0.02644688702172431
262.3529411764706,17526.592085367585,0.02485900854711997
262.3529411764706,18936.988889503602,0.023366466739097255
262.3529411764706,20460.88289466011,0.02196353755759878
262.3529411764706,22107.407427431233,0.02064484063552901
262.3529411764706,23886.430789846003,0.019405318644533764
262.3529411764706,25808.615404180768,0.018240217899664162
262.3529411764706,27885.481717262915,0.017145070128541693
262.3529411764706,30129.47724726992,0.01611567533510796
262.3529411764706,32554.05118685032,0.015148085692239606
262.3529411764706,35173.7350096938,0.01423859040145507
262.3529411764706,38004.22956365882,0.013383701461648793
262.3529411764706,41062.49917244294,0.012580140292274647
262.3529411764706,44366.873309786155,0.011824825159677102
262.3529411764706,47937.15645558219,0.011114859358349055
262.3529411764706,51794.74679231213,0.010447520101790068
262.3529411764706,55962.76445319552,0.009820248080360802
262.3529411764706,60466.19009070435,0.00923063764608661
262.3529411764706,65332.014595937704,0.008676427586768344
262.3529411764706,70589.40086618738,0.008155492454018103
262.3529411764706,76269.85859023452,0.007665834411962106
262.3529411764706,82407.43309893666,0.007205575575349803
262.3529411764706,89038.90941296735,0.00677295080768493
262.3529411764706,96204.0327106476,0.006366300951758874
262.3529411764706,103945.74653722627,0.0059840664666246796
262.3529411764706,112310.45018329516,0.005624781446608917
262.3529411764706,121348.27677491431,0.005287067999423714
262.3529411764706,131113.3937421563,0.004969630961818562
262.3529411764706,141664.3274669022,0.004671252932505812
262.3529411764706,153064.31405563594,0.0043907896033107555
262.3529411764706,165381.6783395673,0.004127165370640703
262.3529411764706,178690.24337358287,0.0038793692104427354
262.3529411764706,193069.77288832495,0.00364645080083011
262.3529411764706,208606.44934719568,0.0034275168775072746
262.3529411764706,225393.39047347888,0.0032217278080161776
262.3529411764706,243531.20734334175,0.003028294371665768
262.3529411764706,263128.6073895945,0.002846474732795467
262.3529411764706,284303.0459302665,0.0026755715957647
262.3529411764706,307181.43012686964,0.0025149295307576656
262.3529411764706,331900.87959146773,0.002363932460147557
262.3529411764706,358609.54820118286,0.002222001295780144
262.3529411764706,387467.51204561285,0.0020885917181155222
262.3529411764706,418647.72882899473,0.00196319208871081
262.3529411764706,452337.0744772105,0.0018453214880379668
262.3529411764706,488737.4631624427,0.0017345278711115813
262.3529411764706,528067.0574582637,0.0016303863338532662
262.3529411764706,570561.5758781021,0.0015324974835440371
262.3529411764706,616475.7056337161,0.0014404859071151747
262.3529411764706,666084.6290809154,0.0013539987314033334
262.3529411764706,719685.6730011514,0.0012727042698483363
262.3529411764706,777600.0906038043,0.0011962907504436062
262.3529411764706,840174.9869294344,0.001124465120060821
262.3529411764706,907785.3991937558,0.0010569519205632287
262.3529411764706,980836.5445406671,0.0009934922323974558
262.3529411764706,1.0597662486760707e6,0.0009338426816123415
262.3529411764706,1.1450475699382813e6,0.0008777745064966473
262.3529411764706,1.2371916345321594e6,0.000825072680256094
262.3529411764706,1.336750699919709e6,0.000775535086365115
262.3529411764706,1.4443214647272818e6,0.0007289717434307265
262.3529411764706,1.5605486450070748e6,0.0006852040765957746
262.3529411764706,1.6861288382868804e6,0.0006440642326873468
262.3529411764706,1.8218146985669748e6,0.0006053944364838572
262.3529411764706,1.9684194472866112e6,0.0005690463856320386
262.3529411764706,2.126821747296208e6,0.0005348806818932857
262.3529411764706,2.2979709690469606e6,0.0005027662965381258
262.3529411764706,2.48289288056033e6,0.00047258006783855634
262.3529411764706,2.6826957952797273e6,0.00044420622873108414
262.3529411764706,2.898577214651068e6,0.00041753596283900164
262.3529411764706,3.131831005243845e6,0.0003924669871512151
262.3529411764706,3.383855153428233e6,0.0003689031597571511
262.3529411764706,3.6561601440851935e6,0.0003467541111333666
262.3529411764706,3.9503780135666407e6,0.0003259348975678174
262.3529411764706,4.268272131163825e6,0.0003063656753926259
262.3529411764706,4.611747767708261e6,0.00028797139477600863
262.3529411764706,4.982863514647306e6,0.00027068151189901823
262.3529411764706,5.383843622033489e6,0.0002544297184132766
262.3529411764706,5.817091329374358e6,0.00023915368714213982
262.3529411764706,6.285203269240097e6,0.00022479483305003713
262.3529411764706,6.790985029955707e6,0.00021129808856327692
262.3529411764706,7.337467970651373e6,0.00019861169238065394
262.3529411764706,7.927927389450606e6,0.0001866869909639266
262.3529411764706,8.565902153685499e6,0.00017547825194686305
262.3529411764706,9.255215909791354e6,0.00016494248874725708
262.3529411764706,1.0e7,0.00015503929570929024
265.6302521008403,1000.0,0.23850745253243053
265.6302521008403,1080.4718223181285,0.22418739854657324
265.6302521008403,1167.4193588234587,0.21072712459685533
265.6302521008403,1261.3637220374437,0.19807500925005653
265.6302521008403,1362.867959355774,0.1861825304382077
265.6302521008403,1472.5404276241222,0.17500407937183635
265.6302521008403,1591.0384392721533,0.16449678562591366
265.6302521008403,1719.0722018585745,0.15462035272768887
265.6302521008403,1857.4090746385718,0.14533690361587662
265.6302521008403,2006.8781676649664,0.13661083537851745
265.6302521008403,2168.375310987435,0.12840868271241804
265.6302521008403,2342.8684237322327,0.12069898958052475
265.6302521008403,2531.403315241567,0.1134521885750236
265.6302521008403,2735.109953041208,0.10664048752351414
265.6302521008403,2955.209235202888,0.10023776290337996
265.6302521008403,3193.020307691027,0.09421945965559037
265.6302521008403,3449.9684705497157,0.08856249701370855
265.6302521008403,3727.593720314942,0.08324517998695359
265.6302521008403,4027.5599798502976,0.07824711615784329
265.6302521008403,4351.665070924416,0.0735491374753298
265.6302521008403,4701.851489299852,0.06913322674349741
265.6302521008403,5080.218046913023,0.06498244852389948
265.6302521008403,5489.032450921557,0.06108088418653815
265.6302521008403,5930.744895010559,0.05741357086040134
265.6302521008403,6408.002744415996,0.05396644404942676
265.6302521008403,6923.6664026787275,0.05072628369381914
265.6302521008403,7480.826455225086,0.04768066346986145
265.6302521008403,8082.822192522714,0.044817903133779
265.6302521008403,8733.261623828437,0.04212702372689181
265.6302521008403,9436.04310147889,0.03959770547026185
265.6302521008403,10195.378685327301,0.037220248187357356
265.6302521008403,11015.819387358995,0.034985534102951577
265.6302521008403,11902.282447787144,0.03288499287558596
265.6302521008403,12860.08080610565,0.030910568729493968
265.6302521008403,13894.954943731389,0.029054689559933306
265.6302521008403,15013.107289081743,0.02731023789344294
265.6302521008403,16221.239391291729,0.02567052359165387
265.6302521008403,17526.592085367585,0.02412925819397107
265.6302521008403,18936.988889503602,0.02268053080072799
265.6302521008403,20460.88289466011,0.02131878540432299
265.6302521008403,22107.407427431233,0.020038799581400743
265.6302521008403,23886.430789846003,0.018835664464361083
265.6302521008403,25808.615404180768,0.017704765915384002
265.6302521008403,27885.481717262915,0.016641766830771367
265.6302521008403,30129.47724726992,0.015642590507741
265.6302521008403,32554.05118685032,0.014703405009883016
265.6302521008403,35173.7350096938,0.013820608471318595
265.6302521008403,38004.22956365882,0.01299081528320105
265.6302521008403,41062.49917244294,0.012210843109583355
265.6302521008403,44366.873309786155,0.011477700682856482
265.6302521008403,47937.15645558219,0.010788576331953167
265.6302521008403,51794.74679231213,0.01014082719932132
265.6302521008403,55962.76445319552,0.00953196910531361
265.6302521008403,60466.19009070435,0.008959667021121696
265.6302521008403,65332.014595937704,0.008421726113718298
265.6302521008403,70589.40086618738,0.007916083328463394
265.6302521008403,76269.85859023452,0.007440799477093052
265.6302521008403,82407.43309893666,0.006994051800747707
265.6302521008403,89038.90941296735,0.006574126979518186
265.6302521008403,96204.0327106476,0.006179414561700635
265.6302521008403,103945.74653722627,0.005808400787560753
265.6302521008403,112310.45018329516,0.005459662783920986
265.6302521008403,121348.27677491431,0.005131863107306296
265.6302521008403,131113.3937421563,0.004823744614720984
265.6302521008403,141664.3274669022,0.004534125642385511
265.6302521008403,153064.31405563594,0.004261895473943325
265.6302521008403,165381.6783395673,0.004006010080757757
265.6302521008403,178690.24337358287,0.00376548811796274
265.6302521008403,193069.77288832495,0.0035394071609117293
265.6302521008403,208606.44934719568,0.003326900167591283
265.6302521008403,225393.39047347888,0.0031271521534323257
265.6302521008403,243531.20734334175,0.0029393970657666567
265.6302521008403,263128.6073895945,0.0027629148459419935
265.6302521008403,284303.0459302665,0.0025970286678283928
265.6302521008403,307181.43012686964,0.002441102342125573
265.6302521008403,331900.87959146773,0.0022945378765163163
265.6302521008403,358609.54820118286,0.0021567731823089516
265.6302521008403,387467.51204561285,0.002027279918773659
265.6302521008403,418647.72882899473,0.0019055614669054274
265.6302521008403,452337.0744772105,0.0017911510248428452
265.6302521008403,488737.4631624427,0.0016836098176384897
265.6302521008403,528067.0574582637,0.0015825254145151776
265.6302521008403,570561.5758781021,0.001487510147154645
265.6302521008403,616475.7056337161,0.0013981996229526033
265.6302521008403,666084.6290809154,0.0013142513275383788
265.6302521008403,719685.6730011514,0.0012353433111996642
265.6302521008403,777600.0906038043,0.0011611729541746911
265.6302521008403,840174.9869294344,0.0010914558060766122
265.6302521008403,907785.3991937558,0.0010259244949991555
265.6302521008403,980836.5445406671,0.0009643277021198905
265.6302521008403,1.0597662486760707e6,0.0009064291978685956
265.6302521008403,1.1450475699382813e6,0.0008520069359643444
265.6302521008403,1.2371916345321594e6,0.0008008522018468632
265.6302521008403,1.336750699919709e6,0.0007527688122362991
265.6302521008403,1.4443214647272818e6,0.0007075723627516535
265.6302521008403,1.5605486450070748e6,0.0006650895207024034
265.6302521008403,1.6861288382868804e6,0.0006251573603411193
265.6302521008403,1.8218146985669748e6,0.0005876227380276991
265.6302521008403,1.9684194472866112e6,0.0005523417049089134
265.6302521008403,2.126821747296208e6,0.0005191789548608385
265.6302521008403,2.2979709690469606e6,0.00048800730557697685
265.6302521008403,2.48289288056033e6,0.00045870721081199274
265.6302521008403,2.6826957952797273e6,0.00043116630191047077
265.6302521008403,2.898577214651068e6,0.00040527895686241257
265.6302521008403,3.131831005243845e6,0.00038094589523276595
265.6302521008403,3.383855153428233e6,0.0003580737974114947
265.6302521008403,3.6561601440851935e6,0.000336574946723983
265.6302521008403,3.9503780135666407e6,0.0003163668930292285
265.6302521008403,4.268272131163825e6,0.00029737213651569524
265.6302521008403,4.611747767708261e6,0.00027951783048215344
265.6302521008403,4.982863514647306e6,0.0002627355019636352
265.6302521008403,5.383843622033489e6,0.0002469607891310919
265.6302521008403,5.817091329374358e6,0.00023213319445764542
265.6302521008403,6.285203269240097e6,0.00021819585270480858
265.6302521008403,6.790985029955707e6,0.00020509531283887644
265.6302521008403,7.337467970651373e6,0.00019278133304111888
265.6302521008403,7.927927389450606e6,0.0001812066880256175
265.6302521008403,8.565902153685499e6,0.00017032698792579612
265.6302521008403,9.255215909791354e6,0.00016010050805504984
265.6302521008403,1.0e7,0.000150488028888598
268.9075630252101,1000.0,0.2315905295794559
268.9075630252101,1080.4718223181285,0.21768576957729138
268.9075630252101,1167.4193588234587,0.20461585524463183
268.9075630252101,1261.3637220374437,0.19233066221458564
268.9075630252101,1362.867959355774,0.1807830756012321
268.9075630252101,1472.5404276241222,0.1699288093095449
268.9075630252101,1591.0384392721533,0.15972623619399712
268.9075630252101,1719.0722018585745,0.1501362284144926
268.9075630252101,1857.4090746385718,0.14112200737736924
268.9075630252101,2006.8781676649664,0.13264900268598884
268.9075630252101,2168.375310987435,0.12468471955997107
268.9075630252101,2342.8684237322327,0.11719861421461508
268.9075630252101,2531.403315241567,0.11016197672257394
268.9075630252101,2735.109953041208,0.10354782090854747
268.9075630252101,2955.209235202888,0.09733078085472913
268.9075630252101,3193.020307691027,0.09148701362009382
268.9075630252101,3449.9684705497157,0.08599410780044667
268.9075630252101,3727.593720314942,0.08083099757855286
268.9075630252101,4027.5599798502976,0.07597788193472117
268.9075630252101,4351.665070924416,0.07141614870800637
268.9075630252101,4701.851489299852,0.0671283032167985
268.9075630252101,5080.218046913023,0.0630979011650519
268.9075630252101,5489.032450921557,0.0593094855768431
268.9075630252101,5930.744895010559,0.05574852751739491
268.9075630252101,6408.002744415996,0.052401370373227285
268.9075630252101,6923.6664026787275,0.04925517747774327
268.9075630252101,7480.826455225086,0.04629788288138948
268.9075630252101,8082.822192522714,0.04351814507758964
268.9075630252101,8733.261623828437,0.04090530350698621
268.9075630252101,9436.04310147889,0.03844933767317952
268.9075630252101,10195.378685327301,0.036140828713169065
268.9075630252101,11015.819387358995,0.03397092327511643
268.9075630252101,11902.282447787144,0.03193129956489741
268.9075630252101,12860.08080610565,0.030014135431228516
268.9075630252101,13894.954943731389,0.028212078366971413
268.9075630252101,15013.107289081743,0.026518217311567557
268.9075630252101,16221.239391291729,0.024926056146462212
268.9075630252101,17526.592085367585,0.023429488781870903
268.9075630252101,18936.988889503602,0.02202277573934319
268.9075630252101,20460.88289466011,0.020700522140315966
268.9075630252101,22107.407427431233,0.019457657016240016
268.9075630252101,23886.430789846003,0.018289413860932434
268.9075630252101,25808.615404180768,0.017191312350571343
268.9075630252101,27885.481717262915,0.016159141161226884
268.9075630252101,30129.47724726992,0.015188941818032799
268.9075630252101,32554.05118685032,0.01427699351405811
268.9075630252101,35173.7350096938,0.013419798840657925
268.9075630252101,38004.22956365882,0.012614070374578085
268.9075630252101,41062.49917244294,0.011856718070373673
268.9075630252101,44366.873309786155,0.0111448374097903
268.9075630252101,47937.15645558219,0.010475698262659882
268.9075630252101,51794.74679231213,0.009846734416591205
268.9075630252101,55962.76445319552,0.00925553373530091
268.9075630252101,60466.19009070435,0.008699828907841023
268.9075630252101,65332.014595937704,0.00817748875324537
268.9075630252101,70589.40086618738,0.007686510047247525
268.9075630252101,76269.85859023452,0.007225009839724852
268.9075630252101,82407.43309893666,0.0067912182334053705
268.9075630252101,89038.90941296735,0.006383471596143043
268.9075630252101,96204.0327106476,0.006000206180729976
268.9075630252101,103945.74653722627,0.005639952127776874
268.9075630252101,112310.45018329516,0.005301327828662223
268.9075630252101,121348.27677491431,0.004983034626931561
268.9075630252101,131113.3937421563,0.004683851837826248
268.9075630252101,141664.3274669022,0.004402632066841062
268.9075630252101,153064.31405563594,0.004138296809356989
268.9075630252101,165381.6783395673,0.003889832314473185
268.9075630252101,178690.24337358287,0.003656285697175708
268.9075630252101,193069.77288832495,0.003436761283932668
268.9075630252101,208606.44934719568,0.0032304171777009024
268.9075630252101,225393.39047347888,0.003036462029170573
268.9075630252101,243531.20734334175,0.0028541520018651716
268.9075630252101,263128.6073895945,0.002682787919457748
268.9075630252101,284303.0459302665,0.0025217125843630646
268.9075630252101,307181.43012686964,0.002370308257322238
268.9075630252101,331900.87959146773,0.002227994288313816
268.9075630252101,358609.54820118286,0.0020942248897056234
268.9075630252101,387467.51204561285,0.0019684870431071703
268.9075630252101,418647.72882899473,0.0018502985318952512
268.9075630252101,452337.0744772105,0.0017392060918672396
268.9075630252101,488737.4631624427,0.001634783672929684
268.9075630252101,528067.0574582637,0.0015366308051555926
268.9075630252101,570561.5758781021,0.0014443710629441098
268.9075630252101,616475.7056337161,0.001357650621392468
268.9075630252101,666084.6290809154,0.001276136899343765
268.9075630252101,719685.6730011514,0.001199517283906539
268.9075630252101,777600.0906038043,0.0011274979315545395
268.9075630252101,840174.9869294344,0.001059802641208809
268.9075630252101,907785.3991937558,0.000996171794980217
268.9075630252101,980836.5445406671,0.0009363613625101236
268.9075630252101,1.0597662486760707e6,0.0008801419650906967
268.9075630252101,1.1450475699382813e6,0.0008272979959757121
268.9075630252101,1.2371916345321594e6,0.0007776267935081379
268.9075630252101,1.336750699919709e6,0.0007309378638933633
268.9075630252101,1.4443214647272818e6,0.000687052150637351
268.9075630252101,1.5605486450070748e6,0.0006458013478479146
268.9075630252101,1.6861288382868804e6,0.0006070272547655861
268.9075630252101,1.8218146985669748e6,0.0005705811690486294
268.9075630252101,1.9684194472866112e6,0.0005363233164853896
268.9075630252101,2.126821747296208e6,0.0005041223149468717
268.9075630252101,2.2979709690469606e6,0.00047385467052375697
268.9075630252101,2.48289288056033e6,0.000445404303915492
268.9075630252101,2.6826957952797273e6,0.00041866210525511374
268.9075630252101,2.898577214651068e6,0.0003935255156625069
268.9075630252101,3.131831005243845e6,0.0003698981339213296
268.9075630252101,3.383855153428233e6,0.0003476893467711627
268.9075630252101,3.6561601440851935e6,0.00032681398139702
268.9075630252101,3.9503780135666407e6,0.00030719197878348764
268.9075630252101,4.268272131163825e6,0.000288748086680771
268.9075630252101,4.611747767708261e6,0.000271411571005147
268.9075630252101,4.982863514647306e6,0.00025511594456701064
268.9075630252101,5.383843622033489e6,0.000239798712086169
268.9075630252101,5.817091329374358e6,0.00022540113051648588
268.9075630252101,6.285203269240097e6,0.0002118679837607028
268.9075630252101,6.790985029955707e6,0.00019914737091144408
268.9075630252101,7.337467970651373e6,0.00018719050720629154
268.9075630252101,7.927927389450606e6,0.00017595153693357153
268.9075630252101,8.565902153685499e6,0.00016538735757133256
268.9075630252101,9.255215909791354e6,0.0001554574544850642
268.9075630252101,1.0e7,0.00014612374555021505
272.1848739495798,1000.0,0.22495438777684146
272.1848739495798,1080.4718223181285,0.21144806357977342
272.1848739495798,1167.4193588234587,0.1987526628553216
272.1848739495798,1261.3637220374437,0.18681949753196928
272.1848739495798,1362.867959355774,0.17560280278359547
272.1848739495798,1472.5404276241222,0.1650595615170065
272.1848739495798,1591.0384392721533,0.15514933939728429
272.1848739495798,1719.0722018585745,0.1458341297782595
272.1848739495798,1857.4090746385718,0.137078207943401
272.1848739495798,2006.8781676649664,0.12884799409812434
272.1848739495798,2168.375310987435,0.1211119245880796
272.1848739495798,2342.8684237322327,0.11384033084952938
272.1848739495798,2531.403315241567,0.10700532562757957
272.1848739495798,2735.109953041208,0.10058069602589946
272.1848739495798,2955.209235202888,0.09454180297776646
272.1848739495798,3193.020307691027,0.08886548675289796
272.1848739495798,3449.9684705497157,0.08352997813767785
272.1848739495798,3727.593720314942,0.07851481494814859
272.1848739495798,4027.5599798502976,0.07380076355558593
272.1848739495798,4351.665070924416,0.06936974512369949
272.1848739495798,4701.851489299852,0.06520476627457335
272.1848739495798,5080.218046913023,0.0612898539174421
272.1848739495798,5489.032450921557,0.057609993990366065
272.1848739495798,5930.744895010559,0.054151073879872766
272.1848739495798,6408.002744415996,0.05089982829773949
272.1848739495798,6923.6664026787275,0.047843788407349104
272.1848739495798,7480.826455225086,0.04497123400451336
272.1848739495798,8082.822192522714,0.04227114856937297
272.1848739495798,8733.261623828437,0.03973317701699426
272.1848739495798,9436.04310147889,0.0373475859846318
272.1848739495798,10195.378685327301,0.03510522650335459
272.1848739495798,11015.819387358995,0.032997498910878505
272.1848739495798,11902.282447787144,0.03101631987104202
272.1848739495798,12860.08080610565,0.02915409137344174
272.1848739495798,13894.954943731389,0.027403671594338423
272.1848739495798,15013.107289081743,0.02575834750708261
272.1848739495798,16221.239391291729,0.024211809137017464
272.1848739495798,17526.592085367585,0.022758125362124855
272.1848739495798,18936.988889503602,0.021391721166607227
272.1848739495798,20460.88289466011,0.020107356260170735
272.1848739495798,22107.407427431233,0.018900104981012668
272.1848739495798,23886.430789846003,0.017765337405438997
272.1848739495798,25808.615404180768,0.016698701591666
272.1848739495798,27885.481717262915,0.01569610688970856
272.1848739495798,30129.47724726992,0.014753708253347925
272.1848739495798,32554.05118685032,0.013867891494012899
272.1848739495798,35173.7350096938,0.01303525942002237
272.1848739495798,38004.22956365882,0.012252618808031458
272.1848739495798,41062.49917244294,0.011516968156715712
272.1848739495798,44366.873309786155,0.010825486175727525
272.1848739495798,47937.15645558219,0.010175520965778832
272.1848739495798,51794.74679231213,0.009564579848354574
272.1848739495798,55962.76445319552,0.008990319806053144
272.1848739495798,60466.19009070435,0.008450538496891341
272.1848739495798,65332.014595937704,0.007943165808113009
272.1848739495798,70589.40086618738,0.007466255917109387
272.1848739495798,76269.85859023452,0.0070179798290039294
272.1848739495798,82407.43309893666,0.006596618362282766
272.1848739495798,89038.90941296735,0.006200555555569662
272.1848739495798,96204.0327106476,0.005828272470260237
272.1848739495798,103945.74653722627,0.005478341365247642
272.1848739495798,112310.45018329516,0.005149420221399383
272.1848739495798,121348.27677491431,0.00484024759478606
272.1848739495798,131113.3937421563,0.004549637778923692
272.1848739495798,141664.3274669022,0.004276476257476368
272.1848739495798,153064.31405563594,0.004019715429979912
272.1848739495798,165381.6783395673,0.0037783705941942494
272.1848739495798,178690.24337358287,0.0035515161696765083
272.1848739495798,193069.77288832495,0.003338282148091806
272.1848739495798,208606.44934719568,0.0031378507566483947
272.1848739495798,225393.39047347888,0.0029494533218610763
272.1848739495798,243531.20734334175,0.002772367321615132
272.1848739495798,263128.6073895945,0.0026059136142251834
272.1848739495798,284303.0459302665,0.00244945383386209
272.1848739495798,307181.43012686964,0.002302387942359179
272.1848739495798,331900.87959146773,0.0021641519280086955
272.1848739495798,358609.54820118286,0.002034215642523161
272.1848739495798,387467.51204561285,0.0019120807678661682
272.1848739495798,418647.72882899473,0.001797278905155233
272.1848739495798,452337.0744772105,0.00168936977830744
272.1848739495798,488737.4631624427,0.001587939545538723
272.1848739495798,528067.0574582637,0.00149259921224117
272.1848739495798,570561.5758781021,0.0014029831391516496
272.1848739495798,616475.7056337161,0.0013187476400903899
272.1848739495798,666084.6290809154,0.0012395696638917279
272.1848739495798,719685.6730011514,0.00116514555547211
272.1848739495798,777600.0906038043,0.0010951898912839064
272.1848739495798,840174.9869294344,0.0010294343846889156
272.1848739495798,907785.3991937558,0.0009676268570535322
272.1848739495798,980836.5445406671,0.0009095302706196643
272.1848739495798,1.0597662486760707e6,0.000854921819442341
272.1848739495798,1.1450475699382813e6,0.0008035920749076837
272.1848739495798,1.2371916345321594e6,0.0007553441825542135
272.1848739495798,1.336750699919709e6,0.0007099931071172352
272.1848739495798,1.4443214647272818e6,0.0006673649229009663
272.1848739495798,1.5605486450070748e6,0.0006272961467569179
272.1848739495798,1.6861288382868804e6,0.000589633111110441
272.1848739495798,1.8218146985669748e6,0.0005542313746309388
272.1848739495798,1.9684194472866112e6,0.0005209551682855973
272.1848739495798,2.126821747296208e6,0.0004896768746522076
272.1848739495798,2.2979709690469606e6,0.0004602765384941916
272.1848739495798,2.48289288056033e6,0.0004326414067208385
272.1848739495798,2.6826957952797273e6,0.00040666549596845983
272.1848739495798,2.898577214651068e6,0.0003822491861440867
272.1848739495798,3.131831005243845e6,0.0003592988383729241
272.1848739495798,3.383855153428233e6,0.0003377264358843417
272.1848739495798,3.6561601440851935e6,0.00031744924645917124
272.1848739495798,3.9503780135666407e6,0.00029838950514376344
272.1848739495798,4.268272131163825e6,0.00028047411601397925
272.1848739495798,4.611747767708261e6,0.0002636343718453577
272.1848739495798,4.982863514647306e6,0.0002478056906143602
272.1848739495798,5.383843622033489e6,0.0002329273678201585
272.1848739495798,5.817091329374358e6,0.0002189423436770879
272.1848739495798,6.285203269240097e6,0.00020579698428493338
272.1848739495798,6.790985029955707e6,0.00019344087593781105
272.1848739495798,7.337467970651373e6,0.0001818266317828016
272.1848739495798,7.927927389450606e6,0.00017090971008685443
272.1848739495798,8.565902153685499e6,0.00016064824341499776
272.1848739495798,9.255215909791354e6,0.00015100287806473438
272.1848739495798,1.0e7,0.00014193662314084348
275.4621848739496,1000.0,0.2185844512293234
275.4621848739496,1080.4718223181285,0.20546057979957302
275.4621848739496,1167.4193588234587,0.19312466927159747
275.4621848739496,1261.3637220374437,0.18152941025303881
275.4621848739496,1362.867959355774,0.1706303338206541
275.4621848739496,1472.5404276241222,0.16038564097775693
275.4621848739496,1591.0384392721533,0.15075604235108278
275.4621848739496,1719.0722018585745,0.1417046075122987
275.4621848739496,1857.4090746385718,0.13319662334629068
275.4621848739496,2006.8781676649664,0.12519946092306025
275.4621848739496,2168.375310987435,0.11768245036266821
275.4621848739496,2342.8684237322327,0.11061676321332332
275.4621848739496,2531.403315241567,0.10397530189152175
275.4621848739496,2735.109953041208,0.0977325957602324
275.4621848739496,2955.209235202888,0.09186470344657727
275.4621848739496,3193.020307691027,0.08634912102438493
275.4621848739496,3449.9684705497157,0.0811646957094888
275.4621848739496,3727.593720314942,0.07629154473678482
275.4621848739496,4027.5599798502976,0.07171097910793237
275.4621848739496,4351.665070924416,0.06740543191726485
275.4621848739496,4701.851489299852,0.06335839098103242
275.4621848739496,5080.218046913023,0.059554335511603954
275.4621848739496,5489.032450921557,0.05597867659376754
275.4621848739496,5930.744895010559,0.0526177012348504
275.4621848739496,6408.002744415996,0.04945851977408533
275.4621848739496,6923.6664026787275,0.046489016449533245
275.4621848739496,7480.826455225086,0.04369780293298202
275.4621848739496,8082.822192522714,0.041074174654622174
275.4621848739496,8733.261623828437,0.03860806975000185
275.4621848739496,9436.04310147889,0.036290030471817884
275.4621848739496,10195.378685327301,0.034111166918553544
275.4621848739496,11015.819387358995,0.03206312294085915
275.4621848739496,11902.282447787144,0.0301380440949231
275.4621848739496,12860.08080610565,0.028328547519931323
275.4621848739496,13894.954943731389,0.02662769362409262
275.4621848739496,15013.107289081743,0.025028959470642948
275.4621848739496,16221.239391291729,0.023526213761761134
275.4621848739496,17526.592085367585,0.022113693324457697
275.4621848739496,18936.988889503602,0.020785981008257154
275.4621848739496,20460.88289466011,0.01953798490990978
275.4621848739496,22107.407427431233,0.01836491884545743
275.4621848739496,23886.430789846003,0.017262283994762
275.4621848739496,25808.615404180768,0.01622585164810155
275.4621848739496,27885.481717262915,0.015251646988665466
275.4621848739496,30129.47724726992,0.014335933848753294
275.4621848739496,32554.05118685032,0.013475200381215576
275.4621848739496,35173.7350096938,0.012666145591185424
275.4621848739496,38004.22956365882,0.01190566667644862
275.4621848739496,41062.49917244294,0.011190847127901455
275.4621848739496,44366.873309786155,0.01051894554446042
275.4621848739496,47937.15645558219,0.009887385119527848
275.4621848739496,51794.74679231213,0.009293743758693018
275.4621848739496,55962.76445319552,0.008735744790769311
275.4621848739496,60466.19009070435,0.008211248236543288
275.4621848739496,65332.014595937704,0.007718242601750444
275.4621848739496,70589.40086618738,0.007254837162803075
275.4621848739496,76269.85859023452,0.006819254715685116
275.4621848739496,82407.43309893666,0.006409824760205445
275.4621848739496,89038.90941296735,0.006024977093470395
275.4621848739496,96204.0327106476,0.005663235788006083
275.4621848739496,103945.74653722627,0.005323213531435883
275.4621848739496,112310.45018329516,0.005003606306005297
275.4621848739496,121348.27677491431,0.0047031883875495685
275.4621848739496,131113.3937421563,0.004420807644724734
275.4621848739496,141664.3274669022,0.004155381120474123
275.4621848739496,153064.31405563594,0.0039058908787848816
275.4621848739496,165381.6783395673,0.0036713801008063135
275.4621848739496,178690.24337358287,0.0034509494153584447
275.4621848739496,193069.77288832495,0.003243753449757848
275.4621848739496,208606.44934719568,0.0030489975877328354
275.4621848739496,225393.39047347888,0.002865934921994347
275.4621848739496,243531.20734334175,0.002693863389775314
275.4621848739496,263128.6073895945,0.0025321230803530682
275.4621848739496,284303.0459302665,0.0023800937042288113
275.4621848739496,307181.43012686964,0.0022371922142582993
275.4621848739496,331900.87959146773,0.0021028705696104774
275.4621848739496,358609.54820118286,0.001976613633978674
275.4621848739496,387467.51204561285,0.0018579371999837763
275.4621848739496,418647.72882899473,0.0017463861321927922
275.4621848739496,452337.0744772105,0.0016415326216310904
275.4621848739496,488737.4631624427,0.001542974545094229
275.4621848739496,528067.0574582637,0.0014503339229671342
275.4621848739496,570561.5758781021,0.0013632554696362657
275.4621848739496,616475.7056337161,0.0012814052309354353
275.4621848739496,666084.6290809154,0.0012044693033997527
275.4621848739496,719685.6730011514,0.0011321526304159302
275.4621848739496,777600.0906038043,0.001064177870652051
275.4621848739496,840174.9869294344,0.0010002843344271404
275.4621848739496,907785.3991937558,0.0009402269839413888
275.4621848739496,980836.5445406671,0.0008837754935328465
275.4621848739496,1.0597662486760707e6,0.0008307133663565594
275.4621848739496,1.1450475699382813e6,0.0007808371040985421
275.4621848739496,1.2371916345321594e6,0.0007339554265403485
275.4621848739496,1.336750699919709e6,0.0006898885379812087
275.4621848739496,1.4443214647272818e6,0.0006484674377043869
275.4621848739496,1.5605486450070748e6,0.0006095332718433238
275.4621848739496,1.6861288382868804e6,0.0005729367241619226
275.4621848739496,1.8218146985669748e6,0.0005385374434125575
275.4621848739496,1.9684194472866112e6,0.0005062035050756631
275.4621848739496,2.126821747296208e6,0.0004758109054166315
275.4621848739496,2.2979709690469606e6,0.00044724308591967334
275.4621848739496,2.48289288056033e6,0.00042039048627480306
275.4621848739496,2.6826957952797273e6,0.0003951501242036119
275.4621848739496,2.898577214651068e6,0.000371425200512414
275.4621848739496,3.131831005243845e6,0.0003491247278581164
275.4621848739496,3.383855153428233e6,0.0003281631818030885
275.4621848739496,3.6561601440851935e6,0.00030846017282079287
275.4621848739496,3.9503780135666407e6,0.000289940137994292
275.4621848739496,4.268272131163825e6,0.0002725320512252603
275.4621848739496,4.611747767708261e6,0.0002561691508421308
275.4621848739496,4.982863514647306e6,0.00024078868356272067
275.4621848739496,5.383843622033489e6,0.00022633166382941562
275.4621848739496,5.817091329374358e6,0.0002127426475939358
275.4621848739496,6.285203269240097e6,0.000199969519684127
275.4621848739496,6.790985029955707e6,0.00018796329393730985
275.4621848739496,7.337467970651373e6,0.00017667792533367744
275.4621848739496,7.927927389450606e6,0.0001660701334092571
275.4621848739496,8.565902153685499e6,0.00015609923627120774
275.4621848739496,9.255215909791354e6,0.00014672699457888221
275.4621848739496,1.0e7,0.0001379174648923141
278.73949579831935,1000.0,0.21246706183061428
278.73949579831935,1080.4718223181285,0.19971048016691487
278.73949579831935,1167.4193588234587,0.18771980722497447
278.73949579831935,1261.3637220374437,0.17644905763147556
278.73949579831935,1362.867959355774,0.1658550069877423
278.73949579831935,1472.5404276241222,0.15589702610005388
278.73949579831935,1591.0384392721533,0.1465369251628144
278.73949579831935,1719.0722018585745,0.13773880729701019
278.73949579831935,1857.4090746385718,0.12946893088225717
278.73949579831935,2006.8781676649664,0.12169558015447204
278.73949579831935,2168.375310987435,0.11438894357289468
278.73949579831935,2342.8684237322327,0.10752099948998894
278.73949579831935,2531.403315241567,0.10106540868575353
278.73949579831935,2735.109953041208,0.09499741335430395
278.73949579831935,2955.209235202888,0.08929374215532761
278.73949579831935,3193.020307691027,0.08393252096627632
278.73949579831935,3449.9684705497157,0.07889318899302171
278.73949579831935,3727.593720314942,0.07415641991725082
278.73949579831935,4027.5599798502976,0.06970404777819346
278.73949579831935,4351.665070924416,0.06551899730443193
278.73949579831935,4701.851489299852,0.0615852184286078
278.73949579831935,5080.218046913023,0.057887624733884264
278.73949579831935,5489.032450921557,0.05441203559610019
278.73949579831935,5930.744895010559,0.0511451217997248
278.73949579831935,6408.002744415996,0.04807435441904636
278.73949579831935,6923.6664026787275,0.045187956768547866
278.73949579831935,7480.826455225086,0.04247485923819625
278.73949579831935,8082.822192522714,0.039924656840432816
278.73949579831935,8733.261623828437,0.037527569306054435
278.73949579831935,9436.04310147889,0.0352744035759495
278.73949579831935,10195.378685327301,0.03315651854483994
278.73949579831935,11015.819387358995,0.031165791921819116
278.73949579831935,11902.282447787144,0.02929458908059233
278.73949579831935,12860.08080610565,0.027535733779957456
278.73949579831935,13894.954943731389,0.02588248064223599
278.73949579831935,15013.107289081743,0.024328489284107135
278.73949579831935,16221.239391291729,0.0228678000006333
278.73949579831935,17526.592085367585,0.021494810909223973
278.73949579831935,18936.988889503602,0.020204256465882097
278.73949579831935,20460.88289466011,0.018991187271341112
278.73949579831935,22107.407427431233,0.01785095108964717
278.73949579831935,23886.430789846003,0.016779175006390843
278.73949579831935,25808.615404180768,0.015771748658163873
278.73949579831935,27885.481717262915,0.014824808468923584
278.73949579831935,30129.47724726992,0.013934722832810756
278.73949579831935,32554.05118685032,0.013098078186595035
278.73949579831935,35173.7350096938,0.012311665918334712
278.73949579831935,38004.22956365882,0.01157247006204414
278.73949579831935,41062.49917244294,0.010877655731176826
278.73949579831935,44366.873309786155,0.01022455824656533
278.73949579831935,47937.15645558219,0.009610672917122854
278.73949579831935,51794.74679231213,0.00903364543411411
278.73949579831935,55962.76445319552,0.008491262842157081
278.73949579831935,60466.19009070435,0.007981445052328232
278.73949579831935,65332.014595937704,0.007502236864823261
278.73949579831935,70589.40086618738,0.007051800470579569
278.73949579831935,76269.85859023452,0.0066284084031033325
278.73949579831935,82407.43309893666,0.006230436913470977
278.73949579831935,89038.90941296735,0.005856359743097231
278.73949579831935,96204.0327106476,0.00550474227038807
278.73949579831935,103945.74653722627,0.005174236008830187
278.73949579831935,112310.45018329516,0.004863573435416721
278.73949579831935,121348.27677491431,0.00457156312957574
278.73949579831935,131113.3937421563,0.0042970852039588125
278.73949579831935,141664.3274669022,0.004039087009566321
278.73949579831935,153064.31405563594,0.0037965790987382507
278.73949579831935,165381.6783395673,0.0035686314305281084
278.73949579831935,178690.24337358287,0.003354369803907275
278.73949579831935,193069.77288832495,0.003152972505120772
278.73949579831935,208606.44934719568,0.0029636671563366968
278.73949579831935,225393.39047347888,0.0027857277535036427
278.73949579831935,243531.20734334175,0.002618471882055979
278.73949579831935,263128.6073895945,0.0024612580997889757
278.73949579831935,284303.0459302665,0.00231348347686681
278.73949579831935,307181.43012686964,0.0021745812835291963
278.73949579831935,331900.87959146773,0.0020440188166287597
278.73949579831935,358609.54820118286,0.001921295356663701
278.73949579831935,387467.51204561285,0.0018059402474707917
278.73949579831935,418647.72882899473,0.001697511091214142
278.73949579831935,452337.0744772105,0.0015955920517473435
278.73949579831935,488737.4631624427,0.001499792259842225
278.73949579831935,528067.0574582637,0.0014097443141681115
278.73949579831935,570561.5758781021,0.0013251028722727155
278.73949579831935,616475.7056337161,0.0012455433261609244
278.73949579831935,666084.6290809154,0.0011707605573922067
278.73949579831935,719685.6730011514,0.0011004677669223192
278.73949579831935,777600.0906038043,0.001034395375201641
278.73949579831935,840174.9869294344,0.0009722899883119193
278.73949579831935,907785.3991937558,0.0009139134261764359
278.73949579831935,980836.5445406671,0.0008590418091167267
278.73949579831935,1.0597662486760707e6,0.0008074646992526761
278.73949579831935,1.1450475699382813e6,0.0007589842934531966
278.73949579831935,1.2371916345321594e6,0.000713414664742372
278.73949579831935,1.336750699919709e6,0.0006705810492517858
278.73949579831935,1.4443214647272818e6,0.0006303191759844396
278.73949579831935,1.5605486450070748e6,0.0005924746368198155
278.73949579831935,1.6861288382868804e6,0.0005569022943440295
278.73949579831935,1.8218146985669748e6,0.0005234657252340143
278.73949579831935,1.9684194472866112e6,0.0004920366970610781
278.73949579831935,2.126821747296208e6,0.0004624946765073202
278.73949579831935,2.2979709690469606e6,0.0004347263671088711
278.73949579831935,2.48289288056033e6,0.000408625274753158
278.73949579831935,2.6826957952797273e6,0.00038409129926383727
278.73949579831935,2.898577214651068e6,0.00036103035050707544
278.73949579831935,3.131831005243845e6,0.00033935398754692296
278.73949579831935,3.383855153428233e6,0.00031897907946589724
278.73949579831935,3.6561601440851935e6,0.0002998274865499921
278.73949579831935,3.9503780135666407e6,0.0002818257606154284
278.73949579831935,4.268272131163825e6,0.0002649048633278706
278.73949579831935,4.611747767708261e6,0.0002489999014338374
278.73949579831935,4.982863514647306e6,0.00023404987788888822
278.73949579831935,5.383843622033489e6,0.00021999745792814732
278.73949579831935,5.817091329374358e6,0.00020678874918201678
278.73949579831935,6.285203269240097e6,0.0001943730949938034
278.73949579831935,6.790985029955707e6,0.00018270288014661347
278.73949579831935,7.337467970651373e6,0.00017173334825445856
278.73949579831935,7.927927389450606e6,0.00016142243011725048
278.73949579831935,8.565902153685499e6,0.00015173058238141093
278.73949579831935,9.255215909791354e6,0.000142620635887341
278.73949579831935,1.0e7,0.0001340576531221533
282.01680672268907,1000.0,0.20658941156239058
282.01680672268907,1080.4718223181285,0.1941857256604682
282.01680672268907,1167.4193588234587,0.1825267605203215
282.01680672268907,1261.3637220374437,0.1715678028996608
282.01680672268907,1362.867959355774,0.16126682415173685
282.01680672268907,1472.5404276241222,0.15158431904147568
282.01680672268907,1591.0384392721533,0.1424831542391381
282.01680672268907,1719.0722018585745,0.13392842591046142
282.01680672268907,1857.4090746385718,0.12588732585712906
282.01680672268907,2006.8781676649664,0.11832901569420375
282.01680672268907,2168.375310987435,0.11122450858198271
282.01680672268907,2342.8684237322327,0.10454655805870562
282.01680672268907,2531.403315241567,0.09826955354777675
282.01680672268907,2735.109953041208,0.09236942213876383
282.01680672268907,2955.209235202888,0.08682353626549241
282.01680672268907,3193.020307691027,0.08161062692717379
282.01680672268907,3449.9684705497157,0.07671070211975976
282.01680672268907,3727.593720314942,0.07210497016470223
282.01680672268907,4027.5599798502976,0.06777576764107555
282.01680672268907,4351.665070924416,0.06370649164467393
282.01680672268907,4701.851489299852,0.05988153611429173
282.01680672268907,5080.218046913023,0.05628623198099158
282.01680672268907,5489.032450921557,0.05290679091082759
282.01680672268907,5930.744895010559,0.04973025242527021
282.01680672268907,6408.002744415996,0.046744434196536476
282.01680672268907,6923.6664026787275,0.04393788532720192
282.01680672268907,7480.826455225086,0.041299842434917924
282.01680672268907,8082.822192522714,0.0388201883738147
282.01680672268907,8733.261623828437,0.036489413434282816
282.01680672268907,9436.04310147889,0.03429857887233074
282.01680672268907,10195.378685327301,0.03223928262864973
282.01680672268907,11015.819387358995,0.030303627105915918
282.01680672268907,11902.282447787144,0.02848418888075186
282.01680672268907,12860.08080610565,0.02677399023419066
282.01680672268907,13894.954943731389,0.025166472391458677
282.01680672268907,15013.107289081743,0.023655470368449474
282.01680672268907,16221.239391291729,0.02223518932842208
282.01680672268907,17526.592085367585,0.020900182358250082
282.01680672268907,18936.988889503602,0.01964532957899068
282.01680672268907,20460.88289466011,0.018465818510661047
282.01680672268907,22107.407427431233,0.0173571256159191
282.01680672268907,23886.430789846003,0.016314998951866635
282.01680672268907,25808.615404180768,0.015335441863443298
282.01680672268907,27885.481717262915,0.014414697655873419
282.01680672268907,30129.47724726992,0.013549235187383674
282.01680672268907,32554.05118685032,0.01273573532693789
282.01680672268907,35173.7350096938,0.011971078225053238
282.01680672268907,38004.22956365882,0.011252331348880165
282.01680672268907,41062.49917244294,0.010576738235659484
282.01680672268907,44366.873309786155,0.009941707921425028
282.01680672268907,47937.15645558219,0.009344805004410003
282.01680672268907,51794.74679231213,0.008783740305049026
282.01680672268907,55962.76445319552,0.00825636208675646
282.01680672268907,60466.19009070435,0.007760647803811519
282.01680672268907,65332.014595937704,0.007294696344702734
282.01680672268907,70589.40086618738,0.006856720741184122
282.01680672268907,76269.85859023452,0.006445041315081678
282.01680672268907,82407.43309893666,0.006058079236567588
282.01680672268907,89038.90941296735,0.005694350469197296
282.01680672268907,96204.0327106476,0.0053524600784884
282.01680672268907,103945.74653722627,0.005031096882213944
282.01680672268907,112310.45018329516,0.004729028421893671
282.01680672268907,121348.27677491431,0.004445096236198288
282.01680672268907,131113.3937421563,0.0041782114181398875
282.01680672268907,141664.3274669022,0.003927350439009877
282.01680672268907,153064.31405563594,0.003691551223048881
282.01680672268907,165381.6783395673,0.0034699094577944835
282.01680672268907,178690.24337358287,0.0032615751259567924
282.01680672268907,193069.77288832495,0.00306574924552113
282.01680672268907,208606.44934719568,0.0028816808055758644
282.01680672268907,225393.39047347888,0.0027086638861140116
282.01680672268907,243531.20734334175,0.0025460349507627307
282.01680672268907,263128.6073895945,0.002393170302058119
282.01680672268907,284303.0459302665,0.0022494836895059905
282.01680672268907,307181.43012686964,0.0021144240612553764
282.01680672268907,331900.87959146773,0.0019874734507621655
282.01680672268907,358609.54820118286,0.0018681449903380522
282.01680672268907,387467.51204561285,0.001755981043966556
282.01680672268907,418647.72882899473,0.0016505514522252916
282.01680672268907,452337.0744772105,0.0015514518825835923
282.01680672268907,488737.4631624427,0.0014583022787487351
282.01680672268907,528067.0574582637,0.0013707454031138284
282.01680672268907,570561.5758781021,0.001288445466717557
282.01680672268907,616475.7056337161,0.0012110868414615195
282.01680672268907,666084.6290809154,0.001138372849646391
282.01680672268907,719685.6730011514,0.0010700246261846778
282.01680672268907,777600.0906038043,0.0010057800491265324
282.01680672268907,840174.9869294344,0.0009453927343971038
282.01680672268907,907785.3991937558,0.0008886310908901243
282.01680672268907,980836.5445406671,0.0008352774322939527
282.01680672268907,1.0597662486760707e6,0.0007851271422438287
282.01680672268907,1.1450475699382813e6,0.0007379878895986112
282.01680672268907,1.2371916345321594e6,0.0006936788908325283
282.01680672268907,1.336750699919709e6,0.0006520302167131275
282.01680672268907,1.4443214647272818e6,0.00061288214060648
282.01680672268907,1.5605486450070748e6,0.0005760845259103139
282.01680672268907,1.6861288382868804e6,0.0005414962502658414
282.01680672268907,1.8218146985669748e6,0.000508984664340065
282.01680672268907,1.9684194472866112e6,0.00047842508310294574
282.01680672268907,2.126821747296208e6,0.000449700307648431
282.01680672268907,2.2979709690469606e6,0.0004227001757254818
282.01680672268907,2.48289288056033e6,0.000397321139255343
282.01680672268907,2.6826957952797273e6,0.0003734658672147968
282.01680672268907,2.898577214651068e6,0.0003510428723624089
282.01680672268907,3.131831005243845e6,0.00032996616037624327
282.01680672268907,3.383855153428233e6,0.00031015490005744306
282.01680672268907,3.6561601440851935e6,0.00029153311333488
282.01680672268907,3.9503780135666407e6,0.0002740293838820117
282.01680672268907,4.268272131163825e6,0.00025757658322846333
282.01680672268907,4.611747767708261e6,0.00024211161331595001
282.01680672268907,4.982863514647306e6,0.00022757516451120673
282.01680672268907,5.383843622033489e6,0.000213911488147896
282.01680672268907,5.817091329374358e6,0.0002010681827251591
282.01680672268907,6.285203269240097e6,0.00018899599294286713
282.01680672268907,6.790985029955707e6,0.00017764862080285165
282.01680672268907,7.337467970651373e6,0.00016698254805166995
282.01680672268907,7.927927389450606e6,0.0001569568692839558
282.01680672268907,8.565902153685499e6,0.0001475331350662933
282.01680672268907,9.255215909791354e6,0.00013867520447997413
282.01680672268907,1.0e7,0.0001303491065171316
285.29411764705884,1000.0,0.2009394805016958
285.29411764705884,1080.4718223181285,0.1888750180368043
285.29411764705884,1167.4193588234587,0.17753490926389687
285.29411764705884,1261.3637220374437,0.16687566378523577
285.29411764705884,1362.867959355774,0.1568564023786959
285.29411764705884,1472.5404276241222,0.1474387002220521
285.29411764705884,1591.0384392721533,0.13858643953012528
285.29411764705884,1719.0722018585745,0.1302656710396342
285.29411764705884,1857.4090746385718,0.1224444838105356
285.29411764705884,2006.8781676649664,0.11509288284452861
285.29411764705884,2168.375310987435,0.10818267405137771
285.29411764705884,2342.8684237322327,0.10168735612189087
285.29411764705884,2531.403315241567,0.09558201889287256
285.29411764705884,2735.109953041208,0.08984324781427469
285.29411764705884,2955.209235202888,0.08444903415216598
285.29411764705884,3193.020307691027,0.07937869058314025
285.29411764705884,3449.9684705497157,0.07461277185645952
285.29411764705884,3727.593720314942,0.0701330002196647
285.29411764705884,4027.5599798502976,0.06592219532165348
285.29411764705884,4351.665070924416,0.06196420832439627
285.29411764705884,4701.851489299852,0.058243859970603815
285.29411764705884,5080.218046913023,0.05474688236982902
285.29411764705884,5489.032450921557,0.0514598642797476
285.29411764705884,5930.744895010559,0.048370199672765686
285.29411764705884,6408.002744415996,0.04546603939070272
285.29411764705884,6923.6664026787275,0.04273624570214093
285.29411764705884,7480.826455225086,0.04017034958816392
285.29411764705884,8082.822192522714,0.03775851059267152
285.29411764705884,8733.261623828437,0.03549147908329298
285.29411764705884,9436.04310147889,0.03336056077816551
285.29411764705884,10195.378685327301,0.03135758340253468
285.29411764705884,11015.819387358995,0.02947486534730216
285.29411764705884,11902.282447787144,0.027705186209322826
285.29411764705884,12860.08080610565,0.026041759100470595
285.29411764705884,13894.954943731389,0.024478204619275804
285.29411764705884,15013.107289081743,0.02300852638531274
285.29411764705884,16221.239391291729,0.021627088042509183
285.29411764705884,17526.592085367585,0.020328591643183843
285.29411764705884,18936.988889503602,0.019108057329912203
285.29411764705884,20460.88289466011,0.017960804237298702
285.29411764705884,22107.407427431233,0.016882432540411958
285.29411764705884,23886.430789846003,0.015868806581036846
285.29411764705884,25808.615404180768,0.014916039007031274
285.29411764705884,27885.481717262915,0.0140204758639601
285.29411764705884,30129.47724726992,0.013178682581831873
285.29411764705884,32554.05118685032,0.012387430803195527
285.29411764705884,35173.7350096938,0.011643686002081986
285.29411764705884,38004.22956365882,0.010944595846307872
285.29411764705884,41062.49917244294,0.010287479258509808
285.29411764705884,44366.873309786155,0.009669816133957261
285.29411764705884,47937.15645558219,0.009089237675710746
285.29411764705884,51794.74679231213,0.008543517310059832
285.29411764705884,55962.76445319552,0.008030562147400808
285.29411764705884,60466.19009070435,0.007548404955805612
285.29411764705884,65332.014595937704,0.007095196616499941
285.29411764705884,70589.40086618738,0.006669199032316547
285.29411764705884,76269.85859023452,0.006268778461926963
285.29411764705884,82407.43309893666,0.005892399254287876
285.29411764705884,89038.90941296735,0.005538617959272979
285.29411764705884,96204.0327106476,0.005206077791904234
285.29411764705884,103945.74653722627,0.0048935034289521815
285.29411764705884,112310.45018329516,0.004599696117949837
285.29411764705884,121348.27677491431,0.004323529079862741
285.29411764705884,131113.3937421563,0.004063943187784002
285.29411764705884,141664.3274669022,0.0038199429050816748
285.29411764705884,153064.31405563594,0.003590592467420931
285.29411764705884,165381.6783395673,0.0033750122940186403
285.29411764705884,178690.24337358287,0.0031723756143672683
285.29411764705884,193069.77288832495,0.002981905297491197
285.29411764705884,208606.44934719568,0.00280287087157538
285.29411764705884,225393.39047347888,0.0026345857225363208
285.29411764705884,243531.20734334175,0.00247640446079164
285.29411764705884,263128.6073895945,0.002327720446129531
285.29411764705884,284303.0459302665,0.002187963461185732
285.29411764705884,307181.43012686964,0.002056597524605606
285.29411764705884,331900.87959146773,0.0019331188355045676
285.29411764705884,358609.54820118286,0.001817053841343688
285.29411764705884,387467.51204561285,0.0017079574218105788
285.29411764705884,418647.72882899473,0.0016054111817405867
285.29411764705884,452337.0744772105,0.0015090218465314538
285.29411764705884,488737.4631624427,0.001418419753897765
285.29411764705884,528067.0574582637,0.0013332574361808354
285.29411764705884,570561.5758781021,0.0012532082877771426
285.29411764705884,616475.7056337161,0.0011779653125747129
285.29411764705884,666084.6290809154,0.001107239946593776
285.29411764705884,719685.6730011514,0.0010407609513164075
285.29411764705884,777600.0906038043,0.0009782733734609655
285.29411764705884,840174.9869294344,0.0009195375672119639
285.29411764705884,907785.3991937558,0.0008643282751555293
285.29411764705884,980836.5445406671,0.0008124337643957571
285.29411764705884,1.0597662486760707e6,0.0007636550145388796
285.29411764705884,1.1450475699382813e6,0.0007178049544310913
285.29411764705884,1.2371916345321594e6,0.0006747077447228484
285.29411764705884,1.336750699919709e6,0.0006341981035082048
285.29411764705884,1.4443214647272818e6,0.0005961206724529595
285.29411764705884,1.5605486450070748e6,0.000560329420980634
285.29411764705884,1.6861288382868804e6,0.0005266870862313007
285.29411764705884,1.8218146985669748e6,0.0004950646466454324
285.29411764705884,1.9684194472866112e6,0.0004653408271539305
285.29411764705884,2.126821747296208e6,0.0004374016340766758
285.29411764705884,2.2979709690469606e6,0.0004111399179459039
285.29411764705884,2.48289288056033e6,0.00038645496257778657
285.29411764705884,2.6826957952797273e6,0.0003632520988162701
285.29411764705884,2.898577214651068e6,0.00034144234146783834
285.29411764705884,3.131831005243845e6,0.00032094204803481815
285.29411764705884,3.383855153428233e6,0.0003016725979384306
285.29411764705884,3.6561601440851935e6,0.000283560091001379
285.29411764705884,3.9503780135666407e6,0.00026653506403362756
285.29411764705884,4.268272131163825e6,0.00025053222443444746
285.29411764705884,4.611747767708261e6,0.00023549019978907334
285.29411764705884,4.982863514647306e6,0.0002213513024996425
285.29411764705884,5.383843622033489e6,0.00020806130854776083
285.29411764705884,5.817091329374358e6,0.00019556924954022557
285.29411764705884,6.285203269240097e6,0.0001838272172403803
285.29411764705884,6.790985029955707e6,0.00017279017983546223
285.29411764705884,7.337467970651373e6,0.0001624158092353093
285.29411764705884,7.927927389450606e6,0.0001526643187401009
285.29411764705884,8.565902153685499e6,0.00014349831045457314
285.29411764705884,9.255215909791354e6,0.00013488263186352628
285.29411764705884,1.0e7,0.0001267842410185795
288.57142857142856,1000.0,0.19550597999655975
288.57142857142856,1080.4718223181285,0.18376774641776625
288.57142857142856,1167.4193588234587,0.1727342796576283
288.57142857142856,1261.3637220374437,0.1623632653197468
288.57142857142856,1362.867959355774,0.15261492957588704
288.57142857142856,1472.5404276241222,0.14345188662955669
288.57142857142856,1591.0384392721533,0.13483899533791444
288.57142857142856,1719.0722018585745,0.12674322444213854
288.57142857142856,1857.4090746385718,0.11913352588940147
288.57142857142856,2006.8781676649664,0.11198071576062876
288.57142857142856,2168.375310987435,0.10525736234738846
288.57142857142856,2342.8684237322327,0.09893768094867582
288.57142857142856,2531.403315241567,0.09299743498412713
288.57142857142856,2735.109953041208,0.08741384304442505
288.57142857142856,2955.209235202888,0.08216549152242292
288.57142857142856,3193.020307691027,0.077232252489921
288.57142857142856,3449.9684705497157,0.07259520650514342
288.57142857142856,3727.593720314942,0.06823657005487664
288.57142857142856,4027.5599798502976,0.06413962735300154
288.57142857142856,4351.665070924416,0.060288666233860574
288.57142857142856,4701.851489299852,0.05666891789460556
288.57142857142856,5080.218046913023,0.053266500255431226
288.57142857142856,5489.032450921557,0.05006836472047666
288.57142857142856,5930.744895010559,0.0470622461352164
288.57142857142856,6408.002744415996,0.04423661574842434
288.57142857142856,6923.6664026787275,0.041580636998314095
288.57142857142856,7480.826455225086,0.03908412395329203
288.57142857142856,8082.822192522714,0.03673750224793891
288.57142857142856,8733.261623828437,0.03453177236440619
288.57142857142856,9436.04310147889,0.03245847511840759
288.57142857142856,10195.378685327301,0.030509659217441143
288.57142857142856,11015.819387358995,0.028677850766824876
288.57142857142856,11902.282447787144,0.026956024606598496
288.57142857142856,12860.08080610565,0.02533757736936552
288.57142857142856,13894.954943731389,0.023816302155750042
288.57142857142856,15013.107289081743,0.022386364730346293
288.57142857142856,16221.239391291729,0.021042281146869752
288.57142857142856,17526.592085367585,0.01977889671670069
288.57142857142856,18936.988889503602,0.01859136624016207
288.57142857142856,20460.88289466011,0.017475135424717146
288.57142857142856,22107.407427431233,0.016425923418823582
288.57142857142856,23886.430789846003,0.015439706394459816
288.57142857142856,25808.615404180768,0.014512702115361294
288.57142857142856,27885.481717262915,0.013641355431783849
288.57142857142856,30129.47724726992,0.012822324646165732
288.57142857142856,32554.05118685032,0.012052468697399036
288.57142857142856,35173.7350096938,0.01132883511456103
288.57142857142856,38004.22956365882,0.010648648693906814
288.57142857142856,41062.49917244294,0.010009300855698526
288.57142857142856,44366.873309786155,0.009408339640053479
288.57142857142856,47937.15645558219,0.008843460303444376
288.57142857142856,51794.74679231213,0.008312496479788217
288.57142857142856,55962.76445319552,0.007813411872225985
288.57142857142856,60466.19009070435,0.00734429244373014
288.57142857142856,65332.014595937704,0.006903339076590221
288.57142857142856,70589.40086618738,0.006488860672625013
288.57142857142856,76269.85859023452,0.0060992676676598365
288.57142857142856,82407.43309893666,0.005733065935396535
288.57142857142856,89038.90941296735,0.005388851057296681
288.57142857142856,96204.0327106476,0.005065302936502679
288.57142857142856,103945.74653722627,0.004761180735140536
288.57142857142856,112310.45018329516,0.004475318115588363
288.57142857142856,121348.27677491431,0.004206618767460464
288.57142857142856,131113.3937421563,0.003954052203152526
288.57142857142856,141664.3274669022,0.0037166498058234776
288.57142857142856,153064.31405563594,0.0034935011146576067
288.57142857142856,165381.6783395673,0.0032837503331605493
288.57142857142856,178690.24337358287,0.003086593047098212
288.57142857142856,193069.77288832495,0.002901273139491518
288.57142857142856,208606.44934719568,0.002727079890835746
288.57142857142856,225393.39047347888,0.0025633452534235103
288.57142857142856,243531.20734334175,0.0024094412893181315
288.57142857142856,263128.6073895945,0.0022647777621518364
288.57142857142856,284303.0459302665,0.002128799873513017
288.57142857142856,307181.43012686964,0.002000986135241475
288.57142857142856,331900.87959146773,0.0018808463694716241
288.57142857142856,358609.54820118286,0.0017679198287536772
288.57142857142856,387467.51204561285,0.0016617734290432626
288.57142857142856,418647.72882899473,0.0015620000887828494
288.57142857142856,452337.0744772105,0.0014682171677051796
288.57142857142856,488737.4631624427,0.0013800649993713965
288.57142857142856,528067.0574582637,0.0012972055118159575
288.57142857142856,570561.5758781021,0.0012193209310084447
288.57142857142856,616475.7056337161,0.0011461125621598759
288.57142857142856,666084.6290809154,0.0010772996441997258
288.57142857142856,719685.6730011514,0.0010126182730304653
288.57142857142856,777600.0906038043,0.0009518203894302013
288.57142857142856,840174.9869294344,0.0008946728277219277
288.57142857142856,907785.3991937558,0.0008409564215609275
288.57142857142856,980836.5445406671,0.000790465163410961
288.57142857142856,1.0597662486760707e6,0.0007430054144857352
288.57142857142856,1.1450475699382813e6,0.0006983951621257034
288.57142857142856,1.2371916345321594e6,0.0006564633217621755
288.57142857142856,1.336750699919709e6,0.00061704908079169
288.57142857142856,1.4443214647272818e6,0.0005800012818443634
288.57142857142856,1.5605486450070748e6,0.0005451778430809631
288.57142857142856,1.6861288382868804e6,0.0005124452132955222
288.57142857142856,1.8218146985669748e6,0.0004816778597337369
288.57142857142856,1.9684194472866112e6,0.00045275778666289073
288.57142857142856,2.126821747296208e6,0.00042557408284697636
288.57142857142856,2.2979709690469606e6,0.0004000224961915375
288.57142857142856,2.48289288056033e6,0.00037600503392695077
288.57142857142856,2.6826957952797273e6,0.0003534295867968201
288.57142857142856,2.898577214651068e6,0.00033220957581019697
288.57142857142856,3.131831005243845e6,0.0003122636202029025
288.57142857142856,3.383855153428233e6,0.0002935152253345417
288.57142857142856,3.6561601440851935e6,0.00027589248932426895
288.57142857142856,3.9503780135666407e6,0.00025932782730022226
288.57142857142856,4.268272131163825e6,0.0002437577122051001
288.57142857142856,4.611747767708261e6,0.00022912243116384422
288.57142857142856,4.982863514647306e6,0.0002153658564790722
288.57142857142856,5.383843622033489e6,0.0002024352303760101
288.57142857142856,5.817091329374358e6,0.00019028096267139925
288.57142857142856,6.285203269240097e6,0.000178856440590418
288.57142857142856,6.790985029955707e6,0.00016811785000224848
288.57142857142856,7.337467970651373e6,0.0001580240073887096
288.57142857142856,7.927927389450606e6,0.00014853620190154063
288.57142857142856,8.565902153685499e6,0.00013961804690261026
288.57142857142856,9.255215909791354e6,0.00013123534041769032
288.57142857142856,1.0e7,0.00012335593396862706
291.8487394957983,1000.0,0.19027830052619507
291.8487394957983,1080.4718223181285,0.17885393828115462
291.8487394957983,1167.4193588234587,0.1681154979323311
291.8487394957983,1261.3637220374437,0.15802179653772616
291.8487394957983,1362.867959355774,0.14853412379066727
291.8487394957983,1472.5404276241222,0.1396160935620934
291.8487394957983,1591.0384392721533,0.13123350435628298
291.8487394957983,1719.0722018585745,0.12335420814485885
291.8487394957983,1857.4090746385718,0.11594798707603556
291.8487394957983,2006.8781676649664,0.10898643758627886
291.8487394957983,2168.375310987435,0.10244286146993263
291.8487394957983,2342.8684237322327,0.09629216348905649
291.8487394957983,2531.403315241567,0.09051075513079654
291.8487394957983,2735.109953041208,0.08507646414319113
291.8487394957983,2955.209235202888,0.07996844950247163
291.8487394957983,3193.020307691027,0.07516712148575072
291.8487394957983,3449.9684705497157,0.07065406654256785
291.8487394957983,3727.593720314942,0.06641197667716894
291.8487394957983,4027.5599798502976,0.06242458307069352
291.8487394957983,4351.665070924416,0.05867659368870382
291.8487394957983,4701.851489299852,0.055153634634775725
291.8487394957983,5080.218046913023,0.051842195025236265
291.8487394957983,5489.032450921557,0.048729575173637366
291.8487394957983,5930.744895010559,0.04580383788624802
291.8487394957983,6408.002744415996,0.043053762681778934
291.8487394957983,6923.6664026787275,0.040468802759767546
291.8487394957983,7480.826455225086,0.038039044552593354
291.8487394957983,8082.822192522714,0.035755169706001295
291.8487394957983,8733.261623828437,0.03360841934232528
291.8487394957983,9436.04310147889,0.03159056046935784
291.8487394957983,10195.378685327301,0.029693854406040252
291.8487394957983,11015.819387358995,0.027911027103883466
291.8487394957983,11902.282447787144,0.02623524125029891
291.8487394957983,12860.08080610565,0.024660070046853243
291.8487394957983,13894.954943731389,0.023179472561883872
291.8487394957983,15013.107289081743,0.021787770562950556
291.8487394957983,16221.239391291729,0.020479626740272736
291.8487394957983,17526.592085367585,0.019250024237638
291.8487394957983,18936.988889503602,0.018094247412280502
291.8487394957983,20460.88289466011,0.01700786374994156
291.8487394957983,22107.407427431233,0.01598670686575509
291.8487394957983,23886.430789846003,0.015026860525764667
291.8487394957983,25808.615404180768,0.01412464362779315
291.8487394957983,27885.481717262915,0.01327659608406497
291.8487394957983,30129.47724726992,0.012479465551439875
291.8487394957983,32554.05118685032,0.011730194958367041
291.8487394957983,35173.7350096938,0.01102591078072439
291.8487394957983,38004.22956365882,0.010363912021579746
291.8487394957983,41062.49917244294,0.009741659852610237
291.8487394957983,44366.873309786155,0.00915676787745373
291.8487394957983,47937.15645558219,0.008606992979651442
291.8487394957983,51794.74679231213,0.008090226720082491
291.8487394957983,55962.76445319552,0.007604487250899013
291.8487394957983,60466.19009070435,0.007147911714950801
291.8487394957983,65332.014595937704,0.006718749101550625
291.8487394957983,70589.40086618738,0.006315353531181383
291.8487394957983,76269.85859023452,0.0059361779433913225
291.8487394957983,82407.43309893666,0.005579768163669826
291.8487394957983,89038.90941296735,0.005244757326549526
291.8487394957983,96204.0327106476,0.004929860633547041
291.8487394957983,103945.74653722627,0.0046338704258383455
291.8487394957983,112310.45018329516,0.004355651552772105
291.8487394957983,121348.27677491431,0.004094137018458765
291.8487394957983,131113.3937421563,0.0038483238897396364
291.8487394957983,141664.3274669022,0.003617269449842652
291.8487394957983,153064.31405563594,0.003400087582973751
291.8487394957983,165381.6783395673,0.0031959453759783257
291.8487394957983,178690.24337358287,0.0030040599240399313
291.8487394957983,193069.77288832495,0.002823695328165709
291.8487394957983,208606.44934719568,0.002654159872943621
291.8487394957983,225393.39047347888,0.002494803373747939
291.8487394957983,243531.20734334175,0.0023450146832192337
291.8487394957983,263128.6073895945,0.0022042193474560404
291.8487394957983,284303.0459302665,0.0020718774029293814
291.8487394957983,307181.43012686964,0.0019474813056711954
291.8487394957983,331900.87959146773,0.0018305539847948502
291.8487394957983,358609.54820118286,0.0017206470128828333
291.8487394957983,387467.51204561285,0.0016173388862248791
291.8487394957983,418647.72882899473,0.0015202334083110718
291.8487394957983,452337.0744772105,0.001428958170380472
291.8487394957983,488737.4631624427,0.0013431631231980456
291.8487394957983,528067.0574582637,0.0012625192345824762
291.8487394957983,570561.5758781021,0.0011867172275364026
291.8487394957983,616475.7056337161,0.0011154663941396665
291.8487394957983,666084.6290809154,0.0010484934806567325
291.8487394957983,719685.6730011514,0.0009855416395825746
291.8487394957983,777600.0906038043,0.0009263694446080208
291.8487394957983,840174.9869294344,0.0008707499647268558
291.8487394957983,907785.3991937558,0.0008184698939337788
291.8487394957983,980836.5445406671,0.0007693287331755551
291.8487394957983,1.0597662486760707e6,0.0007231380214180386
291.8487394957983,1.1450475699382813e6,0.0006797206128801466
291.8487394957983,1.2371916345321594e6,0.000638909997662913
291.8487394957983,1.336750699919709e6,0.0006005496631681531
291.8487394957983,1.4443214647272818e6,0.0005644924938577433
291.8487394957983,1.5605486450070748e6,0.0005306002070515064
291.8487394957983,1.6861288382868804e6,0.00049874282259996
291.8487394957983,1.8218146985669748e6,0.0004687981643980571
291.8487394957983,1.9684194472866112e6,0.0004406513918281803
291.8487394957983,2.126821747296208e6,0.000414194559335432
291.8487394957983,2.2979709690469606e6,0.00038932620244614227
291.8487394957983,2.48289288056033e6,0.0003659509486419468
291.8487394957983,2.6826957952797273e6,0.00034397915159709014
291.8487394957983,2.898577214651068e6,0.0003233265473762223
291.8487394957983,3.131831005243845e6,0.0003039139312741792
291.8487394957983,3.383855153428233e6,0.0002856668540583903
291.8487394957983,3.6561601440851935e6,0.0002685153364489776
291.8487394957983,3.9503780135666407e6,0.0002523936007415487
291.8487394957983,4.268272131163825e6,0.0002372398185434326
291.8487394957983,4.611747767708261e6,0.00022299587365590332
291.8487394957983,4.982863514647306e6,0.000209607139193018
291.8487394957983,5.383843622033489e6,0.00019702226808230504
291.8487394957983,5.817091329374358e6,0.00018519299614384846
291.8487394957983,6.285203269240097e6,0.00017407395699255837
291.8487394957983,6.790985029955707e6,0.00016362250805376148
291.8487394957983,7.337467970651373e6,0.00015379856702486374
291.8487394957983,7.927927389450606e6,0.00014456445815590023
291.8487394957983,8.565902153685499e6,0.00013588476775944525
291.8487394957983,9.255215909791354e6,0.00012772620839574417
291.8487394957983,1.0e7,0.00012005749121221215
295.12605042016804,1000.0,0.18524646381222953
295.12605042016804,1080.4718223181285,0.17412421444721407
295.12605042016804,1167.4193588234587,0.16366974803681925
295.12605042016804,1261.3637220374437,0.1538429707061603
295.12605042016804,1362.867959355774,0.14460619582778486
295.12605042016804,1472.5404276241222,0.13592399948986642
295.12605042016804,1591.0384392721533,0.1277630846421264
295.12605042016804,1719.0722018585745,0.12009215339847433
295.12605042016804,1857.4090746385718,0.11288178700663098
295.12605042016804,2006.8781676649664,0.10610433302441129
295.12605042016804,2168.375310987435,0.09973379926997289
295.12605042016804,2342.8684237322327,0.09374575413932244
295.12605042016804,2531.403315241567,0.08811723290878576
295.12605042016804,2735.109953041208,0.08282664966310464
295.12605042016804,2955.209235202888,0.07785371451139449
295.12605042016804,3193.020307691027,0.07317935577348005
295.12605042016804,3449.9684705497157,0.06878564683818379
295.12605042016804,3727.593720314942,0.06465573741306434
295.12605042016804,4027.5599798502976,0.060773788901939296
295.12605042016804,4351.665070924416,0.057124913662359375
295.12605042016804,4701.851489299852,0.05369511791008121
295.12605042016804,5080.218046913023,0.05047124805157104
295.12605042016804,5489.032450921557,0.047440940238720565
295.12605042016804,5930.744895010559,0.04459257295231079
295.12605042016804,6408.002744415996,0.04191522243237875
295.12605042016804,6923.6664026787275,0.03939862078455699
295.12605042016804,7480.826455225086,0.03703311660172036
295.12605042016804,8082.822192522714,0.03480963794991986
295.12605042016804,8733.261623828437,0.032719657576651524
295.12605042016804,9436.04310147889,0.03075516020803071
295.12605042016804,10195.378685327301,0.028908611809452683
295.12605042016804,11015.819387358995,0.027172930691852105
295.12605042016804,11902.282447787144,0.02554146035275078
295.12605042016804,12860.08080610565,0.024007943947936167
295.12605042016804,13894.954943731389,0.022566500295867712
295.12605042016804,15013.107289081743,0.02121160132278532
295.12605042016804,16221.239391291729,0.019938050862019455
295.12605042016804,17526.592085367585,0.018740964726197077
295.12605042016804,18936.988889503602,0.017615751975917516
295.12605042016804,20460.88289466011,0.01655809731306244
295.12605042016804,22107.407427431233,0.015563944531216385
295.12605042016804,23886.430789846003,0.014629480959728587
295.12605042016804,25808.615404180768,0.013751122841757833
295.12605042016804,27885.481717262915,0.01292550159022334
295.12605042016804,30129.47724726992,0.012149450868952427
295.12605042016804,32554.05118685032,0.01141999444947949
295.12605042016804,35173.7350096938,0.010734334796926284
295.12605042016804,38004.22956365882,0.010089842341189077
295.12605042016804,41062.49917244294,0.009484045392286741
295.12605042016804,44366.873309786155,0.0089146206611941
295.12605042016804,47937.15645558219,0.008379384349807225
295.12605042016804,51794.74679231213,0.007876283775869514
295.12605042016804,55962.76445319552,0.007403389500739696
295.12605042016804,60466.19009070435,0.006958887929810774
295.12605042016804,65332.014595937704,0.006541074357201881
295.12605042016804,70589.40086618738,0.006148346428048801
295.12605042016804,76269.85859023452,0.005779197993320362
295.12605042016804,82407.43309893666,0.00543221333359342
295.12605042016804,89038.90941296735,0.0051060617296339
295.12605042016804,96204.0327106476,0.004799492358961784
295.12605042016804,103945.74653722627,0.004511329498827686
295.12605042016804,112310.45018329516,0.004240468017204095
295.12605042016804,121348.27677491431,0.003985869134498713
295.12605042016804,131113.3937421563,0.003746556439735756
295.12605042016804,141664.3274669022,0.0035216121459268105
295.12605042016804,153064.31405563594,0.0033101735702702876
295.12605042016804,165381.6783395673,0.003111429825680659
295.12605042016804,178690.24337358287,0.0029246187109592233
295.12605042016804,193069.77288832495,0.0027490237876798772
295.12605042016804,208606.44934719568,0.002583971632579487
295.12605042016804,225393.39047347888,0.002428829254915499
295.12605042016804,243531.20734334175,0.0022830016688861234
295.12605042016804,263128.6073895945,0.002145929611803101
295.12605042016804,284303.0459302665,0.0020170873992659826
295.12605042016804,307181.43012686964,0.001895980909112373
295.12605042016804,331900.87959146773,0.0017821456864123525
295.12605042016804,358609.54820118286,0.0016751451622395597
295.12605042016804,387467.51204561285,0.001574568979387762
295.12605042016804,418647.72882899473,0.001480031418611865
295.12605042016804,452337.0744772105,0.0013911699193578516
295.12605042016804,488737.4631624427,0.001307643689308514
295.12605042016804,528067.0574582637,0.001229132397412437
295.12605042016804,570561.5758781021,0.001155334945383893
295.12605042016804,616475.7056337161,0.0010859683129622283
295.12605042016804,666084.6290809154,0.0010207664725021912
295.12605042016804,719685.6730011514,0.0009594793687325641
295.12605042016804,777600.0906038043,0.0009018719597703697
295.12605042016804,840174.9869294344,0.0008477233157128574
295.12605042016804,907785.3991937558,0.0007968257713502657
295.12605042016804,980836.5445406671,0.0007489841297499614
295.12605042016804,1.0597662486760707e6,0.000704014913657599
295.12605042016804,1.1450475699382813e6,0.0006617456618443682
295.12605042016804,1.2371916345321594e6,0.0006220142677017483
295.12605042016804,1.336750699919709e6,0.0005846683575472151
295.12605042016804,1.4443214647272818e6,0.0005495647062566536
295.12605042016804,1.5605486450070748e6,0.0005165686879823526
295.12605042016804,1.6861288382868804e6,0.0004855537598500549
295.12605042016804,1.8218146985669748e6,0.00045640097665497486
295.12605042016804,1.9684194472866112e6,0.0004289985346956045
295.12605042016804,2.126821747296208e6,0.00040324134299586347
295.12605042016804,2.2979709690469606e6,0.0003790306202711922
295.12605042016804,2.48289288056033e6,0.0003562735160929127
295.12605042016804,2.6826957952797273e6,0.00033488275479798865
295.12605042016804,2.898577214651068e6,0.0003147763007785372
295.12605042016804,3.131831005243845e6,0.0002958770438674594
295.12605042016804,3.383855153428233e6,0.0002781125036135998
295.12605042016804,3.6561601440851935e6,0.00026141455131231
295.12605042016804,3.9503780135666407e6,0.00024571914872537434
295.12605042016804,4.268272131163825e6,0.0002309661024882641
295.12605042016804,4.611747767708261e6,0.0002170988332628495
295.12605042016804,4.982863514647306e6,0.00020406415875024532
295.12605042016804,5.383843622033489e6,0.00019181208973162748
295.12605042016804,5.817091329374358e6,0.00018029563835481564
295.12605042016804,6.285203269240097e6,0.00016947063793138235
295.12605042016804,6.790985029955707e6,0.00015929557355319447
295.12605042016804,7.337467970651373e6,0.0001497314228787846
295.12605042016804,7.927927389450606e6,0.0001407415064789525
295.12605042016804,8.565902153685499e6,0.00013229134716766035
295.12605042016804,9.255215909791354e6,0.00012434853777873743
295.12605042016804,1.0e7,0.00011688261688131046
298.4033613445378,1000.0,0.18040107879183095
298.4033613445378,1080.4718223181285,0.1695697476951448
298.4033613445378,1167.4193588234587,0.15938873273909207
298.4033613445378,1261.3637220374437,0.14981898876117253
298.4033613445378,1362.867959355774,0.14082381488133408
298.4033613445378,1472.5404276241222,0.13236871375060155
298.4033613445378,1591.0384392721533,0.12442125925045601
298.4033613445378,1719.0722018585745,0.11695097213558016
298.4033613445378,1857.4090746385718,0.10992920314304823
298.4033613445378,2006.8781676649664,0.10332902311967278
298.4033613445378,2168.375310987435,0.09712511974613591
298.4033613445378,2342.8684237322327,0.09129370046183326
298.4033613445378,2531.403315241567,0.0858124012181362
298.4033613445378,2735.109953041208,0.08066020071013458
298.4033613445378,2955.209235202888,0.07581733975792945
298.4033613445378,3193.020307691027,0.07126524552829525
298.4033613445378,3449.9684705497157,0.0669864603060943
298.4033613445378,3727.593720314942,0.06296457454227593
298.4033613445378,4027.5599798502976,0.05918416392169241
298.4033613445378,4351.665070924416,0.05563073020938008
298.4033613445378,4701.851489299852,0.052290645648447306
298.4033613445378,5080.218046913023,0.04915110069632768
298.4033613445378,5489.032450921557,0.04620005489896411
298.4033613445378,5930.744895010559,0.0434261907145199
298.4033613445378,6408.002744415996,0.04081887010952748
298.4033613445378,6923.6664026787275,0.03836809376101629
298.4033613445378,7480.826455225086,0.03606446270815652
298.4033613445378,8082.822192522714,0.03389914230634847
298.4033613445378,8733.261623828437,0.0318638283455188
298.4033613445378,9436.04310147889,0.02995071520268368
298.4033613445378,10195.378685327301,0.028152465906640604
298.4033613445378,11015.819387358995,0.02646218399998497
298.4033613445378,11902.282447787144,0.0248733870905385
298.4033613445378,12860.08080610565,0.023379981990757807
298.4033613445378,13894.954943731389,0.02197624134977926
298.4033613445378,15013.107289081743,0.020656781688483037
298.4033613445378,16221.239391291729,0.019416542753337297
298.4033613445378,17526.592085367585,0.01825076810984397
298.4033613445378,18936.988889503602,0.017154986901159134
298.4033613445378,20460.88289466011,0.016124996701930995
298.4033613445378,22107.407427431233,0.015156847401598242
298.4033613445378,23886.430789846003,0.014246826055339551
298.4033613445378,25808.615404180768,0.01339144264457657
298.4033613445378,27885.481717262915,0.012587416692419905
298.4033613445378,30129.47724726992,0.01183166468272778
298.4033613445378,32554.05118685032,0.011121288234527765
298.4033613445378,35173.7350096938,0.01045356298644956
298.4033613445378,38004.22956365882,0.00982592814853957
298.4033613445378,41062.49917244294,0.00923597668138737
298.4033613445378,44366.873309786155,0.008681446064900216
298.4033613445378,47937.15645558219,0.008160209621322946
298.4033613445378,51794.74679231213,0.00767026835922604
298.4033613445378,55962.76445319552,0.007209743307183086
298.4033613445378,60466.19009070435,0.006776868307736283
298.4033613445378,65332.014595937704,0.006369983244014286
298.4033613445378,70589.40086618738,0.00598752767302584
298.4033613445378,76269.85859023452,0.005628034841212175
298.4033613445378,82407.43309893666,0.005290126059307403
298.4033613445378,89038.90941296735,0.004972505414933736
298.4033613445378,96204.0327106476,0.004673954802654078
298.4033613445378,103945.74653722627,0.004393329252421586
298.4033613445378,112310.45018329516,0.004129552538510441
298.4033613445378,121348.27677491431,0.003881613052087632
298.4033613445378,131113.3937421563,0.003648559921596688
298.4033613445378,141664.3274669022,0.0034294993660746475
298.4033613445378,153064.31405563594,0.0032235912674169137
298.4033613445378,165381.6783395673,0.003030045948444245
298.4033613445378,178690.24337358287,0.0028481211444155315
298.4033613445378,193069.77288832495,0.0026771191563718
298.4033613445378,208606.44934719568,0.0025163841753941952
298.4033613445378,225393.39047347888,0.0023652997675143116
298.4033613445378,243531.20734334175,0.0022232865096311607
298.4033613445378,263128.6073895945,0.0020897997673683913
298.4033613445378,284303.0459302665,0.0019643276063495314
298.4033613445378,307181.43012686964,0.0018463888288808893
298.4033613445378,331900.87959146773,0.001735531128512541
298.4033613445378,358609.54820118286,0.0016313293553999971
298.4033613445378,387467.51204561285,0.0015333838858140286
298.4033613445378,418647.72882899473,0.0014413190895455992
298.4033613445378,452337.0744772105,0.001354781889328203
298.4033613445378,488737.4631624427,0.0012734404067529209
298.4033613445378,528067.0574582637,0.0011969826894830831
298.4033613445378,570561.5758781021,0.0011251155148873386
298.4033613445378,616475.7056337161,0.0010575632655029238
298.4033613445378,666084.6290809154,0.0009940668720164261
298.4033613445378,719685.6730011514,0.0009343828197082833
298.4033613445378,777600.0906038043,0.0008782822145506267
298.4033613445378,840174.9869294344,0.0008255499053768781
298.4033613445378,907785.3991937558,0.0007759836587565181
298.4033613445378,980836.5445406671,0.0007293933834106128
298.4033613445378,1.0597662486760707e6,0.0006856004011936448
298.4033613445378,1.1450475699382813e6,0.0006444367618457992
298.4033613445378,1.2371916345321594e6,0.0006057445988877127
298.4033613445378,1.336750699919709e6,0.0005693755241874818
298.4033613445378,1.4443214647272818e6,0.0005351900588780411
298.4033613445378,1.5605486450070748e6,0.0005030570984424102
298.4033613445378,1.6861288382868804e6,0.00047285340991538394
298.4033613445378,1.8218146985669748e6,0.00044446315927336563
298.4033613445378,1.9684194472866112e6,0.0004177774671998492
298.4033613445378,2.126821747296208e6,0.00039269399152286577
298.4033613445378,2.2979709690469606e6,0.00036911653472300075
298.4033613445378,2.48289288056033e6,0.00034695467500674154
298.4033613445378,2.6826957952797273e6,0.00032612341953028415
298.4033613445378,2.898577214651068e6,0.0003065428784438751
298.4033613445378,3.131831005243845e6,0.00028813795850662693
298.4033613445378,3.383855153428233e6,0.0002708380750967844
298.4033613445378,3.6561601440851935e6,0.0002545768815129728
298.4033613445378,3.9503780135666407e6,0.00023929201452827653
298.4033613445378,4.268272131163825e6,0.00022492485522132108
298.4033613445378,4.611747767708261e6,0.00021142030416712509
298.4033613445378,4.982863514647306e6,0.00019872657012555281
298.4033613445378,5.383843622033489e6,0.00018679497141697488
298.4033613445378,5.817091329374358e6,0.00017557974922338733
298.4033613445378,6.285203269240097e6,0.0001650378920989844
298.4033613445378,6.790985029955707e6,0.00015512897101716537
298.4033613445378,7.337467970651373e6,0.00014581498432136508
298.4033613445378,7.927927389450606e6,0.0001370602119850792
298.4033613445378,8.565902153685499e6,0.00012883107862216058
298.4033613445378,9.255215909791354e6,0.00012109602472201157
298.4033613445378,1.0e7,0.00011382538561585571
301.6806722689076,1000.0,0.1757333011030258
301.6806722689076,1080.4718223181285,0.1651822246809335
301.6806722689076,1167.4193588234587,0.1552646378306301
301.6806722689076,1261.3637220374437,0.1459425056615027
301.6806722689076,1362.867959355774,0.1371800769083809
301.6806722689076,1472.5404276241222,0.12894374682202872
301.6806722689076,1591.0384392721533,0.12120192829172882
301.6806722689076,1719.0722018585745,0.11392493070570353
301.6806722689076,1857.4090746385718,0.10708484608478837
301.6806722689076,2006.8781676649664,0.1006554420526738
301.6806722689076,2168.375310987435,0.09461206123224161
301.6806722689076,2342.8684237322327,0.0889315266821746
301.6806722689076,2531.403315241567,0.08359205301117777
301.6806722689076,2735.109953041208,0.07857316282892678
301.6806722689076,2955.209235202888,0.07385560821332496
301.6806722689076,3193.020307691027,0.06942129689288802
301.6806722689076,3449.9684705497157,0.0652532228611585
301.6806722689076,3727.593720314942,0.06133540115705085
301.6806722689076,4027.5599798502976,0.05765280656100255
301.6806722689076,4351.665070924416,0.05419131597182492
301.6806722689076,4701.851489299852,0.05093765424326461
301.6806722689076,5080.218046913023,0.04787934327255268
301.6806722689076,5489.032450921557,0.045004654145691464
301.6806722689076,5930.744895010559,0.04230256215595161
301.6806722689076,6408.002744415996,0.03976270452307139
301.6806722689076,6923.6664026787275,0.03737534065100681
301.6806722689076,7480.826455225086,0.035131314771817794
301.6806722689076,8082.822192522714,0.033022020832425406
301.6806722689076,8733.261623828437,0.0310393694895784
301.6806722689076,9436.04310147889,0.029175757086451096
301.6806722689076,10195.378685327301,0.027424036491894718
301.6806722689076,11015.819387358995,0.025777489690508488
301.6806722689076,11902.282447787144,0.024229802018410403
301.6806722689076,12860.08080610565,0.022775037945899544
301.6806722689076,13894.954943731389,0.021407618314133993
301.6806722689076,15013.107289081743,0.0201222989385252
301.6806722689076,16221.239391291729,0.018914150496790207
301.6806722689076,17526.592085367585,0.017778539624531044
301.6806722689076,18936.988889503602,0.01671111114584076
301.6806722689076,20460.88289466011,0.015707771370788815
301.6806722689076,22107.407427431233,0.01476467239573011
301.6806722689076,23886.430789846003,0.013878197346227795
301.6806722689076,25808.615404180768,0.013044946505995286
301.6806722689076,27885.481717262915,0.012261724278660178
301.6806722689076,30129.47724726992,0.01152552693234776
301.6806722689076,32554.05118685032,0.010833531080083014
301.6806722689076,35173.7350096938,0.010183082851832557
301.6806722689076,38004.22956365882,0.009571687716660117
301.6806722689076,41062.49917244294,0.008997000915962757
301.6806722689076,44366.873309786155,0.008456818471098153
301.6806722689076,47937.15645558219,0.007949068730916536
301.6806722689076,51794.74679231213,0.007471804426781064
301.6806722689076,55962.76445319552,0.007023195204607081
301.6806722689076,60466.19009070435,0.006601520605279777
301.6806722689076,65332.014595937704,0.006205163466529571
301.6806722689076,70589.40086618738,0.005832603720960658
301.6806722689076,76269.85859023452,0.00548241256644772
301.6806722689076,82407.43309893666,0.005153246986543679
301.6806722689076,89038.90941296735,0.004843844599883548
301.6806722689076,96204.0327106476,0.00455301881883168
301.6806722689076,103945.74653722627,0.004279654298805086
301.6806722689076,112310.45018329516,0.004022702660820683
301.6806722689076,121348.27677491431,0.0037811784708620027
301.6806722689076,131113.3937421563,0.003554155460645822
301.6806722689076,141664.3274669022,0.0033407629752950406
301.6806722689076,153064.31405563594,0.0031401826342942795
301.6806722689076,165381.6783395673,0.002951645192922583
301.6806722689076,178690.24337358287,0.0027744275921266484
301.6806722689076,193069.77288832495,0.0026078501855204416
301.6806722689076,208606.44934719568,0.00245127413287654
301.6806722689076,225393.39047347888,0.002304098950112998
301.6806722689076,243531.20734334175,0.0021657602063796548
301.6806722689076,263128.6073895945,0.00203572735941207
301.6806722689076,284303.0459302665,0.0019135017208513475
301.6806722689076,307181.43012686964,0.0017986145437267843
301.6806722689076,331900.87959146773,0.001690625224766558
301.6806722689076,358609.54820118286,0.0015891196146422064
301.6806722689076,387467.51204561285,0.0014937084296664793
301.6806722689076,418647.72882899473,0.0014040257588533076
301.6806722689076,452337.0744772105,0.0013197276606143012
301.6806722689076,488737.4631624427,0.0012404908437099902
301.6806722689076,528067.0574582637,0.0011660114273971051
301.6806722689076,570561.5758781021,0.0010960037760169756
301.6806722689076,616475.7056337161,0.001030199403555564
301.6806722689076,666084.6290809154,0.0009683459439740125
301.6806722689076,719685.6730011514,0.0009102061833608371
301.6806722689076,777600.0906038043,0.0008555571501939747
301.6806722689076,840174.9869294344,0.0008041892602237529
301.6806722689076,907785.3991937558,0.0007559055126973104
301.6806722689076,980836.5445406671,0.0007105207348419489
301.6806722689076,1.0597662486760707e6,0.0006678608717098975
301.6806722689076,1.1450475699382813e6,0.0006277623186610067
301.6806722689076,1.2371916345321594e6,0.0005900712939233621
301.6806722689076,1.336750699919709e6,0.0005546432488255322
301.6806722689076,1.4443214647272818e6,0.0005213423134386477
301.6806722689076,1.5605486450070748e6,0.0004900407755022682
301.6806722689076,1.6861288382868804e6,0.00046061859063569827
301.6806722689076,1.8218146985669748e6,0.0004329629219563482
301.6806722689076,1.9684194472866112e6,0.000406967707339537
301.6806722689076,2.126821747296208e6,0.00038253325266013755
301.6806722689076,2.2979709690469606e6,0.000359565849456106
301.6806722689076,2.48289288056033e6,0.00033797741554760137
301.6806722689076,2.6826957952797273e6,0.00031768515723343363
301.6806722689076,2.898577214651068e6,0.00029861125176932767
301.6806722689076,3.131831005243845e6,0.0002806825489102849
301.6806722689076,3.383855153428233e6,0.00026383029037242315
301.6806722689076,3.6561601440851935e6,0.0002479898461384059
301.6806722689076,3.9503780135666407e6,0.00023310046659516696
301.6806722689076,4.268272131163825e6,0.00021910504955335562
301.6806722689076,4.611747767708261e6,0.00020594992125500043
301.6806722689076,4.982863514647306e6,0.00019358463052953072
301.6806722689076,5.383843622033489e6,0.00018196175530873162
301.6806722689076,5.817091329374358e6,0.0001710367207585928
301.6806722689076,6.285203269240097e6,0.00016076762833057317
301.6806722689076,6.790985029955707e6,0.00015111509507667405
301.6806722689076,7.337467970651373e6,0.00014204210261208145
301.6806722689076,7.927927389450606e6,0.0001335138551461321
301.6806722689076,8.565902153685499e6,0.00012549764603714183
301.6806722689076,9.255215909791354e6,0.00011796273235931648
301.6806722689076,1.0e7,0.00011088021700070339
304.9579831932773,1000.0,0.1712347957675596
304.9579831932773,1080.4718223181285,0.1609538108607451
304.9579831932773,1167.4193588234587,0.15129009915579547
304.9579831932773,1261.3637220374437,0.14220659939747196
304.9579831932773,1362.867959355774,0.13366847549863872
304.9579831932773,1472.5404276241222,0.12564298294054993
304.9579831932773,1591.0384392721533,0.11809934319449972
304.9579831932773,1719.0722018585745,0.11100862568323211
304.9579831932773,1857.4090746385718,0.10434363682942031
304.9579831932773,2006.8781676649664,0.09807881576570608
304.9579831932773,2168.375310987435,0.09219013630633827
304.9579831932773,2342.8684237322327,0.08665501480446068
304.9579831932773,2531.403315241567,0.08145222354167442
304.9579831932773,2735.109953041208,0.07656180931771511
304.9579831932773,2955.209235202888,0.07196501692802856
304.9579831932773,3193.020307691027,0.0676442172357742
304.9579831932773,3449.9684705497157,0.06358283956240514
304.9579831932773,3727.593720314942,0.0597653081375372
304.9579831932773,4027.5599798502976,0.05617698236438528
304.9579831932773,4351.665070924416,0.05280410067167941
304.9579831932773,4701.851489299852,0.049633727736727744
304.9579831932773,5080.218046913023,0.04665370487722131
304.9579831932773,5489.032450921557,0.043852603421528975
304.9579831932773,5930.744895010559,0.041219680878652465
304.9579831932773,6408.002744415996,0.03874483973974988
304.9579831932773,6923.6664026787275,0.036418588753227066
304.9579831932773,7480.826455225086,0.03423200652488335
304.9579831932773,8082.822192522714,0.032176707303514594
304.9579831932773,8733.261623828437,0.030244808820758334
304.9579831932773,9436.04310147889,0.028428902061843536
304.9579831932773,10195.378685327301,0.026722022851312827
304.9579831932773,11015.819387358995,0.025117625144746067
304.9579831932773,11902.282447787144,0.02360955592405627
304.9579831932773,12860.08080610565,0.02219203160007889
304.9579831932773,13894.954943731389,0.020859615831956186
304.9579831932773,15013.107289081743,0.0196071986782522
304.9579831932773,16221.239391291729,0.018429976999840194
304.9579831932773,17526.592085367585,0.01732343603940654
304.9579831932773,18936.988889503602,0.016283332106926205
304.9579831932773,20460.88289466011,0.015305676304707116
304.9579831932773,22107.407427431233,0.014386719229587374
304.9579831932773,23886.430789846003,0.013522936593616896
304.9579831932773,25808.615404180768,0.012711015708077322
304.9579831932773,27885.481717262915,0.011947842779005024
304.9579831932773,30129.47724726992,0.011230490965494612
304.9579831932773,32554.05118685032,0.010556209154985159
304.9579831932773,35173.7350096938,0.009922411412481354
304.9579831932773,38004.22956365882,0.0093266670632464
304.9579831932773,41062.49917244294,0.008766691370932783
304.9579831932773,44366.873309786155,0.008240336775400639
304.9579831932773,47937.15645558219,0.007745584656620047
304.9579831932773,51794.74679231213,0.007280537593070761
304.9579831932773,55962.76445319552,0.006843412084949961
304.9579831932773,60466.19009070435,0.006432531714280509
304.9579831932773,65332.014595937704,0.0060463207156882925
304.9579831932773,70589.40086618738,0.005683297933191842
304.9579831932773,76269.85859023452,0.0053420711398279985
304.9579831932773,82407.43309893666,0.005021331698328889
304.9579831932773,89038.90941296735,0.004719849542373242
304.9579831932773,96204.0327106476,0.004436468459164876
304.9579831932773,103945.74653722627,0.004170101655246429
304.9579831932773,112310.45018329516,0.003919727588542908
304.9579831932773,121348.27677491431,0.003684386050650476
304.9579831932773,131113.3937421563,0.003463174484345727
304.9579831932773,141664.3274669022,0.003255244522192734
304.9579831932773,153064.31405563594,0.0030597987329730966
304.9579831932773,165381.6783395673,0.0028760875634612154
304.9579831932773,178690.24337358287,0.002703406463816259
304.9579831932773,193069.77288832495,0.0025410931855663877
304.9579831932773,208606.44934719568,0.002388525241822757
304.9579831932773,225393.39047347888,0.0022451175199829786
304.9579831932773,243531.20734334175,0.0021103200377685415
304.9579831932773,263128.6073895945,0.0019836158339903687
304.9579831932773,284303.0459302665,0.0018645189859533844
304.9579831932773,307181.43012686964,0.0017525727458966806
304.9579831932773,331900.87959146773,0.0016473477893223366
304.9579831932773,358609.54820118286,0.0015484405684950504
304.9579831932773,387467.51204561285,0.0014554717647981279
304.9579831932773,418647.72882899473,0.001368084834010436
304.9579831932773,452337.0744772105,0.0012859446389253426
304.9579831932773,488737.4631624427,0.0012087361640675993
304.9579831932773,528067.0574582637,0.0011361633075789642
304.9579831932773,570561.5758781021,0.0010679477456393698
304.9579831932773,616475.7056337161,0.0010038278650685481
304.9579831932773,666084.6290809154,0.0009435577600145567
304.9579831932773,719685.6730011514,0.000886906288881403
304.9579831932773,777600.0906038043,0.0008336561878789978
304.9579831932773,840174.9869294344,0.0007836032377958216
304.9579831932773,907785.3991937558,0.000736555480798782
304.9579831932773,980836.5445406671,0.0006923324842566369
304.9579831932773,1.0597662486760707e6,0.0006507646487636571
304.9579831932773,1.1450475699382813e6,0.0006116925577097481
304.9579831932773,1.2371916345321594e6,0.0005749663659025566
304.9579831932773,1.336750699919709e6,0.0005404452248968791
304.9579831932773,1.4443214647272818e6,0.0005079967428274571
304.9579831932773,1.5605486450070748e6,0.0004774964766735528
304.9579831932773,1.6861288382868804e6,0.00044882745500810954
304.9579831932773,1.8218146985669748e6,0.00042187972940118285
304.9579831932773,1.9684194472866112e6,0.0003965499527572334
304.9579831932773,2.126821747296208e6,0.0003727409829691698
304.9579831932773,2.2979709690469606e6,0.00035036151036910797
304.9579831932773,2.48289288056033e6,0.0003293257075470975
304.9579831932773,2.6826957952797273e6,0.0003095529001948248
304.9579831932773,2.898577214651068e6,0.00029096725771195176
304.9579831932773,3.131831005243845e6,0.00027349750238853923
304.9579831932773,3.383855153428233e6,0.00025707663604823705
304.9579831932773,3.6561601440851935e6,0.00024164168310389348
304.9579831932773,3.9503780135666407e6,0.00022713344904017735
304.9579831932773,4.268272131163825e6,0.00021349629339697116
304.9579831932773,4.611747767708261e6,0.00020067791638290547
304.9579831932773,4.982863514647306e6,0.00018862915830067403
304.9579831932773,5.383843622033489e6,0.00017730381101491085
304.9579831932773,5.817091329374358e6,0.00016665844073958776
304.9579831932773,6.285203269240097e6,0.00015665222146530667
304.9579831932773,6.790985029955707e6,0.00014724677838766267
304.9579831932773,7.337467970651373e6,0.00013840604073621265
304.9579831932773,7.927927389450606e6,0.0001300961034396333
304.9579831932773,8.565902153685499e6,0.00012228509709654258
304.9579831932773,9.255215909791354e6,0.00011494306575330734
304.9579831932773,1.0e7,0.00010804185202010762
308.2352941176471,1000.0,0.16689770278786584
308.2352941176471,1080.4718223181285,0.15687711815345973
308.2352941176471,1167.4193588234587,0.14745817221592006
308.2352941176471,1261.3637220374437,0.13860474242004941
308.2352941176471,1362.867959355774,0.13028287501894148
308.2352941176471,1472.5404276241222,0.12246065485812589
308.2352941176471,1591.0384392721533,0.11510808297791025
308.2352941176471,1719.0722018585745,0.10819696156451089
308.2352941176471,1857.4090746385718,0.10170078580874979
308.2352941176471,2006.8781676649664,0.095594642257586
308.2352941176471,2168.375310987435,0.08985511326864916
308.2352941176471,2342.8684237322327,0.0844601872013498
308.2352941176471,2531.403315241567,0.07938917400013973
308.2352941176471,2735.109953041208,0.07462262584617782
308.2352941176471,2955.209235202888,0.07014226257309139
308.2352941176471,3193.020307691027,0.06593090156079652
308.2352941176471,3449.9684705497157,0.06197239183851238
308.2352941176471,3727.593720314942,0.05825155214424944
308.2352941176471,4027.5599798502976,0.05475411270322313
308.2352941176471,4351.665070924416,0.05146666050190774
308.2352941176471,4701.851489299852,0.04837658784785138
308.2352941176471,5080.218046913023,0.04547204401797415
308.2352941176471,5489.032450921557,0.04274188980991591
308.2352941176471,5930.744895010559,0.04017565482213358
308.2352941176471,6408.002744415996,0.03776349729891366
308.2352941176471,6923.6664026787275,0.03549616638630121
308.2352941176471,7480.826455225086,0.033364966654193515
308.2352941176471,8082.822192522714,0.03136172474853686
308.2352941176471,8733.261623828437,0.029478758045735045
308.2352941176471,9436.04310147889,0.027708845189055864
308.2352941176471,10195.378685327301,0.026045198394039733
308.2352941176471,11015.819387358995,0.024481437416699635
308.2352941176471,11902.282447787144,0.023011565084677398
308.2352941176471,12860.08080610565,0.021629944297516294
308.2352941176471,13894.954943731389,0.020331276407843484
308.2352941176471,15013.107289081743,0.019110580900552725
308.2352941176471,16221.239391291729,0.01796317629205397
308.2352941176471,17526.592085367585,0.016884662176337994
308.2352941176471,18936.988889503602,0.01587090234899991
308.2352941176471,20460.88289466011,0.01491800894450118
308.2352941176471,22107.407427431233,0.014022327525834776
308.2352941176471,23886.430789846003,0.013180423069411014
308.2352941176471,25808.615404180768,0.012389066791414879
308.2352941176471,27885.481717262915,0.011645223765112258
308.2352941176471,30129.47724726992,0.010946041281616817
308.2352941176471,32554.05118685032,0.01028883790947958
308.2352941176471,35173.7350096938,0.0096710932111438
308.2352941176471,38004.22956365882,0.009090438076826742
308.2352941176471,41062.49917244294,0.008544645638757951
308.2352941176471,44366.873309786155,0.008031622730929115
308.2352941176471,47937.15645558219,0.007549401861603008
308.2352941176471,51794.74679231213,0.00709613366779516
308.2352941176471,55962.76445319552,0.006670079822790594
308.2352941176471,60466.19009070435,0.006269606369495247
308.2352941176471,65332.014595937704,0.0058931774540548
308.2352941176471,70589.40086618738,0.005539349435708804
308.2352941176471,76269.85859023452,0.005206765350290785
308.2352941176471,82407.43309893666,0.004894149706141399
308.2352941176471,89038.90941296735,0.004600303592476323
308.2352941176471,96204.0327106476,0.004324100081449193
308.2352941176471,103945.74653722627,0.004064479906275913
308.2352941176471,112310.45018329516,0.003820447398845608
308.2352941176471,121348.27677491431,0.0035910666712385413
308.2352941176471,131113.3937421563,0.0033754580265067534
308.2352941176471,141664.3274669022,0.003172794584952445
308.2352941176471,153064.31405563594,0.002982299112965561
308.2352941176471,165381.6783395673,0.002803241042258802
308.2352941176471,178690.24337358287,0.002634933668068645
308.2352941176471,193069.77288832495,0.002476731515577141
308.2352941176471,208606.44934719568,0.0023280278644544727
308.2352941176471,225393.39047347888,0.002188252422028685
308.2352941176471,243531.20734334175,0.0020568691361589338
308.2352941176471,263128.6073895945,0.0019333741394244632
308.2352941176471,284303.0459302665,0.001817293816745011
308.2352941176471,307181.43012686964,0.0017081829890218615
308.2352941176471,331900.87959146773,0.0016056232058335774
308.2352941176471,358609.54820118286,0.0015092211406387572
308.2352941176471,387467.51204561285,0.0014186070823312687
308.2352941176471,418647.72882899473,0.0013334335173629328
308.2352941176471,452337.0744772105,0.0012533737969959442
308.2352941176471,488737.4631624427,0.001178120884573846
308.2352941176471,528067.0574582637,0.0011073861780066814
308.2352941176471,570561.5758781021,0.0010408984029544883
308.2352941176471,616475.7056337161,0.000978402572464353
308.2352941176471,666084.6290809154,0.0009196590090711456
308.2352941176471,719685.6730011514,0.0008644424256116074
308.2352941176471,777600.0906038043,0.0008125410612266071
308.2352941176471,840174.9869294344,0.0007637558692380729
308.2352941176471,907785.3991937558,0.0007178997537860097
308.2352941176471,980836.5445406671,0.0006747968522980514
308.2352941176471,1.0597662486760707e6,0.0006342818610397357
308.2352941176471,1.1450475699382813e6,0.0005961994011589315
308.2352941176471,1.2371916345321594e6,0.0005604034227931371
308.2352941176471,1.336750699919709e6,0.0005267566449543358
308.2352941176471,1.4443214647272818e6,0.0004951300290433321
308.2352941176471,1.5605486450070748e6,0.0004654022839744205
308.2352941176471,1.6861288382868804e6,0.0004374594010125191
308.2352941176471,1.8218146985669748e6,0.00041119421653880445
308.2352941176471,1.9684194472866112e6,0.00038650600106802235
308.2352941176471,2.126821747296208e6,0.000363300072941314
308.2352941176471,2.2979709690469606e6,0.0003414874352130312
308.2352941176471,2.48289288056033e6,0.00032098443433896954
308.2352941176471,2.6826957952797273e6,0.00030171243935705637
308.2352941176471,2.898577214651068e6,0.00028359754033011606
308.2352941176471,3.131831005243845e6,0.00026657026489422005
308.2352941176471,3.383855153428233e6,0.00025056531182555047
308.2352941176471,3.6561601440851935e6,0.0002355213006039842
308.2352941176471,3.9503780135666407e6,0.00022138053601294995
308.2352941176471,4.268272131163825e6,0.0002080887868727739
308.2352941176471,4.611747767708261e6,0.00019559507805893924
308.2352941176471,4.982863514647306e6,0.00018385149500762507
308.2352941176471,5.383843622033489e6,0.00017281299995878895
308.2352941176471,5.817091329374358e6,0.00016243725923206542
308.2352941176471,6.285203269240097e6,0.00015268448087306813
308.2352941176471,6.790985029955707e6,0.00014351726204745246
308.2352941176471,7.337467970651373e6,0.00013490044559748222
308.2352941176471,7.927927389450606e6,0.00012680098521097912
308.2352941176471,8.565902153685499e6,0.00011918781868556747
308.2352941176471,9.255215909791354e6,0.000112031748802167
308.2352941176471,1.0e7,0.00010530533135087631
311.5126050420168,1000.0,0.1627146054025284
311.5126050420168,1080.4718223181285,0.15294517510208594
311.5126050420168,1167.4193588234587,0.14376230412223476
311.5126050420168,1261.3637220374437,0.13513077527773584
311.5126050420168,1362.867959355774,0.12701748583297603
311.5126050420168,1472.5404276241222,0.11939132054982303
311.5126050420168,1591.0384392721533,0.11222303235772223
311.5126050420168,1719.0722018585745,0.10548513018839405
311.5126050420168,1857.4090746385718,0.09915177354496764
311.5126050420168,2006.8781676649664,0.09319867340121274
311.5126050420168,2168.375310987435,0.08760299905080983
311.5126050420168,2342.8684237322327,0.08234329054941603
311.5126050420168,2531.403315241567,0.07739937641373329
311.5126050420168,2735.109953041208,0.07275229626194789
311.5126050420168,2955.209235202888,0.06838422809885969
311.5126050420168,3193.020307691027,0.06427841996683203
311.5126050420168,3449.9684705497157,0.060419125700438094
311.5126050420168,3727.593720314942,0.05679154453841575
311.5126050420168,4027.5599798502976,0.05338176436133826
311.5126050420168,4351.665070924416,0.0501767083373101
311.5126050420168,4701.851489299852,0.04716408477107084
311.5126050420168,5080.218046913023,0.04433233996417239
311.5126050420168,5489.032450921557,0.0416706139054447
311.5126050420168,5930.744895010559,0.039168698621817905
311.5126050420168,6408.002744415996,0.03681699902977291
311.5126050420168,6923.6664026787275,0.03460649613728187
311.5126050420168,7480.826455225086,0.032528712455114316
311.5126050420168,8082.822192522714,0.03057567948485806
311.5126050420168,8733.261623828437,0.028739907158968552
311.5126050420168,9436.04310147889,0.027014355115646156
311.5126050420168,10195.378685327301,0.025392405698377637
311.5126050420168,11015.819387358995,0.023867838576592998
311.5126050420168,11902.282447787144,0.022434806890104856
311.5126050420168,12860.08080610565,0.021087814825842627
311.5126050420168,13894.954943731389,0.019821696540885586
311.5126050420168,15013.107289081743,0.018631596350963148
311.5126050420168,16221.239391291729,0.01751295010844284
311.5126050420168,17526.592085367585,0.016461467698389316
311.5126050420168,18936.988889503602,0.015473116585564753
311.5126050420168,20460.88289466011,0.01454410634927194
311.5126050420168,22107.407427431233,0.01367087414672974
311.5126050420168,23886.430789846003,0.01285007104923149
311.5126050420168,25808.615404180768,0.012078549198684382
311.5126050420168,27885.481717262915,0.011353349735273592
311.5126050420168,30129.47724726992,0.010671691449953016
311.5126050420168,32554.05118685032,0.010030960118243542
311.5126050420168,35173.7350096938,0.009428698474433074
311.5126050420168,38004.22956365882,0.008862596787728367
311.5126050420168,41062.49917244294,0.008330484004217339
311.5126050420168,44366.873309786155,0.007830319420670442
311.5126050420168,47937.15645558219,0.007360184858249333
311.5126050420168,51794.74679231213,0.006918277306108216
311.5126050420168,55962.76445319552,0.006502902006675467
311.5126050420168,60466.19009070435,0.006112465956096836
311.5126050420168,65332.014595937704,0.005745471794913888
311.5126050420168,70589.40086618738,0.005400512065547782
311.5126050420168,76269.85859023452,0.005076263814565333
311.5126050420168,82407.43309893666,0.0047714835190265795
311.5126050420168,89038.90941296735,0.004485002317455747
311.5126050420168,96204.0327106476,0.004215721527146153
311.5126050420168,103945.74653722627,0.003962608430607314
311.5126050420168,112310.45018329516,0.0037246923149949767
311.5126050420168,121348.27677491431,0.00350106074933485
311.5126050420168,131113.3937421563,0.003290856085262881
311.5126050420168,141664.3274669022,0.0030932721678620404
311.5126050420168,153064.31405563594,0.0029075512439814288
311.5126050420168,165381.6783395673,0.0027329810561806975
311.5126050420168,178690.24337358287,0.0025688921111549174
311.5126050420168,193069.77288832495,0.0024146551121639547
311.5126050420168,208606.44934719568,0.0022696785456195107
311.5126050420168,225393.39047347888,0.002133406412574133
311.5126050420168,243531.20734334175,0.0020053160964122836
311.5126050420168,263128.6073895945,0.0018849163585658193
311.5126050420168,284303.0459302665,0.001771745454567263
311.5126050420168,307181.43012686964,0.001665369363215775
311.5126050420168,331900.87959146773,0.0015653801220644958
311.5126050420168,358609.54820118286,0.0014713942628456797
311.5126050420168,387467.51204561285,0.0013830513408333548
311.5126050420168,418647.72882899473,0.0013000125525034476
311.5126050420168,452337.0744772105,0.001221959436189983
311.5126050420168,488737.4631624427,0.001148592650754258
311.5126050420168,528067.0574582637,0.0010796308275830369
311.5126050420168,570561.5758781021,0.0010148094915131182
311.5126050420168,616475.7056337161,0.0009538800465438788
311.5126050420168,666084.6290809154,0.0008966088224479229
311.5126050420168,719685.6730011514,0.0008427761786234944
311.5126050420168,777600.0906038043,0.0007921756617518371
311.5126050420168,840174.9869294344,0.0007446132140290516
311.5126050420168,907785.3991937558,0.0006999064289359154
311.5126050420168,980836.5445406671,0.0006578838516915081
311.5126050420168,1.0597662486760707e6,0.0006183843217077854
311.5126050420168,1.1450475699382813e6,0.0005812563545233671
311.5126050420168,1.2371916345321594e6,0.0005463575608461954
311.5126050420168,1.336750699919709e6,0.0005135541004770265
311.5126050420168,1.4443214647272818e6,0.00048272016901952034
311.5126050420168,1.5605486450070748e6,0.00045373751540838503
311.5126050420168,1.6861288382868804e6,0.0004264949884052789
311.5126050420168,1.8218146985669748e6,0.0004008881103232168
311.5126050420168,1.9684194472866112e6,0.00037681867634468643
311.5126050420168,2.126821747296208e6,0.0003541943778968154
311.5126050420168,2.2979709690469606e6,0.00033292844863919656
311.5126050420168,2.48289288056033e6,0.00031293933170670646
311.5126050420168,2.6826957952797273e6,0.00029415036693115573
311.5126050420168,2.898577214651068e6,0.0002764894968422385
311.5126050420168,3.131831005243845e6,0.00025988899032026725
311.5126050420168,3.383855153428233e6,0.00024428518284087575
311.5126050420168,3.6561601440851935e6,0.00022961823231550083
311.5126050420168,3.9503780135666407e6,0.00021583188959127086
311.5126050420168,4.268272131163825e6,0.00020287328273014402
311.5126050420168,4.611747767708261e6,0.0001906927142399886
311.5126050420168,4.982863514647306e6,0.000179243470479964
311.5126050420168,5.383843622033489e6,0.00016848164250925744
311.5126050420168,5.817091329374358e6,0.00015836595769211142
311.5126050420168,6.285203269240097e6,0.00014885762141333346
311.5126050420168,6.790985029955707e6,0.00013992016829724948
311.5126050420168,7.337467970651373e6,0.0001315193223595134
311.5126050420168,7.927927389450606e6,0.00012362286555544117
311.5126050420168,8.565902153685499e6,0.00011620051422073986
311.5126050420168,9.255215909791354e6,0.00010922380293076828
311.5126050420168,1.0e7,0.00010266597533292183
314.78991596638656,1000.0,0.1586785007694527
314.78991596638656,1080.4718223181285,0.14915139931712187
314.78991596638656,1167.4193588234587,0.1401963076937398
314.78991596638656,1261.3637220374437,0.13177888226960455
314.78991596638656,1362.867959355774,0.12386684141612193
314.78991596638656,1472.5404276241222,0.11642984170268404
314.78991596638656,1591.0384392721533,0.10943936152672155
314.78991596638656,1719.0722018585745,0.10286859173064015
314.78991596638656,1857.4090746385718,0.09669233278614625
314.78991596638656,2006.8781676649664,0.09088689815165482
314.78991596638656,2168.375310987435,0.08543002343214538
314.78991596638656,2342.8684237322327,0.08030078099308563
314.78991596638656,2531.403315241567,0.0754794997009586
314.78991596638656,2735.109953041208,0.07094768948259128
314.78991596638656,2955.209235202888,0.06668797041396213
314.78991596638656,3193.020307691027,0.0626840060665364
314.78991596638656,3449.9684705497157,0.0589204408555057
314.78991596638656,3727.593720314942,0.05538284114965738
314.78991596638656,4027.5599798502976,0.0520576399170233
314.78991596638656,4351.665070924416,0.04893208469401941
314.78991596638656,4701.851489299852,0.04599418867853276
314.78991596638656,5080.218046913023,0.043232684759393195
314.78991596638656,5489.032450921557,0.04063698230592844
314.78991596638656,5930.744895010559,0.03819712655188614
314.78991596638656,6408.002744415996,0.035903760417956815
314.78991596638656,6923.6664026787275,0.03374808862648303
314.78991596638656,7480.826455225086,0.03172184397073158
314.78991596638656,8082.822192522714,0.029817255609367682
314.78991596638656,8733.261623828437,0.028027019264538183
314.78991596638656,9436.04310147889,0.026344269209269872
314.78991596638656,10195.378685327301,0.02476255193675234
314.78991596638656,11015.819387358995,0.023275801410524353
314.78991596638656,11902.282447787144,0.021878315800646066
314.78991596638656,12860.08080610565,0.020564735616637835
314.78991596638656,13894.954943731389,0.019330023153323498
314.78991596638656,15013.107289081743,0.018169443170751146
314.78991596638656,16221.239391291729,0.01707854473409646
314.78991596638656,17526.592085367585,0.016053144143903644
314.78991596638656,18936.988889503602,0.015089308891199362
314.78991596638656,20460.88289466011,0.01418334257594609
314.78991596638656,22107.407427431233,0.01333177073099572
314.78991596638656,23886.430789846003,0.012531327497176947
314.78991596638656,25808.615404180768,0.01177894309841427
314.78991596638656,27885.481717262915,0.011071732068844037
314.78991596638656,30129.47724726992,0.010406982186778041
314.78991596638656,32554.05118685032,0.009782144073074858
314.78991596638656,35173.7350096938,0.009194821414027885
314.78991596638656,38004.22956365882,0.00864276177127399
314.78991596638656,41062.49917244294,0.008123847943477697
314.78991596638656,44366.873309786155,0.0076360898466623335
314.78991596638656,47937.15645558219,0.007177616882048394
314.78991596638656,51794.74679231213,0.006746670762128906
314.78991596638656,55962.76445319552,0.006341598767469307
314.78991596638656,60466.19009070435,0.005960847408370963
314.78991596638656,65332.014595937704,0.005602956467090112
314.78991596638656,70589.40086618738,0.005266553397763676
314.78991596638656,76269.85859023452,0.004950348062565094
314.78991596638656,82407.43309893666,0.004653127783902828
314.78991596638656,89038.90941296735,0.004373752693686221
314.78991596638656,96204.0327106476,0.004111151361822769
314.78991596638656,103945.74653722627,0.0038643166871816163
314.78991596638656,112310.45018329516,0.003632302035264752
314.78991596638656,121348.27677491431,0.003414217607773508
314.78991596638656,131113.3937421563,0.003209227030147288
314.78991596638656,141664.3274669022,0.003016544143987436
314.78991596638656,153064.31405563594,0.0028354299920648747
314.78991596638656,165381.6783395673,0.002665189984348693
314.78991596638656,178690.24337358287,0.0025051712341872083
314.78991596638656,193069.77288832495,0.0023547600544254364
314.78991596638656,208606.44934719568,0.0022133796038563826
314.78991596638656,225393.39047347888,0.0020804876749800343
314.78991596638656,243531.20734334175,0.001955574614585938
314.78991596638656,263128.6073895945,0.0018381613691845816
314.78991596638656,284303.0459302665,0.0017277976477915935
314.78991596638656,307181.43012686964,0.0016240601950189234
314.78991596638656,331900.87959146773,0.0015265511678500948
314.78991596638656,358609.54820118286,0.0014348966098743253
314.78991596638656,387467.51204561285,0.0013487450171280563
314.78991596638656,418647.72882899473,0.0012677659900437617
314.78991596638656,452337.0744772105,0.0011916489663361175
314.78991596638656,488737.4631624427,0.0011201020299660526
314.78991596638656,528067.0574582637,0.0010528507916149103
314.78991596638656,570561.5758781021,0.000989637336375276
314.78991596638656,616475.7056337161,0.0009302192346227237
314.78991596638656,666084.6290809154,0.0008743686122751102
314.78991596638656,719685.6730011514,0.000821871276873751
314.78991596638656,777600.0906038043,0.0007725258961349353
314.78991596638656,840174.9869294344,0.0007261432258214329
314.78991596638656,907785.3991937558,0.0006825453839728073
314.78991596638656,980836.5445406671,0.000641565168711151
314.78991596638656,1.0597662486760707e6,0.00060304541700595
314.78991596638656,1.1450475699382813e6,0.0005668384019388847
314.78991596638656,1.2371916345321594e6,0.0005328052661570242
314.78991596638656,1.336750699919709e6,0.0005008154893416419
314.78991596638656,1.4443214647272818e6,0.0004707463876503617
314.78991596638656,1.5605486450070748e6,0.0004424826432129258
314.78991596638656,1.6861288382868804e6,0.0004159158618761777
314.78991596638656,1.8218146985669748e6,0.00039094415750215477
314.78991596638656,1.9684194472866112e6,0.0003674717612250398
314.78991596638656,2.126821747296208e6,0.0003454086541684371
314.78991596638656,2.2979709690469606e6,0.000324670222214401
314.78991596638656,2.48289288056033e6,0.00030517693150023165
314.78991596638656,2.6826957952797273e6,0.00028685402339853464
314.78991596638656,2.898577214651068e6,0.0002696312278107581
314.78991596638656,3.131831005243845e6,0.0002534424936746705
314.78991596638656,3.383855153428233e6,0.0002382257356522432
314.78991596638656,3.6561601440851935e6,0.00022392259602646217
314.78991596638656,3.9503780135666407e6,0.00021047822089392313
314.78991596638656,4.268272131163825e6,0.00019784104979488426
314.78991596638656,4.611747767708261e6,0.00018596261797399093
314.78991596638656,4.982863514647306e6,0.00017479737051331962
314.78991596638656,5.383843622033489e6,0.00016430248762492738
314.78991596638656,5.817091329374358e6,0.00015443772043288465
314.78991596638656,6.285203269240097e6,0.00014516523661500095
314.78991596638656,6.790985029955707e6,0.00013644947531226383
314.78991596638656,7.337467970651373e6,0.00012825701074955655
314.78991596638656,7.927927389450606e6,0.00012055642404462487
314.78991596638656,8.565902153685499e6,0.0001133181827136703
314.78991596638656,9.255215909791354e6,0.00010651452741145978
314.78991596638656,1.0e7,0.00010011936547159215
318.06722689075633,1000.0,0.15478277286815326
318.06722689075633,1080.4718223181285,0.14548957200579754
318.06722689075633,1167.4193588234587,0.13675433751571797
318.06722689075633,1261.3637220374437,0.1285435689412687
318.06722689075633,1362.867959355774,0.12082577720256635
318.06722689075633,1472.5404276241222,0.11357136383286819
318.06722689075633,1591.0384392721533,0.10675250746563167
318.06722689075633,1719.0722018585745,0.10034305713692292
318.06722689075633,1857.4090746385718,0.09431843199397769
318.06722689075633,2006.8781676649664,0.08865552702528906
318.06722689075633,2168.375310987435,0.08333262445068648
318.06722689075633,2342.8684237322327,0.07832931043157951
318.06722689075633,2531.403315241567,0.07362639678194134
318.06722689075633,2735.109953041208,0.06920584737978722
318.06722689075633,2955.209235202888,0.06505070899692761
318.06722689075633,3193.020307691027,0.06114504628172321
318.06722689075633,3449.9684705497157,0.057473880645492394
318.06722689075633,3727.593720314942,0.054023132818196415
318.06722689075633,4027.5599798502976,0.05077956885309761
318.06722689075633,4351.665070924416,0.047730749373311995
318.06722689075633,4701.851489299852,0.04486498186561404
318.06722689075633,5080.218046913023,0.04217127583853404
318.06722689075633,5489.032450921557,0.03963930067277618
318.06722689075633,5930.744895010559,0.03725934600230903
318.06722689075633,6408.002744415996,0.03502228447418654
318.06722689075633,6923.6664026787275,0.03291953674427979
318.06722689075633,7480.826455225086,0.030943038574674807
318.06722689075633,8082.822192522714,0.0290852099065515
318.06722689075633,8733.261623828437,0.02733892578993597
318.06722689075633,9436.04310147889,0.025697489058838473
318.06722689075633,10195.378685327301,0.02415460464698342
318.06722689075633,11015.819387358995,0.022704355445630653
318.06722689075633,11902.282447787144,0.021341179610899395
318.06722689075633,12860.08080610565,0.020059849233567042
318.06722689075633,13894.954943731389,0.018855450289539145
318.06722689075633,15013.107289081743,0.017723363794098775
318.06722689075633,16221.239391291729,0.016659248087659905
318.06722689075633,17526.592085367585,0.015659022185089248
318.06722689075633,18936.988889503602,0.01471885012473938
318.06722689075633,20460.88289466011,0.01383512625717029
318.06722689075633,22107.407427431233,0.013004461417140227
318.06722689075633,23886.430789846003,0.01222366992583398
318.06722689075633,25808.615404180768,0.011489757373481168
318.06722689075633,27885.481717262915,0.01079990913550932
318.06722689075633,30129.47724726992,0.010151479578190485
318.06722689075633,32554.05118685032,0.009541981912383802
318.06722689075633,35173.7350096938,0.008969078656462142
318.06722689075633,38004.22956365882,0.008430572671847367
318.06722689075633,41062.49917244294,0.007924398736774491
318.06722689075633,44366.873309786155,0.0074486156259694234
318.06722689075633,47937.15645558219,0.00700139866586509
318.06722689075633,51794.74679231213,0.006581032736804385
318.06722689075633,55962.76445319552,0.006185905695392888
318.06722689075633,60466.19009070435,0.005814502191775308
318.06722689075633,65332.014595937704,0.005465397858124408
318.06722689075633,70589.40086618738,0.005137253846054647
318.06722689075633,76269.85859023452,0.004828811692011034
318.06722689075633,82407.43309893666,0.004538888490941524
318.06722689075633,89038.90941296735,0.004266372359743353
318.06722689075633,96204.0327106476,0.004010218173085447
318.06722689075633,103945.74653722627,0.003769443555253155
318.06722689075633,112310.45018329516,0.0035431251126437895
318.06722689075633,121348.27677491431,0.0033303948924641646
318.06722689075633,131113.3937421563,0.0031304370540489253
318.06722689075633,141664.3274669022,0.002942484740033855
318.06722689075633,153064.31405563594,0.0027658171353848278
318.06722689075633,165381.6783395673,0.0025997567030034367
318.06722689075633,178690.24337358287,0.002443666585307675
318.06722689075633,193069.77288832495,0.002296948161822424
318.06722689075633,208606.44934719568,0.0021590387534128888
318.06722689075633,225393.39047347888,0.0020294094643564945
318.06722689075633,243531.20734334175,0.001907563153977393
318.06722689075633,263128.6073895945,0.0017930325300646076
318.06722689075633,284303.0459302665,0.0016853783567618585
318.06722689075633,307181.43012686964,0.0015841877700562142
318.06722689075633,331900.87959146773,0.0014890726944052546
318.06722689075633,358609.54820118286,0.001399668354430387
318.06722689075633,387467.51204561285,0.0013156318759685076
318.06722689075633,418647.72882899473,0.0012366409711169204
318.06722689075633,452337.0744772105,0.0011623927022285103
318.06722689075633,488737.4631624427,0.00109260232011701
318.06722689075633,528067.0574582637,0.0010270021720167279
318.06722689075633,570561.5758781021,0.0009653406751086911
318.06722689075633,616475.7056337161,0.0009073813516765622
318.06722689075633,666084.6290809154,0.0008529019221920611
318.06722689075633,719685.6730011514,0.0008016934528517958
318.06722689075633,777600.0906038043,0.0007535595542962139
318.06722689075633,840174.9869294344,0.0007083156284376996
318.06722689075633,907785.3991937558,0.0006657881605093124
318.06722689075633,980836.5445406671,0.0006258140536191237
318.06722689075633,1.0597662486760707e6,0.0005882400032580961
318.06722689075633,1.1450475699382813e6,0.0005529219093626804
318.06722689075633,1.2371916345321594e6,0.0005197243236773431
318.06722689075633,1.336750699919709e6,0.0004885199302975978
318.06722689075633,1.4443214647272818e6,0.00045918905740138246
318.06722689075633,1.5605486450070748e6,0.00043161921829621417
318.06722689075633,1.6861288382868804e6,0.00040570468002200697
318.06722689075633,1.8218146985669748e6,0.0003813460578550954
318.06722689075633,1.9684194472866112e6,0.0003584499341583473
318.06722689075633,2.126821747296208e6,0.00033692850011562465
318.06722689075633,2.2979709690469606e6,0.00031669921897660593
318.06722689075633,2.48289288056033e6,0.0002976845095204842
318.06722689075633,2.6826957952797273e6,0.00027981144852459294
318.06722689075633,2.898577214651068e6,0.0002630114910968969
318.06722689075633,3.131831005243845e6,0.0002472202077998004
318.06722689075633,3.383855153428233e6,0.00023237703755711532
318.06722689075633,3.6561601440851935e6,0.0002184250553965621
318.06722689075633,3.9503780135666407e6,0.00020531075413707698
318.06722689075633,4.268272131163825e6,0.000192983839183674
318.06722689075633,4.611747767708261e6,0.00018139703564288128
318.06722689075633,4.982863514647306e6,0.0001705059070190186
318.06722689075633,5.383843622033489e6,0.00016026868479600265
318.06722689075633,5.817091329374358e6,0.00015064610825110824
318.06722689075633,6.285203269240097e6,0.00014160127388635458
318.06722689075633,6.790985029955707e6,0.00013309949390007497
318.06722689075633,7.337467970651373e6,0.00012510816315589125
318.06722689075633,7.927927389450606e6,0.00011759663413890913
318.06722689075633,8.565902153685499e6,0.00011053609941957865
318.06722689075633,9.255215909791354e6,0.00010389948117445601
318.06722689075633,1.0e7,9.766132734017084e-5
321.34453781512605,1000.0,0.15102116743241528
321.34453781512605,1080.4718223181285,0.14195381440978677
321.34453781512605,1167.4193588234587,0.13343086779213278
321.34453781512605,1261.3637220374437,0.12541964126702737
321.34453781512605,1362.867959355774,0.11788941101736056
321.34453781512605,1472.5404276241222,0.11081129789257273
321.34453781512605,1591.0384392721533,0.10415815665436
321.34453781512605,1719.0722018585745,0.09790447187209937
321.34453781512605,1857.4090746385718,0.09202626006874001
321.34453781512605,2006.8781676649664,0.08650097774188395
321.34453781512605,2168.375310987435,0.08130743490730608
321.34453781512605,2342.8684237322327,0.07642571383334557
321.34453781512605,2531.403315241567,0.07183709265450682
321.34453781512605,2735.109953041208,0.06752397357132138
321.34453781512605,2955.209235202888,0.06346981536111011
321.34453781512605,3193.020307691027,0.059659069940818044
321.34453781512605,3449.9684705497157,0.05607712273863413
321.34453781512605,3727.593720314942,0.05271023664571589
321.34453781512605,4027.5599798502976,0.04954549933306807
321.34453781512605,4351.665070924416,0.04657077373153025
321.34453781512605,4701.851489299852,0.043774651484960306
321.34453781512605,5080.218046913023,0.04114640919810139
321.34453781512605,5489.032450921557,0.03867596731133951
321.34453781512605,5930.744895010559,0.036353851444631644
321.34453781512605,6408.002744415996,0.0341711560623556
321.34453781512605,6923.6664026787275,0.03211951031973228
321.34453781512605,7480.826455225086,0.030191045959838434
321.34453781512605,8082.822192522714,0.028378367138091363
321.34453781512605,8733.261623828437,0.0266745220584803
321.34453781512605,9436.04310147889,0.02507297631276639
321.34453781512605,10195.378685327301,0.02356758782040422
321.34453781512605,11015.819387358995,0.02215258327307784
321.34453781512605,11902.282447787144,0.020822535993513105
321.34453781512605,12860.08080610565,0.019572345123653308
321.34453781512605,13894.954943731389,0.018397216062382395
321.34453781512605,15013.107289081743,0.017292642077772945
321.34453781512605,16221.239391291729,0.016254387023339603
321.34453781512605,17526.592085367585,0.015278469092013788
321.34453781512605,18936.988889503602,0.014361145545534078
321.34453781512605,20460.88289466011,0.013498898360688408
321.34453781512605,22107.407427431233,0.012688420737359745
321.34453781512605,23886.430789846003,0.011926604416632573
321.34453781512605,25808.615404180768,0.011210527760323816
321.34453781512605,27885.481717262915,0.010537444546221904
321.34453781512605,30129.47724726992,0.009904773436062957
321.34453781512605,32554.05118685032,0.009310088075852582
321.34453781512605,35173.7350096938,0.008751107790567087
321.34453781512605,38004.22956365882,0.008225688837547426
321.34453781512605,41062.49917244294,0.007731816185041831
321.34453781512605,44366.873309786155,0.0072675957843670504
321.34453781512605,47937.15645558219,0.006831247306051165
321.34453781512605,51794.74679231213,0.006421097312100371
321.34453781512605,55962.76445319552,0.006035572838204878
321.34453781512605,60466.19009070435,0.005673195361270838
321.34453781512605,65332.014595937704,0.005332575129143428
321.34453781512605,70589.40086618738,0.0050124058307748996
321.34453781512605,76269.85859023452,0.0047114595863972115
321.34453781512605,82407.43309893666,0.00442858223848617
321.34453781512605,89038.90941296735,0.004162688925457272
321.34453781512605,96204.0327106476,0.003912759921118204
321.34453781512605,103945.74653722627,0.0036778367239217015
321.34453781512605,112310.45018329516,0.0034570183810207983
321.34453781512605,121348.27677491431,0.0032494580330287913
321.34453781512605,131113.3937421563,0.003054359666232798
321.34453781512605,141664.3274669022,0.0028709750598053226
321.34453781512605,153064.31405563594,0.0026986009163060885
321.34453781512605,165381.6783395673,0.0025365761644693197
321.34453781512605,178690.24337358287,0.0023842794239324577
321.34453781512605,193069.77288832495,0.0022411266221832593
321.34453781512605,208606.44934719568,0.002106568754586051
321.34453781512605,225393.39047347888,0.0019800897788966407
321.34453781512605,243531.20734334175,0.001861204636191134
321.34453781512605,263128.6073895945,0.0017494573906187525
321.34453781512605,284303.0459302665,0.0016444194808443767
321.34453781512605,307181.43012686964,0.0015456880764750105
321.34453781512605,331900.87959146773,0.0014528845331668269
321.34453781512605,358609.54820118286,0.0013656529404880316
321.34453781512605,387467.51204561285,0.0012836587569684445
321.34453781512605,418647.72882899473,0.00120658752710108
321.34453781512605,452337.0744772105,0.0011341436753753125
321.34453781512605,488737.4631624427,0.001066049372716637
321.34453781512605,528067.0574582637,0.0010020434709856806
321.34453781512605,570561.5758781021,0.0009418805014502122
321.34453781512605,616475.7056337161,0.0008853297333891624
321.34453781512605,666084.6290809154,0.0008321742892183201
321.34453781512605,719685.6730011514,0.0007822103127441325
321.34453781512605,777600.0906038043,0.0007352461873557761
321.34453781512605,840174.9869294344,0.000691101801157199
321.34453781512605,907785.3991937558,0.0006496078562208301
321.34453781512605,980836.5445406671,0.0006106052193138998
321.34453781512605,1.0597662486760707e6,0.000573944311607327
321.34453781512605,1.1450475699382813e6,0.0005394845350266557
321.34453781512605,1.2371916345321594e6,0.0005070937330450434
321.34453781512605,1.336750699919709e6,0.00047664768385038454
321.34453781512605,1.4443214647272818e6,0.00044802962394282993
321.34453781512605,1.5605486450070748e6,0.0004211298003356315
321.34453781512605,1.6861288382868804e6,0.00039584504964198386
321.34453781512605,1.8218146985669748e6,0.0003720784024336044
321.34453781512605,1.9684194472866112e6,0.00034973871135373654
321.34453781512605,2.126821747296208e6,0.0003287403015583502
321.34453781512605,2.2979709690469606e6,0.00030900264214495104
321.34453781512605,2.48289288056033e6,0.0002904500373088959
321.34453781512605,2.6826957952797273e6,0.0002730113360427705
321.34453781512605,2.898577214651068e6,0.00025661965926549287
321.34453781512605,3.131831005243845e6,0.00024121214333466684
321.34453781512605,3.383855153428233e6,0.00022672969895852266
321.34453781512605,3.6561601440851935e6,0.00021311678458285242
321.34453781512605,3.9503780135666407e6,0.00020032119338385707
321.34453781512605,4.268272131163825e6,0.00018829385305000232
321.34453781512605,4.611747767708261e6,0.0001769886375850287
321.34453781512605,4.982863514647306e6,0.0001663621904103589
321.34453781512605,5.383843622033489e6,0.00015637375808848886
321.34453781512605,5.817091329374358e6,0.00014698503402967123
321.34453781512605,6.285203269240097e6,0.00013816001158249315
321.34453781512605,6.790985029955707e6,0.00012986484594493746
321.34453781512605,7.337467970651373e6,0.00012206772436634152
321.34453781512605,7.927927389450606e6,0.00011473874414246736
321.34453781512605,8.565902153685499e6,0.00010784979793578153
321.34453781512605,9.255215909791354e6,0.00010137446598113665
321.34453781512605,1.0e7,9.528791476345536e-5
324.6218487394958,1000.0,0.14738776874237514
324.6218487394958,1080.4718223181285,0.1385385659906964
324.6218487394958,1167.4193588234587,0.13022067184086772
324.6218487394958,1261.3637220374437,0.12240218637621632
324.6218487394958,1362.867959355774,0.11505312495996552
324.6218487394958,1472.5404276241222,0.10814530324129501
324.6218487394958,1591.0384392721533,0.10165222906567069
324.6218487394958,1719.0722018585745,0.09554900087490713
324.6218487394958,1857.4090746385718,0.08981221220731889
324.6218487394958,2006.8781676649664,0.0844198619317098
324.6218487394958,2168.375310987435,0.0793512698709383
324.6218487394958,2342.8684237322327,0.0745869974914676
324.6218487394958,2531.403315241567,0.0701087733547372
324.6218487394958,2735.109953041208,0.06589942304445474
324.6218487394958,2955.209235202888,0.0619428033010732
324.6218487394958,3193.020307691027,0.058223740110852365
324.6218487394958,3449.9684705497157,0.05472797051206988
324.6218487394958,3727.593720314942,0.05144208789520409
324.6218487394958,4027.5599798502976,0.04835349058730918
324.6218487394958,4351.665070924416,0.04545033352339833
324.6218487394958,4701.851489299852,0.042721482819490925
324.6218487394958,5080.218046913023,0.040156473073106574
324.6218487394958,5489.032450921557,0.03774546722744932
324.6218487394958,5930.744895010559,0.035479218845357416
324.6218487394958,6408.002744415996,0.03334903664833579
324.6218487394958,6923.6664026787275,0.031346751184674775
324.6218487394958,7480.826455225086,0.029464683498824414
324.6218487394958,8082.822192522714,0.027695615681868083
324.6218487394958,8733.261623828437,0.026032763190154084
324.6218487394958,9436.04310147889,0.024469748825924283
324.6218487394958,10195.378685327301,0.02300057828015295
324.6218487394958,11015.819387358995,0.02161961714380044
324.6218487394958,11902.282447787144,0.02032156929931772
324.6218487394958,12860.08080610565,0.019101456609530797
324.6218487394958,13894.954943731389,0.01795459982601036
324.6218487394958,15013.107289081743,0.0168766006437082
324.6218487394958,16221.239391291729,0.015863324833038112
324.6218487394958,17526.592085367585,0.014910886384711603
324.6218487394958,18936.988889503602,0.014015632606521925
324.6218487394958,20460.88289466011,0.013174130114921401
324.6218487394958,22107.407427431233,0.012383151667668351
324.6218487394958,23886.430789846003,0.011639663787045574
324.6218487394958,25808.615404180768,0.01094081512618431
324.6218487394958,27885.481717262915,0.01028392553387717
324.6218487394958,30129.47724726992,0.009666475775942951
324.6218487394958,32554.05118685032,0.00908609787372347
324.6218487394958,35173.7350096938,0.008540566022659775
324.6218487394958,38004.22956365882,0.00802778805611956
324.6218487394958,41062.49917244294,0.007545797421738774
324.6218487394958,44366.873309786155,0.007092745639505881
324.6218487394958,47937.15645558219,0.006666895212664956
324.6218487394958,51794.74679231213,0.006266612964249952
324.6218487394958,55962.76445319552,0.005890363773695493
324.6218487394958,60466.19009070435,0.005536704689503196
324.6218487394958,65332.014595937704,0.005204279395385167
324.6218487394958,70589.40086618738,0.004891813008661815
324.6218487394958,76269.85859023452,0.004598107190965269
324.6218487394958,82407.43309893666,0.004322035552497586
324.6218487394958,89038.90941296735,0.004062539332218498
324.6218487394958,96204.0327106476,0.003818623337395959
324.6218487394958,103945.74653722627,0.0035893521269471824
324.6218487394958,112310.45018329516,0.003373846423932948
324.6218487394958,121348.27677491431,0.003171279743446761
324.6218487394958,131113.3937421563,0.0029808752229664713
324.6218487394958,141664.3274669022,0.0028019026430124716
324.6218487394958,153064.31405563594,0.002633675626686434
324.6218487394958,165381.6783395673,0.002475549007350469
324.6218487394958,178690.24337358287,0.0023269163543516128
324.6218487394958,193069.77288832495,0.002187207647302476
324.6218487394958,208606.44934719568,0.0020558870899987473
324.6218487394958,225393.39047347888,0.001932451055589693
324.6218487394958,243531.20734334175,0.0018164261551211886
324.6218487394958,263128.6073895945,0.001707367422043982
324.6218487394958,284303.0459302665,0.0016048566057245668
324.6218487394958,307181.43012686964,0.001508500567414147
324.6218487394958,331900.87959146773,0.0014179297725240814
324.6218487394958,358609.54820118286,0.0013327968734255162
324.6218487394958,387467.51204561285,0.001252775377338135
324.6218487394958,418647.72882899473,0.001177558394199231
324.6218487394958,452337.0744772105,0.0011068574597110732
324.6218487394958,488737.4631624427,0.0010404014290528439
324.6218487394958,528067.0574582637,0.0009779354370144024
324.6218487394958,570561.5758781021,0.0009192199205639259
324.6218487394958,616475.7056337161,0.0008640297001008527
324.6218487394958,666084.6290809154,0.0008121531158706561
324.6218487394958,719685.6730011514,0.0007633912162295172
324.6218487394958,777600.0906038043,0.0007175569946458136
324.6218487394958,840174.9869294344,0.0006744746725122509
324.6218487394958,907785.3991937558,0.000633979025018152
324.6218487394958,980836.5445406671,0.0005959147474965654
324.6218487394958,1.0597662486760707e6,0.0005601358598160685
324.6218487394958,1.1450475699382813e6,0.0005265051465330525
324.6218487394958,1.2371916345321594e6,0.0004948936306574227
324.6218487394958,1.336750699919709e6,0.0004651800790135478
324.6218487394958,1.4443214647272818e6,0.0004372505372994851
324.6218487394958,1.5605486450070748e6,0.000410997893061367
324.6218487394958,1.6861288382868804e6,0.0003863214649069381
324.6218487394958,1.8218146985669748e6,0.0003631266163828209
324.6218487394958,1.9684194472866112e6,0.0003413243930346988
324.6218487394958,2.126821747296208e6,0.0003208311812585083
324.6218487394958,2.2979709690469606e6,0.0003015683876342985
324.6218487394958,2.48289288056033e6,0.000283462137512978
324.6218487394958,2.6826957952797273e6,0.0002664429916999958
324.6218487394958,2.898577214651068e6,0.00025044568014941245
324.6218487394958,3.131831005243845e6,0.000235408851647055
324.6218487394958,3.383855153428233e6,0.00022127483852276444
324.6218487394958,3.6561601440851935e6,0.00020798943548938547
324.6218487394958,3.9503780135666407e6,0.00019550169176032534
324.6218487394958,4.268272131163825e6,0.0001837637156484313
324.6218487394958,4.611747767708261e6,0.00017273049089680878
324.6218487394958,4.982863514647306e6,0.0001623597040371839
324.6218487394958,5.383843622033489e6,0.00015261158211372268
324.6218487394958,5.817091329374358e6,0.00014344874014995452
324.6218487394958,6.285203269240097e6,0.0001348360377738254
324.6218487394958,6.790985029955707e6,0.00012674044445102253
324.6218487394958,7.337467970651373e6,0.00011913091280972755
324.6218487394958,7.927927389450606e6,0.00011197825957098728
324.6218487394958,8.565902153685499e6,0.00010525505362805831
324.6218487394958,9.255215909791354e6,9.893551084549832e-5
324.6218487394958,1.0e7,9.299539517454978e-5
327.89915966386553,1000.0,0.14387697812100916
327.89915966386553,1080.4718223181285,0.13523856421763353
327.89915966386553,1167.4193588234587,0.12711880309485254
327.89915966386553,1261.3637220374437,0.11948655469503229
327.89915966386553,1362.867959355774,0.112312548618286
327.89915966386553,1472.5404276241222,0.10556927186770144
327.89915966386553,1591.0384392721533,0.09923086333437653
327.89915966386553,1719.0722018585745,0.09327301461760203
327.89915966386553,1857.4090746385718,0.08767287679982837
327.89915966386553,2006.8781676649664,0.08240897281888994
327.89915966386553,2168.375310987435,0.0774611151014247
327.89915966386553,2342.8684237322327,0.07281032814160725
327.89915966386553,2531.403315241567,0.06843877572827531
327.89915966386553,2735.109953041208,0.06432969254136053
327.89915966386553,2955.209235202888,0.06046731985528846
327.89915966386553,3193.020307691027,0.05683684510276437
327.89915966386553,3449.9684705497157,0.05342434506716601
327.89915966386553,3727.593720314942,0.0502167324856813
327.89915966386553,4027.5599798502976,0.04720170585840836
327.89915966386553,4351.665070924416,0.044367702270931154
327.89915966386553,4701.851489299852,0.041703853049440735
327.89915966386553,5080.218046913023,0.03919994207833574
327.89915966386553,5489.032450921557,0.03684636662044552
327.89915966386553,5930.744895010559,0.03463410048961792
327.89915966386553,6408.002744415996,0.03255465943443539
327.89915966386553,6923.6664026787275,0.0306000686003023
327.89915966386553,7480.826455225086,0.028762831945117796
327.89915966386553,8082.822192522714,0.02703590349123972
327.89915966386553,8733.261623828437,0.02541266030348926
327.89915966386553,9436.04310147889,0.02388687708956333
327.89915966386553,10195.378685327301,0.02245270232544532
327.89915966386553,11015.819387358995,0.021104635814253016
327.89915966386553,11902.282447787144,0.019837507592459332
327.89915966386553,12860.08080610565,0.018646458102589646
327.89915966386553,13894.954943731389,0.017526919556355713
327.89915966386553,15013.107289081743,0.01647459841675248
327.89915966386553,16221.239391291729,0.015485458931934346
327.89915966386553,17526.592085367585,0.01455570765772239
327.89915966386553,18936.988889503602,0.013681778909384436
327.89915966386553,20460.88289466011,0.012860321086894347
327.89915966386553,22107.407427431233,0.01208818382122654
327.89915966386553,23886.430789846003,0.011362405892390551
327.89915966386553,25808.615404180768,0.010680203872870296
327.89915966386553,27885.481717262915,0.010038961452914183
327.89915966386553,30129.47724726992,0.009436219406737978
327.89915966386553,32554.05118685032,0.008869666161159591
327.89915966386553,35173.7350096938,0.008337128930495628
327.89915966386553,38004.22956365882,0.00783656538372127
327.89915966386553,41062.49917244294,0.00736605581193617
327.89915966386553,44366.873309786155,0.006923795766097882
327.89915966386553,47937.15645558219,0.006508089136787884
327.89915966386553,51794.74679231213,0.006117341649470263
327.89915966386553,55962.76445319552,0.005750054750297013
327.89915966386553,60466.19009070435,0.005404819859011209
327.89915966386553,65332.014595937704,0.005080312966907491
327.89915966386553,70589.40086618738,0.004775289559132533
327.89915966386553,76269.85859023452,0.004488579841851971
327.89915966386553,82407.43309893666,0.004219084255979614
327.89915966386553,89038.90941296735,0.003965769260263522
327.89915966386553,96204.0327106476,0.003727663367556859
327.89915966386553,103945.74653722627,0.0035038534190720894
327.89915966386553,112310.45018329516,0.0032934810823300317
327.89915966386553,121348.27677491431,0.0030957395593729955
327.89915966386553,131113.3937421563,0.0029098704926177445
327.89915966386553,141664.3274669022,0.00273516105648189
327.89915966386553,153064.31405563594,0.002570941223629877
327.89915966386553,165381.6783395673,0.002416581195354284
327.89915966386553,178690.24337358287,0.002271488986237777
327.89915966386553,193069.77288832495,0.0021351081538326247
327.89915966386553,208606.44934719568,0.002006915664650888
327.89915966386553,225393.39047347888,0.0018864198882811505
327.89915966386553,243531.20734334175,0.001773158711939047
327.89915966386553,263128.6073895945,0.0016666977682207043
327.89915966386553,284303.0459302665,0.001566628769262347
327.89915966386553,307181.43012686964,0.001472567940917441
327.89915966386553,331900.87959146773,0.001384154550946269
327.89915966386553,358609.54820118286,0.001301049525573423
327.89915966386553,387467.51204561285,0.0012229341491075572
327.89915966386553,418647.72882899473,0.0011495088416363477
327.89915966386553,452337.0744772105,0.001080492010108977
327.89915966386553,488737.4631624427,0.0010156189683999592
327.89915966386553,528067.0574582637,0.0009546409222126161
327.89915966386553,570561.5758781021,0.0008973240149292493
327.89915966386553,616475.7056337161,0.0008434484307487268
327.89915966386553,666084.6290809154,0.0007928075516719354
327.89915966386553,719685.6730011514,0.0007452071651020702
327.89915966386553,777600.0906038043,0.0007004647190208161
327.89915966386553,840174.9869294344,0.0006584086218839666
327.89915966386553,907785.3991937558,0.0006188775845514945
327.89915966386553,980836.5445406671,0.0005817200017283363
327.89915966386553,1.0597662486760707e6,0.0005467933705436354
327.89915966386553,1.1450475699382813e6,0.0005139637440386562
327.89915966386553,1.2371916345321594e6,0.00048310521746743263
327.89915966386553,1.336750699919709e6,0.0004540994454400681
327.89915966386553,1.4443214647272818e6,0.000426835188056893
327.89915966386553,1.5605486450070748e6,0.00040120788429284327
327.89915966386553,1.6861288382868804e6,0.0003771192509959703
327.89915966386553,1.8218146985669748e6,0.00035447690596218537
327.89915966386553,1.9684194472866112e6,0.0003331940136407058
327.89915966386553,2.126821747296208e6,0.00031318895211144144
327.89915966386553,2.2979709690469606e6,0.0002943850000571545
327.89915966386553,2.48289288056033e6,0.0002767100425298969
327.89915966386553,2.6826957952797273e6,0.0002600962943833135
327.89915966386553,2.898577214651068e6,0.0002444800403101456
327.89915966386553,3.131831005243845e6,0.00022980139048795687
327.89915966386553,3.383855153428233e6,0.00021600405089595756
327.89915966386553,3.6561601440851935e6,0.00020303510742207014
327.89915966386553,3.9503780135666407e6,0.00019084482293226773
327.89915966386553,4.268272131163825e6,0.00017938644652392503
327.89915966386553,4.611747767708261e6,0.0001686160342316533
327.89915966386553,4.982863514647306e6,0.0001584922804980038
327.89915966386553,5.383843622033489e6,0.00014897635976272015
327.89915966386553,5.817091329374358e6,0.00014003177756301486
327.89915966386553,6.285203269240097e6,0.00013162423057382677
327.89915966386553,6.790985029955707e6,0.00012372147505130147
327.89915966386553,7.337467970651373e6,0.00011629320317495991
327.89915966386553,7.927927389450606e6,0.00010931092681431958
327.89915966386553,8.565902153685499e6,0.00010274786827419993
327.89915966386553,9.255215909791354e6,9.65788575997086e-5
327.89915966386553,1.0e7,9.078023604706678e-5
331.1764705882353,1000.0,0.1404834939943413
331.1764705882353,1080.4718223181285,0.13204882582460234
331.1764705882353,1167.4193588234587,0.12412057748477205
331.1764705882353,1261.3637220374437,0.1166683433869883
331.1764705882353,1362.867959355774,0.10966354350336606
331.1764705882353,1472.5404276241222,0.10307931375886749
331.1764705882353,1591.0384392721533,0.09689040300501418
331.1764705882353,1719.0722018585745,0.09107307617932679
331.1764705882353,1857.4090746385718,0.08560502327909837
331.1764705882353,2006.8781676649664,0.08046527380040831
331.1764705882353,2168.375310987435,0.07563411631424141
331.1764705882353,2342.8684237322327,0.07109302287127961
331.1764705882353,2531.403315241567,0.06682457794545037
331.1764705882353,2735.109953041208,0.06281241164372502
331.1764705882353,2955.209235202888,0.059041136926018915
331.1764705882353,3193.020307691027,0.05549629059442676
331.1764705882353,3449.9684705497157,0.05216427782548003
331.1764705882353,3727.593720314942,0.049032320032703844
331.1764705882353,4027.5599798502976,0.0460884058595202
331.1764705882353,4351.665070924416,0.04332124511455065
331.1764705882353,4701.851489299852,0.04072022547265678
331.1764705882353,5080.218046913023,0.038275371775661954
331.1764705882353,5489.032450921557,0.03597730777666926
331.1764705882353,5930.744895010559,0.03381722018126109
331.1764705882353,6408.002744415996,0.03178682484767531
331.1764705882353,6923.6664026787275,0.029878335016332136
331.1764705882353,7480.826455225086,0.028084431446869347
331.1764705882353,8082.822192522714,0.026398234348157766
331.1764705882353,8733.261623828437,0.02481327699364685
331.1764705882353,9436.04310147889,0.023323480920852284
331.1764705882353,10195.378685327301,0.02192313261987287
331.1764705882353,11015.819387358995,0.020606861621535834
331.1764705882353,11902.282447787144,0.019369619901135674
331.1764705882353,12860.08080610565,0.018206662518778477
331.1764705882353,13894.954943731389,0.017113529422085213
331.1764705882353,15013.107289081743,0.016086028341465962
331.1764705882353,16221.239391291729,0.015120218712366422
331.1764705882353,17526.592085367585,0.014212396562827447
331.1764705882353,18936.988889503602,0.013359080308399598
331.1764705882353,20460.88289466011,0.012556997399935042
331.1764705882353,22107.407427431233,0.011803071773049699
331.1764705882353,23886.430789846003,0.011094412051123225
331.1764705882353,25808.615404180768,0.010428300456594208
331.1764705882353,27885.481717262915,0.00980218238802416
331.1764705882353,30129.47724726992,0.009213656622957598
331.1764705882353,32554.05118685032,0.008660466109005147
331.1764705882353,35173.7350096938,0.008140489307832541
331.1764705882353,38004.22956365882,0.007651732058858928
331.1764705882353,41062.49917244294,0.00719231993146104
331.1764705882353,44366.873309786155,0.006760491036353129
331.1764705882353,47937.15645558219,0.006354589268573704
331.1764705882353,51794.74679231213,0.0059730579561651275
331.1764705882353,55962.76445319552,0.0056144338901883695
331.1764705882353,60466.19009070435,0.005277341713177288
331.1764705882353,65332.014595937704,0.00496048864451169
331.1764705882353,70589.40086618738,0.004662659522480459
331.1764705882353,76269.85859023452,0.0043827121440206
331.1764705882353,82407.43309893666,0.004119572884259675
331.1764705882353,89038.90941296735,0.0038722325790620823
331.1764705882353,96204.0327106476,0.003639742654788439
331.1764705882353,103945.74653722627,0.0034212114904253
331.1764705882353,112310.45018329516,0.0032158009981336014
331.1764705882353,121348.27677491431,0.003022723409101933
331.1764705882353,131113.3937421563,0.002841238252378084
331.1764705882353,141664.3274669022,0.002670649515092378
331.1764705882353,153064.31405563594,0.002510302973182009
331.1764705882353,165381.6783395673,0.002359583682379403
331.1764705882353,178690.24337358287,0.0022179136198423577
331.1764705882353,193069.77288832495,0.0020847494673813683
331.1764705882353,208606.44934719568,0.001959580527782598
331.1764705882353,225393.39047347888,0.0018419267662353944
331.1764705882353,243531.20734334175,0.0017313369693530499
331.1764705882353,263128.6073895945,0.001627387014726475
331.1764705882353,284303.0459302665,0.0015296782443743305
331.1764705882353,307181.43012686964,0.0014378359358516934
331.1764705882353,331900.87959146773,0.0013515078651537675
331.1764705882353,358609.54820118286,0.0012703629559032647
331.1764705882353,387467.51204561285,0.0011940900096409485
331.1764705882353,418647.72882899473,0.0011223965123498896
331.1764705882353,452337.0744772105,0.0010550075126363348
331.1764705882353,488737.4631624427,0.0009916645672649188
331.1764705882353,528067.0574582637,0.0009321247500042213
331.1764705882353,570561.5758781021,0.0008761597199815253
331.1764705882353,616475.7056337161,0.0008235548459738128
331.1764705882353,666084.6290809154,0.0007741083832765697
331.1764705882353,719685.6730011514,0.0007276306999936211
331.1764705882353,777600.0906038043,0.0006839435497807395
331.1764705882353,840174.9869294344,0.0006428793882539321
331.1764705882353,907785.3991937558,0.0006042807304407579
331.1764705882353,980836.5445406671,0.000567999546810455
331.1764705882353,1.0597662486760707e6,0.0005338966955665836
331.1764705882353,1.1450475699382813e6,0.0005018413890249787
331.1764705882353,1.2371916345321594e6,0.00047171069203051847
331.1764705882353,1.336750699919709e6,0.0004433890504890879
331.1764705882353,1.4443214647272818e6,0.0004167678482066209
331.1764705882353,1.5605486450070748e6,0.0003917449903356415
331.1764705882353,1.6861288382868804e6,0.000368224511831798
331.1764705882353,1.8218146985669748e6,0.00034611620941877246
331.1764705882353,1.9684194472866112e6,0.00032533529565012136
331.1764705882353,2.126821747296208e6,0.00030580207374133805
331.1764705882353,2.2979709690469606e6,0.0002874416319250907
331.1764705882353,2.48289288056033e6,0.0002701835561574556
331.1764705882353,2.6826957952797273e6,0.0002539616600733507
331.1764705882353,2.898577214651068e6,0.00023871373115551609
331.1764705882353,3.131831005243845e6,0.00022438129214358377
331.1764705882353,3.383855153428233e6,0.00021090937676821147
331.1764705882353,3.6561601440851935e6,0.00019824631895020212
331.1764705882353,3.9503780135666407e6,0.00018634355465616667
331.1764705882353,4.268272131163825e6,0.0001751554356508284
331.1764705882353,4.611747767708261e6,0.00016463905443169153
331.1764705882353,4.982863514647306e6,0.00015475407967467956
331.1764705882353,5.383843622033489e6,0.0001454626015596645
331.1764705882353,5.817091329374358e6,0.00013672898638269473
331.1764705882353,6.285203269240097e6,0.0001285197398973443
331.1764705882353,6.790985029955707e6,0.00012080337886108672
331.1764705882353,7.337467970651373e6,0.0001135503102940594
331.1764705882353,7.927927389450606e6,0.00010673271798716612
331.1764705882353,8.565902153685499e6,0.0001003244558242651
331.1764705882353,9.255215909791354e6,9.430094750932098e-5
331.1764705882353,1.0e7,8.863909231396876e-5
334.453781512605,1000.0,0.13720229338754739
334.453781512605,1080.4718223181285,0.1289646294175884
334.453781512605,1167.4193588234587,0.12122155709042554
334.453781512605,1261.3637220374437,0.11394338098585062
334.453781512605,1362.867959355774,0.1071021886049684
334.453781512605,1472.5404276241222,0.10067174332310422
334.453781512605,1591.0384392721533,0.09462738376984788
334.453781512605,1719.0722018585745,0.0889459292503485
334.453781512605,1857.4090746385718,0.08360559084514066
334.453781512605,2006.8781676649664,0.07858588784756193
334.453781512605,2168.375310987435,0.07386756921829138
334.453781512605,2342.8684237322327,0.06943253975577952
334.453781512605,2531.403315241567,0.06526379069942562
334.453781512605,2735.109953041208,0.061345334499360395
334.453781512605,2955.209235202888,0.057662143502668683
334.453781512605,3193.020307691027,0.054200092320908694
334.453781512605,3449.9684705497157,0.050945903657901095
334.453781512605,3727.593720314942,0.04788709739003305
334.453781512605,4027.5599798502976,0.04501194270379517
334.453781512605,4351.665070924416,0.042309413106993515
334.453781512605,4701.851489299852,0.03976914414110155
334.453781512605,5080.218046913023,0.037381393632574
334.453781512605,5489.032450921557,0.03513700433068312
334.453781512605,5930.744895010559,0.03302736878858923
334.453781512605,6408.002744415996,0.031044396352962262
334.453781512605,6923.6664026787275,0.029180482135555064
334.453781512605,7480.826455225086,0.02742847784773234
334.453781512605,8082.822192522714,0.02578166438610261
334.453781512605,8733.261623828437,0.02423372606411645
334.453781512605,9436.04310147889,0.022778726390806706
334.453781512605,10195.378685327301,0.021411085303780004
334.453781512605,11015.819387358995,0.020125557769145687
334.453781512605,11902.282447787144,0.01891721366631114
334.453781512605,12860.08080610565,0.017781418880499413
334.453781512605,13894.954943731389,0.01671381753047754
334.453781512605,15013.107289081743,0.015710315263337014
334.453781512605,16221.239391291729,0.014767063552260049
334.453781512605,17526.592085367585,0.013880444937052648
334.453781512605,18936.988889503602,0.01304705915084001
334.453781512605,20460.88289466011,0.012263710079719065
334.453781512605,22107.407427431233,0.011527393505357099
334.453781512605,23886.430789846003,0.01083528558352815
334.453781512605,25808.615404180768,0.010184732014401385
334.453781512605,27885.481717262915,0.009573237863048253
334.453781512605,30129.47724726992,0.008998457991129307
334.453781512605,32554.05118685032,0.00845818806306524
334.453781512605,35173.7350096938,0.007950356092199849
334.453781512605,38004.22956365882,0.007473014494533793
334.453781512605,41062.49917244294,0.007024332619554368
334.453781512605,44366.873309786155,0.006602589729516324
334.453781512605,47937.15645558219,0.0062061684002487
334.453781512605,51794.74679231213,0.005833548318178944
334.453781512605,55962.76445319552,0.0054833004497855204
334.453781512605,60466.19009070435,0.0051540815611181845
334.453781512605,65332.014595937704,0.004844629066367782
334.453781512605,70589.40086618738,0.004553756185729359
334.453781512605,76269.85859023452,0.00428034739398852
334.453781512605,82407.43309893666,0.004023354142375955
334.453781512605,89038.90941296735,0.003781790837282952
334.453781512605,96204.0327106476,0.0035547310604160287
334.453781512605,103945.74653722627,0.0033413040158944756
334.453781512605,112310.45018329516,0.0031406911906651904
334.453781512605,121348.27677491431,0.0029521232154271146
334.453781512605,131113.3937421563,0.0027748769140266555
334.453781512605,141664.3274669022,0.0026082725300082214
334.453781512605,153064.31405563594,0.002451671119683453
334.453781512605,165381.6783395673,0.002304472101721278
334.453781512605,178690.24337358287,0.0021661109538612805
334.453781512605,193069.77288832495,0.0020360570479170527
334.453781512605,208606.44934719568,0.0019138116147665181
334.453781512605,225393.39047347888,0.0017989058315248363
334.453781512605,243531.20734334175,0.0016908990235639531
334.453781512605,263128.6073895945,0.0015893769744834247
334.453781512605,284303.0459302665,0.0014939503375510363
334.453781512605,307181.43012686964,0.001404253142520992
334.453781512605,331900.87959146773,0.0013199413921031469
334.453781512605,358609.54820118286,0.001240691742700621
334.453781512605,387467.51204561285,0.001166200264356294
334.453781512605,418647.72882899473,0.0010961812751524558
334.453781512605,452337.0744772105,0.0010303662455934319
334.453781512605,488737.4631624427,0.0009685027687693829
334.453781512605,528067.0574582637,0.0009103535923517446
334.453781512605,570561.5758781021,0.0008556957087079473
334.453781512605,616475.7056337161,0.0008043194996458929
334.453781512605,666084.6290809154,0.000756027932508213
334.453781512605,719685.6730011514,0.0007106358045332533
334.453781512605,777600.0906038043,0.0006679690325848347
334.453781512605,840174.9869294344,0.0006278639855268395
334.453781512605,907785.3991937558,0.0005901668566822082
334.453781512605,980836.5445406671,0.0005547330739696794
334.453781512605,1.0597662486760707e6,0.0005214267454560821
334.453781512605,1.1450475699382813e6,0.0004901201381978217
334.453781512605,1.2371916345321594e6,0.000460693188372871
334.453781512605,1.336750699919709e6,0.0004330330408245703
334.453781512605,1.4443214647272818e6,0.0004070336162513501
334.453781512605,1.5605486450070748e6,0.0003825952043824989
334.453781512605,1.6861288382868804e6,0.00035962408157977436
334.453781512605,1.8218146985669748e6,0.0003380321513983201
334.453781512605,1.9684194472866112e6,0.00031773660672840596
334.453781512605,2.126821747296208e6,0.00029865961222226914
334.453781512605,2.2979709690469606e6,0.0002807280057881407
334.453781512605,2.48289288056033e6,0.00026387301800665116
334.453781512605,2.6826957952797273e6,0.0002480300083935551
334.453781512605,2.898577214651068e6,0.00023313821749731305
334.453781512605,3.131831005243845e6,0.000219140533880806
334.453781512605,3.383855153428233e6,0.0002059832750935317
334.453781512605,3.6561601440851935e6,0.00019361598179429198
334.453781512605,3.9503780135666407e6,0.00018199122423481057
334.453781512605,4.268272131163825e6,0.00017106442036212894
334.453781512605,4.611747767708261e6,0.0001607936648421856
334.453781512605,4.982863514647306e6,0.000151139568348866
334.453781512605,5.383843622033489e6,0.00014206510650218376
334.453781512605,5.817091329374358e6,0.00013353547787625552
334.453781512605,6.285203269240097e6,0.0001255179705325166
334.453781512605,6.790985029955707e6,0.0001179818365663191
334.453781512605,7.337467970651373e6,0.0001108981741857881
334.453781512605,7.927927389450606e6,0.00010423981687069496
334.453781512605,8.565902153685499e6,9.798122918626504e-5
334.453781512605,9.255215909791354e6,9.209840885235037e-5
334.453781512605,1.0e7,8.65687946923992e-5
337.7310924369748,1000.0,0.13402861474071412
337.7310924369748,1080.4718223181285,0.12598149932206396
337.7310924369748,1167.4193588234587,0.11841753495803262
337.7310924369748,1261.3637220374437,0.11130771312451734
337.7310924369748,1362.867959355774,0.1046247669772951
337.7310924369748,1472.5404276241222,0.09834306678107636
337.7310924369748,1591.0384392721533,0.09243852161702823
337.7310924369748,1719.0722018585745,0.08688848699180544
337.7310924369748,1857.4090746385718,0.08167167799375985
337.7310924369748,2006.8781676649664,0.07676808766327672
337.7310924369748,2168.375310987435,0.07215891026417773
337.7310924369748,2342.8684237322327,0.06782646916193102
337.7310924369748,2531.403315241567,0.06375414903207315
337.7310924369748,2735.109953041208,0.05992633213885662
337.7310924369748,2955.209235202888,0.056328338439744996
337.7310924369748,3193.020307691027,0.05294636928605112
337.7310924369748,3449.9684705497157,0.04976745450380425
337.7310924369748,3727.593720314942,0.046779402651897124
337.7310924369748,4027.5599798502976,0.043970754266747666
337.7310924369748,4351.665070924416,0.041330737914164
337.7310924369748,4701.851489299852,0.038849228879868025
337.7310924369748,5080.218046913023,0.036516710340251335
337.7310924369748,5489.032450921557,0.03432423686444994
337.7310924369748,5930.744895010559,0.032263400107764365
337.7310924369748,6408.002744415996,0.0303262965648565
337.7310924369748,6923.6664026787275,0.0285054972590536
337.7310924369748,7480.826455225086,0.02679401925151482
337.7310924369748,8082.822192522714,0.025185298860995287
337.7310924369748,8733.261623828437,0.02367316649150312
337.7310924369748,9436.04310147889,0.022251822971310942
337.7310924369748,10195.378685327301,0.02091581731257966
337.7310924369748,11015.819387358995,0.019660025806300656
337.7310924369748,11902.282447787144,0.018479632372383564
337.7310924369748,12860.08080610565,0.017370110089530183
337.7310924369748,13894.954943731389,0.016327203834059858
337.7310924369748,15013.107289081743,0.01534691396110488
337.7310924369748,16221.239391291729,0.014425480965591058
337.7310924369748,17526.592085367585,0.013559371064177672
337.7310924369748,18936.988889503602,0.0127452626428616
337.7310924369748,20460.88289466011,0.011980033518271078
337.7310924369748,22107.407427431233,0.011260748963794965
337.7310924369748,23886.430789846003,0.010584650454626544
337.7310924369748,25808.615404180768,0.009949145088558077
337.7310924369748,27885.481717262915,0.009351795641953651
337.7310924369748,30129.47724726992,0.008790311222764396
337.7310924369748,32554.05118685032,0.008262538484739122
337.7310924369748,35173.7350096938,0.007766453369136293
337.7310924369748,38004.22956365882,0.007300153342265845
337.7310924369748,41062.49917244294,0.006861850099091213
337.7310924369748,44366.873309786155,0.00644986270490911
337.7310924369748,47937.15645558219,0.006062611148804767
337.7310924369748,51794.74679231213,0.005698610284159501
337.7310924369748,55962.76445319552,0.005356464132971921
337.7310924369748,60466.19009070435,0.005034860532149274
337.7310924369748,65332.014595937704,0.00473256610123695
337.7310924369748,70589.40086618738,0.0044484215122869
337.7310924369748,76269.85859023452,0.004181337043724489
337.7310924369748,82407.43309893666,0.003930288401162438
337.7310924369748,89038.90941296735,0.003694312789134206
337.7310924369748,96204.0327106476,0.003472505218681659
337.7310924369748,103945.74653722627,0.003264015036636169
337.7310924369748,112310.45018329516,0.0030680426632826597
337.7310924369748,121348.27677491431,0.0028838365258952036
337.7310924369748,131113.3937421563,0.0027106901763840037
337.7310924369748,141664.3274669022,0.002547939581999642
337.7310924369748,153064.31405563594,0.002394960578704236
337.7310924369748,165381.6783395673,0.0022511664774428467
337.7310924369748,178690.24337358287,0.0021160058141350595
337.7310924369748,193069.77288832495,0.0019889602347576956
337.7310924369748,208606.44934719568,0.0018695425074077257
337.7310924369748,225393.39047347888,0.0017572946537215053
337.7310924369748,243531.20734334175,0.001651786192484096
337.7310924369748,263128.6073895945,0.0015526124886928085
337.7310924369748,284303.0459302665,0.0014593932017433827
337.7310924369748,307181.43012686964,0.0013717708267875453
337.7310924369748,331900.87959146773,0.0012894093236678445
337.7310924369748,358609.54820118286,0.0012119928281716264
337.7310924369748,387467.51204561285,0.0011392244406616828
337.7310924369748,418647.72882899473,0.0010708250874378448
337.7310924369748,452337.0744772105,0.0010065324504627572
337.7310924369748,488737.4631624427,0.0009460999613472063
337.7310924369748,528067.0574582637,0.0008892958557368488
337.7310924369748,570561.5758781021,0.0008359022844738327
337.7310924369748,616475.7056337161,0.000785714478124515
337.7310924369748,666084.6290809154,0.0007385399616691736
337.7310924369748,719685.6730011514,0.0006941978163419642
337.7310924369748,777600.0906038043,0.0006525179857902136
337.7310924369748,840174.9869294344,0.0006133406238921063
337.7310924369748,907785.3991937558,0.0005765154817315688
337.7310924369748,980836.5445406671,0.0005419013313793655
337.7310924369748,1.0597662486760707e6,0.0005093654242705288
337.7310924369748,1.1450475699382813e6,0.00047878298210096476
337.7310924369748,1.2371916345321594e6,0.00045003671829076694
337.7310924369748,1.336750699919709e6,0.00042301638817900355
337.7310924369748,1.4443214647272818e6,0.00039761836622494336
337.7310924369748,1.5605486450070748e6,0.0003737452485942254
337.7310924369748,1.6861288382868804e6,0.00035130547960587807
337.7310924369748,1.8218146985669748e6,0.0003302130006075558
337.7310924369748,1.9684194472866112e6,0.0003103869199324074
337.7310924369748,2.126821747296208e6,0.00029175120267182543
337.7310924369748,2.2979709690469606e6,0.00027423437907432704
337.7310924369748,2.48289288056033e6,0.0002577692704522451
337.7310924369748,2.6826957952797273e6,0.0002422927315450624
337.7310924369748,2.898577214651068e6,0.0002277454083513172
337.7310924369748,3.131831005243845e6,0.0002140715105003538
337.7310924369748,3.383855153428233e6,0.00020121859729093418
337.7310924369748,3.6561601440851935e6,0.00018913737657615237
337.7310924369748,3.9503780135666407e6,0.00017778151572335309
337.7310924369748,4.268272131163825e6,0.00016710746392407087
337.7310924369748,4.611747767708261e6,0.00015707428517253052
337.7310924369748,4.982863514647306e6,0.00014764350127216273
337.7310924369748,5.383843622033489e6,0.00013877894426805455
337.7310924369748,5.817091329374358e6,0.0001304466177393957
337.7310924369748,6.285203269240097e6,0.0001226145664199652
337.7310924369748,6.790985029955707e6,0.00011525275364664047
337.7310924369748,7.337467970651373e6,0.00010833294616593218
337.7310924369748,7.927927389450606e6,0.00010182860585676631
337.7310924369748,8.565902153685499e6,9.571478795426195e-5
337.7310924369748,9.255215909791354e6,8.996804538418009e-5
337.7310924369748,1.0e7,8.456633884115982e-5
341.00840336134456,1000.0,0.13095794193844235
341.00840336134456,1080.4718223181285,0.1230951905714583
341.00840336134456,1167.4193588234587,0.11570452098999934
341.00840336134456,1261.3637220374437,0.10875758927196737
341.00840336134456,1362.867959355774,0.1022277532722537
341.00840336134456,1472.5404276241222,0.0960899704475744
341.00840336134456,1591.0384392721533,0.0903207018159302
341.00840336134456,1719.0722018585745,0.08489782168236808
341.00840336134456,1857.4090746385718,0.07980053278483193
341.00840336134456,2006.8781676649664,0.07500928653468134
341.00840336134456,2168.375310987435,0.07050570804599146
341.00840336134456,2342.8684237322327,0.0662725256661142
341.00840336134456,2531.403315241567,0.06229350473724481
341.00840336134456,2735.109953041208,0.05855338533496195
341.00840336134456,2955.209235202888,0.05503782374496359
341.00840336134456,3193.020307691027,0.05173333745355596
341.00840336134456,3449.9684705497157,0.04862725344092847
341.00840336134456,3727.593720314942,0.04570765957891535
341.00840336134456,4027.5599798502976,0.042963358946849134
341.00840336134456,4351.665070924416,0.04038382689030265
341.00840336134456,4701.851489299852,0.037959170658036646
341.00840336134456,5080.218046913023,0.035680091462355956
341.00840336134456,5489.032450921557,0.03353784881737283
341.00840336134456,5930.744895010559,0.03152422701841039
341.00840336134456,6408.002744415996,0.029631503633992567
341.00840336134456,6923.6664026787275,0.027852419889583337
341.00840336134456,7480.826455225086,0.026180152829494867
341.00840336134456,8082.822192522714,0.024608289150202148
341.00840336134456,8733.261623828437,0.023130800604712905
341.00840336134456,9436.04310147889,0.021742020883666033
341.00840336134456,10195.378685327301,0.020436623884495127
341.00840336134456,11015.819387358995,0.019209603285317678
341.00840336134456,11902.282447787144,0.018056253345213616
341.00840336134456,12860.08080610565,0.016972150857260473
341.00840336134456,13894.954943731389,0.015953138185113288
341.00840336134456,15013.107289081743,0.014995307318073183
341.00840336134456,16221.239391291729,0.014094984883493788
341.00840336134456,17526.592085367585,0.013248718059047166
341.00840336134456,18936.988889503602,0.0124532613308212
341.00840336134456,20460.88289466011,0.01170556404646444
341.00840336134456,22107.407427431233,0.01100275871564364
341.00840336134456,23886.430789846003,0.010342150012945103
341.00840336134456,25808.615404180768,0.00972120444104491
341.00840336134456,27885.481717262915,0.00913754061450519
341.00840336134456,30129.47724726992,0.00858892012693411
341.00840336134456,32554.05118685032,0.008073238966484049
341.00840336134456,35173.7350096938,0.007588519446765649
341.00840336134456,38004.22956365882,0.007132902622232102
341.00840336134456,41062.49917244294,0.006704641158945802
341.00840336134456,44366.873309786155,0.006302092633386203
341.00840336134456,47937.15645558219,0.00592371323359913
341.00840336134456,51794.74679231213,0.005568051838530806
341.00840336134456,55962.76445319552,0.005233744452840325
341.00840336134456,60466.19009070435,0.004919508975847574
341.00840336134456,65332.014595937704,0.004624140284554929
341.00840336134456,70589.40086618738,0.004346505611885739
341.00840336134456,76269.85859023452,0.0040855402024146305
341.00840336134456,82407.43309893666,0.0038402432289290217
341.00840336134456,89038.90941296735,0.003609673954161353
341.00840336134456,96204.0327106476,0.003392948122972055
341.00840336134456,103945.74653722627,0.0031892345711468082
341.00840336134456,112310.45018329516,0.0029977520378025937
341.00840336134456,121348.27677491431,0.0028177661691777566
341.00840336134456,131113.3937421563,0.0026485867023153483
341.00840336134456,141664.3274669022,0.002489564817838916
341.00840336134456,153064.31405563594,0.0023400906516683776
341.00840336134456,165381.6783395673,0.0021995909561331427
341.00840336134456,178690.24337358287,0.0020675269015126814
341.00840336134456,193069.77288832495,0.0019433920095732022
341.00840336134456,208606.44934719568,0.0018267102111753594
341.00840336134456,225393.39047347888,0.0017170340205037457
341.00840336134456,243531.20734334175,0.001613942818916137
341.00840336134456,263128.6073895945,0.0015170412418309379
341.00840336134456,284303.0459302665,0.0014259576624663182
341.00840336134456,307181.43012686964,0.0013403427666161016
341.00840336134456,331900.87959146773,0.0012598682129964988
341.00840336134456,358609.54820118286,0.0011842253740259967
341.00840336134456,387467.51204561285,0.0011131241522091713
341.00840336134456,418647.72882899473,0.001046291867585153
341.00840336134456,452337.0744772105,0.0009834722119739898
341.00840336134456,488737.4631624427,0.0009244242660103594
341.00840336134456,528067.0574582637,0.0008689215751948396
341.00840336134456,570561.5758781021,0.0008167512814193264
341.00840336134456,616475.7056337161,0.0007677133066359073
341.00840336134456,666084.6290809154,0.0007216195855384823
341.00840336134456,719685.6730011514,0.0006782933443143934
341.00840336134456,777600.0906038043,0.0006375684227000078
341.00840336134456,840174.9869294344,0.0005992886367402775
341.00840336134456,907785.3991937558,0.0005633071798083828
341.00840336134456,980836.5445406671,0.0005294860595883335
341.00840336134456,1.0597662486760707e6,0.000497695568861287
341.00840336134456,1.1450475699382813e6,0.0004678137880660033
341.00840336134456,1.2371916345321594e6,0.00043972611772571225
341.00840336134456,1.336750699919709e6,0.0004133248389481965
341.00840336134456,1.4443214647272818e6,0.0003885087003135802
341.00840336134456,1.5605486450070748e6,0.00036518252956548074
341.00840336134456,1.6861288382868804e6,0.0003432568686163391
341.00840336134456,1.8218146985669748e6,0.00032264763046712893
341.00840336134456,1.9684194472866112e6,0.0003032757767257034
341.00840336134456,2.126821747296208e6,0.00028506701448702943
341.00840336134456,2.2979709690469606e6,0.0002679515114128168
341.00840336134456,2.48289288056033e6,0.00025186362791784745
341.00840336134456,2.6826957952797273e6,0.00023674166543591191
341.00840336134456,2.898577214651068e6,0.0002225276297999267
341.00840336134456,3.131831005243845e6,0.000209167008828779
341.00840336134456,3.383855153428233e6,0.00019660856326791703
341.00840336134456,3.6561601440851935e6,0.00018480413028192644
341.00840336134456,3.9503780135666407e6,0.00017370843874546702
341.00840336134456,4.268272131163825e6,0.0001632789356241929
341.00840336134456,4.611747767708261e6,0.00015347562277981194
341.00840336134456,4.982863514647306e6,0.00014426090357341266
341.00840336134456,5.383843622033489e6,0.0001355994386787719
341.00840336134456,5.817091329374358e6,0.00012745801055267212
341.00840336134456,6.285203269240097e6,0.00011980539604245653
341.00840336134456,6.790985029955707e6,0.00011261224664226446
341.00840336134456,7.337467970651373e6,0.00010585097593871431
341.00840336134456,7.927927389450606e6,9.949565381437949e-5
341.00840336134456,8.565902153685499e6,9.35219070033177e-5
341.00840336134456,9.255215909791354e6,8.790682561727277e-5
341.00840336134456,1.0e7,8.262887528407087e-5
344.2857142857143,1000.0,0.12798598945688383
344.2857142857143,1080.4718223181285,0.12030167494597041
344.2857142857143,1167.4193588234587,0.11307872882196562
344.2857142857143,1261.3637220374437,0.1062894503982129
344.2857142857143,1362.867959355774,0.09990780214500983
344.2857142857143,1472.5404276241222,0.09390930983320099
344.2857142857143,1591.0384392721533,0.0882709686731771
344.2857142857143,1719.0722018585745,0.08297115508931464
344.2857142857143,1857.4090746385718,0.07798954379150257
344.2857142857143,2006.8781676649664,0.07330702982571846
344.2857142857143,2168.375310987435,0.06890565530470888
344.2857142857143,2342.8684237322327,0.06476854053778083
344.2857142857143,2531.403315241567,0.06087981929557944
344.2857142857143,2735.109953041208,0.057224577961586344
344.2857142857143,2955.209235202888,0.05378879833697946
344.2857142857143,3193.020307691027,0.05055930387950459
344.2857142857143,3449.9684705497157,0.04752370917018026
344.2857142857143,3727.593720314942,0.04467037241403578
344.2857142857143,4027.5599798502976,0.04198835079271825
344.2857142857143,4351.665070924416,0.039467358497741314
344.2857142857143,4701.851489299852,0.0370977272834295
344.2857142857143,5080.218046913023,0.03487036938827487
344.2857142857143,5489.032450921557,0.03277674268250567
344.2857142857143,5930.744895010559,0.03080881790820448
344.2857142857143,6408.002744415996,0.02895904788633925
344.2857142857143,6923.6664026787275,0.027220338572612374
344.2857142857143,7480.826455225086,0.02558602185112493
344.2857142857143,8082.822192522714,0.024049829961516736
344.2857142857143,8733.261623828437,0.02260587146150809
344.2857142857143,9436.04310147889,0.021248608632657366
344.2857142857143,10195.378685327301,0.019972836242682968
344.2857142857143,11015.819387358995,0.01877366158290156
344.2857142857143,11902.282447787144,0.017646485704224103
344.2857142857143,12860.08080610565,0.01658698577974779
344.2857142857143,13894.954943731389,0.015591098526302975
344.2857142857143,15013.107289081743,0.014655004621375122
344.2857142857143,16221.239391291729,0.013775114055638842
344.2857142857143,17526.592085367585,0.012948052364930173
344.2857142857143,18936.988889503602,0.012170647688854922
344.2857142857143,20460.88289466011,0.011439918606401818
344.2857142857143,22107.407427431233,0.010753062701908803
344.2857142857143,23886.430789846003,0.010107445817531955
344.2857142857143,25808.615404180768,0.009500591950999195
344.2857142857143,27885.481717262915,0.00893017375990552
344.2857142857143,30129.47724726992,0.008394003636133206
344.2857142857143,32554.05118685032,0.007890025316166178
344.2857142857143,35173.7350096938,0.007416305995123506
344.2857142857143,38004.22956365882,0.0069710289142685
344.2857142857143,41062.49917244294,0.006552486393565825
344.2857142857143,44366.873309786155,0.006159073282565861
344.2857142857143,47937.15645558219,0.005789280804499784
344.2857142857143,51794.74679231213,0.005441690769976852
344.2857142857143,55962.76445319552,0.005114970138092973
344.2857142857143,60466.19009070435,0.004807865904091819
344.2857142857143,65332.014595937704,0.004519200293972169
344.2857142857143,70589.40086618738,0.004247866247612407
344.2857142857143,76269.85859023452,0.003992823173089437
344.2857142857143,82407.43309893666,0.0037530929559095433
344.2857142857143,89038.90941296735,0.0035277562078460524
344.2857142857143,96204.0327106476,0.003315948740997908
344.2857142857143,103945.74653722627,0.003116858253546709
344.2857142857143,112310.45018329516,0.002929721214501839
344.2857142857143,121348.27677491431,0.002753819935486362
344.2857142857143,131113.3937421563,0.002588479818333702
344.2857142857143,141664.3274669022,0.0024330667679393903
344.2857142857143,153064.31405563594,0.002286984760445936
344.2857142857143,165381.6783395673,0.0021496735574345095
344.2857142857143,178690.24337358287,0.0020206065573572427
344.2857142857143,193069.77288832495,0.0018992887759701036
344.2857142857143,208606.44934719568,0.001785254948021157
344.2857142857143,225393.39047347888,0.0016780677429139887
344.2857142857143,243531.20734334175,0.001577316087503191
344.2857142857143,263128.6073895945,0.0014826135895896911
344.2857142857143,284303.0459302665,0.0013935970560698292
344.2857142857143,307181.43012686964,0.0013099251000552124
344.2857142857143,331900.87959146773,0.001231276831621464
344.2857142857143,358609.54820118286,0.001157350627164783
344.2857142857143,387467.51204561285,0.0010878629726466839
344.2857142857143,418647.72882899473,0.0010225473762906436
344.2857142857143,452337.0744772105,0.000961153346560742
344.2857142857143,488737.4631624427,0.0009034454315027599
344.2857142857143,528067.0574582637,0.0008492023157634877
344.2857142857143,570561.5758781021,0.0007982159718252635
344.2857142857143,616475.7056337161,0.00075029086220062
344.2857142857143,666084.6290809154,0.0007052431895273838
344.2857142857143,719685.6730011514,0.0006629001916882822
344.2857142857143,777600.0906038043,0.0006230994792517568
344.2857142857143,840174.9869294344,0.0005856884126930235
344.2857142857143,907785.3991937558,0.0005505235170069453
344.2857142857143,980836.5445406671,0.0005174699314677198
344.2857142857143,1.0597662486760707e6,0.00048640089242514296
344.2857142857143,1.1450475699382813e6,0.00045719724715393226
344.2857142857143,1.2371916345321594e6,0.00042974699689167094
344.2857142857143,1.336750699919709e6,0.00040394486731288096
344.2857142857143,1.4443214647272818e6,0.00037969190479195564
344.2857142857143,1.5605486450070748e6,0.0003568950969065732
344.2857142857143,1.6861288382868804e6,0.00033546701572619594
344.2857142857143,1.8218146985669748e6,0.00031532548251762534
344.2857142857143,1.9684194472866112e6,0.0002963932525817287
344.2857142857143,2.126821747296208e6,0.0002785977190126591
344.2857142857143,2.2979709690469606e6,0.0002618706342434504
344.2857142857143,2.48289288056033e6,0.00024614784831009654
344.2857142857143,2.6826957952797273e6,0.0002313690628303266
344.2857142857143,2.898577214651068e6,0.00021747759975356186
344.2857142857143,3.131831005243845e6,0.0002044201839951918
344.2857142857143,3.383855153428233e6,0.00019214673912154796
344.2857142857143,3.6561601440851935e6,0.0001806101953020089
344.2857142857143,3.9503780135666407e6,0.000169766308791715
344.2857142857143,4.268272131163825e6,0.00015957349225259
344.2857142857143,4.611747767708261e6,0.00014999265526193805
344.2857142857143,4.982863514647306e6,0.00014098705439694636
344.2857142857143,5.383843622033489e6,0.00013252215232015802
344.2857142857143,5.817091329374358e6,0.000124565485325492
344.2857142857143,6.285203269240097e6,0.00011708653883683661
344.2857142857143,6.790985029955707e6,0.00011005663038174262
344.2857142857143,7.337467970651373e6,0.00010344879959140789
344.2857142857143,7.927927389450606e6,9.723770480509426e-5
344.2857142857143,8.565902153685499e6,9.139952588244418e-5
344.2857142857143,9.255215909791354e6,8.59118728509717e-5
344.2857142857143,1.0e7,8.075370003838536e-5
347.56302521008405,1000.0,0.12510868854029433
347.56302521008405,1080.4718223181285,0.11759712797908622
347.56302521008405,1167.4193588234587,0.11053656360945366
347.56302521008405,1261.3637220374437,0.10389991749424146
347.56302521008405,1362.867959355774,0.09766173746319463
347.56302521008405,1472.5404276241222,0.09179809950146094
347.56302521008405,1591.0384392721533,0.08628651599871356
347.56302521008405,1719.0722018585745,0.08110584950702354
347.56302521008405,1857.4090746385718,0.07623623167673178
347.56302521008405,2006.8781676649664,0.07165898705943549
347.56302521008405,2168.375310987435,0.06735656148586375
347.56302521008405,2342.8684237322327,0.06331245474396589
347.56302521008405,2531.403315241567,0.05951115729902564
347.56302521008405,2735.109953041208,0.05593809081311776
347.56302521008405,2955.209235202888,0.05257955223579292
347.56302521008405,3193.020307691027,0.04942266125157356
347.56302521008405,3449.9684705497157,0.046455310882716476
347.56302521008405,3727.593720314942,0.043666121057799635
347.56302521008405,4027.5599798502976,0.04104439496806395
347.56302521008405,4351.665070924416,0.03858007804413219
347.56302521008405,4701.851489299852,0.03626371939577742
347.56302521008405,5080.218046913023,0.03408643556685846
347.56302521008405,5489.032450921557,0.032039876466419086
347.56302521008405,5930.744895010559,0.03011619334529341
347.56302521008405,6408.002744415996,0.02830800869540504
347.56302521008405,6923.6664026787275,0.026608387956320596
347.56302521008405,7480.826455225086,0.0250108129205496
347.56302521008405,8082.822192522714,0.0235091567355977
347.56302521008405,8733.261623828437,0.022097660406903447
347.56302521008405,9436.04310147889,0.02077091071154552
347.56302521008405,10195.378685327301,0.019523819438016836
347.56302521008405,11015.819387358995,0.018351603872448642
347.56302521008405,11902.282447787144,0.017249768456447136
347.56302521008405,12860.08080610565,0.01621408754619854
347.56302521008405,13894.954943731389,0.015240589206722483
347.56302521008405,15013.107289081743,0.014325539979122929
347.56302521008405,16221.239391291729,0.01346543056241737
347.56302521008405,17526.592085367585,0.012656962355033326
347.56302521008405,18936.988889503602,0.011897034804356912
347.56302521008405,20460.88289466011,0.011182733515818149
347.56302521008405,22107.407427431233,0.010511319075910044
347.56302521008405,23886.430789846003,0.00988021654627676
347.56302521008405,25808.615404180768,0.009287005588579724
347.56302521008405,27885.481717262915,0.008729411182269352
347.56302521008405,30129.47724726992,0.008205294899664534
347.56302521008405,32554.05118685032,0.007712646704878674
347.56302521008405,35173.7350096938,0.00724957724514056
347.56302521008405,38004.22956365882,0.006814310604946419
347.56302521008405,41062.49917244294,0.006405177495254742
347.56302521008405,44366.873309786155,0.006020608851603762
347.56302521008405,47937.15645558219,0.005659129816599715
347.56302521008405,51794.74679231213,0.00531935408369819
347.56302521008405,55962.76445319552,0.0049999785805864335
347.56302521008405,60466.19009070435,0.00469977847177687
347.56302521008405,65332.014595937704,0.004417602461246283
347.56302521008405,70589.40086618738,0.004152368377105869
347.56302521008405,76269.85859023452,0.003903059021368906
347.56302521008405,82407.43309893666,0.0036687182688995893
347.56302521008405,89038.90941296735,0.0034484474005819646
347.56302521008405,96204.0327106476,0.0032414016566465293
347.56302521008405,103945.74653722627,0.003046786996935994
347.56302521008405,112310.45018329516,0.002863857055685631
347.56302521008405,121348.27677491431,0.0026919102791394347
347.56302521008405,131113.3937421563,0.00253028723502462
347.56302521008405,141664.3274669022,0.002378368083566022
347.56302521008405,153064.31405563594,0.0022355702003414952
347.56302521008405,165381.6783395673,0.0021013459418617276
347.56302521008405,178690.24337358287,0.0019751805453052797
347.56302521008405,193069.77288832495,0.0018565901543541193
347.56302521008405,208606.44934719568,0.0017451199635585208
347.56302521008405,225393.39047347888,0.0016403424741148424
347.56302521008405,243531.20734334175,0.0015418558543668671
347.56302521008405,263128.6073895945,0.0014492823987431213
347.56302521008405,284303.0459302665,0.0013622670792200037
347.56302521008405,307181.43012686964,0.0012804761837554946
347.56302521008405,331900.87959146773,0.0012035960364716691
347.56302521008405,358609.54820118286,0.001131331794677822
347.56302521008405,387467.51204561285,0.0010634063181206464
347.56302521008405,418647.72882899473,0.0009995591061249592
347.56302521008405,452337.0744772105,0.0009395452985487843
347.56302521008405,488737.4631624427,0.000883134736721382
347.56302521008405,528067.0574582637,0.0008301110807628056
347.56302521008405,570561.5758781021,0.0007802709798998551
347.56302521008405,616475.7056337161,0.000733423292596481
347.56302521008405,666084.6290809154,0.0006893883535077802
347.56302521008405,719685.6730011514,0.0006479972844462785
347.56302521008405,777600.0906038043,0.0006090913467179884
347.56302521008405,840174.9869294344,0.000572521332344395
347.56302521008405,907785.3991937558,0.0005381469918356353
347.56302521008405,980836.5445406671,0.0005058364963203426
347.56302521008405,1.0597662486760707e6,0.0004754659319693637
347.56302521008405,1.1450475699382813e6,0.00044691882477441584
347.56302521008405,1.2371916345321594e6,0.00042008569385916587
347.56302521008405,1.336750699919709e6,0.0003948636316096362
347.56302521008405,1.4443214647272818e6,0.0003711559090137026
347.56302521008405,1.5605486450070748e6,0.0003488716046961114
347.56302521008405,1.6861288382868804e6,0.00032792525622634327
347.56302521008405,1.8218146985669748e6,0.0003082365323620488
347.56302521008405,1.9684194472866112e6,0.00028972992497107946
347.56302521008405,2.126821747296208e6,0.0002723344594506044
347.56302521008405,2.2979709690469606e6,0.00025598342253274685
347.56302521008405,2.48289288056033e6,0.0002406141064328439
347.56302521008405,2.6826957952797273e6,0.00022616756835911798
347.56302521008405,2.898577214651068e6,0.00021258840446145217
347.56302521008405,3.131831005243845e6,0.0001998245373523466
347.56302521008405,3.383855153428233e6,0.0001878270163851748
347.56302521008405,3.6561601440851935e6,0.00017654982992378962
347.56302521008405,3.9503780135666407e6,0.00016594972888351364
347.56302521008405,4.268272131163825e6,0.00015598606086677857
347.56302521008405,4.611747767708261e6,0.0001466206142573072
347.56302521008405,4.982863514647306e6,0.00013781747167492312
347.56302521008405,5.383843622033489e6,0.00012954287222897545
347.56302521008405,5.817091329374358e6,0.00012176508204210612
347.56302521008405,6.285203269240097e6,0.00011445427254780653
347.56302521008405,6.790985029955707e6,0.00010758240609502242
347.56302521008405,7.337467970651373e6,0.00010112312842109035
347.56302521008405,7.927927389450606e6,9.50516675806291e-5
347.56302521008405,8.565902153685499e6,8.934473894276908e-5
347.56302521008405,9.255215909791354e6,8.398045589237334e-5
347.56302521008405,1.0e7,7.893824589278366e-5
350.84033613445376,1000.0,0.12232217432685355
350.84033613445376,1080.4718223181285,0.11497791685636714
350.84033613445376,1167.4193588234587,0.10807461065321726
350.84033613445376,1261.3637220374437,0.10158578088030214
350.84033613445376,1362.867959355774,0.09548654225712498
350.84033613445376,1472.5404276241222,0.08975350362237226
350.84033613445376,1591.0384392721533,0.0843646782265811
350.84033613445376,1719.0722018585745,0.07929939941086003
350.84033613445376,1857.4090746385718,0.07453824134828266
350.84033613445376,2006.8781676649664,0.07006294454399041
350.84033613445376,2168.375310987435,0.06585634580828989
350.84033613445376,2342.8684237322327,0.061902312434184883
350.84033613445376,2531.403315241567,0.05818568032690765
350.84033613445376,2735.109953041208,0.054692195848170644
350.84033613445376,2955.209235202888,0.051408461152105324
350.84033613445376,3193.020307691027,0.04832188280324684
350.84033613445376,3449.9684705497157,0.045420623479508634
350.84033613445376,3727.593720314942,0.04269355657492448
350.84033613445376,4027.5599798502976,0.04013022352805444
350.84033613445376,4351.665070924416,0.03772079371240486
350.84033613445376,4701.851489299852,0.03545602673503936
350.84033613445376,5080.218046913023,0.03332723699879106
350.84033613445376,5489.032450921557,0.03132626039217012
350.84033613445376,5930.744895010559,0.029445422979217994
350.84033613445376,6408.002744415996,0.027677511569231882
350.84033613445376,6923.6664026787275,0.026015746053491003
350.84033613445376,7480.826455225086,0.024453753402893696
350.84033613445376,8082.822192522714,0.02298554322678332
350.84033613445376,8733.261623828437,0.021605484799229396
350.84033613445376,9436.04310147889,0.02030828546465719
350.84033613445376,10195.378685327301,0.019088970340009042
350.84033613445376,11015.819387358995,0.017942863235593975
350.84033613445376,11902.282447787144,0.016865568721454546
350.84033613445376,12860.08080610565,0.015852955270474114
350.84033613445376,13894.954943731389,0.0149011394135767
350.84033613445376,15013.107289081743,0.01400647084625305
350.84033613445376,16221.239391291729,0.013165518429294889
350.84033613445376,17526.592085367585,0.012375057030049237
350.84033613445376,18936.988889503602,0.011632055153727274
350.84033613445376,20460.88289466011,0.010933663317333002
350.84033613445376,22107.407427431233,0.010277203121624416
350.84033613445376,23886.430789846003,0.00966015697919717
350.84033613445376,25808.615404180768,0.009080158459297041
350.84033613445376,27885.481717262915,0.008534983212332417
350.84033613445376,30129.47724726992,0.00802254043928168
350.84033613445376,32554.05118685032,0.00754086487327975
350.84033613445376,35173.7350096938,0.007088109242632368
350.84033613445376,38004.22956365882,0.006662537186353131
350.84033613445376,41062.49917244294,0.006262516595053639
350.84033613445376,44366.873309786155,0.005886513351648474
350.84033613445376,47937.15645558219,0.0055330854478700215
350.84033613445376,51794.74679231213,0.0052008774540293
350.84033613445376,55962.76445319552,0.004888615320813984
350.84033613445376,60466.19009070435,0.00459510149318788
350.84033613445376,65332.014595937704,0.004319210317653243
350.84033613445376,70589.40086618738,0.004059883725262358
350.84033613445376,76269.85859023452,0.0038161271738222867
350.84033613445376,82407.43309893666,0.00358700583373082
350.84033613445376,89038.90941296735,0.0033716410028158377
350.84033613445376,96204.0327106476,0.003169206736428763
350.84033613445376,103945.74653722627,0.0029789266798681342
350.84033613445376,112310.45018329516,0.0028000710909853424
350.84033613445376,121348.27677491431,0.002631954041553957
350.84033613445376,131113.3937421563,0.0024739307866696136
350.84033613445376,141664.3274669022,0.002325395292091862
350.84033613445376,153064.31405563594,0.0021857779100451285
350.84033613445376,165381.6783395673,0.002054543194565181
350.84033613445376,178690.24337358287,0.0019311878480128615
350.84033613445376,193069.77288832495,0.0018152387908796656
350.84033613445376,208606.44934719568,0.0017062513474827565
350.84033613445376,225393.39047347888,0.0016038075405913458
350.84033613445376,243531.20734334175,0.0015075144884441778
350.84033613445376,263128.6073895945,0.001417002898010552
350.84033613445376,284303.0459302665,0.0013319256487163476
350.84033613445376,307181.43012686964,0.0012519564612035483
350.84033613445376,331900.87959146773,0.0011767886460178154
350.84033613445376,358609.54820118286,0.001106133927425206
350.84033613445376,387467.51204561285,0.001039721337847262
350.84033613445376,418647.72882899473,0.0009772961786745269
350.84033613445376,452337.0744772105,0.0009186190434731076
350.84033613445376,488737.4631624427,0.0008634648998381921
350.84033613445376,528067.0574582637,0.0008116222263733262
350.84033613445376,570561.5758781021,0.0007628922014857086
350.84033613445376,616475.7056337161,0.0007170879408864326
350.84033613445376,666084.6290809154,0.0006740337808714346
350.84033613445376,719685.6730011514,0.0006335646046344443
350.84033613445376,777600.0906038043,0.0005955252090283043
350.84033613445376,840174.9869294344,0.0005597697093461103
350.84033613445376,907785.3991937558,0.0005261609798394548
350.84033613445376,980836.5445406671,0.0004945701278281197
350.84033613445376,1.0597662486760707e6,0.0004648759993843639
350.84033613445376,1.1450475699382813e6,0.00043696471469606565
350.84033613445376,1.2371916345321594e6,0.000410729231326792
350.84033613445376,1.336750699919709e6,0.00038606893369785454
350.84033613445376,1.4443214647272818e6,0.0003628892472179786
350.84033613445376,1.5605486450070748e6,0.0003411012755807318
350.84033613445376,1.6861288382868804e6,0.00032062145983871983
350.84033613445376,1.8218146985669748e6,0.0003013712579470597
350.84033613445376,1.9684194472866112e6,0.0002832768435471541
350.84033613445376,2.126821747296208e6,0.00026626882283557106
350.84033613445376,2.2979709690469606e6,0.00025028196843219526
350.84033613445376,2.48289288056033e6,0.0002352549692270093
350.84033613445376,2.6826957952797273e6,0.00022113019524614642
350.84033613445376,2.898577214651068e6,0.00020785347663544642
350.84033613445376,3.131831005243845e6,0.00019537389591390485
350.84033613445376,3.383855153428233e6,0.00018364359270028112
350.84033613445376,3.6561601440851935e6,0.00017261758016397585
350.84033613445376,3.9503780135666407e6,0.00016225357249624876
350.84033613445376,4.268272131163825e6,0.00015251182274011226
350.84033613445376,4.611747767708261e6,0.00014335497035696527
350.84033613445376,4.982863514647306e6,0.00013474789794536601
350.84033613445376,5.383843622033489e6,0.00012665759656245196
350.84033613445376,5.817091329374358e6,0.00011905303913149863
350.84033613445376,6.285203269240097e6,0.00011190506145012357
350.84033613445376,6.790985029955707e6,0.00010518625034279115
350.84033613445376,7.337467970651373e6,9.887083852867246e-5
350.84033613445376,7.927927389450606e6,9.293460580166749e-5
350.84033613445376,8.565902153685499e6,8.73547861436076e-5
350.84033613445376,9.255215909791354e6,8.210998041440555e-5
350.84033613445376,1.0e7,7.718007428431476e-5
354.11764705882354,1000.0,0.1196227738504333
354.11764705882354,1080.4718223181285,0.11244058913759596
354.11764705882354,1167.4193588234587,0.10568962479851292
354.11764705882354,1261.3637220374437,0.09934399024164761
354.11764705882354,1362.867959355774,0.09337934935380184
354.11764705882354,1472.5404276241222,0.08777282716880282
354.11764705882354,1591.0384392721533,0.08250292213982816
354.11764705882354,1719.0722018585745,0.07754942367892503
354.11764705882354,1857.4090746385718,0.07289333464747927
354.11764705882354,2006.8781676649664,0.06851679850037866
354.11764705882354,2168.375310987435,0.06440303080446096
354.11764705882354,2342.8684237322327,0.060536254868613394
354.11764705882354,2531.403315241567,0.05690164123865864
354.11764705882354,2735.109953041208,0.05348525082498516
354.11764705882354,2955.209235202888,0.05027398144481027
354.11764705882354,3193.020307691027,0.04725551757406067
354.11764705882354,3449.9684705497157,0.04441828311616396
354.11764705882354,3727.593720314942,0.041751397006615336
354.11764705882354,4027.5599798502976,0.039244631483058394
354.11764705882354,4351.665070924416,0.03688837286084173
354.11764705882354,4701.851489299852,0.03467358466362236
354.11764705882354,5080.218046913023,0.03259177296761779
354.11764705882354,5489.032450921557,0.03063495382659899
354.11764705882354,5930.744895010559,0.028795622652695776
354.11764705882354,6408.002744415996,0.027066725435587177
354.11764705882354,6923.6664026787275,0.02544163168969978
354.11764705882354,7480.826455225086,0.023914109025663707
354.11764705882354,8082.822192522714,0.02247829924850541
354.11764705882354,8733.261623828437,0.021128695890911847
354.11764705882354,9436.04310147889,0.019860123095403595
354.11764705882354,10195.378685327301,0.01866771576442814
354.11764705882354,11015.819387358995,0.017546900902247253
354.11764705882354,11902.282447787144,0.016493380077062546
354.11764705882354,12860.08080610565,0.015503112936119926
354.11764705882354,13894.954943731389,0.014572301710571754
354.11764705882354,15013.107289081743,0.013697376650671517
354.11764705882354,16221.239391291729,0.0128749823354433
354.11764705882354,17526.592085367585,0.012101964804322598
354.11764705882354,18936.988889503602,0.011375359461417095
354.11764705882354,20460.88289466011,0.010692379705998867
354.11764705882354,22107.407427431233,0.01005040624562505
354.11764705882354,23886.430789846003,0.009446977050901745
354.11764705882354,25808.615404180768,0.00887977791336673
354.11764705882354,27885.481717262915,0.008346633570279403
354.11764705882354,30129.47724726992,0.007845499362280947
354.11764705882354,32554.05118685032,0.007374453391930834
354.11764705882354,35173.7350096938,0.006931689153047025
354.11764705882354,38004.22956365882,0.006515508602582602
354.11764705882354,41062.49917244294,0.0061243156484688775
354.11764705882354,44366.873309786155,0.005756610028450224
354.11764705882354,47937.15645558219,0.005410981556435389
354.11764705882354,51794.74679231213,0.00508610471429941
354.11764705882354,55962.76445319552,0.004780733568395334
354.11764705882354,60466.19009070435,0.004493696991279939
354.11764705882354,65332.014595937704,0.004223894170328408
354.11764705882354,70589.40086618738,0.003970290386013008
354.11764705882354,76269.85859023452,0.003731913043655089
354.11764705882354,82407.43309893666,0.003507847943431862
354.11764705882354,89038.90941296735,0.0032972357743329007
354.11764705882354,96204.0327106476,0.0030992688186205777
354.11764705882354,103945.74653722627,0.0029131878541555525
354.11764705882354,112310.45018329516,0.002738279242707536
354.11764705882354,121348.27677491431,0.0025738721930846625
354.11764705882354,131113.3937421563,0.002419336188585359
354.11764705882354,141664.3274669022,0.002274078568906701
354.11764705882354,153064.31405563594,0.0021375422572356985
354.11764705882354,165381.6783395673,0.002009203623806605
354.11764705882354,178690.24337358287,0.0018885704777308928
354.11764705882354,193069.77288832495,0.0017751801793982854
354.11764705882354,208606.44934719568,0.0016685978662097662
354.11764705882354,225393.39047347888,0.0015684147848380801
354.11764705882354,243531.20734334175,0.001474246723619764
354.11764705882354,263128.6073895945,0.0013857325390668196
354.11764705882354,284303.0459302665,0.0013025327708470077
354.11764705882354,307181.43012686964,0.0012243283399211392
354.11764705882354,331900.87959146773,0.0011508193248445484
354.11764705882354,358609.54820118286,0.001081723811539777
354.11764705882354,387467.51204561285,0.001016776812129221
354.11764705882354,418647.72882899473,0.0009557292486813723
354.11764705882354,452337.0744772105,0.0008983469979732129
354.11764705882354,488737.4631624427,0.0008444099936053518
354.11764705882354,528067.0574582637,0.0007937113820264039
354.11764705882354,570561.5758781021,0.000746056729229917
354.11764705882354,616475.7056337161,0.0007012632750814275
354.11764705882354,666084.6290809154,0.0006591592324159278
354.11764705882354,719685.6730011514,0.0006195831282177211
354.11764705882354,777600.0906038043,0.0005823831843560177
354.11764705882354,840174.9869294344,0.0005474167355013445
354.11764705882354,907785.3991937558,0.000514549681990406
354.11764705882354,980836.5445406671,0.0004836559755411015
354.11764705882354,1.0597662486760707e6,0.0004546171358453513
354.11764705882354,1.1450475699382813e6,0.0004273217961858241
354.11764705882354,1.2371916345321594e6,0.0004016652763339658
354.11764705882354,1.336750699919709e6,0.00037754918109134556
354.11764705882354,1.4443214647272818e6,0.00035488102293469774
354.11764705882354,1.5605486450070748e6,0.0003335738673174531
354.11764705882354,1.6861288382868804e6,0.0003135459992674701
354.11764705882354,1.8218146985669748e6,0.0002947206100023307
354.11764705882354,1.9684194472866112e6,0.00027702550236034085
354.11764705882354,2.126821747296208e6,0.00026039281391753463
354.11764705882354,2.2979709690469606e6,0.0002447587567288128
354.11764705882354,2.48289288056033e6,0.00023006337269509407
354.11764705882354,2.6826957952797273e6,0.00021625030361829375
354.11764705882354,2.898577214651068e6,0.00020326657506226085
354.11764705882354,3.131831005243845e6,0.00019106239319076945
354.11764705882354,3.383855153428233e6,0.00017959095380341164
354.11764705882354,3.6561601440851935e6,0.00016880826283702854
354.11764705882354,3.9503780135666407e6,0.00015867296764428686
354.11764705882354,4.268272131163825e6,0.0001491461984023343
354.11764705882354,4.611747767708261e6,0.00014019141904332704
354.11764705882354,4.982863514647306e6,0.00013177428713512636
354.11764705882354,5.383843622033489e6,0.0001238625221747997
354.11764705882354,5.817091329374358e6,0.00011642578178981574
354.11764705882354,6.285203269240097e6,0.00010943554537215453
354.11764705882354,6.790985029955707e6,0.00010286500469905793
354.11764705882354,7.337467970651373e6,9.66889611209409e-5
354.11764705882354,7.927927389450606e6,9.088372892216883e-5
354.11764705882354,8.565902153685499e6,8.542704448408188e-5
354.11764705882354,9.255215909791354e6,8.029798090189489e-5
354.11764705882354,1.0e7,7.547686772802406e-5
357.39495798319325,1000.0,0.11700699485128244
357.39495798319325,1080.4718223181285,0.10998186223927126
357.39495798319325,1167.4193588234587,0.10337852054906825
357.39495798319325,1261.3637220374437,0.09717164533606246
357.39495798319325,1362.867959355774,0.0913374326423615
357.39495798319325,1472.5404276241222,0.0858535077063456
357.39495798319325,1591.0384392721533,0.08069883915332447
357.39495798319325,1719.0722018585745,0.07585365833821142
357.39495798319325,1857.4090746385718,0.0712993835308854
357.39495798319325,2006.8781676649664,0.06701854865348554
357.39495798319325,2168.375310987435,0.06299473629633819
357.39495798319325,2342.8684237322327,0.05921251475562661
357.39495798319325,2531.403315241567,0.05565737885133595
357.39495798319325,2735.109953041208,0.05231569429850602
357.39495798319325,2955.209235202888,0.04917464541844911
357.39495798319325,3193.020307691027,0.04622218598940115
357.39495798319325,3449.9684705497157,0.04344699304811326
357.39495798319325,3727.593720314942,0.04083842346520869
357.39495798319325,4027.5599798502976,0.03838647312776767
357.39495798319325,4351.665070924416,0.03608173857260089
357.39495798319325,4701.851489299852,0.033915380923072204
357.39495798319325,5080.218046913023,0.0318790919911644
357.39495798319325,5489.032450921557,0.02996506241478666
357.39495798319325,5930.744895010559,0.02816595170812652
357.39495798319325,6408.002744415996,0.026474860110187553
357.39495798319325,6923.6664026787275,0.02488530212354829
357.39495798319325,7480.826455225086,0.023391181641861783
357.39495798319325,8082.822192522714,0.02198676857070666
357.39495798319325,8733.261623828437,0.02066667685212919
357.39495798319325,9436.04310147889,0.0194258438085977
357.39495798319325,10195.378685327301,0.018259510727151856
357.39495798319325,11015.819387358995,0.017163204609284943
357.39495798319325,11902.282447787144,0.016132721016568465
357.39495798319325,12860.08080610565,0.01516410794623003
357.39495798319325,13894.954943731389,0.0142536506748462
357.39495798319325,15013.107289081743,0.013397857512024191
357.39495798319325,16221.239391291729,0.012593446409436434
357.39495798319325,17526.592085367585,0.01183733237385254
357.39495798319325,18936.988889503602,0.011126615635896288
357.39495798319325,20460.88289466011,0.010458570529153749
357.39495798319325,22107.407427431233,0.00983063503698286
357.39495798319325,23886.430789846003,0.009240400966935442
357.39495798319325,25808.615404180768,0.00868560471510976
357.39495798319325,27885.481717262915,0.008164118585013782
357.39495798319325,30129.47724726992,0.007673942627646405
357.39495798319325,32554.05118685032,0.007213196971502493
357.39495798319325,35173.7350096938,0.006780114613086494
357.39495798319325,38004.22956365882,0.006373034640285656
357.39495798319325,41062.49917244294,0.005990395862613833
357.39495798319325,44366.873309786155,0.005630730823897177
357.39495798319325,47937.15645558219,0.0052926601744399055
357.39495798319325,51794.74679231213,0.004974887381086748
357.39495798319325,55962.76445319552,0.00467619375489477
357.39495798319325,60466.19009070435,0.004395433777345154
357.39495798319325,65332.014595937704,0.004131530707170504
357.39495798319325,70589.40086618738,0.003883472450949498
357.39495798319325,76269.85859023452,0.0036503076816321706
357.39495798319325,82407.43309893666,0.0034311421901100374
357.39495798319325,89038.90941296735,0.0032251354558389253
357.39495798319325,96204.0327106476,0.00303149742336262
357.39495798319325,103945.74653722627,0.002849485472374896
357.39495798319325,112310.45018329516,0.002678401569699878
357.39495798319325,121348.27677491431,0.0025175895922683053
357.39495798319325,131113.3937421563,0.0023664328108230284
357.39495798319325,141664.3274669022,0.0022243515247035404
357.39495798319325,153064.31405563594,0.0020908008386387195
357.39495798319325,165381.6783395673,0.0019652685730215235
357.39495798319325,178690.24337358287,0.0018472732996513955
357.39495798319325,193069.77288832495,0.0017363624954112478
357.39495798319325,208606.44934719568,0.0016321108067981801
357.39495798319325,225393.39047347888,0.001534118418652267
357.39495798319325,243531.20734334175,0.0014420095208273161
357.39495798319325,263128.6073895945,0.0013554308669231595
357.39495798319325,284303.0459302665,0.0012740504195520323
357.39495798319325,307181.43012686964,0.0011975560769435629
357.39495798319325,331900.87959146773,0.0011256544760047346
357.39495798319325,358609.54820118286,0.0010580698672444785
357.39495798319325,387467.51204561285,0.0009945430572480926
357.39495798319325,418647.72882899473,0.0009348304146458001
357.39495798319325,452337.0744772105,0.0008787029357632303
357.39495798319325,488737.4631624427,0.00082594536637051
357.39495798319325,528067.0574582637,0.0007763553761617717
357.39495798319325,570561.5758781021,0.0007297427827991577
357.39495798319325,616475.7056337161,0.0006859288225454308
357.39495798319325,666084.6290809154,0.000644745464688005
357.39495798319325,719685.6730011514,0.0006060347671251541
357.39495798319325,777600.0906038043,0.000569648270643
357.39495798319325,840174.9869294344,0.0005354464295602825
357.39495798319325,907785.3991937558,0.0005032980765573708
357.39495798319325,980836.5445406671,0.0004730799196370972
357.39495798319325,1.0597662486760707e6,0.00044467606928819847
357.39495798319325,1.1450475699382813e6,0.0004179775940379966
357.39495798319325,1.2371916345321594e6,0.00039288210268982165
357.39495798319325,1.336750699919709e6,0.0003692933516430153
357.39495798319325,1.4443214647272818e6,0.0003471208757895529
357.39495798319325,1.5605486450070748e6,0.0003262796415717309
357.39495798319325,1.6861288382868804e6,0.00030668972087037236
357.39495798319325,1.8218146985669748e6,0.0002882759844728732
357.39495798319325,1.9684194472866112e6,0.00027096781394551244
357.39495798319325,2.126821747296208e6,0.0002546988308050302
357.39495798319325,2.2979709690469606e6,0.00023940664195081895
357.39495798319325,2.48289288056033e6,0.00022503260038143677
357.39495798319325,2.6826957952797273e6,0.00021152158027777006
357.39495798319325,2.898577214651068e6,0.0001988217655902619
357.39495798319325,3.131831005243845e6,0.00018688445131942637
357.39495798319325,3.383855153428233e6,0.00017566385672753364
357.39495798319325,3.6561601440851935e6,0.00016511694976511859
357.39495798319325,3.9503780135666407e6,0.00015520328203897044
357.39495798319325,4.268272131163825e6,0.00014588483368869028
357.39495798319325,4.611747767708261e6,0.00013712586757690478
357.39495798319325,4.982863514647306e6,0.00012889279223393703
357.39495798319325,5.383843622033489e6,0.00012115403303132098
357.39495798319325,5.817091329374358e6,0.00011387991109009174
357.39495798319325,6.285203269240097e6,0.0001070425294594569
357.39495798319325,6.790985029955707e6,0.00010061566612933222
357.39495798319325,7.337467970651373e6,9.45746734664337e-5
357.39495798319325,7.927927389450606e6,8.889638368825562e-5
357.39495798319325,8.565902153685499e6,8.355902001241747e-5
357.39495798319325,9.255215909791354e6,7.854211314062716e-5
357.39495798319325,1.0e7,7.382642275697277e-5
360.672268907563,1000.0,0.11447151533427853
360.672268907563,1080.4718223181285,0.10759861361978444
360.672268907563,1167.4193588234587,0.1011383628415442
360.672268907563,1261.3637220374437,0.09506598732222908
360.672268907563,1362.867959355774,0.0893581989230887
360.672268907563,1472.5404276241222,0.08399310773171968
360.672268907563,1591.0384392721533,0.0789501381121661
360.672268907563,1719.0722018585745,0.07420994979539484
360.672268907563,1857.4090746385718,0.06975436370752065
360.672268907563,2006.8781676649664,0.0655662922513258
360.672268907563,2168.375310987435,0.061629673773696374
360.672268907563,2342.8684237322327,0.057929410967652174
360.672268907563,2531.403315241567,0.05445131297273568
360.672268907563,2735.109953041208,0.051182040951709994
360.672268907563,2955.209235202888,0.048109056934847065
360.672268907563,3193.020307691027,0.045220575735619065
360.672268907563,3449.9684705497157,0.042505519753384874
360.672268907563,3727.593720314942,0.039953476489736184
360.672268907563,4027.5599798502976,0.03755465861557392
360.672268907563,4351.665070924416,0.0352998664357684
360.672268907563,4701.851489299852,0.033180452607452005
360.672268907563,5080.218046913023,0.031188288976635097
360.672268907563,5489.032450921557,0.029315735405961215
360.672268907563,5930.744895010559,0.02755561047405207
360.672268907563,6408.002744415996,0.02590116393407225
360.672268907563,6923.6664026787275,0.024346050825889497
360.672268907563,7480.826455225086,0.022884307142547966
360.672268907563,8082.822192522714,0.021510326957733118
360.672268907563,8733.261623828437,0.02021884092651026
360.672268907563,9436.04310147889,0.019004896076884575
360.672268907563,10195.378685327301,0.017863836814681483
360.672268907563,11015.819387358995,0.016791287068899433
360.672268907563,11902.282447787144,0.015783133509060573
360.672268907563,12860.08080610565,0.014835509770196447
360.672268907563,13894.954943731389,0.013944781624969853
360.672268907563,15013.107289081743,0.013107533046066827
360.672268907563,16221.239391291729,0.012320553105406222
360.672268907563,17526.592085367585,0.011580823659924641
360.672268907563,18936.988889503602,0.010885507776710202
360.672268907563,20460.88289466011,0.010231938853094433
360.672268907563,22107.407427431233,0.009617610389976997
360.672268907563,23886.430789846003,0.009040166379162747
360.672268907563,25808.615404180768,0.008497392267845872
360.672268907563,27885.481717262915,0.007987206465588755
360.672268907563,30129.47724726992,0.0075076523612243795
360.672268907563,32554.05118685032,0.00705689081906601
360.672268907563,35173.7350096938,0.006633193125646622
360.672268907563,38004.22956365882,0.006234934359937983
360.672268907563,41062.49917244294,0.005860587161623716
360.672268907563,44366.873309786155,0.005508715873526905
360.672268907563,47937.15645558219,0.005177971035728062
360.672268907563,51794.74679231213,0.004867084210257696
360.672268907563,55962.76445319552,0.00457486311651587
360.672268907563,60466.19009070435,0.0043001870587624684
360.672268907563,65332.014595937704,0.004042002628142254
360.672268907563,70589.40086618738,0.003799319662761524
360.672268907563,76269.85859023452,0.00357120745032289
360.672268907563,82407.43309893666,0.003356791158754953
360.672268907563,89038.90941296735,0.003155248481147916
360.672268907563,96204.0327106476,0.002965806482128248
360.672268907563,103945.74653722627,0.0027877386335778682
360.672268907563,112310.45018329516,0.0026203620283295806
360.672268907563,121348.27677491431,0.002463034761153023
360.672268907563,131113.3937421563,0.0023151534669869273
360.672268907563,141664.3274669022,0.0021761510069766257
360.672268907563,153064.31405563594,0.0020454942934425035
360.672268907563,165381.6783395673,0.0019226822454379373
360.672268907563,178690.24337358287,0.0018072438670561264
360.672268907563,193069.77288832495,0.001698736441115907
360.672268907563,208606.44934719568,0.001596743831299175
360.672268907563,225393.39047347888,0.001500874886228456
360.672268907563,243531.20734334175,0.0014107619393640934
360.672268907563,263128.6073895945,0.0013260593989680464
360.672268907563,284303.0459302665,0.001246442422726627
360.672268907563,307181.43012686964,0.0011716056719492864
360.672268907563,331900.87959146773,0.0011012621405656323
360.672268907563,358609.54820118286,0.0010351420544298068
360.672268907563,387467.51204561285,0.0009729918367109268
360.672268907563,418647.72882899473,0.0009145731354017744
360.672268907563,452337.0744772105,0.0008596619092161371
360.672268907563,488737.4631624427,0.0008080475683691304
360.672268907563,528067.0574582637,0.000759532166945297
360.672268907563,570561.5758781021,0.0007139296437571678
360.672268907563,616475.7056337161,0.0006710651087828727
360.672268907563,666084.6290809154,0.0006307741724462428
360.672268907563,719685.6730011514,0.0005929023151671229
360.672268907563,777600.0906038043,0.0005573042947640554
360.672268907563,840174.9869294344,0.000523843589436677
360.672268907563,907785.3991937558,0.0004923918741916008
360.672268907563,980836.5445406671,0.0004628285287038436
360.672268907563,1.0597662486760707e6,0.0004350401747263813
360.672268907563,1.1450475699382813e6,0.0004089202412737716
360.672268907563,1.2371916345321594e6,0.0003843685559122672
360.672268907563,1.336750699919709e6,0.00036129096058898743
360.672268907563,1.4443214647272818e6,0.0003395989505268152
360.672268907563,1.5605486450070748e6,0.00031920933480014007
360.672268907563,1.6861288382868804e6,0.00030004391728973316
360.672268907563,1.8218146985669748e6,0.00028202919679317826
360.672268907563,1.9684194472866112e6,0.0002650960851407568
360.672268907563,2.126821747296208e6,0.0002491796422357332
360.672268907563,2.2979709690469606e6,0.00023421882700289627
360.672268907563,2.48289288056033e6,0.00022015626329021873
360.672268907563,2.6826957952797273e6,0.0002069380198258479
360.672268907563,2.898577214651068e6,0.00019451340338653728
360.672268907563,3.131831005243845e6,0.00018283476438430611
360.672268907563,3.383855153428233e6,0.0001718573141257288
360.672268907563,3.6561601440851935e6,0.00016153895304302744
360.672268907563,3.9503780135666407e6,0.00015184010923821812
360.672268907563,4.268272131163825e6,0.00014272358672111086
360.672268907563,4.611747767708261e6,0.00013415442275914374
360.672268907563,4.982863514647306e6,0.0001260997537919707
360.672268907563,5.383843622033489e6,0.00011852868939657706
360.672268907563,5.817091329374358e6,0.00011141219381956315
360.672268907563,6.285203269240097e6,0.00010472297462226366
360.672268907563,6.790985029955707e6,9.843537801164429e-5
360.672268907563,7.337467970651373e6,9.25252904555611e-5
360.672268907563,7.927927389450606e6,8.697004620506694e-5
360.672268907563,8.565902153685499e6,8.174834036910477e-5
360.672268907563,9.255215909791354e6,7.684014720821963e-5
360.672268907563,1.0e7,7.222664333394007e-5
363.9495798319328,1000.0,0.11201317381856066
363.9495798319328,1080.4718223181285,0.1052878716144675
363.9495798319328,1167.4193588234587,0.09896635843084822
363.9495798319328,1261.3637220374437,0.0930243906622698
363.9495798319328,1362.867959355774,0.08743918029613233
363.9495798319328,1472.5404276241222,0.08218930751846944
363.9495798319328,1591.0384392721533,0.07725463856692091
363.9495798319328,1719.0722018585745,0.0726162485158353
363.9495798319328,1857.4090746385718,0.06825634869737664
363.9495798319328,2006.8781676649664,0.06415821848028823
363.9495798319328,2168.375310987435,0.06030614114467859
363.9495798319328,2342.8684237322327,0.05668534360690312
363.9495798319328,2531.403315241567,0.05328193976338027
363.9495798319328,2735.109953041208,0.050082877236061314
363.9495798319328,2955.209235202888,0.047075887315316804
363.9495798319328,3193.020307691027,0.04424943790826607
363.9495798319328,3449.9684705497157,0.041592689312101964
363.9495798319328,3727.593720314942,0.039095452642797866
363.9495798319328,4027.5599798502976,0.03674815075976649
363.9495798319328,4351.665070924416,0.03454178153661308
363.9495798319328,4701.851489299852,0.03246788333712294
363.9495798319328,5080.218046913023,0.030518502564080216
363.9495798319328,5489.032450921557,0.028686163156464727
363.9495798319328,5930.744895010559,0.026963837918045488
363.9495798319328,6408.002744415996,0.02534492156741356
363.9495798319328,6923.6664026787275,0.023823205406098506
363.9495798319328,7480.826455225086,0.022392853507618056
363.9495798319328,8082.822192522714,0.02104838033614397
363.9495798319328,8733.261623828437,0.019784629708949383
363.9495798319328,9436.04310147889,0.01859675502195683
363.9495798319328,10195.378685327301,0.01748020066254967
363.9495798319328,11015.819387358995,0.016430684538363594
363.9495798319328,11902.282447787144,0.015444181655054472
363.9495798319328,12860.08080610565,0.0145169086800614
363.9495798319328,13894.954943731389,0.013645309433165843
363.9495798319328,15013.107289081743,0.012826041248201712
363.9495798319328,16221.239391291729,0.01205596215361197
363.9495798319328,17526.592085367585,0.011332118822688373
363.9495798319328,18936.988889503602,0.010651735247282145
363.9495798319328,20460.88289466011,0.010012202091548161
363.9495798319328,22107.407427431233,0.00941106668489336
363.9495798319328,23886.430789846003,0.008846023615751299
363.9495798319328,25808.615404180768,0.008314905890109154
363.9495798319328,27885.481717262915,0.007815676620879107
363.9495798319328,30129.47724726992,0.007346421216242335
363.9495798319328,32554.05118685032,0.006905340037006927
363.9495798319328,35173.7350096938,0.006490741494820093
363.9495798319328,38004.22956365882,0.006101035564765647
363.9495798319328,41062.49917244294,0.005734727687466931
363.9495798319328,44366.873309786155,0.005390413037309185
363.9495798319328,47937.15645558219,0.005066771134799493
363.9495798319328,51794.74679231213,0.0047625607824020285
363.9495798319328,55962.76445319552,0.004476615304427289
363.9495798319328,60466.19009070435,0.004207838072719624
363.9495798319328,65332.014595937704,0.003955198300983782
363.9495798319328,70589.40086618738,0.0037177270916212263
363.9495798319328,76269.85859023452,0.0034945137199155233
363.9495798319328,82407.43309893666,0.0032847021413162985
363.9495798319328,89038.90941296735,0.0030874877084267655
363.9495798319328,96204.0327106476,0.0029021140851043237
363.9495798319328,103945.74653722627,0.002727870345839363
363.9495798319328,112310.45018329516,0.0025640882492881985
363.9495798319328,121348.27677491431,0.0024101396755038364
363.9495798319328,131113.3937421563,0.0022654342170361245
363.9495798319328,141664.3274669022,0.002129416914662921
363.9495798319328,153064.31405563594,0.002001566129068603
363.9495798319328,165381.6783395673,0.0018813915403075724
363.9495798319328,178690.24337358287,0.0017684322673805512
363.9495798319328,193069.77288832495,0.0016622551007120252
363.9495798319328,208606.44934719568,0.001562452840750248
363.9495798319328,225393.39047347888,0.0014686427363181551
363.9495798319328,243531.20734334175,0.0013804650167261272
363.9495798319328,263128.6073895945,0.0012975815120171174
363.9495798319328,284303.0459302665,0.0012196743560526355
363.9495798319328,307181.43012686964,0.0011464447674658202
363.9495798319328,331900.87959146773,0.0010776119038064258
363.9495798319328,358609.54820118286,0.001012911784483269
363.9495798319328,387467.51204561285,0.0009520962783735002
363.9495798319328,418647.72882899473,0.0008949321522161073
363.9495798319328,452337.0744772105,0.0008412001761401318
363.9495798319328,488737.4631624427,0.0007906942828972303
363.9495798319328,528067.0574582637,0.0007432207775741317
363.9495798319328,570561.5758781021,0.0006985975947541935
363.9495798319328,616475.7056337161,0.0006566536002791788
363.9495798319328,666084.6290809154,0.0006172279349334524
363.9495798319328,719685.6730011514,0.0005801693975335594
363.9495798319328,777600.0906038043,0.0005453358650572801
363.9495798319328,840174.9869294344,0.0005125937475882984
363.9495798319328,907785.3991937558,0.00048181747598613847
363.9495798319328,980836.5445406671,0.0004528890203165497
363.9495798319328,1.0597662486760707e6,0.0004256974371954598
363.9495798319328,1.1450475699382813e6,0.000400138444310526
363.9495798319328,1.2371916345321594e6,0.00037611402048853034
363.9495798319328,1.336750699919709e6,0.00035353202977483813
363.9495798319328,1.4443214647272818e6,0.0003323058680832364
363.9495798319328,1.5605486450070748e6,0.0003123541310610062
363.9495798319328,1.6861288382868804e6,0.00029360030189547556
363.9495798319328,1.8218146985669748e6,0.0002759724578647506
363.9495798319328,1.9684194472866112e6,0.00025940299450722467
363.9495798319328,2.126821747296208e6,0.00024382836635202532
363.9495798319328,2.2979709690469606e6,0.00022918884321607795
363.9495798319328,2.48289288056033e6,0.00021542828113316255
363.9495798319328,2.6826957952797273e6,0.00020249390703645442
363.9495798319328,2.898577214651068e6,0.00019033611636878162
363.9495798319328,3.131831005243845e6,0.0001789082828444235
363.9495798319328,3.383855153428233e6,0.00016816657963286116
363.9495798319328,3.6561601440851935e6,0.0001580698112787063
363.9495798319328,3.9503780135666407e6,0.0001485792557132044
363.9495798319328,4.268272131163825e6,0.0001396585157514109
363.9495798319328,4.611747767708261e6,0.00013127337950551943
363.9495798319328,4.982863514647306e6,0.00012339168917901126
363.9495798319328,5.383843622033489e6,0.00011598321773844153
363.9495798319328,5.817091329374358e6,0.00010901955298988577
363.9495798319328,6.285203269240097e6,0.00010247398861546891
363.9495798319328,6.790985029955707e6,9.632142175209134e-5
363.9495798319328,7.337467970651373e6,9.053825671955664e-5
363.9495798319328,7.927927389450606e6,8.510231452888991e-5
363.9495798319328,8.565902153685499e6,7.999274782380172e-5
363.9495798319328,9.255215909791354e6,7.51899609290897e-5
363.9495798319328,1.0e7,7.067553469935731e-5
367.2268907563025,1000.0,0.10962896022703907
367.2268907563025,1080.4718223181285,0.10304680687209876
367.2268907563025,1167.4193588234587,0.0968598478407954
367.2268907563025,1261.3637220374437,0.09104435555569161
367.2268907563025,1362.867959355774,0.08557802704971834
367.2268907563025,1472.5404276241222,0.08043989843217134
367.2268907563025,1591.0384392721533,0.07561026449019229
367.2268907563025,1719.0722018585745,0.07107060311740031
367.2268907563025,1857.4090746385718,0.06680350427984837
367.2268907563025,2006.8781676649664,0.06279260324688461
367.2268907563025,2168.375310987435,0.05902251783085072
367.2268907563025,2342.8684237322327,0.05547878939492655
367.2268907563025,2531.403315241567,0.0521478274028801
367.2268907563025,2735.109953041208,0.049016857298066
367.2268907563025,2955.209235202888,0.046073871511783535
367.2268907563025,3193.020307691027,0.04330758341310671
367.2268907563025,3449.9684705497157,0.0407073840235787
367.2268907563025,3727.593720314942,0.038263301330768884
367.2268907563025,4027.5599798502976,0.035965962044654826
367.2268907563025,4351.665070924416,0.03380655565016189
367.2268907563025,4701.851489299852,0.031776800617998355
367.2268907563025,5080.218046913023,0.029868912644201422
367.2268907563025,5489.032450921557,0.0280755747965899
367.2268907563025,5930.744895010559,0.026389909453631805
367.2268907563025,6408.002744415996,0.02480545192811063
367.2268907563025,6923.6664026787275,0.023316125674433783
367.2268907563025,7480.826455225086,0.021916218984501214
367.2268907563025,8082.822192522714,0.02060036308276056
367.2268907563025,8733.261623828437,0.019363511536441336
367.2268907563025,9436.04310147889,0.018200920902004425
367.2268907563025,10195.378685327301,0.017108132533584026
367.2268907563025,11015.819387358995,0.016080955483655946
367.2268907563025,11902.282447787144,0.015115450430354477
367.2268907563025,12860.08080610565,0.014207914569797697
367.2268907563025,13894.954943731389,0.013354867415481662
367.2268907563025,15013.107289081743,0.012553037450283156
367.2268907563025,16221.239391291729,0.011799349579879607
367.2268907563025,17526.592085367585,0.011090913339469455
367.2268907563025,18936.988889503602,0.01042501180856416
367.2268907563025,20460.88289466011,0.009799091191339262
367.2268907563025,22107.407427431233,0.009210751022584002
367.2268907563025,23886.430789846003,0.008657734961688545
367.2268907563025,25808.615404180768,0.008137922139362722
367.2268907563025,27885.481717262915,0.00764931902390019
367.2268907563025,30129.47724726992,0.007190051775794385
367.2268907563025,32554.05118685032,0.00675835906138545
367.2268907563025,35173.7350096938,0.006352585297977838
367.2268907563025,38004.22956365882,0.005971174304522879
367.2268907563025,41062.49917244294,0.005612663333516198
367.2268907563025,44366.873309786155,0.005275677461221635
367.2268907563025,47937.15645558219,0.004958924314707726
367.2268907563025,51794.74679231213,0.004661189115474322
367.2268907563025,55962.76445319552,0.004381330020661314
367.2268907563025,60466.19009070435,0.004118273743972449
367.2268907563025,65332.014595937704,0.0038710114395201175
367.2268907563025,70589.40086618738,0.003638594832805232
367.2268907563025,76269.85859023452,0.0034201325839941644
367.2268907563025,82407.43309893666,0.0032147868695455713
367.2268907563025,89038.90941296735,0.003021770169077237
367.2268907563025,96204.0327106476,0.002840342245150393
367.2268907563025,103945.74653722627,0.002669807304388599
367.2268907563025,112310.45018329516,0.0025095113290438346
367.2268907563025,121348.27677491431,0.0023588395687761275
367.2268907563025,131113.3937421563,0.0022172141830274056
367.2268907563025,141664.3274669022,0.0020840920249479036
367.2268907563025,153064.31405563594,0.0019589625583762435
367.2268907563025,165381.6783395673,0.0018413458998845918
367.2268907563025,178690.24337358287,0.0017307909783799945
367.2268907563025,193069.77288832495,0.0016268738052037548
367.2268907563025,208606.44934719568,0.001529195848094523
367.2268907563025,225393.39047347888,0.0014373825027790982
367.2268907563025,243531.20734334175,0.0013510816563293423
367.2268907563025,263128.6073895945,0.0012699623367755561
367.2268907563025,284303.0459302665,0.001193713443797428
367.2268907563025,307181.43012686964,0.0011220425556246636
367.2268907563025,331900.87959146773,0.0010546748075716348
367.2268907563025,358609.54820118286,0.0009913518379051176
367.2268907563025,387467.51204561285,0.0009318307970024237
367.2268907563025,418647.72882899473,0.0008758834159999593
367.2268907563025,452337.0744772105,0.0008232951313603782
367.2268907563025,488737.4631624427,0.0007738642620009775
367.2268907563025,528067.0574582637,0.0007274012358275174
367.2268907563025,570561.5758781021,0.0006837278627071828
367.2268907563025,616475.7056337161,0.0006426766510924417
367.2268907563025,666084.6290809154,0.0006040901656750004
367.2268907563025,719685.6730011514,0.0005678204236063944
367.2268907563025,777600.0906038043,0.0005337283269696637
367.2268907563025,840174.9869294344,0.0005016831293255874
367.2268907563025,907785.3991937558,0.00047156193428762796
367.2268907563025,980836.5445406671,0.0004432492242025798
367.2268907563025,1.0597662486760707e6,0.0004166364171293618
367.2268907563025,1.1450475699382813e6,0.00039162145041692596
367.2268907563025,1.2371916345321594e6,0.00036810838928426576
367.2268907563025,1.336750699919709e6,0.00034600705890138795
367.2268907563025,1.4443214647272818e6,0.00032523269856024985
367.2268907563025,1.5605486450070748e6,0.0003057056366093637
367.2268907563025,1.6861288382868804e6,0.00028735098490542297
367.2268907563025,1.8218146985669748e6,0.00027009835161013676
367.2268907563025,1.9684194472866112e6,0.00025388157123082226
367.2268907563025,2.126821747296208e6,0.00023863845086943524
367.2268907563025,2.2979709690469606e6,0.0002243105317068799
367.2268907563025,2.48289288056033e6,0.0002108428648078668
367.2268907563025,2.6826957952797273e6,0.00019818380038651116
367.2268907563025,2.898577214651068e6,0.0001862847897244804
367.2268907563025,3.131831005243845e6,0.00017510019898203435
367.2268907563025,3.383855153428233e6,0.0001645871341879011
367.2268907563025,3.6561601440851935e6,0.0001547052767368104
367.2268907563025,3.9503780135666407e6,0.00014541672876379938
367.2268907563025,4.268272131163825e6,0.00013668586780229015
367.2268907563025,4.611747767708261e6,0.00012847921016853587
367.2268907563025,4.982863514647306e6,0.00012076528254850246
367.2268907563025,5.383843622033489e6,0.00011351450129471033
367.2268907563025,5.817091329374358e6,0.0001066990589701277
367.2268907563025,6.285203269240097e6,0.00010029281770399942
367.2268907563025,6.790985029955707e6,9.427120895062206e-5
367.2268907563025,7.337467970651373e6,8.861113926663018e-5
367.2268907563025,7.927927389450606e6,8.329090174544013e-5
367.2268907563025,8.565902153685499e6,7.829009276919544e-5
367.2268907563025,9.255215909791354e6,7.358953375894727e-5
367.2268907563025,1.0e7,6.917119762297726e-5
370.5042016806723,1000.0,0.10731600736853383
370.5042016806723,1080.4718223181285,0.1008727243484567
370.5042016806723,1167.4193588234587,0.09481629783837099
370.5042016806723,1261.3637220374437,0.08912350086549665
370.5042016806723,1362.867959355774,0.0837725010109786
370.5042016806723,1472.5404276241222,0.07874277668048045
370.5042016806723,1591.0384392721533,0.07401503840191459
370.5042016806723,1719.0722018585745,0.06957115484847892
370.5042016806723,1857.4090746385718,0.06539408330329023
370.5042016806723,2006.8781676649664,0.06146780429894161
370.5042016806723,2168.375310987435,0.057777260181317944
370.5042016806723,2342.8684237322327,0.05430829736205805
370.5042016806723,2531.403315241567,0.05104761203819416
370.5042016806723,2735.109953041208,0.047982699170800044
370.5042016806723,2955.209235202888,0.0451018045269751
370.5042016806723,3193.020307691027,0.04239387960124119
370.5042016806723,3449.9684705497157,0.0398485392434712
370.5042016806723,3727.593720314942,0.03745602183084874
370.5042016806723,4027.5599798502976,0.035207151831114565
370.5042016806723,4351.665070924416,0.03309330461352592
370.5042016806723,4701.851489299852,0.031106373372575827
370.5042016806723,5080.218046913023,0.02923873803762143
370.5042016806723,5489.032450921557,0.02748323604918716
370.5042016806723,5930.744895010559,0.025833134889866324
370.5042016806723,6408.002744415996,0.024282106264475602
370.5042016806723,6923.6664026787275,0.022824201830439796
370.5042016806723,7480.826455225086,0.02145383038533135
370.5042016806723,8082.822192522714,0.020165736424076215
370.5042016806723,8733.261623828437,0.01895497998359108
370.5042016806723,9436.04310147889,0.017816917697554294
370.5042016806723,10195.378685327301,0.01674718498865346
370.5042016806723,11015.819387358995,0.01574167933001562
370.5042016806723,11902.282447787144,0.014796544511625718
370.5042016806723,12860.08080610565,0.01390815585139377
370.5042016806723,13894.954943731389,0.013073106294153628
370.5042016806723,15013.107289081743,0.01228819334528183
370.5042016806723,16221.239391291729,0.011550406788825442
370.5042016806723,17526.592085367585,0.010856917143037109
370.5042016806723,18936.988889503602,0.010205064809042933
370.5042016806723,20460.88289466011,0.009592349871027334
370.5042016806723,22107.407427431233,0.009016422508817698
370.5042016806723,23886.430789846003,0.008475073986100087
370.5042016806723,25808.615404180768,0.007966228179705067
370.5042016806723,27885.481717262915,0.007487933617477402
370.5042016806723,30129.47724726992,0.0070383559941944885
370.5042016806723,32554.05118685032,0.006615771136830996
370.5042016806723,35173.7350096938,0.006218558392191018
370.5042016806723,38004.22956365882,0.005845194411548643
370.5042016806723,41062.49917244294,0.00549424730846042
370.5042016806723,44366.873309786155,0.00516437116734442
370.5042016806723,47937.15645558219,0.0048543008817657305
370.5042016806723,51794.74679231213,0.0045628473026326916
370.5042016806723,55962.76445319552,0.004288892677696858
370.5042016806723,60466.19009070435,0.004031386364866588
370.5042016806723,65332.014595937704,0.0037893408028945186
370.5042016806723,70589.40086618738,0.003561827723986082
370.5042016806723,76269.85859023452,0.0033479745938040403
370.5042016806723,82407.43309893666,0.003146961265216191
370.5042016806723,89038.90941296735,0.0029580168329529266
370.5042016806723,96204.0327106476,0.002780416677112091
370.5042016806723,103945.74653722627,0.0026134796841725968
370.5042016806723,112310.45018329516,0.0024565656348591734
370.5042016806723,121348.27677491431,0.002309072748840437
370.5042016806723,131113.3937421563,0.0021704353768439762
370.5042016806723,141664.3274669022,0.0020401218313374895
370.5042016806723,153064.31405563594,0.0019176323474564504
370.5042016806723,165381.6783395673,0.0018024971663582058
370.5042016806723,178690.24337358287,0.001694274733652064
370.5042016806723,193069.77288832495,0.0015925500059961323
370.5042016806723,208606.44934719568,0.001496932859366548
370.5042016806723,225393.39047347888,0.0014070565928946742
370.5042016806723,243531.20734334175,0.0013225765225343196
370.5042016806723,263128.6073895945,0.0012431686591655904
370.5042016806723,284303.0459302665,0.0011685284660657273
370.5042016806723,307181.43012686964,0.0010983696909817632
370.5042016806723,331900.87959146773,0.0010324232683258524
370.5042016806723,358609.54820118286,0.0009704362872831066
370.5042016806723,387467.51204561285,0.0009121710218745153
370.5042016806723,418647.72882899473,0.0008574040192551674
370.5042016806723,452337.0744772105,0.0008059252427512935
370.5042016806723,488737.4631624427,0.0007575372663496153
370.5042016806723,528067.0574582637,0.000712054517549763
370.5042016806723,570561.5758781021,0.0006693025656760593
370.5042016806723,616475.7056337161,0.0006291174529192548
370.5042016806723,666084.6290809154,0.000591345065542706
370.5042016806723,719685.6730011514,0.0005558405428415112
370.5042016806723,777600.0906038043,0.0005224677215879005
370.5042016806723,840174.9869294344,0.0004910986138322874
370.5042016806723,907785.3991937558,0.00046161291605728073
370.5042016806723,980836.5445406671,0.0004338975478022346
370.5042016806723,1.0597662486760707e6,0.00040784621798890623
370.5042016806723,1.1450475699382813e6,0.00038335901728504265
370.5042016806723,1.2371916345321594e6,0.00036034203494257047
370.5042016806723,1.336750699919709e6,0.00033870699864092796
370.5042016806723,1.4443214647272818e6,0.00031837093595430695
370.5042016806723,1.5605486450070748e6,0.00029925585614448984
370.5042016806723,1.6861288382868804e6,0.00028128845105893877
370.5042016806723,1.8218146985669748e6,0.00026439981398704494
370.5042016806723,1.9684194472866112e6,0.0002485251753963272
370.5042016806723,2.126821747296208e6,0.0002336036545351031
370.5042016806723,2.2979709690469606e6,0.00021957802594900535
370.5042016806723,2.48289288056033e6,0.00020639450001591007
370.5042016806723,2.6826957952797273e6,0.00019400251665761234
370.5042016806723,2.898577214651068e6,0.00018235455143710659
370.5042016806723,3.131831005243845e6,0.0001714059332978429
370.5042016806723,3.383855153428233e6,0.00016111467324596835
370.5042016806723,3.6561601440851935e6,0.00015144130331853475
370.5042016806723,3.9503780135666407e6,0.00014234872522009935
370.5042016806723,4.268272131163825e6,0.00013380206804722687
370.5042016806723,4.611747767708261e6,0.00012576855455525283
370.5042016806723,4.982863514647306e6,0.00011821737545442554
370.5042016806723,5.383843622033489e6,0.0001111195712533449
370.5042016806723,5.817091329374358e6,0.00010444792119655323
370.5042016806723,6.285203269240097e6,9.817683887034448e-5
370.5042016806723,6.790985029955707e6,9.22822740764289e-5
370.5042016806723,7.337467970651373e6,8.674162059713167e-5
370.5042016806723,7.927927389450606e6,8.153362949839313e-5
370.5042016806723,8.565902153685499e6,7.663832763808285e-5
370.5042016806723,9.255215909791354e6,7.203694106709533e-5
370.5042016806723,1.0e7,6.771182302946691e-5
373.781512605042,1000.0,0.10507158296916615
373.781512605042,1080.4718223181285,0.09876305581614832
373.781512605042,1167.4193588234587,0.09283329439327123
373.781512605042,1261.3637220374437,0.08725955750043404
373.781512605042,1362.867959355774,0.08202046932553383
373.781512605042,1472.5404276241222,0.07709593746618958
373.781512605042,1591.0384392721533,0.07246707587346424
373.781512605042,1719.0722018585745,0.06811613242206783
373.781512605042,1857.4090746385718,0.06402642082926474
373.781512605042,2006.8781676649664,0.06018225666138986
373.781512605042,2168.375310987435,0.05656889718255074
373.781512605042,2342.8684237322327,0.05317248481483074
373.781512605042,2531.403315241567,0.049979993993157085
373.781512605042,2735.109953041208,0.04697918121101766
373.781512605042,2955.209235202888,0.04415853806544685
373.781512605042,3193.020307691027,0.04150724712120374
373.781512605042,3449.9684705497157,0.03901514042487676
373.781512605042,3727.593720314942,0.03667266050981384
373.781512605042,4027.5599798502976,0.03447082374232689
373.781512605042,4351.665070924416,0.03240118586860062
373.781512605042,4701.851489299852,0.03045580963017442
373.781512605042,5080.218046913023,0.02862723432379989
373.781512605042,5489.032450921557,0.026908447188933073
373.781512605042,5930.744895010559,0.025292856513129288
373.781512605042,6408.002744415996,0.023774266352197912
373.781512605042,6923.6664026787275,0.02234685276816605
373.781512605042,7480.826455225086,0.02100514149392136
373.781512605042,8082.822192522714,0.019743986938876065
373.781512605042,8733.261623828437,0.018558552455136716
373.781512605042,9436.04310147889,0.0174442917884987
373.781512605042,10195.378685327301,0.016396931643128058
373.781512605042,11015.819387358995,0.015412455293064833
373.781512605042,11902.282447787144,0.014487087177696237
373.781512605042,12860.08080610565,0.01361727842212193
373.781512605042,13894.954943731389,0.012799693226880604
373.781512605042,15013.107289081743,0.012031196074841216
373.781512605042,16221.239391291729,0.011308839706195945
373.781512605042,17526.592085367585,0.010629853815438035
373.781512605042,18936.988889503602,0.009991634426976181
373.781512605042,20460.88289466011,0.009391733908639994
373.781512605042,22107.407427431233,0.008827851584777412
373.781512605042,23886.430789846003,0.00829782491294433
373.781512605042,25808.615404180768,0.0077996211903482915
373.781512605042,27885.481717262915,0.007331329758239535
373.781512605042,30129.47724726992,0.006891154674352641
373.781512605042,32554.05118685032,0.006477407825296826
373.781512605042,35173.7350096938,0.006088502452480214
373.781512605042,38004.22956365882,0.005722947066739447
373.781512605042,41062.49917244294,0.0053793397283365945
373.781512605042,44366.873309786155,0.005056362670386702
373.781512605042,47937.15645558219,0.0047527772450962034
373.781512605042,51794.74679231213,0.004467419173430592
373.781512605042,55962.76445319552,0.004199194079993393
373.781512605042,60466.19009070435,0.003947073295992225
373.781512605042,65332.014595937704,0.003710089914195973
373.781512605042,70589.40086618738,0.0034873350807534133
373.781512605042,76269.85859023452,0.0032779545096520814
373.781512605042,82407.43309893666,0.003081145206450038
373.781512605042,89038.90941296735,0.0028961523887156304
373.781512605042,96204.0327106476,0.0027222665913649675
373.781512605042,103945.74653722627,0.0025588209457957107
373.781512605042,112310.45018329516,0.0024051886223824424
373.781512605042,121348.27677491431,0.0022607804265253216
373.781512605042,131113.3937421563,0.0021250425390326446
373.781512605042,141664.3274669022,0.001997454392171474
373.781512605042,153064.31405563594,0.001877526673240788
373.781512605042,165381.6783395673,0.001764799448010629
373.781512605042,178690.24337358287,0.0016588403968305111
373.781512605042,193069.77288832495,0.001559243156642371
373.781512605042,208606.44934719568,0.001465625762539513
373.781512605042,225393.39047347888,0.0013776291828947942
373.781512605042,243531.20734334175,0.0012949159424401207
373.781512605042,263128.6073895945,0.0012171688280166494
373.781512605042,284303.0459302665,0.0011440896720320748
373.781512605042,307181.43012686964,0.0010753982089595179
373.781512605042,331900.87959146773,0.001010831000492518
373.781512605042,358609.54820118286,0.000950140425234025
373.781512605042,387467.51204561285,0.0008930937290447449
373.781512605042,418647.72882899473,0.0008394721324088397
373.781512605042,452337.0744772105,0.0007890699913936316
373.781512605042,488737.4631624427,0.0007416940089855337
373.781512605042,528067.0574582637,0.0006971624937775735
373.781512605042,570561.5758781021,0.0006553046631655415
373.781512605042,616475.7056337161,0.0006159599883804274
373.781512605042,666084.6290809154,0.000578977578845294
373.781512605042,719685.6730011514,0.0005442156034955375
373.781512605042,777600.0906038043,0.0005115407468432386
373.781512605042,840174.9869294344,0.0004808276976995648
373.781512605042,907785.3991937558,0.00045195866859441787
373.781512605042,980836.5445406671,0.00042482294405026265
373.781512605042,1.0597662486760707e6,0.00039931645597772155
373.781512605042,1.1450475699382813e6,0.0003753413845645351
373.781512605042,1.2371916345321594e6,0.0003528057831272608
373.781512605042,1.336750699919709e6,0.00033162322548697807
373.781512605042,1.4443214647272818e6,0.00031171247451666236
373.781512605042,1.5605486450070748e6,0.00029299717058905533
373.781512605042,1.6861288382868804e6,0.00027540553873022183
373.781512605042,1.8218146985669748e6,0.00025887011335568494
373.781512605042,1.9684194472866112e6,0.00024332747953348052
373.781512605042,2.126821747296208e6,0.00022871802978184972
373.781512605042,2.2979709690469606e6,0.0002149857354688673
373.781512605042,2.48289288056033e6,0.00020207793193729895
373.781512605042,2.6826957952797273e6,0.00018994511653062292
373.781512605042,2.898577214651068e6,0.00017854075874562417
373.781512605042,3.131831005243845e6,0.0001678211217834809
373.781512605042,3.383855153428233e6,0.00015774509481497435
373.781512605042,3.6561601440851935e6,0.00014827403531654022
373.781512605042,3.9503780135666407e6,0.0001393716208725092
373.781512605042,4.268272131163825e6,0.0001310037098751812
373.781512605042,4.611747767708261e6,0.00012313821058850753
373.781512605042,4.982863514647306e6,0.00011574495807322391
373.781512605042,5.383843622033489e6,0.00010879559850143452
373.781512605042,5.817091329374358e6,0.00010226348041698032
373.781512605042,6.285203269240097e6,9.612355252456488e-5
373.781512605042,6.790985029955707e6,9.035226761564994e-5
373.781512605042,7.337467970651373e6,8.492749226266685e-5
373.781512605042,7.927927389450606e6,7.982842193521227e-5
373.781512605042,8.565902153685499e6,7.503550121269272e-5
373.781512605042,9.255215909791354e6,7.0530348787422e-5
373.781512605042,1.0e7,6.629568697055534e-5
377.05882352941177,1000.0,0.10289308221314422
377.05882352941177,1080.4718223181285,0.09671535285324873
377.05882352941177,1167.4193588234587,0.09090853608750656
377.05882352941177,1261.3637220374437,0.08545036222029234
377.05882352941177,1362.867959355774,0.0803198986347184
377.05882352941177,1472.5404276241222,0.07549746951405452
377.05882352941177,1591.0384392721533,0.07096458038309587
377.05882352941177,1719.0722018585745,0.06670384718008845
377.05882352941177,1857.4090746385718,0.0626989295871954
377.05882352941177,2006.8781676649664,0.05893446836382119
377.05882352941177,2168.375310987435,0.05539602644246037
377.05882352941177,2342.8684237322327,0.052070033561168155
377.05882352941177,2531.403315241567,0.04894373422031236
377.05882352941177,2735.109953041208,0.04600513876401726
377.05882352941177,2955.209235202888,0.04324297739869048
377.05882352941177,3193.020307691027,0.040646656972291015
377.05882352941177,3449.9684705497157,0.038206220348581385
377.05882352941177,3727.593720314942,0.03591230822056158
377.05882352941177,4027.5599798502976,0.03375612321663486
377.05882352941177,4351.665070924416,0.031729396161849305
377.05882352941177,4701.851489299852,0.029824354364823894
377.05882352941177,5080.218046913023,0.02803369180873648
377.05882352941177,5489.032450921557,0.0263505411320531
377.05882352941177,5930.744895010559,0.024768447291541994
377.05882352941177,6408.002744415996,0.02328134280656782
377.05882352941177,6923.6664026787275,0.021883524489725192
377.05882352941177,7480.826455225086,0.020569631574571593
377.05882352941177,8082.822192522714,0.01933462515657713
377.05882352941177,8733.261623828437,0.018173768868445617
377.05882352941177,9436.04310147889,0.01708261071569462
377.05882352941177,10195.378685327301,0.016056966002832376
377.05882352941177,11015.819387358995,0.015092901284651843
377.05882352941177,11902.282447787144,0.014186719281093522
377.05882352941177,12860.08080610565,0.0133349446978241
377.05882352941177,13894.954943731389,0.012534310898151525
377.05882352941177,15013.107289081743,0.011781747375162056
377.05882352941177,16221.239391291729,0.011074367976033589
377.05882352941177,17526.592085367585,0.010409459833364604
377.05882352941177,18936.988889503602,0.009784472961069173
377.05882352941177,20460.88289466011,0.009197010474937343
377.05882352941177,22107.407427431233,0.008644819400355766
377.05882352941177,23886.430789846003,0.008125782031935374
377.05882352941177,25808.615404180768,0.007637907811909479
377.05882352941177,27885.481717262915,0.007179325696154949
377.05882352941177,30129.47724726992,0.006748276978559795
377.05882352941177,32554.05118685032,0.006343108546217607
377.05882352941177,35173.7350096938,0.005962266539582037
377.05882352941177,38004.22956365882,0.005604290393267382
377.05882352941177,41062.49917244294,0.005267807234641141
377.05882352941177,44366.873309786155,0.0049515266187266545
377.05882352941177,47937.15645558219,0.00465423557922367
377.05882352941177,51794.74679231213,0.004374793976666962
377.05882352941177,55962.76445319552,0.004112130125882863
377.05882352941177,60466.19009070435,0.003865236685974498
377.05882352941177,65332.014595937704,0.003633166797073459
377.05882352941177,70589.40086618738,0.003415030449041979
377.05882352941177,76269.85859023452,0.003209991068199239
377.05882352941177,82407.43309893666,0.0030172623089816113
377.05882352941177,89038.90941296735,0.0028361050382324556
377.05882352941177,96204.0327106476,0.0026658245005560565
377.05882352941177,103945.74653722627,0.0025057676538644707
377.05882352941177,112310.45018329516,0.002355320664898895
377.05882352941177,121348.27677491431,0.002213906555120622
377.05882352941177,131113.3937421563,0.0020809829879433663
377.05882352941177,141664.3274669022,0.0019560401888207763
377.05882352941177,153064.31405563594,0.0018385989902124805
377.05882352941177,165381.6783395673,0.0017282089939308952
377.05882352941177,178690.24337358287,0.0016244468438212688
377.05882352941177,193069.77288832495,0.0015269146021504858
377.05882352941177,208606.44934719568,0.0014352382234779342
377.05882352941177,225393.39047347888,0.0013490661201556054
377.05882352941177,243531.20734334175,0.0012680678139559576
377.05882352941177,263128.6073895945,0.0011919326686564283
377.05882352941177,284303.0459302665,0.0011203686987199077
377.05882352941177,307181.43012686964,0.001053101449502392
377.05882352941177,331900.87959146773,0.000989872944693268
377.05882352941177,358609.54820118286,0.0009304406969515765
377.05882352941177,387467.51204561285,0.0008745767779439573
377.05882352941177,418647.72882899473,0.0008220669442177695
377.05882352941177,452337.0744772105,0.000772709815557034
377.05882352941177,488737.4631624427,0.0007263161026701213
377.05882352941177,528067.0574582637,0.0006827078812472736
377.05882352941177,570561.5758781021,0.0006417179096039269
377.05882352941177,616475.7056337161,0.0006031889872929136
377.05882352941177,666084.6290809154,0.0005669733522257678
377.05882352941177,719685.6730011514,0.0005329321139910361
377.05882352941177,777600.0906038043,0.0005009347211963134
377.05882352941177,840174.9869294344,0.0004708584607912168
377.05882352941177,907785.3991937558,0.0004425879874511394
377.05882352941177,980836.5445406671,0.00041601488121694136
377.05882352941177,1.0597662486760707e6,0.00039103723169407555
377.05882352941177,1.1450475699382813e6,0.00036755924721651326
377.05882352941177,1.2371916345321594e6,0.0003454908874765767
377.05882352941177,1.336750699919709e6,0.00032474751821177884
377.05882352941177,1.4443214647272818e6,0.00030524958662436443
377.05882352941177,1.5605486450070748e6,0.00028692231628874606
377.05882352941177,1.6861288382868804e6,0.00026969542037678966
377.05882352941177,1.8218146985669748e6,0.00025350283210113
377.05882352941177,1.9684194472866112e6,0.0002382824513427455
377.05882352941177,2.126821747296208e6,0.000223975906491085
377.05882352941177,2.2979709690469606e6,0.00021052833058337803
377.05882352941177,2.48289288056033e6,0.00019788815088460536
377.05882352941177,2.6826957952797273e6,0.0001860068911011455
377.05882352941177,2.898577214651068e6,0.000174838985469569
377.05882352941177,3.131831005243845e6,0.00016434160400759438
377.05882352941177,3.383855153428233e6,0.00015447448825702412
377.05882352941177,3.6561601440851935e6,0.00014519979688872202
377.05882352941177,3.9503780135666407e6,0.00013648196057750958
377.05882352941177,4.268272131163825e6,0.00012828754559041444
377.05882352941177,4.611747767708261e6,0.00012058512556511948
377.05882352941177,4.982863514647306e6,0.00011334516098686768
377.05882352941177,5.383843622033489e6,0.00010653988590160836
377.05882352941177,5.817091329374358e6,0.00010014320143091799
377.05882352941177,6.285203269240097e6,9.413057568031452e-5
377.05882352941177,6.790985029955707e6,8.847894965710404e-5
377.05882352941177,7.337467970651373e6,8.316664883694664e-5
377.05882352941177,7.927927389450606e6,7.81733000399903e-5
377.05882352941177,8.565902153685499e6,7.3479753297785e-5
377.05882352941177,9.255215909791354e6,6.906800841132834e-5
377.05882352941177,1.0e7,6.492114591858765e-5
380.33613445378154,1000.0,0.10077802075630025
380.33613445378154,1080.4718223181285,0.0947272802763069
380.33613445378154,1167.4193588234587,0.08903982794269184
380.33613445378154,1261.3637220374437,0.08369385183380096
380.33613445378154,1362.867959355774,0.07866884962184116
380.33613445378154,1472.5404276241222,0.07394554994449933
380.33613445378154,1591.0384392721533,0.06950583849743179
380.33613445378154,1719.0722018585745,0.06533268856418112
380.33613445378154,1857.4090746385718,0.06141009571709573
380.33613445378154,2006.8781676649664,0.057723016438824964
380.33613445378154,2168.375310987435,0.05425731042899655
380.33613445378154,2342.8684237322327,0.05099968637481736
380.33613445378154,2531.403315241567,0.047937650977622086
380.33613445378154,2735.109953041208,0.04505946103988254
380.33613445378154,2955.209235202888,0.04235407842892609
380.33613445378154,3193.020307691027,0.039811127744645146
380.33613445378154,3449.9684705497157,0.0374208565288488
380.33613445378154,3727.593720314942,0.035174097863656675
380.33613445378154,4027.5599798502976,0.03306223521549517
380.33613445378154,4351.665070924416,0.031077169389870186
380.33613445378154,4701.851489299852,0.029211287470184432
380.33613445378154,5080.218046913023,0.027457433621476856
380.33613445378154,5489.032450921557,0.025808881647113806
380.33613445378154,5930.744895010559,0.02425930919318382
380.33613445378154,6408.002744415996,0.022802773501668008
380.33613445378154,6923.6664026787275,0.021433688619396814
380.33613445378154,7480.826455225086,0.020146803975387286
380.33613445378154,8082.822192522714,0.01893718424440298
380.33613445378154,8733.261623828437,0.017800190419511464
380.33613445378154,9436.04310147889,0.016731462021050695
380.33613445378154,10195.378685327301,0.015726900373773913
380.33613445378154,11015.819387358995,0.01478265288803961
380.33613445378154,11902.282447787144,0.013895098284763086
380.33613445378154,12860.08080610565,0.013060832707466106
380.33613445378154,13894.954943731389,0.012276656668162942
380.33613445378154,15013.107289081743,0.011539562777019126
380.33613445378154,16221.239391291729,0.010846724208724767
380.33613445378154,17526.592085367585,0.010195483861350201
380.33613445378154,18936.988889503602,0.009583344166106844
380.33613445378154,20460.88289466011,0.009007957508932938
380.33613445378154,22107.407427431233,0.008467117227169882
380.33613445378154,23886.430789846003,0.00795874914680069
380.33613445378154,25808.615404180768,0.00748090362779501
380.33613445378154,27885.481717262915,0.007031748087053768
380.33613445378154,30129.47724726992,0.0066095599702783985
380.33613445378154,32554.05118685032,0.006212720145810951
380.33613445378154,35173.7350096938,0.0058397066951099115
380.33613445378154,38004.22956365882,0.0054890890760475675
380.33613445378154,41062.49917244294,0.005159522636644621
380.33613445378154,44366.873309786155,0.00484974345820172
380.33613445378154,47937.15645558219,0.004558563508050837
380.33613445378154,51794.74679231213,0.004284866083336738
380.33613445378154,55962.76445319552,0.004027601528355138
380.33613445378154,60466.19009070435,0.0037857832090230645
380.33613445378154,65332.014595937704,0.0035584837290431218
380.33613445378154,70589.40086618738,0.003344831373250326
380.33613445378154,76269.85859023452,0.003144006764501372
380.33613445378154,82407.43309893666,0.002955239721285236
380.33613445378154,89038.90941296735,0.0027778063040036515
380.33613445378154,96204.0327106476,0.0026110260385937985
380.33613445378154,103945.74653722627,0.0024542593068454122
380.33613445378154,112310.45018329516,0.002306904893404012
380.33613445378154,121348.27677491431,0.0021683976800527154
380.33613445378154,131113.3937421563,0.00203820647843003
380.33613445378154,141664.3274669022,0.0019158319928718743
380.33613445378154,153064.31405563594,0.0018008049055651268
380.33613445378154,165381.6783395673,0.0016926840766690874
380.33613445378154,178690.24337358287,0.001591054852502155
380.33613445378154,193069.77288832495,0.0014955274753054488
380.33613445378154,208606.44934719568,0.0014057355884846588
380.33613445378154,225393.39047347888,0.001321334831597601
380.33613445378154,243531.20734334175,0.001242001519699102
380.33613445378154,263128.6073895945,0.0011674314019784013
380.33613445378154,284303.0459302665,0.0010973384949282848
380.33613445378154,307181.43012686964,0.001031453985571095
380.33613445378154,331900.87959146773,0.0009695252005353428
380.33613445378154,358609.54820118286,0.0009113146370292511
380.33613445378154,387467.51204561285,0.000856599051994916
380.33613445378154,418647.72882899473,0.0008051686059499088
380.33613445378154,452337.0744772105,0.0007568260582328615
380.33613445378154,488737.4631624427,0.0007113860105667433
380.33613445378154,528067.0574582637,0.0006686741960387916
380.33613445378154,570561.5758781021,0.0006285268107703031
380.33613445378154,616475.7056337161,0.0005907898857131474
380.33613445378154,666084.6290809154,0.0005553186961637967
380.33613445378154,719685.6730011514,0.0005219772067302946
380.33613445378154,777600.0906038043,0.0004906375496235694
380.33613445378154,840174.9869294344,0.0004611795342722759
380.33613445378154,907785.3991937558,0.00043349018638050074
380.33613445378154,980836.5445406671,0.00040746331466057396
380.33613445378154,1.0597662486760707e6,0.0003829991035793611
380.33613445378154,1.1450475699382813e6,0.000360003730556182
380.33613445378154,1.2371916345321594e6,0.0003383890061442748
380.33613445378154,1.336750699919709e6,0.00031807203581586197
380.33613445378154,1.4443214647272818e6,0.0002989749020537405
380.33613445378154,1.5605486450070748e6,0.000281024365530175
380.33613445378154,1.6861288382868804e6,0.0002641515842270994
380.33613445378154,1.8218146985669748e6,0.0002482918494204168
380.33613445378154,1.9684194472866112e6,0.00023338433751587677
380.33613445378154,2.126821747296208e6,0.00021937187678479567
380.33613445378154,2.2979709690469606e6,0.00020620072810502869
380.33613445378154,2.48289288056033e6,0.00019382037886631607
380.33613445378154,2.6826957952797273e6,0.00018218334924961023
380.33613445378154,2.898577214651068e6,0.00017124501013744366
380.33613445378154,3.131831005243845e6,0.00016096341195701188
380.33613445378154,3.383855153428233e6,0.00015129912379956408
380.33613445378154,3.6561601440851935e6,0.00014221508219911119
380.33613445378154,3.9503780135666407e6,0.00013367644899050108
380.33613445378154,4.268272131163825e6,0.0001256504777017363
380.33613445378154,4.611747767708261e6,0.00011810638796813372
380.33613445378154,4.982863514647306e6,0.00011101524748669193
380.33613445378154,5.383843622033489e6,0.00010434986105795305
380.33613445378154,5.817091329374358e6,9.808466628982143e-5
380.33613445378154,6.285203269240097e6,9.219563556335364e-5
380.33613445378154,6.790985029955707e6,8.666018388455075e-5
380.33613445378154,7.337467970651373e6,8.145708226875388e-5
380.33613445378154,7.927927389450606e6,7.656637632546521e-5
380.33613445378154,8.565902153685499e6,7.196930973135936e-5
380.33613445378154,9.255215909791354e6,6.764825229799542e-5
380.33613445378154,1.0e7,6.358663235836498e-5
383.61344537815125,1000.0,0.09872402817865301
383.61344537815125,1080.4718223181285,0.09279660998601864
383.61344537815125,1167.4193588234587,0.08722507563522656
383.61344537815125,1261.3637220374437,0.08198805776113272
383.61344537815125,1362.867959355774,0.07706547190115688
383.61344537815125,1472.5404276241222,0.07243843946945507
383.61344537815125,1591.0384392721533,0.06808921535574394
383.61344537815125,1719.0722018585745,0.06400111987111193
383.61344537815125,1857.4090746385718,0.060158474779822696
383.61344537815125,2006.8781676649664,0.05654654317178726
383.61344537815125,2168.375310987435,0.053151472945109524
383.61344537815125,2342.8684237322327,0.04996024368195554
383.61344537815125,2531.403315241567,0.046960616714010334
383.61344537815125,2735.109953041208,0.04414108818601879
383.61344537815125,2955.209235202888,0.041490844937404424
383.61344537815125,3193.020307691027,0.03899972303276846
383.61344537815125,3449.9684705497157,0.03665816878222868
383.61344537815125,3727.593720314942,0.03445720210210867
383.61344537815125,4027.5599798502976,0.032388382075461075
383.61344537815125,4351.665070924416,0.03044377458034681
383.61344537815125,4701.851489299852,0.028615921861721356
383.61344537815125,5080.218046913023,0.026897813930233504
383.61344537815125,5489.032450921557,0.025282861678248385
383.61344537815125,5930.744895010559,0.023764871609991495
383.61344537815125,6408.002744415996,0.022338022088902544
383.61344537815125,6923.6664026787275,0.0209968410111043
383.61344537815125,7480.826455225086,0.0197361848193629
383.61344537815125,8082.822192522714,0.01855121877705567
383.61344537815125,8733.261623828437,0.017437398426495474
383.61344537815125,9436.04310147889,0.016390452160502535
383.61344537815125,10195.378685327301,0.015406364840383715
383.61344537815125,11015.819387358995,0.014481362397493133
383.61344537815125,11902.282447787144,0.013611897359319251
383.61344537815125,12860.08080610565,0.012794635244589752
383.61344537815125,13894.954943731389,0.012026441775218102
383.61344537815125,15013.107289081743,0.011304370856048504
383.61344537815125,16221.239391291729,0.010625653276300107
383.61344537815125,17526.592085367585,0.009987686089379904
383.61344537815125,18936.988889503602,0.009388022630334452
383.61344537815125,20460.88289466011,0.008824363132656663
383.61344537815125,22107.407427431233,0.008294545908462089
383.61344537815125,23886.430789846003,0.007796539058209889
383.61344537815125,25808.615404180768,0.007328432678174533
383.61344537815125,27885.481717262915,0.006888431535782933
383.61344537815125,30129.47724726992,0.00647484818472651
383.61344537815125,32554.05118685032,0.006086096493443799
383.61344537815125,35173.7350096938,0.005720685562154759
383.61344537815125,38004.22956365882,0.005377214005118062
383.61344537815125,41062.49917244294,0.005054364576183222
383.61344537815125,44366.873309786155,0.004750899117026098
383.61344537815125,47937.15645558219,0.004465653808693753
383.61344537815125,51794.74679231213,0.00419753470824783
383.61344537815125,55962.76445319552,0.003945513553389178
383.61344537815125,60466.19009070435,0.0037086238189739315
383.61344537815125,65332.014595937704,0.003485957010297495
383.61344537815125,70589.40086618738,0.0032766591789307794
383.61344537815125,76269.85859023452,0.003079927647746593
383.61344537815125,82407.43309893666,0.0028950079325764
383.61344537815125,89038.90941296735,0.0027211908486915997
383.61344537815125,96204.0327106476,0.0025578097910125513
383.61344537815125,103945.74653722627,0.002404238177614543
383.61344537815125,112310.45018329516,0.0022598870467264295
383.61344537815125,121348.27677491431,0.002124202798006102
383.61344537815125,131113.3937421563,0.001996665069430429
383.61344537815125,141664.3274669022,0.0018767847416573085
383.61344537815125,153064.31405563594,0.0017641020622063944
383.61344537815125,165381.6783395673,0.0016581848822645108
383.61344537815125,178690.24337358287,0.0015586269993537814
383.61344537815125,193069.77288832495,0.0014650465995064178
383.61344537815125,208606.44934719568,0.001377084792971774
383.61344537815125,225393.39047347888,0.0012944042378399481
383.61344537815125,243531.20734334175,0.0012166878463034175
383.61344537815125,263128.6073895945,0.001143637568595083
383.61344537815125,284303.0459302665,0.0010749732499390054
383.61344537815125,307181.43012686964,0.0010104315561301471
383.61344537815125,331900.87959146773,0.0009497649636226028
383.61344537815125,358609.54820118286,0.0008927408102532142
383.61344537815125,387467.51204561285,0.0008391404029600054
383.61344537815125,418647.72882899473,0.0007887581790734479
383.61344537815125,452337.0744772105,0.000741400917964038
383.61344537815125,488737.4631624427,0.0006968870000227717
383.61344537815125,528067.0574582637,0.0006550457101326318
383.61344537815125,570561.5758781021,0.0006157165829598528
383.61344537815125,616475.7056337161,0.000578748787554073
383.61344537815125,666084.6290809154,0.0005440005488972667
383.61344537815125,719685.6730011514,0.0005113386041830419
383.61344537815125,777600.0906038043,0.0004806376917410772
383.61344537815125,840174.9869294344,0.00045178007064668326
383.61344537815125,907785.3991937558,0.0004246550691731328
383.61344537815125,980836.5445406671,0.00039915866035504624
383.61344537815125,1.0597662486760707e6,0.0003751930630350654
383.61344537815125,1.1450475699382813e6,0.00035266636686379684
383.61344537815125,1.2371916345321594e6,0.0003314921798148659
383.61344537815125,1.336750699919709e6,0.00031158929686326056
383.61344537815125,1.4443214647272818e6,0.00029288138855632637
383.61344537815125,1.5605486450070748e6,0.0002752967082830373
383.61344537815125,1.6861288382868804e6,0.00025876781711890967
383.61344537815125,1.8218146985669748e6,0.00024323132519129845
383.61344537815125,1.9684194472866112e6,0.00022862764857319617
383.61344537815125,2.126821747296208e6,0.00021490078077319487
383.61344537815125,2.2979709690469606e6,0.0002019980779452545
383.61344537815125,2.48289288056033e6,0.0001898700569945373
383.61344537815125,2.6826957952797273e6,0.00017847020580502416
383.61344537815125,2.898577214651068e6,0.0001677548048611166
383.61344537815125,3.131831005243845e6,0.000157682759579129
383.61344537815125,3.383855153428233e6,0.0001482154427056445
383.61344537815125,3.6561601440851935e6,0.0001393165461783171
383.61344537815125,3.9503780135666407e6,0.00013095194188099266
383.61344537815125,4.268272131163825e6,0.00012308955075913147
383.61344537815125,4.611747767708261e6,0.00011569921979357806
383.61344537815125,4.982863514647306e6,0.00010875260636085808
383.61344537815125,5.383843622033489e6,0.00010222306953651751
383.61344537815125,5.817091329374358e6,9.60855679246384e-5
383.61344537815125,6.285203269240097e6,9.031656362169954e-5
383.61344537815125,6.790985029955707e6,8.489393194647344e-5
383.61344537815125,7.337467970651373e6,7.979687658976548e-5
383.61344537815125,7.927927389450606e6,7.500584985858657e-5
383.61344537815125,8.565902153685499e6,7.050247770888815e-5
383.61344537815125,9.255215909791354e6,6.626948927935176e-5
383.61344537815125,1.0e7,6.229065065599064e-5
386.890756302521,1000.0,0.09672884184494696
386.890756302521,1080.4718223181285,0.09092121519638031
386.890756302521,1167.4193588234587,0.08546228007193217
386.890756302521,1261.3637220374437,0.08033110093522107
386.890756302521,1362.867959355774,0.07550799922530999
386.890756302521,1472.5404276241222,0.07097447788755014
386.890756302521,1591.0384392721533,0.06671315043561417
386.890756302521,1719.0722018585745,0.06270767427266404
386.890756302521,1857.4090746385718,0.05894268801593479
386.890756302521,2006.8781676649664,0.05540375258436812
386.890756302521,2168.375310987435,0.052077295823360355
386.890756302521,2342.8684237322327,0.04895056045425662
386.890756302521,2531.403315241567,0.046011555148971206
386.890756302521,2735.109953041208,0.043249008542101876
386.890756302521,2955.209235202888,0.04065232600416944
386.890756302521,3193.020307691027,0.038211549010204356
386.890756302521,3449.9684705497157,0.03591731694785421
386.890756302521,3727.593720314942,0.03376083121854357
386.890756302521,4027.5599798502976,0.031733821494010016
386.890756302521,4351.665070924416,0.029828513998807156
386.890756302521,4701.851489299852,0.028037601697135
386.890756302521,5080.218046913023,0.026354216269661414
386.890756302521,5489.032450921557,0.02477190177286307
386.890756302521,5930.744895010559,0.023284589879866684
386.890756302521,6408.002744415996,0.021886576607837393
386.890756302521,6923.6664026787275,0.020572500442660874
386.890756302521,7480.826455225086,0.01933732177702602
386.890756302521,8082.822192522714,0.018176303583050498
386.890756302521,8733.261623828437,0.0170849932453275
386.890756302521,9436.04310147889,0.016059205484721447
386.890756302521,10195.378685327301,0.015095006307423553
386.890756302521,11015.819387358995,0.014188697917710784
386.890756302521,11902.282447787144,0.013336804536546894
386.890756302521,12860.08080610565,0.012536059071638584
386.890756302521,13894.954943731389,0.011783390587825253
386.890756302521,15013.107289081743,0.011075912529750084
386.890756302521,16221.239391291729,0.01041091165164508
386.890756302521,17526.592085367585,0.00978583761177508
386.890756302521,18936.988889503602,0.009198293191634174
386.890756302521,20460.88289466011,0.008646025102384283
386.890756302521,22107.407427431233,0.00812691534327776
386.890756302521,23886.430789846003,0.007638973078922699
386.890756302521,25808.615404180768,0.007180327004239526
386.890756302521,27885.481717262915,0.006749218167827638
386.890756302521,30129.47724726992,0.006343993226219247
386.890756302521,32554.05118685032,0.00596309810314958
386.890756302521,35173.7350096938,0.005605072029526352
386.890756302521,38004.22956365882,0.005268541941241074
386.890756302521,41062.49917244294,0.004952217213337373
386.890756302521,44366.873309786155,0.0046548847103413
386.890756302521,47937.15645558219,0.004375404133771203
386.890756302521,51794.74679231213,0.00411270364898435
386.890756302521,55962.76445319552,0.003865775774588979
386.890756302521,60466.19009070435,0.0036336735186571394
386.890756302521,65332.014595937704,0.0034155067469204157
386.890756302521,70589.40086618738,0.0032104387690201886
386.890756302521,76269.85859023452,0.0030176831297203718
386.890756302521,82407.43309893666,0.002836500592776666
386.890756302521,89038.90941296735,0.002666196305895084
386.890756302521,96204.0327106476,0.0025061171359072234
386.890756302521,103945.74653722627,0.002355649163942307
386.890756302521,112310.45018329516,0.002214215330989826
386.890756302521,121348.27677491431,0.0020812732248232458
386.890756302521,131113.3937421563,0.0019563129997974237
386.890756302521,141664.3274669022,0.0018388554215419811
386.890756302521,153064.31405563594,0.0017284500290518365
386.890756302521,165381.6783395673,0.0016246734071263082
386.890756302521,178690.24337358287,0.001527127562531487
386.890756302521,193069.77288832495,0.0014354383976582505
386.890756302521,208606.44934719568,0.001349254275822294
386.890756302521,225393.39047347888,0.0012682446727039318
386.890756302521,243531.20734334175,0.0011920989087558331
386.890756302521,263128.6073895945,0.001120524957717369
386.890756302521,284303.0459302665,0.0010532483266660546
386.890756302521,307181.43012686964,0.00099001100331105
386.890756302521,331900.87959146773,0.0009305704664914331
386.890756302521,358609.54820118286,0.0008746987560844399
386.890756302521,387467.51204561285,0.0008221815987566696
386.890756302521,418647.72882899473,0.0007728175862054345
386.890756302521,452337.0744772105,0.0007264174027387264
386.890756302521,488737.4631624427,0.0006828030992315002
386.890756302521,528067.0574582637,0.0006418074106738175
386.890756302521,570561.5758781021,0.0006032731146936003
386.890756302521,616475.7056337161,0.0005670524285938487
386.890756302521,666084.6290809154,0.0005330064425919177
386.890756302521,719685.6730011514,0.0005010045870872635
386.890756302521,777600.0906038043,0.0004709241319145832
386.890756302521,840174.9869294344,0.0004426497156619388
386.890756302521,907785.3991937558,0.00041607290324874405
386.890756302521,980836.5445406671,0.0003910917700669025
386.890756302521,1.0597662486760707e6,0.00036761051109022135
386.890756302521,1.1450475699382813e6,0.0003455390734530063
386.890756302521,1.2371916345321594e6,0.00032479281108874203
386.890756302521,1.336750699919709e6,0.00030529216010435884
386.890756302521,1.4443214647272818e6,0.00028696233364512507
386.890756302521,1.5605486450070748e6,0.00026973303507992814
386.890756302521,1.6861288382868804e6,0.0002535381884069987
386.890756302521,1.8218146985669748e6,0.00023831568484614668
386.890756302521,1.9684194472866112e6,0.0002240071446456709
386.890756302521,2.126821747296208e6,0.00021055769319044826
386.890756302521,2.2979709690469606e6,0.00019791575055255604
386.890756302521,2.48289288056033e6,0.00018603283367733277
386.890756302521,2.6826957952797273e6,0.0001748633704462449
386.890756302521,2.898577214651068e6,0.00016436452490346798
386.890756302521,3.131831005243845e6,0.00015449603297591535
386.890756302521,3.383855153428233e6,0.00014522004805668067
386.890756302521,3.6561601440851935e6,0.00013650099585969458
386.890756302521,3.9503780135666407e6,0.00012830543798894703
386.890756302521,4.268272131163825e6,0.0001206019436990527
386.890756302521,4.611747767708261e6,0.00011336096935534778
386.890756302521,4.982863514647306e6,0.00010655474513123483
386.890756302521,5.383843622033489e6,0.00010015716850825254
386.890756302521,5.817091329374358e6,9.414370417042954e-5
386.890756302521,6.285203269240097e6,8.849128990901008e-5
386.890756302521,6.790985029955707e6,8.317824817668574e-5
386.890756302521,7.337467970651373e6,7.818420295213572e-5
386.890756302521,7.927927389450606e6,7.349000159604354e-5
386.890756302521,8.565902153685499e6,6.90776413989005e-5
386.890756302521,9.255215909791354e6,6.49302005388987e-5
386.890756302521,1.0e7,6.103177318513232e-5
390.16806722689074,1000.0,0.09479030114455039
390.16806722689074,1080.4718223181285,0.08909906502042526
390.16806722689074,1167.4193588234587,0.08374953230086202
390.16806722689074,1261.3637220374437,0.07872118701812682
390.16806722689074,1362.867959355774,0.07399474498891155
390.16806722689074,1472.5404276241222,0.06955207985765377
390.16806722689074,1591.0384392721533,0.06537615358023546
390.16806722689074,1719.0722018585745,0.06145095108146087
390.16806722689074,1857.4090746385718,0.0577614188357163
390.16806722689074,2006.8781676649664,0.054293407135265544
390.16806722689074,2168.375310987435,0.051033615824772116
390.16806722689074,2342.8684237322327,0.04796954329393634
390.16806722689074,2531.403315241567,0.04508943853262841
390.16806722689074,2735.109953041208,0.04238225606464477
390.16806722689074,2955.209235202888,0.03983761358725457
390.16806722689074,3193.020307691027,0.0374457521540793
390.16806722689074,3449.9684705497157,0.03519749874860327
390.16806722689074,3727.593720314942,0.03308423110478149
390.16806722689074,4027.5599798502976,0.031097844639827607
390.16806722689074,4351.665070924416,0.029230721372366687
390.16806722689074,4701.851489299852,0.027475700706750688
390.16806722689074,5080.218046913023,0.025826051971491848
390.16806722689074,5489.032450921557,0.024275448606496226
390.16806722689074,5930.744895010559,0.02281794390010278
390.16806722689074,6408.002744415996,0.02144794818287753
390.16806722689074,6923.6664026787275,0.020160207390698653
390.16806722689074,7480.826455225086,0.01894978291491994
390.16806722689074,8082.822192522714,0.017812032662335983
390.16806722689074,8733.261623828437,0.016742593252312414
390.16806722689074,9436.04310147889,0.01573736328280543
390.16806722689074,10195.378685327301,0.014792487601094065
390.16806722689074,11015.819387358995,0.01390434251890219
390.16806722689074,11902.282447787144,0.013069521915208654
390.16806722689074,12860.08080610565,0.012284824173448635
390.16806722689074,13894.954943731389,0.011547239903008983
390.16806722689074,15013.107289081743,0.010853940397928528
390.16806722689074,16221.239391291729,0.010202266788541086
390.16806722689074,17526.592085367585,0.009589719844456975
390.16806722689074,18936.988889503602,0.009013950389776313
390.16806722689074,20460.88289466011,0.008472750293775606
390.16806722689074,22107.407427431233,0.007964044002515979
390.16806722689074,23886.430789846003,0.007485880578896047
390.16806722689074,25808.615404180768,0.007036426220622296
390.16806722689074,27885.481717262915,0.00661395722740242
390.16806722689074,30129.47724726992,0.0062168533903905554
390.16806722689074,32554.05118685032,0.005843591778531918
390.16806722689074,35173.7350096938,0.005492740897977104
390.16806722689074,38004.22956365882,0.005162955202166769
390.16806722689074,41062.49917244294,0.00485296993153235
390.16806722689074,44366.873309786155,0.004561596263022612
390.16806722689074,47937.15645558219,0.004287716750853967
390.16806722689074,51794.74679231213,0.004030281040999387
390.16806722689074,55962.76445319552,0.0037883018429806553
390.16806722689074,60466.19009070435,0.0035608511435152837
390.16806722689074,65332.014595937704,0.0033470566474971463
390.16806722689074,70589.40086618738,0.003146098432661641
390.16806722689074,76269.85859023452,0.0029572058051056485
390.16806722689074,82407.43309893666,0.0027796543436030136
390.16806722689074,89038.90941296735,0.0026127631213800715
390.16806722689074,96204.0327106476,0.0024558920946966102
390.16806722689074,103945.74653722627,0.0023084396482171278
390.16806722689074,112310.45018329516,0.002169840287758704
390.16806722689074,121348.27677491431,0.0020395624715669127
390.16806722689074,131113.3937421563,0.001917106571802542
390.16806722689074,141664.3274669022,0.0018020029584212291
390.16806722689074,153064.31405563594,0.0016938101980974913
390.16806722689074,165381.6783395673,0.0015921133612858468
390.16806722689074,178690.24337358287,0.001496522430926478
390.16806722689074,193069.77288832495,0.0014066708066926416
390.16806722689074,208606.44934719568,0.0013222138990434808
390.16806722689074,225393.39047347888,0.0012428278076903024
390.16806722689074,243531.20734334175,0.0011682080794081
390.16806722689074,263128.6073895945,0.0010980685404284368
390.16806722689074,284303.0459302665,0.0010321401989357587
390.16806722689074,307181.43012686964,0.0009701702134581619
390.16806722689074,331900.87959146773,0.0009119209231962461
390.16806722689074,358609.54820118286,0.0008571689365713107
390.16806722689074,387467.51204561285,0.0008057042744973573
390.16806722689074,418647.72882899473,0.0007573295650912885
390.16806722689074,452337.0744772105,0.0007118592867329267
390.16806722689074,488737.4631624427,0.0006691190565719288
390.16806722689074,528067.0574582637,0.0006289449617529295
390.16806722689074,570561.5758781021,0.0005911829307941264
390.16806722689074,616475.7056337161,0.0005556881427084665
390.16806722689074,666084.6290809154,0.0005223244716013596
390.16806722689074,719685.6730011514,0.0004909639646149003
390.16806722689074,777600.0906038043,0.0004614863512164674
390.16806722689074,840174.9869294344,0.0004337785819497712
390.16806722689074,907785.3991937558,0.00040773439487941257
390.16806722689074,980836.5445406671,0.0003832539080662377
390.16806722689074,1.0597662486760707e6,0.0003602432365105848
390.16806722689074,1.1450475699382813e6,0.00033861413209436067
390.16806722689074,1.2371916345321594e6,0.0003182836451411025
390.16806722689074,1.336750699919709e6,0.00029917380629606097
390.16806722689074,1.4443214647272818e6,0.0002812113275062986
390.16806722689074,1.5605486450070748e6,0.0002643273209540203
390.16806722689074,1.6861288382868804e6,0.0002484570348652286
390.16806722689074,1.8218146985669748e6,0.0002335396051805008
390.16806722689074,1.9684194472866112e6,0.00021951782213552092
390.16806722689074,2.126821747296208e6,0.00020633791085618243
390.16806722689074,2.2979709690469606e6,0.00019394932512682134
390.16806722689074,2.48289288056033e6,0.0001823045535406627
390.16806722689074,2.6826957952797273e6,0.0001713589372890493
390.16806722689074,2.898577214651068e6,0.0001610704988906531
390.16806722689074,3.131831005243845e6,0.00015139978120383578
390.16806722689074,3.383855153428233e6,0.0001423096961047502
390.16806722689074,3.6561601440851935e6,0.00013376538225085138
390.16806722689074,3.9503780135666407e6,0.00012573407138432587
390.16806722689074,4.268272131163825e6,0.0001181849626627005
390.16806722689074,4.611747767708261e6,0.00011108910453467708
390.16806722689074,4.982863514647306e6,0.00010441928370817355
390.16806722689074,5.383843622033489e6,9.8149920784756e-5
390.16806722689074,5.817091329374358e6,9.22569721602085e-5
390.16806722689074,6.285203269240097e6,8.67178378150195e-5
390.16806722689074,6.790985029955707e6,8.151127464115374e-5
390.16806722689074,7.337467970651373e6,7.661731497270836e-5
390.16806722689074,7.927927389450606e6,7.20171900080117e-5
390.16806722689074,8.565902153685499e6,6.769325782948056e-5
390.16806722689074,9.255215909791354e6,6.362893574518462e-5
390.16806722689074,1.0e7,5.980863669264332e-5
393.4453781512605,1000.0,0.09290634208432537
393.4453781512605,1080.4718223181285,0.08732821938773935
393.4453781512605,1167.4193588234587,0.08208500873397082
393.4453781512605,1261.3637220374437,0.07715660191053962
393.4453781512605,1362.867959355774,0.07252409800765218
393.4453781512605,1472.5404276241222,0.06816973093141178
393.4453781512605,1591.0384392721533,0.06407680126915541
393.4453781512605,1719.0722018585745,0.06022961224561499
393.4453781512605,1857.4090746385718,0.05661340952428836
393.4453781512605,2006.8781676649664,0.05321432462315295
393.4453781512605,2168.375310987435,0.05001932172771563
393.4453781512605,2342.8684237322327,0.047016147697422156
393.4453781512605,2531.403315241567,0.04419328507369522
393.4453781512605,2735.109953041208,0.041539907909383576
393.4453781512605,2955.209235202888,0.03904584025022296
393.4453781512605,3193.020307691027,0.03670151710908203
393.4453781512605,3449.9684705497157,0.034497947783324975
393.4453781512605,3727.593720314942,0.03242668137461043
393.4453781512605,4027.5599798502976,0.030479774378890975
393.4453781512605,4351.665070924416,0.02864976022231815
393.4453781512605,4701.851489299852,0.02692962062622031
393.4453781512605,5080.218046913023,0.025312758691335067
393.4453781512605,5489.032450921557,0.023792973598072177
393.4453781512605,5930.744895010559,0.02236443682577931
393.4453781512605,6408.002744415996,0.021021669799810145
393.4453781512605,6923.6664026787275,0.019759522880668415
393.4453781512605,7480.826455225086,0.01857315561464985
393.4453781512605,8082.822192522714,0.01745801817024085
393.4453781512605,8733.261623828437,0.016409833889081182
393.4453781512605,9436.04310147889,0.015424582884571636
393.4453781512605,10195.378685327301,0.014498486625225765
393.4453781512605,11015.819387358995,0.013627993443641713
393.4453781512605,11902.282447787144,0.012809764915519216
393.4453781512605,12860.08080610565,0.01204066305648429
393.4453781512605,13894.954943731389,0.011317738287620178
393.4453781512605,15013.107289081743,0.01063821812355114
393.4453781512605,16221.239391291729,0.009999496539696801
393.4453781512605,17526.592085367585,0.009399123977919597
393.4453781512605,18936.988889503602,0.008834797952235875
393.4453781512605,20460.88289466011,0.008304354218562791
393.4453781512605,22107.407427431233,0.007805758474635958
393.4453781512605,23886.430789846003,0.007337098558266456
393.4453781512605,25808.615404180768,0.006896577114016637
393.4453781512605,27885.481717262915,0.0064825047001707105
393.4453781512605,30129.47724726992,0.00609329330956481
393.4453781512605,32554.05118685032,0.005727450279428191
393.4453781512605,35173.7350096938,0.00538357256687926
393.4453781512605,38004.22956365882,0.005060341368122447
393.4453781512605,41062.49917244294,0.0047565170607099675
393.4453781512605,44366.873309786155,0.004470934449471614
393.4453781512605,47937.15645558219,0.004202498297880261
393.4453781512605,51794.74679231213,0.003950179127715398
393.4453781512605,55962.76445319552,0.0037130092709160615
393.4453781512605,60466.19009070435,0.003490079158481623
393.4453781512605,65332.014595937704,0.0032805338321879847
393.4453781512605,70589.40086618738,0.0030835696657413396
393.4453781512605,76269.85859023452,0.002898431282794732
393.4453781512605,82407.43309893666,0.0027244086600078216
393.4453781512605,89038.90941296735,0.002560834404039681
393.4453781512605,96204.0327106476,0.002407081192031757
393.4453781512605,103945.74653722627,0.002262559365764925
393.4453781512605,112310.45018329516,0.002126714670264036
393.4453781512605,121348.27677491431,0.001999026128177266
393.4453781512605,131113.3937421563,0.0018790040417783292
393.4453781512605,141664.3274669022,0.0017661881149290352
393.4453781512605,153064.31405563594,0.0016601456877997434
393.4453781512605,165381.6783395673,0.001560470077577677
393.4453781512605,178690.24337358287,0.0014667790187995922
393.4453781512605,193069.77288832495,0.0013787131973272977
393.4453781512605,208606.44934719568,0.0012959348723436941
393.4453781512605,225393.39047347888,0.0012181265810845634
393.4453781512605,243531.20734334175,0.0011449899213386073
393.4453781512605,263128.6073895945,0.0010762444070465458
393.4453781512605,284303.0459302665,0.0010116263926103393
393.4453781512605,307181.43012686964,0.0009508880617872038
393.4453781512605,331900.87959146773,0.0008937964772907049
393.4453781512605,358609.54820118286,0.0008401326874540684
393.4453781512605,387467.51204561285,0.0007896908865296728
393.4453781512605,418647.72882899473,0.0007422776254043971
393.4453781512605,452337.0744772105,0.0006977110697038373
393.4453781512605,488737.4631624427,0.0006558203024401579
393.4453781512605,528067.0574582637,0.000616444668529149
393.4453781512605,570561.5758781021,0.0005794331586626765
393.4453781512605,616475.7056337161,0.0005446438301735925
393.4453781512605,666084.6290809154,0.0005119432626720827
393.4453781512605,719685.6730011514,0.00048120604636575637
393.4453781512605,777600.0906038043,0.00045231430110114347
393.4453781512605,840174.9869294344,0.0004251572242820745
393.4453781512605,907785.3991937558,0.00039963066593116215
393.4453781512605,980836.5445406671,0.00037563672926471697
393.4453781512605,1.0597662486760707e6,0.0003530833952492519
393.4453781512605,1.1450475699382813e6,0.0003318841696997208
393.4453781512605,1.2371916345321594e6,0.000311957751566077
393.4453781512605,1.336750699919709e6,0.00029322772113599826
393.4453781512605,1.4443214647272818e6,0.0002756222469580103
393.4453781512605,1.5605486450070748e6,0.00025907381036102255
393.4453781512605,1.6861288382868804e6,0.0002435189465137927
393.4453781512605,1.8218146985669748e6,0.000228898001031251
393.4453781512605,1.9684194472866112e6,0.0002151549011942485
393.4453781512605,2.126821747296208e6,0.00020223694090533675
393.4453781512605,2.2979709690469606e6,0.00019009457855586148
393.4453781512605,2.48289288056033e6,0.000178681247029172
393.4453781512605,2.6826957952797273e6,0.00016795317511129293
393.4453781512605,2.898577214651068e6,0.00015786921962414598
393.4453781512605,3.131831005243845e6,0.00014839070763754237
393.4453781512605,3.383855153428233e6,0.0001394812881548106
393.4453781512605,3.6561601440851935e6,0.0001311067927032598
393.4453781512605,3.9503780135666407e6,0.0001232351042948316
393.4453781512605,4.268272131163825e6,0.00011583603425438989
393.4453781512605,4.611747767708261e6,0.00010888120644327598
393.4453781512605,4.982863514647306e6,0.00010234394843411177
393.4453781512605,5.383843622033489e6,9.61991892194998e-5
393.4453781512605,5.817091329374358e6,9.042336306232089e-5
393.4453781512605,6.285203269240097e6,8.499431911888627e-5
393.4453781512605,6.790985029955707e6,7.989123648834189e-5
393.4453781512605,7.337467970651373e6,7.509454436252923e-5
393.4453781512605,7.927927389450606e6,7.058584697007113e-5
393.4453781512605,8.565902153685499e6,6.634785302683602e-5
393.4453781512605,9.255215909791354e6,6.2364309422215e-5
393.4453781512605,1.0e7,5.861993888689431e-5
396.7226890756302,1000.0,0.09107499221011896
396.7226890756302,1080.4718223181285,0.08560682427086722
396.7226890756302,1167.4193588234587,0.08046696666012891
396.7226890756302,1261.3637220374437,0.07563570753419219
396.7226890756302,1362.867959355774,0.07109451855394065
396.7226890756302,1472.5404276241222,0.0668259838269072
396.7226890756302,1591.0384392721533,0.06281373311566694
396.7226890756302,1719.0722018585745,0.05904237905641685
396.7226890756302,1857.4090746385718,0.05549745814696907
396.7226890756302,2006.8781676649664,0.05216537527784198
396.7226890756302,2168.375310987435,0.04903335159371985
396.7226890756302,2342.8684237322327,0.04608937548532501
396.7226890756302,2531.403315241567,0.04332215652375166
396.7226890756302,2735.109953041208,0.0407210821605951
396.7226890756302,2955.209235202888,0.03827617702781745
396.7226890756302,3193.020307691027,0.035978064681260725
396.7226890756302,3449.9684705497157,0.033817931641089725
396.7226890756302,3727.593720314942,0.03178749359125733
396.7226890756302,4027.5599798502976,0.029878963608362976
396.7226890756302,4351.665070924416,0.028085022298059283
396.7226890756302,4701.851489299852,0.026398789724477435
396.7226890756302,5080.218046913023,0.024813799025017364
396.7226890756302,5489.032450921557,0.023323971609313682
396.7226890756302,5930.744895010559,0.02192359384726216
396.7226890756302,6408.002744415996,0.020607295156703995
396.7226890756302,6923.6664026787275,0.019370027406731383
396.7226890756302,7480.826455225086,0.018207045557624545
396.7226890756302,8082.822192522714,0.017113889463172133
396.7226890756302,8733.261623828437,0.01608636676558556
396.7226890756302,9436.04310147889,0.015120536817407479
396.7226890756302,10195.378685327301,0.014212695568753096
396.7226890756302,11015.819387358995,0.01335936136192606
396.7226890756302,11902.282447787144,0.012557261578929363
396.7226890756302,12860.08080610565,0.011803320090663509
396.7226890756302,13894.954943731389,0.011094645459678223
396.7226890756302,15013.107289081743,0.010428519851234455
396.7226890756302,16221.239391291729,0.009802388610149
396.7226890756302,17526.592085367585,0.009213850463448532
396.7226890756302,18936.988889503602,0.008660648311258935
396.7226890756302,20460.88289466011,0.008140660570612182
396.7226890756302,22107.407427431233,0.007651893038973504
396.7226890756302,23886.430789846003,0.007192471246284615
396.7226890756302,25808.615404180768,0.006760633266192497
396.7226890756302,27885.481717262915,0.006354722958893839
396.7226890756302,30129.47724726992,0.005973183619681147
396.7226890756302,32554.05118685032,0.00561455200883183
396.7226890756302,35173.7350096938,0.005277452739944446
396.7226890756302,38004.22956365882,0.004960593005200773
396.7226890756302,41062.49917244294,0.004662757617324654
396.7226890756302,44366.873309786155,0.004382804349222986
396.7226890756302,47937.15645558219,0.004119659553435988
396.7226890756302,51794.74679231213,0.0038723140445968696
396.7226890756302,55962.76445319552,0.0036398192291097918
396.7226890756302,60466.19009070435,0.0034212834672030386
396.7226890756302,65332.014595937704,0.003215868653405525
396.7226890756302,70589.40086618738,0.003022787002332457
396.7226890756302,76269.85859023452,0.0028412980274533013
396.7226890756302,82407.43309893666,0.0026707057012554073
396.7226890756302,89038.90941296735,0.002510355785912139
396.7226890756302,96204.0327106476,0.0023596333242184822
396.7226890756302,103945.74653722627,0.0022179602811715684
396.7226890756302,112310.45018329516,0.0020847933271513574
396.7226890756302,121348.27677491431,0.001959621754199761
396.7226890756302,131113.3937421563,0.0018419655174069702
396.7226890756302,141664.3274669022,0.0017313733938934739
396.7226890756302,153064.31405563594,0.0016274212523273313
396.7226890756302,165381.6783395673,0.00152971042634008
396.7226890756302,178690.24337358287,0.0014378661856032412
396.7226890756302,193069.77288832495,0.0013515362987017933
396.7226890756302,208606.44934719568,0.0012703896822931352
396.7226890756302,225393.39047347888,0.0011941151313709158
396.7226890756302,243531.20734334175,0.0011224201257641795
396.7226890756302,263128.6073895945,0.0010550297082946446
396.7226890756302,284303.0459302665,0.0009916854302897125
396.7226890756302,307181.43012686964,0.0009321443604071859
396.7226890756302,331900.87959146773,0.0008761781529704254
396.7226890756302,358609.54820118286,0.0008235721722409172
396.7226890756302,387467.51204561285,0.0007741246692697634
396.7226890756302,418647.72882899473,0.0007276460081712404
396.7226890756302,452337.0744772105,0.0006839579388511039
396.7226890756302,488737.4631624427,0.0006428929134004978
396.7226890756302,528067.0574582637,0.0006042934435337508
396.7226890756302,570561.5758781021,0.0005680114966057979
396.7226890756302,616475.7056337161,0.0005339079278928806
396.7226890756302,666084.6290809154,0.0005018519469592716
396.7226890756302,719685.6730011514,0.0004717206160634911
396.7226890756302,777600.0906038043,0.0004433983786803523
396.7226890756302,840174.9869294344,0.0004167766163306795
396.7226890756302,907785.3991937558,0.00039175323201908553
396.7226890756302,980836.5445406671,0.0003682322586822689
396.7226890756302,1.0597662486760707e6,0.00034612349114618014
396.7226890756302,1.1450475699382813e6,0.00032534214018058394
396.7226890756302,1.2371916345321594e6,0.00030580850732428243
396.7226890756302,1.336750699919709e6,0.0002874476792339198
396.7226890756302,1.4443214647272818e6,0.000270189240384176
396.7226890756302,1.5605486450070748e6,0.0002539670030175132
396.7226890756302,1.6861288382868804e6,0.00023871875330782057
396.7226890756302,1.8218146985669748e6,0.00022438601276446286
396.7226890756302,1.9684194472866112e6,0.00021091381396169608
396.7226890756302,2.126821747296208e6,0.000198250489733352
396.7226890756302,2.2979709690469606e6,0.00018634747502433273
396.7226890756302,2.48289288056033e6,0.00017515912063899603
396.7226890756302,2.6826957952797273e6,0.00016464251817214167
396.7226890756302,2.898577214651068e6,0.0001547573354511868
396.7226890756302,3.131831005243845e6,0.00014546566185844194
396.7226890756302,3.383855153428233e6,0.00013673186294027982
396.7226890756302,3.6561601440851935e6,0.00012852244374560962
396.7226890756302,3.9503780135666407e6,0.00012080592036954786
396.7226890756302,4.268272131163825e6,0.00011355269920964342
396.7226890756302,4.611747767708261e6,0.00010673496347159214
396.7226890756302,4.982863514647306e6,0.00010032656648917976
396.7226890756302,5.383843622033489e6,9.430293144932539e-5
396.7226890756302,5.817091329374358e6,8.864095713766183e-5
396.7226890756302,6.285203269240097e6,8.331892934317694e-5
396.7226890756302,6.790985029955707e6,7.831643758214531e-5
396.7226890756302,7.337467970651373e6,7.361429682197831e-5
396.7226890756302,7.927927389450606e6,6.919447390479572e-5
396.7226890756302,8.565902153685499e6,6.504001838854752e-5
396.7226890756302,9.255215909791354e6,6.113499754045257e-5
396.7226890756302,1.0e7,5.746443523345092e-5
400.0,1000.0,0.0892943658343889
400.0,1080.4718223181285,0.08393310719947279
400.0,1167.4193588234587,0.07889374002861348
400.0,1261.3637220374437,0.07415693786851194
400.0,1362.867959355774,0.06970453463151641
400.0,1472.5404276241222,0.06551945492694554
400.0,1591.0384392721533,0.06158564857533798
400.0,1719.0722018585745,0.057888029054484834
400.0,1857.4090746385718,0.0544124156411791
400.0,2006.8781676649664,0.051145479026791174
400.0,2168.375310987435,0.04807469019809994
400.0,2342.8684237322327,0.04518827238733344
400.0,2531.403315241567,0.042475155907141904
400.0,2735.109953041208,0.039924935697292184
400.0,2955.209235202888,0.03752783142027019
400.0,3193.020307691027,0.03527464995275464
400.0,3449.9684705497157,0.03315675012911294
400.0,3727.593720314942,0.031166009601707734
400.0,4027.5599798502976,0.029294793690919717
400.0,4351.665070924416,0.02753592610542371
400.0,4701.851489299852,0.025882661420427642
400.0,5080.218046913023,0.02432865920832571
400.0,5489.032450921557,0.0228679597225544
400.0,5930.744895010559,0.021494961041396376
400.0,6408.002744415996,0.020204397584076977
400.0,6923.6664026787275,0.01899131991676019
400.0,7480.826455225086,0.01785107577099827
400.0,8082.822192522714,0.016779292201838877
400.0,8733.261623828437,0.015771858817164496
400.0,9436.04310147889,0.01482491201394708
400.0,10195.378685327301,0.013934820160962154
400.0,11015.819387358995,0.013098169671137078
400.0,11902.282447787144,0.012311751910119323
400.0,12860.08080610565,0.01157255089085802
400.0,13894.954943731389,0.01087773170700615
400.0,15013.107289081743,0.010224629660784688
400.0,16221.239391291729,0.009610740043612558
400.0,17526.592085367585,0.009033708530310647
400.0,18936.988889503602,0.008491322150040375
400.0,20460.88289466011,0.00798150079934967
400.0,22107.407427431233,0.007502289264777983
400.0,23886.430789846003,0.007051849724426372
400.0,25808.615404180768,0.006628454699735446
400.0,27885.481717262915,0.006230480430440383
400.0,30129.47724726992,0.005856400647295656
400.0,32554.05118685032,0.005504780718687008
400.0,35173.7350096938,0.005174272148682533
400.0,38004.22956365882,0.004863607405422249
400.0,41062.49917244294,0.004571595060012659
400.0,44366.873309786155,0.004297115217283386
400.0,47937.15645558219,0.004039115220882519
400.0,51794.74679231213,0.0037966056162391576
400.0,55962.76445319552,0.0035686563559108615
400.0,60466.19009070435,0.0033543932327630946
400.0,65332.014595937704,0.003152994527301552
400.0,70589.40086618738,0.002963687856299599
400.0,76269.85859023452,0.0027857472106349937
400.0,82407.43309893666,0.0026184901709757403
400.0,89038.90941296735,0.002461275290636893
400.0,96204.0327106476,0.002313499635571421
400.0,103945.74653722627,0.002174596472060675
400.0,112310.45018329516,0.0020440330932365715
400.0,121348.27677491431,0.0019213087760999975
400.0,131113.3937421563,0.0018059528612003894
400.0,141664.3274669022,0.001697522947611894
400.0,153064.31405563594,0.0015956031962836683
400.0,165381.6783395673,0.0014998027352574803
400.0,178690.24337358287,0.0014097541606365122
400.0,193069.77288832495,0.0013251121275564067
400.0,208606.44934719568,0.0012455520257548004
400.0,225393.39047347888,0.0011707687346600394
400.0,243531.20734334175,0.0011004754532247087
400.0,263128.6073895945,0.0010344026000162923
400.0,284303.0459302665,0.0009722967793466837
400.0,307181.43012686964,0.000913919809475579
400.0,331900.87959146773,0.0008590478091608082
400.0,358609.54820118286,0.0008074703390524368
400.0,387467.51204561285,0.0007589895946378064
400.0,418647.72882899473,0.0007134196476423789
400.0,452337.0744772105,0.0006705857329770864
400.0,488737.4631624427,0.0006303235784975664
400.0,528067.0574582637,0.0005924787750048263
400.0,570561.5758781021,0.0005569061840712575
400.0,616475.7056337161,0.0005234693814209346
400.0,666084.6290809154,0.0004920401337295159
400.0,719685.6730011514,0.0004624979068372259
400.0,777600.0906038043,0.0004347294034888677
400.0,840174.9869294344,0.0004086281288280533
400.0,907785.3991937558,0.00038409398197927964
400.0,980836.5445406671,0.0003610328721515341
400.0,1.0597662486760707e6,0.0003393563577911451
400.0,1.1450475699382813e6,0.00031898130739999497
400.0,1.2371916345321594e6,0.0002998295807183051
400.0,1.336750699919709e6,0.0002818277290492911
400.0,1.4443214647272818e6,0.00026490671357641554
400.0,1.5605486450070748e6,0.00024900164059294343
400.0,1.6861288382868804e6,0.00023405151262839642
400.0,1.8218146985669748e6,0.00021999899451743946
400.0,1.9684194472866112e6,0.00020679019351405907
400.0,2.126821747296208e6,0.00019437445260774702
400.0,2.2979709690469606e6,0.00018270415624903707
400.0,2.48289288056033e6,0.0001717345477393365
400.0,2.6826957952797273e6,0.000161423557584722
400.0,2.898577214651068e6,0.00015173164215542085
400.0,3.131831005243845e6,0.00014262163203222373
400.0,3.383855153428233e6,0.00013405858945821948
400.0,3.6561601440851935e6,0.0001260096743491683
400.0,3.9503780135666407e6,0.00011844401834864971
400.0,4.268272131163825e6,0.00011133260644497372
400.0,4.611747767708261e6,0.0001046481656958468
400.0,4.982863514647306e6,9.836506063403875e-5
400.0,5.383843622033489e6,9.245919495292329e-5
400.0,5.817091329374358e6,8.690791909484611e-5
400.0,6.285203269240097e6,8.168994338791307e-5
400.0,6.790985029955707e6,7.678525639806953e-5
400.0,7.337467970651373e6,7.217504818334408e-5
400.0,7.927927389450606e6,6.784163815592859e-5
400.0,8.565902153685499e6,6.376840727543946e-5
400.0,9.255215909791354e6,5.993973431331364e-5
400.0,1.0e7,5.6340935943908875e-5
