K3_m6_s,timing_strength,decompress_factor,N0_final
9.999999999999999e-43,0.0,0.1,80031.51581087377
9.999999999999999e-43,0.0,0.18181818181818182,79630.39229007835
9.999999999999999e-43,0.0,0.2636363636363636,79213.92808928549
9.999999999999999e-43,0.0,0.34545454545454546,78788.84926063383
9.999999999999999e-43,0.0,0.42727272727272725,78357.77249027652
9.999999999999999e-43,0.0,0.509090909090909,77922.23800691264
9.999999999999999e-43,0.0,0.5909090909090909,77483.32562678924
9.999999999999999e-43,0.0,0.6727272727272727,77041.86144260115
9.999999999999999e-43,0.0,0.7545454545454545,76598.50965742259
9.999999999999999e-43,0.0,0.8363636363636363,76153.82132166867
9.999999999999999e-43,0.0,0.9181818181818182,75708.26347104224
9.999999999999999e-43,0.0,1.0,75262.23806162717
9.999999999999999e-43,0.09090909090909091,0.1,77564.23894484488
9.999999999999999e-43,0.09090909090909091,0.18181818181818182,77164.69300760774
9.999999999999999e-43,0.09090909090909091,0.2636363636363636,76750.35252054557
9.999999999999999e-43,0.09090909090909091,0.34545454545454546,76327.65914408243
9.999999999999999e-43,0.09090909090909091,0.42727272727272725,75899.1584612699
9.999999999999999e-43,0.09090909090909091,0.509090909090909,75466.36317282192
9.999999999999999e-43,0.09090909090909091,0.5909090909090909,75030.33934696791
9.999999999999999e-43,0.09090909090909091,0.6727272727272727,74591.90483977592
9.999999999999999e-43,0.09090909090909091,0.7545454545454545,74151.71817179851
9.999999999999999e-43,0.09090909090909091,0.8363636363636363,73710.32601760367
9.999999999999999e-43,0.09090909090909091,0.9181818181818182,73268.19175294749
9.999999999999999e-43,0.09090909090909091,1.0,72825.71408544978
9.999999999999999e-43,0.18181818181818182,0.1,75845.31453003647
9.999999999999999e-43,0.18181818181818182,0.18181818181818182,75441.65422868433
9.999999999999999e-43,0.18181818181818182,0.2636363636363636,75023.63641074316
9.999999999999999e-43,0.18181818181818182,0.34545454545454546,74597.45772873308
9.999999999999999e-43,0.18181818181818182,0.42727272727272725,74165.61656112428
9.999999999999999e-43,0.18181818181818182,0.509090909090909,73729.61522507691
9.999999999999999e-43,0.18181818181818182,0.5909090909090909,73290.51922842435
9.999999999999999e-43,0.18181818181818182,0.6727272727272727,72849.14873903159
9.999999999999999e-43,0.18181818181818182,0.7545454545454545,72406.16524723075
9.999999999999999e-43,0.18181818181818182,0.8363636363636363,71962.11827339424
9.999999999999999e-43,0.18181818181818182,0.9181818181818182,71517.47363699735
9.999999999999999e-43,0.18181818181818182,1.0,71072.63200379489
9.999999999999999e-43,0.2727272727272727,0.1,74862.02792710785
9.999999999999999e-43,0.2727272727272727,0.18181818181818182,74449.27381623532
9.999999999999999e-43,0.2727272727272727,0.2636363636363636,74021.65594694232
9.999999999999999e-43,0.2727272727272727,0.34545454545454546,73585.75482441834
9.999999999999999e-43,0.2727272727272727,0.42727272727272725,73144.18867651447
9.999999999999999e-43,0.2727272727272727,0.509090909090909,72698.51930266179
9.999999999999999e-43,0.2727272727272727,0.5909090909090909,72249.84913671858
9.999999999999999e-43,0.2727272727272727,0.6727272727272727,71799.02413605452
9.999999999999999e-43,0.2727272727272727,0.7545454545454545,71346.72501644648
9.999999999999999e-43,0.2727272727272727,0.8363636363636363,70893.51617437549
9.999999999999999e-43,0.2727272727272727,0.9181818181818182,70439.8751863718
9.999999999999999e-43,0.2727272727272727,1.0,69986.2121127745
9.999999999999999e-43,0.36363636363636365,0.1,74460.6824961578
9.999999999999999e-43,0.36363636363636365,0.18181818181818182,74035.33136909446
9.999999999999999e-43,0.36363636363636365,0.2636363636363636,73593.29532520086
9.999999999999999e-43,0.36363636363636365,0.34545454545454546,73142.44027629838
9.999999999999999e-43,0.36363636363636365,0.42727272727272725,72685.73506246778
9.999999999999999e-43,0.36363636363636365,0.509090909090909,72227.32261783694
9.999999999999999e-43,0.36363636363636365,0.5909090909090909,71763.60650157926
9.999999999999999e-43,0.36363636363636365,0.6727272727272727,71300.16916365664
9.999999999999999e-43,0.36363636363636365,0.7545454545454545,70835.47741310652
9.999999999999999e-43,0.36363636363636365,0.8363636363636363,70374.67884176117
9.999999999999999e-43,0.36363636363636365,0.9181818181818182,69925.39989642464
9.999999999999999e-43,0.36363636363636365,1.0,69595.40872153253
9.999999999999999e-43,0.45454545454545453,0.1,74603.44873348644
9.999999999999999e-43,0.45454545454545453,0.18181818181818182,74168.23844437853
9.999999999999999e-43,0.45454545454545453,0.2636363636363636,73707.49268960823
9.999999999999999e-43,0.45454545454545453,0.34545454545454546,73243.6962125583
9.999999999999999e-43,0.45454545454545453,0.42727272727272725,72773.92046830113
9.999999999999999e-43,0.45454545454545453,0.509090909090909,72300.47589076441
9.999999999999999e-43,0.45454545454545453,0.5909090909090909,71824.98945274256
9.999999999999999e-43,0.45454545454545453,0.6727272727272727,71354.5942719867
9.999999999999999e-43,0.45454545454545453,0.7545454545454545,70896.40247589539
9.999999999999999e-43,0.45454545454545453,0.8363636363636363,70458.64419012527
9.999999999999999e-43,0.45454545454545453,0.9181818181818182,70109.66106692851
9.999999999999999e-43,0.45454545454545453,1.0,69855.0223334547
9.999999999999999e-43,0.5454545454545454,0.1,75334.34555754259
9.999999999999999e-43,0.5454545454545454,0.18181818181818182,74872.54677290012
9.999999999999999e-43,0.5454545454545454,0.2636363636363636,74403.11651983962
9.999999999999999e-43,0.5454545454545454,0.34545454545454546,73923.92565173011
9.999999999999999e-43,0.5454545454545454,0.42727272727272725,73439.60423494832
9.999999999999999e-43,0.5454545454545454,0.509090909090909,72964.36981490202
9.999999999999999e-43,0.5454545454545454,0.5909090909090909,72488.90204131941
9.999999999999999e-43,0.5454545454545454,0.6727272727272727,72035.58605754742
9.999999999999999e-43,0.5454545454545454,0.7545454545454545,71605.78394667666
9.999999999999999e-43,0.5454545454545454,0.8363636363636363,71234.13262917375
9.999999999999999e-43,0.5454545454545454,0.9181818181818182,71009.59616587443
9.999999999999999e-43,0.5454545454545454,1.0,70708.70517050479
9.999999999999999e-43,0.6363636363636364,0.1,76546.22012108585
9.999999999999999e-43,0.6363636363636364,0.18181818181818182,76083.86543362711
9.999999999999999e-43,0.6363636363636364,0.2636363636363636,75598.75390963703
9.999999999999999e-43,0.6363636363636364,0.34545454545454546,75104.65168997637
9.999999999999999e-43,0.6363636363636364,0.42727272727272725,74624.00120933529
9.999999999999999e-43,0.6363636363636364,0.509090909090909,74141.64000458676
9.999999999999999e-43,0.6363636363636364,0.5909090909090909,73676.06023941572
9.999999999999999e-43,0.6363636363636364,0.6727272727272727,73240.30647032097
9.999999999999999e-43,0.6363636363636364,0.7545454545454545,72843.23793755141
9.999999999999999e-43,0.6363636363636364,0.8363636363636363,72523.30599646916
9.999999999999999e-43,0.6363636363636364,0.9181818181818182,72274.45736086353
9.999999999999999e-43,0.6363636363636364,1.0,71936.14749126016
9.999999999999999e-43,0.7272727272727273,0.1,78211.9818538042
9.999999999999999e-43,0.7272727272727273,0.18181818181818182,77736.30344024302
9.999999999999999e-43,0.7272727272727273,0.2636363636363636,77235.8087476132
9.999999999999999e-43,0.7272727272727273,0.34545454545454546,76751.36031339919
9.999999999999999e-43,0.7272727272727273,0.42727272727272725,76260.11620072342
9.999999999999999e-43,0.7272727272727273,0.509090909090909,75786.52608650699
9.999999999999999e-43,0.7272727272727273,0.5909090909090909,75328.90292527029
9.999999999999999e-43,0.7272727272727273,0.6727272727272727,74899.61013721212
9.999999999999999e-43,0.7272727272727273,0.7545454545454545,74514.86990627593
9.999999999999999e-43,0.7272727272727273,0.8363636363636363,74205.57137057581
9.999999999999999e-43,0.7272727272727273,0.9181818181818182,73869.11999116263
9.999999999999999e-43,0.7272727272727273,1.0,73463.75562746375
9.999999999999999e-43,0.8181818181818182,0.1,80225.46343224277
9.999999999999999e-43,0.8181818181818182,0.18181818181818182,79725.89495622685
9.999999999999999e-43,0.8181818181818182,0.2636363636363636,79231.34387931785
9.999999999999999e-43,0.8181818181818182,0.34545454545454546,78720.68578325985
9.999999999999999e-43,0.8181818181818182,0.42727272727272725,78202.86667956885
9.999999999999999e-43,0.8181818181818182,0.509090909090909,77721.32427606461
9.999999999999999e-43,0.8181818181818182,0.5909090909090909,77247.07471294513
9.999999999999999e-43,0.8181818181818182,0.6727272727272727,76793.53596465448
9.999999999999999e-43,0.8181818181818182,0.7545454545454545,76374.85645024883
9.999999999999999e-43,0.8181818181818182,0.8363636363636363,76017.88333749548
9.999999999999999e-43,0.8181818181818182,0.9181818181818182,75575.99337309808
9.999999999999999e-43,0.8181818181818182,1.0,75086.22262389142
9.999999999999999e-43,0.9090909090909091,0.1,82430.25793459991
9.999999999999999e-43,0.9090909090909091,0.18181818181818182,81889.9602203053
9.999999999999999e-43,0.9090909090909091,0.2636363636363636,81354.42718247903
9.999999999999999e-43,0.9090909090909091,0.34545454545454546,80800.58080252535
9.999999999999999e-43,0.9090909090909091,0.42727272727272725,80260.29748623773
9.999999999999999e-43,0.9090909090909091,0.509090909090909,79727.25644005234
9.999999999999999e-43,0.9090909090909091,0.5909090909090909,79211.58471561284
9.999999999999999e-43,0.9090909090909091,0.6727272727272727,78706.45509939379
9.999999999999999e-43,0.9090909090909091,0.7545454545454545,78230.81247529993
9.999999999999999e-43,0.9090909090909091,0.8363636363636363,77769.58656806947
9.999999999999999e-43,0.9090909090909091,0.9181818181818182,77236.6371546882
9.999999999999999e-43,0.9090909090909091,1.0,76655.03626970558
9.999999999999999e-43,1.0,0.1,84699.01864168442
9.999999999999999e-43,1.0,0.18181818181818182,84104.26661296915
9.999999999999999e-43,1.0,0.2636363636363636,83510.4132669698
9.999999999999999e-43,1.0,0.34545454545454546,82923.80144661004
9.999999999999999e-43,1.0,0.42727272727272725,82327.24388139142
9.999999999999999e-43,1.0,0.509090909090909,81736.33655546012
9.999999999999999e-43,1.0,0.5909090909090909,81167.88363505084
9.999999999999999e-43,1.0,0.6727272727272727,80612.07949123831
9.999999999999999e-43,1.0,0.7545454545454545,80087.10424431425
9.999999999999999e-43,1.0,0.8363636363636363,79558.28438883708
9.999999999999999e-43,1.0,0.9181818181818182,79011.92504271363
9.999999999999999e-43,1.0,1.0,78414.84486664197
1.3870919878509274e-42,0.0,0.1,67716.77816216701
1.3870919878509274e-42,0.0,0.18181818181818182,67304.93493336964
1.3870919878509274e-42,0.0,0.2636363636363636,66878.3786204305
1.3870919878509274e-42,0.0,0.34545454545454546,66443.93664225226
1.3870919878509274e-42,0.0,0.42727272727272725,66004.29526748197
1.3870919878509274e-42,0.0,0.509090909090909,65561.0450567747
1.3870919878509274e-42,0.0,0.5909090909090909,65115.30294060852
1.3870919878509274e-42,0.0,0.6727272727272727,64667.92237286287
1.3870919878509274e-42,0.0,0.7545454545454545,64219.58737968579
1.3870919878509274e-42,0.0,0.8363636363636363,63770.86282008492
1.3870919878509274e-42,0.0,0.9181818181818182,63322.22462944538
1.3870919878509274e-42,0.0,1.0,62874.0795900207
1.3870919878509274e-42,0.09090909090909091,0.1,65149.94415066311
1.3870919878509274e-42,0.09090909090909091,0.18181818181818182,64745.23463496474
1.3870919878509274e-42,0.09090909090909091,0.2636363636363636,64326.45819038997
1.3870919878509274e-42,0.09090909090909091,0.34545454545454546,63900.12566064757
1.3870919878509274e-42,0.09090909090909091,0.42727272727272725,63468.829966494355
1.3870919878509274e-42,0.09090909090909091,0.509090909090909,63034.117386808044
1.3870919878509274e-42,0.09090909090909091,0.5909090909090909,62597.07783849048
1.3870919878509274e-42,0.09090909090909091,0.6727272727272727,62158.545685631834
1.3870919878509274e-42,0.09090909090909091,0.7545454545454545,61719.190186811116
1.3870919878509274e-42,0.09090909090909091,0.8363636363636363,61279.56409227449
1.3870919878509274e-42,0.09090909090909091,0.9181818181818182,60840.133012716615
1.3870919878509274e-42,0.09090909090909091,1.0,60401.29468294738
1.3870919878509274e-42,0.18181818181818182,0.1,63429.7385445789
1.3870919878509274e-42,0.18181818181818182,0.18181818181818182,63024.13515497463
1.3870919878509274e-42,0.18181818181818182,0.2636363636363636,62604.981028176946
1.3870919878509274e-42,0.18181818181818182,0.34545454545454546,62178.52391534555
1.3870919878509274e-42,0.18181818181818182,0.42727272727272725,61747.29686528547
1.3870919878509274e-42,0.18181818181818182,0.509090909090909,61312.82604710428
1.3870919878509274e-42,0.18181818181818182,0.5909090909090909,60876.192934155006
1.3870919878509274e-42,0.18181818181818182,0.6727272727272727,60438.22758063242
1.3870919878509274e-42,0.18181818181818182,0.7545454545454545,59999.596511342104
1.3870919878509274e-42,0.18181818181818182,0.8363636363636363,59560.85031850749
1.3870919878509274e-42,0.18181818181818182,0.9181818181818182,59122.45260558322
1.3870919878509274e-42,0.18181818181818182,1.0,58684.79906431136
1.3870919878509274e-42,0.2727272727272727,0.1,62503.408498423145
1.3870919878509274e-42,0.2727272727272727,0.18181818181818182,62089.934268815334
1.3870919878509274e-42,0.2727272727272727,0.2636363636363636,61662.47175875099
1.3870919878509274e-42,0.2727272727272727,0.34545454545454546,61227.646770492465
1.3870919878509274e-42,0.2727272727272727,0.42727272727272725,60788.107799178695
1.3870919878509274e-42,0.2727272727272727,0.509090909090909,60345.43676841329
1.3870919878509274e-42,0.2727272727272727,0.5909090909090909,59900.74872636583
1.3870919878509274e-42,0.2727272727272727,0.6727272727272727,59454.89639817213
1.3870919878509274e-42,0.2727272727272727,0.7545454545454545,59008.56257248347
1.3870919878509274e-42,0.2727272727272727,0.8363636363636363,58562.30987115902
1.3870919878509274e-42,0.2727272727272727,0.9181818181818182,58116.61089964215
1.3870919878509274e-42,0.2727272727272727,1.0,57671.86806710567
1.3870919878509274e-42,0.36363636363636365,0.1,62201.77342636757
1.3870919878509274e-42,0.36363636363636365,0.18181818181818182,61775.23357643931
1.3870919878509274e-42,0.36363636363636365,0.2636363636363636,61332.94911717355
1.3870919878509274e-42,0.36363636363636365,0.34545454545454546,60882.83593222815
1.3870919878509274e-42,0.36363636363636365,0.42727272727272725,60427.895697618624
1.3870919878509274e-42,0.36363636363636365,0.509090909090909,59972.20705219048
1.3870919878509274e-42,0.36363636363636365,0.5909090909090909,59512.34991346246
1.3870919878509274e-42,0.36363636363636365,0.6727272727272727,59053.745027611156
1.3870919878509274e-42,0.36363636363636365,0.7545454545454545,58594.9393808293
1.3870919878509274e-42,0.36363636363636365,0.8363636363636363,58140.89388532646
1.3870919878509274e-42,0.36363636363636365,0.9181818181818182,57698.96568229824
1.3870919878509274e-42,0.36363636363636365,1.0,57375.362098115824
1.3870919878509274e-42,0.45454545454545453,0.1,62467.64765106884
1.3870919878509274e-42,0.45454545454545453,0.18181818181818182,62029.013533390294
1.3870919878509274e-42,0.45454545454545453,0.2636363636363636,61566.00484416867
1.3870919878509274e-42,0.45454545454545453,0.34545454545454546,61100.816050973604
1.3870919878509274e-42,0.45454545454545453,0.42727272727272725,60630.73002588366
1.3870919878509274e-42,0.45454545454545453,0.509090909090909,60158.07002089188
1.3870919878509274e-42,0.45454545454545453,0.5909090909090909,59684.464968700726
1.3870919878509274e-42,0.45454545454545453,0.6727272727272727,59216.83399502553
1.3870919878509274e-42,0.45454545454545453,0.7545454545454545,58762.05330333871
1.3870919878509274e-42,0.45454545454545453,0.8363636363636363,58328.11805423514
1.3870919878509274e-42,0.45454545454545453,0.9181818181818182,57981.970987555906
1.3870919878509274e-42,0.45454545454545453,1.0,57730.962989929234
1.3870919878509274e-42,0.5454545454545454,0.1,63341.508266875826
1.3870919878509274e-42,0.5454545454545454,0.18181818181818182,62872.449918800914
1.3870919878509274e-42,0.5454545454545454,0.2636363636363636,62396.4266522622
1.3870919878509274e-42,0.5454545454545454,0.34545454545454546,61911.72788308645
1.3870919878509274e-42,0.5454545454545454,0.42727272727272725,61423.01552278829
1.3870919878509274e-42,0.5454545454545454,0.509090909090909,60944.1462359453
1.3870919878509274e-42,0.5454545454545454,0.5909090909090909,60466.13250077659
1.3870919878509274e-42,0.5454545454545454,0.6727272727272727,60010.66002547178
1.3870919878509274e-42,0.5454545454545454,0.7545454545454545,59579.09671660937
1.3870919878509274e-42,0.5454545454545454,0.8363636363636363,59205.31178163702
1.3870919878509274e-42,0.5454545454545454,0.9181818181818182,58978.30453891118
1.3870919878509274e-42,0.5454545454545454,1.0,58676.8316777761
1.3870919878509274e-42,0.6363636363636364,0.1,64704.20928350549
1.3870919878509274e-42,0.6363636363636364,0.18181818181818182,64228.12669912126
1.3870919878509274e-42,0.6363636363636364,0.2636363636363636,63730.28825225901
1.3870919878509274e-42,0.6363636363636364,0.34545454545454546,63224.553144900936
1.3870919878509274e-42,0.6363636363636364,0.42727272727272725,62732.8764471596
1.3870919878509274e-42,0.6363636363636364,0.509090909090909,62240.62839479911
1.3870919878509274e-42,0.6363636363636364,0.5909090909090909,61765.781081441426
1.3870919878509274e-42,0.6363636363636364,0.6727272727272727,61321.01713670662
1.3870919878509274e-42,0.6363636363636364,0.7545454545454545,60915.08360524427
1.3870919878509274e-42,0.6363636363636364,0.8363636363636363,60586.07492928739
1.3870919878509274e-42,0.6363636363636364,0.9181818181818182,60329.48917437941
1.3870919878509274e-42,0.6363636363636364,1.0,59985.34813435695
1.3870919878509274e-42,0.7272727272727273,0.1,66520.03620063496
1.3870919878509274e-42,0.7272727272727273,0.18181818181818182,66022.40853766802
1.3870919878509274e-42,0.7272727272727273,0.2636363636363636,65500.96684080745
1.3870919878509274e-42,0.7272727272727273,0.34545454545454546,64995.9494023844
1.3870919878509274e-42,0.7272727272727273,0.42727272727272725,64485.37473754034
1.3870919878509274e-42,0.7272727272727273,0.509090909090909,63993.08432617211
1.3870919878509274e-42,0.7272727272727273,0.5909090909090909,63517.5239018023
1.3870919878509274e-42,0.7272727272727273,0.6727272727272727,63070.80520404612
1.3870919878509274e-42,0.7272727272727273,0.7545454545454545,62669.01133016195
1.3870919878509274e-42,0.7272727272727273,0.8363636363636363,62343.43378921461
1.3870919878509274e-42,0.7272727272727273,0.9181818181818182,61993.214493017156
1.3870919878509274e-42,0.7272727272727273,1.0,61576.24796973225
1.3870919878509274e-42,0.8181818181818182,0.1,68687.23971915295
1.3870919878509274e-42,0.8181818181818182,0.18181818181818182,68155.63399135403
1.3870919878509274e-42,0.8181818181818182,0.2636363636363636,67629.19471058181
1.3870919878509274e-42,0.8181818181818182,0.34545454545454546,67088.0003941651
1.3870919878509274e-42,0.8181818181818182,0.42727272727272725,66541.0515965347
1.3870919878509274e-42,0.8181818181818182,0.509090909090909,66030.65063353303
1.3870919878509274e-42,0.8181818181818182,0.5909090909090909,65528.84858248398
1.3870919878509274e-42,0.8181818181818182,0.6727272727272727,65048.87491232848
1.3870919878509274e-42,0.8181818181818182,0.7545454545454545,64604.925456117475
1.3870919878509274e-42,0.8181818181818182,0.8363636363636363,64224.55871240881
1.3870919878509274e-42,0.8181818181818182,0.9181818181818182,63762.28696130221
1.3870919878509274e-42,0.8181818181818182,1.0,63254.945987276
1.3870919878509274e-42,0.9090909090909091,0.1,71070.98352749158
1.3870919878509274e-42,0.9090909090909091,0.18181818181818182,70486.79687981117
1.3870919878509274e-42,0.9090909090909091,0.2636363636363636,69907.6441886361
1.3870919878509274e-42,0.9090909090909091,0.34545454545454546,69311.82861386199
1.3870919878509274e-42,0.9090909090909091,0.42727272727272725,68730.65021045998
1.3870919878509274e-42,0.9090909090909091,0.509090909090909,68158.2288204751
1.3870919878509274e-42,0.9090909090909091,0.5909090909090909,67604.64737793992
1.3870919878509274e-42,0.9090909090909091,0.6727272727272727,67063.5803374333
1.3870919878509274e-42,0.9090909090909091,0.7545454545454545,66554.0515858734
1.3870919878509274e-42,0.9090909090909091,0.8363636363636363,66062.00053532133
1.3870919878509274e-42,0.9090909090909091,0.9181818181818182,65501.68514792768
1.3870919878509274e-42,0.9090909090909091,1.0,64896.26488968312
1.3870919878509274e-42,1.0,0.1,73536.78577241603
1.3870919878509274e-42,1.0,0.18181818181818182,72884.83245877843
1.3870919878509274e-42,1.0,0.2636363636363636,72234.41693862368
1.3870919878509274e-42,1.0,0.34545454545454546,71592.43688351431
1.3870919878509274e-42,1.0,0.42727272727272725,70942.50844152049
1.3870919878509274e-42,1.0,0.509090909090909,70300.27786847454
1.3870919878509274e-42,1.0,0.5909090909090909,69682.40878463439
1.3870919878509274e-42,1.0,0.6727272727272727,69079.38185383854
1.3870919878509274e-42,1.0,0.7545454545454545,68509.64147936393
1.3870919878509274e-42,1.0,0.8363636363636363,67938.74037703333
1.3870919878509274e-42,1.0,0.9181818181818182,67351.86113825938
1.3870919878509274e-42,1.0,1.0,66720.008932112
1.924024182760237e-42,0.0,0.1,55606.804307240855
1.924024182760237e-42,0.0,0.18181818181818182,55206.66854221888
1.924024182760237e-42,0.0,0.2636363636363636,54792.92900059621
1.924024182760237e-42,0.0,0.34545454545454546,54372.38559855857
1.924024182760237e-42,0.0,0.42727272727272725,53947.70388808154
1.924024182760237e-42,0.0,0.509090909090909,53520.45566819033
1.924024182760237e-42,0.0,0.5909090909090909,53091.73929567618
1.924024182760237e-42,0.0,0.6727272727272727,52662.38914073566
1.924024182760237e-42,0.0,0.7545454545454545,52233.06937735946
1.924024182760237e-42,0.0,0.8363636363636363,51804.32418387504
1.924024182760237e-42,0.0,0.9181818181818182,51376.60802005465
1.924024182760237e-42,0.0,1.0,50950.30547515435
1.924024182760237e-42,0.09090909090909091,0.1,53130.16241202269
1.924024182760237e-42,0.09090909090909091,0.18181818181818182,52741.92287171594
1.924024182760237e-42,0.09090909090909091,0.2636363636363636,52340.775797263246
1.924024182760237e-42,0.09090909090909091,0.34545454545454546,51933.17540809592
1.924024182760237e-42,0.09090909090909091,0.42727272727272725,51521.673884204916
1.924024182760237e-42,0.09090909090909091,0.509090909090909,51107.78381949149
1.924024182760237e-42,0.09090909090909091,0.5909090909090909,50692.564918582735
1.924024182760237e-42,0.09090909090909091,0.6727272727272727,50276.82312225653
1.924024182760237e-42,0.09090909090909091,0.7545454545454545,49861.20019927386
1.924024182760237e-42,0.09090909090909091,0.8363636363636363,49446.22189356083
1.924024182760237e-42,0.09090909090909091,0.9181818181818182,49032.327057187096
1.924024182760237e-42,0.09090909090909091,1.0,48619.886797234
1.924024182760237e-42,0.18181818181818182,0.1,51559.918259211576
1.924024182760237e-42,0.18181818181818182,0.18181818181818182,51173.11949724492
1.924024182760237e-42,0.18181818181818182,0.2636363636363636,50773.97269211152
1.924024182760237e-42,0.18181818181818182,0.34545454545454546,50368.65489125611
1.924024182760237e-42,0.18181818181818182,0.42727272727272725,49959.64847209095
1.924024182760237e-42,0.18181818181818182,0.509090909090909,49548.43827026512
1.924024182760237e-42,0.18181818181818182,0.5909090909090909,49136.06935094907
1.924024182760237e-42,0.18181818181818182,0.6727272727272727,48723.3381598569
1.924024182760237e-42,0.18181818181818182,0.7545454545454545,48310.87929487625
1.924024182760237e-42,0.18181818181818182,0.8363636363636363,47899.21248437547
1.924024182760237e-42,0.18181818181818182,0.9181818181818182,47488.77118080718
1.924024182760237e-42,0.18181818181818182,1.0,47079.921439735444
1.924024182760237e-42,0.2727272727272727,0.1,50787.81003365844
1.924024182760237e-42,0.2727272727272727,0.18181818181818182,50393.80439603454
1.924024182760237e-42,0.2727272727272727,0.2636363636363636,49987.06283970667
1.924024182760237e-42,0.2727272727272727,0.34545454545454546,49574.13700357376
1.924024182760237e-42,0.2727272727272727,0.42727272727272725,49157.62176749157
1.924024182760237e-42,0.2727272727272727,0.509090909090909,48739.05499131392
1.924024182760237e-42,0.2727272727272727,0.5909090909090909,48319.51268770134
1.924024182760237e-42,0.2727272727272727,0.6727272727272727,47899.811405312175
1.924024182760237e-42,0.2727272727272727,0.7545454545454545,47480.599481024365
1.924024182760237e-42,0.2727272727272727,0.8363636363636363,47062.40618714793
1.924024182760237e-42,0.2727272727272727,0.9181818181818182,46645.67153316921
1.924024182760237e-42,0.2727272727272727,1.0,46230.765891863884
1.924024182760237e-42,0.36363636363636365,0.1,50644.64115067742
1.924024182760237e-42,0.36363636363636365,0.18181818181818182,50236.75482305661
1.924024182760237e-42,0.36363636363636365,0.2636363636363636,49814.4364810415
1.924024182760237e-42,0.36363636363636365,0.34545454545454546,49385.53378429207
1.924024182760237e-42,0.36363636363636365,0.42727272727272725,48952.99792175706
1.924024182760237e-42,0.36363636363636365,0.509090909090909,48520.777384013345
1.924024182760237e-42,0.36363636363636365,0.5909090909090909,48085.58059798624
1.924024182760237e-42,0.36363636363636365,0.6727272727272727,47652.620154033844
1.924024182760237e-42,0.36363636363636365,0.7545454545454545,47220.488236230645
1.924024182760237e-42,0.36363636363636365,0.8363636363636363,46793.92538701827
1.924024182760237e-42,0.36363636363636365,0.9181818181818182,46379.98998154291
1.924024182760237e-42,0.36363636363636365,1.0,46083.27933912188
1.924024182760237e-42,0.45454545454545453,0.1,51060.08010650351
1.924024182760237e-42,0.45454545454545453,0.18181818181818182,50637.7238188884
1.924024182760237e-42,0.45454545454545453,0.2636363636363636,50192.54468637838
1.924024182760237e-42,0.45454545454545453,0.34545454545454546,49746.313141513005
1.924024182760237e-42,0.45454545454545453,0.42727272727272725,49296.44788989178
1.924024182760237e-42,0.45454545454545453,0.509090909090909,48845.22010505145
1.924024182760237e-42,0.45454545454545453,0.5909090909090909,48394.208092691304
1.924024182760237e-42,0.45454545454545453,0.6727272727272727,47950.06715522772
1.924024182760237e-42,0.45454545454545453,0.7545454545454545,47519.39569579797
1.924024182760237e-42,0.45454545454545453,0.8363636363636363,47109.917972969924
1.924024182760237e-42,0.45454545454545453,0.9181818181818182,46787.10973897731
1.924024182760237e-42,0.45454545454545453,1.0,46560.133912054254
1.924024182760237e-42,0.5454545454545454,0.1,52056.740851260205
1.924024182760237e-42,0.5454545454545454,0.18181818181818182,51600.45162185964
1.924024182760237e-42,0.5454545454545454,0.2636363636363636,51138.2569451054
1.924024182760237e-42,0.5454545454545454,0.34545454545454546,50668.76543772645
1.924024182760237e-42,0.5454545454545454,0.42727272727272725,50196.584178710706
1.924024182760237e-42,0.5454545454545454,0.509090909090909,49735.12439020831
1.924024182760237e-42,0.5454545454545454,0.5909090909090909,49275.694427831564
1.924024182760237e-42,0.5454545454545454,0.6727272727272727,48839.206145105716
1.924024182760237e-42,0.5454545454545454,0.7545454545454545,48426.99880397263
1.924024182760237e-42,0.5454545454545454,0.8363636363636363,48072.10998042466
1.924024182760237e-42,0.5454545454545454,0.9181818181818182,47863.54461878016
1.924024182760237e-42,0.5454545454545454,1.0,47582.368972036005
1.924024182760237e-42,0.6363636363636364,0.1,53529.7688157595
1.924024182760237e-42,0.6363636363636364,0.18181818181818182,53060.36510757071
1.924024182760237e-42,0.6363636363636364,0.2636363636363636,52570.66995790597
1.924024182760237e-42,0.6363636363636364,0.34545454545454546,52074.5112395861
1.924024182760237e-42,0.6363636363636364,0.42727272727272725,51593.23336922685
1.924024182760237e-42,0.6363636363636364,0.509090909090909,51112.70479000927
1.924024182760237e-42,0.6363636363636364,0.5909090909090909,50650.289911198735
1.924024182760237e-42,0.6363636363636364,0.6727272727272727,50218.244414856614
1.924024182760237e-42,0.6363636363636364,0.7545454545454545,49825.159061608916
1.924024182760237e-42,0.6363636363636364,0.8363636363636363,49508.71393930657
1.924024182760237e-42,0.6363636363636364,0.9181818181818182,49266.02216701572
1.924024182760237e-42,0.6363636363636364,1.0,48937.68061842515
1.924024182760237e-42,0.7272727272727273,0.1,55428.28944102569
1.924024182760237e-42,0.7272727272727273,0.18181818181818182,54929.75562330704
1.924024182760237e-42,0.7272727272727273,0.2636363636363636,54408.94842263384
1.924024182760237e-42,0.7272727272727273,0.34545454545454546,53905.293043370686
1.924024182760237e-42,0.7272727272727273,0.42727272727272725,53397.64120328649
1.924024182760237e-42,0.7272727272727273,0.509090909090909,52909.10400726943
1.924024182760237e-42,0.7272727272727273,0.5909090909090909,52438.21087407361
1.924024182760237e-42,0.7272727272727273,0.6727272727272727,51996.75350318911
1.924024182760237e-42,0.7272727272727273,0.7545454545454545,51600.62110960152
1.924024182760237e-42,0.7272727272727273,0.8363636363636363,51281.493207168955
1.924024182760237e-42,0.7272727272727273,0.9181818181818182,50940.34390885698
1.924024182760237e-42,0.7272727272727273,1.0,50534.656060044355
1.924024182760237e-42,0.8181818181818182,0.1,57687.97894223897
1.924024182760237e-42,0.8181818181818182,0.18181818181818182,57145.6246086715
1.924024182760237e-42,0.8181818181818182,0.2636363636363636,56609.14129789416
1.924024182760237e-42,0.8181818181818182,0.34545454545454546,56059.78152362027
1.924024182760237e-42,0.8181818181818182,0.42727272727272725,55506.49586253879
1.924024182760237e-42,0.8181818181818182,0.509090909090909,54990.266711081655
1.924024182760237e-42,0.8181818181818182,0.5909090909090909,54484.20542504445
1.924024182760237e-42,0.8181818181818182,0.6727272727272727,54001.27605358416
1.924024182760237e-42,0.8181818181818182,0.7545454545454545,53555.670783138696
1.924024182760237e-42,0.8181818181818182,0.8363636363636363,53175.66996630894
1.924024182760237e-42,0.8181818181818182,0.9181818181818182,52716.972052952326
1.924024182760237e-42,0.8181818181818182,1.0,52216.14218250895
1.924024182760237e-42,0.9090909090909091,0.1,60132.672804003494
1.924024182760237e-42,0.9090909090909091,0.18181818181818182,59526.93679448775
1.924024182760237e-42,0.9090909090909091,0.2636363636363636,58927.19395905889
1.924024182760237e-42,0.9090909090909091,0.34545454545454546,58313.11157548503
1.924024182760237e-42,0.9090909090909091,0.42727272727272725,57715.23064581728
1.924024182760237e-42,0.9090909090909091,0.509090909090909,57128.05952696887
1.924024182760237e-42,0.9090909090909091,0.5909090909090909,56561.54941254975
1.924024182760237e-42,0.9090909090909091,0.6727272727272727,56009.84927541947
1.924024182760237e-42,0.9090909090909091,0.7545454545454545,55491.998435947215
1.924024182760237e-42,0.9090909090909091,0.8363636363636363,54994.97726778839
1.924024182760237e-42,0.9090909090909091,0.9181818181818182,54433.41166990738
1.924024182760237e-42,0.9090909090909091,1.0,53830.48864561708
1.924024182760237e-42,1.0,0.1,62688.13025923647
1.924024182760237e-42,1.0,0.18181818181818182,62001.879236606226
1.924024182760237e-42,1.0,0.2636363636363636,61318.68660280613
1.924024182760237e-42,1.0,0.34545454545454546,60645.889926035095
1.924024182760237e-42,1.0,0.42727272727272725,59967.8674761555
1.924024182760237e-42,1.0,0.509090909090909,59300.19782387608
1.924024182760237e-42,1.0,0.5909090909090909,58659.28812752348
1.924024182760237e-42,1.0,0.6727272727272727,58035.863467866526
1.924024182760237e-42,1.0,0.7545454545454545,57448.57699948589
1.924024182760237e-42,1.0,0.8363636363636363,56863.18289520748
1.924024182760237e-42,1.0,0.9181818181818182,56263.59561063912
1.924024182760237e-42,1.0,1.0,55625.19251840866
2.6687985283381533e-42,0.0,0.1,44361.34386586273
2.6687985283381533e-42,0.0,0.18181818181818182,43992.77514364199
2.6687985283381533e-42,0.0,0.2636363636363636,43611.977147545746
2.6687985283381533e-42,0.0,0.34545454545454546,43225.60070448738
2.6687985283381533e-42,0.0,0.42727272727272725,42836.205718049525
2.6687985283381533e-42,0.0,0.509090909090909,42445.28084322799
2.6687985283381533e-42,0.0,0.5909090909090909,42053.8547021068
2.6687985283381533e-42,0.0,0.6727272727272727,41662.700681106246
2.6687985283381533e-42,0.0,0.7545454545454545,41272.42807831831
2.6687985283381533e-42,0.0,0.8363636363636363,40883.53069572333
2.6687985283381533e-42,0.0,0.9181818181818182,40496.41608629016
2.6687985283381533e-42,0.0,1.0,40111.424715983405
2.6687985283381533e-42,0.09090909090909091,0.1,42148.855703956935
2.6687985283381533e-42,0.09090909090909091,0.18181818181818182,41794.89451356111
2.6687985283381533e-42,0.09090909090909091,0.2636363636363636,41429.39380817863
2.6687985283381533e-42,0.09090909090909091,0.34545454545454546,41058.64082577975
2.6687985283381533e-42,0.09090909090909091,0.42727272727272725,40685.069976484
2.6687985283381533e-42,0.09090909090909091,0.509090909090909,40310.10188584144
2.6687985283381533e-42,0.09090909090909091,0.5909090909090909,39934.71985908622
2.6687985283381533e-42,0.09090909090909091,0.6727272727272727,39559.66372077709
2.6687985283381533e-42,0.09090909090909091,0.7545454545454545,39185.516377169704
2.6687985283381533e-42,0.09090909090909091,0.8363636363636363,38812.75009833207
2.6687985283381533e-42,0.09090909090909091,0.9181818181818182,38441.75444075882
2.6687985283381533e-42,0.09090909090909091,1.0,38072.85457597139
2.6687985283381533e-42,0.18181818181818182,0.1,40829.208170256716
2.6687985283381533e-42,0.18181818181818182,0.18181818181818182,40477.69643297224
2.6687985283381533e-42,0.18181818181818182,0.2636363636363636,40115.21369810896
2.6687985283381533e-42,0.18181818181818182,0.34545454545454546,39747.76305547219
2.6687985283381533e-42,0.18181818181818182,0.42727272727272725,39377.70410052314
2.6687985283381533e-42,0.18181818181818182,0.509090909090909,39006.42578201206
2.6687985283381533e-42,0.18181818181818182,0.5909090909090909,38634.893559714095
2.6687985283381533e-42,0.18181818181818182,0.6727272727272727,38263.83506674267
2.6687985283381533e-42,0.18181818181818182,0.7545454545454545,37893.82373042716
2.6687985283381533e-42,0.18181818181818182,0.8363636363636363,37525.32380702712
2.6687985283381533e-42,0.18181818181818182,0.9181818181818182,37158.71771097558
2.6687985283381533e-42,0.18181818181818182,1.0,36794.32403667033
2.6687985283381533e-42,0.2727272727272727,0.1,40275.022159687425
2.6687985283381533e-42,0.2727272727272727,0.18181818181818182,39916.06967741135
2.6687985283381533e-42,0.2727272727272727,0.2636363636363636,39545.78874819825
2.6687985283381533e-42,0.2727272727272727,0.34545454545454546,39170.55821291326
2.6687985283381533e-42,0.2727272727272727,0.42727272727272725,38792.8502743262
2.6687985283381533e-42,0.2727272727272727,0.509090909090909,38414.10637270871
2.6687985283381533e-42,0.2727272727272727,0.5909090909090909,38035.321959412846
2.6687985283381533e-42,0.2727272727272727,0.6727272727272727,37657.243522777404
2.6687985283381533e-42,0.2727272727272727,0.7545454545454545,37280.4567783134
2.6687985283381533e-42,0.2727272727272727,0.8363636363636363,36905.433935879046
2.6687985283381533e-42,0.2727272727272727,0.9181818181818182,36532.56228439228
2.6687985283381533e-42,0.2727272727272727,1.0,36162.16299687457
2.6687985283381533e-42,0.36363636363636365,0.1,40315.43778934202
2.6687985283381533e-42,0.36363636363636365,0.18181818181818182,39941.37097515592
2.6687985283381533e-42,0.36363636363636365,0.2636363636363636,39554.335550133525
2.6687985283381533e-42,0.36363636363636365,0.34545454545454546,39162.01406476931
2.6687985283381533e-42,0.36363636363636365,0.42727272727272725,38767.23905388135
2.6687985283381533e-42,0.36363636363636365,0.509090909090909,38373.77681612447
2.6687985283381533e-42,0.36363636363636365,0.5909090909090909,37978.42351314183
2.6687985283381533e-42,0.36363636363636365,0.6727272727272727,37586.14975201093
2.6687985283381533e-42,0.36363636363636365,0.7545454545454545,37195.56487457929
2.6687985283381533e-42,0.36363636363636365,0.8363636363636363,36811.167096563004
2.6687985283381533e-42,0.36363636363636365,0.9181818181818182,36439.699493473956
2.6687985283381533e-42,0.36363636363636365,1.0,36184.139692539655
2.6687985283381533e-42,0.45454545454545453,0.1,40874.68413865835
2.6687985283381533e-42,0.45454545454545453,0.18181818181818182,40483.77873783255
2.6687985283381533e-42,0.45454545454545453,0.2636363636363636,40071.769600407955
2.6687985283381533e-42,0.45454545454545453,0.34545454545454546,39659.89492709595
2.6687985283381533e-42,0.45454545454545453,0.42727272727272725,39245.645585148784
2.6687985283381533e-42,0.45454545454545453,0.509090909090909,38831.18753381681
2.6687985283381533e-42,0.45454545454545453,0.5909090909090909,38418.00602048672
2.6687985283381533e-42,0.45454545454545453,0.6727272727272727,38012.455247518905
2.6687985283381533e-42,0.45454545454545453,0.7545454545454545,37620.82617641748
2.6687985283381533e-42,0.45454545454545453,0.8363636363636363,37250.54780845811
2.6687985283381533e-42,0.45454545454545453,0.9181818181818182,36965.590014005895
2.6687985283381533e-42,0.45454545454545453,1.0,36776.93670307382
2.6687985283381533e-42,0.5454545454545454,0.1,41975.67692823298
2.6687985283381533e-42,0.5454545454545454,0.18181818181818182,41547.53623946045
2.6687985283381533e-42,0.5454545454545454,0.2636363636363636,41114.72076964341
2.6687985283381533e-42,0.5454545454545454,0.34545454545454546,40676.07697644723
2.6687985283381533e-42,0.5454545454545454,0.42727272727272725,40236.085164064985
2.6687985283381533e-42,0.5454545454545454,0.509090909090909,39807.64208820945
2.6687985283381533e-42,0.5454545454545454,0.5909090909090909,39382.32212109978
2.6687985283381533e-42,0.5454545454545454,0.6727272727272727,38980.2051443454
2.6687985283381533e-42,0.5454545454545454,0.7545454545454545,38602.5756772414
2.6687985283381533e-42,0.5454545454545454,0.8363636363636363,38281.590723897985
2.6687985283381533e-42,0.5454545454545454,0.9181818181818182,38106.237335494756
2.6687985283381533e-42,0.5454545454545454,1.0,37859.95966455263
2.6687985283381533e-42,0.6363636363636364,0.1,43498.741752396876
2.6687985283381533e-42,0.6363636363636364,0.18181818181818182,43052.25790396606
2.6687985283381533e-42,0.6363636363636364,0.2636363636363636,42587.18540719032
2.6687985283381533e-42,0.6363636363636364,0.34545454545454546,42117.21347645926
2.6687985283381533e-42,0.6363636363636364,0.42727272727272725,41662.96861347482
2.6687985283381533e-42,0.6363636363636364,0.509090909090909,41210.78956202841
2.6687985283381533e-42,0.6363636363636364,0.5909090909090909,40777.358209207756
2.6687985283381533e-42,0.6363636363636364,0.6727272727272727,40374.44931783031
2.6687985283381533e-42,0.6363636363636364,0.7545454545454545,40010.46133170398
2.6687985283381533e-42,0.6363636363636364,0.8363636363636363,39722.61082887673
2.6687985283381533e-42,0.6363636363636364,0.9181818181818182,39509.6856630345
2.6687985283381533e-42,0.6363636363636364,1.0,39212.86890124429
2.6687985283381533e-42,0.7272727272727273,0.1,45430.35335812569
2.6687985283381533e-42,0.7272727272727273,0.18181818181818182,44947.752837585445
2.6687985283381533e-42,0.7272727272727273,0.2636363636363636,44444.73117327743
2.6687985283381533e-42,0.7272727272727273,0.34545454545454546,43959.72871827742
2.6687985283381533e-42,0.7272727272727273,0.42727272727272725,43472.413757316834
2.6687985283381533e-42,0.7272727272727273,0.509090909090909,43005.05503438911
2.6687985283381533e-42,0.7272727272727273,0.5909090909090909,42556.224333461076
2.6687985283381533e-42,0.7272727272727273,0.6727272727272727,42137.33264934497
2.6687985283381533e-42,0.7272727272727273,0.7545454545454545,41764.02676718484
2.6687985283381533e-42,0.7272727272727273,0.8363636363636363,41468.363761095
2.6687985283381533e-42,0.7272727272727273,0.9181818181818182,41153.24957953222
2.6687985283381533e-42,0.7272727272727273,1.0,40775.69402533121
2.6687985283381533e-42,0.8181818181818182,0.1,47675.90093891059
2.6687985283381533e-42,0.8181818181818182,0.18181818181818182,47141.26499010152
2.6687985283381533e-42,0.8181818181818182,0.2636363636363636,46613.54210211253
2.6687985283381533e-42,0.8181818181818182,0.34545454545454546,46075.13479113472
2.6687985283381533e-42,0.8181818181818182,0.42727272727272725,45534.8420706011
2.6687985283381533e-42,0.8181818181818182,0.509090909090909,45032.14921765107
2.6687985283381533e-42,0.8181818181818182,0.5909090909090909,44541.25263075826
2.6687985283381533e-42,0.8181818181818182,0.6727272727272727,44074.7772067898
2.6687985283381533e-42,0.8181818181818182,0.7545454545454545,43646.86225831653
2.6687985283381533e-42,0.8181818181818182,0.8363636363636363,43286.520375362474
2.6687985283381533e-42,0.8181818181818182,0.9181818181818182,42850.685344658705
2.6687985283381533e-42,0.8181818181818182,1.0,42375.58384971371
2.6687985283381533e-42,0.9090909090909091,0.1,50105.33254377654
2.6687985283381533e-42,0.9090909090909091,0.18181818181818182,49497.537158419975
2.6687985283381533e-42,0.9090909090909091,0.2636363636363636,48897.16353700051
2.6687985283381533e-42,0.9090909090909091,0.34545454545454546,48285.231978314216
2.6687985283381533e-42,0.9090909090909091,0.42727272727272725,47691.340321520336
2.6687985283381533e-42,0.9090909090909091,0.509090909090909,47110.33314262994
2.6687985283381533e-42,0.9090909090909091,0.5909090909090909,46551.941248593525
2.6687985283381533e-42,0.9090909090909091,0.6727272727272727,46010.75945234939
2.6687985283381533e-42,0.9090909090909091,0.7545454545454545,45505.777378926985
2.6687985283381533e-42,0.9090909090909091,0.8363636363636363,45025.04715232809
2.6687985283381533e-42,0.9090909090909091,0.9181818181818182,44483.53038131722
2.6687985283381533e-42,0.9090909090909091,1.0,43904.38072353739
2.6687985283381533e-42,1.0,0.1,52626.58118854335
2.6687985283381533e-42,1.0,0.18181818181818182,51927.49988861776
2.6687985283381533e-42,1.0,0.2636363636363636,51233.66698575298
2.6687985283381533e-42,1.0,0.34545454545454546,50552.73660875566
2.6687985283381533e-42,1.0,0.42727272727272725,49869.7996265553
2.6687985283381533e-42,1.0,0.509090909090909,49200.23575987453
2.6687985283381533e-42,1.0,0.5909090909090909,48560.07082055123
2.6687985283381533e-42,1.0,0.6727272727272727,47940.23008635268
2.6687985283381533e-42,1.0,0.7545454545454545,47359.51258584888
2.6687985283381533e-42,1.0,0.8363636363636363,46783.85224523753
2.6687985283381533e-42,1.0,0.9181818181818182,46195.759557388265
2.6687985283381533e-42,1.0,1.0,45575.10658525637
3.701869055846198e-42,0.0,0.1,34474.88060259734
3.701869055846198e-42,0.0,0.18181818181818182,34151.48665108533
3.701869055846198e-42,0.0,0.2636363636363636,33817.26871523883
3.701869055846198e-42,0.0,0.34545454545454546,33478.63927314424
3.701869055846198e-42,0.0,0.42727272727272725,33137.99079512777
3.701869055846198e-42,0.0,0.509090909090909,32796.68276675788
3.701869055846198e-42,0.0,0.5909090909090909,32455.638378988464
3.701869055846198e-42,0.0,0.6727272727272727,32115.541682188286
3.701869055846198e-42,0.0,0.7545454545454545,31776.924262764205
3.701869055846198e-42,0.0,0.8363636363636363,31440.211019957176
3.701869055846198e-42,0.0,0.9181818181818182,31105.747539394222
3.701869055846198e-42,0.0,1.0,30773.81795307369
3.701869055846198e-42,0.09090909090909091,0.1,32628.784305838184
3.701869055846198e-42,0.09090909090909091,0.18181818181818182,32320.399831351227
3.701869055846198e-42,0.09090909090909091,0.2636363636363636,32001.836062280217
3.701869055846198e-42,0.09090909090909091,0.34545454545454546,31679.137626588446
3.701869055846198e-42,0.09090909090909091,0.42727272727272725,31354.568866530528
3.701869055846198e-42,0.09090909090909091,0.509090909090909,31029.419590338617
3.701869055846198e-42,0.09090909090909091,0.5909090909090909,30704.5667064308
3.701869055846198e-42,0.09090909090909091,0.6727272727272727,30380.660241322796
3.701869055846198e-42,0.09090909090909091,0.7545454545454545,30058.205314240546
3.701869055846198e-42,0.09090909090909091,0.8363636363636363,29737.605521336147
3.701869055846198e-42,0.09090909090909091,0.9181818181818182,29419.18892363332
3.701869055846198e-42,0.09090909090909091,1.0,29103.22502663297
3.701869055846198e-42,0.18181818181818182,0.1,31620.294877930424
3.701869055846198e-42,0.18181818181818182,0.18181818181818182,31313.75583529361
3.701869055846198e-42,0.18181818181818182,0.2636363636363636,30997.59161158472
3.701869055846198e-42,0.18181818181818182,0.34545454545454546,30677.565080253567
3.701869055846198e-42,0.18181818181818182,0.42727272727272725,30355.867179087272
3.701869055846198e-42,0.18181818181818182,0.509090909090909,30033.756896357896
3.701869055846198e-42,0.18181818181818182,0.5909090909090909,29712.09381362539
3.701869055846198e-42,0.18181818181818182,0.6727272727272727,29391.51606677548
3.701869055846198e-42,0.18181818181818182,0.7545454545454545,29072.51945296215
3.701869055846198e-42,0.18181818181818182,0.8363636363636363,28755.49961565347
3.701869055846198e-42,0.18181818181818182,0.9181818181818182,28440.77747216049
3.701869055846198e-42,0.18181818181818182,1.0,28128.615909671218
3.701869055846198e-42,0.2727272727272727,0.1,31304.195130168882
3.701869055846198e-42,0.2727272727272727,0.18181818181818182,30989.129186994644
3.701869055846198e-42,0.2727272727272727,0.2636363636363636,30664.100479360168
3.701869055846198e-42,0.2727272727272727,0.34545454545454546,30335.253468411964
3.701869055846198e-42,0.2727272727272727,0.42727272727272725,30004.89487207887
3.701869055846198e-42,0.2727272727272727,0.509090909090909,29674.33781961949
3.701869055846198e-42,0.2727272727272727,0.5909090909090909,29344.472554904056
3.701869055846198e-42,0.2727272727272727,0.6727272727272727,29015.956072435256
3.701869055846198e-42,0.2727272727272727,0.7545454545454545,28689.295991327926
3.701869055846198e-42,0.2727272727272727,0.8363636363636363,28364.895107266053
3.701869055846198e-42,0.2727272727272727,0.9181818181818182,28043.078171317615
3.701869055846198e-42,0.2727272727272727,1.0,27724.10943979794
3.701869055846198e-42,0.36363636363636365,0.1,31520.49285791917
3.701869055846198e-42,0.36363636363636365,0.18181818181818182,31188.785698681855
3.701869055846198e-42,0.36363636363636365,0.2636363636363636,30845.532147387137
3.701869055846198e-42,0.36363636363636365,0.34545454545454546,30498.189183985356
3.701869055846198e-42,0.36363636363636365,0.42727272727272725,30149.42832831145
3.701869055846198e-42,0.36363636363636365,0.509090909090909,29802.80222443698
3.701869055846198e-42,0.36363636363636365,0.5909090909090909,29455.169732866518
3.701869055846198e-42,0.36363636363636365,0.6727272727272727,29111.24077645649
3.701869055846198e-42,0.36363636363636365,0.7545454545454545,28769.625900851206
3.701869055846198e-42,0.36363636363636365,0.8363636363636363,28434.571205908134
3.701869055846198e-42,0.36363636363636365,0.9181818181818182,28112.499427424853
3.701869055846198e-42,0.36363636363636365,1.0,27904.777836078625
3.701869055846198e-42,0.45454545454545453,0.1,32194.256520998904
3.701869055846198e-42,0.45454545454545453,0.18181818181818182,31843.536131421988
3.701869055846198e-42,0.45454545454545453,0.2636363636363636,31473.407838216724
3.701869055846198e-42,0.45454545454545453,0.34545454545454546,31104.504926493108
3.701869055846198e-42,0.45454545454545453,0.42727272727272725,30734.35156170917
3.701869055846198e-42,0.45454545454545453,0.509090909090909,30364.974854309887
3.701869055846198e-42,0.45454545454545453,0.5909090909090909,29997.740715839693
3.701869055846198e-42,0.45454545454545453,0.6727272727272727,29638.679312507295
3.701869055846198e-42,0.45454545454545453,0.7545454545454545,29293.757311370617
3.701869055846198e-42,0.45454545454545453,0.8363636363636363,28970.09550232253
3.701869055846198e-42,0.45454545454545453,0.9181818181818182,28730.13089872736
3.701869055846198e-42,0.45454545454545453,1.0,28586.68326145721
3.701869055846198e-42,0.5454545454545454,0.1,33351.50042271439
3.701869055846198e-42,0.5454545454545454,0.18181818181818182,32960.90743830026
3.701869055846198e-42,0.5454545454545454,0.2636363636363636,32566.85089352577
3.701869055846198e-42,0.5454545454545454,0.34545454545454546,32168.366444519328
3.701869055846198e-42,0.5454545454545454,0.42727272727272725,31769.758405512206
3.701869055846198e-42,0.5454545454545454,0.509090909090909,31383.358060251663
3.701869055846198e-42,0.5454545454545454,0.5909090909090909,31000.991006535223
3.701869055846198e-42,0.5454545454545454,0.6727272727272727,30641.860484981968
3.701869055846198e-42,0.5454545454545454,0.7545454545454545,30307.18174402586
3.701869055846198e-42,0.5454545454545454,0.8363636363636363,30028.19227912287
3.701869055846198e-42,0.5454545454545454,0.9181818181818182,29893.846180784672
3.701869055846198e-42,0.5454545454545454,1.0,29690.041593019952
3.701869055846198e-42,0.6363636363636364,0.1,34887.80147517225
3.701869055846198e-42,0.6363636363636364,0.18181818181818182,34474.14800769629
3.701869055846198e-42,0.6363636363636364,0.2636363636363636,34043.65210708746
3.701869055846198e-42,0.6363636363636364,0.34545454545454546,33609.79013903625
3.701869055846198e-42,0.6363636363636364,0.42727272727272725,33192.38346283326
3.701869055846198e-42,0.6363636363636364,0.509090909090909,32778.23512680105
3.701869055846198e-42,0.6363636363636364,0.5909090909090909,32383.281953519923
3.701869055846198e-42,0.6363636363636364,0.6727272727272727,32018.775361106305
3.701869055846198e-42,0.6363636363636364,0.7545454545454545,31692.89629838037
3.701869055846198e-42,0.6363636363636364,0.8363636363636363,31442.35551923463
3.701869055846198e-42,0.6363636363636364,0.9181818181818182,31267.69515391807
3.701869055846198e-42,0.6363636363636364,1.0,31010.707579842856
3.701869055846198e-42,0.7272727272727273,0.1,36773.91495637052
3.701869055846198e-42,0.7272727272727273,0.18181818181818182,36318.620220055986
3.701869055846198e-42,0.7272727272727273,0.2636363636363636,35844.87137772689
3.701869055846198e-42,0.7272727272727273,0.34545454545454546,35389.974876604654
3.701869055846198e-42,0.7272727272727273,0.42727272727272725,34934.42273426562
3.701869055846198e-42,0.7272727272727273,0.509090909090909,34499.54136923108
3.701869055846198e-42,0.7272727272727273,0.5909090909090909,34083.917126438224
3.701869055846198e-42,0.7272727272727273,0.6727272727272727,33698.52973884728
3.701869055846198e-42,0.7272727272727273,0.7545454545454545,33358.743629754725
3.701869055846198e-42,0.7272727272727273,0.8363636363636363,33096.99213768667
3.701869055846198e-42,0.7272727272727273,0.9181818181818182,32818.230902713985
3.701869055846198e-42,0.7272727272727273,1.0,32478.939785347593
3.701869055846198e-42,0.8181818181818182,0.1,38945.49561955244
3.701869055846198e-42,0.8181818181818182,0.18181818181818182,38431.130558057455
3.701869055846198e-42,0.8181818181818182,0.2636363636363636,37924.845782464516
3.701869055846198e-42,0.8181818181818182,0.34545454545454546,37410.20886846924
3.701869055846198e-42,0.8181818181818182,0.42727272727272725,36895.782471381375
3.701869055846198e-42,0.8181818181818182,0.509090909090909,36419.3816497966
3.701869055846198e-42,0.8181818181818182,0.5909090909090909,35956.332820813725
3.701869055846198e-42,0.8181818181818182,0.6727272727272727,35518.855710247386
3.701869055846198e-42,0.8181818181818182,0.7545454545454545,35120.9954926054
3.701869055846198e-42,0.8181818181818182,0.8363636363636363,34792.52058492374
3.701869055846198e-42,0.8181818181818182,0.9181818181818182,34391.66494639661
3.701869055846198e-42,0.8181818181818182,1.0,33954.25253538293
3.701869055846198e-42,0.9090909090909091,0.1,41268.9423137381
3.701869055846198e-42,0.9090909090909091,0.18181818181818182,40673.67686917432
3.701869055846198e-42,0.9090909090909091,0.2636363636363636,40087.51732067557
3.701869055846198e-42,0.9090909090909091,0.34545454545454546,39492.85341940393
3.701869055846198e-42,0.9090909090909091,0.42727272727272725,38918.1603934986
3.701869055846198e-42,0.9090909090909091,0.509090909090909,38358.576787075326
3.701869055846198e-42,0.9090909090909091,0.5909090909090909,37823.529517991374
3.701869055846198e-42,0.9090909090909091,0.6727272727272727,37308.03725190577
3.701869055846198e-42,0.9090909090909091,0.7545454545454545,36830.97844482328
3.701869055846198e-42,0.9090909090909091,0.8363636363636363,36381.51745859814
3.701869055846198e-42,0.9090909090909091,0.9181818181818182,35874.923348287186
3.701869055846198e-42,0.9090909090909091,1.0,35334.25875773817
3.701869055846198e-42,1.0,0.1,43674.88318117587
3.701869055846198e-42,1.0,0.18181818181818182,42979.526317461256
3.701869055846198e-42,1.0,0.2636363636363636,42292.05729552029
3.701869055846198e-42,1.0,0.34545454545454546,41620.33946709605
3.701869055846198e-42,1.0,0.42727272727272725,40950.139285983576
3.701869055846198e-42,1.0,0.509090909090909,40296.50352469482
3.701869055846198e-42,1.0,0.5909090909090909,39674.95067228746
3.701869055846198e-42,1.0,0.6727272727272727,39076.570925942506
3.701869055846198e-42,1.0,0.7545454545454545,38520.247854497466
3.701869055846198e-42,1.0,0.8363636363636363,37972.08606271003
3.701869055846198e-42,1.0,0.9181818181818182,37413.06478907991
3.701869055846198e-42,1.0,1.0,36827.63958935466
5.1348329074375384e-42,0.0,0.1,26201.88728493568
5.1348329074375384e-42,0.0,0.18181818181818182,25929.732669949444
5.1348329074375384e-42,0.0,0.2636363636363636,25648.014809920554
5.1348329074375384e-42,0.0,0.34545454545454546,25362.862408816884
5.1348329074375384e-42,0.0,0.42727272727272725,25076.469746514616
5.1348329074375384e-42,0.0,0.509090909090909,24790.045150703765
5.1348329074375384e-42,0.0,0.5909090909090909,24504.390309704333
5.1348329074375384e-42,0.0,0.6727272727272727,24220.08816307824
5.1348329074375384e-42,0.0,0.7545454545454545,23937.584084758277
5.1348329074375384e-42,0.0,0.8363636363636363,23657.228149171402
5.1348329074375384e-42,0.0,0.9181818181818182,23379.300132016924
5.1348329074375384e-42,0.0,1.0,23104.025694411946
5.1348329074375384e-42,0.09090909090909091,0.1,24753.65399041691
5.1348329074375384e-42,0.09090909090909091,0.18181818181818182,24494.985800747658
5.1348329074375384e-42,0.09090909090909091,0.2636363636363636,24227.339736251884
5.1348329074375384e-42,0.09090909090909091,0.34545454545454546,23956.484247632892
5.1348329074375384e-42,0.09090909090909091,0.42727272727272725,23684.49097131694
5.1348329074375384e-42,0.09090909090909091,0.509090909090909,23412.502902502754
5.1348329074375384e-42,0.09090909090909091,0.5909090909090909,23141.279094124893
5.1348329074375384e-42,0.09090909090909091,0.6727272727272727,22871.371642050344
5.1348329074375384e-42,0.09090909090909091,0.7545454545454545,22603.202298836222
5.1348329074375384e-42,0.09090909090909091,0.8363636363636363,22337.102429009592
5.1348329074375384e-42,0.09090909090909091,0.9181818181818182,22073.336677322615
5.1348329074375384e-42,0.09090909090909091,1.0,21812.118308458594
5.1348329074375384e-42,0.18181818181818182,0.1,24054.59664837498
5.1348329074375384e-42,0.18181818181818182,0.18181818181818182,23796.091402718623
5.1348329074375384e-42,0.18181818181818182,0.2636363636363636,23529.14223946702
5.1348329074375384e-42,0.18181818181818182,0.34545454545454546,23259.244740302187
5.1348329074375384e-42,0.18181818181818182,0.42727272727272725,22988.402925921175
5.1348329074375384e-42,0.18181818181818182,0.509090909090909,22717.733002637477
5.1348329074375384e-42,0.18181818181818182,0.5909090909090909,22447.979611511648
5.1348329074375384e-42,0.18181818181818182,0.6727272727272727,22179.68511241863
5.1348329074375384e-42,0.18181818181818182,0.7545454545454545,21913.263548050058
5.1348329074375384e-42,0.18181818181818182,0.8363636363636363,21649.039543136463
5.1348329074375384e-42,0.18181818181818182,0.9181818181818182,21387.27151113697
5.1348329074375384e-42,0.18181818181818182,1.0,21128.16678127491
5.1348329074375384e-42,0.2727272727272727,0.1,23960.190938059513
5.1348329074375384e-42,0.2727272727272727,0.18181818181818182,23691.52849677644
5.1348329074375384e-42,0.2727272727272727,0.2636363636363636,23414.10421589354
5.1348329074375384e-42,0.2727272727272727,0.34545454545454546,23133.804121789082
5.1348329074375384e-42,0.2727272727272727,0.42727272727272725,22852.753073903325
5.1348329074375384e-42,0.2727272727272727,0.509090909090909,22572.12432639306
5.1348329074375384e-42,0.2727272727272727,0.5909090909090909,22292.694716618287
5.1348329074375384e-42,0.2727272727272727,0.6727272727272727,22015.026065090195
5.1348329074375384e-42,0.2727272727272727,0.7545454545454545,21739.544183695543
5.1348329074375384e-42,0.2727272727272727,0.8363636363636363,21466.58032843471
5.1348329074375384e-42,0.2727272727272727,0.9181818181818182,21196.395889085434
5.1348329074375384e-42,0.2727272727272727,1.0,20929.198466142796
5.1348329074375384e-42,0.36363636363636365,0.1,24317.18952468836
5.1348329074375384e-42,0.36363636363636365,0.18181818181818182,24030.39719123503
5.1348329074375384e-42,0.36363636363636365,0.2636363636363636,23733.321878790903
5.1348329074375384e-42,0.36363636363636365,0.34545454545454546,23433.170115444424
5.1348329074375384e-42,0.36363636363636365,0.42727272727272725,23132.435131445094
5.1348329074375384e-42,0.36363636363636365,0.509090909090909,22834.4433507183
5.1348329074375384e-42,0.36363636363636365,0.5909090909090909,22536.10780098883
5.1348329074375384e-42,0.36363636363636365,0.6727272727272727,22241.871325596625
5.1348329074375384e-42,0.36363636363636365,0.7545454545454545,21950.341385944303
5.1348329074375384e-42,0.36363636363636365,0.8363636363636363,21665.511126415397
5.1348329074375384e-42,0.36363636363636365,0.9181818181818182,21393.48529481594
5.1348329074375384e-42,0.36363636363636365,1.0,21234.03227432069
5.1348329074375384e-42,0.45454545454545453,0.1,25064.78493491445
5.1348329074375384e-42,0.45454545454545453,0.18181818181818182,24757.163077585217
5.1348329074375384e-42,0.45454545454545453,0.2636363636363636,24431.690831470707
5.1348329074375384e-42,0.45454545454545453,0.34545454545454546,24108.355019904
5.1348329074375384e-42,0.45454545454545453,0.42727272727272725,23784.700160487562
5.1348329074375384e-42,0.45454545454545453,0.509090909090909,23462.599499866257
5.1348329074375384e-42,0.45454545454545453,0.5909090909090909,23143.28846528324
5.1348329074375384e-42,0.45454545454545453,0.6727272727272727,22832.46144503943
5.1348329074375384e-42,0.45454545454545453,0.7545454545454545,22535.75338178061
5.1348329074375384e-42,0.45454545454545453,0.8363636363636363,22259.971866783413
5.1348329074375384e-42,0.45454545454545453,0.9181818181818182,22065.991239558698
5.1348329074375384e-42,0.45454545454545453,1.0,21968.503553112354
5.1348329074375384e-42,0.5454545454545454,0.1,26234.189156512177
5.1348329074375384e-42,0.5454545454545454,0.18181818181818182,25884.703516223395
5.1348329074375384e-42,0.5454545454545454,0.2636363636363636,25532.82208462504
5.1348329074375384e-42,0.5454545454545454,0.34545454545454546,25177.760105569218
5.1348329074375384e-42,0.5454545454545454,0.42727272727272725,24823.620411134223
5.1348329074375384e-42,0.5454545454545454,0.509090909090909,24482.131979805687
5.1348329074375384e-42,0.5454545454545454,0.5909090909090909,24145.3757919661
5.1348329074375384e-42,0.5454545454545454,0.6727272727272727,23831.639156406512
5.1348329074375384e-42,0.5454545454545454,0.7545454545454545,23542.06480594558
5.1348329074375384e-42,0.5454545454545454,0.8363636363636363,23306.932491024396
5.1348329074375384e-42,0.5454545454545454,0.9181818181818182,23215.15616728939
5.1348329074375384e-42,0.5454545454545454,1.0,23055.19564999813
5.1348329074375384e-42,0.6363636363636364,0.1,27728.315299520378
5.1348329074375384e-42,0.6363636363636364,0.18181818181818182,27352.072622048872
5.1348329074375384e-42,0.6363636363636364,0.2636363636363636,26960.655657645802
5.1348329074375384e-42,0.6363636363636364,0.34545454545454546,26567.283625431803
5.1348329074375384e-42,0.6363636363636364,0.42727272727272725,26190.901042798363
5.1348329074375384e-42,0.6363636363636364,0.509090909090909,25818.791676401095
5.1348329074375384e-42,0.6363636363636364,0.5909090909090909,25466.09338180504
5.1348329074375384e-42,0.6363636363636364,0.6727272727272727,25143.500640916172
5.1348329074375384e-42,0.6363636363636364,0.7545454545454545,24858.960751371542
5.1348329074375384e-42,0.6363636363636364,0.8363636363636363,24648.63992989758
5.1348329074375384e-42,0.6363636363636364,0.9181818181818182,24514.938993612508
5.1348329074375384e-42,0.6363636363636364,1.0,24300.29537938607
5.1348329074375384e-42,0.7272727272727273,0.1,29524.899043619862
5.1348329074375384e-42,0.7272727272727273,0.18181818181818182,29102.471532570526
5.1348329074375384e-42,0.7272727272727273,0.2636363636363636,28663.54623659329
5.1348329074375384e-42,0.7272727272727273,0.34545454545454546,28244.16626378488
5.1348329074375384e-42,0.7272727272727273,0.42727272727272725,27825.68946396448
5.1348329074375384e-42,0.7272727272727273,0.509090909090909,27428.407490092297
5.1348329074375384e-42,0.7272727272727273,0.5909090909090909,27050.909359780726
5.1348329074375384e-42,0.7272727272727273,0.6727272727272727,26703.701310959237
5.1348329074375384e-42,0.7272727272727273,0.7545454545454545,26401.832782624246
5.1348329074375384e-42,0.7272727272727273,0.8363636363636363,26178.124362670595
5.1348329074375384e-42,0.7272727272727273,0.9181818181818182,25939.733664981835
5.1348329074375384e-42,0.7272727272727273,1.0,25642.553013601828
5.1348329074375384e-42,0.8181818181818182,0.1,31557.58950432876
5.1348329074375384e-42,0.8181818181818182,0.18181818181818182,31070.82111528255
5.1348329074375384e-42,0.8181818181818182,0.2636363636363636,30593.281495045812
5.1348329074375384e-42,0.8181818181818182,0.34545454545454546,30109.759131417886
5.1348329074375384e-42,0.8181818181818182,0.42727272727272725,29628.510631838348
5.1348329074375384e-42,0.8181818181818182,0.509090909090909,29185.50829549546
5.1348329074375384e-42,0.8181818181818182,0.5909090909090909,28757.275171391182
5.1348329074375384e-42,0.8181818181818182,0.6727272727272727,28355.566065910403
5.1348329074375384e-42,0.8181818181818182,0.7545454545454545,27994.297569004433
5.1348329074375384e-42,0.8181818181818182,0.8363636363636363,27704.031076420855
5.1348329074375384e-42,0.8181818181818182,0.9181818181818182,27344.382198941206
5.1348329074375384e-42,0.8181818181818182,1.0,26950.709385304337
5.1348329074375384e-42,0.9090909090909091,0.1,33712.15812465149
5.1348329074375384e-42,0.9090909090909091,0.18181818181818182,33138.82198469767
5.1348329074375384e-42,0.9090909090909091,0.2636363636363636,32576.376513192696
5.1348329074375384e-42,0.9090909090909091,0.34545454545454546,32008.63360888572
5.1348329074375384e-42,0.9090909090909091,0.42727272727272725,31462.770304293394
5.1348329074375384e-42,0.9090909090909091,0.509090909090909,30934.189867256056
5.1348329074375384e-42,0.9090909090909091,0.5909090909090909,30431.937691270232
5.1348329074375384e-42,0.9090909090909091,0.6727272727272727,29951.44320935926
5.1348329074375384e-42,0.9090909090909091,0.7545454545454545,29511.416405908243
5.1348329074375384e-42,0.9090909090909091,0.8363636363636363,29102.18804380754
5.1348329074375384e-42,0.9090909090909091,0.9181818181818182,28639.311191666253
5.1348329074375384e-42,0.9090909090909091,1.0,28145.703392436935
5.1348329074375384e-42,1.0,0.1,35920.02507677115
5.1348329074375384e-42,1.0,0.18181818181818182,35240.899477687795
5.1348329074375384e-42,1.0,0.2636363636363636,34572.56935753023
5.1348329074375384e-42,1.0,0.34545454545454546,33923.01242020174
5.1348329074375384e-42,1.0,0.42727272727272725,33278.64313944071
5.1348329074375384e-42,1.0,0.509090909090909,32654.03704397157
5.1348329074375384e-42,1.0,0.5909090909090909,32064.079247854115
5.1348329074375384e-42,1.0,0.6727272727272727,31499.999914757158
5.1348329074375384e-42,1.0,0.7545454545454545,30980.70778582805
5.1348329074375384e-42,1.0,0.8363636363636363,30472.484207048685
5.1348329074375384e-42,1.0,0.9181818181818182,29954.665024177062
5.1348329074375384e-42,1.0,1.0,29416.324300393786
7.122485584859892e-42,0.0,0.1,19554.748507060613
7.122485584859892e-42,0.0,0.18181818181818182,19333.568939592984
7.122485584859892e-42,0.0,0.2636363636363636,19103.85507137206
7.122485584859892e-42,0.0,0.34545454545454546,18871.44557825512
7.122485584859892e-42,0.0,0.42727272727272725,18638.333206356707
7.122485584859892e-42,0.0,0.509090909090909,18405.573991045978
7.122485584859892e-42,0.0,0.5909090909090909,18173.848676133555
7.122485584859892e-42,0.0,0.6727272727272727,17943.640976973784
7.122485584859892e-42,0.0,0.7545454545454545,17715.313001671213
7.122485584859892e-42,0.0,0.8363636363636363,17489.143800462072
7.122485584859892e-42,0.0,0.9181818181818182,17265.351830514774
7.122485584859892e-42,0.0,1.0,17044.109331911342
7.122485584859892e-42,0.09090909090909091,0.1,18483.268995403258
7.122485584859892e-42,0.09090909090909091,0.18181818181818182,18272.83075841329
7.122485584859892e-42,0.09090909090909091,0.2636363636363636,18054.389296669528
7.122485584859892e-42,0.09090909090909091,0.34545454545454546,17833.43839131021
7.122485584859892e-42,0.09090909090909091,0.42727272727272725,17611.858802937702
7.122485584859892e-42,0.09090909090909091,0.509090909090909,17390.649249422222
7.122485584859892e-42,0.09090909090909091,0.5909090909090909,17170.454169607227
7.122485584859892e-42,0.09090909090909091,0.6727272727272727,16951.731600496376
7.122485584859892e-42,0.09090909090909091,0.7545454545454545,16734.824341156207
7.122485584859892e-42,0.09090909090909091,0.8363636363636363,16519.996392945315
7.122485584859892e-42,0.09090909090909091,0.9181818181818182,16307.454229509536
7.122485584859892e-42,0.09090909090909091,1.0,16097.360426482384
7.122485584859892e-42,0.18181818181818182,0.1,18058.641678903976
7.122485584859892e-42,0.18181818181818182,0.18181818181818182,17846.11306206011
7.122485584859892e-42,0.18181818181818182,0.2636363636363636,17626.101043686594
7.122485584859892e-42,0.18181818181818182,0.34545454545454546,17403.838924358173
7.122485584859892e-42,0.18181818181818182,0.42727272727272725,17181.14790167314
7.122485584859892e-42,0.18181818181818182,0.509090909090909,16959.005473541696
7.122485584859892e-42,0.18181818181818182,0.5909090909090909,16738.045645718656
7.122485584859892e-42,0.18181818181818182,0.6727272727272727,16518.7196066289
7.122485584859892e-42,0.18181818181818182,0.7545454545454545,16301.36454893299
7.122485584859892e-42,0.18181818181818182,0.8363636363636363,16086.23925676551
7.122485584859892e-42,0.18181818181818182,0.9181818181818182,15873.545055215503
7.122485584859892e-42,0.18181818181818182,1.0,15663.43932907289
7.122485584859892e-42,0.2727272727272727,0.1,18138.05997102693
7.122485584859892e-42,0.2727272727272727,0.18181818181818182,17913.77879375424
7.122485584859892e-42,0.2727272727272727,0.2636363636363636,17681.722706660395
7.122485584859892e-42,0.2727272727272727,0.34545454545454546,17447.523860550053
7.122485584859892e-42,0.2727272727272727,0.42727272727272725,17213.128861255314
7.122485584859892e-42,0.2727272727272727,0.509090909090909,16979.574663541847
7.122485584859892e-42,0.2727272727272727,0.5909090909090909,16747.52851229753
7.122485584859892e-42,0.2727272727272727,0.6727272727272727,16517.46118421427
7.122485584859892e-42,0.2727272727272727,0.7545454545454545,16289.721137421637
7.122485584859892e-42,0.2727272727272727,0.8363636363636363,16064.572843100459
7.122485584859892e-42,0.2727272727272727,0.9181818181818182,15842.2193521115
7.122485584859892e-42,0.2727272727272727,1.0,15622.816860905068
7.122485584859892e-42,0.36363636363636365,0.1,18589.9372341094
7.122485584859892e-42,0.36363636363636365,0.18181818181818182,18346.333961159056
7.122485584859892e-42,0.36363636363636365,0.2636363636363636,18093.50534151411
7.122485584859892e-42,0.36363636363636365,0.34545454545454546,17838.40958868185
7.122485584859892e-42,0.36363636363636365,0.42727272727272725,17583.36324155404
7.122485584859892e-42,0.36363636363636365,0.509090909090909,17331.467253708804
7.122485584859892e-42,0.36363636363636365,0.5909090909090909,17079.693652301787
7.122485584859892e-42,0.36363636363636365,0.6727272727272727,16832.21918164441
7.122485584859892e-42,0.36363636363636365,0.7545454545454545,16587.65266721149
7.122485584859892e-42,0.36363636363636365,0.8363636363636363,16349.738063530636
7.122485584859892e-42,0.36363636363636365,0.9181818181818182,16124.267306362632
7.122485584859892e-42,0.36363636363636365,1.0,16009.411371004064
7.122485584859892e-42,0.45454545454545453,0.1,19367.533995992704
7.122485584859892e-42,0.45454545454545453,0.18181818181818182,19101.79129274482
7.122485584859892e-42,0.45454545454545453,0.2636363636363636,18819.572801044316
7.122485584859892e-42,0.45454545454545453,0.34545454545454546,18540.19773599625
7.122485584859892e-42,0.45454545454545453,0.42727272727272725,18261.238852090595
7.122485584859892e-42,0.45454545454545453,0.509090909090909,17984.414098919566
7.122485584859892e-42,0.45454545454545453,0.5909090909090909,17710.82810121448
7.122485584859892e-42,0.45454545454545453,0.6727272727272727,17445.83408949262
7.122485584859892e-42,0.45454545454545453,0.7545454545454545,17194.732841092366
7.122485584859892e-42,0.45454545454545453,0.8363636363636363,16964.017605321093
7.122485584859892e-42,0.45454545454545453,0.9181818181818182,16812.9574549683
7.122485584859892e-42,0.45454545454545453,1.0,16758.181309529013
7.122485584859892e-42,0.5454545454545454,0.1,20505.708435169
7.122485584859892e-42,0.5454545454545454,0.18181818181818182,20196.884177237094
7.122485584859892e-42,0.5454545454545454,0.2636363636363636,19886.532352306185
7.122485584859892e-42,0.5454545454545454,0.34545454545454546,19574.069126061644
7.122485584859892e-42,0.5454545454545454,0.42727272727272725,19263.387227303563
7.122485584859892e-42,0.5454545454545454,0.509090909090909,18965.584362822505
7.122485584859892e-42,0.5454545454545454,0.5909090909090909,18673.01645469587
7.122485584859892e-42,0.5454545454545454,0.6727272727272727,18403.01562425187
7.122485584859892e-42,0.5454545454545454,0.7545454545454545,18156.656875373403
7.122485584859892e-42,0.5454545454545454,0.8363636363636363,17963.219830235874
7.122485584859892e-42,0.5454545454545454,0.9181818181818182,17911.576092765245
7.122485584859892e-42,0.5454545454545454,1.0,17792.888376873154
7.122485584859892e-42,0.6363636363636364,0.1,21913.426804203744
7.122485584859892e-42,0.6363636363636364,0.18181818181818182,21575.15381557151
7.122485584859892e-42,0.6363636363636364,0.2636363636363636,21223.2416315044
7.122485584859892e-42,0.6363636363636364,0.34545454545454546,20870.631471430446
7.122485584859892e-42,0.6363636363636364,0.42727272727272725,20535.328108306956
7.122485584859892e-42,0.6363636363636364,0.509090909090909,20205.133166846783
7.122485584859892e-42,0.6363636363636364,0.5909090909090909,19894.335246393694
7.122485584859892e-42,0.6363636363636364,0.6727272727272727,19613.04331133133
7.122485584859892e-42,0.6363636363636364,0.7545454545454545,19368.960937834847
7.122485584859892e-42,0.6363636363636364,0.8363636363636363,19197.67058466598
7.122485584859892e-42,0.6363636363636364,0.9181818181818182,19103.564286655157
7.122485584859892e-42,0.6363636363636364,1.0,18929.7717162109
7.122485584859892e-42,0.7272727272727273,0.1,23575.060198079056
7.122485584859892e-42,0.7272727272727273,0.18181818181818182,23187.41147618069
7.122485584859892e-42,0.7272727272727273,0.2636363636363636,22785.148934022283
7.122485584859892e-42,0.7272727272727273,0.34545454545454546,22402.933757968698
7.122485584859892e-42,0.7272727272727273,0.42727272727272725,22023.056326906524
7.122485584859892e-42,0.7272727272727273,0.509090909090909,21664.685208531482
7.122485584859892e-42,0.7272727272727273,0.5909090909090909,21326.41114176419
7.122485584859892e-42,0.7272727272727273,0.6727272727272727,21018.230136949944
7.122485584859892e-42,0.7272727272727273,0.7545454545454545,20754.84825716533
7.122485584859892e-42,0.7272727272727273,0.8363636363636363,20569.491390088348
7.122485584859892e-42,0.7272727272727273,0.9181818181818182,20371.696766560024
7.122485584859892e-42,0.7272727272727273,1.0,20116.708685136487
7.122485584859892e-42,0.8181818181818182,0.1,25426.92045974847
7.122485584859892e-42,0.8181818181818182,0.18181818181818182,24971.347012535243
7.122485584859892e-42,0.8181818181818182,0.2636363636363636,24526.050139582152
7.122485584859892e-42,0.8181818181818182,0.34545454545454546,24077.12687903156
7.122485584859892e-42,0.8181818181818182,0.42727272727272725,23632.467443267655
7.122485584859892e-42,0.8181818181818182,0.509090909090909,23226.028205477123
7.122485584859892e-42,0.8181818181818182,0.5909090909090909,22835.611390655926
7.122485584859892e-42,0.8181818181818182,0.6727272727272727,22472.450945654808
7.122485584859892e-42,0.8181818181818182,0.7545454545454545,22150.304337781454
7.122485584859892e-42,0.8181818181818182,0.8363636363636363,21900.57275394191
7.122485584859892e-42,0.8181818181818182,0.9181818181818182,21584.346046803814
7.122485584859892e-42,0.8181818181818182,1.0,21236.45442009468
7.122485584859892e-42,0.9090909090909091,0.1,27365.59164022604
7.122485584859892e-42,0.9090909090909091,0.18181818181818182,26820.16761788028
7.122485584859892e-42,0.9090909090909091,0.2636363636363636,26287.416797208392
7.122485584859892e-42,0.9090909090909091,0.34545454545454546,25752.646969410816
7.122485584859892e-42,0.9090909090909091,0.42727272727272725,25241.56282382126
7.122485584859892e-42,0.9090909090909091,0.509090909090909,24749.809851844468
7.122485584859892e-42,0.9090909090909091,0.5909090909090909,24285.97764728942
7.122485584859892e-42,0.9090909090909091,0.6727272727272727,23845.89721181307
7.122485584859892e-42,0.9090909090909091,0.7545454545454545,23448.05498366775
7.122485584859892e-42,0.9090909090909091,0.8363636363636363,23084.009761355337
7.122485584859892e-42,0.9090909090909091,0.9181818181818182,22669.576704280887
7.122485584859892e-42,0.9090909090909091,1.0,22227.477635153544
7.122485584859892e-42,1.0,0.1,29328.030938944423
7.122485584859892e-42,1.0,0.18181818181818182,28674.191102320878
7.122485584859892e-42,1.0,0.2636363636363636,28034.178880049338
7.122485584859892e-42,1.0,0.34545454545454546,27416.001546419684
7.122485584859892e-42,1.0,0.42727272727272725,26806.701099442267
7.122485584859892e-42,1.0,0.509090909090909,26220.23856834965
7.122485584859892e-42,1.0,0.5909090909090909,25670.74119100804
7.122485584859892e-42,1.0,0.6727272727272727,25149.566253501038
7.122485584859892e-42,1.0,0.7545454545454545,24675.59109731789
7.122485584859892e-42,1.0,0.8363636363636363,24215.29719962577
7.122485584859892e-42,1.0,0.9181818181818182,23746.2857624225
7.122485584859892e-42,1.0,1.0,23262.215651220416
9.879542688342883e-42,0.0,0.1,14384.98008319471
9.879542688342883e-42,0.0,0.18181818181818182,14210.316978255225
9.879542688342883e-42,0.0,0.2636363636363636,14027.9012829003
9.879542688342883e-42,0.0,0.34545454545454546,13843.30282482047
9.879542688342883e-42,0.0,0.42727272727272725,13658.328346247783
9.879542688342883e-42,0.0,0.509090909090909,13473.894477982456
9.879542688342883e-42,0.0,0.5909090909090909,13290.572429953316
9.879542688342883e-42,0.0,0.6727272727272727,13108.757180044873
9.879542688342883e-42,0.0,0.7545454545454545,12928.73742489151
9.879542688342883e-42,0.0,0.8363636363636363,12750.730575817966
9.879542688342883e-42,0.0,0.9181818181818182,12574.902782592322
9.879542688342883e-42,0.0,1.0,12401.381557592877
9.879542688342883e-42,0.09090909090909091,0.1,13636.072704463013
9.879542688342883e-42,0.09090909090909091,0.18181818181818182,13468.95968909303
9.879542688342883e-42,0.09090909090909091,0.2636363636363636,13294.585894886837
9.879542688342883e-42,0.09090909090909091,0.34545454545454546,13118.194575013658
9.879542688342883e-42,0.09090909090909091,0.42727272727272725,12941.492982990192
9.879542688342883e-42,0.09090909090909091,0.509090909090909,12765.34960232128
9.879542688342883e-42,0.09090909090909091,0.5909090909090909,12590.306366163573
9.879542688342883e-42,0.09090909090909091,0.6727272727272727,12416.73811209096
9.879542688342883e-42,0.09090909090909091,0.7545454545454545,12244.918672718537
9.879542688342883e-42,0.09090909090909091,0.8363636363636363,12075.054022612814
9.879542688342883e-42,0.09090909090909091,0.9181818181818182,11907.301287062619
9.879542688342883e-42,0.09090909090909091,1.0,11741.780749571959
9.879542688342883e-42,0.18181818181818182,0.1,13430.144962101704
9.879542688342883e-42,0.18181818181818182,0.18181818181818182,13258.68566509514
9.879542688342883e-42,0.18181818181818182,0.2636363636363636,13080.482640842201
9.879542688342883e-42,0.18181818181818182,0.34545454545454546,12900.531029422988
9.879542688342883e-42,0.18181818181818182,0.42727272727272725,12720.48642928705
9.879542688342883e-42,0.18181818181818182,0.509090909090909,12541.201427791277
9.879542688342883e-42,0.18181818181818182,0.5909090909090909,12363.211189813166
9.879542688342883e-42,0.18181818181818182,0.6727272727272727,12186.886232070086
9.879542688342883e-42,0.18181818181818182,0.7545454545454545,12012.496495398227
9.879542688342883e-42,0.18181818181818182,0.8363636363636363,11840.243853747812
9.879542688342883e-42,0.18181818181818182,0.9181818181818182,11670.280952293053
9.879542688342883e-42,0.18181818181818182,1.0,11502.723212182987
9.879542688342883e-42,0.2727272727272727,0.1,13629.416085223053
9.879542688342883e-42,0.2727272727272727,0.18181818181818182,13444.95414756574
9.879542688342883e-42,0.2727272727272727,0.2636363636363636,13253.49123938446
9.879542688342883e-42,0.2727272727272727,0.34545454545454546,13060.427371875096
9.879542688342883e-42,0.2727272727272727,0.42727272727272725,12867.546330027842
9.879542688342883e-42,0.2727272727272727,0.509090909090909,12675.761132117372
9.879542688342883e-42,0.2727272727272727,0.5909090909090909,12485.640036611905
9.879542688342883e-42,0.2727272727272727,0.6727272727272727,12297.572274718701
9.879542688342883e-42,0.2727272727272727,0.7545454545454545,12111.837697935514
9.879542688342883e-42,0.2727272727272727,0.8363636363636363,11928.642197461495
9.879542688342883e-42,0.2727272727272727,0.9181818181818182,11748.13827547597
9.879542688342883e-42,0.2727272727272727,1.0,11570.4381802042
9.879542688342883e-42,0.36363636363636365,0.1,14127.402019067647
9.879542688342883e-42,0.36363636363636365,0.18181818181818182,13922.975267045646
9.879542688342883e-42,0.36363636363636365,0.2636363636363636,13710.17457076079
9.879542688342883e-42,0.36363636363636365,0.34545454545454546,13495.727541892249
9.879542688342883e-42,0.36363636363636365,0.42727272727272725,13281.786387528324
9.879542688342883e-42,0.36363636363636365,0.509090909090909,13071.234411200121
9.879542688342883e-42,0.36363636363636365,0.5909090909090909,12861.115671129272
9.879542688342883e-42,0.36363636363636365,0.6727272727272727,12655.344927320948
9.879542688342883e-42,0.36363636363636365,0.7545454545454545,12452.541789546125
9.879542688342883e-42,0.36363636363636365,0.8363636363636363,12256.206292845985
9.879542688342883e-42,0.36363636363636365,0.9181818181818182,12071.822956220794
9.879542688342883e-42,0.36363636363636365,1.0,11995.956567779167
9.879542688342883e-42,0.45454545454545453,0.1,14891.379422899798
9.879542688342883e-42,0.45454545454545453,0.18181818181818182,14664.218153089289
9.879542688342883e-42,0.45454545454545453,0.2636363636363636,14421.770345195519
9.879542688342883e-42,0.45454545454545453,0.34545454545454546,14182.676246493356
9.879542688342883e-42,0.45454545454545453,0.42727272727272725,13944.556736843671
9.879542688342883e-42,0.45454545454545453,0.509090909090909,13708.980345961929
9.879542688342883e-42,0.45454545454545453,0.5909090909090909,13476.926383896003
9.879542688342883e-42,0.45454545454545453,0.6727272727272727,13253.40464146057
9.879542688342883e-42,0.45454545454545453,0.7545454545454545,13043.381783711075
9.879542688342883e-42,0.45454545454545453,0.8363636363636363,12853.037364646312
9.879542688342883e-42,0.45454545454545453,0.9181818181818182,12739.982911907695
9.879542688342883e-42,0.45454545454545453,1.0,12722.867186366351
9.879542688342883e-42,0.5454545454545454,0.1,15960.43000566102
9.879542688342883e-42,0.5454545454545454,0.18181818181818182,15689.871400957243
9.879542688342883e-42,0.5454545454545454,0.2636363636363636,15418.438551980686
9.879542688342883e-42,0.5454545454545454,0.34545454545454546,15145.787320874975
9.879542688342883e-42,0.5454545454545454,0.42727272727272725,14875.600560910352
9.879542688342883e-42,0.5454545454545454,0.509090909090909,14618.320029011073
9.879542688342883e-42,0.5454545454545454,0.5909090909090909,14366.604786751965
9.879542688342883e-42,0.5454545454545454,0.6727272727272727,14136.793272667768
9.879542688342883e-42,0.5454545454545454,0.7545454545454545,13929.902257688755
9.879542688342883e-42,0.5454545454545454,0.8363636363636363,13774.166590041554
9.879542688342883e-42,0.5454545454545454,0.9181818181818182,13758.415516136094
9.879542688342883e-42,0.5454545454545454,1.0,13676.671157557856
9.879542688342883e-42,0.6363636363636364,0.1,17250.47905879682
9.879542688342883e-42,0.6363636363636364,0.18181818181818182,16948.755867493604
9.879542688342883e-42,0.6363636363636364,0.2636363636363636,16634.77739405356
9.879542688342883e-42,0.6363636363636364,0.34545454545454546,16321.197991706651
9.879542688342883e-42,0.6363636363636364,0.42727272727272725,16025.024813703181
9.879542688342883e-42,0.6363636363636364,0.509090909090909,15734.625849938004
9.879542688342883e-42,0.6363636363636364,0.5909090909090909,15463.393370951237
9.879542688342883e-42,0.6363636363636364,0.6727272727272727,15220.826505004738
9.879542688342883e-42,0.6363636363636364,0.7545454545454545,15014.378773721142
9.879542688342883e-42,0.6363636363636364,0.8363636363636363,14879.008540910158
9.879542688342883e-42,0.6363636363636364,0.9181818181818182,14821.246212787952
9.879542688342883e-42,0.6363636363636364,1.0,14684.964631686466
9.879542688342883e-42,0.7272727272727273,0.1,18747.94484904992
9.879542688342883e-42,0.7272727272727273,0.18181818181818182,18394.976349101587
9.879542688342883e-42,0.7272727272727273,0.2636363636363636,18029.177536404924
9.879542688342883e-42,0.7272727272727273,0.34545454545454546,17683.715737136277
9.879542688342883e-42,0.7272727272727273,0.42727272727272725,17341.894325806377
9.879542688342883e-42,0.7272727272727273,0.509090909090909,17021.674392259283
9.879542688342883e-42,0.7272727272727273,0.5909090909090909,16721.654285492266
9.879542688342883e-42,0.7272727272727273,0.6727272727272727,16451.287465130124
9.879542688342883e-42,0.7272727272727273,0.7545454545454545,16224.910719371279
9.879542688342883e-42,0.7272727272727273,0.8363636363636363,16076.17529250988
9.879542688342883e-42,0.7272727272727273,0.9181818181818182,15917.18826161424
9.879542688342883e-42,0.7272727272727273,1.0,15702.482219492778
9.879542688342883e-42,0.8181818181818182,0.1,20392.337814322433
9.879542688342883e-42,0.8181818181818182,0.18181818181818182,19969.64225793668
9.879542688342883e-42,0.8181818181818182,0.2636363636363636,19558.120985946523
9.879542688342883e-42,0.8181818181818182,0.34545454545454546,19145.28019552853
9.879542688342883e-42,0.8181818181818182,0.42727272727272725,18738.58651958367
9.879542688342883e-42,0.8181818181818182,0.509090909090909,18369.81352303108
9.879542688342883e-42,0.8181818181818182,0.5909090909090909,18018.1285489468
9.879542688342883e-42,0.8181818181818182,0.6727272727272727,17694.19212742435
9.879542688342883e-42,0.8181818181818182,0.7545454545454545,17411.57372793459
9.879542688342883e-42,0.8181818181818182,0.8363636363636363,17202.5637265141
9.879542688342883e-42,0.8181818181818182,0.9181818181818182,16929.81778179861
9.879542688342883e-42,0.8181818181818182,1.0,16627.577688440233
9.879542688342883e-42,0.9090909090909091,0.1,22087.019237461973
9.879542688342883e-42,0.9090909090909091,0.18181818181818182,21573.75581475943
9.879542688342883e-42,0.9090909090909091,0.2636363636363636,21074.858466795406
9.879542688342883e-42,0.9090909090909091,0.34545454545454546,20577.205454000123
9.879542688342883e-42,0.9090909090909091,0.42727272727272725,20104.85954103523
9.879542688342883e-42,0.9090909090909091,0.509090909090909,19653.68667820379
9.879542688342883e-42,0.9090909090909091,0.5909090909090909,19231.750009107443
9.879542688342883e-42,0.9090909090909091,0.6727272727272727,18835.27220379311
9.879542688342883e-42,0.9090909090909091,0.7545454545454545,18482.463927801575
9.879542688342883e-42,0.9090909090909091,0.8363636363636363,18166.173474712872
9.879542688342883e-42,0.9090909090909091,0.9181818181818182,17802.45527466517
9.879542688342883e-42,0.9090909090909091,1.0,17413.791642859236
9.879542688342883e-42,1.0,0.1,23772.432690604408
9.879542688342883e-42,1.0,0.18181818181818182,23151.741838984475
9.879542688342883e-42,1.0,0.2636363636363636,22547.863165508767
9.879542688342883e-42,1.0,0.34545454545454546,21968.746843801833
9.879542688342883e-42,1.0,0.42727272727272725,21402.037128975975
9.879542688342883e-42,1.0,0.509090909090909,20860.934709838813
9.879542688342883e-42,1.0,0.5909090909090909,20358.693078553217
9.879542688342883e-42,1.0,0.6727272727272727,19886.796856527755
9.879542688342883e-42,1.0,0.7545454545454545,19464.04072434203
9.879542688342883e-42,1.0,0.8363636363636363,19057.148321603323
9.879542688342883e-42,1.0,0.9181818181818182,18641.933429544148
9.879542688342883e-42,1.0,1.0,18216.49937942817
1.3703834506631624e-41,0.0,0.1,10462.325409620524
1.3703834506631624e-41,0.0,0.18181818181818182,10327.692828957415
1.3703834506631624e-41,0.0,0.2636363636363636,10185.868455882637
1.3703834506631624e-41,0.0,0.34545454545454546,10042.188907408787
1.3703834506631624e-41,0.0,0.42727272727272725,9898.30010082239
1.3703834506631624e-41,0.0,0.509090909090909,9754.999042442363
1.3703834506631624e-41,0.0,0.5909090909090909,9612.763883254842
1.3703834506631624e-41,0.0,0.6727272727272727,9471.915101145023
1.3703834506631624e-41,0.0,0.7545454545454545,9332.680592891238
1.3703834506631624e-41,0.0,0.8363636363636363,9195.227495406602
1.3703834506631624e-41,0.0,0.9181818181818182,9059.680016901271
1.3703834506631624e-41,0.0,1.0,8926.130479861375
1.3703834506631624e-41,0.09090909090909091,0.1,9970.094374132887
1.3703834506631624e-41,0.09090909090909091,0.18181818181818182,9839.937758754828
1.3703834506631624e-41,0.09090909090909091,0.2636363636363636,9703.058763052195
1.3703834506631624e-41,0.09090909090909091,0.34545454545454546,9564.485114906955
1.3703834506631624e-41,0.09090909090909091,0.42727272727272725,9425.775148806206
1.3703834506631624e-41,0.09090909090909091,0.509090909090909,9287.686279615747
1.3703834506631624e-41,0.09090909090909091,0.5909090909090909,9150.673768453873
1.3703834506631624e-41,0.09090909090909091,0.6727272727272727,9015.042829286042
1.3703834506631624e-41,0.09090909090909091,0.7545454545454545,8881.010265796505
1.3703834506631624e-41,0.09090909090909091,0.8363636363636363,8748.734710999843
1.3703834506631624e-41,0.09090909090909091,0.9181818181818182,8618.333629449271
1.3703834506631624e-41,0.09090909090909091,1.0,8489.893878258079
1.3703834506631624e-41,0.18181818181818182,0.1,9920.892549768963
1.3703834506631624e-41,0.18181818181818182,0.18181818181818182,9784.560114588738
1.3703834506631624e-41,0.18181818181818182,0.2636363636363636,9642.030158944439
1.3703834506631624e-41,0.18181818181818182,0.34545454545454546,9498.091915667392
1.3703834506631624e-41,0.18181818181818182,0.42727272727272725,9354.258037346579
1.3703834506631624e-41,0.18181818181818182,0.509090909090909,9211.27386160772
1.3703834506631624e-41,0.18181818181818182,0.5909090909090909,9069.590317513355
1.3703834506631624e-41,0.18181818181818182,0.6727272727272727,8929.509794694703
1.3703834506631624e-41,0.18181818181818182,0.7545454545454545,8791.24603930637
1.3703834506631624e-41,0.18181818181818182,0.8363636363636363,8654.953940626545
1.3703834506631624e-41,0.18181818181818182,0.9181818181818182,8520.746491473692
1.3703834506631624e-41,0.18181818181818182,1.0,8388.705439270558
1.3703834506631624e-41,0.2727272727272727,0.1,10188.653731148883
1.3703834506631624e-41,0.2727272727272727,0.18181818181818182,10038.626642312014
1.3703834506631624e-41,0.2727272727272727,0.2636363636363636,9882.18405730086
1.3703834506631624e-41,0.2727272727272727,0.34545454545454546,9724.522378343956
1.3703834506631624e-41,0.2727272727272727,0.42727272727272725,9567.282586523674
1.3703834506631624e-41,0.2727272727272727,0.509090909090909,9411.269435838829
1.3703834506631624e-41,0.2727272727272727,0.5909090909090909,9256.965254529428
1.3703834506631624e-41,0.2727272727272727,0.6727272727272727,9104.689047706466
1.3703834506631624e-41,0.2727272727272727,0.7545454545454545,8954.662143082602
1.3703834506631624e-41,0.2727272727272727,0.8363636363636363,8807.041004478448
1.3703834506631624e-41,0.2727272727272727,0.9181818181818182,8661.936005421498
1.3703834506631624e-41,0.2727272727272727,1.0,8519.423266195065
1.3703834506631624e-41,0.36363636363636365,0.1,10689.58483179019
1.3703834506631624e-41,0.36363636363636365,0.18181818181818182,10519.641061544275
1.3703834506631624e-41,0.36363636363636365,0.2636363636363636,10341.98758793946
1.3703834506631624e-41,0.36363636363636365,0.34545454545454546,10163.14507272145
1.3703834506631624e-41,0.36363636363636365,0.42727272727272725,9985.11783836586
1.3703834506631624e-41,0.36363636363636365,0.509090909090909,9810.58210509337
1.3703834506631624e-41,0.36363636363636365,0.5909090909090909,9636.669981047307
1.3703834506631624e-41,0.36363636363636365,0.6727272727272727,9467.039644401362
1.3703834506631624e-41,0.36363636363636365,0.7545454545454545,9300.332634798164
1.3703834506631624e-41,0.36363636363636365,0.8363636363636363,9139.81110295149
1.3703834506631624e-41,0.36363636363636365,0.9181818181818182,8990.658005140907
1.3703834506631624e-41,0.36363636363636365,1.0,8947.825741081377
1.3703834506631624e-41,0.45454545454545453,0.1,11407.639101062914
1.3703834506631624e-41,0.45454545454545453,0.18181818181818182,11215.063311777274
1.3703834506631624e-41,0.45454545454545453,0.2636363636363636,11008.218406114052
1.3703834506631624e-41,0.45454545454545453,0.34545454545454546,10805.0584535879
1.3703834506631624e-41,0.45454545454545453,0.42727272727272725,10603.277521116122
1.3703834506631624e-41,0.45454545454545453,0.509090909090909,10404.303797459319
1.3703834506631624e-41,0.45454545454545453,0.5909090909090909,10208.999383219885
1.3703834506631624e-41,0.45454545454545453,0.6727272727272727,10022.030438364098
1.3703834506631624e-41,0.45454545454545453,0.7545454545454545,9848.03163044988
1.3703834506631624e-41,0.45454545454545453,0.8363636363636363,9692.871090407642
1.3703834506631624e-41,0.45454545454545453,0.9181818181818182,9612.449589111158
1.3703834506631624e-41,0.45454545454545453,1.0,9627.522801613022
1.3703834506631624e-41,0.5454545454545454,0.1,12381.90875604197
1.3703834506631624e-41,0.5454545454545454,0.18181818181818182,12146.483860701168
1.3703834506631624e-41,0.5454545454545454,0.2636363636363636,11910.625271858986
1.3703834506631624e-41,0.5454545454545454,0.34545454545454546,11674.275537917347
1.3703834506631624e-41,0.5454545454545454,0.42727272727272725,11440.912095015226
1.3703834506631624e-41,0.5454545454545454,0.509090909090909,11220.299805698607
1.3703834506631624e-41,0.5454545454545454,0.5909090909090909,11005.432672321742
1.3703834506631624e-41,0.5454545454545454,0.6727272727272727,10811.620837506427
1.3703834506631624e-41,0.5454545454545454,0.7545454545454545,10639.835114978487
1.3703834506631624e-41,0.5454545454545454,0.8363636363636363,10517.222497317132
1.3703834506631624e-41,0.5454545454545454,0.9181818181818182,10532.571094268227
1.3703834506631624e-41,0.5454545454545454,1.0,10482.912592220775
1.3703834506631624e-41,0.6363636363636364,0.1,13532.914337796381
1.3703834506631624e-41,0.6363636363636364,0.18181818181818182,13265.648954819248
1.3703834506631624e-41,0.6363636363636364,0.2636363636363636,12987.352471697228
1.3703834506631624e-41,0.6363636363636364,0.34545454545454546,12710.388532460132
1.3703834506631624e-41,0.6363636363636364,0.42727272727272725,12450.715024540821
1.3703834506631624e-41,0.6363636363636364,0.509090909090909,12197.317750634185
1.3703834506631624e-41,0.6363636363636364,0.5909090909090909,11962.652088573705
1.3703834506631624e-41,0.6363636363636364,0.6727272727272727,11755.589175304314
1.3703834506631624e-41,0.6363636363636364,0.7545454545454545,11583.329237707723
1.3703834506631624e-41,0.6363636363636364,0.8363636363636363,11480.166862493497
1.3703834506631624e-41,0.6363636363636364,0.9181818181818182,11454.916198143055
1.3703834506631624e-41,0.6363636363636364,1.0,11352.238634479594
1.3703834506631624e-41,0.7272727272727273,0.1,14847.765823461217
1.3703834506631624e-41,0.7272727272727273,0.18181818181818182,14528.847418473018
1.3703834506631624e-41,0.7272727272727273,0.2636363636363636,14198.751718048217
1.3703834506631624e-41,0.7272727272727273,0.34545454545454546,13889.050306142111
1.3703834506631624e-41,0.7272727272727273,0.42727272727272725,13584.138301506675
1.3703834506631624e-41,0.7272727272727273,0.509090909090909,13300.695244654602
1.3703834506631624e-41,0.7272727272727273,0.5909090909090909,13037.336390511606
1.3703834506631624e-41,0.7272727272727273,0.6727272727272727,12802.94694020063
1.3703834506631624e-41,0.7272727272727273,0.7545454545454545,12611.471730934023
1.3703834506631624e-41,0.7272727272727273,0.8363636363636363,12497.003574019818
1.3703834506631624e-41,0.7272727272727273,0.9181818181818182,12374.398731738687
1.3703834506631624e-41,0.7272727272727273,1.0,12197.415656358407
1.3703834506631624e-41,0.8181818181818182,0.1,16267.911453428942
1.3703834506631624e-41,0.8181818181818182,0.18181818181818182,15879.575195848349
1.3703834506631624e-41,0.8181818181818182,0.2636363636363636,15503.100839550314
1.3703834506631624e-41,0.8181818181818182,0.34545454545454546,15127.491207167031
1.3703834506631624e-41,0.8181818181818182,0.42727272727272725,14759.733290073422
1.3703834506631624e-41,0.8181818181818182,0.509090909090909,14429.277276620443
1.3703834506631624e-41,0.8181818181818182,0.5909090909090909,14116.727343506667
1.3703834506631624e-41,0.8181818181818182,0.6727272727272727,13832.126110225496
1.3703834506631624e-41,0.8181818181818182,0.7545454545454545,13588.828823811082
1.3703834506631624e-41,0.8181818181818182,0.8363636363636363,13420.058608615755
1.3703834506631624e-41,0.8181818181818182,0.9181818181818182,13190.109920437862
1.3703834506631624e-41,0.8181818181818182,1.0,12932.587991434308
1.3703834506631624e-41,0.9090909090909091,0.1,17703.966401447353
1.3703834506631624e-41,0.9090909090909091,0.18181818181818182,17227.281746403096
1.3703834506631624e-41,0.9090909090909091,0.2636363636363636,16766.43190263716
1.3703834506631624e-41,0.9090909090909091,0.34545454545454546,16309.911879957392
1.3703834506631624e-41,0.9090909090909091,0.42727272727272725,15879.993650211145
1.3703834506631624e-41,0.9090909090909091,0.509090909090909,15472.738772224775
1.3703834506631624e-41,0.9090909090909091,0.5909090909090909,15095.62412500371
1.3703834506631624e-41,0.9090909090909091,0.6727272727272727,14745.250974524592
1.3703834506631624e-41,0.9090909090909091,0.7545454545454545,14439.51132187812
1.3703834506631624e-41,0.9090909090909091,0.8363636363636363,14172.594209701774
1.3703834506631624e-41,0.9090909090909091,0.9181818181818182,13860.770151442504
1.3703834506631624e-41,0.9090909090909091,1.0,13526.254732157202
1.3703834506631624e-41,1.0,0.1,19106.230911997045
1.3703834506631624e-41,1.0,0.18181818181818182,18526.611569586014
1.3703834506631624e-41,1.0,0.2636363636363636,17966.493381419
1.3703834506631624e-41,1.0,0.34545454545454546,17433.68113489486
1.3703834506631624e-41,1.0,0.42727272727272725,16916.38893906546
1.3703834506631624e-41,1.0,0.509090909090909,16426.923353183385
1.3703834506631624e-41,1.0,0.5909090909090909,15977.573740646149
1.3703834506631624e-41,1.0,0.6727272727272727,15559.97131226204
1.3703834506631624e-41,1.0,0.7545454545454545,15192.79132112584
1.3703834506631624e-41,1.0,0.8363636363636363,14843.063056510924
1.3703834506631624e-41,1.0,0.9181818181818182,14484.817097218927
1.3703834506631624e-41,1.0,1.0,14120.336816711257
1.900847904698379e-41,0.0,0.1,7539.377967063797
1.900847904698379e-41,0.0,0.18181818181818182,7437.837702229097
1.900847904698379e-41,0.0,0.2636363636363636,7329.487581211797
1.900847904698379e-41,0.0,0.34545454545454546,7219.471285321028
1.900847904698379e-41,0.0,0.42727272727272725,7109.301851618464
1.900847904698379e-41,0.0,0.509090909090909,6999.678135610098
1.900847904698379e-41,0.0,0.5909090909090909,6891.002668645699
1.900847904698379e-41,0.0,0.6727272727272727,6783.536095350541
1.900847904698379e-41,0.0,0.7545454545454545,6677.4581439556
1.900847904698379e-41,0.0,0.8363636363636363,6572.896739600959
1.900847904698379e-41,0.0,0.9181818181818182,6469.943956561663
1.900847904698379e-41,0.0,1.0,6368.66570087923
1.900847904698379e-41,0.09090909090909091,0.1,7237.939618702139
1.900847904698379e-41,0.09090909090909091,0.18181818181818182,7138.2912760072095
1.900847904698379e-41,0.09090909090909091,0.2636363636363636,7032.293825573675
1.900847904698379e-41,0.09090909090909091,0.34545454545454546,6924.796676245995
1.900847904698379e-41,0.09090909090909091,0.42727272727272725,6817.235035262022
1.900847904698379e-41,0.09090909090909091,0.509090909090909,6710.275037223823
1.900847904698379e-41,0.09090909090909091,0.5909090909090909,6604.301318508584
1.900847904698379e-41,0.09090909090909091,0.6727272727272727,6499.562949530244
1.900847904698379e-41,0.09090909090909091,0.7545454545454545,6396.231304155865
1.900847904698379e-41,0.09090909090909091,0.8363636363636363,6294.427826609921
1.900847904698379e-41,0.09090909090909091,0.9181818181818182,6194.239318990086
1.900847904698379e-41,0.09090909090909091,1.0,6095.727261087035
1.900847904698379e-41,0.18181818181818182,0.1,7290.753651409352
1.900847904698379e-41,0.18181818181818182,0.18181818181818182,7183.68248119193
1.900847904698379e-41,0.18181818181818182,0.2636363636363636,7070.801652665438
1.900847904698379e-41,0.18181818181818182,0.34545454545454546,6956.727902336627
1.900847904698379e-41,0.18181818181818182,0.42727272727272725,6842.854175768458
1.900847904698379e-41,0.18181818181818182,0.509090909090909,6729.836464647929
1.900847904698379e-41,0.18181818181818182,0.5909090909090909,6618.056056248781
1.900847904698379e-41,0.18181818181818182,0.6727272727272727,6507.7595456301215
1.900847904698379e-41,0.18181818181818182,0.7545454545454545,6399.11516554931
1.900847904698379e-41,0.18181818181818182,0.8363636363636363,6292.240235020352
1.900847904698379e-41,0.18181818181818182,0.9181818181818182,6187.216498526232
1.900847904698379e-41,0.18181818181818182,1.0,6084.099602521687
1.900847904698379e-41,0.2727272727272727,0.1,7584.547210695347
1.900847904698379e-41,0.2727272727272727,0.18181818181818182,7463.720714486401
1.900847904698379e-41,0.2727272727272727,0.2636363636363636,7336.905669151621
1.900847904698379e-41,0.2727272727272727,0.34545454545454546,7209.124139059533
1.900847904698379e-41,0.2727272727272727,0.42727272727272725,7081.89472362486
1.900847904698379e-41,0.2727272727272727,0.509090909090909,6955.929794057112
1.900847904698379e-41,0.2727272727272727,0.5909090909090909,6831.638857021198
1.900847904698379e-41,0.2727272727272727,0.6727272727272727,6709.281929128404
1.900847904698379e-41,0.2727272727272727,0.7545454545454545,6589.031698047047
1.900847904698379e-41,0.2727272727272727,0.8363636363636363,6471.004050440277
1.900847904698379e-41,0.2727272727272727,0.9181818181818182,6355.275257710542
1.900847904698379e-41,0.2727272727272727,1.0,6241.892658648206
1.900847904698379e-41,0.36363636363636365,0.1,8057.896660475815
1.900847904698379e-41,0.36363636363636365,0.18181818181818182,7917.835252738392
1.900847904698379e-41,0.36363636363636365,0.2636363636363636,7770.564684671504
1.900847904698379e-41,0.36363636363636365,0.34545454545454546,7622.423551125083
1.900847904698379e-41,0.36363636363636365,0.42727272727272725,7475.285569553409
1.900847904698379e-41,0.36363636363636365,0.509090909090909,7331.631400827995
1.900847904698379e-41,0.36363636363636365,0.5909090909090909,7188.6971469406335
1.900847904698379e-41,0.36363636363636365,0.6727272727272727,7049.89082589081
1.900847904698379e-41,0.36363636363636365,0.7545454545454545,6913.886996964777
1.900847904698379e-41,0.36363636363636365,0.8363636363636363,6783.717021897091
1.900847904698379e-41,0.36363636363636365,0.9181818181818182,6664.26963934133
1.900847904698379e-41,0.36363636363636365,1.0,6648.895263342385
1.900847904698379e-41,0.45454545454545453,0.1,8707.701319112122
1.900847904698379e-41,0.45454545454545453,0.18181818181818182,8545.795011775914
1.900847904698379e-41,0.45454545454545453,0.2636363636363636,8370.478869603026
1.900847904698379e-41,0.45454545454545453,0.34545454545454546,8199.016823841512
1.900847904698379e-41,0.45454545454545453,0.42727272727272725,8029.201619866892
1.900847904698379e-41,0.45454545454545453,0.509090909090909,7862.33136217975
1.900847904698379e-41,0.45454545454545453,0.5909090909090909,7699.160186830991
1.900847904698379e-41,0.45454545454545453,0.6727272727272727,7544.013391975959
1.900847904698379e-41,0.45454545454545453,0.7545454545454545,7401.198999988332
1.900847904698379e-41,0.45454545454545453,0.8363636363636363,7276.2788726730705
1.900847904698379e-41,0.45454545454545453,0.9181818181818182,7223.401823113651
1.900847904698379e-41,0.45454545454545453,1.0,7265.504113306972
1.900847904698379e-41,0.5454545454545454,0.1,9571.454520955842
1.900847904698379e-41,0.5454545454545454,0.18181818181818182,9368.103227294698
1.900847904698379e-41,0.5454545454545454,0.2636363636363636,9164.550389261502
1.900847904698379e-41,0.5454545454545454,0.34545454545454546,8961.071933610885
1.900847904698379e-41,0.5454545454545454,0.42727272727272725,8760.946152492621
1.900847904698379e-41,0.5454545454545454,0.509090909090909,8573.24679879301
1.900847904698379e-41,0.5454545454545454,0.5909090909090909,8391.333038512254
1.900847904698379e-41,0.5454545454545454,0.6727272727272727,8229.463368847526
1.900847904698379e-41,0.5454545454545454,0.7545454545454545,8088.576574662608
1.900847904698379e-41,0.5454545454545454,0.8363636363636363,7994.698171989543
1.900847904698379e-41,0.5454545454545454,0.9181818181818182,8036.577927394377
1.900847904698379e-41,0.5454545454545454,1.0,8014.36711923011
1.900847904698379e-41,0.6363636363636364,0.1,10571.966541006474
1.900847904698379e-41,0.6363636363636364,0.18181818181818182,10337.186969291644
1.900847904698379e-41,0.6363636363636364,0.2636363636363636,10092.42291016128
1.900847904698379e-41,0.6363636363636364,0.34545454545454546,9849.745472617458
1.900847904698379e-41,0.6363636363636364,0.42727272727272725,9624.024090099345
1.900847904698379e-41,0.6363636363636364,0.509090909090909,9404.908569216865
1.900847904698379e-41,0.6363636363636364,0.5909090909090909,9203.890355149244
1.900847904698379e-41,0.6363636363636364,0.6727272727272727,9029.204947122507
1.900847904698379e-41,0.6363636363636364,0.7545454545454545,8887.799899608308
1.900847904698379e-41,0.6363636363636364,0.8363636363636363,8813.271099144811
1.900847904698379e-41,0.6363636363636364,0.9181818181818182,8816.839548009597
1.900847904698379e-41,0.6363636363636364,1.0,8743.983237610564
1.900847904698379e-41,0.7272727272727273,0.1,11694.956007372542
1.900847904698379e-41,0.7272727272727273,0.18181818181818182,11409.7672633105
1.900847904698379e-41,0.7272727272727273,0.2636363636363636,11114.867564877237
1.900847904698379e-41,0.7272727272727273,0.34545454545454546,10840.1529572956
1.900847904698379e-41,0.7272727272727273,0.42727272727272725,10571.17283520862
1.900847904698379e-41,0.7272727272727273,0.509090909090909,10323.273554646883
1.900847904698379e-41,0.7272727272727273,0.5909090909090909,10095.098834413247
1.900847904698379e-41,0.7272727272727273,0.6727272727272727,9894.951698360164
1.900847904698379e-41,0.7272727272727273,0.7545454545454545,9736.36872575269
1.900847904698379e-41,0.7272727272727273,0.8363636363636363,9653.892167257116
1.900847904698379e-41,0.7272727272727273,0.9181818181818182,9565.268800738328
1.900847904698379e-41,0.7272727272727273,1.0,9423.429703820193
1.900847904698379e-41,0.8181818181818182,0.1,12886.824404004567
1.900847904698379e-41,0.8181818181818182,0.18181818181818182,12534.781522067478
1.900847904698379e-41,0.8181818181818182,0.2636363636363636,12194.987744336511
1.900847904698379e-41,0.8181818181818182,0.34545454545454546,11857.99905109014
1.900847904698379e-41,0.8181818181818182,0.42727272727272725,11530.273871006246
1.900847904698379e-41,0.8181818181818182,0.509090909090909,11238.85017903424
1.900847904698379e-41,0.8181818181818182,0.5909090909090909,10965.813744656325
1.900847904698379e-41,0.8181818181818182,0.6727272727272727,10720.56140746978
1.900847904698379e-41,0.8181818181818182,0.7545454545454545,10516.215088682628
1.900847904698379e-41,0.8181818181818182,0.8363636363636363,10386.963967059988
1.900847904698379e-41,0.8181818181818182,0.9181818181818182,10198.780332316952
1.900847904698379e-41,0.8181818181818182,1.0,9984.610148510932
1.900847904698379e-41,0.9090909090909091,0.1,14066.819121400997
1.900847904698379e-41,0.9090909090909091,0.18181818181818182,13631.531308472337
1.900847904698379e-41,0.9090909090909091,0.2636363636363636,13213.138252529252
1.900847904698379e-41,0.9090909090909091,0.34545454545454546,12801.759916579007
1.900847904698379e-41,0.9090909090909091,0.42727272727272725,12417.774036271865
1.900847904698379e-41,0.9090909090909091,0.509090909090909,12057.415843755389
1.900847904698379e-41,0.9090909090909091,0.5909090909090909,11727.539959528249
1.900847904698379e-41,0.9090909090909091,0.6727272727272727,11425.114590320827
1.900847904698379e-41,0.9090909090909091,0.7545454545454545,11167.689788402333
1.900847904698379e-41,0.9090909090909091,0.8363636363636363,10950.833508788433
1.900847904698379e-41,0.9090909090909091,0.9181818181818182,10691.011734463209
1.900847904698379e-41,0.9090909090909091,1.0,10410.17467099681
1.900847904698379e-41,1.0,0.1,15189.61334592609
1.900847904698379e-41,1.0,0.18181818181818182,14659.714346729997
1.900847904698379e-41,1.0,0.2636363636363636,14151.353141775215
1.900847904698379e-41,1.0,0.34545454545454546,13672.113099162496
1.900847904698379e-41,1.0,0.42727272727272725,13210.746403031098
1.900847904698379e-41,1.0,0.509090909090909,12778.572118216007
1.900847904698379e-41,1.0,0.5909090909090909,12386.87674865296
1.900847904698379e-41,1.0,0.6727272727272727,12027.485048978966
1.900847904698379e-41,1.0,0.7545454545454545,11718.94478221567
1.900847904698379e-41,1.0,0.8363636363636363,11428.67720489595
1.900847904698379e-41,1.0,0.9181818181818182,11129.007713416104
1.900847904698379e-41,1.0,1.0,10826.01354153228
2.6366508987303446e-41,0.0,0.1,5387.667351341906
2.6366508987303446e-41,0.0,0.18181818181818182,5312.790189802599
2.6366508987303446e-41,0.0,0.2636363636363636,5231.348090189857
2.6366508987303446e-41,0.0,0.34545454545454546,5148.330546321686
2.6366508987303446e-41,0.0,0.42727272727272725,5065.144183970554
2.6366508987303446e-41,0.0,0.509090909090909,4982.409765787342
2.6366508987303446e-41,0.0,0.5909090909090909,4900.470246779651
2.6366508987303446e-41,0.0,0.6727272727272727,4819.539708420729
2.6366508987303446e-41,0.0,0.7545454545454545,4739.760937220553
2.6366508987303446e-41,0.0,0.8363636363636363,4661.232296421898
2.6366508987303446e-41,0.0,0.9181818181818182,4584.022115845497
2.6366508987303446e-41,0.0,1.0,4508.177239424763
2.6366508987303446e-41,0.09090909090909091,0.1,5221.816294548
2.6366508987303446e-41,0.09090909090909091,0.18181818181818182,5146.824967825479
2.6366508987303446e-41,0.09090909090909091,0.2636363636363636,5065.730193845822
2.6366508987303446e-41,0.09090909090909091,0.34545454545454546,4983.238091619971
2.6366508987303446e-41,0.09090909090909091,0.42727272727272725,4900.684704505207
2.6366508987303446e-41,0.09090909090909091,0.509090909090909,4818.663069957152
2.6366508987303446e-41,0.09090909090909091,0.5909090909090909,4737.501767366992
2.6366508987303446e-41,0.09090909090909091,0.6727272727272727,4657.405797670406
2.6366508987303446e-41,0.09090909090909091,0.7545454545454545,4578.511344117838
2.6366508987303446e-41,0.09090909090909091,0.8363636363636363,4500.91148669893
2.6366508987303446e-41,0.09090909090909091,0.9181818181818182,4424.670059650694
2.6366508987303446e-41,0.09090909090909091,1.0,4349.829932187105
2.6366508987303446e-41,0.18181818181818182,0.1,5333.215385156379
2.6366508987303446e-41,0.18181818181818182,0.18181818181818182,5250.150479207236
2.6366508987303446e-41,0.18181818181818182,0.2636363636363636,5161.538421951245
2.6366508987303446e-41,0.18181818181818182,0.34545454545454546,5071.8545514435455
2.6366508987303446e-41,0.18181818181818182,0.42727272727272725,4982.393534642483
2.6366508987303446e-41,0.18181818181818182,0.509090909090909,4893.73841012162
2.6366508987303446e-41,0.18181818181818182,0.5909090909090909,4806.214079046848
2.6366508987303446e-41,0.18181818181818182,0.6727272727272727,4720.022440089073
2.6366508987303446e-41,0.18181818181818182,0.7545454545454545,4635.295725346181
2.6366508987303446e-41,0.18181818181818182,0.8363636363636363,4552.12197329432
2.6366508987303446e-41,0.18181818181818182,0.9181818181818182,4470.55899057608
2.6366508987303446e-41,0.18181818181818182,1.0,4390.642825783447
2.6366508987303446e-41,0.2727272727272727,0.1,5622.161739042456
2.6366508987303446e-41,0.2727272727272727,0.18181818181818182,5525.867402328278
2.6366508987303446e-41,0.2727272727272727,0.2636363636363636,5423.880275346567
2.6366508987303446e-41,0.2727272727272727,0.34545454545454546,5321.0754459531645
2.6366508987303446e-41,0.2727272727272727,0.42727272727272725,5218.868138636019
2.6366508987303446e-41,0.2727272727272727,0.509090909090909,5117.893110360046
2.6366508987303446e-41,0.2727272727272727,0.5909090909090909,5018.499214727335
2.6366508987303446e-41,0.2727272727272727,0.6727272727272727,4920.897876706989
2.6366508987303446e-41,0.2727272727272727,0.7545454545454545,4825.222243638217
2.6366508987303446e-41,0.2727272727272727,0.8363636363636363,4731.555722363242
2.6366508987303446e-41,0.2727272727272727,0.9181818181818182,4639.947771430349
2.6366508987303446e-41,0.2727272727272727,1.0,4550.423563640052
2.6366508987303446e-41,0.36363636363636365,0.1,6048.860692860731
2.6366508987303446e-41,0.36363636363636365,0.18181818181818182,5934.549009852231
2.6366508987303446e-41,0.36363636363636365,0.2636363636363636,5813.385558595781
2.6366508987303446e-41,0.36363636363636365,0.34545454545454546,5691.550774369271
2.6366508987303446e-41,0.36363636363636365,0.42727272727272725,5570.8043882781985
2.6366508987303446e-41,0.36363636363636365,0.509090909090909,5453.443707745359
2.6366508987303446e-41,0.36363636363636365,0.5909090909090909,5336.822401612504
2.6366508987303446e-41,0.36363636363636365,0.6727272727272727,5224.1067034588095
2.6366508987303446e-41,0.36363636363636365,0.7545454545454545,5114.014055655782
2.6366508987303446e-41,0.36363636363636365,0.8363636363636363,5009.354379059607
2.6366508987303446e-41,0.36363636363636365,0.9181818181818182,4914.73297991586
2.6366508987303446e-41,0.36363636363636365,1.0,4921.944232473874
2.6366508987303446e-41,0.45454545454545453,0.1,6618.744426145867
2.6366508987303446e-41,0.45454545454545453,0.18181818181818182,6483.953336483046
2.6366508987303446e-41,0.45454545454545453,0.2636363636363636,6336.46248367891
2.6366508987303446e-41,0.45454545454545453,0.34545454545454546,6192.847116650666
2.6366508987303446e-41,0.45454545454545453,0.42727272727272725,6051.022027871897
2.6366508987303446e-41,0.45454545454545453,0.509090909090909,5912.16622395627
2.6366508987303446e-41,0.45454545454545453,0.5909090909090909,5776.935980339625
2.6366508987303446e-41,0.45454545454545453,0.6727272727272727,5649.323034665495
2.6366508987303446e-41,0.45454545454545453,0.7545454545454545,5533.318955767703
2.6366508987303446e-41,0.45454545454545453,0.8363636363636363,5434.188936518889
2.6366508987303446e-41,0.45454545454545453,0.9181818181818182,5404.313255221856
2.6366508987303446e-41,0.45454545454545453,1.0,5468.85351076291
2.6366508987303446e-41,0.5454545454545454,0.1,7365.0117475606285
2.6366508987303446e-41,0.5454545454545454,0.18181818181818182,7190.988768861129
2.6366508987303446e-41,0.5454545454545454,0.2636363636363636,7016.7907230075125
2.6366508987303446e-41,0.5454545454545454,0.34545454545454546,6843.0687269134505
2.6366508987303446e-41,0.5454545454545454,0.42727272727272725,6672.910150852814
2.6366508987303446e-41,0.5454545454545454,0.509090909090909,6514.69439700293
2.6366508987303446e-41,0.5454545454545454,0.5909090909090909,6362.1709717811755
2.6366508987303446e-41,0.5454545454545454,0.6727272727272727,6228.541782593884
2.6366508987303446e-41,0.5454545454545454,0.7545454545454545,6114.728659208757
2.6366508987303446e-41,0.5454545454545454,0.8363636363636363,6045.6187150771675
2.6366508987303446e-41,0.5454545454545454,0.9181818181818182,6109.929788754337
2.6366508987303446e-41,0.5454545454545454,1.0,6110.968298080245
2.6366508987303446e-41,0.6363636363636364,0.1,8211.98207130569
2.6366508987303446e-41,0.6363636363636364,0.18181818181818182,8008.056624390689
2.6366508987303446e-41,0.6363636363636364,0.2636363636363636,7794.985115935879
2.6366508987303446e-41,0.6363636363636364,0.34545454545454546,7584.54769814962
2.6366508987303446e-41,0.6363636363636364,0.42727272727272725,7390.507327478746
2.6366508987303446e-41,0.6363636363636364,0.509090909090909,7203.212835929722
2.6366508987303446e-41,0.6363636363636364,0.5909090909090909,7033.186035427584
2.6366508987303446e-41,0.6363636363636364,0.6727272727272727,6888.0342792649535
2.6366508987303446e-41,0.6363636363636364,0.7545454545454545,6774.458143578126
2.6366508987303446e-41,0.6363636363636364,0.8363636363636363,6725.329099487393
2.6366508987303446e-41,0.6363636363636364,0.9181818181818182,6754.3575865115745
2.6366508987303446e-41,0.6363636363636364,1.0,6707.835745847829
2.6366508987303446e-41,0.7272727272727273,0.1,9144.708367076793
2.6366508987303446e-41,0.7272727272727273,0.18181818181818182,8893.249138401221
2.6366508987303446e-41,0.7272727272727273,0.2636363636363636,8633.281661915746
2.6366508987303446e-41,0.7272727272727273,0.34545454545454546,8392.984548757573
2.6366508987303446e-41,0.7272727272727273,0.42727272727272725,8159.100040352601
2.6366508987303446e-41,0.7272727272727273,0.509090909090909,7945.624407398467
2.6366508987303446e-41,0.7272727272727273,0.5909090909090909,7751.24461577767
2.6366508987303446e-41,0.7272727272727273,0.6727272727272727,7583.684497206483
2.6366508987303446e-41,0.7272727272727273,0.7545454545454545,7456.065770318454
2.6366508987303446e-41,0.7272727272727273,0.8363636363636363,7403.378020724198
2.6366508987303446e-41,0.7272727272727273,0.9181818181818182,7346.340595071957
2.6366508987303446e-41,0.7272727272727273,1.0,7237.020033974109
2.6366508987303446e-41,0.8181818181818182,0.1,10114.429691997644
2.6366508987303446e-41,0.8181818181818182,0.18181818181818182,9800.972531793788
2.6366508987303446e-41,0.8181818181818182,0.2636363636363636,9499.737125988957
2.6366508987303446e-41,0.8181818181818182,0.34545454545454546,9202.849957733419
2.6366508987303446e-41,0.8181818181818182,0.42727272727272725,8916.210905781503
2.6366508987303446e-41,0.8181818181818182,0.509090909090909,8664.433536117196
2.6366508987303446e-41,0.8181818181818182,0.5909090909090909,8431.095796395419
2.6366508987303446e-41,0.8181818181818182,0.6727272727272727,8224.946799033307
2.6366508987303446e-41,0.8181818181818182,0.7545454545454545,8058.868616458318
2.6366508987303446e-41,0.8181818181818182,0.8363636363636363,7968.038387753502
2.6366508987303446e-41,0.8181818181818182,0.9181818181818182,7820.097598278993
2.6366508987303446e-41,0.8181818181818182,1.0,7647.350039539368
2.6366508987303446e-41,0.9090909090909091,0.1,11051.357739728946
2.6366508987303446e-41,0.9090909090909091,0.18181818181818182,10662.571050828097
2.6366508987303446e-41,0.9090909090909091,0.2636363636363636,10291.101098098658
2.6366508987303446e-41,0.9090909090909091,0.34545454545454546,9928.660452179021
2.6366508987303446e-41,0.9090909090909091,0.42727272727272725,9593.70600139446
2.6366508987303446e-41,0.9090909090909091,0.509090909090909,9282.63778847845
2.6366508987303446e-41,0.9090909090909091,0.5909090909090909,9001.691468417132
2.6366508987303446e-41,0.9090909090909091,0.6727272727272727,8748.198272097743
2.6366508987303446e-41,0.9090909090909091,0.7545454545454545,8539.37321289718
2.6366508987303446e-41,0.9090909090909091,0.8363636363636363,8372.185298886081
2.6366508987303446e-41,0.9090909090909091,0.9181818181818182,8163.279677123775
2.6366508987303446e-41,0.9090909090909091,1.0,7934.3826360739395
2.6366508987303446e-41,1.0,0.1,11916.937454912393
2.6366508987303446e-41,1.0,0.18181818181818182,11444.91649398675
2.6366508987303446e-41,1.0,0.2636363636363636,10995.450656883031
2.6366508987303446e-41,1.0,0.34545454545454546,10575.867822401831
2.6366508987303446e-41,1.0,0.42727272727272725,10175.446935617043
2.6366508987303446e-41,1.0,0.509090909090909,9804.495697086875
2.6366508987303446e-41,1.0,0.5909090909090909,9473.330602964767
2.6366508987303446e-41,1.0,0.6727272727272727,9174.048405224985
2.6366508987303446e-41,1.0,0.7545454545454545,8925.099533783818
2.6366508987303446e-41,1.0,0.8363636363636363,8694.399862657609
2.6366508987303446e-41,1.0,0.9181818181818182,8452.71669938308
2.6366508987303446e-41,1.0,1.0,8209.454576990644
3.657277336388808e-41,0.0,0.1,3818.7394188125936
3.657277336388808e-41,0.0,0.18181818181818182,3764.9260330324114
3.657277336388808e-41,0.0,0.2636363636363636,3704.691558430405
3.657277336388808e-41,0.0,0.34545454545454546,3642.9063829268725
3.657277336388808e-41,0.0,0.42727272727272725,3580.8941918096207
3.657277336388808e-41,0.0,0.509090909090909,3519.215194020488
3.657277336388808e-41,0.0,0.5909090909090909,3458.16660458589
3.657277336388808e-41,0.0,0.6727272727272727,3397.9272194050345
3.657277336388808e-41,0.0,0.7545454545454545,3338.6122747701033
3.657277336388808e-41,0.0,0.8363636363636363,3280.298508944292
3.657277336388808e-41,0.0,0.9181818181818182,3223.0372841692515
3.657277336388808e-41,0.0,1.0,3166.862209972779
3.657277336388808e-41,0.09090909090909091,0.1,3744.21165382842
3.657277336388808e-41,0.09090909090909091,0.18181818181818182,3688.8663165723174
3.657277336388808e-41,0.09090909090909091,0.2636363636363636,3627.567128630176
3.657277336388808e-41,0.09090909090909091,0.34545454545454546,3564.9081182745235
3.657277336388808e-41,0.09090909090909091,0.42727272727272725,3502.147135544084
3.657277336388808e-41,0.09090909090909091,0.509090909090909,3439.819866179989
3.657277336388808e-41,0.09090909090909091,0.5909090909090909,3378.21131980474
3.657277336388808e-41,0.09090909090909091,0.6727272727272727,3317.492665136191
3.657277336388808e-41,0.09090909090909091,0.7545454545454545,3257.7734736446137
3.657277336388808e-41,0.09090909090909091,0.8363636363636363,3199.1257599080104
3.657277336388808e-41,0.09090909090909091,0.9181818181818182,3141.5966667197017
3.657277336388808e-41,0.09090909090909091,1.0,3085.2158906815184
3.657277336388808e-41,0.18181818181818182,0.1,3882.4043417157873
3.657277336388808e-41,0.18181818181818182,0.18181818181818182,3818.862948067829
3.657277336388808e-41,0.18181818181818182,0.2636363636363636,3749.9390896164477
3.657277336388808e-41,0.18181818181818182,0.34545454545454546,3679.994368530514
3.657277336388808e-41,0.18181818181818182,0.42727272727272725,3610.243994073637
3.657277336388808e-41,0.18181818181818182,0.509090909090909,3541.2123653242
3.657277336388808e-41,0.18181818181818182,0.5909090909090909,3473.1795073225894
3.657277336388808e-41,0.18181818181818182,0.6727272727272727,3406.312197494606
3.657277336388808e-41,0.18181818181818182,0.7545454545454545,3340.7148137938866
3.657277336388808e-41,0.18181818181818182,0.8363636363636363,3276.4531534907446
3.657277336388808e-41,0.18181818181818182,0.9181818181818182,3213.5672348109647
3.657277336388808e-41,0.18181818181818182,1.0,3152.0789221895006
3.657277336388808e-41,0.2727272727272727,0.1,4147.313393788058
3.657277336388808e-41,0.2727272727272727,0.18181818181818182,4071.522644785505
3.657277336388808e-41,0.2727272727272727,0.2636363636363636,3990.2268599044846
3.657277336388808e-41,0.2727272727272727,0.34545454545454546,3908.179100342517
3.657277336388808e-41,0.2727272727272727,0.42727272727272725,3826.708412026625
3.657277336388808e-41,0.2727272727272727,0.509090909090909,3746.3852985706926
3.657277336388808e-41,0.2727272727272727,0.5909090909090909,3667.5089677802043
3.657277336388808e-41,0.2727272727272727,0.6727272727272727,3590.251642907167
3.657277336388808e-41,0.2727272727272727,0.7545454545454545,3514.715122908563
3.657277336388808e-41,0.2727272727272727,0.8363636363636363,3440.957589482453
3.657277336388808e-41,0.2727272727272727,0.9181818181818182,3369.0081785732264
3.657277336388808e-41,0.2727272727272727,1.0,3298.8757434821023
3.657277336388808e-41,0.36363636363636365,0.1,4517.546321594524
3.657277336388808e-41,0.36363636363636365,0.18181818181818182,4425.370450580333
3.657277336388808e-41,0.36363636363636365,0.2636363636363636,4326.574199240036
3.657277336388808e-41,0.36363636363636365,0.34545454545454546,4227.2026155449075
3.657277336388808e-41,0.36363636363636365,0.42727272727272725,4128.917242762407
3.657277336388808e-41,0.36363636363636365,0.509090909090909,4033.8453914326624
3.657277336388808e-41,0.36363636363636365,0.5909090909090909,3939.468246646439
3.657277336388808e-41,0.36363636363636365,0.6727272727272727,3848.7216420941695
3.657277336388808e-41,0.36363636363636365,0.7545454545454545,3760.3739202866013
3.657277336388808e-41,0.36363636363636365,0.8363636363636363,3677.0261916263617
3.657277336388808e-41,0.36363636363636365,0.9181818181818182,3603.0161415360963
3.657277336388808e-41,0.36363636363636365,1.0,3628.681816041525
3.657277336388808e-41,0.45454545454545453,0.1,5004.109583014395
3.657277336388808e-41,0.45454545454545453,0.18181818181818182,4893.2699038716255
3.657277336388808e-41,0.45454545454545453,0.2636363636363636,4770.296025545472
3.657277336388808e-41,0.45454545454545453,0.34545454545454546,4651.0848702995645
3.657277336388808e-41,0.45454545454545453,0.42727272727272725,4533.693177757933
3.657277336388808e-41,0.45454545454545453,0.509090909090909,4419.1928104715025
3.657277336388808e-41,0.45454545454545453,0.5909090909090909,4308.153324049518
3.657277336388808e-41,0.45454545454545453,0.6727272727272727,4204.246266102204
3.657277336388808e-41,0.45454545454545453,0.7545454545454545,4111.163197318755
3.657277336388808e-41,0.45454545454545453,0.8363636363636363,4033.8880761120295
3.657277336388808e-41,0.45454545454545453,0.9181818181818182,4023.052314009799
3.657277336388808e-41,0.45454545454545453,1.0,4106.045617549861
3.657277336388808e-41,0.5454545454545454,0.1,5632.177549133002
3.657277336388808e-41,0.5454545454545454,0.18181818181818182,5485.080619968252
3.657277336388808e-41,0.5454545454545454,0.2636363636363636,5337.631091288297
3.657277336388808e-41,0.5454545454545454,0.34545454545454546,5190.88892673139
3.657277336388808e-41,0.5454545454545454,0.42727272727272725,5047.761973074637
3.657277336388808e-41,0.5454545454545454,0.509090909090909,4915.947848320744
3.657277336388808e-41,0.5454545454545454,0.5909090909090909,4789.603480362579
3.657277336388808e-41,0.5454545454545454,0.6727272727272727,4680.894669471179
3.657277336388808e-41,0.5454545454545454,0.7545454545454545,4590.742035707028
3.657277336388808e-41,0.5454545454545454,0.8363636363636363,4542.901154175435
3.657277336388808e-41,0.5454545454545454,0.9181818181818182,4626.071435902507
3.657277336388808e-41,0.5454545454545454,1.0,4646.636265908577
3.657277336388808e-41,0.6363636363636364,0.1,6329.284227255552
3.657277336388808e-41,0.6363636363636364,0.18181818181818182,6154.9075512765585
3.657277336388808e-41,0.6363636363636364,0.2636363636363636,5971.973543779941
3.657277336388808e-41,0.6363636363636364,0.34545454545454546,5791.9801276737435
3.657277336388808e-41,0.6363636363636364,0.42727272727272725,5627.596826104447
3.657277336388808e-41,0.6363636363636364,0.509090909090909,5469.890242619325
3.657277336388808e-41,0.6363636363636364,0.5909090909090909,5328.436013216831
3.657277336388808e-41,0.6363636363636364,0.6727272727272727,5210.24019506701
3.657277336388808e-41,0.6363636363636364,0.7545454545454545,5121.768153500509
3.657277336388808e-41,0.6363636363636364,0.8363636363636363,5095.154803208112
3.657277336388808e-41,0.6363636363636364,0.9181818181818182,5146.624385774183
3.657277336388808e-41,0.6363636363636364,1.0,5123.234710885663
3.657277336388808e-41,0.7272727272727273,0.1,7081.316178958375
3.657277336388808e-41,0.7272727272727273,0.18181818181818182,6863.825303501944
3.657277336388808e-41,0.7272727272727273,0.2636363636363636,6638.670028173105
3.657277336388808e-41,0.7272727272727273,0.34545454545454546,6432.326397352557
3.657277336388808e-41,0.7272727272727273,0.42727272727272725,6232.736711438538
3.657277336388808e-41,0.7272727272727273,0.509090909090909,6052.578308159575
3.657277336388808e-41,0.7272727272727273,0.5909090909090909,5890.600410491195
3.657277336388808e-41,0.7272727272727273,0.6727272727272727,5753.972478287547
3.657277336388808e-41,0.7272727272727273,0.7545454545454545,5655.407601228613
3.657277336388808e-41,0.7272727272727273,0.8363636363636363,5630.3291699295405
3.657277336388808e-41,0.7272727272727273,0.9181818181818182,5602.428509023282
3.657277336388808e-41,0.7272727272727273,1.0,5522.893971800026
3.657277336388808e-41,0.8181818181818182,0.1,7845.754931084201
3.657277336388808e-41,0.8181818181818182,0.18181818181818182,7573.073991780463
3.657277336388808e-41,0.8181818181818182,0.2636363636363636,7312.059957183095
3.657277336388808e-41,0.8181818181818182,0.34545454545454546,7056.387072100468
3.657277336388808e-41,0.8181818181818182,0.42727272727272725,6811.399069202902
3.657277336388808e-41,0.8181818181818182,0.509090909090909,6599.368697932152
3.657277336388808e-41,0.8181818181818182,0.5909090909090909,6405.338847877569
3.657277336388808e-41,0.8181818181818182,0.6727272727272727,6237.441432577607
3.657277336388808e-41,0.8181818181818182,0.7545454545454545,6108.328173110591
3.657277336388808e-41,0.8181818181818182,0.8363636363636363,6054.174548031675
3.657277336388808e-41,0.8181818181818182,0.9181818181818182,5944.220914429061
3.657277336388808e-41,0.8181818181818182,1.0,5810.19841449197
3.657277336388808e-41,0.9090909090909091,0.1,8564.386044828909
3.657277336388808e-41,0.9090909090909091,0.18181818181818182,8226.421506812349
3.657277336388808e-41,0.9090909090909091,0.2636363636363636,7905.362364978171
3.657277336388808e-41,0.9090909090909091,0.34545454545454546,7594.454645157711
3.657277336388808e-41,0.9090909090909091,0.42727272727272725,7310.306597832641
3.657277336388808e-41,0.9090909090909091,0.509090909090909,7049.496945847663
3.657277336388808e-41,0.9090909090909091,0.5909090909090909,6817.69300402646
3.657277336388808e-41,0.9090909090909091,0.6727272727272727,6612.596440850137
3.657277336388808e-41,0.9090909090909091,0.7545454545454545,6451.127059043533
3.657277336388808e-41,0.9090909090909091,0.8363636363636363,6331.659170418283
3.657277336388808e-41,0.9090909090909091,0.9181818181818182,6170.999845034872
3.657277336388808e-41,0.9090909090909091,1.0,5990.737818528629
3.657277336388808e-41,1.0,0.1,9206.59439724942
3.657277336388808e-41,1.0,0.18181818181818182,8798.718505859822
3.657277336388808e-41,1.0,0.2636363636363636,8413.12266332885
3.657277336388808e-41,1.0,0.34545454545454546,8056.91179359212
3.657277336388808e-41,1.0,0.42727272727272725,7719.914090211611
3.657277336388808e-41,1.0,0.509090909090909,7411.488393152336
3.657277336388808e-41,1.0,0.5909090909090909,7141.090160222133
3.657277336388808e-41,1.0,0.6727272727272727,6901.1889793271675
3.657277336388808e-41,1.0,0.7545454545454545,6710.204512735689
3.657277336388808e-41,1.0,0.8363636363636363,6536.648653997657
3.657277336388808e-41,1.0,0.9181818181818182,6349.926283236624
3.657277336388808e-41,1.0,1.0,6162.270943770479
5.072980090653696e-41,0.0,0.1,2682.6168679595394
5.072980090653696e-41,0.0,0.18181818181818182,2645.209652464709
5.072980090653696e-41,0.0,0.2636363636363636,2601.4519733563975
5.072980090653696e-41,0.0,0.34545454545454546,2556.125801973877
5.072980090653696e-41,0.0,0.42727272727272725,2510.4918162409494
5.072980090653696e-41,0.0,0.509090909090909,2465.0643379817657
5.072980090653696e-41,0.0,0.5909090909090909,2420.106259241378
5.072980090653696e-41,0.0,0.6727272727272727,2375.770270579683
5.072980090653696e-41,0.0,0.7545454545454545,2332.1515930380465
5.072980090653696e-41,0.0,0.8363636363636363,2289.3116087112476
5.072980090653696e-41,0.0,0.9181818181818182,2247.2899742082263
5.072980090653696e-41,0.0,1.0,2206.11150593168
5.072980090653696e-41,0.09090909090909091,0.1,2666.3927973852374
5.072980090653696e-41,0.09090909090909091,0.18181818181818182,2626.5483855054354
5.072980090653696e-41,0.09090909090909091,0.2636363636363636,2580.8281955779976
5.072980090653696e-41,0.09090909090909091,0.34545454545454546,2533.741347244134
5.072980090653696e-41,0.09090909090909091,0.42727272727272725,2486.485289036009
5.072980090653696e-41,0.09090909090909091,0.509090909090909,2439.551549095614
5.072980090653696e-41,0.09090909090909091,0.5909090909090909,2393.1919255433254
5.072980090653696e-41,0.09090909090909091,0.6727272727272727,2347.552160169461
5.072980090653696e-41,0.09090909090909091,0.7545454545454545,2302.722179089945
5.072980090653696e-41,0.09090909090909091,0.8363636363636363,2258.7587875723902
5.072980090653696e-41,0.09090909090909091,0.9181818181818182,2215.697406855284
5.072980090653696e-41,0.09090909090909091,1.0,2173.558805214281
5.072980090653696e-41,0.18181818181818182,0.1,2809.776305350426
5.072980090653696e-41,0.18181818181818182,0.18181818181818182,2762.0376218246506
5.072980090653696e-41,0.18181818181818182,0.2636363636363636,2709.004927218529
5.072980090653696e-41,0.18181818181818182,0.34545454545454546,2654.9503410172
5.072980090653696e-41,0.18181818181818182,0.42727272727272725,2601.025797439058
5.072980090653696e-41,0.18181818181818182,0.509090909090909,2547.709281496559
5.072980090653696e-41,0.18181818181818182,0.5909090909090909,2495.245725008115
5.072980090653696e-41,0.18181818181818182,0.6727272727272727,2443.774879724892
5.072980090653696e-41,0.18181818181818182,0.7545454545454545,2393.380114402191
5.072980090653696e-41,0.18181818181818182,0.8363636363636363,2344.110856576147
5.072980090653696e-41,0.18181818181818182,0.9181818181818182,2295.9944220224847
5.072980090653696e-41,0.18181818181818182,1.0,2249.042925666595
5.072980090653696e-41,0.2727272727272727,0.1,3040.8946500353213
5.072980090653696e-41,0.2727272727272727,0.18181818181818182,2982.1867258915
5.072980090653696e-41,0.2727272727272727,0.2636363636363636,2918.072474023773
5.072980090653696e-41,0.2727272727272727,0.34545454545454546,2853.205684544172
5.072980090653696e-41,0.2727272727272727,0.42727272727272725,2788.844680316491
5.072980090653696e-41,0.2727272727272727,0.509090909090909,2725.507700655279
5.072980090653696e-41,0.2727272727272727,0.5909090909090909,2663.4541781313683
5.072980090653696e-41,0.2727272727272727,0.6727272727272727,2602.8255379125303
5.072980090653696e-41,0.2727272727272727,0.7545454545454545,2543.69953486115
5.072980090653696e-41,0.2727272727272727,0.8363636363636363,2486.1155590837107
5.072980090653696e-41,0.2727272727272727,0.9181818181818182,2430.0881394343373
5.072980090653696e-41,0.2727272727272727,1.0,2375.6149151817585
5.072980090653696e-41,0.36363636363636365,0.1,3352.565713038796
5.072980090653696e-41,0.36363636363636365,0.18181818181818182,3279.353281681997
5.072980090653696e-41,0.36363636363636365,0.2636363636363636,3199.641344369947
5.072980090653696e-41,0.36363636363636365,0.34545454545454546,3119.3618529197033
5.072980090653696e-41,0.36363636363636365,0.42727272727272725,3040.0934227016824
5.072980090653696e-41,0.36363636363636365,0.509090909090909,2963.80839400965
5.072980090653696e-41,0.36363636363636365,0.5909090909090909,2888.121066375943
5.072980090653696e-41,0.36363636363636365,0.6727272727272727,2815.751992592542
5.072980090653696e-41,0.36363636363636365,0.7545454545454545,2745.5261690617704
5.072980090653696e-41,0.36363636363636365,0.8363636363636363,2679.8524168956683
5.072980090653696e-41,0.36363636363636365,0.9181818181818182,2622.8227424804522
5.072980090653696e-41,0.36363636363636365,1.0,2663.4918054028194
5.072980090653696e-41,0.45454545454545453,0.1,3757.0335458739833
5.072980090653696e-41,0.45454545454545453,0.18181818181818182,3667.3435997016186
5.072980090653696e-41,0.45454545454545453,0.2636363636363636,3565.941285183055
5.072980090653696e-41,0.45454545454545453,0.34545454545454546,3468.068715914194
5.072980090653696e-41,0.45454545454545453,0.42727272727272725,3371.9397291727937
5.072980090653696e-41,0.45454545454545453,0.509090909090909,3278.5323365733702
5.072980090653696e-41,0.45454545454545453,0.5909090909090909,3188.3417882507174
5.072980090653696e-41,0.45454545454545453,0.6727272727272727,3104.7404788997096
5.072980090653696e-41,0.45454545454545453,0.7545454545454545,3031.1441116459214
5.072980090653696e-41,0.45454545454545453,0.8363636363636363,2972.278207463755
5.072980090653696e-41,0.45454545454545453,0.9181818181818182,2977.0946629999085
5.072980090653696e-41,0.45454545454545453,1.0,3075.1572875668626
5.072980090653696e-41,0.5454545454545454,0.1,4272.041800005496
5.072980090653696e-41,0.5454545454545454,0.18181818181818182,4149.683593205853
5.072980090653696e-41,0.5454545454545454,0.2636363636363636,4026.59698132236
5.072980090653696e-41,0.5454545454545454,0.34545454545454546,3904.274565208141
5.072980090653696e-41,0.5454545454545454,0.42727272727272725,3785.460834780118
5.072980090653696e-41,0.5454545454545454,0.509090909090909,3677.203899628847
5.072980090653696e-41,0.5454545454545454,0.5909090909090909,3574.074634194014
5.072980090653696e-41,0.5454545454545454,0.6727272727272727,3487.2536321260995
5.072980090653696e-41,0.5454545454545454,0.7545454545454545,3417.67602819015
5.072980090653696e-41,0.5454545454545454,0.8363636363636363,3388.0019166128914
5.072980090653696e-41,0.5454545454545454,0.9181818181818182,3486.938838092731
5.072980090653696e-41,0.5454545454545454,1.0,3523.71110179661
5.072980090653696e-41,0.6363636363636364,0.1,4829.119730731335
5.072980090653696e-41,0.6363636363636364,0.18181818181818182,4683.043392552257
5.072980090653696e-41,0.6363636363636364,0.2636363636363636,4528.711412675377
5.072980090653696e-41,0.6363636363636364,0.34545454545454546,4377.360501033534
5.072980090653696e-41,0.6363636363636364,0.42727272727272725,4240.618150007374
5.072980090653696e-41,0.6363636363636364,0.509090909090909,4110.268157726525
5.072980090653696e-41,0.6363636363636364,0.5909090909090909,3994.996913940041
5.072980090653696e-41,0.6363636363636364,0.6727272727272727,3901.256908521617
5.072980090653696e-41,0.6363636363636364,0.7545454545454545,3835.2958636908334
5.072980090653696e-41,0.6363636363636364,0.8363636363636363,3828.5159979209398
5.072980090653696e-41,0.6363636363636364,0.9181818181818182,3899.6101392693886
5.072980090653696e-41,0.6363636363636364,1.0,3896.2880536121925
5.072980090653696e-41,0.7272727272727273,0.1,5416.71515124904
5.072980090653696e-41,0.7272727272727273,0.18181818181818182,5233.195442488337
5.072980090653696e-41,0.7272727272727273,0.2636363636363636,5042.4156378962225
5.072980090653696e-41,0.7272727272727273,0.34545454545454546,4869.234801824256
5.072980090653696e-41,0.7272727272727273,0.42727272727272725,4702.769524512654
5.072980090653696e-41,0.7272727272727273,0.509090909090909,4554.46389764052
5.072980090653696e-41,0.7272727272727273,0.5909090909090909,4423.152567399324
5.072980090653696e-41,0.7272727272727273,0.6727272727272727,4315.498021065358
5.072980090653696e-41,0.7272727272727273,0.7545454545454545,4243.8237416377615
5.072980090653696e-41,0.7272727272727273,0.8363636363636363,4243.961806352674
5.072980090653696e-41,0.7272727272727273,0.9181818181818182,4242.476464743584
5.072980090653696e-41,0.7272727272727273,1.0,4189.689888815783
5.072980090653696e-41,0.8181818181818182,0.1,6000.161698172583
5.072980090653696e-41,0.8181818181818182,0.18181818181818182,5769.638618903598
5.072980090653696e-41,0.8181818181818182,0.2636363636363636,5549.633316463264
5.072980090653696e-41,0.8181818181818182,0.34545454545454546,5335.310639974053
5.072980090653696e-41,0.8181818181818182,0.42727272727272725,5131.502038275399
5.072980090653696e-41,0.8181818181818182,0.509090909090909,4958.323824582704
5.072980090653696e-41,0.8181818181818182,0.5909090909090909,4802.21771194422
5.072980090653696e-41,0.8181818181818182,0.6727272727272727,4670.7608881906
5.072980090653696e-41,0.8181818181818182,0.7545454545454545,4576.398463239707
5.072980090653696e-41,0.8181818181818182,0.8363636363636363,4556.30307664393
5.072980090653696e-41,0.8181818181818182,0.9181818181818182,4481.166596597642
5.072980090653696e-41,0.8181818181818182,1.0,4382.278000806244
5.072980090653696e-41,0.9090909090909091,0.1,6531.972815039178
5.072980090653696e-41,0.9090909090909091,0.18181818181818182,6247.458766085322
5.072980090653696e-41,0.9090909090909091,0.2636363636363636,5978.50600555509
5.072980090653696e-41,0.9090909090909091,0.34545454545454546,5719.819701131175
5.072980090653696e-41,0.9090909090909091,0.42727272727272725,5486.337656950202
5.072980090653696e-41,0.9090909090909091,0.509090909090909,5274.85470831386
5.072980090653696e-41,0.9090909090909091,0.5909090909090909,5090.56463534013
5.072980090653696e-41,0.9090909090909091,0.6727272727272727,4931.553789487147
5.072980090653696e-41,0.9090909090909091,0.7545454545454545,4814.51279035944
5.072980090653696e-41,0.9090909090909091,0.8363636363636363,4739.201409514745
5.072980090653696e-41,0.9090909090909091,0.9181818181818182,4622.55754138017
5.072980090653696e-41,0.9090909090909091,1.0,4486.163336974607
5.072980090653696e-41,1.0,0.1,6994.781792703022
5.072980090653696e-41,1.0,0.18181818181818182,6653.876341397417
5.072980090653696e-41,1.0,0.2636363636363636,6333.63960915411
5.072980090653696e-41,1.0,0.34545454545454546,6041.057127535565
5.072980090653696e-41,1.0,0.42727272727272725,5766.557265206755
5.072980090653696e-41,1.0,0.509090909090909,5518.690248708672
5.072980090653696e-41,1.0,0.5909090909090909,5306.215951928827
5.072980090653696e-41,1.0,0.6727272727272727,5122.074878571129
5.072980090653696e-41,1.0,0.7545454545454545,4984.743782918877
5.072980090653696e-41,1.0,0.8363636363636363,4863.400698438989
5.072980090653696e-41,1.0,0.9181818181818182,4726.295588898758
5.072980090653696e-41,1.0,1.0,4588.017729131336
7.036690038273013e-41,0.0,0.1,1864.4862927550419
7.036690038273013e-41,0.0,0.18181818181818182,1839.7056856495424
7.036690038273013e-41,0.0,0.2636363636363636,1808.5922084806132
7.036690038273013e-41,0.0,0.34545454545454546,1775.8663124738384
7.036690038273013e-41,0.0,0.42727272727272725,1742.7423361330893
7.036690038273013e-41,0.0,0.509090909090909,1709.7007209720937
7.036690038273013e-41,0.0,0.5909090909090909,1676.9792356781495
7.036690038273013e-41,0.0,0.6727272727272727,1644.7117525380597
7.036690038273013e-41,0.0,0.7545454545454545,1612.9793656710353
7.036690038273013e-41,0.0,0.8363636363636363,1581.8329177318235
7.036690038273013e-41,0.0,0.9181818181818182,1551.3043281095333
7.036690038273013e-41,0.0,1.0,1521.4129005286595
7.036690038273013e-41,0.09090909090909091,0.1,1882.6551328054936
7.036690038273013e-41,0.09090909090909091,0.18181818181818182,1854.9581024469558
7.036690038273013e-41,0.09090909090909091,0.2636363636363636,1821.40976336768
7.036690038273013e-41,0.09090909090909091,0.34545454545454546,1786.4580682556048
7.036690038273013e-41,0.09090909090909091,0.42727272727272725,1751.2549737161576
7.036690038273013e-41,0.09090909090909091,0.509090909090909,1716.2587228530404
7.036690038273013e-41,0.09090909090909091,0.5909090909090909,1681.696339001086
7.036690038273013e-41,0.09090909090909091,0.6727272727272727,1647.6949095608713
7.036690038273013e-41,0.09090909090909091,0.7545454545454545,1614.3302657546722
7.036690038273013e-41,0.09090909090909091,0.8363636363636363,1581.6486127167718
7.036690038273013e-41,0.09090909090909091,0.9181818181818182,1549.677509342286
7.036690038273013e-41,0.09090909090909091,1.0,1518.4320421174539
7.036690038273013e-41,0.18181818181818182,0.1,2018.3316769125684
7.036690038273013e-41,0.18181818181818182,0.18181818181818182,1983.3324714098608
7.036690038273013e-41,0.18181818181818182,0.2636363636363636,1943.0681909029815
7.036690038273013e-41,0.18181818181818182,0.34545454545454546,1901.743032871485
7.036690038273013e-41,0.18181818181818182,0.42727272727272725,1860.4595793996991
7.036690038273013e-41,0.18181818181818182,0.509090909090909,1819.6598011962928
7.036690038273013e-41,0.18181818181818182,0.5909090909090909,1779.561797538436
7.036690038273013e-41,0.18181818181818182,0.6727272727272727,1740.285081836047
7.036690038273013e-41,0.18181818181818182,0.7545454545454545,1701.8977072895113
7.036690038273013e-41,0.18181818181818182,0.8363636363636363,1664.4375717597688
7.036690038273013e-41,0.18181818181818182,0.9181818181818182,1627.9234382481352
7.036690038273013e-41,0.18181818181818182,1.0,1592.3612486077984
7.036690038273013e-41,0.2727272727272727,0.1,2212.639408768065
7.036690038273013e-41,0.2727272727272727,0.18181818181818182,2168.1042237553374
7.036690038273013e-41,0.2727272727272727,0.2636363636363636,2118.188395110963
7.036690038273013e-41,0.2727272727272727,0.34545454545454546,2067.467672172364
7.036690038273013e-41,0.2727272727272727,0.42727272727272725,2017.143675160701
7.036690038273013e-41,0.2727272727272727,0.509090909090909,1967.6931673298604
7.036690038273013e-41,0.2727272727272727,0.5909090909090909,1919.3446397603784
7.036690038273013e-41,0.2727272727272727,0.6727272727272727,1872.2161940824806
7.036690038273013e-41,0.2727272727272727,0.7545454545454545,1826.3679881899104
7.036690038273013e-41,0.2727272727272727,0.8363636363636363,1781.8262469352514
7.036690038273013e-41,0.2727272727272727,0.9181818181818182,1738.5958370411734
7.036690038273013e-41,0.2727272727272727,1.0,1696.6675474671154
7.036690038273013e-41,0.36363636363636365,0.1,2468.0103638012843
7.036690038273013e-41,0.36363636363636365,0.18181818181818182,2410.9772710039265
7.036690038273013e-41,0.36363636363636365,0.2636363636363636,2347.468668344803
7.036690038273013e-41,0.36363636363636365,0.34545454545454546,2283.325774544282
7.036690038273013e-41,0.36363636363636365,0.42727272727272725,2220.059174860811
7.036690038273013e-41,0.36363636363636365,0.509090909090909,2159.5034853356256
7.036690038273013e-41,0.36363636363636365,0.5909090909090909,2099.4063422483136
7.036690038273013e-41,0.36363636363636365,0.6727272727272727,2042.292775690742
7.036690038273013e-41,0.36363636363636365,0.7545454545454545,1987.047366327513
7.036690038273013e-41,0.36363636363636365,0.8363636363636363,1935.9079146298645
7.036690038273013e-41,0.36363636363636365,0.9181818181818182,1892.7504850029745
7.036690038273013e-41,0.36363636363636365,1.0,1945.6199834327108
7.036690038273013e-41,0.45454545454545453,0.1,2795.493011677668
7.036690038273013e-41,0.45454545454545453,0.18181818181818182,2724.410379142067
7.036690038273013e-41,0.45454545454545453,0.2636363636363636,2641.8939219456047
7.036690038273013e-41,0.45454545454545453,0.34545454545454546,2562.5717721589085
7.036690038273013e-41,0.45454545454545453,0.42727272727272725,2484.82432662607
7.036690038273013e-41,0.45454545454545453,0.509090909090909,2409.550627498908
7.036690038273013e-41,0.45454545454545453,0.5909090909090909,2337.185340263785
7.036690038273013e-41,0.45454545454545453,0.6727272727272727,2270.831436503214
7.036690038273013e-41,0.45454545454545453,0.7545454545454545,2213.6615919746837
7.036690038273013e-41,0.45454545454545453,0.8363636363636363,2170.174365279697
7.036690038273013e-41,0.45454545454545453,0.9181818181818182,2187.77528639596
7.036690038273013e-41,0.45454545454545453,1.0,2298.078173251505
7.036690038273013e-41,0.5454545454545454,0.1,3205.943829803784
7.036690038273013e-41,0.5454545454545454,0.18181818181818182,3106.2493210347066
7.036690038273013e-41,0.5454545454545454,0.2636363636363636,3005.2652348312604
7.036690038273013e-41,0.5454545454545454,0.34545454545454546,2904.9283948983298
7.036690038273013e-41,0.5454545454545454,0.42727272727272725,2807.8421033947843
7.036690038273013e-41,0.5454545454545454,0.509090909090909,2720.4605423109483
7.036690038273013e-41,0.5454545454545454,0.5909090909090909,2637.7614071411995
7.036690038273013e-41,0.5454545454545454,0.6727272727272727,2570.026284893723
7.036690038273013e-41,0.5454545454545454,0.7545454545454545,2518.2195604047074
7.036690038273013e-41,0.5454545454545454,0.8363636363636363,2503.9771242893607
7.036690038273013e-41,0.5454545454545454,0.9181818181818182,2616.0628881077364
7.036690038273013e-41,0.5454545454545454,1.0,2666.0896735774877
7.036690038273013e-41,0.6363636363636364,0.1,3637.4976389816993
7.036690038273013e-41,0.6363636363636364,0.18181818181818182,3518.324005648817
7.036690038273013e-41,0.6363636363636364,0.2636363636363636,3390.8848676664948
7.036690038273013e-41,0.6363636363636364,0.34545454545454546,3266.1932362581615
7.036690038273013e-41,0.6363636363636364,0.42727272727272725,3154.9295658598367
7.036690038273013e-41,0.6363636363636364,0.509090909090909,3049.571123360773
7.036690038273013e-41,0.6363636363636364,0.5909090909090909,2958.007775091112
7.036690038273013e-41,0.6363636363636364,0.6727272727272727,2886.2070744786897
7.036690038273013e-41,0.6363636363636364,0.7545454545454545,2840.2212190716346
7.036690038273013e-41,0.6363636363636364,0.8363636363636363,2850.741313797928
7.036690038273013e-41,0.6363636363636364,0.9181818181818182,2938.802580493997
7.036690038273013e-41,0.6363636363636364,1.0,2952.5623597280983
7.036690038273013e-41,0.7272727272727273,0.1,4081.78068067971
7.036690038273013e-41,0.7272727272727273,0.18181818181818182,3931.6194027529536
7.036690038273013e-41,0.7272727272727273,0.2636363636363636,3774.1186978236874
7.036690038273013e-41,0.7272727272727273,0.34545454545454546,3632.684656074586
7.036690038273013e-41,0.7272727272727273,0.42727272727272725,3497.547581819593
7.036690038273013e-41,0.7272727272727273,0.509090909090909,3379.0591090463695
7.036690038273013e-41,0.7272727272727273,0.5909090909090909,3276.1639455949535
7.036690038273013e-41,0.7272727272727273,0.6727272727272727,3195.084729434723
7.036690038273013e-41,0.7272727272727273,0.7545454545454545,3147.784210235168
7.036690038273013e-41,0.7272727272727273,0.8363636363636363,3170.465412691206
7.036690038273013e-41,0.7272727272727273,0.9181818181818182,3192.3525099738304
7.036690038273013e-41,0.7272727272727273,1.0,3162.93835448096
7.036690038273013e-41,0.8181818181818182,0.1,4512.858440418278
7.036690038273013e-41,0.8181818181818182,0.18181818181818182,4324.517551191958
7.036690038273013e-41,0.8181818181818182,0.2636363636363636,4144.965183722143
7.036690038273013e-41,0.8181818181818182,0.34545454545454546,3970.7695655610214
7.036690038273013e-41,0.8181818181818182,0.42727272727272725,3806.335412796964
7.036690038273013e-41,0.8181818181818182,0.509090909090909,3669.899544686903
7.036690038273013e-41,0.8181818181818182,0.5909090909090909,3549.19457752577
7.036690038273013e-41,0.8181818181818182,0.6727272727272727,3451.3296681361644
7.036690038273013e-41,0.8181818181818182,0.7545454545454545,3388.5740805714563
7.036690038273013e-41,0.8181818181818182,0.8363636363636363,3399.083625108939
7.036690038273013e-41,0.8181818181818182,0.9181818181818182,3354.7573862168656
7.036690038273013e-41,0.8181818181818182,1.0,3286.6408779060675
7.036690038273013e-41,0.9090909090909091,0.1,4896.630546332175
7.036690038273013e-41,0.9090909090909091,0.18181818181818182,4665.361807484448
7.036690038273013e-41,0.9090909090909091,0.2636363636363636,4447.47136952577
7.036690038273013e-41,0.9090909090909091,0.34545454545454546,4239.041852149929
7.036690038273013e-41,0.9090909090909091,0.42727272727272725,4053.602553550696
7.036690038273013e-41,0.9090909090909091,0.509090909090909,3888.211646088026
7.036690038273013e-41,0.9090909090909091,0.5909090909090909,3747.7078256092223
7.036690038273013e-41,0.9090909090909091,0.6727272727272727,3630.5684129807496
7.036690038273013e-41,0.9090909090909091,0.7545454545454545,3553.3298391374315
7.036690038273013e-41,0.9090909090909091,0.8363636363636363,3517.0858493780906
7.036690038273013e-41,0.9090909090909091,0.9181818181818182,3438.8285088151697
7.036690038273013e-41,0.9090909090909091,1.0,3340.3112111763867
7.036690038273013e-41,1.0,0.1,5221.870969754672
7.036690038273013e-41,1.0,0.18181818181818182,4946.87557092581
7.036690038273013e-41,1.0,0.2636363636363636,4689.798503986648
7.036690038273013e-41,1.0,0.34545454545454546,4457.6580451625
7.036690038273013e-41,1.0,0.42727272727272725,4241.527377737928
7.036690038273013e-41,1.0,0.509090909090909,4049.346990116261
7.036690038273013e-41,1.0,0.5909090909090909,3889.376911264022
7.036690038273013e-41,1.0,0.6727272727272727,3755.0857716489113
7.036690038273013e-41,1.0,0.7545454545454545,3665.1043712270994
7.036690038273013e-41,1.0,0.8363636363636363,3589.264293564128
7.036690038273013e-41,1.0,0.9181818181818182,3494.844036073593
7.036690038273013e-41,1.0,1.0,3398.416539350006
9.760536373078931e-41,0.0,0.1,1277.5984589364025
9.760536373078931e-41,0.0,0.18181818181818182,1262.4423981351742
9.760536373078931e-41,0.0,0.2636363636363636,1240.931039921257
9.760536373078931e-41,0.0,0.34545454545454546,1217.7475111255635
9.760536373078931e-41,0.0,0.42727272727272725,1194.0737425667367
9.760536373078931e-41,0.0,0.509090909090909,1170.3660270367054
9.760536373078931e-41,0.0,0.5909090909090909,1146.84431853626
9.760536373078931e-41,0.0,0.6727272727272727,1123.6293614933554
9.760536373078931e-41,0.0,0.7545454545454545,1100.7926430550413
9.760536373078931e-41,0.0,0.8363636363636363,1078.3780965304773
9.760536373078931e-41,0.0,0.9181818181818182,1056.4128343168584
9.760536373078931e-41,0.0,1.0,1034.9130136979559
9.760536373078931e-41,0.09090909090909091,0.1,1313.9574933351767
9.760536373078931e-41,0.09090909090909091,0.18181818181818182,1295.7260530572607
9.760536373078931e-41,0.09090909090909091,0.2636363636363636,1271.6263372486696
9.760536373078931e-41,0.09090909090909091,0.34545454545454546,1246.0665321467134
9.760536373078931e-41,0.09090909090909091,0.42727272727272725,1220.1656853589877
9.760536373078931e-41,0.09090909090909091,0.509090909090909,1194.3576966605615
9.760536373078931e-41,0.09090909090909091,0.5909090909090909,1168.8516432171427
9.760536373078931e-41,0.09090909090909091,0.6727272727272727,1143.7613667316173
9.760536373078931e-41,0.09090909090909091,0.7545454545454545,1119.1529779410787
9.760536373078931e-41,0.09090909090909091,0.8363636363636363,1095.065663509347
9.760536373078931e-41,0.09090909090909091,0.9181818181818182,1071.522072478939
9.760536373078931e-41,0.09090909090909091,1.0,1048.53405001611
9.760536373078931e-41,0.18181818181818182,0.1,1435.4196736749595
9.760536373078931e-41,0.18181818181818182,0.18181818181818182,1410.6455039971431
9.760536373078931e-41,0.18181818181818182,0.2636363636363636,1380.588187998164
9.760536373078931e-41,0.18181818181818182,0.34545454545454546,1349.40375432223
9.760536373078931e-41,0.18181818181818182,0.42727272727272725,1318.157533816435
9.760536373078931e-41,0.18181818181818182,0.509090909090909,1287.2643473989906
9.760536373078931e-41,0.18181818181818182,0.5909090909090909,1256.9224183309502
9.760536373078931e-41,0.18181818181818182,0.6727272727272727,1227.2366766895682
9.760536373078931e-41,0.18181818181818182,0.7545454545454545,1198.264551596646
9.760536373078931e-41,0.18181818181818182,0.8363636363636363,1170.0363511578455
9.760536373078931e-41,0.18181818181818182,0.9181818181818182,1142.5656179738112
9.760536373078931e-41,0.18181818181818182,1.0,1115.8549494050453
9.760536373078931e-41,0.2727272727272727,0.1,1594.3406682407422
9.760536373078931e-41,0.2727272727272727,0.18181818181818182,1561.4872609741983
9.760536373078931e-41,0.2727272727272727,0.2636363636363636,1523.2194836035112
9.760536373078931e-41,0.2727272727272727,0.34545454545454546,1484.0555130722146
9.760536373078931e-41,0.2727272727272727,0.42727272727272725,1445.1531367533569
9.760536373078931e-41,0.2727272727272727,0.509090909090909,1406.9573589608553
9.760536373078931e-41,0.2727272727272727,0.5909090909090909,1369.673582344401
9.760536373078931e-41,0.2727272727272727,0.6727272727272727,1333.4031466579893
9.760536373078931e-41,0.2727272727272727,0.7545454545454545,1298.19419685762
9.760536373078931e-41,0.2727272727272727,0.8363636363636363,1264.0645942951958
9.760536373078931e-41,0.2727272727272727,0.9181818181818182,1231.0136960214998
9.760536373078931e-41,0.2727272727272727,1.0,1199.0290406728907
9.760536373078931e-41,0.36363636363636365,0.1,1798.094031247123
9.760536373078931e-41,0.36363636363636365,0.18181818181818182,1754.7727666617334
9.760536373078931e-41,0.36363636363636365,0.2636363636363636,1704.9157576984621
9.760536373078931e-41,0.36363636363636365,0.34545454545454546,1654.296684447812
9.760536373078931e-41,0.36363636363636365,0.42727272727272725,1604.3728113276616
9.760536373078931e-41,0.36363636363636365,0.509090909090909,1556.861007394029
9.760536373078931e-41,0.36363636363636365,0.5909090909090909,1509.6359525988264
9.760536373078931e-41,0.36363636363636365,0.6727272727272727,1465.0524345102995
9.760536373078931e-41,0.36363636363636365,0.7545454545454545,1422.054073151523
9.760536373078931e-41,0.36363636363636365,0.8363636363636363,1382.734623235734
9.760536373078931e-41,0.36363636363636365,0.9181818181818182,1350.793971931857
9.760536373078931e-41,0.36363636363636365,1.0,1413.6824711639174
9.760536373078931e-41,0.45454545454545453,0.1,2055.524461459467
9.760536373078931e-41,0.45454545454545453,0.18181818181818182,2000.722733610221
9.760536373078931e-41,0.45454545454545453,0.2636363636363636,1934.620836047216
9.760536373078931e-41,0.45454545454545453,0.34545454545454546,1871.296315677445
9.760536373078931e-41,0.45454545454545453,0.42727272727272725,1809.2980235006153
9.760536373078931e-41,0.45454545454545453,0.509090909090909,1749.4625561443977
9.760536373078931e-41,0.45454545454545453,0.5909090909090909,1692.178909847626
9.760536373078931e-41,0.45454545454545453,0.6727272727272727,1640.320743477645
9.760536373078931e-41,0.45454545454545453,0.7545454545454545,1596.8611063255476
9.760536373078931e-41,0.45454545454545453,0.8363636363636363,1566.1143232555278
9.760536373078931e-41,0.45454545454545453,0.9181818181818182,1594.1597342852642
9.760536373078931e-41,0.45454545454545453,1.0,1714.4432903169613
9.760536373078931e-41,0.5454545454545454,0.1,2372.7225831025685
9.760536373078931e-41,0.5454545454545454,0.18181818181818182,2293.6037816815287
9.760536373078931e-41,0.5454545454545454,0.2636363636363636,2212.473793407935
9.760536373078931e-41,0.5454545454545454,0.34545454545454546,2131.710915702459
9.760536373078931e-41,0.5454545454545454,0.42727272727272725,2053.8060032762583
9.760536373078931e-41,0.5454545454545454,0.509090909090909,1984.7007259138677
9.760536373078931e-41,0.5454545454545454,0.5909090909090909,1919.755407061989
9.760536373078931e-41,0.5454545454545454,0.6727272727272727,1868.4781865373566
9.760536373078931e-41,0.5454545454545454,0.7545454545454545,1831.8753671766149
9.760536373078931e-41,0.5454545454545454,0.8363636363636363,1830.6714782120098
9.760536373078931e-41,0.5454545454545454,0.9181818181818182,1953.7704861706857
9.760536373078931e-41,0.5454545454545454,1.0,2014.4245335397968
9.760536373078931e-41,0.6363636363636364,0.1,2695.912151237643
9.760536373078931e-41,0.6363636363636364,0.18181818181818182,2601.9177085252977
9.760536373078931e-41,0.6363636363636364,0.2636363636363636,2499.3346864874206
9.760536373078931e-41,0.6363636363636364,0.34545454545454546,2399.0088781321865
9.760536373078931e-41,0.6363636363636364,0.42727272727272725,2310.8142182529327
9.760536373078931e-41,0.6363636363636364,0.509090909090909,2227.8703444636985
9.760536373078931e-41,0.6363636363636364,0.5909090909090909,2157.398876012201
9.760536373078931e-41,0.6363636363636364,0.6727272727272727,2104.970507557356
9.760536373078931e-41,0.6363636363636364,0.7545454545454545,2076.46639850195
9.760536373078931e-41,0.6363636363636364,0.8363636363636363,2101.906462716683
9.760536373078931e-41,0.6363636363636364,0.9181818181818182,2204.4504185408955
9.760536373078931e-41,0.6363636363636364,1.0,2232.3759302441877
9.760536373078931e-41,0.7272727272727273,0.1,3021.1427973411355
9.760536373078931e-41,0.7272727272727273,0.18181818181818182,2902.7897257150526
9.760536373078931e-41,0.7272727272727273,0.2636363636363636,2776.5496124278734
9.760536373078931e-41,0.7272727272727273,0.34545454545454546,2664.6172897453876
9.760536373078931e-41,0.7272727272727273,0.42727272727272725,2558.23881210248
9.760536373078931e-41,0.7272727272727273,0.509090909090909,2466.8627695880614
9.760536373078931e-41,0.7272727272727273,0.5909090909090909,2389.564408646789
9.760536373078931e-41,0.7272727272727273,0.6727272727272727,2332.206865144827
9.760536373078931e-41,0.7272727272727273,0.7545454545454545,2306.4252143530193
9.760536373078931e-41,0.7272727272727273,0.8363636363636363,2348.742574388168
9.760536373078931e-41,0.7272727272727273,0.9181818181818182,2390.6973684844825
9.760536373078931e-41,0.7272727272727273,1.0,2381.0104942423295
9.760536373078931e-41,0.8181818181818182,0.1,3331.053167166736
9.760536373078931e-41,0.8181818181818182,0.18181818181818182,3183.0599967342623
9.760536373078931e-41,0.8181818181818182,0.2636363636363636,3041.677964577936
9.760536373078931e-41,0.8181818181818182,0.34545454545454546,2904.7625893193563
9.760536373078931e-41,0.8181818181818182,0.42727272727272725,2776.4073433268427
9.760536373078931e-41,0.8181818181818182,0.509090909090909,2673.3172609856274
9.760536373078931e-41,0.8181818181818182,0.5909090909090909,2584.359599898722
9.760536373078931e-41,0.8181818181818182,0.6727272727272727,2516.2717366105862
9.760536373078931e-41,0.8181818181818182,0.7545454545454545,2481.173731915586
9.760536373078931e-41,0.8181818181818182,0.8363636363636363,2518.1823516102095
9.760536373078931e-41,0.8181818181818182,0.9181818181818182,2500.0149772711557
9.760536373078931e-41,0.8181818181818182,1.0,2457.7614409851512
9.760536373078931e-41,0.9090909090909091,0.1,3603.50641386362
9.760536373078931e-41,0.9090909090909091,0.18181818181818182,3422.5464100647105
9.760536373078931e-41,0.9090909090909091,0.2636363636363636,3252.184802003555
9.760536373078931e-41,0.9090909090909091,0.34545454545454546,3089.767110923035
9.760536373078931e-41,0.9090909090909091,0.42727272727272725,2947.7455646068634
9.760536373078931e-41,0.9090909090909091,0.509090909090909,2823.4736136578867
9.760536373078931e-41,0.9090909090909091,0.5909090909090909,2721.558284430963
9.760536373078931e-41,0.9090909090909091,0.6727272727272727,2640.844747213969
9.760536373078931e-41,0.9090909090909091,0.7545454545454545,2597.791714461039
9.760536373078931e-41,0.9090909090909091,0.8363636363636363,2594.724836142649
9.760536373078931e-41,0.9090909090909091,0.9181818181818182,2548.4956358214413
9.760536373078931e-41,0.9090909090909091,1.0,2481.297325994263
9.760536373078931e-41,1.0,0.1,3821.453726877765
9.760536373078931e-41,1.0,0.18181818181818182,3608.6740812633643
9.760536373078931e-41,1.0,0.2636363636363636,3410.2042077278657
9.760536373078931e-41,1.0,0.34545454545454546,3233.2663788198215
9.760536373078931e-41,1.0,0.42727272727272725,3069.5709395905233
9.760536373078931e-41,1.0,0.509090909090909,2926.705446828071
9.760536373078931e-41,1.0,0.5909090909090909,2812.646807559266
9.760536373078931e-41,1.0,0.6727272727272727,2721.3707744692047
9.760536373078931e-41,1.0,0.7545454545454545,2671.772998917416
9.760536373078931e-41,1.0,0.8363636363636363,2634.184704416828
9.760536373078931e-41,1.0,0.9181818181818182,2575.0532156569147
9.760536373078931e-41,1.0,1.0,2512.7300355792718
1.3538761800225335e-40,0.0,0.1,857.3959491739452
1.3538761800225335e-40,0.0,0.18181818181818182,849.5132627163778
1.3538761800225335e-40,0.0,0.2636363636363636,835.2191689288416
1.3538761800225335e-40,0.0,0.34545454545454546,819.1827440168836
1.3538761800225335e-40,0.0,0.42727272727272725,802.5654832210312
1.3538761800225335e-40,0.0,0.509090909090909,785.8074979966641
1.3538761800225335e-40,0.0,0.5909090909090909,769.1167423513068
1.3538761800225335e-40,0.0,0.6727272727272727,752.605260430423
1.3538761800225335e-40,0.0,0.7545454545454545,736.3383769155196
1.3538761800225335e-40,0.0,0.8363636363636363,720.3558227771698
1.3538761800225335e-40,0.0,0.9181818181818182,704.682036228945
1.3538761800225335e-40,0.0,1.0,689.3317022312624
1.3538761800225335e-40,0.09090909090909091,0.1,901.6279937721583
1.3538761800225335e-40,0.09090909090909091,0.18181818181818182,890.7341377839405
1.3538761800225335e-40,0.09090909090909091,0.2636363636363636,873.9204138164826
1.3538761800225335e-40,0.09090909090909091,0.34545454545454546,855.5757595922387
1.3538761800225335e-40,0.09090909090909091,0.42727272727272725,836.7972230724988
1.3538761800225335e-40,0.09090909090909091,0.509090909090909,818.0017993277222
1.3538761800225335e-40,0.09090909090909091,0.5909090909090909,799.3861667698541
1.3538761800225335e-40,0.09090909090909091,0.6727272727272727,781.0552360639385
1.3538761800225335e-40,0.09090909090909091,0.7545454545454545,763.0688286008899
1.3538761800225335e-40,0.09090909090909091,0.8363636363636363,745.461873236239
1.3538761800225335e-40,0.09090909090909091,0.9181818181818182,728.2543415678945
1.3538761800225335e-40,0.09090909090909091,1.0,711.4566426747299
1.3538761800225335e-40,0.18181818181818182,0.1,1006.8753170052403
1.3538761800225335e-40,0.18181818181818182,0.18181818181818182,990.2586714349029
1.3538761800225335e-40,0.18181818181818182,0.2636363636363636,968.302519235084
1.3538761800225335e-40,0.18181818181818182,0.34545454545454546,945.1337581154842
1.3538761800225335e-40,0.18181818181818182,0.42727272727272725,921.7912163018191
1.3538761800225335e-40,0.18181818181818182,0.509090909090909,898.6701813658337
1.3538761800225335e-40,0.18181818181818182,0.5909090909090909,875.9548570033987
1.3538761800225335e-40,0.18181818181818182,0.6727272727272727,853.740270652436
1.3538761800225335e-40,0.18181818181818182,0.7545454545454545,832.0770464227548
1.3538761800225335e-40,0.18181818181818182,0.8363636363636363,810.991053862452
1.3538761800225335e-40,0.18181818181818182,0.9181818181818182,790.4932293163595
1.3538761800225335e-40,0.18181818181818182,1.0,770.5849969119572
1.3538761800225335e-40,0.2727272727272727,0.1,1133.9951488579095
1.3538761800225335e-40,0.2727272727272727,0.18181818181818182,1110.6956511832427
1.3538761800225335e-40,0.2727272727272727,0.2636363636363636,1081.8991819437454
1.3538761800225335e-40,0.2727272727272727,0.34545454545454546,1052.086725724584
1.3538761800225335e-40,0.2727272727272727,0.42727272727272725,1022.3841547519
1.3538761800225335e-40,0.2727272727272727,0.509090909090909,993.2134374048476
1.3538761800225335e-40,0.2727272727272727,0.5909090909090909,964.7637913983051
1.3538761800225335e-40,0.2727272727272727,0.6727272727272727,937.1254555736359
1.3538761800225335e-40,0.2727272727272727,0.7545454545454545,910.3392886163506
1.3538761800225335e-40,0.2727272727272727,0.8363636363636363,884.4187714213533
1.3538761800225335e-40,0.2727272727272727,0.9181818181818182,859.3611210196402
1.3538761800225335e-40,0.2727272727272727,1.0,835.153477486457
1.3538761800225335e-40,0.36363636363636365,0.1,1291.9922990490732
1.3538761800225335e-40,0.36363636363636365,0.18181818181818182,1260.1913669615533
1.3538761800225335e-40,0.36363636363636365,0.2636363636363636,1221.7206344760484
1.3538761800225335e-40,0.36363636363636365,0.34545454545454546,1182.311109499356
1.3538761800225335e-40,0.36363636363636365,0.42727272727272725,1143.3813569850845
1.3538761800225335e-40,0.36363636363636365,0.509090909090909,1106.5541081619403
1.3538761800225335e-40,0.36363636363636365,0.5909090909090909,1069.8162188200577
1.3538761800225335e-40,0.36363636363636365,0.6727272727272727,1035.384818978066
1.3538761800225335e-40,0.36363636363636365,0.7545454545454545,1002.2574824983249
1.3538761800225335e-40,0.36363636363636365,0.8363636363636363,972.418731426997
1.3538761800225335e-40,0.36363636363636365,0.9181818181818182,949.4466739113864
1.3538761800225335e-40,0.36363636363636365,1.0,1020.8255914441252
1.3538761800225335e-40,0.45454545454545453,0.1,1487.4058218221721
1.3538761800225335e-40,0.45454545454545453,0.18181818181818182,1446.7179527697353
1.3538761800225335e-40,0.45454545454545453,0.2636363636363636,1394.7150858774066
1.3538761800225335e-40,0.45454545454545453,0.34545454545454546,1345.0168793519574
1.3538761800225335e-40,0.45454545454545453,0.42727272727272725,1296.3324344220546
1.3538761800225335e-40,0.45454545454545453,0.509090909090909,1249.4539588015255
1.3538761800225335e-40,0.45454545454545453,0.5909090909090909,1204.7406213704853
1.3538761800225335e-40,0.45454545454545453,0.6727272727272727,1164.8897335219617
1.3538761800225335e-40,0.45454545454545453,0.7545454545454545,1132.7318743257647
1.3538761800225335e-40,0.45454545454545453,0.8363636363636363,1112.455594928962
1.3538761800225335e-40,0.45454545454545453,0.9181818181818182,1149.158239970494
1.3538761800225335e-40,0.45454545454545453,1.0,1277.767944711139
1.3538761800225335e-40,0.5454545454545454,0.1,1724.2335248338172
1.3538761800225335e-40,0.5454545454545454,0.18181818181818182,1663.4978648285273
1.3538761800225335e-40,0.5454545454545454,0.2636363636363636,1599.908177984732
1.3538761800225335e-40,0.5454545454545454,0.34545454545454546,1536.2641605588633
1.3538761800225335e-40,0.5454545454545454,0.42727272727272725,1474.9793204883754
1.3538761800225335e-40,0.5454545454545454,0.509090909090909,1421.593049874552
1.3538761800225335e-40,0.5454545454545454,0.5909090909090909,1371.8022689275808
1.3538761800225335e-40,0.5454545454545454,0.6727272727272727,1334.5130688964437
1.3538761800225335e-40,0.5454545454545454,0.7545454545454545,1310.7833952842234
1.3538761800225335e-40,0.5454545454545454,0.8363636363636363,1320.591117252225
1.3538761800225335e-40,0.5454545454545454,0.9181818181818182,1453.1213867451984
1.3538761800225335e-40,0.5454545454545454,1.0,1522.0927032850382
1.3538761800225335e-40,0.6363636363636364,0.1,1957.6261530768543
1.3538761800225335e-40,0.6363636363636364,0.18181818181818182,1886.6094706357644
1.3538761800225335e-40,0.6363636363636364,0.2636363636363636,1806.396944620616
1.3538761800225335e-40,0.6363636363636364,0.34545454545454546,1727.7435558586408
1.3538761800225335e-40,0.6363636363636364,0.42727272727272725,1659.9028254347254
1.3538761800225335e-40,0.6363636363636364,0.509090909090909,1596.5522455312052
1.3538761800225335e-40,0.6363636363636364,0.5909090909090909,1544.4080501192548
1.3538761800225335e-40,0.6363636363636364,0.6727272727272727,1508.750229972768
1.3538761800225335e-40,0.6363636363636364,0.7545454545454545,1495.3131543890709
1.3538761800225335e-40,0.6363636363636364,0.8363636363636363,1533.5058844804266
1.3538761800225335e-40,0.6363636363636364,0.9181818181818182,1648.2895320460502
1.3538761800225335e-40,0.6363636363636364,1.0,1687.5551208140055
1.3538761800225335e-40,0.7272727272727273,0.1,2187.5607552927368
1.3538761800225335e-40,0.7272727272727273,0.18181818181818182,2098.5036264108558
1.3538761800225335e-40,0.7272727272727273,0.2636363636363636,2000.6097082678089
1.3538761800225335e-40,0.7272727272727273,0.34545454545454546,1915.1831899740805
1.3538761800225335e-40,0.7272727272727273,0.42727272727272725,1834.340103260653
1.3538761800225335e-40,0.7272727272727273,0.509090909090909,1766.8598275600916
1.3538761800225335e-40,0.7272727272727273,0.5909090909090909,1711.956676745704
1.3538761800225335e-40,0.7272727272727273,0.6727272727272727,1675.2223153368463
1.3538761800225335e-40,0.7272727272727273,0.7545454545454545,1667.996395419911
1.3538761800225335e-40,0.7272727272727273,0.8363636363636363,1727.0593150697737
1.3538761800225335e-40,0.7272727272727273,0.9181818181818182,1785.7417035215317
1.3538761800225335e-40,0.7272727272727273,1.0,1792.0690773241026
1.3538761800225335e-40,0.8181818181818182,0.1,2406.8019006549384
1.3538761800225335e-40,0.8181818181818182,0.18181818181818182,2295.606492165619
1.3538761800225335e-40,0.8181818181818182,0.2636363636363636,2188.6199594658437
1.3538761800225335e-40,0.8181818181818182,0.34545454545454546,2084.8175579539657
1.3538761800225335e-40,0.8181818181818182,0.42727272727272725,1988.1150362427202
1.3538761800225335e-40,0.8181818181818182,0.509090909090909,1914.1080235868953
1.3538761800225335e-40,0.8181818181818182,0.5909090909090909,1852.5645029025186
1.3538761800225335e-40,0.8181818181818182,0.6727272727272727,1809.9477504214783
1.3538761800225335e-40,0.8181818181818182,0.7545454545454545,1798.2464458393947
1.3538761800225335e-40,0.8181818181818182,0.8363636363636363,1857.5310891331064
1.3538761800225335e-40,0.8181818181818182,0.9181818181818182,1860.642477788885
1.3538761800225335e-40,0.8181818181818182,1.0,1839.1838333534215
1.3538761800225335e-40,0.9090909090909091,0.1,2594.392556444649
1.3538761800225335e-40,0.9090909090909091,0.18181818181818182,2459.2662053568456
1.3538761800225335e-40,0.9090909090909091,0.2636363636363636,2331.632715231426
1.3538761800225335e-40,0.9090909090909091,0.34545454545454546,2209.901979235222
1.3538761800225335e-40,0.9090909090909091,0.42727272727272725,2105.8703158072494
1.3538761800225335e-40,0.9090909090909091,0.509090909090909,2017.1783797974613
1.3538761800225335e-40,0.9090909090909091,0.5909090909090909,1948.3264169595645
1.3538761800225335e-40,0.9090909090909091,0.6727272727272727,1898.4536325457057
1.3538761800225335e-40,0.9090909090909091,0.7545454545454545,1884.030024005258
1.3538761800225335e-40,0.9090909090909091,0.8363636363636363,1908.4330213764333
1.3538761800225335e-40,0.9090909090909091,0.9181818181818182,1887.9508929255217
1.3538761800225335e-40,0.9090909090909091,1.0,1845.6709973239165
1.3538761800225335e-40,1.0,0.1,2728.8547177881355
1.3538761800225335e-40,1.0,0.18181818181818182,2573.008922618148
1.3538761800225335e-40,1.0,0.2636363636363636,2427.355490529236
1.3538761800225335e-40,1.0,0.34545454545454546,2299.4764478210905
1.3538761800225335e-40,1.0,0.42727272727272725,2181.5770119493104
1.3538761800225335e-40,1.0,0.509090909090909,2081.2375604689937
1.3538761800225335e-40,1.0,0.5909090909090909,2006.4015787264334
1.3538761800225335e-40,1.0,0.6727272727272727,1951.3911034263956
1.3538761800225335e-40,1.0,0.7545454545454545,1935.5310072653056
1.3538761800225335e-40,1.0,0.8363636363636363,1929.224085639668
1.3538761800225335e-40,1.0,0.9181818181818182,1898.1538860218657
1.3538761800225335e-40,1.0,1.0,1862.5987841600825
1.8779508018515067e-40,0.0,0.1,556.0837062203918
1.8779508018515067e-40,0.0,0.18181818181818182,553.6516942722913
1.8779508018515067e-40,0.0,0.2636363636363636,544.717960432464
1.8779508018515067e-40,0.0,0.34545454545454546,533.962337020715
1.8779508018515067e-40,0.0,0.42727272727272725,522.5368320037146
1.8779508018515067e-40,0.0,0.509090909090909,510.8721363766697
1.8779508018515067e-40,0.0,0.5909090909090909,499.168928100886
1.8779508018515067e-40,0.0,0.6727272727272727,487.5340362589611
1.8779508018515067e-40,0.0,0.7545454545454545,476.029260158605
1.8779508018515067e-40,0.0,0.8363636363636363,464.6921432095487
1.8779508018515067e-40,0.0,0.9181818181818182,453.54598722254696
1.8779508018515067e-40,0.0,1.0,442.6051661731367
1.8779508018515067e-40,0.09090909090909091,0.1,602.2595677040924
1.8779508018515067e-40,0.09090909090909091,0.18181818181818182,597.020812653313
1.8779508018515067e-40,0.09090909090909091,0.2636363636363636,585.777563996206
1.8779508018515067e-40,0.09090909090909091,0.34545454545454546,572.9209083029757
1.8779508018515067e-40,0.09090909090909091,0.42727272727272725,559.5358363856651
1.8779508018515067e-40,0.09090909090909091,0.509090909090909,546.0288041825529
1.8779508018515067e-40,0.09090909090909091,0.5909090909090909,532.5886695094116
1.8779508018515067e-40,0.09090909090909091,0.6727272727272727,519.3148796190512
1.8779508018515067e-40,0.09090909090909091,0.7545454545454545,506.26365990172553
1.8779508018515067e-40,0.09090909090909091,0.8363636363636363,493.46779725643864
1.8779508018515067e-40,0.09090909090909091,0.9181818181818182,480.94625221193655
1.8779508018515067e-40,0.09090909090909091,1.0,468.70930417439126
1.8779508018515067e-40,0.18181818181818182,0.1,692.2071373668423
1.8779508018515067e-40,0.18181818181818182,0.18181818181818182,682.0452865091602
1.8779508018515067e-40,0.18181818181818182,0.2636363636363636,666.4538186853251
1.8779508018515067e-40,0.18181818181818182,0.34545454545454546,649.5502323591306
1.8779508018515067e-40,0.18181818181818182,0.42727272727272725,632.3567566272127
1.8779508018515067e-40,0.18181818181818182,0.509090909090909,615.2557941930322
1.8779508018515067e-40,0.18181818181818182,0.5909090909090909,598.4224746018313
1.8779508018515067e-40,0.18181818181818182,0.6727272727272727,581.9457720382263
1.8779508018515067e-40,0.18181818181818182,0.7545454545454545,565.8725687699141
1.8779508018515067e-40,0.18181818181818182,0.8363636363636363,550.2267582243221
1.8779508018515067e-40,0.18181818181818182,0.9181818181818182,535.018655381517
1.8779508018515067e-40,0.18181818181818182,1.0,520.2501063517766
1.8779508018515067e-40,0.2727272727272727,0.1,792.0571936458446
1.8779508018515067e-40,0.2727272727272727,0.18181818181818182,776.4905562919243
1.8779508018515067e-40,0.2727272727272727,0.2636363636363636,755.3024062782988
1.8779508018515067e-40,0.2727272727272727,0.34545454545454546,732.9579504595997
1.8779508018515067e-40,0.2727272727272727,0.42727272727272725,710.5624129346561
1.8779508018515067e-40,0.2727272727272727,0.509090909090909,688.5225656386604
1.8779508018515067e-40,0.2727272727272727,0.5909090909090909,667.0174396103491
1.8779508018515067e-40,0.2727272727272727,0.6727272727272727,646.130951383064
1.8779508018515067e-40,0.2727272727272727,0.7545454545454545,625.900551898889
1.8779508018515067e-40,0.2727272727272727,0.8363636363636363,606.3385141007802
1.8779508018515067e-40,0.2727272727272727,0.9181818181818182,587.442512972427
1.8779508018515067e-40,0.2727272727272727,1.0,569.2014095359914
1.8779508018515067e-40,0.36363636363636365,0.1,910.3011258965812
1.8779508018515067e-40,0.36363636363636365,0.18181818181818182,888.0714140112868
1.8779508018515067e-40,0.36363636363636365,0.2636363636363636,858.9705942814235
1.8779508018515067e-40,0.36363636363636365,0.34545454545454546,828.7148551547534
1.8779508018515067e-40,0.36363636363636365,0.42727272727272725,798.6987735326206
1.8779508018515067e-40,0.36363636363636365,0.509090909090909,770.4799655268748
1.8779508018515067e-40,0.36363636363636365,0.5909090909090909,742.1303124097708
1.8779508018515067e-40,0.36363636363636365,0.6727272727272727,715.7727281840457
1.8779508018515067e-40,0.36363636363636365,0.7545454545454545,690.4472783810884
1.8779508018515067e-40,0.36363636363636365,0.8363636363636363,668.0763504903289
1.8779508018515067e-40,0.36363636363636365,0.9181818181818182,652.1946779113591
1.8779508018515067e-40,0.36363636363636365,1.0,731.2935205416372
1.8779508018515067e-40,0.45454545454545453,0.1,1052.2034170841048
1.8779508018515067e-40,0.45454545454545453,0.18181818181818182,1023.5777568913841
1.8779508018515067e-40,0.45454545454545453,0.2636363636363636,983.4642535151902
1.8779508018515067e-40,0.45454545454545453,0.34545454545454546,945.1579440199835
1.8779508018515067e-40,0.45454545454545453,0.42727272727272725,907.5055627845613
1.8779508018515067e-40,0.45454545454545453,0.509090909090909,871.2744179193451
1.8779508018515067e-40,0.45454545454545453,0.5909090909090909,836.8103943550595
1.8779508018515067e-40,0.45454545454545453,0.6727272727272727,806.7056063127347
1.8779508018515067e-40,0.45454545454545453,0.7545454545454545,783.7261534694408
1.8779508018515067e-40,0.45454545454545453,0.8363636363636363,772.0183991744484
1.8779508018515067e-40,0.45454545454545453,0.9181818181818182,816.2357402335479
1.8779508018515067e-40,0.45454545454545453,1.0,952.2285971701231
1.8779508018515067e-40,0.5454545454545454,0.1,1221.781992381897
1.8779508018515067e-40,0.5454545454545454,0.18181818181818182,1177.0901415030203
1.8779508018515067e-40,0.5454545454545454,0.2636363636363636,1128.6330721979311
1.8779508018515067e-40,0.5454545454545454,0.34545454545454546,1079.589054970822
1.8779508018515067e-40,0.5454545454545454,0.42727272727272725,1032.3353211852332
1.8779508018515067e-40,0.5454545454545454,0.509090909090909,992.1553810000005
1.8779508018515067e-40,0.5454545454545454,0.5909090909090909,955.0065983235054
1.8779508018515067e-40,0.5454545454545454,0.6727272727272727,929.4261753834426
1.8779508018515067e-40,0.5454545454545454,0.7545454545454545,916.5300747003862
1.8779508018515067e-40,0.5454545454545454,0.8363636363636363,935.787207682361
1.8779508018515067e-40,0.5454545454545454,0.9181818181818182,1076.8973061923334
1.8779508018515067e-40,0.5454545454545454,1.0,1152.2239045461354
1.8779508018515067e-40,0.6363636363636364,0.1,1383.0548755200994
1.8779508018515067e-40,0.6363636363636364,0.18181818181818182,1332.3969668137793
1.8779508018515067e-40,0.6363636363636364,0.2636363636363636,1271.6956164181715
1.8779508018515067e-40,0.6363636363636364,0.34545454545454546,1211.7131484191327
1.8779508018515067e-40,0.6363636363636364,0.42727272727272725,1161.3234024509939
1.8779508018515067e-40,0.6363636363636364,0.509090909090909,1114.6298534208527
1.8779508018515067e-40,0.6363636363636364,0.5909090909090909,1078.0492447829902
1.8779508018515067e-40,0.6363636363636364,0.6727272727272727,1056.7002242830613
1.8779508018515067e-40,0.6363636363636364,0.7545454545454545,1056.1925489129185
1.8779508018515067e-40,0.6363636363636364,0.8363636363636363,1105.4131383881763
1.8779508018515067e-40,0.6363636363636364,0.9181818181818182,1230.6572001796467
1.8779508018515067e-40,0.6363636363636364,1.0,1278.6446836091568
1.8779508018515067e-40,0.7272727272727273,0.1,1540.9492976740312
1.8779508018515067e-40,0.7272727272727273,0.18181818181818182,1477.7173753704228
1.8779508018515067e-40,0.7272727272727273,0.2636363636363636,1404.3989225757414
1.8779508018515067e-40,0.7272727272727273,0.34545454545454546,1341.8387862855843
1.8779508018515067e-40,0.7272727272727273,0.42727272727272725,1282.7967490937758
1.8779508018515067e-40,0.7272727272727273,0.509090909090909,1235.673223360046
1.8779508018515067e-40,0.7272727272727273,0.5909090909090909,1199.8049325005372
1.8779508018515067e-40,0.7272727272727273,0.6727272727272727,1180.607109652084
1.8779508018515067e-40,0.7272727272727273,0.7545454545454545,1189.1560355123402
1.8779508018515067e-40,0.7272727272727273,0.8363636363636363,1262.4398529434934
1.8779508018515067e-40,0.7272727272727273,0.9181818181818182,1334.7196731178394
1.8779508018515067e-40,0.7272727272727273,1.0,1353.4189043708911
1.8779508018515067e-40,0.8181818181818182,0.1,1691.4191692180711
1.8779508018515067e-40,0.8181818181818182,0.18181818181818182,1612.7148377955746
1.8779508018515067e-40,0.8181818181818182,0.2636363636363636,1535.8287672926035
1.8779508018515067e-40,0.8181818181818182,0.34545454545454546,1460.5750992547355
1.8779508018515067e-40,0.8181818181818182,0.42727272727272725,1390.8503893236934
1.8779508018515067e-40,0.8181818181818182,0.509090909090909,1341.7111090275976
1.8779508018515067e-40,0.8181818181818182,0.5909090909090909,1303.441564401452
1.8779508018515067e-40,0.8181818181818182,0.6727272727272727,1282.3399594336788
1.8779508018515067e-40,0.8181818181818182,0.7545454545454545,1290.2799135083478
1.8779508018515067e-40,0.8181818181818182,0.8363636363636363,1368.3424540754172
1.8779508018515067e-40,0.8181818181818182,0.9181818181818182,1388.1586896975155
1.8779508018515067e-40,0.8181818181818182,1.0,1382.7079504767985
1.8779508018515067e-40,0.9090909090909091,0.1,1812.0761489552797
1.8779508018515067e-40,0.9090909090909091,0.18181818181818182,1717.976857180849
1.8779508018515067e-40,0.9090909090909091,0.2636363636363636,1628.2171314300485
1.8779508018515067e-40,0.9090909090909091,0.34545454545454546,1541.87421004092
1.8779508018515067e-40,0.9090909090909091,0.42727272727272725,1470.6957810756776
1.8779508018515067e-40,0.9090909090909091,0.509090909090909,1412.5186948686232
1.8779508018515067e-40,0.9090909090909091,0.5909090909090909,1371.8750899396268
1.8779508018515067e-40,0.9090909090909091,0.6727272727272727,1348.0342756734312
1.8779508018515067e-40,0.9090909090909091,0.7545454545454545,1357.623484086319
1.8779508018515067e-40,0.9090909090909091,0.8363636363636363,1404.7614609343586
1.8779508018515067e-40,0.9090909090909091,0.9181818181818182,1404.2661724520901
1.8779508018515067e-40,0.9090909090909091,1.0,1381.0006056673512
1.8779508018515067e-40,1.0,0.1,1874.054234723565
1.8779508018515067e-40,1.0,0.18181818181818182,1770.9198626846328
1.8779508018515067e-40,1.0,0.2636363636363636,1673.595538343713
1.8779508018515067e-40,1.0,0.34545454545454546,1590.1099312770166
1.8779508018515067e-40,1.0,0.42727272727272725,1512.6727628994909
1.8779508018515067e-40,1.0,0.509090909090909,1449.4739708787533
1.8779508018515067e-40,1.0,0.5909090909090909,1408.810674540095
1.8779508018515067e-40,1.0,0.6727272727272727,1384.8992933535328
1.8779508018515067e-40,1.0,0.7545454545454545,1397.8653672211976
1.8779508018515067e-40,1.0,0.8363636363636363,1417.1262343783983
1.8779508018515067e-40,1.0,0.9181818181818182,1407.5696305355293
1.8779508018515067e-40,1.0,1.0,1392.3935879066562
2.604890510826449e-40,0.0,0.1,338.3761792558314
2.604890510826449e-40,0.0,0.18181818181818182,339.979823413355
2.604890510826449e-40,0.0,0.2636363636363636,334.9462117993926
2.604890510826449e-40,0.0,0.34545454545454546,327.99746909972305
2.604890510826449e-40,0.0,0.42727272727272725,320.2876108972737
2.604890510826449e-40,0.0,0.509090909090909,312.24421468722903
2.604890510826449e-40,0.0,0.5909090909090909,304.0647679035551
2.604890510826449e-40,0.0,0.6727272727272727,295.8537336304462
2.604890510826449e-40,0.0,0.7545454545454545,287.6714359674643
2.604890510826449e-40,0.0,0.8363636363636363,279.5547164734405
2.604890510826449e-40,0.0,0.9181818181818182,271.52680431125987
2.604890510826449e-40,0.0,1.0,263.6024987705125
2.604890510826449e-40,0.09090909090909091,0.1,383.86497304216573
2.604890510826449e-40,0.09090909090909091,0.18181818181818182,382.9392920162095
2.604890510826449e-40,0.09090909090909091,0.2636363636363636,375.88572402767727
2.604890510826449e-40,0.09090909090909091,0.34545454545454546,367.1232687897925
2.604890510826449e-40,0.09090909090909091,0.42727272727272725,357.734928035268
2.604890510826449e-40,0.09090909090909091,0.509090909090909,348.12244739416883
2.604890510826449e-40,0.09090909090909091,0.5909090909090909,338.4707986963126
2.604890510826449e-40,0.09090909090909091,0.6727272727272727,328.87680710773725
2.604890510826449e-40,0.09090909090909091,0.7545454545454545,319.39521590207505
2.604890510826449e-40,0.09090909090909091,0.8363636363636363,310.05825753661225
2.604890510826449e-40,0.09090909090909091,0.9181818181818182,300.88506763769396
2.604890510826449e-40,0.09090909090909091,1.0,291.88666536940855
2.604890510826449e-40,0.18181818181818182,0.1,460.8973690211569
2.604890510826449e-40,0.18181818181818182,0.18181818181818182,455.78784012906294
2.604890510826449e-40,0.18181818181818182,0.2636363636363636,445.1243129455397
2.604890510826449e-40,0.18181818181818182,0.34545454545454546,433.03701010788245
2.604890510826449e-40,0.18181818181818182,0.42727272727272725,420.5411670582698
2.604890510826449e-40,0.18181818181818182,0.509090909090909,408.01226197435085
2.604890510826449e-40,0.18181818181818182,0.5909090909090909,395.6205648406419
2.604890510826449e-40,0.18181818181818182,0.6727272727272727,383.45214678168395
2.604890510826449e-40,0.18181818181818182,0.7545454545454545,371.5525601228303
2.604890510826449e-40,0.18181818181818182,0.8363636363636363,359.94558264547254
2.604890510826449e-40,0.18181818181818182,0.9181818181818182,348.6423375456245
2.604890510826449e-40,0.18181818181818182,1.0,337.64617585980295
2.604890510826449e-40,0.2727272727272727,0.1,538.2031380294532
2.604890510826449e-40,0.2727272727272727,0.18181818181818182,528.8131054268636
2.604890510826449e-40,0.2727272727272727,0.2636363636363636,513.636279248308
2.604890510826449e-40,0.2727272727272727,0.34545454545454546,497.14648233151297
2.604890510826449e-40,0.2727272727272727,0.42727272727272725,480.4393983688608
2.604890510826449e-40,0.2727272727272727,0.509090909090909,463.9137426290458
2.604890510826449e-40,0.2727272727272727,0.5909090909090909,447.7435375747282
2.604890510826449e-40,0.2727272727272727,0.6727272727272727,432.0103206495671
2.604890510826449e-40,0.2727272727272727,0.7545454545454545,416.75119665382454
2.604890510826449e-40,0.2727272727272727,0.8363636363636363,401.9796172465078
2.604890510826449e-40,0.2727272727272727,0.9181818181818182,387.69556368570966
2.604890510826449e-40,0.2727272727272727,1.0,373.89102586164677
2.604890510826449e-40,0.36363636363636365,0.1,622.4787681045004
2.604890510826449e-40,0.36363636363636365,0.18181818181818182,608.0684737335764
2.604890510826449e-40,0.36363636363636365,0.2636363636363636,586.5180250866265
2.604890510826449e-40,0.36363636363636365,0.34545454545454546,563.5626696691193
2.604890510826449e-40,0.36363636363636365,0.42727272727272725,540.5883282152577
2.604890510826449e-40,0.36363636363636365,0.509090909090909,519.1260440307274
2.604890510826449e-40,0.36363636363636365,0.5909090909090909,497.2852682239218
2.604890510826449e-40,0.36363636363636365,0.6727272727272727,477.157068186531
2.604890510826449e-40,0.36363636363636365,0.7545454545454545,457.80222464727285
2.604890510826449e-40,0.36363636363636365,0.8363636363636363,441.150668211877
2.604890510826449e-40,0.36363636363636365,0.9181818181818182,430.81769452800654
2.604890510826449e-40,0.36363636363636365,1.0,517.9069180096199
2.604890510826449e-40,0.45454545454545453,0.1,718.8505978905955
2.604890510826449e-40,0.45454545454545453,0.18181818181818182,700.3289226633347
2.604890510826449e-40,0.45454545454545453,0.2636363636363636,669.9624634084803
2.604890510826449e-40,0.45454545454545453,0.34545454545454546,640.9173461620808
2.604890510826449e-40,0.45454545454545453,0.42727272727272725,612.1326561591809
2.604890510826449e-40,0.45454545454545453,0.509090909090909,584.3720864284642
2.604890510826449e-40,0.45454545454545453,0.5909090909090909,557.9857645406073
2.604890510826449e-40,0.45454545454545453,0.6727272727272727,535.5627667920348
2.604890510826449e-40,0.45454545454545453,0.7545454545454545,519.9204858675039
2.604890510826449e-40,0.45454545454545453,0.8363636363636363,515.2927496844268
2.604890510826449e-40,0.45454545454545453,0.9181818181818182,566.7600314713804
2.604890510826449e-40,0.45454545454545453,1.0,710.1406125384442
2.604890510826449e-40,0.5454545454545454,0.1,833.1658686864125
2.604890510826449e-40,0.5454545454545454,0.18181818181818182,802.0459053098266
2.604890510826449e-40,0.5454545454545454,0.2636363636363636,766.2451486368304
2.604890510826449e-40,0.5454545454545454,0.34545454545454546,729.2425879430261
2.604890510826449e-40,0.5454545454545454,0.42727272727272725,693.4271080951207
2.604890510826449e-40,0.5454545454545454,0.509090909090909,664.0299201804528
2.604890510826449e-40,0.5454545454545454,0.5909090909090909,637.1452973007877
2.604890510826449e-40,0.5454545454545454,0.6727272727272727,621.2782322225971
2.604890510826449e-40,0.5454545454545454,0.7545454545454545,617.6053316043385
2.604890510826449e-40,0.5454545454545454,0.8363636363636363,645.4418573262692
2.604890510826449e-40,0.5454545454545454,0.9181818181818182,795.3678929812336
2.604890510826449e-40,0.5454545454545454,1.0,875.5178204446333
2.604890510826449e-40,0.6363636363636364,0.1,938.6838250279948
2.604890510826449e-40,0.6363636363636364,0.18181818181818182,905.395514706609
2.604890510826449e-40,0.6363636363636364,0.2636363636363636,861.012400424328
2.604890510826449e-40,0.6363636363636364,0.34545454545454546,816.440740910859
2.604890510826449e-40,0.6363636363636364,0.42727272727272725,780.5117799216096
2.604890510826449e-40,0.6363636363636364,0.509090909090909,747.5354304071448
2.604890510826449e-40,0.6363636363636364,0.5909090909090909,723.9140252726243
2.604890510826449e-40,0.6363636363636364,0.6727272727272727,714.7782691687917
2.604890510826449e-40,0.6363636363636364,0.7545454545454545,725.6299690973879
2.604890510826449e-40,0.6363636363636364,0.8363636363636363,784.983679273028
2.604890510826449e-40,0.6363636363636364,0.9181818181818182,919.7601580724222
2.604890510826449e-40,0.6363636363636364,1.0,974.1299804643363
2.604890510826449e-40,0.7272727272727273,0.1,1041.4347133210258
2.604890510826449e-40,0.7272727272727273,0.18181818181818182,1000.3228599462955
2.604890510826449e-40,0.7272727272727273,0.2636363636363636,947.5905573727205
2.604890510826449e-40,0.7272727272727273,0.34545454545454546,904.3104494602139
2.604890510826449e-40,0.7272727272727273,0.42727272727272725,863.4746876910667
2.604890510826449e-40,0.7272727272727273,0.509090909090909,833.534879552099
2.604890510826449e-40,0.7272727272727273,0.5909090909090909,813.8828152456003
2.604890510826449e-40,0.7272727272727273,0.6727272727272727,809.8767658757697
2.604890510826449e-40,0.7272727272727273,0.7545454545454545,832.3696518159136
2.604890510826449e-40,0.7272727272727273,0.8363636363636363,918.5667765768476
2.604890510826449e-40,0.7272727272727273,0.9181818181818182,1002.0548170804564
2.604890510826449e-40,0.7272727272727273,1.0,1029.8042632247898
2.604890510826449e-40,0.8181818181818182,0.1,1135.9574283518805
2.604890510826449e-40,0.8181818181818182,0.18181818181818182,1085.8447122447797
2.604890510826449e-40,0.8181818181818182,0.2636363636363636,1035.4330748151942
2.604890510826449e-40,0.8181818181818182,0.34545454545454546,984.8031247456929
2.604890510826449e-40,0.8181818181818182,0.42727272727272725,938.0644857986008
2.604890510826449e-40,0.8181818181818182,0.509090909090909,910.6875631848734
2.604890510826449e-40,0.8181818181818182,0.5909090909090909,892.7265334139929
2.604890510826449e-40,0.8181818181818182,0.6727272727272727,890.4689217353521
2.604890510826449e-40,0.8181818181818182,0.7545454545454545,915.7064639818477
2.604890510826449e-40,0.8181818181818182,0.8363636363636363,1010.7761243462182
2.604890510826449e-40,0.8181818181818182,0.9181818181818182,1043.3470730782262
2.604890510826449e-40,0.8181818181818182,1.0,1049.566859519414
2.604890510826449e-40,0.9090909090909091,0.1,1195.05918351537
2.604890510826449e-40,0.9090909090909091,0.18181818181818182,1139.2554131115558
2.604890510826449e-40,0.9090909090909091,0.2636363636363636,1084.890277321857
2.604890510826449e-40,0.9090909090909091,0.34545454545454546,1030.6250903641494
2.604890510826449e-40,0.9090909090909091,0.42727272727272725,989.4025060129643
2.604890510826449e-40,0.9090909090909091,0.509090909090909,958.9269524649185
2.604890510826449e-40,0.9090909090909091,0.5909090909090909,943.9803465834484
2.604890510826449e-40,0.9090909090909091,0.6727272727272727,943.5760024078731
2.604890510826449e-40,0.9090909090909091,0.7545454545454545,974.8760272574491
2.604890510826449e-40,0.9090909090909091,0.8363636363636363,1042.1473390158512
2.604890510826449e-40,0.9090909090909091,0.9181818181818182,1056.5537222936766
2.604890510826449e-40,0.9090909090909091,1.0,1046.8474797207189
2.604890510826449e-40,1.0,0.1,1152.8895558690074
2.604890510826449e-40,1.0,0.18181818181818182,1108.1577334644244
2.604890510826449e-40,1.0,0.2636363636363636,1064.7387577443014
2.604890510826449e-40,1.0,0.34545454545454546,1030.605249907042
2.604890510826449e-40,1.0,0.42727272727272725,995.8569146538784
2.604890510826449e-40,1.0,0.509090909090909,971.1299480152738
2.604890510826449e-40,1.0,0.5909090909090909,966.2256552191197
2.604890510826449e-40,1.0,0.6727272727272727,973.8067777673177
2.604890510826449e-40,1.0,0.7545454545454545,1016.1705014272015
2.604890510826449e-40,1.0,0.8363636363636363,1058.3995616257155
2.604890510826449e-40,1.0,0.9181818181818182,1064.4605590009503
2.604890510826449e-40,1.0,1.0,1064.6791708487692
3.613222756796277e-40,0.0,0.1,177.41703913803735
3.613222756796277e-40,0.0,0.18181818181818182,181.932774664901
3.613222756796277e-40,0.0,0.2636363636363636,179.60087732179
3.613222756796277e-40,0.0,0.34545454545454546,175.23322996823026
3.613222756796277e-40,0.0,0.42727272727272725,170.00029491758642
3.613222756796277e-40,0.0,0.509090909090909,164.33330763352865
3.613222756796277e-40,0.0,0.5909090909090909,158.43040742276617
3.613222756796277e-40,0.0,0.6727272727272727,152.39605064263355
3.613222756796277e-40,0.0,0.7545454545454545,146.2905487627902
3.613222756796277e-40,0.0,0.8363636363636363,140.15089499738428
3.613222756796277e-40,0.0,0.9181818181818182,134.00065140889228
3.613222756796277e-40,0.0,1.0,127.8550992746093
3.613222756796277e-40,0.09090909090909091,0.1,222.25340101081542
3.613222756796277e-40,0.09090909090909091,0.18181818181818182,224.5491400974281
3.613222756796277e-40,0.09090909090909091,0.2636363636363636,220.53673664284042
3.613222756796277e-40,0.09090909090909091,0.34545454545454546,214.69901304791597
3.613222756796277e-40,0.09090909090909091,0.42727272727272725,208.12871165304182
3.613222756796277e-40,0.09090909090909091,0.509090909090909,201.22876347600868
3.613222756796277e-40,0.09090909090909091,0.5909090909090909,194.183815115701
3.613222756796277e-40,0.09090909090909091,0.6727272727272727,187.09039362412818
3.613222756796277e-40,0.09090909090909091,0.7545454545454545,180.00330782773585
3.613222756796277e-40,0.09090909090909091,0.8363636363636363,172.95524119088122
3.613222756796277e-40,0.09090909090909091,0.9181818181818182,165.96610365263768
3.613222756796277e-40,0.09090909090909091,1.0,159.04793384881145
3.613222756796277e-40,0.18181818181818182,0.1,289.8642202177059
3.613222756796277e-40,0.18181818181818182,0.18181818181818182,288.6366693950838
3.613222756796277e-40,0.18181818181818182,0.2636363636363636,281.68697193790376
3.613222756796277e-40,0.18181818181818182,0.34545454545454546,273.18664179834354
3.613222756796277e-40,0.18181818181818182,0.42727272727272725,264.1543044191833
3.613222756796277e-40,0.18181818181818182,0.509090909090909,254.96421091237426
3.613222756796277e-40,0.18181818181818182,0.5909090909090909,245.7854510381717
3.613222756796277e-40,0.18181818181818182,0.6727272727272727,236.7037318260543
3.613222756796277e-40,0.18181818181818182,0.7545454545454545,227.76506242192704
3.613222756796277e-40,0.18181818181818182,0.8363636363636363,218.99434783877086
3.613222756796277e-40,0.18181818181818182,0.9181818181818182,210.40434595151737
3.613222756796277e-40,0.18181818181818182,1.0,202.00040810796008
3.613222756796277e-40,0.2727272727272727,0.1,349.0061955396966
3.613222756796277e-40,0.2727272727272727,0.18181818181818182,344.4554799116704
3.613222756796277e-40,0.2727272727272727,0.2636363636363636,333.90265771682084
3.613222756796277e-40,0.2727272727272727,0.34545454545454546,321.86194051743405
3.613222756796277e-40,0.2727272727272727,0.42727272727272725,309.43147569735515
3.613222756796277e-40,0.2727272727272727,0.509090909090909,297.0087130657389
3.613222756796277e-40,0.2727272727272727,0.5909090909090909,284.76714068411707
3.613222756796277e-40,0.2727272727272727,0.6727272727272727,272.7890378937218
3.613222756796277e-40,0.2727272727272727,0.7545454545454545,261.11336494722445
3.613222756796277e-40,0.2727272727272727,0.8363636363636363,249.7562724300044
3.613222756796277e-40,0.2727272727272727,0.9181818181818182,238.72103587552851
3.613222756796277e-40,0.2727272727272727,1.0,228.0033320365651
3.613222756796277e-40,0.36363636363636365,0.1,404.2830242132022
3.613222756796277e-40,0.36363636363636365,0.18181818181818182,396.0982223879714
3.613222756796277e-40,0.36363636363636365,0.2636363636363636,380.42121313719736
3.613222756796277e-40,0.36363636363636365,0.34545454545454546,363.05148466711944
3.613222756796277e-40,0.36363636363636365,0.42727272727272725,345.3831860858468
3.613222756796277e-40,0.36363636363636365,0.509090909090909,328.9784726783673
3.613222756796277e-40,0.36363636363636365,0.5909090909090909,311.8981026579586
3.613222756796277e-40,0.36363636363636365,0.6727272727272727,296.3017521259894
3.613222756796277e-40,0.36363636363636365,0.7545454545454545,281.22971478147565
3.613222756796277e-40,0.36363636363636365,0.8363636363636363,268.73731814253097
3.613222756796277e-40,0.36363636363636365,0.9181818181818182,262.74345535632847
3.613222756796277e-40,0.36363636363636365,1.0,359.8167194328398
3.613222756796277e-40,0.45454545454545453,0.1,462.0507858509841
3.613222756796277e-40,0.45454545454545453,0.18181818181818182,451.7267254187909
3.613222756796277e-40,0.45454545454545453,0.2636363636363636,428.9465746790638
3.613222756796277e-40,0.45454545454545453,0.34545454545454546,407.0606628476394
3.613222756796277e-40,0.45454545454545453,0.42727272727272725,385.0125071333309
3.613222756796277e-40,0.45454545454545453,0.509090909090909,363.5870226265961
3.613222756796277e-40,0.45454545454545453,0.5909090909090909,343.1586821096589
3.613222756796277e-40,0.45454545454545453,0.6727272727272727,326.4816778578056
3.613222756796277e-40,0.45454545454545453,0.7545454545454545,316.62419615093495
3.613222756796277e-40,0.45454545454545453,0.8363636363636363,318.1364886737956
3.613222756796277e-40,0.45454545454545453,0.9181818181818182,378.056810552137
3.613222756796277e-40,0.45454545454545453,1.0,530.3217343847837
3.613222756796277e-40,0.5454545454545454,0.1,531.4732212525273
3.613222756796277e-40,0.5454545454545454,0.18181818181818182,511.2201198138623
3.613222756796277e-40,0.5454545454545454,0.2636363636363636,485.4537587658606
3.613222756796277e-40,0.5454545454545454,0.34545454545454546,457.80674115535066
3.613222756796277e-40,0.5454545454545454,0.42727272727272725,430.7419052688615
3.613222756796277e-40,0.5454545454545454,0.509090909090909,409.7697863239541
3.613222756796277e-40,0.5454545454545454,0.5909090909090909,390.89636887584675
3.613222756796277e-40,0.5454545454545454,0.6727272727272727,383.16621873953727
3.613222756796277e-40,0.5454545454545454,0.7545454545454545,387.8076528316715
3.613222756796277e-40,0.5454545454545454,0.8363636363636363,424.57815092238525
3.613222756796277e-40,0.5454545454545454,0.9181818181818182,585.58340660456
3.613222756796277e-40,0.5454545454545454,1.0,669.5566617449194
3.613222756796277e-40,0.6363636363636364,0.1,592.4576916619235
3.613222756796277e-40,0.6363636363636364,0.18181818181818182,573.5117743961646
3.613222756796277e-40,0.6363636363636364,0.2636363636363636,542.1534523922669
3.613222756796277e-40,0.6363636363636364,0.34545454545454546,509.67136782353555
3.613222756796277e-40,0.6363636363636364,0.42727272727272725,485.45193765414024
3.613222756796277e-40,0.6363636363636364,0.509090909090909,463.5681961677906
3.613222756796277e-40,0.6363636363636364,0.5909090909090909,450.90849057919013
3.613222756796277e-40,0.6363636363636364,0.6727272727272727,452.9003115052219
3.613222756796277e-40,0.6363636363636364,0.7545454545454545,474.919490910308
3.613222756796277e-40,0.6363636363636364,0.8363636363636363,545.3810253047086
3.613222756796277e-40,0.6363636363636364,0.9181818181818182,690.5821867637105
3.613222756796277e-40,0.6363636363636364,1.0,749.386280899856
3.613222756796277e-40,0.7272727272727273,0.1,646.4813310578065
3.613222756796277e-40,0.7272727272727273,0.18181818181818182,624.5530427627655
3.613222756796277e-40,0.7272727272727273,0.2636363636363636,588.9592085146869
3.613222756796277e-40,0.7272727272727273,0.34545454545454546,562.4277030979392
3.613222756796277e-40,0.7272727272727273,0.42727272727272725,537.2354436714531
3.613222756796277e-40,0.7272727272727273,0.509090909090909,522.7339133780847
3.613222756796277e-40,0.7272727272727273,0.5909090909090909,518.1557708123437
3.613222756796277e-40,0.7272727272727273,0.6727272727272727,528.9758560098767
3.613222756796277e-40,0.7272727272727273,0.7545454545454545,565.8484956355596
3.613222756796277e-40,0.7272727272727273,0.8363636363636363,666.3216276330913
3.613222756796277e-40,0.7272727272727273,0.9181818181818182,760.0288546894253
3.613222756796277e-40,0.7272727272727273,1.0,793.8822286069978
3.613222756796277e-40,0.8181818181818182,0.1,681.3822633503414
3.613222756796277e-40,0.8181818181818182,0.18181818181818182,658.9835413708906
3.613222756796277e-40,0.8181818181818182,0.2636363636363636,635.0143858455649
3.613222756796277e-40,0.8181818181818182,0.34545454545454546,608.0417745011982
3.613222756796277e-40,0.8181818181818182,0.42727272727272725,582.935475711949
3.613222756796277e-40,0.8181818181818182,0.509090909090909,577.904874463643
3.613222756796277e-40,0.8181818181818182,0.5909090909090909,580.720873862786
3.613222756796277e-40,0.8181818181818182,0.6727272727272727,597.9893149863133
3.613222756796277e-40,0.8181818181818182,0.7545454545454545,641.5181172768957
3.613222756796277e-40,0.8181818181818182,0.8363636363636363,755.7611537919297
3.613222756796277e-40,0.8181818181818182,0.9181818181818182,797.8297480587719
3.613222756796277e-40,0.8181818181818182,1.0,811.5786456033136
3.613222756796277e-40,0.9090909090909091,0.1,625.366194302087
3.613222756796277e-40,0.9090909090909091,0.18181818181818182,620.25752702721
3.613222756796277e-40,0.9090909090909091,0.2636363636363636,616.014669871126
3.613222756796277e-40,0.9090909090909091,0.34545454545454546,603.0560239324514
3.613222756796277e-40,0.9090909090909091,0.42727272727272725,601.9871589442473
3.613222756796277e-40,0.9090909090909091,0.509090909090909,608.082810053591
3.613222756796277e-40,0.9090909090909091,0.5909090909090909,627.234384467672
3.613222756796277e-40,0.9090909090909091,0.6727272727272727,656.5659641728453
3.613222756796277e-40,0.9090909090909091,0.7545454545454545,716.4419127963388
3.613222756796277e-40,0.9090909090909091,0.8363636363636363,808.7036089328653
3.613222756796277e-40,0.9090909090909091,0.9181818181818182,831.7241897003353
3.613222756796277e-40,0.9090909090909091,1.0,827.8575984372462
3.613222756796277e-40,1.0,0.1,83.34413036069236
3.613222756796277e-40,1.0,0.18181818181818182,208.3769255826519
3.613222756796277e-40,1.0,0.2636363636363636,344.8555967615275
3.613222756796277e-40,1.0,0.34545454545454546,470.1108115829484
3.613222756796277e-40,1.0,0.42727272727272725,540.2512467345059
3.613222756796277e-40,1.0,0.509090909090909,602.1317608664403
3.613222756796277e-40,1.0,0.5909090909090909,677.7796322919221
3.613222756796277e-40,1.0,0.6727272727272727,745.4715037630763
3.613222756796277e-40,1.0,0.7545454545454545,845.6765194163982
3.613222756796277e-40,1.0,0.8363636363636363,913.6147748292324
3.613222756796277e-40,1.0,0.9181818181818182,908.7187602019146
3.613222756796277e-40,1.0,1.0,904.2374182046972
5.0118723362727555e-40,0.0,0.1,50.40783733493208
5.0118723362727555e-40,0.0,0.18181818181818182,56.82807967243025
5.0118723362727555e-40,0.0,0.2636363636363636,56.02237050461099
5.0118723362727555e-40,0.0,0.34545454545454546,52.986611888371044
5.0118723362727555e-40,0.0,0.42727272727272725,48.93180075671626
5.0118723362727555e-40,0.0,0.509090909090909,44.30155645249965
5.0118723362727555e-40,0.0,0.5909090909090909,39.29786412510066
5.0118723362727555e-40,0.0,0.6727272727272727,34.02563867746494
5.0118723362727555e-40,0.0,0.7545454545454545,28.543933334551184
5.0118723362727555e-40,0.0,0.8363636363636363,22.887343379895356
5.0118723362727555e-40,0.0,0.9181818181818182,17.0760459302428
5.0118723362727555e-40,0.0,1.0,11.120882958219909
5.0118723362727555e-40,0.09090909090909091,0.1,97.98439048919204
5.0118723362727555e-40,0.09090909090909091,0.18181818181818182,102.5388335256423
5.0118723362727555e-40,0.09090909090909091,0.2636363636363636,100.50088358859102
5.0118723362727555e-40,0.09090909090909091,0.34545454545454546,96.47578465371521
5.0118723362727555e-40,0.09090909090909091,0.42727272727272725,91.58211710208775
5.0118723362727555e-40,0.09090909090909091,0.509090909090909,86.23050167522592
5.0118723362727555e-40,0.09090909090909091,0.5909090909090909,80.60818178907812
5.0118723362727555e-40,0.09090909090909091,0.6727272727272727,74.81249569285455
5.0118723362727555e-40,0.09090909090909091,0.7545454545454545,68.89829455669474
5.0118723362727555e-40,0.09090909090909091,0.8363636363636363,62.89786436159193
5.0118723362727555e-40,0.09090909090909091,0.9181818181818182,56.83036553043485
5.0118723362727555e-40,0.09090909090909091,1.0,50.706727657098554
5.0118723362727555e-40,0.18181818181818182,0.1,160.93611415462624
5.0118723362727555e-40,0.18181818181818182,0.18181818181818182,162.58139002593316
5.0118723362727555e-40,0.18181818181818182,0.2636363636363636,158.26243849218758
5.0118723362727555e-40,0.18181818181818182,0.34545454545454546,152.23650199235726
5.0118723362727555e-40,0.18181818181818182,0.42727272727272725,145.53891090096317
5.0118723362727555e-40,0.18181818181818182,0.509090909090909,138.54871405174777
5.0118723362727555e-40,0.18181818181818182,0.5909090909090909,131.43700076732603
5.0118723362727555e-40,0.18181818181818182,0.6727272727272727,124.29080237744597
5.0118723362727555e-40,0.18181818181818182,0.7545454545454545,117.15732892506094
5.0118723362727555e-40,0.18181818181818182,0.8363636363636363,110.06267839667726
5.0118723362727555e-40,0.18181818181818182,0.9181818181818182,103.0207766090191
5.0118723362727555e-40,0.18181818181818182,1.0,96.03806163914692
5.0118723362727555e-40,0.2727272727272727,0.1,205.7794065015787
5.0118723362727555e-40,0.2727272727272727,0.18181818181818182,204.89014862474573
5.0118723362727555e-40,0.2727272727272727,0.2636363636363636,197.7023486711405
5.0118723362727555e-40,0.2727272727272727,0.34545454545454546,188.81881258795875
5.0118723362727555e-40,0.2727272727272727,0.42727272727272725,179.3549830767629
5.0118723362727555e-40,0.2727272727272727,0.509090909090909,169.71388471003888
5.0118723362727555e-40,0.2727272727272727,0.5909090909090909,160.07208570975672
5.0118723362727555e-40,0.2727272727272727,0.6727272727272727,150.5144636015359
5.0118723362727555e-40,0.2727272727272727,0.7545454545454545,141.08253396894952
5.0118723362727555e-40,0.2727272727272727,0.8363636363636363,131.79498686211446
5.0118723362727555e-40,0.2727272727272727,0.9181818181818182,122.657537754558
5.0118723362727555e-40,0.2727272727272727,1.0,113.6680971302992
5.0118723362727555e-40,0.36363636363636365,0.1,235.90416431360973
5.0118723362727555e-40,0.36363636363636365,0.18181818181818182,232.40764995455766
5.0118723362727555e-40,0.36363636363636365,0.2636363636363636,220.9308951394073
5.0118723362727555e-40,0.36363636363636365,0.34545454545454546,207.40845320590597
5.0118723362727555e-40,0.36363636363636365,0.42727272727272725,193.26326154564777
5.0118723362727555e-40,0.36363636363636365,0.509090909090909,180.1941192872
5.0118723362727555e-40,0.36363636363636365,0.5909090909090909,166.03117965571528
5.0118723362727555e-40,0.36363636363636365,0.6727272727272727,153.1993570110135
5.0118723362727555e-40,0.36363636363636365,0.7545454545454545,140.62910116750663
5.0118723362727555e-40,0.36363636363636365,0.8363636363636363,130.74889573222436
5.0118723362727555e-40,0.36363636363636365,0.9181818181818182,128.27731355839933
5.0118723362727555e-40,0.36363636363636365,1.0,241.097760906473
5.0118723362727555e-40,0.45454545454545453,0.1,259.48655856921096
5.0118723362727555e-40,0.45454545454545453,0.18181818181818182,255.42565752444307
5.0118723362727555e-40,0.45454545454545453,0.2636363636363636,237.84009666033307
5.0118723362727555e-40,0.45454545454545453,0.34545454545454546,220.85583271820906
5.0118723362727555e-40,0.45454545454545453,0.42727272727272725,203.22957154025016
5.0118723362727555e-40,0.45454545454545453,0.509090909090909,185.80127396772286
5.0118723362727555e-40,0.45454545454545453,0.5909090909090909,168.9976326634337
5.0118723362727555e-40,0.45454545454545453,0.6727272727272727,156.08703395000293
5.0118723362727555e-40,0.45454545454545453,0.7545454545454545,150.82478034672658
5.0118723362727555e-40,0.45454545454545453,0.8363636363636363,158.56844544147452
5.0118723362727555e-40,0.45454545454545453,0.9181818181818182,231.36652476481368
5.0118723362727555e-40,0.45454545454545453,1.0,396.85939943472613
5.0118723362727555e-40,0.5454545454545454,0.1,289.8172636811123
5.0118723362727555e-40,0.5454545454545454,0.18181818181818182,277.34105757338057
5.0118723362727555e-40,0.5454545454545454,0.2636363636363636,258.7569233439167
5.0118723362727555e-40,0.5454545454545454,0.34545454545454546,237.49893996899982
5.0118723362727555e-40,0.5454545454545454,0.42727272727272725,216.21039342397808
5.0118723362727555e-40,0.5454545454545454,0.509090909090909,201.41024101606808
5.0118723362727555e-40,0.5454545454545454,0.5909090909090909,188.4912673133872
5.0118723362727555e-40,0.5454545454545454,0.6727272727272727,188.32724811282924
5.0118723362727555e-40,0.5454545454545454,0.7545454545454545,202.111829467573
5.0118723362727555e-40,0.5454545454545454,0.8363636363636363,251.18738813069785
5.0118723362727555e-40,0.5454545454545454,0.9181818181818182,430.22052555842447
5.0118723362727555e-40,0.5454545454545454,1.0,517.8072115954851
5.0118723362727555e-40,0.6363636363636364,0.1,305.65928552465357
5.0118723362727555e-40,0.6363636363636364,0.18181818181818182,298.6137784449602
5.0118723362727555e-40,0.6363636363636364,0.2636363636363636,277.18617533355336
5.0118723362727555e-40,0.6363636363636364,0.34545454545454546,253.60023916736372
5.0118723362727555e-40,0.6363636363636364,0.42727272727272725,239.3336080862391
5.0118723362727555e-40,0.6363636363636364,0.509090909090909,226.98492260265948
5.0118723362727555e-40,0.6363636363636364,0.5909090909090909,225.18239425553975
5.0118723362727555e-40,0.6363636363636364,0.6727272727272727,240.23691379127195
5.0118723362727555e-40,0.6363636363636364,0.7545454545454545,277.0828167217005
5.0118723362727555e-40,0.6363636363636364,0.8363636363636363,364.3754139004609
5.0118723362727555e-40,0.6363636363636364,0.9181818181818182,525.0021162066369
5.0118723362727555e-40,0.6363636363636364,1.0,586.6896565684692
5.0118723362727555e-40,0.7272727272727273,0.1,289.01444740982697
5.0118723362727555e-40,0.7272727272727273,0.18181818181818182,287.0593555044661
5.0118723362727555e-40,0.7272727272727273,0.2636363636363636,267.6767869061423
5.0118723362727555e-40,0.7272727272727273,0.34545454545454546,260.0529419959212
5.0118723362727555e-40,0.7272727272727273,0.42727272727272725,252.08441281909927
5.0118723362727555e-40,0.7272727272727273,0.509090909090909,256.76201873048285
5.0118723362727555e-40,0.7272727272727273,0.5909090909090909,272.1089919799292
5.0118723362727555e-40,0.7272727272727273,0.6727272727272727,303.9231665791499
5.0118723362727555e-40,0.7272727272727273,0.7545454545454545,362.3529669615341
5.0118723362727555e-40,0.7272727272727273,0.8363636363636363,485.6003468539743
5.0118723362727555e-40,0.7272727272727273,0.9181818181818182,591.3847317433128
5.0118723362727555e-40,0.7272727272727273,1.0,628.2616115348214
5.0118723362727555e-40,0.8181818181818182,0.1,128.26342318256502
5.0118723362727555e-40,0.8181818181818182,0.18181818181818182,157.84138387907205
5.0118723362727555e-40,0.8181818181818182,0.2636363636363636,194.84538485625944
5.0118723362727555e-40,0.8181818181818182,0.34545454545454546,215.55401342961977
5.0118723362727555e-40,0.8181818181818182,0.42727272727272725,230.3227131055146
5.0118723362727555e-40,0.8181818181818182,0.509090909090909,275.2065672478366
5.0118723362727555e-40,0.8181818181818182,0.5909090909090909,320.5605452850241
5.0118723362727555e-40,0.8181818181818182,0.6727272727272727,375.83239131135315
5.0118723362727555e-40,0.8181818181818182,0.7545454545454545,454.11319951840323
5.0118723362727555e-40,0.8181818181818182,0.8363636363636363,607.7070043261874
5.0118723362727555e-40,0.8181818181818182,0.9181818181818182,654.4425610593173
5.0118723362727555e-40,0.8181818181818182,1.0,668.0191491189576
5.0118723362727555e-40,0.9090909090909091,0.1,0.0
5.0118723362727555e-40,0.9090909090909091,0.18181818181818182,0.0
5.0118723362727555e-40,0.9090909090909091,0.2636363636363636,0.0
5.0118723362727555e-40,0.9090909090909091,0.34545454545454546,0.0
5.0118723362727555e-40,0.9090909090909091,0.42727272727272725,0.0
5.0118723362727555e-40,0.9090909090909091,0.509090909090909,173.12884380692594
5.0118723362727555e-40,0.9090909090909091,0.5909090909090909,326.15783049666516
5.0118723362727555e-40,0.9090909090909091,0.6727272727272727,445.07157605679004
5.0118723362727555e-40,0.9090909090909091,0.7545454545454545,578.2745153470701
5.0118723362727555e-40,0.9090909090909091,0.8363636363636363,729.6517491678464
5.0118723362727555e-40,0.9090909090909091,0.9181818181818182,753.1792660508524
5.0118723362727555e-40,0.9090909090909091,1.0,743.8358294780501
5.0118723362727555e-40,1.0,0.1,0.0
5.0118723362727555e-40,1.0,0.18181818181818182,0.0
5.0118723362727555e-40,1.0,0.2636363636363636,0.0
5.0118723362727555e-40,1.0,0.34545454545454546,0.0
5.0118723362727555e-40,1.0,0.42727272727272725,0.0
5.0118723362727555e-40,1.0,0.509090909090909,0.0
5.0118723362727555e-40,1.0,0.5909090909090909,0.0
5.0118723362727555e-40,1.0,0.6727272727272727,273.5199176720007
5.0118723362727555e-40,1.0,0.7545454545454545,729.7451701394666
5.0118723362727555e-40,1.0,0.8363636363636363,913.0051598004925
5.0118723362727555e-40,1.0,0.9181818181818182,908.1077890799793
5.0118723362727555e-40,1.0,1.0,869.6474781470656
