nu_Hz,N0,value
10.0,1000.0,624.8388673288786
10.0,1124.2100350620863,568.9709201419818
10.0,1263.8482029342983,518.0982248289324
10.0,1420.8308325339224,471.77414709333146
10.0,1597.312280060254,429.59198700039855
10.0,1795.714494371641,391.18140837514125
10.0,2018.7602546790388,356.2051874543394
10.0,2269.5105366946686,324.35625224729927
10.0,2551.4065200312875,295.354986612596
10.0,2868.3168133420118,268.94677538207696
10.0,3224.590545296395,244.8997689796669
10.0,3625.1170499885316,223.0028479095539
10.0,4075.392965871778,203.0637692430836
10.0,4581.597669054491,184.9074788315372
10.0,5150.678076168122,168.37457442694404
10.0,5790.443980602489,153.31990621798053
10.0,6509.6752304581705,139.61130249442618
10.0,7318.2422190761745,127.12840925221185
10.0,8227.241341700466,115.76163355143186
10.0,9249.147277217335,105.41118135058255
10.0,10397.984184814899,95.98618136974254
10.0,11689.518164985777,87.40388729069296
10.0,13141.473626117553,79.58895128973549
10.0,14773.776525985128,72.4727625252245
10.0,16608.827826277167,65.99284477209814
10.0,18671.810912919205,60.09230791496934
10.0,20991.037201085546,54.719348484189844
10.0,23598.33466782194,49.8267948498669
10.0,26529.484644318945,45.371693080886324
10.0,29824.71286216888,41.31492983301225
10.0,33529.2414924956,37.62088895522825
10.0,37693.909753883636,34.25713879951243
10.0,42375.87160604064,31.194147488797427
10.0,47639.380104013406,28.405023643325883
10.0,53556.669177068965,25.865280289120257
10.0,60208.94493336126,23.552619875813612
10.0,67687.50009458528,21.446738516415973
10.0,76094.96685459884,19.529147730349074
10.0,85546.72535565685,17.783012124751444
10.0,96172.48711152964,16.19300158898456
10.0,108118.07510766077,14.74515670468967
10.0,121547.4250076286,13.42676618976907
10.0,136644.83492953243,12.226255300317613
10.0,153617.49466718297,11.133084210734683
10.0,172698.3290659436,10.137655479850007
10.0,194149.19457438815,9.231229790666507
10.0,218264.47283974872,8.405849223961752
10.0,245375.11066398167,7.654267392132239
10.0,275853.1617629181,6.969885819894107
10.0,310116.8926574775,6.346696013297794
10.0,348636.52276780875,5.779226708454455
10.0,391940.6774847221,5.262495836847043
10.0,440623.6427773573,4.791966785507655
10.0,495353.52089591697,4.363508568049816
10.0,556881.3990945267,3.9733595568791187
10.0,626051.6572014815,3.6180944581709826
10.0,703813.5554931562,3.2945942396739905
10.0,791234.2618981326,3.0000187473215245
10.0,889513.4973108236,2.7317817702404508
10.0,1.0e6,2.487528335241518
14.067796610169491,1000.0,275.43900617431564
14.067796610169491,1124.2100350620863,250.81151794532448
14.067796610169491,1263.8482029342983,228.38601695442708
14.067796610169491,1420.8308325339224,207.9656196318645
14.067796610169491,1597.312280060254,189.37104611573272
14.067796610169491,1795.714494371641,172.43904627335945
14.067796610169491,2018.7602546790388,157.02096645488962
14.067796610169491,2269.5105366946686,142.98144439596493
14.067796610169491,2551.4065200312875,130.1972208114619
14.067796610169491,2868.3168133420118,118.55605724673269
14.067796610169491,3224.590545296395,107.95575068567975
14.067796610169491,3625.1170499885316,98.30323626446202
14.067796610169491,4075.392965871778,89.51377021315537
14.067796610169491,4581.597669054491,81.51018585204295
14.067796610169491,5150.678076168122,74.22221611059084
14.067796610169491,5790.443980602489,67.5858766211998
14.067796610169491,6509.6752304581705,61.54290397163524
14.067796610169491,7318.2422190761745,56.040244184298594
14.067796610169491,8227.241341700466,51.02958693147231
14.067796610169491,9249.147277217335,46.466941397201914
14.067796610169491,10397.984184814899,42.31225006211706
14.067796610169491,11689.518164985777,38.52903702043391
14.067796610169491,13141.473626117553,35.084087741555855
14.067796610169491,14773.776525985128,31.94715746475527
14.067796610169491,16608.827826277167,29.090705666802375
14.067796610169491,18671.810912919205,26.489654271311892
14.067796610169491,20991.037201085546,24.121167477019892
14.067796610169491,23598.33466782194,21.964451272003238
14.067796610169491,26529.484644318945,20.00057087368677
14.067796610169491,29824.71286216888,18.212284491862203
14.067796610169491,33529.2414924956,16.583891955249115
14.067796610169491,37693.909753883636,15.10109687262279
14.067796610169491,42375.87160604064,13.750881118358825
14.067796610169491,47639.380104013406,12.521390540447289
14.067796610169491,53556.669177068965,11.401830887555173
14.067796610169491,60208.94493336126,10.382373041434048
14.067796610169491,67687.50009458528,9.454066722665626
14.067796610169491,76094.96685459884,8.608761912129106
14.067796610169491,85546.72535565685,7.8390372983139835
14.067796610169491,96172.48711152964,7.138135122284958
14.067796610169491,108118.07510766077,6.499901848273776
14.067796610169491,121547.4250076286,5.918734139018195
14.067796610169491,136644.83492953243,5.389529661541432
14.067796610169491,153617.49466718297,4.907642291473697
14.067796610169491,172698.3290659436,4.468841322634601
14.067796610169491,194149.19457438815,4.06927432375877
14.067796610169491,218264.47283974872,3.7054333162673267
14.067796610169491,245375.11066398167,3.3741239761445545
14.067796610169491,275853.1617629181,3.0724375895291898
14.067796610169491,310116.8926574775,2.7977255158058583
14.067796610169491,348636.52276780875,2.5475759339966175
14.067796610169491,391940.6774847221,2.3197926682987426
14.067796610169491,440623.6427773573,2.112375906868551
14.067796610169491,495353.52089591697,1.9235046445728747
14.067796610169491,556881.3990945267,1.7515206955651275
14.067796610169491,626051.6572014815,1.5949141353251972
14.067796610169491,703813.5554931562,1.4523100443522752
14.067796610169491,791234.2618981326,1.3224564371275396
14.067796610169491,889513.4973108236,1.2042132703695954
14.067796610169491,1.0e6,1.0965424340812402
18.135593220338983,1000.0,149.7241299113156
18.135593220338983,1124.2100350620863,136.33703090089696
18.135593220338983,1263.8482029342983,124.14689606733417
18.135593220338983,1420.8308325339224,113.04670272859872
18.135593220338983,1597.312280060254,102.93899728976594
18.135593220338983,1795.714494371641,93.73503965402908
18.135593220338983,2018.7602546790388,85.3540241334362
18.135593220338983,2269.5105366946686,77.72237001937468
18.135593220338983,2551.4065200312875,70.77307558440255
18.135593220338983,2868.3168133420118,64.44512984391683
18.135593220338983,3224.590545296395,58.68297691325154
18.135593220338983,3625.1170499885316,53.43602825755302
18.135593220338983,4075.392965871778,48.65821855225631
18.135593220338983,4581.597669054491,44.30760125486093
18.135593220338983,5150.678076168122,40.345980337348806
18.135593220338983,5790.443980602489,36.73857494605742
18.135593220338983,6509.6752304581705,33.45371404490629
18.135593220338983,7318.2422190761745,30.462558361111956
18.135593220338983,8227.241341700466,27.73884719222816
18.135593220338983,9249.147277217335,25.258667851615627
18.135593220338983,10397.984184814899,23.000245728200113
18.135593220338983,11689.518164985777,20.94375311735808
18.135593220338983,13141.473626117553,19.071135144571013
18.135593220338983,14773.776525985128,17.3659512535531
18.135593220338983,16608.827826277167,15.813230867205755
18.135593220338983,18671.810912919205,14.399341954180978
18.135593220338983,20991.037201085546,13.111871347140726
18.135593220338983,23598.33466782194,11.939515761972107
18.135593220338983,26529.484644318945,10.871982561167084
18.135593220338983,29824.71286216888,9.899899390123807
18.135593220338983,33529.2414924956,9.014731893025818
18.135593220338983,37693.909753883636,8.208708785890076
18.135593220338983,42375.87160604064,7.474753628965849
18.135593220338983,47639.380104013406,6.806422699484264
18.135593220338983,53556.669177068965,6.197848419314944
18.135593220338983,60208.94493336126,5.643687840855875
18.135593220338983,67687.50009458528,5.139075738890854
18.135593220338983,76094.96685459884,4.67958189658686
18.135593220338983,85546.72535565685,4.261172210625906
18.135593220338983,96172.48711152964,3.880173273995706
18.135593220338983,108118.07510766077,3.5332401254956736
18.135593220338983,121547.4250076286,3.217326882816548
18.135593220338983,136644.83492953243,2.9296600013682594
18.135593220338983,153617.49466718297,2.6677139240832504
18.135593220338983,172698.3290659436,2.4291889084139107
18.135593220338983,194149.19457438815,2.211990835857338
18.135593220338983,218264.47283974872,2.014212826746178
18.135593220338983,245375.11066398167,1.8341184988934949
18.135593220338983,275853.1617629181,1.6701267231117893
18.135593220338983,310116.8926574775,1.5207977417679899
18.135593220338983,348636.52276780875,1.3848205285029775
18.135593220338983,391940.6774847221,1.2610012781409259
18.135593220338983,440623.6427773573,1.1482529257361667
18.135593220338983,495353.52089591697,1.0455856027406158
18.135593220338983,556881.3990945267,0.9520979465021213
18.135593220338983,626051.6572014815,0.8669691867959222
18.135593220338983,703813.5554931562,0.7894519399133131
18.135593220338983,791234.2618981326,0.718865647043577
18.135593220338983,889513.4973108236,0.6545905993417725
18.135593220338983,1.0e6,0.5960624972257808
22.203389830508474,1000.0,92.12165992171491
22.203389830508474,1124.2100350620863,83.88489953374952
22.203389830508474,1263.8482029342983,76.38460244601566
22.203389830508474,1420.8308325339224,69.55492017354588
22.203389830508474,1597.312280060254,63.33589186076458
22.203389830508474,1795.714494371641,57.67291785814091
22.203389830508474,2018.7602546790388,52.51628036728368
22.203389830508474,2269.5105366946686,47.82070694600449
22.203389830508474,2551.4065200312875,43.54497304116522
22.203389830508474,2868.3168133420118,39.6515400597655
22.203389830508474,3224.590545296395,36.10622580073408
22.203389830508474,3625.1170499885316,32.877904353995625
22.203389830508474,4075.392965871778,29.938232832092513
22.203389830508474,4581.597669054491,27.26140253521533
22.203389830508474,5150.678076168122,24.823912365007157
22.203389830508474,5790.443980602489,22.60436249784047
22.203389830508474,6509.6752304581705,20.583266506130773
22.203389830508474,7318.2422190761745,18.74288027821535
22.203389830508474,8227.241341700466,17.06704623480825
22.203389830508474,9249.147277217335,15.541051474337086
22.203389830508474,10397.984184814899,14.15149860175607
22.203389830508474,11689.518164985777,12.886188106782935
22.203389830508474,13141.473626117553,11.734011258905701
22.203389830508474,14773.776525985128,10.684852578836002
22.203389830508474,16608.827826277167,9.729501030162265
22.203389830508474,18671.810912919205,8.85956915151384
22.203389830508474,20991.037201085546,8.06741941926148
22.203389830508474,23598.33466782194,7.346097194258758
22.203389830508474,26529.484644318945,6.689269663933817
22.203389830508474,29824.71286216888,6.091170243676619
22.203389830508474,33529.2414924956,5.546547949396363
22.203389830508474,37693.909753883636,5.050621296768065
22.203389830508474,42375.87160604064,4.59903632242885
22.203389830508474,47639.380104013406,4.187828358573365
22.203389830508474,53556.669177068965,3.813387225350101
22.203389830508474,60208.94493336126,3.4724255354670786
22.203389830508474,67687.50009458528,3.161949832738749
22.203389830508474,76094.96685459884,2.87923431118639
22.203389830508474,85546.72535565685,2.6217968839602164
22.203389830508474,96172.48711152964,2.387377391981391
22.203389830508474,108118.07510766077,2.1739177609879077
22.203389830508474,121547.4250076286,1.9795439327740427
22.203389830508474,136644.83492953243,1.8025494119896093
22.203389830508474,153617.49466718297,1.6413802840489748
22.203389830508474,172698.3290659436,1.4946215726153012
22.203389830508474,194149.19457438815,1.3609848168862144
22.203389830508474,218264.47283974872,1.2392967596163273
22.203389830508474,245375.11066398167,1.1284890465636517
22.203389830508474,275853.1617629181,1.0275888469267012
22.203389830508474,310116.8926574775,0.9357103124248957
22.203389830508474,348636.52276780875,0.8520468000376694
22.203389830508474,391940.6774847221,0.7758637901222281
22.203389830508474,440623.6427773573,0.7064924377348943
22.203389830508474,495353.52089591697,0.6433237005402209
22.203389830508474,556881.3990945267,0.5858029917541221
22.203389830508474,626051.6572014815,0.5334253111768037
22.203389830508474,703813.5554931562,0.4857308115686435
22.203389830508474,791234.2618981326,0.4423007614442452
22.203389830508474,889513.4973108236,0.40275386884019526
22.203389830508474,1.0e6,0.36674293378125405
26.271186440677965,1000.0,61.52006544460821
26.271186440677965,1124.2100350620863,56.01944769032758
26.271186440677965,1263.8482029342983,51.01064988877359
26.271186440677965,1420.8308325339224,46.449697548951704
26.271186440677965,1597.312280060254,42.29654801680793
26.271186440677965,1795.714494371641,38.51473892274059
26.271186440677965,2018.7602546790388,35.07106806204132
26.271186440677965,2269.5105366946686,31.9353018977913
26.271186440677965,2551.4065200312875,29.079910127028857
26.271186440677965,2868.3168133420118,26.47982397982465
26.271186440677965,3224.590545296395,24.112216129264176
26.271186440677965,3625.1170499885316,21.95630028006693
26.271186440677965,4075.392965871778,19.993148676341868
26.271186440677965,4581.597669054491,18.20552592629656
26.271186440677965,5150.678076168122,16.57773768497278
26.271186440677965,5790.443980602489,15.095492866526131
26.271186440677965,6509.6752304581705,13.745778176349264
26.271186440677965,7318.2422190761745,12.51674386149945
26.271186440677965,8227.241341700466,11.397599676382512
26.271186440677965,9249.147277217335,10.378520150328665
26.271186440677965,10397.984184814899,9.450558325361843
26.271186440677965,11689.518164985777,8.605567206827427
26.271186440677965,13141.473626117553,7.836128237258211
26.271186440677965,14773.776525985128,7.135486165518338
26.271186440677965,16608.827826277167,6.49748973941223
26.271186440677965,18671.810912919205,5.916537701072039
26.271186440677965,20991.037201085546,5.387529610993038
26.271186440677965,23598.33466782194,4.905821068978828
26.271186440677965,26529.484644318945,4.46718293886101
26.271186440677965,29824.71286216888,4.067764219008658
26.271186440677965,33529.2414924956,3.7040582326511955
26.271186440677965,37693.909753883636,3.3728718411842453
26.271186440677965,42375.87160604064,3.071297410168141
26.271186440677965,47639.380104013406,2.79668728189612
26.271186440677965,53556.669177068965,2.546630530415261
26.271186440677965,60208.94493336126,2.318931794922077
26.271186440677965,67687.50009458528,2.1115920057016124
26.271186440677965,76094.96685459884,1.9227908333943833
26.271186440677965,85546.72535565685,1.750870707505374
26.271186440677965,96172.48711152964,1.594322263846363
26.271186440677965,108118.07510766077,1.451771093148173
26.271186440677965,121547.4250076286,1.3219656745028956
26.271186440677965,136644.83492953243,1.2037663876983742
26.271186440677965,153617.49466718297,1.0961355079792703
26.271186440677965,172698.3290659436,0.9981280953942332
26.271186440677965,194149.19457438815,0.9088836987426203
26.271186440677965,218264.47283974872,0.8276188012860124
26.271186440677965,245375.11066398167,0.7536199419020084
26.271186440677965,275853.1617629181,0.6862374512878112
26.271186440677965,310116.8926574775,0.6248797482209197
26.271186440677965,348636.52276780875,0.5690081458012297
26.271186440677965,391940.6774847221,0.518132122076212
26.271186440677965,440623.6427773573,0.4718050135278369
26.271186440677965,495353.52089591697,0.42962009361245534
26.271186440677965,556881.3990945267,0.39120700192535146
26.271186440677965,626051.6572014815,0.35622849264000295
26.271186440677965,703813.5554931562,0.32437747367513275
26.271186440677965,791234.2618981326,0.2953743105950697
26.271186440677965,889513.4973108236,0.2689643715731333
26.271186440677965,1.0e6,0.2449157918641895
30.338983050847457,1000.0,43.54773686463054
30.338983050847457,1124.2100350620863,39.65405676489127
30.338983050847457,1263.8482029342983,36.10851748280765
30.338983050847457,1420.8308325339224,32.8799911327257
30.338983050847457,1597.312280060254,29.94013302824913
30.338983050847457,1795.714494371641,27.263132831476
30.338983050847457,2018.7602546790388,24.825487952421817
30.338983050847457,2269.5105366946686,22.605797209200425
30.338983050847457,2551.4065200312875,20.58457293741297
30.338983050847457,2868.3168133420118,18.744069899168185
30.338983050847457,3224.590545296395,17.068129489649685
30.338983050847457,3625.1170499885316,15.542037873449113
30.338983050847457,4075.392965871778,14.152396805180556
30.338983050847457,4581.597669054491,12.887006000252157
30.338983050847457,5150.678076168122,11.734756023074661
30.338983050847457,5790.443980602489,10.685530752324667
30.338983050847457,6509.6752304581705,9.730118566961005
30.338983050847457,7318.2422190761745,8.860131473256248
30.338983050847457,8227.241341700466,8.06793146282331
30.338983050847457,9249.147277217335,7.346563455100964
30.338983050847457,10397.984184814899,6.6896942355702596
30.338983050847457,11689.518164985777,6.091556853612852
30.338983050847457,13141.473626117553,5.546899991855087
30.338983050847457,14773.776525985128,5.050941862488504
30.338983050847457,16608.827826277167,4.5993282258018
30.338983050847457,18671.810912919205,4.188094162349962
30.338983050847457,20991.037201085546,3.8136292631413697
30.338983050847457,23598.33466782194,3.472645932231762
30.338983050847457,26529.484644318945,3.162150523439272
30.338983050847457,29824.71286216888,2.8794170577767733
30.338983050847457,33529.2414924956,2.621963290855045
30.338983050847457,37693.909753883636,2.38752892014172
30.338983050847457,42375.87160604064,2.1740557407476797
30.338983050847457,47639.380104013406,1.9796695755196894
30.338983050847457,53556.669177068965,1.8026638207953636
30.338983050847457,60208.94493336126,1.6414844633612538
30.338983050847457,67687.50009458528,1.4947164370711898
30.338983050847457,76094.96685459884,1.3610711993434794
30.338983050847457,85546.72535565685,1.2393754184654553
30.338983050847457,96172.48711152964,1.1285606723860926
30.338983050847457,108118.07510766077,1.0276540685577984
30.338983050847457,121547.4250076286,0.9357697024747132
30.338983050847457,136644.83492953243,0.852100879918195
30.338983050847457,153617.49466718297,0.7759130346250784
30.338983050847457,172698.3290659436,0.7065372791997316
30.338983050847457,194149.19457438815,0.6433645326504546
30.338983050847457,218264.47283974872,0.5858401729932314
30.338983050847457,245375.11066398167,0.5334591679756269
30.338983050847457,275853.1617629181,0.48576164117126186
30.338983050847457,310116.8926574775,0.44232883451761873
30.338983050847457,348636.52276780875,0.40277943185047393
30.338983050847457,391940.6774847221,0.36676621115761543
30.338983050847457,440623.6427773573,0.3339729961604648
30.338983050847457,495353.52089591697,0.3041118804601799
30.338983050847457,556881.3990945267,0.27692069987775525
30.338983050847457,626051.6572014815,0.2521607307966609
30.338983050847457,703813.5554931562,0.22961459430073367
30.338983050847457,791234.2618981326,0.20908434770680312
30.338983050847457,889513.4973108236,0.19038974673675454
30.338983050847457,1.0e6,0.17336666307186277
34.40677966101695,1000.0,32.19751642433718
34.40677966101695,1124.2100350620863,29.318679589436307
34.40677966101695,1263.8482029342983,26.697244642704568
34.40677966101695,1420.8308325339224,24.31019682650456
34.40677966101695,1597.312280060254,22.13657917334507
34.40677966101695,1795.714494371641,20.15730851522822
34.40677966101695,2018.7602546790388,18.355007943925855
34.40677966101695,2269.5105366946686,16.713854251278583
34.40677966101695,2551.4065200312875,15.21943901012739
34.40677966101695,2868.3168133420118,13.858642076244491
34.40677966101695,3224.590545296395,12.619516400680174
34.40677966101695,3625.1170499885316,11.491183141241157
34.40677966101695,4075.392965871778,10.46373615223699
34.40677966101695,4581.597669054491,9.528155013967133
34.40677966101695,5150.678076168122,8.676225838395052
34.40677966101695,5790.443980602489,7.900469155727103
34.40677966101695,6509.6752304581705,7.194074248779754
34.40677966101695,7318.2422190761745,6.5508393586270275
34.40677966101695,8227.241341700466,5.965117236566734
34.40677966101695,9249.147277217335,5.431765564381538
34.40677966101695,10397.984184814899,4.946101807612148
34.40677966101695,11689.518164985777,4.503862105479073
34.40677966101695,13141.473626117553,4.101163836529148
34.40677966101695,14773.776525985128,3.7344715313537242
34.40677966101695,16608.827826277167,3.4005658331110036
34.40677966101695,18671.810912919205,3.096515233342831
34.40677966101695,20991.037201085546,2.819650334942128
34.40677966101695,23598.33466782194,2.5675404163138595
34.40677966101695,26529.484644318945,2.3379720909757586
34.40677966101695,29824.71286216888,2.1289298752418855
34.40677966101695,33529.2414924956,1.9385784933839119
34.40677966101695,37693.909753883636,1.7652467649192323
34.40677966101695,42375.87160604064,1.607412932565074
34.40677966101695,47639.380104013406,1.463691302046187
34.40677966101695,53556.669177068965,1.332820076460926
34.40677966101695,60208.94493336126,1.2136502783981515
34.40677966101695,67687.50009458528,1.1051356625472417
34.40677966101695,76094.96685459884,1.0063235302394582
34.40677966101695,85546.72535565685,0.9163463652774099
34.40677966101695,96172.48711152964,0.8344142176197682
34.40677966101695,108118.07510766077,0.7598077680542025
34.40677966101695,121547.4250076286,0.6918720129701582
34.40677966101695,136644.83492953243,0.6300105137872594
34.40677966101695,153617.49466718297,0.5736801605524768
34.40677966101695,172698.3290659436,0.5223864037333338
34.40677966101695,194149.19457438815,0.47567891234489257
34.40677966101695,218264.47283974872,0.4331476202912926
34.40677966101695,245375.11066398167,0.3944191262108706
34.40677966101695,275853.1617629181,0.3591534152174911
34.40677966101695,310116.8926574775,0.3270408737567763
34.40677966101695,348636.52276780875,0.29779957136931834
34.40677966101695,391940.6774847221,0.271172785496242
34.40677966101695,440623.6427773573,0.24692674759627598
34.40677966101695,495353.52089591697,0.22484859078648206
34.40677966101695,556881.3990945267,0.20474448098805043
34.40677966101695,626051.6572014815,0.18643791516965302
34.40677966101695,703813.5554931562,0.16976817174786418
34.40677966101695,791234.2618981326,0.15458889954002056
34.40677966101695,889513.4973108236,0.14076683288129488
34.40677966101695,1.0e6,0.12818062162542626
38.47457627118644,1000.0,24.623558016590376
38.47457627118644,1124.2100350620863,22.421922185731777
38.47457627118644,1263.8482029342983,20.41713850469059
38.47457627118644,1420.8308325339224,18.591606074923813
38.47457627118644,1597.312280060254,16.92929772532695
38.47457627118644,1795.714494371641,15.41561930248324
38.47457627118644,2018.7602546790388,14.037281542020049
38.47457627118644,2269.5105366946686,12.782183396173739
38.47457627118644,2551.4065200312875,11.639305793243198
38.47457627118644,2868.3168133420118,10.598614896198216
38.47457627118644,3224.590545296395,9.650974011106788
38.47457627118644,3625.1170499885316,8.788063371985428
38.47457627118644,4075.392965871778,8.002307097827833
38.47457627118644,4581.597669054491,7.28680668053471
38.47457627118644,5150.678076168122,6.63528041980521
38.47457627118644,5790.443980602489,6.042008273261835
38.47457627118644,6509.6752304581705,5.50178163762312
38.47457627118644,7318.2422190761745,5.009857620030301
38.47457627118644,8227.241341700466,4.561917398055587
38.47457627118644,9249.147277217335,4.154028302815593
38.47457627118644,10397.984184814899,3.782609292300639
38.47457627118644,11689.518164985777,3.4443995117946375
38.47457627118644,13141.473626117553,3.1364296653634423
38.47457627118644,14773.776525985128,2.85599594706897
38.47457627118644,16608.827826277167,2.6006363030395607
38.47457627118644,18671.810912919205,2.36810881599054
38.47457627118644,20991.037201085546,2.1563720224230085
38.47457627118644,23598.33466782194,1.9635669896966719
38.47457627118644,26529.484644318945,1.7880009956232463
38.47457627118644,29824.71286216888,1.6281326672962548
38.47457627118644,33529.2414924956,1.482558448684316
38.47457627118644,37693.909753883636,1.350000278180835
38.47457627118644,42375.87160604064,1.2292943679257269
38.47457627118644,47639.380104013406,1.1193809863878326
38.47457627118644,53556.669177068965,1.019295154504689
38.47457627118644,60208.94493336126,0.9281581736968751
38.47457627118644,67687.50009458528,0.8451699113775742
38.47457627118644,76094.96685459884,0.7696017762283491
38.47457627118644,85546.72535565685,0.7007903215679321
38.47457627118644,96172.48711152964,0.6381314206551008
38.47457627118644,108118.07510766077,0.5810749627880297
38.47457627118644,121547.4250076286,0.5291200236347599
38.47457627118644,136644.83492953243,0.4818104673929627
38.47457627118644,153617.49466718297,0.43873094216836317
38.47457627118644,172698.3290659436,0.3995032334134618
38.47457627118644,194149.19457438815,0.36378294341173534
38.47457627118644,218264.47283974872,0.3312564676550287
38.47457627118644,245375.11066398167,0.30163824156838476
38.47457627118644,275853.1617629181,0.2746682334100716
38.47457627118644,310116.8926574775,0.2501096613358486
38.47457627118644,348636.52276780875,0.2277469145845497
38.47457627118644,391940.6774847221,0.20738366053413976
38.47457627118644,440623.6427773573,0.1888411210092282
38.47457627118644,495353.52089591697,0.1719565027069788
38.47457627118644,556881.3990945267,0.15658156796140937
38.47457627118644,626051.6572014815,0.1425813332981819
38.47457627118644,703813.5554931562,0.12983288435390772
38.47457627118644,791234.2618981326,0.1182242967556129
38.47457627118644,889513.4973108236,0.1076536534862751
38.47457627118644,1.0e6,0.09802815010944677
42.54237288135593,1000.0,19.346211567472896
42.54237288135593,1124.2100350620863,17.61643260743707
42.54237288135593,1263.8482029342983,16.04131624065092
42.54237288135593,1420.8308325339224,14.607033811370966
42.54237288135593,1597.312280060254,13.300993108398242
42.54237288135593,1795.714494371641,12.111727812386881
42.54237288135593,2018.7602546790388,11.028796827864198
42.54237288135593,2269.5105366946686,10.042692616152557
42.54237288135593,2551.4065200312875,9.14475772440688
42.54237288135593,2868.3168133420118,8.327108777938204
42.54237288135593,3224.590545296395,7.582567268518091
42.54237288135593,3625.1170499885316,6.904596531022829
42.54237288135593,4075.392965871778,6.287244355107396
42.54237288135593,4581.597669054491,5.7250907280709775
42.54237288135593,5150.678076168122,5.2132002501252215
42.54237288135593,5790.443980602489,4.7470788042974625
42.54237288135593,6509.6752304581705,4.322634100554445
42.54237288135593,7318.2422190761745,3.936139747745649
42.54237288135593,8227.241341700466,3.5842025379376756
42.54237288135593,9249.147277217335,3.2637326559140765
42.54237288135593,10397.984184814899,2.971916552296459
42.54237288135593,11689.518164985777,2.7061922421277496
42.54237288135593,13141.473626117553,2.4642268120527886
42.54237288135593,14773.776525985128,2.2438959386216366
42.54237288135593,16608.827826277167,2.0432652378975997
42.54237288135593,18671.810912919205,1.8605732826297119
42.54237288135593,20991.037201085546,1.694216137889871
42.54237288135593,23598.33466782194,1.5427332794059723
42.54237288135593,26529.484644318945,1.4047947709617523
42.54237288135593,29824.71286216888,1.2791895882879745
42.54237288135593,33529.2414924956,1.1648149869351319
42.54237288135593,37693.909753883636,1.0606668207834478
42.54237288135593,42375.87160604064,0.9658307261919857
42.54237288135593,47639.380104013406,0.879474094388581
42.54237288135593,53556.669177068965,0.8008387616225675
42.54237288135593,60208.94493336126,0.7292343529038627
42.54237288135593,67687.50009458528,0.6640322208901056
42.54237288135593,76094.96685459884,0.604659926708603
42.54237288135593,85546.72535565685,0.5505962142577435
42.54237288135593,96172.48711152964,0.5013664338649909
42.54237288135593,108118.07510766077,0.4565383751237134
42.54237288135593,121547.4250076286,0.415718472323431
42.54237288135593,136644.83492953243,0.37854834915924795
42.54237288135593,153617.49466718297,0.3447016723849225
42.54237288135593,172698.3290659436,0.31388128678637467
42.54237288135593,194149.19457438815,0.2858166063222726
42.54237288135593,218264.47283974872,0.2602612385273524
42.54237288135593,245375.11066398167,0.23699082132203236
42.54237288135593,275853.1617629181,0.21580105323670332
42.54237288135593,310116.8926574775,0.19650589975714372
42.54237288135593,348636.52276780875,0.17893596004376222
42.54237288135593,391940.6774847221,0.16293697968535908
42.54237288135593,440623.6427773573,0.14836849643019862
42.54237288135593,495353.52089591697,0.1351026070046633
42.54237288135593,556881.3990945267,0.12302284419282805
42.54237288135593,626051.6572014815,0.11202315431833568
42.54237288135593,703813.5554931562,0.1020069661514232
42.54237288135593,791234.2618981326,0.09288634306661799
42.54237288135593,889513.4973108236,0.08458121100750997
42.54237288135593,1.0e6,0.07701865548055971
46.610169491525426,1000.0,15.538689881834282
46.610169491525426,1124.2100350620863,14.149348163411757
46.610169491525426,1263.8482029342983,12.884229942930697
46.610169491525426,1420.8308325339224,11.73222817794347
46.610169491525426,1597.312280060254,10.683228926293236
46.610169491525426,1795.714494371641,9.728022551262251
46.610169491525426,2018.7602546790388,8.858222866024674
46.610169491525426,2269.5105366946686,8.066193507536719
46.610169491525426,2551.4065200312875,7.344980893467434
46.610169491525426,2868.3168133420118,6.688253173568688
46.610169491525426,3224.590545296395,6.090244639511122
46.610169491525426,3625.1170499885316,5.54570510513481
46.610169491525426,4075.392965871778,5.049853812701195
46.610169491525426,4581.597669054491,4.598337460468507
46.610169491525426,5150.678076168122,4.18719198309575
46.610169491525426,5790.443980602489,3.8128077493283787
46.610169491525426,6509.6752304581705,3.471897871420366
46.610169491525426,7318.2422190761745,3.1614693480668072
46.610169491525426,8227.241341700466,2.8787967874979645
46.610169491525426,9249.147277217335,2.6213984800378527
46.610169491525426,10397.984184814899,2.3870146100576854
46.610169491525426,11689.518164985777,2.173587416037019
46.610169491525426,13141.473626117553,1.979243124548915
46.610169491525426,14773.776525985128,1.8022754995594006
46.610169491525426,16608.827826277167,1.6411308626131431
46.610169491525426,18671.810912919205,1.4943944523907629
46.610169491525426,20991.037201085546,1.3607780038822619
46.610169491525426,23598.33466782194,1.2391084381284867
46.610169491525426,26529.484644318945,1.1283175632327935
46.610169491525426,29824.71286216888,1.0274326962234572
46.610169491525426,33529.2414924956,0.9355681234319378
46.610169491525426,37693.909753883636,0.8519173244138143
46.610169491525426,42375.87160604064,0.7757458911426789
46.610169491525426,47639.380104013406,0.706385080311428
46.610169491525426,53556.669177068965,0.6432259421336821
46.610169491525426,60208.94493336126,0.585713974099446
46.610169491525426,67687.50009458528,0.5333442527479216
46.610169491525426,76094.96685459884,0.4856570007171143
46.610169491525426,85546.72535565685,0.4422335501513711
46.610169491525426,96172.48711152964,0.40269266702777623
46.610169491525426,108118.07510766077,0.36668720413102396
46.610169491525426,121547.4250076286,0.33390105329172237
46.610169491525426,136644.83492953243,0.3040463701304512
46.610169491525426,153617.49466718297,0.2768610469423606
46.610169491525426,172698.3290659436,0.25210641153562363
46.610169491525426,194149.19457438815,0.22956513182080562
46.610169491525426,218264.47283974872,0.20903930775460308
46.610169491525426,245375.11066398167,0.19034873388626405
46.610169491525426,275853.1617629181,0.17332931725280232
46.610169491525426,310116.8926574775,0.15783163673299622
46.610169491525426,348636.52276780875,0.14371963121209197
46.610169491525426,391940.6774847221,0.13086940504001982
46.610169491525426,440623.6427773573,0.11916814029569948
46.610169491525426,495353.52089591697,0.10851310630771828
46.610169491525426,556881.3990945267,0.09881075773551454
46.610169491525426,626051.6572014815,0.08997591329271615
46.610169491525426,703813.5554931562,0.08193100790227635
46.610169491525426,791234.2618981326,0.07460541171774132
46.610169491525426,889513.4973108236,0.0679348100320276
46.610169491525426,1.0e6,0.06186063862965302
50.67796610169491,1000.0,12.711652512377313
50.67796610169491,1124.2100350620863,11.575081200391546
50.67796610169491,1263.8482029342983,10.540132737675076
50.67796610169491,1420.8308325339224,9.597720845712253
50.67796610169491,1597.312280060254,8.739571666204498
50.67796610169491,1795.714494371641,7.958151121143193
50.67796610169491,2018.7602546790388,7.246598767746844
50.67796610169491,2269.5105366946686,6.598667567545074
50.67796610169491,2551.4065200312875,6.008669040815368
50.67796610169491,2868.3168133420118,5.471423324858439
50.67796610169491,3224.590545296395,4.98221369765153
50.67796610169491,3625.1170499885316,4.536745167622129
50.67796610169491,4075.392965871778,4.131106765983264
50.67796610169491,4581.597669054491,3.7617372105776994
50.67796610169491,5150.678076168122,3.42539363977847
50.67796610169491,5790.443980602489,3.119123141946664
50.67796610169491,6509.6752304581705,2.84023683049065
50.67796610169491,7318.2422190761745,2.5862862369200794
50.67796610169491,8227.241341700466,2.3550418146386494
50.67796610169491,9249.147277217335,2.1444733647507275
50.67796610169491,10397.984184814899,1.9527322120312034
50.67796610169491,11689.518164985777,1.7781349745733563
50.67796610169491,13141.473626117553,1.619148784621201
50.67796610169491,14773.776525985128,1.4743778308333098
50.67796610169491,16608.827826277167,1.3425511038266296
50.67796610169491,18671.810912919205,1.2225112374128502
50.67796610169491,20991.037201085546,1.1132043475595643
50.67796610169491,23598.33466782194,1.0136707798678681
50.67796610169491,26529.484644318945,0.9230366843343211
50.67796610169491,29824.71286216888,0.840506343428342
50.67796610169491,33529.2414924956,0.7653551861297486
50.67796610169491,37693.909753883636,0.6969234265935594
50.67796610169491,42375.87160604064,0.6346102715929972
50.67796610169491,47639.380104013406,0.5778686458852629
50.67796610169491,53556.669177068965,0.5262003891916711
50.67796610169491,60208.94493336126,0.47915188262427844
50.67796610169491,67687.50009458528,0.43631006616143386
50.67796610169491,76094.96685459884,0.39729881220787827
50.67796610169491,85546.72535565685,0.3617756234012448
50.67796610169491,96172.48711152964,0.3294286256735104
50.67796610169491,108118.07510766077,0.29997383016813944
50.67796610169491,121547.4250076286,0.27315263997405387
50.67796610169491,136644.83492953243,0.2487295797869229
50.67796610169491,153617.49466718297,0.22649022856544854
50.67796610169491,172698.3290659436,0.20623933703250782
50.67796610169491,194149.19457438815,0.1877991134938396
50.67796610169491,218264.47283974872,0.17100766292471611
50.67796610169491,245375.11066398167,0.15571756562063124
50.67796610169491,275853.1617629181,0.14179458293334177
50.67796610169491,310116.8926574775,0.12911647872933665
50.67796610169491,348636.52276780875,0.11757194622378736
50.67796610169491,391940.6774847221,0.10705963076817093
50.67796610169491,440623.6427773573,0.09748724001217667
50.67796610169491,495353.52089591697,0.08877073362761154
50.67796610169491,556881.3990945267,0.08083358548052105
50.67796610169491,626051.6572014815,0.0736061117738057
50.67796610169491,703813.5554931562,0.06702485926179215
50.67796610169491,791234.2618981326,0.06103204816562182
50.67796610169491,889513.4973108236,0.05557506489855747
50.67796610169491,1.0e6,0.05060600014761786
54.74576271186441,1000.0,10.561529363307944
54.74576271186441,1124.2100350620863,9.61720436124052
54.74576271186441,1263.8482029342983,8.757313126182975
54.74576271186441,1420.8308325339224,7.974306285836731
54.74576271186441,1597.312280060254,7.261309470619768
54.74576271186441,1795.714494371641,6.6120629604810475
54.74576271186441,2018.7602546790388,6.020866727999946
54.74576271186441,2269.5105366946686,5.482530395279145
54.74576271186441,2551.4065200312875,4.9923276652802855
54.74576271186441,2868.3168133420118,4.545954827534319
54.74576271186441,3224.590545296395,4.139492973929699
54.74576271186441,3625.1170499885316,3.7693735928536305
54.74576271186441,4075.392965871778,3.432347239622004
54.74576271186441,4581.597669054491,3.125455008141526
54.74576271186441,5150.678076168122,2.846002553340938
54.74576271186441,5790.443980602489,2.5915364363025772
54.74576271186441,6509.6752304581705,2.3598225844175196
54.74576271186441,7318.2422190761745,2.148826677456289
54.74576271186441,8227.241341700466,1.9566962873556732
54.74576271186441,9249.147277217335,1.7817446149187428
54.74576271186441,10397.984184814899,1.6224356806452527
54.74576271186441,11689.518164985777,1.4773708396760732
54.74576271186441,13141.473626117553,1.3452765024602644
54.74576271186441,14773.776525985128,1.2249929533390063
54.74576271186441,16608.827826277167,1.115464168879695
54.74576271186441,18671.810912919205,1.0157285465707748
54.74576271186441,20991.037201085546,0.92491046248035
54.74576271186441,23598.33466782194,0.8422125837594617
54.74576271186441,26529.484644318945,0.7669088684980234
54.74576271186441,29824.71286216888,0.6983381914760077
54.74576271186441,33529.2414924956,0.6358985398474857
54.74576271186441,37693.909753883636,0.5790417277988119
54.74576271186441,42375.87160604064,0.5272685837785527
54.74576271186441,47639.380104013406,0.48012456804570086
54.74576271186441,53556.669177068965,0.4371957820606403
54.74576271186441,60208.94493336126,0.3981053346835216
54.74576271186441,67687.50009458528,0.36251003327725617
54.74576271186441,76094.96685459884,0.3300973706648413
54.74576271186441,85546.72535565685,0.3005827814881565
54.74576271186441,96172.48711152964,0.2737071438805617
54.74576271186441,108118.07510766077,0.24923450451936918
54.74576271186441,121547.4250076286,0.2269500070853905
54.74576271186441,136644.83492953243,0.20665800594257608
54.74576271186441,153617.49466718297,0.18818034847689122
54.74576271186441,172698.3290659436,0.17135481101431008
54.74576271186441,194149.19457438815,0.1560336745861413
54.74576271186441,218264.47283974872,0.14208242803769675
54.74576271186441,245375.11066398167,0.1293785870943034
54.74576271186441,275853.1617629181,0.11781061901671035
54.74576271186441,310116.8926574775,0.10727696340495572
54.74576271186441,348636.52276780875,0.09768514055389049
54.74576271186441,391940.6774847221,0.08895093953221034
54.74576271186441,440623.6427773573,0.08099767885677489
54.74576271186441,495353.52089591697,0.07375553327134385
54.74576271186441,556881.3990945267,0.06716092071921524
54.74576271186441,626051.6572014815,0.061155944127722905
54.74576271186441,703813.5554931562,0.055687883103769084
54.74576271186441,791234.2618981326,0.050708731077757335
54.74576271186441,889513.4973108236,0.04617477383230386
54.74576271186441,1.0e6,0.04204620571544202
58.813559322033896,1000.0,8.892464188943974
58.813559322033896,1124.2100350620863,8.097373253271106
58.813559322033896,1263.8482029342983,7.37337280304265
58.813559322033896,1420.8308325339224,6.714106512341702
58.813559322033896,1597.312280060254,6.1137863855828884
58.813559322033896,1795.714494371641,5.567141942093205
58.813559322033896,2018.7602546790388,5.069373944189328
58.813559322033896,2269.5105366946686,4.616112262509189
58.813559322033896,2551.4065200312875,4.203377508678787
58.813559322033896,2868.3168133420118,3.8275460984700236
58.813559322033896,3224.590545296395,3.485318438723331
58.813559322033896,3625.1170499885316,3.1736899587337444
58.813559322033896,4075.392965871778,2.8899247317719583
58.813559322033896,4581.597669054491,2.6315314551517903
58.813559322033896,5150.678076168122,2.3962415779622264
58.813559322033896,5790.443980602489,2.1819893844376215
58.813559322033896,6509.6752304581705,1.9868938581089626
58.813559322033896,7318.2422190761745,1.8092421675133834
58.813559322033896,8227.241341700466,1.6474746284756068
58.813559322033896,9249.147277217335,1.5001710109383455
58.813559322033896,10397.984184814899,1.3660380701232153
58.813559322033896,11689.518164985777,1.2438981925525623
58.813559322033896,13141.473626117553,1.1326790572505558
58.813559322033896,14773.776525985128,1.0314042213545482
58.813559322033896,16608.827826277167,0.9391845474835736
58.813559322033896,18671.810912919205,0.855210397600953
58.813559322033896,20991.037201085546,0.7787445248374595
58.813559322033896,23598.33466782194,0.7091156008691225
58.813559322033896,26529.484644318945,0.6457123220236201
58.813559322033896,29824.71286216888,0.5879780423701159
58.813559322033896,33529.2414924956,0.5354058866740147
58.813559322033896,37693.909753883636,0.48753430031107187
58.813559322033896,42375.87160604064,0.44394299707153867
58.813559322033896,47639.380104013406,0.40424926927830407
58.813559322033896,53556.669177068965,0.36810462782389414
58.813559322033896,60208.94493336126,0.3351917426276962
58.813559322033896,67687.50009458528,0.305221656652312
58.813559322033896,76094.96685459884,0.27793124901962935
58.813559322033896,85546.72535565685,0.2530809249541702
58.813559322033896,96172.48711152964,0.23045251227268349
58.813559322033896,108118.07510766077,0.20984734595232174
58.813559322033896,121547.4250076286,0.1910845239609616
58.813559322033896,136644.83492953243,0.1739993190368169
58.813559322033896,153617.49466718297,0.15844173247364216
58.813559322033896,172698.3290659436,0.14427517721455835
58.813559322033896,194149.19457438815,0.1313752786927837
58.813559322033896,218264.47283974872,0.11962878289131629
58.813559322033896,245375.11066398167,0.10893256203492856
58.813559322033896,275853.1617629181,0.0991927091849977
58.813559322033896,310116.8926574775,0.09032371378821184
58.813559322033896,348636.52276780875,0.08224771094092376
58.813559322033896,391940.6774847221,0.07489379777810483
58.813559322033896,440623.6427773573,0.06819741098517024
58.813559322033896,495353.52089591697,0.06209975996757245
58.813559322033896,556881.3990945267,0.056547310701702345
58.813559322033896,626051.6572014815,0.05149131573559384
58.813559322033896,703813.5554931562,0.04688738621309518
58.813559322033896,791234.2618981326,0.04269510216411636
58.813559322033896,889513.4973108236,0.03887765763951295
58.813559322033896,1.0e6,0.03540153757508785
62.88135593220339,1000.0,7.573828752732497
62.88135593220339,1124.2100350620863,6.896639341374145
62.88135593220339,1263.8482029342983,6.279998631845155
62.88135593220339,1420.8308325339224,5.718492857728443
62.88135593220339,1597.312280060254,5.207192307028125
62.88135593220339,1795.714494371641,4.7416080420084095
62.88135593220339,2018.7602546790388,4.317652488788219
62.88135593220339,2269.5105366946686,3.931603550689699
62.88135593220339,2551.4065200312875,3.580071930275732
62.88135593220339,2868.3168133420118,3.259971373181764
62.88135593220339,3224.590545296395,2.96849157249924
62.88135593220339,3625.1170499885316,2.703073495825969
62.88135593220339,4075.392965871778,2.4613869183685178
62.88135593220339,4581.597669054491,2.24130996484963
62.88135593220339,5150.678076168122,2.040910480609834
62.88135593220339,5790.443980602489,1.858429068351782
62.88135593220339,6509.6752304581705,1.6922636415992507
62.88135593220339,7318.2422190761745,1.54095535925866
62.88135593220339,8227.241341700466,1.403175817796307
62.88135593220339,9249.147277217335,1.2777153885856594
62.88135593220339,10397.984184814899,1.16347259803304
62.88135593220339,11689.518164985777,1.0594444572450261
62.88135593220339,13141.473626117553,0.9647176563373893
62.88135593220339,14773.776525985128,0.8784605460764214
62.88135593220339,16608.827826277167,0.7999158364558873
62.88135593220339,18671.810912919205,0.7283939481070982
62.88135593220339,20991.037201085546,0.6632669581711728
62.88135593220339,23598.33466782194,0.6039630874815523
62.88135593220339,26529.484644318945,0.5499616806572633
62.88135593220339,29824.71286216888,0.5007886350349186
62.88135593220339,33529.2414924956,0.4560122383079786
62.88135593220339,37693.909753883636,0.4152393783300487
62.88135593220339,42375.87160604064,0.37811209180634925
62.88135593220339,47639.380104013406,0.3443044215727918
62.88135593220339,53556.669177068965,0.31351955487127886
62.88135593220339,60208.94493336126,0.28548721749686756
62.88135593220339,67687.50009458528,0.25996130093884046
62.88135593220339,76094.96685459884,0.23671770168328363
62.88135593220339,85546.72535565685,0.21555235370744388
62.88135593220339,96172.48711152964,0.19627943689223498
62.88135593220339,108118.07510766077,0.17872974562375385
62.88135593220339,121547.4250076286,0.16274920326101416
62.88135593220339,136644.83492953243,0.14819750942774598
62.88135593220339,153617.49466718297,0.1349469082522252
62.88135593220339,172698.3290659436,0.12288106674095743
62.88135593220339,194149.19457438815,0.11189405343895038
62.88135593220339,218264.47283974872,0.10188940840977873
62.88135593220339,245375.11066398167,0.0927792963703726
62.88135593220339,275853.1617629181,0.08448373554552206
62.88135593220339,310116.8926574775,0.0769298954718624
62.88135593220339,348636.52276780875,0.07005145758644604
62.88135593220339,391940.6774847221,0.06378803298622056
62.88135593220339,440623.6427773573,0.0580846322466592
62.88135593220339,495353.52089591697,0.052891182644845804
62.88135593220339,556881.3990945267,0.048162088548496226
62.88135593220339,626051.6572014815,0.04385583111137393
62.88135593220339,703813.5554931562,0.03993460376064616
62.88135593220339,791234.2618981326,0.036363980275959606
62.88135593220339,889513.4973108236,0.03311261254615195
62.88135593220339,1.0e6,0.030151955350070547
66.94915254237289,1000.0,6.5159813844306465
66.94915254237289,1124.2100350620863,5.933375975435548
66.94915254237289,1263.8482029342983,5.402862345493311
66.94915254237289,1420.8308325339224,4.919782876595259
66.94915254237289,1597.312280060254,4.479896396588638
66.94915254237289,1795.714494371641,4.079340944016812
66.94915254237289,2018.7602546790388,3.714599862220883
66.94915254237289,2269.5105366946686,3.3824709250275733
66.94915254237289,2551.4065200312875,3.0800382229639367
66.94915254237289,2868.3168133420118,2.804646563175264
66.94915254237289,3224.590545296395,2.5538781582915835
66.94915254237289,3625.1170499885316,2.325531399583782
66.94915254237289,4075.392965871778,2.117601528049342
66.94915254237289,4581.597669054491,1.9282630337304796
66.94915254237289,5150.678076168122,1.7558536287403155
66.94915254237289,5790.443980602489,1.5988596532891144
66.94915254237289,6509.6752304581705,1.4559027865835081
66.94915254237289,7318.2422190761745,1.3257279459276812
66.94915254237289,8227.241341700466,1.2071922677873246
66.94915254237289,9249.147277217335,1.09925507407611
66.94915254237289,10397.984184814899,1.0009687355742374
66.94915254237289,11689.518164985777,0.911470352264861
66.94915254237289,13141.473626117553,0.8299741775463422
66.94915254237289,14773.776525985128,0.7557647198090689
66.94915254237289,16608.827826277167,0.6881904608124862
66.94915254237289,18671.810912919205,0.6266581357131231
66.94915254237289,20991.037201085546,0.5706275245254344
66.94915254237289,23598.33466782194,0.5196067092873242
66.94915254237289,26529.484644318945,0.4731477552908819
66.94915254237289,29824.71286216888,0.43084277846190894
66.94915254237289,33529.2414924956,0.39232036436199175
66.94915254237289,37693.909753883636,0.3572423073739275
66.94915254237289,42375.87160604064,0.3253006414423381
66.94915254237289,47639.380104013406,0.2962149363010177
66.94915254237289,53556.669177068965,0.269729835449369
66.94915254237289,60208.94493336126,0.24561281426271456
66.94915254237289,67687.50009458528,0.22365213855392882
66.94915254237289,76094.96685459884,0.20365500566368072
66.94915254237289,85546.72535565685,0.18544585175908354
66.94915254237289,96172.48711152964,0.16886481047976043
66.94915254237289,108118.07510766077,0.15376630939909214
66.94915254237289,121547.4250076286,0.14001779197834255
66.94915254237289,136644.83492953243,0.12749855379312466
66.94915254237289,153617.49466718297,0.11609868281491462
66.94915254237289,172698.3290659436,0.10571809444386818
66.94915254237289,194149.19457438815,0.09626565282105741
66.94915254237289,218264.47283974872,0.08765837070573368
66.94915254237289,245375.11066398167,0.07982068089297797
66.94915254237289,275853.1617629181,0.07268377277518659
66.94915254237289,310116.8926574775,0.06618498822276653
66.94915254237289,348636.52276780875,0.0602672714802055
66.94915254237289,391940.6774847221,0.054878668247906395
66.94915254237289,440623.6427773573,0.04997186955199951
66.94915254237289,495353.52089591697,0.045503796397561504
66.94915254237289,556881.3990945267,0.04143522155872355
66.94915254237289,626051.6572014815,0.03773042518519431
66.94915254237289,703813.5554931562,0.034356881201612136
66.94915254237289,791234.2618981326,0.031284971746485556
66.94915254237289,889513.4973108236,0.028487727143652178
66.94915254237289,1.0e6,0.025940589123349442
71.01694915254237,1000.0,5.655867273277914
71.01694915254237,1124.2100350620863,5.15016618673959
71.01694915254237,1263.8482029342983,4.6896807278971755
71.01694915254237,1420.8308325339224,4.270368087584638
71.01694915254237,1597.312280060254,3.8885469313469025
71.01694915254237,1795.714494371641,3.5408650793472636
71.01694915254237,2018.7602546790388,3.224270076071355
71.01694915254237,2269.5105366946686,2.93598239144588
71.01694915254237,2551.4065200312875,2.6734710180926866
71.01694915254237,2868.3168133420118,2.434431250475465
71.01694915254237,3224.590545296395,2.2167644508522124
71.01694915254237,3625.1170499885316,2.0185596243896216
71.01694915254237,4075.392965871778,1.8380766416790624
71.01694915254237,4581.597669054491,1.6737309613570586
71.01694915254237,5150.678076168122,1.5240797187032413
71.01694915254237,5790.443980602489,1.3878090580813605
71.01694915254237,6509.6752304581705,1.2637225980091233
71.01694915254237,7318.2422190761745,1.1507309275865123
71.01694915254237,8227.241341700466,1.0478420420670165
71.01694915254237,9249.147277217335,0.9541526336013326
71.01694915254237,10397.984184814899,0.8688401606910636
71.01694915254237,11689.518164985777,0.791155626726574
71.01694915254237,13141.473626117553,0.7204170042085349
71.01694915254237,14773.776525985128,0.65600324692144
71.01694915254237,16608.827826277167,0.5973488374892721
71.01694915254237,18671.810912919205,0.5439388224438422
71.01694915254237,20991.037201085546,0.49530429121644864
71.01694915254237,23598.33466782194,0.4510182593608803
71.01694915254237,26529.484644318945,0.410691919864721
71.01694915254237,29824.71286216888,0.3739712296375383
71.01694915254237,33529.2414924956,0.34053380120718996
71.01694915254237,37693.909753883636,0.31008607233506297
71.01694915254237,42375.87160604064,0.28236072870100676
71.01694915254237,47639.380104013406,0.2571143570305668
71.01694915254237,53556.669177068965,0.23412530806025672
71.01694915254237,60208.94493336126,0.2131917505788815
71.01694915254237,67687.50009458528,0.19412989946046494
71.01694915254237,76094.96685459884,0.1767724021318833
71.01694915254237,85546.72535565685,0.16096686930927973
71.01694915254237,96172.48711152964,0.14657453710393115
71.01694915254237,108118.07510766077,0.13346904875159377
71.01694915254237,121547.4250076286,0.12153534526958115
71.01694915254237,136644.83492953243,0.11066865530215239
71.01694915254237,153617.49466718297,0.1007735752856089
71.01694915254237,172698.3290659436,0.09176323185745612
71.01694915254237,194149.19457438815,0.08355851915604064
71.01694915254237,218264.47283974872,0.07608740431457554
71.01694915254237,245375.11066398167,0.0692842950521721
71.01694915254237,275853.1617629181,0.06308946380967387
71.01694915254237,310116.8926574775,0.057448523374524336
71.01694915254237,348636.52276780875,0.052311949390941
71.01694915254237,391940.6774847221,0.04763464556329921
71.01694915254237,440623.6427773573,0.043375547735448765
71.01694915254237,495353.52089591697,0.03949726336999922
71.01694915254237,556881.3990945267,0.03596574326239903
71.01694915254237,626051.6572014815,0.03274998260763871
71.01694915254237,703813.5554931562,0.029821748795108675
71.01694915254237,791234.2618981326,0.027155333541799668
71.01694915254237,889513.4973108236,0.024727327187711392
71.01694915254237,1.0e6,0.02251641317190793
75.08474576271186,1000.0,4.948162133566804
75.08474576271186,1124.2100350620863,4.505738214049629
75.08474576271186,1263.8482029342983,4.102872198917418
75.08474576271186,1420.8308325339224,3.736027146042276
75.08474576271186,1597.312280060254,3.4019823575415575
75.08474576271186,1795.714494371641,3.0978051038211176
75.08474576271186,2018.7602546790388,2.8208248758218164
75.08474576271186,2269.5105366946686,2.568609939418138
75.08474576271186,2551.4065200312875,2.338945986129492
75.08474576271186,2868.3168133420118,2.129816692709096
75.08474576271186,3224.590545296395,1.939386018934421
75.08474576271186,3625.1170499885316,1.7659820881834123
75.08474576271186,4075.392965871778,1.6080825092769235
75.08474576271186,4581.597669054491,1.4643010107211218
75.08474576271186,5150.678076168122,1.3333752700059098
75.08474576271186,5790.443980602489,1.214155831107278
75.08474576271186,6509.6752304581705,1.105596012895359
75.08474576271186,7318.2422190761745,1.0067427198495362
75.08474576271186,8227.241341700466,0.9167280744037635
75.08474576271186,9249.147277217335,0.834761797458673
75.08474576271186,10397.984184814899,0.7601242701655544
75.08474576271186,11689.518164985777,0.692160216068491
75.08474576271186,13141.473626117553,0.6302729481373298
75.08474576271186,14773.776525985128,0.5739191301835992
75.08474576271186,16608.827826277167,0.5226040066674897
75.08474576271186,18671.810912919205,0.47587705901621247
75.08474576271186,20991.037201085546,0.4333280503186145
75.08474576271186,23598.33466782194,0.39458342367063876
75.08474576271186,26529.484644318945,0.35930302255107577
75.08474576271186,29824.71286216888,0.32717710443431686
75.08474576271186,33529.2414924956,0.29792362142126705
75.08474576271186,37693.909753883636,0.27128574401385563
75.08474576271186,42375.87160604064,0.24702960629323775
75.08474576271186,47639.380104013406,0.22494225270560236
75.08474576271186,53556.669177068965,0.20482976842948625
75.08474576271186,60208.94493336126,0.18651557691025134
75.08474576271186,67687.50009458528,0.16983888961501153
75.08474576271186,76094.96685459884,0.15465329439771108
75.08474576271186,85546.72535565685,0.14082547008097682
75.08474576271186,96172.48711152964,0.12823401596947562
75.08474576271186,108118.07510766077,0.11676838601855331
75.08474576271186,121547.4250076286,0.10632791830073746
75.08474576271186,136644.83492953243,0.09682095124935584
75.08474576271186,153617.49466718297,0.08816401892037322
75.08474576271186,172698.3290659436,0.0802811182072915
75.08474576271186,194149.19457438815,0.07310304157565764
75.08474576271186,218264.47283974872,0.06656676945896049
75.08474576271186,245375.11066398167,0.06061491698148308
75.08474576271186,275853.1617629181,0.055195230150642545
75.08474576271186,310116.8926574775,0.050260127095662965
75.08474576271186,348636.52276780875,0.04576628032490928
75.08474576271186,391940.6774847221,0.04167423633433121
75.08474576271186,440623.6427773573,0.037948069227387735
75.08474576271186,495353.52089591697,0.03455506530542696
75.08474576271186,556881.3990945267,0.0314654358593969
75.08474576271186,626051.6572014815,0.028652055641357078
75.08474576271186,703813.5554931562,0.026090224719714252
75.08474576271186,791234.2618981326,0.023757451627402643
75.08474576271186,889513.4973108236,0.021633255899167973
75.08474576271186,1.0e6,0.019698988264342365
79.15254237288136,1000.0,4.3596572905717395
79.15254237288136,1124.2100350620863,3.9698526289253726
79.15254237288136,1263.8482029342983,3.614901090842143
79.15254237288136,1420.8308325339224,3.291686396960549
79.15254237288136,1597.312280060254,2.9973708999631046
79.15254237288136,1795.714494371641,2.729370671592959
79.15254237288136,2018.7602546790388,2.485332817184389
79.15254237288136,2269.5105366946686,2.263114818541168
79.15254237288136,2551.4065200312875,2.060765723804728
79.15254237288136,2868.3168133420118,1.8765090191693985
79.15254237288136,3224.590545296395,1.7087270320678951
79.15254237288136,3625.1170499885316,1.5559467288955156
79.15254237288136,4075.392965871778,1.41682678258493
79.15254237288136,4581.597669054491,1.2901457964919607
79.15254237288136,5150.678076168122,1.1747915812045295
79.15254237288136,5790.443980602489,1.0697513901310747
79.15254237288136,6509.6752304581705,0.9741030281422622
79.15254237288136,7318.2422190761745,0.8870067552047396
79.15254237288136,8227.241341700466,0.8076979139253185
79.15254237288136,9249.147277217335,0.7354802162794452
79.15254237288136,10397.984184814899,0.669719630585149
79.15254237288136,11689.518164985777,0.6098388150534453
79.15254237288136,13141.473626117553,0.5553120490448366
79.15254237288136,14773.776525985128,0.5056606175311248
79.15254237288136,16608.827826277167,0.46044860824065065
79.15254237288136,18671.810912919205,0.41927908458819674
79.15254237288136,20991.037201085546,0.3817906007899972
79.15254237288136,23598.33466782194,0.3476540285684706
79.15254237288136,26529.484644318945,0.3165696675868859
79.15254237288136,29824.71286216888,0.2882646142451758
79.15254237288136,33529.2414924956,0.26249036573636075
79.15254237288136,37693.909753883636,0.23902063832852716
79.15254237288136,42375.87160604064,0.21764938071806225
79.15254237288136,47639.380104013406,0.19818896501249217
79.15254237288136,53556.669177068965,0.18046853946073815
79.15254237288136,60208.94493336126,0.16433252846867194
79.15254237288136,67687.50009458528,0.14963926673093067
79.15254237288136,76094.96685459884,0.13625975548741912
79.15254237288136,85546.72535565685,0.1240765299851172
79.15254237288136,96172.48711152964,0.11298262820212614
79.15254237288136,108118.07510766077,0.10288065177992178
79.15254237288136,121547.4250076286,0.0936819109193137
79.15254237288136,136644.83492953243,0.08530564573276755
79.15254237288136,153617.49466718297,0.07767831721699196
79.15254237288136,172698.3290659436,0.07073296162091991
79.15254237288136,194149.19457438815,0.0644086025407886
79.15254237288136,218264.47283974872,0.05864971558083794
79.15254237288136,245375.11066398167,0.05340574087964163
79.15254237288136,275853.1617629181,0.0486306392223203
79.15254237288136,310116.8926574775,0.0442824878415458
79.15254237288136,348636.52276780875,0.040323112358692265
79.15254237288136,391940.6774847221,0.03671775163377915
79.15254237288136,440623.6427773573,0.03343475258177257
79.15254237288136,495353.52089591697,0.030445292275901006
79.15254237288136,556881.3990945267,0.027723124898204218
79.15254237288136,626051.6572014815,0.025244351315680886
79.15254237288136,703813.5554931562,0.022987209259039854
79.15254237288136,791234.2618981326,0.020931882261940236
79.15254237288136,889513.4973108236,0.019060325683311282
79.15254237288136,1.0e6,0.01735610828532441
83.22033898305085,1000.0,3.8656032995688774
83.22033898305085,1124.2100350620863,3.519972878226765
83.22033898305085,1263.8482029342983,3.205245883568513
83.22033898305085,1420.8308325339224,2.9186591856095134
83.22033898305085,1597.312280060254,2.657696710699388
83.22033898305085,1795.714494371641,2.420067351778612
83.22033898305085,2018.7602546790388,2.203684853718136
83.22033898305085,2269.5105366946686,2.006649497146296
83.22033898305085,2551.4065200312875,1.8272314199571646
83.22033898305085,2868.3168133420118,1.6638554300722788
83.22033898305085,3224.590545296395,1.515087176120203
83.22033898305085,3625.1170499885316,1.3796205546200448
83.22033898305085,4075.392965871778,1.2562662431109586
83.22033898305085,4581.597669054491,1.1439412585547997
83.22033898305085,5150.678076168122,1.0416594493404345
83.22033898305085,5790.443980602489,0.9485228374147661
83.22033898305085,6509.6752304581705,0.8637137345291066
83.22033898305085,7318.2422190761745,0.7864875633858961
83.22033898305085,8227.241341700466,0.7161663206593815
83.22033898305085,9249.147277217335,0.6521326244991621
83.22033898305085,10397.984184814899,0.5938242942569665
83.22033898305085,11689.518164985777,0.5407294148496282
83.22033898305085,13141.473626117553,0.49238184242609606
83.22033898305085,14773.776525985128,0.448357111880693
83.22033898305085,16608.827826277167,0.4082687102828521
83.22033898305085,18671.810912919205,0.3717646835060741
83.22033898305085,20991.037201085546,0.33852454626419726
83.22033898305085,23598.33466782194,0.3082564684267763
83.22033898305085,26529.484644318945,0.2806947129109785
83.22033898305085,29824.71286216888,0.25559730265609165
83.22033898305085,33529.2414924956,0.23274389619796207
83.22033898305085,37693.909753883636,0.21193385319208036
83.22033898305085,42375.87160604064,0.19298447290165952
83.22033898305085,47639.380104013406,0.1757293901856123
83.22033898305085,53556.669177068965,0.16001711490407486
83.22033898305085,60208.94493336126,0.14570970191826407
83.22033898305085,67687.50009458528,0.13268154000799767
83.22033898305085,76094.96685459884,0.12081824907423838
83.22033898305085,85546.72535565685,0.11001567594470839
83.22033898305085,96172.48711152964,0.100178979966296
83.22033898305085,108118.07510766077,0.09122180035626314
83.22033898305085,121547.4250076286,0.08306549800205161
83.22033898305085,136644.83492953243,0.07563846505310846
83.22033898305085,153617.49466718297,0.06887549624332587
83.22033898305085,172698.3290659436,0.06271721642465364
83.22033898305085,194149.19457438815,0.05710955928594126
83.22033898305085,218264.47283974872,0.0520032926804508
83.22033898305085,245375.11066398167,0.04735358639467492
83.22033898305085,275853.1617629181,0.04311961856370867
83.22033898305085,310116.8926574775,0.03926421727771846
83.22033898305085,348636.52276780875,0.03575353423300979
83.22033898305085,391940.6774847221,0.03255674756252991
83.22033898305085,440623.6427773573,0.029645791236819763
83.22033898305085,495353.52089591697,0.02699510865970558
83.22033898305085,556881.3990945267,0.024581428295434696
83.22033898305085,626051.6572014815,0.022383559357385722
83.22033898305085,703813.5554931562,0.020382205764612152
83.22033898305085,791234.2618981326,0.018559796732860186
83.22033898305085,889513.4973108236,0.016900332512742748
83.22033898305085,1.0e6,0.015389243920736284
87.28813559322033,1000.0,3.4472717048656314
87.28813559322033,1124.2100350620863,3.1390450505769376
87.28813559322033,1263.8482029342983,2.8583774860692728
87.28813559322033,1420.8308325339224,2.602804904429786
87.28813559322033,1597.312280060254,2.3700835188986544
87.28813559322033,1795.714494371641,2.1581701636549058
87.28813559322033,2018.7602546790388,1.9652043559438006
87.28813559322033,2269.5105366946686,1.7894919620610734
87.28813559322033,2551.4065200312875,1.6294903237904135
87.28813559322033,2868.3168133420118,1.483794714712422
87.28813559322033,3224.590545296395,1.3511260074789477
87.28813559322033,3625.1170499885316,1.2303194437781881
87.28813559322033,4075.392965871778,1.120314408397067
87.28813559322033,4581.597669054491,1.0201451176027674
87.28813559322033,5150.678076168122,0.9289321400925125
87.28813559322033,5790.443980602489,0.845874676070217
87.28813559322033,6509.6752304581705,0.77024352666454
87.28813559322033,7318.2422190761745,0.7013746919636822
87.28813559322033,8227.241341700466,0.6386635414612136
87.28813559322033,9249.147277217335,0.5815595057326365
87.28813559322033,10397.984184814899,0.5295612427385266
87.28813559322033,11689.518164985777,0.4822122363170493
87.28813559322033,13141.473626117553,0.4390967882230423
87.28813559322033,14773.776525985128,0.39983636852595966
87.28813559322033,16608.827826277167,0.3640862923251915
87.28813559322033,18671.810912919205,0.33153269360613064
87.28813559322033,20991.037201085546,0.3018897696691212
87.28813559322033,23598.33466782194,0.27489727193888364
87.28813559322033,26529.484644318945,0.2503182211250998
87.28813559322033,29824.71286216888,0.22793682667452977
87.28813559322033,33529.2414924956,0.2075565922485891
87.28813559322033,37693.909753883636,0.188998590593527
87.28813559322033,42375.87160604064,0.1720998926575045
87.28813559322033,47639.380104013406,0.15671213716309576
87.28813559322033,53556.669177068965,0.14270022807683624
87.28813559322033,60208.94493336126,0.12994114854032168
87.28813559322033,67687.50009458528,0.11832288084982216
87.28813559322033,76094.96685459884,0.10774342300242783
87.28813559322033,85546.72535565685,0.098109893174542
87.28813559322033,96172.48711152964,0.08933771427053276
87.28813559322033,108118.07510766077,0.08134987138233227
87.28813559322033,121547.4250076286,0.07407623564088464
87.28813559322033,136644.83492953243,0.0674529485232303
87.28813559322033,153617.49466718297,0.06142186120978236
87.28813559322033,172698.3290659436,0.05593002406965949
87.28813559322033,194149.19457438815,0.05092922179203654
87.28813559322033,218264.47283974872,0.04637555008222328
87.28813559322033,245375.11066398167,0.04222903020609457
87.28813559322033,275853.1617629181,0.038453257998783734
87.28813559322033,310116.8926574775,0.035015084256129154
87.28813559322033,348636.52276780875,0.03188432370288628
87.28813559322033,391940.6774847221,0.02903348998260619
87.28813559322033,440623.6427773573,0.026437554342536928
87.28813559322033,495353.52089591697,0.024073725894934686
87.28813559322033,556881.3990945267,0.021921251525599175
87.28813559322033,626051.6572014815,0.01996123369294048
87.28813559322033,703813.5554931562,0.018176464517953232
87.28813559322033,791234.2618981326,0.016551274708499483
87.28813559322033,889513.4973108236,0.015071395991538082
87.28813559322033,1.0e6,0.013723835845531869
91.35593220338983,1000.0,3.0902942082882316
91.35593220338983,1124.2100350620863,2.8139855427299016
91.35593220338983,1263.8482029342983,2.562382123182731
91.35593220338983,1420.8308325339224,2.3332750099479305
91.35593220338983,1597.312280060254,2.1246527685282617
91.35593220338983,1795.714494371641,1.9346838103389885
91.35593220338983,2018.7602546790388,1.7617003123670665
91.35593220338983,2269.5105366946686,1.6041835746020008
91.35593220338983,2551.4065200312875,1.4607506866847066
91.35593220338983,2868.3168133420118,1.3301423867148343
91.35593220338983,3224.590545296395,1.211212005623602
91.35593220338983,3625.1170499885316,1.102915400049771
91.35593220338983,4075.392965871778,1.0043017853349796
91.35593220338983,4581.597669054491,0.9145053881571631
91.35593220338983,5150.678076168122,0.8327378455167566
91.35593220338983,5790.443980602489,0.7582812833429864
91.35593220338983,6509.6752304581705,0.6904820139541942
91.35593220338983,7318.2422190761745,0.6287447970393711
91.35593220338983,8227.241341700466,0.5725276137754768
91.35593220338983,9249.147277217335,0.5213369082001571
91.35593220338983,10397.984184814899,0.47472325406174337
91.35593220338983,11689.518164985777,0.4322774091038403
91.35593220338983,13141.473626117553,0.39362672214330807
91.35593220338983,14773.776525985128,0.35843186139774674
91.35593220338983,16608.827826277167,0.32638383533900517
91.35593220338983,18671.810912919205,0.2972012799174345
91.35593220338983,20991.037201085546,0.2706279883402221
91.35593220338983,23598.33466782194,0.2464306617166052
91.35593220338983,26529.484644318945,0.22439686082187163
91.35593220338983,29824.71286216888,0.2043331409977601
91.35593220338983,33529.2414924956,0.18606335381471129
91.35593220338983,37693.909753883636,0.16942710058549929
91.35593220338983,42375.87160604064,0.15427832415293843
91.35593220338983,47639.380104013406,0.14048402658834294
91.35593220338983,53556.669177068965,0.12792310154283174
91.35593220338983,60208.94493336126,0.11648527100016584
91.35593220338983,67687.50009458528,0.10607011709639413
91.35593220338983,76094.96685459884,0.09658620050621448
91.35593220338983,85546.72535565685,0.08795025765596912
91.35593220338983,96172.48711152964,0.08008646971524322
91.35593220338983,108118.07510766077,0.07292579694921755
91.35593220338983,121547.4250076286,0.06640537258775278
91.35593220338983,136644.83492953243,0.06046795088971028
91.35593220338983,153617.49466718297,0.05506140455681677
91.35593220338983,172698.3290659436,0.050138267084644306
91.35593220338983,194149.19457438815,0.045655316032796406
91.35593220338983,218264.47283974872,0.04157319355564449
91.35593220338983,245375.11066398167,0.037856060862080924
91.35593220338983,275853.1617629181,0.03447128357063642
91.35593220338983,310116.8926574775,0.03138914519755213
91.35593220338983,348636.52276780875,0.028582586262389558
91.35593220338983,391940.6774847221,0.026026966720669183
91.35593220338983,440623.6427773573,0.023699849637825912
91.35593220338983,495353.52089591697,0.02158080420525915
91.35593220338983,556881.3990945267,0.019651226369065446
91.35593220338983,626051.6572014815,0.017894175496673326
91.35593220338983,703813.5554931562,0.01629422564740276
91.35593220338983,791234.2618981326,0.014837330141186851
91.35593220338983,889513.4973108236,0.013510698236443191
91.35593220338983,1.0e6,0.012302682834394871
95.42372881355932,1000.0,2.7835095569419632
95.42372881355932,1124.2100350620863,2.534631049133635
95.42372881355932,1263.8482029342983,2.3080052084643223
95.42372881355932,1420.8308325339224,2.1016423846457783
95.42372881355932,1597.312280060254,1.913730825537637
95.42372881355932,1795.714494371641,1.742620770959678
95.42372881355932,2018.7602546790388,1.586809968704443
95.42372881355932,2269.5105366946686,1.4449304855887408
95.42372881355932,2551.4065200312875,1.3157366977523641
95.42372881355932,2868.3168133420118,1.198094354765397
95.42372881355932,3224.590545296395,1.090970621533031
95.42372881355932,3625.1170499885316,0.9934250105712482
95.42372881355932,4075.392965871778,0.9046011250437731
95.42372881355932,4581.597669054491,0.8237191400686729
95.42372881355932,5150.678076168122,0.7500689562846176
95.42372881355932,5790.443980602489,0.6830039655688844
95.42372881355932,6509.6752304581705,0.6219353741735298
95.42372881355932,7318.2422190761745,0.5663270334399794
95.42372881355932,8227.241341700466,0.5156907327085725
95.42372881355932,9249.147277217335,0.46958191309737063
95.42372881355932,10397.984184814899,0.4275957645195842
95.42372881355932,11689.518164985777,0.3893636716735623
95.42372881355932,13141.473626117553,0.3545499778030985
95.42372881355932,14773.776525985128,0.32284903781564794
95.42372881355932,16608.827826277167,0.2939825348864511
95.42372881355932,18671.810912919205,0.2676970369898203
95.42372881355932,20991.037201085546,0.24376177190528722
95.42372881355932,23598.33466782194,0.22196660116437833
95.42372881355932,26529.484644318945,0.20212017515039055
95.42372881355932,29824.71286216888,0.18404825315395537
95.42372881355932,33529.2414924956,0.16759217363540338
95.42372881355932,37693.909753883636,0.15260746126367467
95.42372881355932,42375.87160604064,0.1389625585023394
95.42372881355932,47639.380104013406,0.12653767060675578
95.42372881355932,53556.669177068965,0.11522371389207159
95.42372881355932,60208.94493336126,0.10492135803844292
95.42372881355932,67687.50009458528,0.09554015402543457
95.42372881355932,76094.96685459884,0.08699774003934743
95.42372881355932,85546.72535565685,0.07921911838177467
95.42372881355932,96172.48711152964,0.07213599703104083
95.42372881355932,108118.07510766077,0.06568619007579721
95.42372881355932,121547.4250076286,0.059813071756908164
95.42372881355932,136644.83492953243,0.05446507932441726
95.42372881355932,153617.49466718297,0.04959526034495041
95.42372881355932,172698.3290659436,0.04516086048516426
95.42372881355932,194149.19457438815,0.04112294815220437
95.42372881355932,218264.47283974872,0.0374460726957235
95.42372881355932,245375.11066398167,0.03409795317066158
95.42372881355932,275853.1617629181,0.031049194928295186
95.42372881355932,310116.8926574775,0.028273031547382067
95.42372881355932,348636.52276780875,0.025745089839698147
95.42372881355932,391940.6774847221,0.023443175866844856
95.42372881355932,440623.6427773573,0.021347080089671205
95.42372881355932,495353.52089591697,0.01943839993963104
95.42372881355932,556881.3990945267,0.017700378254348312
95.42372881355932,626051.6572014815,0.01611775615894408
95.42372881355932,703813.5554931562,0.014676639101504
95.42372881355932,791234.2618981326,0.013364374866551414
95.42372881355932,889513.4973108236,0.012169442495551195
95.42372881355932,1.0e6,0.011081351139227832
99.49152542372882,1000.0,2.5181489853710164
99.49152542372882,1124.2100350620863,2.2929968351457037
99.49152542372882,1263.8482029342983,2.0879759365046198
99.49152542372882,1420.8308325339224,1.9012863186727098
99.49152542372882,1597.312280060254,1.7312889494423669
99.49152542372882,1795.714494371641,1.5764913453717546
99.49152542372882,2018.7602546790388,1.435534468600721
99.49152542372882,2269.5105366946686,1.3071807952455339
99.49152542372882,2551.4065200312875,1.1903034506195556
99.49152542372882,2868.3168133420118,1.083876315893006
99.49152542372882,3224.590545296395,0.9869650193337814
99.49152542372882,3625.1170499885316,0.89871873303733
99.49152542372882,4075.392965871778,0.8183627031254174
99.49152542372882,4581.597669054491,0.7451914478330149
99.49152542372882,5150.678076168122,0.6785625637662537
99.49152542372882,5790.443980602489,0.6178910859538062
99.49152542372882,6509.6752304581705,0.5626443521760368
99.49152542372882,7318.2422190761745,0.5123373264835522
99.49152542372882,8227.241341700466,0.46652834084823075
99.49152542372882,9249.147277217335,0.4248152175607494
99.49152542372882,10397.984184814899,0.38683173833140405
99.49152542372882,11689.518164985777,0.35224442909486225
99.49152542372882,13141.473626117553,0.32074963229120473
99.49152542372882,14773.776525985128,0.2920708409194924
99.49152542372882,16608.827826277167,0.2659562709583151
99.49152542372882,18671.810912919205,0.2421766508405054
99.49152542372882,20991.037201085546,0.2205232085748283
99.49152542372882,23598.33466782194,0.20080583884267464
99.49152542372882,26529.484644318945,0.18285143397787884
99.49152542372882,29824.71286216888,0.16650236417657976
99.49152542372882,33529.2414924956,0.15161509359420305
99.49152542372882,37693.909753883636,0.1380589201796592
99.49152542372882,42375.87160604064,0.1257148281831901
99.49152542372882,47639.380104013406,0.11447444326351844
99.49152542372882,53556.669177068965,0.10423908102071236
99.49152542372882,60208.94493336126,0.09491888060140873
99.49152542372882,67687.50009458528,0.08643201576992288
99.49152542372882,76094.96685459884,0.07870397651888575
99.49152542372882,85546.72535565685,0.07166691491234269
99.49152542372882,96172.48711152964,0.06525904941817649
99.49152542372882,108118.07510766077,0.059424122500221534
99.49152542372882,121547.4250076286,0.05411090670802483
99.49152542372882,136644.83492953243,0.049272754927995
99.49152542372882,153617.49466718297,0.044867190847389736
99.49152542372882,172698.3290659436,0.040855536035642785
99.49152542372882,194149.19457438815,0.03720257036900754
99.49152542372882,218264.47283974872,0.033876222817233737
99.49152542372882,245375.11066398167,0.03084728987755375
99.49152542372882,275853.1617629181,0.028089179183983546
99.49152542372882,310116.8926574775,0.025577676040969076
99.49152542372882,348636.52276780875,0.02329073083167191
99.49152542372882,391940.6774847221,0.021208265434455833
99.49152542372882,440623.6427773573,0.01931199694801702
99.49152542372882,495353.52089591697,0.017585277177562263
99.49152542372882,556881.3990945267,0.01601294647281133
99.49152542372882,626051.6572014815,0.014581200634601863
99.49152542372882,703813.5554931562,0.01327746972160997
99.49152542372882,791234.2618981326,0.012090307693176011
99.49152542372882,889513.4973108236,0.011009291919360245
99.49152542372882,1.0e6,0.01002493167598215
103.55932203389831,1000.0,2.2872517040194964
103.55932203389831,1124.2100350620863,2.0827444877037684
103.55932203389831,1263.8482029342983,1.8965226229528496
103.55932203389831,1420.8308325339224,1.7269511841740306
103.55932203389831,1597.312280060254,1.572541427360676
103.55932203389831,1795.714494371641,1.4319377197383187
103.55932203389831,2018.7602546790388,1.3039056380541951
103.55932203389831,2269.5105366946686,1.1873211310197334
103.55932203389831,2551.4065200312875,1.081160650758214
103.55932203389831,2868.3168133420118,0.9844921666171346
103.55932203389831,3224.590545296395,0.8964669824514864
103.55932203389831,3625.1170499885316,0.816312285538185
103.55932203389831,4075.392965871778,0.7433243617052416
103.55932203389831,4581.597669054491,0.6768624171082124
103.55932203389831,5150.678076168122,0.616342952412535
103.55932203389831,5790.443980602489,0.5612346399901643
103.55932203389831,6509.6752304581705,0.51105365915511
103.55932203389831,7318.2422190761745,0.4653594484838004
103.55932203389831,8227.241341700466,0.4237508379279972
103.55932203389831,9249.147277217335,0.38586252676232163
103.55932203389831,10397.984184814899,0.3513618764447197
103.55932203389831,11689.518164985777,0.31994599023293807
103.55932203389831,13141.473626117553,0.29133905391765114
103.55932203389831,14773.776525985128,0.265289914325339
103.55932203389831,16608.827826277167,0.24156987433150248
103.55932203389831,18671.810912919205,0.21997068502563916
103.55932203389831,20991.037201085546,0.2003027174003
103.55932203389831,23598.33466782194,0.1823932975126573
103.55932203389831,26529.484644318945,0.16608519050221784
103.55932203389831,29824.71286216888,0.1512352201551911
103.55932203389831,33529.2414924956,0.1377130118960465
103.55932203389831,37693.909753883636,0.12539984817041785
103.55932203389831,42375.87160604064,0.114187626170242
103.55932203389831,47639.380104013406,0.10397790875053729
103.55932203389831,53556.669177068965,0.09468106020538833
103.55932203389831,60208.94493336126,0.08621545931572747
103.55932203389831,67687.50009458528,0.07850678275990444
103.55932203389831,76094.96685459884,0.0714873525957833
103.55932203389831,85546.72535565685,0.06509554208561831
103.55932203389831,96172.48711152964,0.059275234647176635
103.55932203389831,108118.07510766077,0.0539753311809981
103.55932203389831,121547.4250076286,0.049149301448394876
103.55932203389831,136644.83492953243,0.04475477556153686
103.55932203389831,153617.49466718297,0.04075317199913014
103.55932203389831,172698.3290659436,0.03710935888187161
103.55932203389831,194149.19457438815,0.03379134553386267
103.55932203389831,218264.47283974872,0.03077000162206281
103.55932203389831,245375.11066398167,0.028018801407980524
103.55932203389831,275853.1617629181,0.025513590866272494
103.55932203389831,310116.8926574775,0.02323237562568028
103.55932203389831,348636.52276780875,0.02115512787054261
103.55932203389831,391940.6774847221,0.01926361050758471
103.55932203389831,440623.6427773573,0.017541217054265413
103.55932203389831,495353.52089591697,0.015972825842990486
103.55932203389831,556881.3990945267,0.014544667261184453
103.55932203389831,626051.6572014815,0.013244202861662481
103.55932203389831,703813.5554931562,0.01206001528195728
103.55932203389831,791234.2618981326,0.010981708006153758
103.55932203389831,889513.4973108236,0.009999814089194847
103.55932203389831,1.0e6,0.009105713042308663
107.62711864406779,1000.0,2.085239407196693
107.62711864406779,1124.2100350620863,1.8987944672855146
107.62711864406779,1263.8482029342983,1.7290198988906758
107.62711864406779,1420.8308325339224,1.5744251746391902
107.62711864406779,1597.312280060254,1.4336530378441747
107.62711864406779,1795.714494371641,1.3054675865373246
107.62711864406779,2018.7602546790388,1.188743422929101
107.62711864406779,2269.5105366946686,1.0824557730348465
107.62711864406779,2551.4065200312875,0.9856714897225985
107.62711864406779,2868.3168133420118,0.8975408601942845
107.62711864406779,3224.590545296395,0.8172901459745113
107.62711864406779,3625.1170499885316,0.7442147899121261
107.62711864406779,4075.392965871778,0.6776732305557768
107.62711864406779,4581.597669054491,0.617081269597086
107.62711864406779,5150.678076168122,0.5619069429306756
107.62711864406779,5790.443980602489,0.5116658503017838
107.62711864406779,6509.6752304581705,0.46591690253833934
107.62711864406779,7318.2422190761745,0.42425844903052623
107.62711864406779,8227.241341700466,0.3863247514592503
107.62711864406779,9249.147277217335,0.35178277281476783
107.62711864406779,10397.984184814899,0.32032925351483726
107.62711864406779,11689.518164985777,0.29168804895230876
107.62711864406779,13141.473626117553,0.2656077050972916
107.62711864406779,14773.776525985128,0.24185925086901397
107.62711864406779,16608.827826277167,0.22023418789561786
107.62711864406779,18671.810912919205,0.20054266001307755
107.62711864406779,20991.037201085546,0.18261178643245976
107.62711864406779,23598.33466782194,0.1662841439416418
107.62711864406779,26529.484644318945,0.15141638481605538
107.62711864406779,29824.71286216888,0.13787797830447424
107.62711864406779,33529.2414924956,0.12555006464078045
107.62711864406779,37693.909753883636,0.11432441152056455
107.62711864406779,42375.87160604064,0.10410246388099459
107.62711864406779,47639.380104013406,0.09479447864154876
107.62711864406779,53556.669177068965,0.08631873680910605
107.62711864406779,60208.94493336126,0.07860082603011392
107.62711864406779,67687.50009458528,0.07157298729103369
107.62711864406779,76094.96685459884,0.06517352003145405
107.62711864406779,85546.72535565685,0.05934624044709205
107.62711864406779,96172.48711152964,0.05403998822687939
107.62711864406779,108118.07510766077,0.04920817739355819
107.62711864406779,121547.4250076286,0.044808387304412244
107.62711864406779,136644.83492953243,0.04080199022134585
107.62711864406779,153617.49466718297,0.037153812180579594
107.62711864406779,172698.3290659436,0.03383182418458641
107.62711864406779,194149.19457438815,0.03080686100510159
107.62711864406779,218264.47283974872,0.02805236512845313
107.62711864406779,245375.11066398167,0.02554415359519223
107.62711864406779,275853.1617629181,0.0232602056870045
107.62711864406779,310116.8926574775,0.02118046959690953
107.62711864406779,348636.52276780875,0.019286686385419544
107.62711864406779,391940.6774847221,0.01756222967708914
107.62711864406779,440623.6427773573,0.015991959690079282
107.62711864406779,495353.52089591697,0.014562090317196488
107.62711864406779,556881.3990945267,0.013260068091450809
107.62711864406779,626051.6572014815,0.01207446197351719
107.62711864406779,703813.5554931562,0.010994862993494696
107.62711864406779,791234.2618981326,0.010011792865873427
107.62711864406779,889513.4973108236,0.009116620775398513
107.62711864406779,1.0e6,0.00830148760325727
111.69491525423729,1000.0,1.90760244048788
111.69491525423729,1124.2100350620863,1.73704033564577
111.69491525423729,1263.8482029342983,1.5817284899723003
111.69491525423729,1420.8308325339224,1.4403033508487588
111.69491525423729,1597.312280060254,1.3115232833053991
111.69491525423729,1795.714494371641,1.1942576691490276
111.69491525423729,2018.7602546790388,1.0874769807568527
111.69491525423729,2269.5105366946686,0.9902437423899568
111.69491525423729,2551.4065200312875,0.9017042996717133
111.69491525423729,2868.3168133420118,0.8210813249716733
111.69491525423729,3224.590545296395,0.7476669928963282
111.69491525423729,3625.1170499885316,0.680816765971292
111.69491525423729,4075.392965871778,0.6199437359566293
111.69491525423729,4581.597669054491,0.5645134711151774
111.69491525423729,5150.678076168122,0.514039324195705
111.69491525423729,5790.443980602489,0.46807815993759466
111.69491525423729,6509.6752304581705,0.4262264645868808
111.69491525423729,7318.2422190761745,0.38811680326732606
111.69491525423729,8227.241341700466,0.353414594104218
111.69491525423729,9249.147277217335,0.32181517077945077
111.69491525423729,10397.984184814899,0.2930411077287517
111.69491525423729,11689.518164985777,0.2668397844977456
111.69491525423729,13141.473626117553,0.2429811678732512
111.69491525423729,14773.776525985128,0.2212557923181345
111.69491525423729,16608.827826277167,0.2014729209790531
111.69491525423729,18671.810912919205,0.183458871121743
111.69491525423729,20991.037201085546,0.16705548929209993
111.69491525423729,23598.33466782194,0.15211876281580033
111.69491525423729,26529.484644318945,0.1385175554461952
111.69491525423729,29824.71286216888,0.1261324560601596
111.69491525423729,33529.2414924956,0.11485473029408022
111.69491525423729,37693.909753883636,0.10458536591592352
111.69491525423729,42375.87160604064,0.09523420355227094
111.69491525423729,47639.380104013406,0.08671914513858865
111.69491525423729,53556.669177068965,0.07896543314335598
111.69491525423729,60208.94493336126,0.07190499423803827
111.69491525423729,67687.50009458528,0.06547584165068737
111.69491525423729,76094.96685459884,0.05962153095616244
111.69491525423729,85546.72535565685,0.05429066452510924
111.69491525423729,96172.48711152964,0.049436440281030815
111.69491525423729,108118.07510766077,0.045016240803786856
111.69491525423729,121547.4250076286,0.04099125917207464
111.69491525423729,136644.83492953243,0.037326158259995024
111.69491525423729,153617.49466718297,0.033988760496514336
111.69491525423729,172698.3290659436,0.03094976536408144
111.69491525423729,194149.19457438815,0.028182492156191726
111.69491525423729,218264.47283974872,0.025662645735452766
111.69491525423729,245375.11066398167,0.023368103235634652
111.69491525423729,275853.1617629181,0.021278719835067093
111.69491525423729,310116.8926574775,0.019376151896180232
111.69491525423729,348636.52276780875,0.017643695918451587
111.69491525423729,391940.6774847221,0.01606614189085475
111.69491525423729,440623.6427773573,0.014629639756324383
111.69491525423729,495353.52089591697,0.013321577815869793
111.69491525423729,556881.3990945267,0.01213047200479127
111.69491525423729,626051.6572014815,0.01104586506890566
111.69491525423729,703813.5554931562,0.01005823475560376
111.69491525423729,791234.2618981326,0.009158910213707558
111.69491525423729,889513.4973108236,0.008339995868163782
111.69491525423729,1.0e6,0.007594302101235756
115.76271186440678,1000.0,1.7506655092220103
115.76271186440678,1124.2100350620863,1.5941354127040899
115.76271186440678,1263.8482029342983,1.4516009486966865
115.76271186440678,1420.8308325339224,1.321810742967453
115.76271186440678,1597.312280060254,1.203625308865272
115.76271186440678,1795.714494371641,1.0960070432539155
115.76271186440678,2018.7602546790388,0.9980111169269635
115.76271186440678,2269.5105366946686,0.9087771795268039
115.76271186440678,2551.4065200312875,0.8275218061414964
115.76271186440678,2868.3168133420118,0.7535316192647489
115.76271186440678,3224.590545296395,0.6861570257336104
115.76271186440678,3625.1170499885316,0.624806513657628
115.76271186440678,4075.392965871778,0.5689414592696443
115.76271186440678,4581.597669054491,0.518071398105247
115.76271186440678,5150.678076168122,0.4717497189944122
115.76271186440678,5790.443980602489,0.4295697430609666
115.76271186440678,6509.6752304581705,0.3911611533056381
115.76271186440678,7318.2422190761745,0.35618674342639034
115.76271186440678,8227.241341700466,0.3243394573324789
115.76271186440678,9249.147277217335,0.2953396933607852
115.76271186440678,10397.984184814899,0.2689328495269332
115.76271186440678,11689.518164985777,0.2448870882598378
115.76271186440678,13141.473626117553,0.22299130099529085
115.76271186440678,14773.776525985128,0.20305325475882757
115.76271186440678,16608.827826277167,0.18489790446589702
115.76271186440678,18671.810912919205,0.16836585612225322
115.76271186440678,20991.037201085546,0.15331196743231704
115.76271186440678,23598.33466782194,0.13960407352961626
115.76271186440678,26529.484644318945,0.12712182664191887
115.76271186440678,29824.71286216888,0.1157556395039563
115.76271186440678,33529.2414924956,0.10540572324148285
115.76271186440678,37693.909753883636,0.09598121127982166
115.76271186440678,42375.87160604064,0.08739936158529378
115.76271186440678,47639.380104013406,0.07958483023565276
115.76271186440678,53556.669177068965,0.07246900994186913
115.76271186440678,60208.94493336126,0.06598942771385119
115.76271186440678,67687.50009458528,0.06008919638193799
115.76271186440678,76094.96685459884,0.05471651515882471
115.76271186440678,85546.72535565685,0.04982421485712902
115.76271186440678,96172.48711152964,0.04536934376985782
115.76271186440678,108118.07510766077,0.04131279057803394
115.76271186440678,121547.4250076286,0.037618940974817563
115.76271186440678,136644.83492953243,0.034255364991472255
115.76271186440678,153617.49466718297,0.031192532280068304
115.76271186440678,172698.3290659436,0.028403552853263212
115.76271186440678,194149.19457438815,0.025863941004995915
115.76271186440678,218264.47283974872,0.02355140033944926
115.76271186440678,245375.11066398167,0.02144562802095283
115.76271186440678,275853.1617629181,0.019528136526247505
115.76271186440678,310116.8926574775,0.017782091334195338
115.76271186440678,348636.52276780875,0.016192163127939037
115.76271186440678,391940.6774847221,0.014744393211927751
115.76271186440678,440623.6427773573,0.013426070962244052
115.76271186440678,495353.52089591697,0.01222562223431404
115.76271186440678,556881.3990945267,0.011132507748281104
115.76271186440678,626051.6572014815,0.010137130559922984
115.76271186440678,703813.5554931562,0.009230751804757645
115.76271186440678,791234.2618981326,0.008405413975617582
115.76271186440678,889513.4973108236,0.007653871060111582
115.76271186440678,1.0e6,0.006969524924619719
119.83050847457628,1000.0,1.6114108046090685
119.83050847457628,1124.2100350620863,1.467331717286688
119.83050847457628,1263.8482029342983,1.3361349957423412
119.83050847457628,1420.8308325339224,1.2166688048893186
119.83050847457628,1597.312280060254,1.1078842972512486
119.83050847457628,1795.714494371641,1.0088264046578803
119.83050847457628,2018.7602546790388,0.9186254532716274
119.83050847457628,2269.5105366946686,0.8364895283293876
119.83050847457628,2551.4065200312875,0.761697521566305
119.83050847457628,2868.3168133420118,0.6935928002816434
119.83050847457628,3224.590545296395,0.6315774424646792
119.83050847457628,3625.1170499885316,0.5751069873681651
119.83050847457628,4075.392965871778,0.5236856554422991
119.83050847457628,4581.597669054491,0.4768619956628466
119.83050847457628,5150.678076168122,0.43422492203933943
119.83050847457628,5790.443980602489,0.39540010450608604
119.83050847457628,6509.6752304581705,0.36004668250999144
119.83050847457628,7318.2422190761745,0.3278542724422958
119.83050847457628,8227.241341700466,0.2985402426411312
119.83050847457628,9249.147277217335,0.2718472320409127
119.83050847457628,10397.984184814899,0.24754089068367444
119.83050847457628,11689.518164985777,0.22540782225527609
119.83050847457628,13141.473626117553,0.20525371058308556
119.83050847457628,14773.776525985128,0.18690161364681246
119.83050847457628,16608.827826277167,0.17019041012484915
119.83050847457628,18671.810912919205,0.15497338483764514
119.83050847457628,20991.037201085546,0.1411169406690926
119.83050847457628,23598.33466782194,0.12849942565729403
119.83050847457628,26529.484644318945,0.11701006495721818
119.83050847457628,29824.71286216888,0.10654798829846183
119.83050847457628,33529.2414924956,0.09702134439973073
119.83050847457628,37693.909753883636,0.08834649456508861
119.83050847457628,42375.87160604064,0.0804472783821875
119.83050847457628,47639.380104013406,0.0732543450757195
119.83050847457628,53556.669177068965,0.0667045446457361
119.83050847457628,60208.94493336126,0.06074037344536722
119.83050847457628,67687.50009458528,0.055309469330415514
119.83050847457628,76094.96685459884,0.05036415194851741
119.83050847457628,85546.72535565685,0.045861004131863406
119.83050847457628,96172.48711152964,0.0417604907183333
119.83050847457628,108118.07510766077,0.03802661145450905
119.83050847457628,121547.4250076286,0.03462658493324115
119.83050847457628,136644.83492953243,0.03153056079091663
119.83050847457628,153617.49466718297,0.028711357637677067
119.83050847457628,172698.3290659436,0.02614422441975966
119.83050847457628,194149.19457438815,0.023806623118852236
119.83050847457628,218264.47283974872,0.02167803088068349
119.83050847457628,245375.11066398167,0.019739759835645417
119.83050847457628,275853.1617629181,0.017974793029572188
119.83050847457628,310116.8926574775,0.016367635024238016
119.83050847457628,348636.52276780875,0.014904175855928542
119.83050847457628,391940.6774847221,0.01357156715771679
119.83050847457628,440623.6427773573,0.012358109357865067
119.83050847457628,495353.52089591697,0.011253148964017311
119.83050847457628,556881.3990945267,0.010246985031393227
119.83050847457628,626051.6572014815,0.009330783993826393
119.83050847457628,703813.5554931562,0.008496502109909803
119.83050847457628,791234.2618981326,0.007736814843368561
119.83050847457628,889513.4973108236,0.007045052557658176
119.83050847457628,1.0e6,0.006415141960222504
123.89830508474576,1000.0,1.4873430885694963
123.89830508474576,1124.2100350620863,1.3543571149596618
123.89830508474576,1263.8482029342983,1.2332616522298452
123.89830508474576,1420.8308325339224,1.122993548792327
123.89830508474576,1597.312280060254,1.0225847113213802
123.89830508474576,1795.714494371641,0.9311536054261028
123.89830508474576,2018.7602546790388,0.8478975162631138
123.89830508474576,2269.5105366946686,0.7720855011415324
123.89830508474576,2551.4065200312875,0.70305197224801
123.89830508474576,2868.3168133420118,0.6401908531516488
123.89830508474576,3224.590545296395,0.582950257786147
123.89830508474576,3625.1170499885316,0.5308276451935433
123.89830508474576,4075.392965871778,0.48336540749089285
123.89830508474576,4581.597669054491,0.44014685232463685
123.89830508474576,5150.678076168122,0.4007925445408205
123.89830508474576,5790.443980602489,0.36495697495304835
123.89830508474576,6509.6752304581705,0.3323255269617779
123.89830508474576,7318.2422190761745,0.30261171439354323
123.89830508474576,8227.241341700466,0.27555466630985487
123.89830508474576,9249.147277217335,0.25091683670377934
123.89830508474576,10397.984184814899,0.22848191897659567
123.89830508474576,11689.518164985777,0.20805294688477696
123.89830508474576,13141.473626117553,0.18945056528465937
123.89830508474576,14773.776525985128,0.17251145549288582
123.89830508474576,16608.827826277167,0.15708690143815468
123.89830508474576,18671.810912919205,0.14304148401587247
123.89830508474576,20991.037201085546,0.13025189218286645
123.89830508474576,23598.33466782194,0.11860584035421849
123.89830508474576,26529.484644318945,0.108001082597561
123.89830508474576,29824.71286216888,0.09834451497000272
123.89830508474576,33529.2414924956,0.08955135811669618
123.89830508474576,37693.909753883636,0.08154441295471228
123.89830508474576,42375.87160604064,0.07425338290753289
123.89830508474576,47639.380104013406,0.0676142567397572
123.89830508474576,53556.669177068965,0.06156874657364614
123.89830508474576,60208.94493336126,0.05606377615360111
123.89830508474576,67687.50009458528,0.05105101486581967
123.89830508474576,76094.96685459884,0.04648645342207715
123.89830508474576,85546.72535565685,0.04233001748237145
123.89830508474576,96172.48711152964,0.03854521582424921
123.89830508474576,108118.07510766077,0.03509881996993489
123.89830508474576,121547.4250076286,0.03196057245856388
123.89830508474576,136644.83492953243,0.029102921202310936
123.89830508474576,153617.49466718297,0.02650077759420634
123.89830508474576,172698.3290659436,0.02413129624395999
123.89830508474576,194149.19457438815,0.02197367440799421
123.89830508474576,218264.47283974872,0.02000896935279196
123.89830508474576,245375.11066398167,0.0182199320481109
123.89830508474576,275853.1617629181,0.016590855729980807
123.89830508474576,310116.8926574775,0.015107438003951071
123.89830508474576,348636.52276780875,0.013756655277930557
123.89830508474576,391940.6774847221,0.012526648422209064
123.89830508474576,440623.6427773573,0.011406618652818215
123.89830508474576,495353.52089591697,0.01038673272414518
123.89830508474576,556881.3990945267,0.009458036598442217
123.89830508474576,626051.6572014815,0.008612376834297953
123.89830508474576,703813.5554931562,0.007842329003904313
123.89830508474576,791234.2618981326,0.007141132510662176
123.89830508474576,889513.4973108236,0.006502631234859949
123.89830508474576,1.0e6,0.005921219486327016
127.96610169491525,1000.0,1.3763857907503956
127.96610169491525,1124.2100350620863,1.2533207051945623
127.96610169491525,1263.8482029342983,1.1412590863881247
127.96610169491525,1420.8308325339224,1.0392170949264465
127.96610169491525,1597.312280060254,0.9462988582244515
127.96610169491525,1795.714494371641,0.8616886052478571
127.96610169491525,2018.7602546790388,0.7846435044919856
127.96610169491525,2269.5105366946686,0.7144871423295349
127.96610169491525,2551.4065200312875,0.6506035844708121
127.96610169491525,2868.3168133420118,0.5924319683992879
127.96610169491525,3224.590545296395,0.5394615793070549
127.96610169491525,3625.1170499885316,0.49122736629958635
127.96610169491525,4075.392965871778,0.44730585950455637
127.96610169491525,4581.597669054491,0.40731145223917603
127.96610169491525,5150.678076168122,0.3708930155955104
127.96610169491525,5790.443980602489,0.3377308157217102
127.96610169491525,6509.6752304581705,0.3075337067345752
127.96610169491525,7318.2422190761745,0.2800365746187609
127.96610169491525,8227.241341700466,0.2549980096714785
127.96610169491525,9249.147277217335,0.23219818705802434
127.96610169491525,10397.984184814899,0.21143693687058512
127.96610169491525,11689.518164985777,0.1925319867464955
127.96610169491525,13141.473626117553,0.17531736161710182
127.96610169491525,14773.776525985128,0.15964192653790849
127.96610169491525,16608.827826277167,0.14536805980685577
127.96610169491525,18671.810912919205,0.13237044472143492
127.96610169491525,20991.037201085546,0.12053496936693721
127.96610169491525,23598.33466782194,0.10975772477657804
127.96610169491525,26529.484644318945,0.09994409266789497
127.96610169491525,29824.71286216888,0.09100791474624634
127.96610169491525,33529.2414924956,0.08287073628235146
127.96610169491525,37693.909753883636,0.07546111732290087
127.96610169491525,42375.87160604064,0.06871400548704083
127.96610169491525,47639.380104013406,0.06257016484223411
127.96610169491525,53556.669177068965,0.05697565584533868
127.96610169491525,60208.94493336126,0.05188136178307318
127.96610169491525,67687.50009458528,0.0472425575542776
127.96610169491525,76094.96685459884,0.04301851700811363
127.96610169491525,85546.72535565685,0.03917215539085057
127.96610169491525,96172.48711152964,0.03566970376211556
127.96610169491525,108118.07510766077,0.032480412522162584
127.96610169491525,121547.4250076286,0.02957628144729187
127.96610169491525,136644.83492953243,0.02693181386327971
127.96610169491525,153617.49466718297,0.024523792798595945
127.96610169491525,172698.3290659436,0.02233107715215837
127.96610169491525,194149.19457438815,0.02033441608608765
127.96610169491525,218264.47283974872,0.018516280013934523
127.96610169491525,245375.11066398167,0.016860706700548095
127.96610169491525,275853.1617629181,0.015353161122426786
127.96610169491525,310116.8926574775,0.013980407858202915
127.96610169491525,348636.52276780875,0.01273039488891964
127.96610169491525,391940.6774847221,0.011592147787930381
127.96610169491525,440623.6427773573,0.010555673371466264
127.96610169491525,495353.52089591697,0.009611871963976646
127.96610169491525,556881.3990945267,0.008752457507980555
127.96610169491525,626051.6572014815,0.007969884817037424
127.96610169491525,703813.5554931562,0.007257283333158307
127.96610169491525,791234.2618981326,0.006608396807084006
127.96610169491525,889513.4973108236,0.006017528371856042
127.96610169491525,1.0e6,0.005479490527456776
132.03389830508473,1000.0,1.2768002704183947
132.03389830508473,1124.2100350620863,1.1626393021980783
132.03389830508473,1263.8482029342983,1.0586856678630594
132.03389830508473,1420.8308325339224,0.9640267116548074
132.03389830508473,1597.312280060254,0.8778313799787756
132.03389830508473,1795.714494371641,0.799342925210736
132.03389830508473,2018.7602546790388,0.7278722618686813
132.03389830508473,2269.5105366946686,0.6627919168211263
132.03389830508473,2551.4065200312875,0.6035305204179878
132.03389830508473,2868.3168133420118,0.5495677901791759
132.03389830508473,3224.590545296395,0.500429963000462
132.03389830508473,3625.1170499885316,0.45568563577387916
132.03389830508473,4075.392965871778,0.4149419779056128
132.03389830508473,4581.597669054491,0.37784128247935395
132.03389830508473,5150.678076168122,0.34405782578622957
132.03389830508473,5790.443980602489,0.31329500764971535
132.03389830508473,6509.6752304581705,0.28528274743914794
132.03389830508473,7318.2422190761745,0.2597751129102698
132.03389830508473,8227.241341700466,0.23654816105533277
132.03389830508473,9249.147277217335,0.2153979720066078
132.03389830508473,10397.984184814899,0.19613885873205542
132.03389830508473,11689.518164985777,0.17860173680527044
132.03389830508473,13141.473626117553,0.1626326399371765
132.03389830508473,14773.776525985128,0.14809136823665403
132.03389830508473,16608.827826277167,0.13485025733257514
132.03389830508473,18671.810912919205,0.12279305755081059
132.03389830508473,20991.037201085546,0.11181391330600242
132.03389830508473,23598.33466782194,0.10181643374772124
132.03389830508473,26529.484644318945,0.09271284650179226
132.03389830508473,29824.71286216888,0.0844232270771051
132.03389830508473,33529.2414924956,0.07687479717252187
132.03389830508473,37693.909753883636,0.07000128572340564
132.03389830508473,42375.87160604064,0.06374234707810578
132.03389830508473,47639.380104013406,0.058043031196313655
132.03389830508473,53556.669177068965,0.052853301217918654
132.03389830508473,60208.94493336126,0.048127594166885175
132.03389830508473,67687.50009458528,0.04382442093337261
132.03389830508473,76094.96685459884,0.039906002022160145
132.03389830508473,85546.72535565685,0.03633793586944947
132.03389830508473,96172.48711152964,0.03308889681604706
132.03389830508473,108118.07510766077,0.03013036008529884
132.03389830508473,121547.4250076286,0.027436351351233203
132.03389830508473,136644.83492953243,0.024983218698259084
132.03389830508473,153617.49466718297,0.02274942497035001
132.03389830508473,172698.3290659436,0.0207153586866551
132.03389830508473,194149.19457438815,0.018863161863478722
132.03389830508473,218264.47283974872,0.01717657323100167
132.03389830508473,245375.11066398167,0.015640785468272144
132.03389830508473,275853.1617629181,0.014242315203068415
132.03389830508473,310116.8926574775,0.012968884635303555
132.03389830508473,348636.52276780875,0.011809313744690636
132.03389830508473,391940.6774847221,0.010753422136311206
132.03389830508473,440623.6427773573,0.009791939662344628
132.03389830508473,495353.52089591697,0.00891642503526684
132.03389830508473,556881.3990945267,0.008119191717986623
132.03389830508473,626051.6572014815,0.007393240440275822
132.03389830508473,703813.5554931562,0.006732197749024729
132.03389830508473,791234.2618981326,0.0061302600528277745
132.03389830508473,889513.4973108236,0.005582142669641584
132.03389830508473,1.0e6,0.005083033430182071
136.10169491525423,1000.0,1.1871225527963654
136.10169491525423,1124.2100350620863,1.0809798277646758
136.10169491525423,1263.8482029342983,0.9843275113269537
136.10169491525423,1420.8308325339224,0.8963170492817376
136.10169491525423,1597.312280060254,0.8161757581580682
136.10169491525423,1795.714494371641,0.7432000414794178
136.10169491525423,2018.7602546790388,0.6767492125734472
136.10169491525423,2269.5105366946686,0.61623986969525
136.10169491525423,2551.4065200312875,0.5611407740807743
136.10169491525423,2868.3168133420118,0.5109681859625343
136.10169491525423,3224.590545296395,0.46528161760039993
136.10169491525423,3625.1170499885316,0.4236799660414049
136.10169491525423,4075.392965871778,0.3857979916563365
136.10169491525423,4581.597669054491,0.35130311153659105
136.10169491525423,5150.678076168122,0.3198924795990798
136.10169491525423,5790.443980602489,0.29129032776411656
136.10169491525423,6509.6752304581705,0.2652455448632891
136.10169491525423,7318.2422190761745,0.2415294720214531
136.10169491525423,8227.241341700466,0.2199338951575201
136.10169491525423,9249.147277217335,0.20026921697929517
136.10169491525423,10397.984184814899,0.1823627924234881
136.10169491525423,11689.518164985777,0.16605741292697224
136.10169491525423,13141.473626117553,0.15120992622202975
136.10169491525423,14773.776525985128,0.13768997953814224
136.10169491525423,16608.827826277167,0.1253788751763308
136.10169491525423,18671.810912919205,0.11416852840861455
136.10169491525423,20991.037201085546,0.10396051855352172
136.10169491525423,23598.33466782194,0.09466522489661551
136.10169491525423,26529.484644318945,0.08620103986989221
136.10169491525423,29824.71286216888,0.0784936525821998
136.10169491525423,33529.2414924956,0.07147539641046756
136.10169491525423,37693.909753883636,0.06508465492395768
136.10169491525423,42375.87160604064,0.05926532092587712
136.10169491525423,47639.380104013406,0.053966303863037024
136.10169491525423,53556.669177068965,0.04914108127888354
136.10169491525423,60208.94493336126,0.044747290371906154
136.10169491525423,67687.50009458528,0.040746356073530325
136.10169491525423,76094.96685459884,0.03710315238022301
136.10169491525423,85546.72535565685,0.03378569396649305
136.10169491525423,96172.48711152964,0.03076485537131776
136.10169491525423,108118.07510766077,0.028014115292607767
136.10169491525423,121547.4250076286,0.025509323744755334
136.10169491525423,136644.83492953243,0.023228490035037762
136.10169491525423,153617.49466718297,0.021151589697425078
136.10169491525423,172698.3290659436,0.019260388688777382
136.10169491525423,194149.19457438815,0.017538283303970458
136.10169491525423,218264.47283974872,0.015970154404493186
136.10169491525423,245375.11066398167,0.014542234680723494
136.10169491525423,275853.1617629181,0.013241987782518781
136.10169491525423,310116.8926574775,0.012057998256953776
136.10169491525423,348636.52276780875,0.010979871326919782
136.10169491525423,391940.6774847221,0.009998141630696499
136.10169491525423,440623.6427773573,0.009104190121279805
136.10169491525423,495353.52089591697,0.008290168395887657
136.10169491525423,556881.3990945267,0.007548929791298492
136.10169491525423,626051.6572014815,0.006873966640077174
136.10169491525423,703813.5554931562,0.006259353136832668
136.10169491525423,791234.2618981326,0.005699693312904582
136.10169491525423,889513.4973108236,0.005190073662724817
136.10169491525423,1.0e6,0.004726020005940056
140.16949152542372,1000.0,1.1061133690846552
140.16949152542372,1124.2100350620863,1.007213818307805
140.16949152542372,1263.8482029342983,0.9171570511164706
140.16949152542372,1420.8308325339224,0.8351524186055168
140.16949152542372,1597.312280060254,0.7604799651854511
140.16949152542372,1795.714494371641,0.6924841077681629
140.16949152542372,2018.7602546790388,0.6305678801078333
140.16949152542372,2269.5105366946686,0.5741876917654908
140.16949152542372,2551.4065200312875,0.5228485556838101
140.16949152542372,2868.3168133420118,0.4760997424728769
140.16949152542372,3224.590545296395,0.4335308232539481
140.16949152542372,3625.1170499885316,0.39476806631953465
140.16949152542372,4075.392965871778,0.3594711559744791
140.16949152542372,4581.597669054491,0.3273302047512504
140.16949152542372,5150.678076168122,0.29806303276834345
140.16949152542372,5790.443980602489,0.2714126903460569
140.16949152542372,6509.6752304581705,0.2471452021295691
140.16949152542372,7318.2422190761745,0.22504751291395522
140.16949152542372,8227.241341700466,0.20492561713662083
140.16949152542372,9249.147277217335,0.18660285561512102
140.16949152542372,10397.984184814899,0.16991836457666168
140.16949152542372,11689.518164985777,0.15472566336261204
140.16949152542372,13141.473626117553,0.1408913684088537
140.16949152542372,14773.776525985128,0.12829402221141775
140.16949152542372,16608.827826277167,0.11682302699637538
140.16949152542372,18671.810912919205,0.1063776737321846
140.16949152542372,20991.037201085546,0.09686625795976185
140.16949152542372,23598.33466782194,0.08820527467774734
140.16949152542372,26529.484644318945,0.08031868521450193
140.16949152542372,29824.71286216888,0.07313724965037435
140.16949152542372,33529.2414924956,0.0665979189292727
140.16949152542372,37693.909753883636,0.06064328132261512
140.16949152542372,42375.87160604064,0.0552210583859156
140.16949152542372,47639.380104013406,0.05028364598278307
140.16949152542372,53556.669177068965,0.04578769634677533
140.16949152542372,60208.94493336126,0.04169373751184117
140.16949152542372,67687.50009458528,0.037965826770158924
140.16949152542372,76094.96685459884,0.03457123511492225
140.16949152542372,85546.72535565685,0.031480159897653966
140.16949152542372,96172.48711152964,0.028665463177336935
140.16949152542372,108118.07510766077,0.026102433464211757
140.16949152542372,121547.4250076286,0.023768568766482385
140.16949152542372,136644.83492953243,0.021643379035199167
140.16949152542372,153617.49466718297,0.019708206272893897
140.16949152542372,172698.3290659436,0.017946060726619847
140.16949152542372,194149.19457438815,0.01634147172726118
140.16949152542372,218264.47283974872,0.014880351865563676
140.16949152542372,245375.11066398167,0.013549873312426245
140.16949152542372,275853.1617629181,0.012338355197613886
140.16949152542372,310116.8926574775,0.011235161058138795
140.16949152542372,348636.52276780875,0.010230605455963021
140.16949152542372,391940.6774847221,0.009315868945177297
140.16949152542372,440623.6427773573,0.00848292064211458
140.16949152542372,495353.52089591697,0.007724447718606688
140.16949152542372,556881.3990945267,0.0070337911993733505
140.16949152542372,626051.6572014815,0.006404887499880182
140.16949152542372,703813.5554931562,0.005832215191400068
140.16949152542372,791234.2618981326,0.00531074652590449
140.16949152542372,889513.4973108236,0.004835903295199923
140.16949152542372,1.0e6,0.004403516636776883
144.23728813559322,1000.0,1.032718412508809
144.23728813559322,1124.2100350620863,0.9403812344846216
144.23728813559322,1263.8482029342983,0.8563000867027505
144.23728813559322,1420.8308325339224,0.7797367829112395
144.23728813559322,1597.312280060254,0.7100191393952555
144.23728813559322,1795.714494371641,0.6465350735736234
144.23728813559322,2018.7602546790388,0.5887272302502725
144.23728813559322,2269.5105366946686,0.5360880883420298
144.23728813559322,2551.4065200312875,0.4881555051225338
144.23728813559322,2868.3168133420118,0.4445086588631697
144.23728813559322,3224.590545296395,0.4047643542496491
144.23728813559322,3625.1170499885316,0.3685736581378218
144.23728813559322,4075.392965871778,0.33561883611250215
144.23728813559322,4581.597669054491,0.3056105629539888
144.23728813559322,5150.678076168122,0.27828538252169566
144.23728813559322,5790.443980602489,0.25340339475408047
144.23728813559322,6509.6752304581705,0.2307461494779957
144.23728813559322,7318.2422190761745,0.21011472853626464
144.23728813559322,8227.241341700466,0.19132799939562256
144.23728813559322,9249.147277217335,0.17422102490265579
144.23728813559322,10397.984184814899,0.15864361522627346
144.23728813559322,11689.518164985777,0.14445900927356015
144.23728813559322,13141.473626117553,0.13154267400256814
144.23728813559322,14773.776525985128,0.11978121109067354
144.23728813559322,16608.827826277167,0.1090713613596483
144.23728813559322,18671.810912919205,0.09931909821684272
144.23728813559322,20991.037201085546,0.09043880215339652
144.23728813559322,23598.33466782194,0.08235250905202202
144.23728813559322,26529.484644318945,0.0749892257049168
144.23728813559322,29824.71286216888,0.06828430653242959
144.23728813559322,33529.2414924956,0.06217888603041112
144.23728813559322,37693.909753883636,0.05661936196345085
144.23728813559322,42375.87160604064,0.05155692476671842
144.23728813559322,47639.380104013406,0.0469471290248191
144.23728813559322,53556.669177068965,0.04274950326548151
144.23728813559322,60208.94493336126,0.03892719464228101
144.23728813559322,67687.50009458528,0.035446645386909
144.23728813559322,76094.96685459884,0.032277298190416186
144.23728813559322,85546.72535565685,0.029391327926839798
144.23728813559322,96172.48711152964,0.02676339736389485
144.23728813559322,108118.07510766077,0.024370434716004676
144.23728813559322,121547.4250076286,0.022191431086707646
144.23728813559322,136644.83492953243,0.020207256022096477
144.23728813559322,153617.49466718297,0.018400489555950236
144.23728813559322,172698.3290659436,0.016755269272008138
144.23728813559322,194149.19457438815,0.015257151040675244
144.23728813559322,218264.47283974872,0.013892982207505797
144.23728813559322,245375.11066398167,0.012650786120128118
144.23728813559322,275853.1617629181,0.01151965697982123
144.23728813559322,310116.8926574775,0.01048966409459778
144.23728813559322,348636.52276780875,0.009551764693188044
144.23728813559322,391940.6774847221,0.008697724534479706
144.23728813559322,440623.6427773573,0.007920045615407711
144.23728813559322,495353.52089591697,0.007211900342609695
144.23728813559322,556881.3990945267,0.0065670715899098205
144.23728813559322,626051.6572014815,0.0059798981153689895
144.23728813559322,703813.5554931562,0.005445224858693004
144.23728813559322,791234.2618981326,0.004958357682637327
144.23728813559322,889513.4973108236,0.004515022161062732
144.23728813559322,1.0e6,0.004111326051823813
148.3050847457627,1000.0,0.9660365030363635
148.3050847457627,1124.2100350620863,0.8796614723617057
148.3050847457627,1263.8482029342983,0.8010093858000272
148.3050847457627,1420.8308325339224,0.7293897212721313
148.3050847457627,1597.312280060254,0.6641736974980391
148.3050847457627,1795.714494371641,0.6047887536430395
148.3050847457627,2018.7602546790388,0.5507135225483415
148.3050847457627,2269.5105366946686,0.5014732534140484
148.3050847457627,2551.4065200312875,0.4566356437481449
148.3050847457627,2868.3168133420118,0.4158070439882829
148.3050847457627,3224.590545296395,0.3786290014750439
148.3050847457627,3625.1170499885316,0.3447751134346551
148.3050847457627,4075.392965871778,0.3139481613420836
148.3050847457627,4581.597669054491,0.28587750150579155
148.3050847457627,5150.678076168122,0.2603166889649142
148.3050847457627,5790.443980602489,0.23704131383799348
148.3050847457627,6509.6752304581705,0.21584703112759465
148.3050847457627,7318.2422190761745,0.19654776668356977
148.3050847457627,8227.241341700466,0.17897408357432
148.3050847457627,9249.147277217335,0.1629716945236872
148.3050847457627,10397.984184814899,0.14840010735349252
148.3050847457627,11689.518164985777,0.1351313915394505
148.3050847457627,13141.473626117553,0.1230490550514991
148.3050847457627,14773.776525985128,0.11204702161781947
148.3050847457627,16608.827826277167,0.10202869943348804
148.3050847457627,18671.810912919205,0.09290613313753181
148.3050847457627,20991.037201085546,0.0845992316132153
148.3050847457627,23598.33466782194,0.07703506483206739
148.3050847457627,26529.484644318945,0.07014722356832624
148.3050847457627,29824.71286216888,0.06387523636244717
148.3050847457627,33529.2414924956,0.05816403861493326
148.3050847457627,37693.909753883636,0.05296348914942542
148.3050847457627,42375.87160604064,0.048227930000739376
148.3050847457627,47639.380104013406,0.043915785563033494
148.3050847457627,53556.669177068965,0.03998919757884639
148.3050847457627,60208.94493336126,0.036413692764410005
148.3050847457627,67687.50009458528,0.03315788015317053
148.3050847457627,76094.96685459884,0.03019317550035994
148.3050847457627,85546.72535565685,0.027493550329042014
148.3050847457627,96172.48711152964,0.025035303414394264
148.3050847457627,108118.07510766077,0.0227968526999845
148.3050847457627,121547.4250076286,0.020758545819180536
148.3050847457627,136644.83492953243,0.018902487558175553
148.3050847457627,153617.49466718297,0.017212382745849103
148.3050847457627,172698.3290659436,0.015673393191123444
148.3050847457627,194149.19457438815,0.014272007411803367
148.3050847457627,218264.47283974872,0.012995922011190864
148.3050847457627,245375.11066398167,0.011833933661026195
148.3050847457627,275853.1617629181,0.01077584074242504
148.3050847457627,310116.8926574775,0.00981235378127327
148.3050847457627,348636.52276780875,0.008935013891751328
148.3050847457627,391940.6774847221,0.008136118511967253
148.3050847457627,440623.6427773573,0.007408653779697849
148.3050847457627,495353.52089591697,0.006746232954534441
148.3050847457627,556881.3990945267,0.006143040345813357
148.3050847457627,626051.6572014815,0.005593780254049188
148.3050847457627,703813.5554931562,0.0050936304776047535
148.3050847457627,791234.2618981326,0.00463819997641186
148.3050847457627,889513.4973108236,0.004223490321053536
148.3050847457627,1.0e6,0.003845860588752015
152.3728813559322,1000.0,0.9052939212621482
152.3728813559322,1124.2100350620863,0.8243499921530264
152.3728813559322,1263.8482029342983,0.7506434027694244
152.3728813559322,1420.8308325339224,0.6835270497784671
152.3728813559322,1597.312280060254,0.6224116884996698
152.3728813559322,1795.714494371641,0.5667607596605956
152.3728813559322,2018.7602546790388,0.5160856787014307
152.3728813559322,2269.5105366946686,0.46994154627115786
152.3728813559322,2551.4065200312875,0.42792324225584955
152.3728813559322,2868.3168133420118,0.38966186904679073
152.3728813559322,3224.590545296395,0.35482151282228686
152.3728813559322,3625.1170499885316,0.3230962944089824
152.3728813559322,4075.392965871778,0.29420768383088514
152.3728813559322,4581.597669054491,0.26790205496930575
152.3728813559322,5150.678076168122,0.24394845886497035
152.3728813559322,5790.443980602489,0.22213659611312944
152.3728813559322,6509.6752304581705,0.2022749705504013
152.3728813559322,7318.2422190761745,0.1841892080237354
152.3728813559322,8227.241341700466,0.16772052548121644
152.3728813559322,9249.147277217335,0.15272433694416215
152.3728813559322,10397.984184814899,0.13906898412172108
152.3728813559322,11689.518164985777,0.12663458052345972
152.3728813559322,13141.473626117553,0.11531195892188814
152.3728813559322,14773.776525985128,0.10500171292421884
152.3728813559322,16608.827826277167,0.09561332423889021
152.3728813559322,18671.810912919205,0.08706436797473005
152.3728813559322,20991.037201085546,0.07927978899572644
152.3728813559322,23598.33466782194,0.07219124297819723
152.3728813559322,26529.484644318945,0.06573649638520156
152.3728813559322,29824.71286216888,0.05985888009029994
152.3728813559322,33529.2414924956,0.054506791853779324
152.3728813559322,37693.909753883636,0.049633243283358344
152.3728813559322,42375.87160604064,0.045195447301935206
152.3728813559322,47639.380104013406,0.04115444250057465
152.3728813559322,53556.669177068965,0.03747475107875705
152.3728813559322,60208.94493336126,0.03412406736879483
152.3728813559322,67687.50009458528,0.031072974209830854
152.3728813559322,76094.96685459884,0.028294684681338785
152.3728813559322,85546.72535565685,0.02576480692868784
152.3728813559322,96172.48711152964,0.023461130016068865
152.3728813559322,108118.07510766077,0.02136342892668902
152.3728813559322,121547.4250076286,0.01945328699824351
152.3728813559322,136644.83492953243,0.017713934234745553
152.3728813559322,153617.49466718297,0.016130100075181248
152.3728813559322,172698.3290659436,0.014687879326379341
152.3728813559322,194149.19457438815,0.013374610083059736
152.3728813559322,218264.47283974872,0.01217876256326639
152.3728813559322,245375.11066398167,0.011089837883220516
152.3728813559322,275853.1617629181,0.010098275882892983
152.3728813559322,310116.8926574775,0.009195371193055184
152.3728813559322,348636.52276780875,0.008373196806923191
152.3728813559322,391940.6774847221,0.007624534485396288
152.3728813559322,440623.6427773573,0.006942811384885974
152.3728813559322,495353.52089591697,0.006322042351362907
152.3728813559322,556881.3990945267,0.005756777373994966
152.3728813559322,626051.6572014815,0.005242053737048428
152.3728813559322,703813.5554931562,0.004773352449972194
152.3728813559322,791234.2618981326,0.004346558573145178
152.3728813559322,889513.4973108236,0.0039579250909687
152.3728813559322,1.0e6,0.003604040015129542
156.4406779661017,1000.0,0.8498235891536493
156.4406779661017,1124.2100350620863,0.7738393604516505
156.4406779661017,1263.8482029342983,0.7046490158982281
156.4406779661017,1420.8308325339224,0.6416451023072055
156.4406779661017,1597.312280060254,0.5842744799551197
156.4406779661017,1795.714494371641,0.5320334663185533
156.4406779661017,2018.7602546790388,0.4844634140184906
156.4406779661017,2269.5105366946686,0.4411466841484793
156.4406779661017,2551.4065200312875,0.4017029796346405
156.4406779661017,2868.3168133420118,0.3657860064364367
156.4406779661017,3224.590545296395,0.3330804332753792
156.4406779661017,3625.1170499885316,0.3032991231997639
156.4406779661017,4075.392965871778,0.27618061268009414
156.4406779661017,4581.597669054491,0.2514868161030399
156.4406779661017,5150.678076168122,0.22900093551064318
156.4406779661017,5790.443980602489,0.20852555723343874
156.4406779661017,6509.6752304581705,0.1898809187069686
156.4406779661017,7318.2422190761745,0.1729033302552936
156.4406779661017,8227.241341700466,0.15744373798563252
156.4406779661017,9249.147277217335,0.1433664151771278
156.4406779661017,10397.984184814899,0.1305477706748569
156.4406779661017,11689.518164985777,0.11887526382743764
156.4406779661017,13141.473626117553,0.1082464164419818
156.4406779661017,14773.776525985128,0.09856791308190099
156.4406779661017,16608.827826277167,0.08975478180867655
156.4406779661017,18671.810912919205,0.08172964817495318
156.4406779661017,20991.037201085546,0.07442205591943066
156.4406779661017,23598.33466782194,0.0677678483996244
156.4406779661017,26529.484644318945,0.06170860533181584
156.4406779661017,29824.71286216888,0.05619112989307944
156.4406779661017,33529.2414924956,0.05116698168242346
156.4406779661017,37693.909753883636,0.046592051440700916
156.4406779661017,42375.87160604064,0.04242617379556365
156.4406779661017,47639.380104013406,0.038632774631575516
156.4406779661017,53556.669177068965,0.035178549989586125
156.4406779661017,60208.94493336126,0.03203317367627914
156.4406779661017,67687.50009458528,0.029169031016867547
156.4406779661017,76094.96685459884,0.026560976413430692
156.4406779661017,85546.72535565685,0.024186112580389208
156.4406779661017,96172.48711152964,0.02202358951892555
156.4406779661017,108118.07510766077,0.02005442146545743
156.4406779661017,121547.4250076286,0.01826132020707134
156.4406779661017,136644.83492953243,0.016628543300517787
156.4406779661017,153617.49466718297,0.015141755862214269
156.4406779661017,172698.3290659436,0.013787904715848526
156.4406779661017,194149.19457438815,0.012555103792666595
156.4406779661017,218264.47283974872,0.01143252977832392
156.4406779661017,245375.11066398167,0.010410327090135757
156.4406779661017,275853.1617629181,0.00947952135047951
156.4406779661017,310116.8926574775,0.00863194059669311
156.4406779661017,348636.52276780875,0.007860143535735529
156.4406779661017,391940.6774847221,0.007157354213724983
156.4406779661017,440623.6427773573,0.00651740252678897
156.4406779661017,495353.52089591697,0.005934670050944527
156.4406779661017,556881.3990945267,0.005404040715424469
156.4406779661017,626051.6572014815,0.0049208558863887515
156.4406779661017,703813.5554931562,0.0044808734666805326
156.4406779661017,791234.2618981326,0.0040802306525453596
156.4406779661017,889513.4973108236,0.0037154100203378227
156.4406779661017,1.0e6,0.003383208645475769
160.5084745762712,1000.0,0.7990480846007135
160.5084745762712,1124.2100350620863,0.7276037834785694
160.5084745762712,1263.8482029342983,0.6625474435582618
160.5084745762712,1420.8308325339224,0.6033079059415276
160.5084745762712,1597.312280060254,0.5493650800564054
160.5084745762712,1795.714494371641,0.5002453775479463
160.5084745762712,2018.7602546790388,0.4555175544328264
160.5084745762712,2269.5105366946686,0.41478892501425524
160.5084745762712,2551.4065200312875,0.37770191431744937
160.5084745762712,2868.3168133420118,0.34393091877793724
160.5084745762712,3224.590545296395,0.313179447621273
160.5084745762712,3625.1170499885316,0.2851775198370374
160.5084745762712,4075.392965871778,0.2596792938939956
160.5084745762712,4581.597669054491,0.23646090938661118
160.5084745762712,5150.678076168122,0.21531852166375604
160.5084745762712,5790.443980602489,0.1960665121847426
160.5084745762712,6509.6752304581705,0.17853585889058568
160.5084745762712,7318.2422190761745,0.16257265228324666
160.5084745762712,8227.241341700466,0.14803674418485752
160.5084745762712,9249.147277217335,0.13480051731376763
160.5084745762712,10397.984184814899,0.12274776487497276
160.5084745762712,11689.518164985777,0.11177267032834115
160.5084745762712,13141.473626117553,0.10177887837756697
160.5084745762712,14773.776525985128,0.09267864902364178
160.5084745762712,16608.827826277167,0.08439208725590124
160.5084745762712,18671.810912919205,0.07684644161775453
160.5084745762712,20991.037201085546,0.06997546548889286
160.5084745762712,23598.33466782194,0.06371883547638385
160.5084745762712,26529.484644318945,0.05802162180844553
160.5084745762712,29824.71286216888,0.052833806081249116
160.5084745762712,33529.2414924956,0.04810984212483211
160.5084745762712,37693.909753883636,0.04380825613276648
160.5084745762712,42375.87160604064,0.03989128254493867
160.5084745762712,47639.380104013406,0.03632453248669494
160.5084745762712,53556.669177068965,0.03307669185342774
160.5084745762712,60208.94493336126,0.03011924638995286
160.5084745762712,67687.50009458528,0.02742623135102546
160.5084745762712,76094.96685459884,0.024974003545151398
160.5084745762712,85546.72535565685,0.022741033760364432
160.5084745762712,96172.48711152964,0.020707717749581182
160.5084745762712,108118.07510766077,0.018856204116089733
160.5084745762712,121547.4250076286,0.01717023758810073
160.5084745762712,136644.83492953243,0.015635016306397746
160.5084745762712,153617.49466718297,0.014237061872150998
160.5084745762712,172698.3290659436,0.012964101013985836
160.5084745762712,194149.19457438815,0.011804957835407383
160.5084745762712,218264.47283974872,0.010749455696573635
160.5084745762712,245375.11066398167,0.009788327868992492
160.5084745762712,275853.1617629181,0.008913136178740176
160.5084745762712,310116.8926574775,0.008116196923933257
160.5084745762712,348636.52276780875,0.007390513416050407
160.5084745762712,391940.6774847221,0.006729714552853831
160.5084745762712,440623.6427773573,0.006127998883614199
160.5084745762712,495353.52089591697,0.005580083675562771
160.5084745762712,556881.3990945267,0.005081158534401985
160.5084745762712,626051.6572014815,0.004626843171688148
160.5084745762712,703813.5554931562,0.00421314894830707
160.5084745762712,791234.2618981326,0.003836443856415499
160.5084745762712,889513.4973108236,0.0034934206324090077
160.5084745762712,1.0e6,0.003181067720965815
164.57627118644066,1000.0,0.7524657078942493
164.57627118644066,1124.2100350620863,0.6851864193821595
164.57627118644066,1263.8482029342983,0.6239226909350728
164.57627118644066,1420.8308325339224,0.5681366606983835
164.57627118644066,1597.312280060254,0.5173385579962819
164.57627118644066,1795.714494371641,0.471082403414481
164.57627118644066,2018.7602546790388,0.4289620933461505
164.57627118644066,2269.5105366946686,0.39060783462551046
164.57627118644066,2551.4065200312875,0.3556828979471393
164.57627118644066,2868.3168133420118,0.323880661567797
164.57627118644066,3224.590545296395,0.294921919336093
164.57627118644066,3625.1170499885316,0.26855242941597446
164.57627118644066,4075.392965871778,0.24454068218318303
164.57627118644066,4581.597669054491,0.22267586769803208
164.57627118644066,5150.678076168122,0.20276602491003176
164.57627118644066,5790.443980602489,0.18463635634540274
164.57627118644066,6509.6752304581705,0.16812769348135476
164.57627118644066,7318.2422190761745,0.15309509933396276
164.57627118644066,8227.241341700466,0.139406595991131
164.57627118644066,9249.147277217335,0.12694200591908233
164.57627118644066,10397.984184814899,0.11559189686968281
164.57627118644066,11689.518164985777,0.105256621125465
164.57627118644066,13141.473626117553,0.09584544064745291
164.57627118644066,14773.776525985128,0.08727573044506493
164.57627118644066,16608.827826277167,0.07947225317412178
164.57627118644066,18671.810912919205,0.0723664985943277
164.57627118644066,20991.037201085546,0.06589608208702587
164.57627118644066,23598.33466782194,0.06000419695254417
164.57627118644066,26529.484644318945,0.0546391156786028
164.57627118644066,29824.71286216888,0.049753735801194764
164.57627118644066,33529.2414924956,0.04530516637084754
164.57627118644066,37693.909753883636,0.04125435139366741
164.57627118644066,42375.87160604064,0.03756572694118438
164.57627118644066,47639.380104013406,0.03420690891861274
164.57627118644066,53556.669177068965,0.031148408750302666
164.57627118644066,60208.94493336126,0.028363374486257992
164.57627118644066,67687.50009458528,0.025827355056777777
164.57627118644066,76094.96685459884,0.023518085605506826
164.57627118644066,85546.72535565685,0.021415292016237653
164.57627118644066,96172.48711152964,0.01950051291731612
164.57627118644066,108118.07510766077,0.01775693760094805
164.57627118644066,121547.4250076286,0.016169258434426795
164.57627118644066,136644.83492953243,0.014723536467533889
164.57627118644066,153617.49466718297,0.013407079056219247
164.57627118644066,172698.3290659436,0.01220832842816466
164.57627118644066,194149.19457438815,0.01111676021189683
164.57627118644066,218264.47283974872,0.010122791038591936
164.57627118644066,245375.11066398167,0.009217694405366043
164.57627118644066,275853.1617629181,0.008393524061377354
164.57627118644066,310116.8926574775,0.007643044244112459
164.57627118644066,348636.52276780875,0.006959666153369506
164.57627118644066,391940.6774847221,0.006337390105214788
164.57627118644066,440623.6427773573,0.005770752858056236
164.57627118644066,495353.52089591697,0.0052547796483858045
164.57627118644066,556881.3990945267,0.004784940515090852
164.57627118644066,626051.6572014815,0.004357110528886047
164.57627118644066,703813.5554931562,0.003967533577701992
164.57627118644066,791234.2618981326,0.0036127893900862952
164.57627118644066,889513.4973108236,0.00328976350710055
164.57627118644066,1.0e6,0.0029956199390831382
168.64406779661016,1000.0,0.7096389924581744
168.64406779661016,1124.2100350620863,0.6461889162458875
168.64406779661016,1263.8482029342983,0.588412023460852
168.64406779661016,1420.8308325339224,0.5358010647486061
168.64406779661016,1597.312280060254,0.4878941448157545
168.64406779661016,1795.714494371641,0.4442706672432297
168.64406779661016,2018.7602546790388,0.40454764188096753
168.64406779661016,2269.5105366946686,0.36837632240494383
168.64406779661016,2551.4065200312875,0.3354391445161836
168.64406779661016,2868.3168133420118,0.30544693790080285
168.64406779661016,3224.590545296395,0.2781363874736323
168.64406779661016,3625.1170499885316,0.2532677216165315
168.64406779661016,4075.392965871778,0.23062260711540247
168.64406779661016,4581.597669054491,0.21000223231460402
168.64406779661016,5150.678076168122,0.19122556165991586
168.64406779661016,5790.443980602489,0.17412774630590094
168.64406779661016,6509.6752304581705,0.15855867683367308
168.64406779661016,7318.2422190761745,0.14438166537272404
168.64406779661016,8227.241341700466,0.13147224555656853
168.64406779661016,9249.147277217335,0.11971707977647447
168.64406779661016,10397.984184814899,0.10901296413956856
168.64406779661016,11689.518164985777,0.09926592239539535
168.64406779661016,13141.473626117553,0.09039038087610377
168.64406779661016,14773.776525985128,0.08230841720668983
168.64406779661016,16608.827826277167,0.07494907618938382
168.64406779661016,18671.810912919205,0.06824774685602263
168.64406779661016,20991.037201085546,0.062145595219270905
168.64406779661016,23598.33466782194,0.05658904774255788
168.64406779661016,26529.484644318945,0.05152932099387919
168.64406779661016,29824.71286216888,0.046921993354083945
168.64406779661016,33529.2414924956,0.04272661501948016
168.64406779661016,37693.909753883636,0.038906352874797025
168.64406779661016,42375.87160604064,0.03542766711868214
168.64406779661016,47639.380104013406,0.032260016802685164
168.64406779661016,53556.669177068965,0.029375591698521167
168.64406779661016,60208.94493336126,0.02674906813955532
168.64406779661016,67687.50009458528,0.024357386692932345
168.64406779661016,76094.96685459884,0.022179549710433392
168.64406779661016,85546.72535565685,0.020196436980668704
168.64406779661016,96172.48711152964,0.018390637864133263
168.64406779661016,108118.07510766077,0.01674629843736397
168.64406779661016,121547.4250076286,0.015248982304207615
168.64406779661016,136644.83492953243,0.013885543852199499
168.64406779661016,153617.49466718297,0.012644012841312934
168.64406779661016,172698.3290659436,0.011513489311832948
168.64406779661016,194149.19457438815,0.010484047888702296
168.64406779661016,218264.47283974872,0.009546650642185251
168.64406779661016,245375.11066398167,0.008693067739813338
168.64406779661016,275853.1617629181,0.00791580519298079
168.64406779661016,310116.8926574775,0.007208039063844575
168.64406779661016,348636.52276780875,0.006563555554901765
168.64406779661016,391940.6774847221,0.005976696455263666
168.64406779661016,440623.6427773573,0.0054423094646748795
168.64406779661016,495353.52089591697,0.004955702959149718
168.64406779661016,556881.3990945267,0.004512604801092915
168.64406779661016,626051.6572014815,0.00410912483228025
168.64406779661016,703813.5554931562,0.0037417207204080397
168.64406779661016,791234.2618981326,0.003407166859363018
168.64406779661016,889513.4973108236,0.0031025260501739683
168.64406779661016,1.0e6,0.002825123714019582
172.71186440677965,1000.0,0.6701851844152228
172.71186440677965,1124.2100350620863,0.6102627428929618
172.71186440677965,1263.8482029342983,0.5556980727471623
172.71186440677965,1420.8308325339224,0.5060121261721422
172.71186440677965,1597.312280060254,0.46076868787297637
172.71186440677965,1795.714494371641,0.41957054533503096
172.71186440677965,2018.7602546790388,0.38205600151646063
172.71186440677965,2269.5105366946686,0.3478956993470309
172.71186440677965,2551.4065200312875,0.31678973015411505
172.71186440677965,2868.3168133420118,0.28846500062942904
172.71186440677965,3224.590545296395,0.2626728352199257
172.71186440677965,3625.1170499885316,0.23918679289315214
172.71186440677965,4075.392965871778,0.21780067910947706
172.71186440677965,4581.597669054491,0.19832673554739397
172.71186440677965,5150.678076168122,0.1805939916886807
172.71186440677965,5790.443980602489,0.16444676379124626
172.71186440677965,6509.6752304581705,0.1497432880714655
172.71186440677965,7318.2422190761745,0.13635447609609638
172.71186440677965,8227.241341700466,0.12416278145680608
172.71186440677965,9249.147277217335,0.11306116777732922
172.71186440677965,10397.984184814899,0.10295216899293043
172.71186440677965,11689.518164985777,0.09374703365193988
172.71186440677965,13141.473626117553,0.08536494572680103
172.71186440677965,14773.776525985128,0.07773231509377879
172.71186440677965,16608.827826277167,0.0707821314521317
172.71186440677965,18671.810912919205,0.0644533760105111
172.71186440677965,20991.037201085546,0.05869048577552007
172.71186440677965,23598.33466782194,0.05344286573917835
172.71186440677965,26529.484644318945,0.04866444468256806
172.71186440677965,29824.71286216888,0.04431327069586026
172.71186440677965,33529.2414924956,0.040351142863610696
172.71186440677965,37693.909753883636,0.036743275881724324
172.71186440677965,42375.87160604064,0.03345799466160889
172.71186440677965,47639.380104013406,0.03046645624031157
172.71186440677965,53556.669177068965,0.027742396555161166
172.71186440677965,60208.94493336126,0.025261899859737258
172.71186440677965,67687.50009458528,0.023003188756764794
172.71186440677965,76094.96685459884,0.020946433004538575
172.71186440677965,85546.72535565685,0.019073575418303478
172.71186440677965,96172.48711152964,0.01736817333809933
172.71186440677965,108118.07510766077,0.015815254271246394
172.71186440677965,121547.4250076286,0.01440118444209109
172.71186440677965,136644.83492953243,0.013113549094951214
172.71186440677965,153617.49466718297,0.011941043499386341
172.71186440677965,172698.3290659436,0.010873373700879674
172.71186440677965,194149.19457438815,0.009901166145576621
172.71186440677965,218264.47283974872,0.009015885385635324
172.71186440677965,245375.11066398167,0.008209759142687198
172.71186440677965,275853.1617629181,0.007475710071505811
172.71186440677965,310116.8926574775,0.006807293624806741
172.71186440677965,348636.52276780875,0.0061986414736654475
172.71186440677965,391940.6774847221,0.005644409986815616
172.71186440677965,440623.6427773573,0.005139733316504335
172.71186440677965,495353.52089591697,0.004680180679024021
172.71186440677965,556881.3990945267,0.004261717454867342
172.71186440677965,626051.6572014815,0.0038806697669860946
172.71186440677965,703813.5554931562,0.003533692226170509
172.71186440677965,791234.2618981326,0.003217738560371207
172.71186440677965,889513.4973108236,0.002930034870105344
172.71186440677965,1.0e6,0.00266805527514418
176.77966101694915,1000.0,0.6337683166992736
176.77966101694915,1124.2100350620863,0.5771019716662794
176.77966101694915,1263.8482029342983,0.5255022646692818
176.77966101694915,1420.8308325339224,0.4785161786489868
176.77966101694915,1597.312280060254,0.43573120160183026
176.77966101694915,1795.714494371641,0.3967717049513739
176.77966101694915,2018.7602546790388,0.3612956457359169
176.77966101694915,2269.5105366946686,0.32899156365933563
176.77966101694915,2551.4065200312875,0.29957584664091885
176.77966101694915,2868.3168133420118,0.2727902408572188
176.77966101694915,3224.590545296395,0.24839958341546511
176.77966101694915,3625.1170499885316,0.22618973775265028
176.77966101694915,4075.392965871778,0.2059657136342339
176.77966101694915,4581.597669054491,0.18754995524708415
176.77966101694915,5150.678076168122,0.17078078235705338
176.77966101694915,5790.443980602489,0.15551097084540966
176.77966101694915,6509.6752304581705,0.14160646016201534
176.77966101694915,7318.2422190761745,0.12894517634739802
176.77966101694915,8227.241341700466,0.1174159602905008
176.77966101694915,9249.147277217335,0.10691759181279882
176.77966101694915,10397.984184814899,0.09735790101078015
176.77966101694915,11689.518164985777,0.08865295905486537
176.77966101694915,13141.473626117553,0.08072634134042589
176.77966101694915,14773.776525985128,0.07350845652177136
176.77966101694915,16608.827826277167,0.06693593553839425
176.77966101694915,18671.810912919205,0.06095107526945673
176.77966101694915,20991.037201085546,0.05550133193211355
176.77966101694915,23598.33466782194,0.05053885977598615
176.77966101694915,26529.484644318945,0.046020091023778124
176.77966101694915,29824.71286216888,0.041905353370143374
176.77966101694915,33529.2414924956,0.03815852168065562
176.77966101694915,37693.909753883636,0.03474670083298922
176.77966101694915,42375.87160604064,0.03163993691582944
176.77966101694915,47639.380104013406,0.028810954249999323
176.77966101694915,53556.669177068965,0.026234915922991948
176.77966101694915,60208.94493336126,0.02388920573453316
176.77966101694915,67687.50009458528,0.021753229638777037
176.77966101694915,76094.96685459884,0.01980823493990535
176.77966101694915,85546.72535565685,0.018037145653768148
176.77966101694915,96172.48711152964,0.016424412590130655
176.77966101694915,108118.07510766077,0.014955876839331635
176.77966101694915,121547.4250076286,0.013618645464840753
176.77966101694915,136644.83492953243,0.012400978310364059
176.77966101694915,153617.49466718297,0.011292184927726054
176.77966101694915,172698.3290659436,0.010282530720612176
176.77966101694915,194149.19457438815,0.009363151480164825
176.77966101694915,218264.47283974872,0.008525975562103
176.77966101694915,245375.11066398167,0.007763653022123052
176.77966101694915,275853.1617629181,0.0070694910874285035
176.77966101694915,310116.8926574775,0.006437395397864408
176.77966101694915,348636.52276780875,0.005861816500785698
176.77966101694915,391940.6774847221,0.005337701129913917
176.77966101694915,440623.6427773573,0.004860447840437427
176.77966101694915,495353.52089591697,0.004425866610855721
176.77966101694915,556881.3990945267,0.004030142056894206
176.77966101694915,626051.6572014815,0.003669799934527881
176.77966101694915,703813.5554931562,0.00334167663802883
176.77966101694915,791234.2618981326,0.0030428914252472153
176.77966101694915,889513.4973108236,0.0027708211262789284
176.77966101694915,1.0e6,0.0025230771134760054
180.84745762711864,1000.0,0.6000925812853017
180.84745762711864,1124.2100350620863,0.5464372432590102
180.84745762711864,1263.8482029342983,0.4975793238119477
180.84745762711864,1420.8308325339224,0.4530898772721469
180.84745762711864,1597.312280060254,0.4125783107580963
180.84745762711864,1795.714494371641,0.375688954987978
180.84745762711864,2018.7602546790388,0.3420979416989127
180.84745762711864,2269.5105366946686,0.31151036026166284
180.84745762711864,2551.4065200312875,0.2836576685274439
180.84745762711864,2868.3168133420118,0.25829533517549413
180.84745762711864,3224.590545296395,0.23520069286251666
180.84745762711864,3625.1170499885316,0.21417098332582044
180.84745762711864,4075.392965871778,0.1950215772772446
180.84745762711864,4581.597669054491,0.1775843534595148
180.84745762711864,5150.678076168122,0.16170622263403042
180.84745762711864,5790.443980602489,0.14724778354151535
180.84745762711864,6509.6752304581705,0.13408209903560078
180.84745762711864,7318.2422190761745,0.12209358164446592
180.84745762711864,8227.241341700466,0.11117697877638302
180.84745762711864,9249.147277217335,0.10123644865982649
180.84745762711864,10397.984184814899,0.09218471890541086
180.84745762711864,11689.518164985777,0.08394232030229117
180.84745762711864,13141.473626117553,0.0764368891221824
180.84745762711864,14773.776525985128,0.0696025318056085
180.84745762711864,16608.827826277167,0.0633792464526771
180.84745762711864,18671.810912919205,0.05771239603938521
180.84745762711864,20991.037201085546,0.05255222873458696
180.84745762711864,23598.33466782194,0.04785344110626819
180.84745762711864,26529.484644318945,0.04357478038232012
180.84745762711864,29824.71286216888,0.03967868227387972
180.84745762711864,33529.2414924956,0.03613094118152534
180.84745762711864,37693.909753883636,0.03290040988891949
180.84745762711864,42375.87160604064,0.029958726107372713
180.84745762711864,47639.380104013406,0.027280063470542126
180.84745762711864,53556.669177068965,0.024840904793133434
180.84745762711864,60208.94493336126,0.02261983560294323
180.84745762711864,67687.50009458528,0.020597356133566093
180.84745762711864,76094.96685459884,0.01875571012716598
180.84745762711864,85546.72535565685,0.017078728944294505
180.84745762711864,96172.48711152964,0.015551689612125424
180.84745762711864,108118.07510766077,0.014161185564847693
180.84745762711864,121547.4250076286,0.012895008941388163
180.84745762711864,136644.83492953243,0.011742043407102895
180.84745762711864,153617.49466718297,0.010692166558470486
180.84745762711864,172698.3290659436,0.009736161053954192
180.84745762711864,194149.19457438815,0.008865633690810601
180.84745762711864,218264.47283974872,0.008072941717383979
180.84745762711864,245375.11066398167,0.0073511257339485036
180.84745762711864,275853.1617629181,0.006693848593004722
180.84745762711864,310116.8926574775,0.006095339762608557
180.84745762711864,348636.52276780875,0.0055503446642732645
180.84745762711864,391940.6774847221,0.005054078540659218
180.84745762711864,440623.6427773573,0.0046021844480349195
180.84745762711864,495353.52089591697,0.004190695004706414
180.84745762711864,556881.3990945267,0.0038159975595871733
180.84745762711864,626051.6572014815,0.0034748024751076858
180.84745762711864,703813.5554931562,0.0031641142460061503
180.84745762711864,791234.2618981326,0.002881205200439148
180.84745762711864,889513.4973108236,0.002623591552522421
180.84745762711864,1.0e6,0.0023890115960563587
184.91525423728814,1000.0,0.5688967634365261
184.91525423728814,1124.2100350620863,0.5180306986055434
184.91525423728814,1263.8482029342983,0.47171265850889077
184.91525423728814,1420.8308325339224,0.4295359962189399
184.91525423728814,1597.312280060254,0.3911304238283858
184.91525423728814,1795.714494371641,0.3561587615259966
184.91525423728814,2018.7602546790388,0.32431397734324185
184.91525423728814,2269.5105366946686,0.29531649158240775
184.91525423728814,2551.4065200312875,0.2689117222605569
184.91525423728814,2868.3168133420118,0.24486785001967895
184.91525423728814,3224.590545296395,0.22297378288017763
184.91525423728814,3625.1170499885316,0.2030373029693405
184.91525423728814,4075.392965871778,0.18488337895409387
184.91525423728814,4581.597669054491,0.16835262936212625
184.91525423728814,5150.678076168122,0.15329992330018402
184.91525423728814,5790.443980602489,0.13959310628461855
184.91525423728814,6509.6752304581705,0.12711183999767492
184.91525423728814,7318.2422190761745,0.11574654578322009
184.91525423728814,8227.241341700466,0.10539744260638605
184.91525423728814,9249.147277217335,0.09597367103094022
184.91525423728814,10397.984184814899,0.0873924955233881
184.91525423728814,11689.518164985777,0.07957857808047406
184.91525423728814,13141.473626117553,0.07246331680293219
184.91525423728814,14773.776525985128,0.06598424360852599
184.91525423728814,16608.827826277167,0.06008447579662997
184.91525423728814,18671.810912919205,0.054712216649390216
184.91525423728814,20991.037201085546,0.049820300685018304
184.91525423728814,23598.33466782194,0.04536577957079168
184.91525423728814,26529.484644318945,0.04130954506030404
184.91525423728814,29824.71286216888,0.037615985644562595
184.91525423728814,33529.2414924956,0.034252673902517225
184.91525423728814,37693.909753883636,0.031190081806131822
184.91525423728814,42375.87160604064,0.028401321480531247
184.91525423728814,47639.380104013406,0.02586190914324265
184.91525423728814,53556.669177068965,0.02354955015004555
184.91525423728814,60208.94493336126,0.021443943260252885
184.91525423728814,67687.50009458528,0.019526602402978637
184.91525423728814,76094.96685459884,0.017780694379598627
184.91525423728814,85546.72535565685,0.0161908910775212
184.91525423728814,96172.48711152964,0.014743234897785423
184.91525423728814,108118.07510766077,0.013425016215015873
184.91525423728814,121547.4250076286,0.012224661793899217
184.91525423728814,136644.83492953243,0.011131633182540818
184.91525423728814,153617.49466718297,0.010136334190650834
184.91525423728814,172698.3290659436,0.00923002664026928
184.91525423728814,194149.19457438815,0.008404753649367451
184.91525423728814,218264.47283974872,0.007653269774798241
184.91525423728814,245375.11066398167,0.006968977401288683
184.91525423728814,275853.1617629181,0.006345868818005007
184.91525423728814,310116.8926574775,0.005778473474154419
184.91525423728814,348636.52276780875,0.005261809950556692
184.91525423728814,391940.6774847221,0.004791342225522451
184.91525423728814,440623.6427773573,0.004362939851076455
184.91525423728814,495353.52089591697,0.003972841689895241
184.91525423728814,556881.3990945267,0.0036176228945891775
184.91525423728814,626051.6572014815,0.0032941648394252706
184.91525423728814,703813.5554931562,0.0029996277405077657
184.91525423728814,791234.2618981326,0.0027314257240368
184.91525423728814,889513.4973108236,0.002487204123758051
184.91525423728814,1.0e6,0.0022648188082875754
188.98305084745763,1000.0,0.5399495489012711
188.98305084745763,1124.2100350620863,0.49167170567016566
188.98305084745763,1263.8482029342983,0.44771046970688705
188.98305084745763,1420.8308325339224,0.4076798855283903
188.98305084745763,1597.312280060254,0.37122850661333273
188.98305084745763,1795.714494371641,0.33803630989483335
188.98305084745763,2018.7602546790388,0.3078118861338864
188.98305084745763,2269.5105366946686,0.28028988150645057
188.98305084745763,2551.4065200312875,0.2552286679427594
188.98305084745763,2868.3168133420118,0.23240822176570816
188.98305084745763,3224.590545296395,0.21162819200393418
188.98305084745763,3625.1170499885316,0.19270614142043355
188.98305084745763,4075.392965871778,0.17547594481392037
188.98305084745763,4581.597669054491,0.1597863305308912
188.98305084745763,5150.678076168122,0.1454995523836712
188.98305084745763,5790.443980602489,0.13249018031461635
188.98305084745763,6509.6752304581705,0.12064399918916555
188.98305084745763,7318.2422190761745,0.10985700604975067
188.98305084745763,8227.241341700466,0.1000344970270082
188.98305084745763,9249.147277217335,0.09109023589187115
188.98305084745763,10397.984184814899,0.08294569694888877
188.98305084745763,11689.518164985777,0.07552937562379138
188.98305084745763,13141.473626117553,0.06877616069263967
188.98305084745763,14773.776525985128,0.06262676264107514
188.98305084745763,16608.827826277167,0.05702719313497985
188.98305084745763,18671.810912919205,0.05192829103258371
188.98305084745763,20991.037201085546,0.04728529077666778
188.98305084745763,23598.33466782194,0.04305742937758248
188.98305084745763,26529.484644318945,0.039207588536609016
188.98305084745763,29824.71286216888,0.03570196876770314
188.98305084745763,33529.2414924956,0.032509792656589875
188.98305084745763,37693.909753883636,0.029603034651986805
188.98305084745763,42375.87160604064,0.026956175016671264
188.98305084745763,47639.380104013406,0.02454597577821789
188.98305084745763,53556.669177068965,0.022351276712376106
188.98305084745763,60208.94493336126,0.02035280956793468
188.98305084745763,67687.50009458528,0.01853302890206926
188.98305084745763,76094.96685459884,0.01687595804100023
188.98305084745763,85546.72535565685,0.015367048813580737
188.98305084745763,96172.48711152964,0.01399305382635194
188.98305084745763,108118.07510766077,0.012741910158711687
188.98305084745763,121547.4250076286,0.011602633457103415
188.98305084745763,136644.83492953243,0.010565221498430885
188.98305084745763,153617.49466718297,0.009620566376038283
188.98305084745763,172698.3290659436,0.00876037453729717
188.98305084745763,194149.19457438815,0.007977093970773846
188.98305084745763,218264.47283974872,0.0072638479037209535
188.98305084745763,245375.11066398167,0.006614374427793378
188.98305084745763,275853.1617629181,0.006022971522935634
188.98305084745763,310116.8926574775,0.005484446996780567
188.98305084745763,348636.52276780875,0.004994072900054917
188.98305084745763,391940.6774847221,0.004547544017784012
188.98305084745763,440623.6427773573,0.004140940071871146
188.98305084745763,495353.52089591697,0.0037706913032111854
188.98305084745763,556881.3990945267,0.003433547131168164
188.98305084745763,626051.6572014815,0.0031265476152643936
188.98305084745763,703813.5554931562,0.0028469974685303647
188.98305084745763,791234.2618981326,0.0025924423943669544
188.98305084745763,889513.4973108236,0.0023606475391705767
188.98305084745763,1.0e6,0.0021495778715472217
193.05084745762713,1000.0,0.5130455518746116
193.05084745762713,1124.2100350620863,0.46717324255567666
193.05084745762713,1263.8482029342983,0.42540245746702343
193.05084745762713,1420.8308325339224,0.3873664720800346
193.05084745762713,1597.312280060254,0.35273135135417993
193.05084745762713,1795.714494371641,0.32119301797094946
193.05084745762713,2018.7602546790388,0.2924745827021713
193.05084745762713,2269.5105366946686,0.26632391347481293
193.05084745762713,2551.4065200312875,0.24251142178999738
193.05084745762713,2868.3168133420118,0.2208280470622024
193.05084745762713,3224.590545296395,0.2010834211822584
193.05084745762713,3625.1170499885316,0.1831041971900063
193.05084745762713,4075.392965871778,0.16673252738329075
193.05084745762713,4581.597669054491,0.15182467750191533
193.05084745762713,5150.678076168122,0.1382497648198588
193.05084745762713,5790.443980602489,0.1258886090668964
193.05084745762713,6509.6752304581705,0.11463268609135036
193.05084745762713,7318.2422190761745,0.10438317507770069
193.05084745762713,8227.241341700466,0.09505009095415469
193.05084745762713,9249.147277217335,0.08655149437318771
193.05084745762713,10397.984184814899,0.07881277232912004
193.05084745762713,11689.518164985777,0.07176598309694718
193.05084745762713,13141.473626117553,0.06534925974134698
193.05084745762713,14773.776525985128,0.05950626695900009
193.05084745762713,16608.827826277167,0.05418570648559888
193.05084745762713,18671.810912919205,0.04934086672528871
193.05084745762713,20991.037201085546,0.044929212648537296
193.05084745762713,23598.33466782194,0.040912012357960346
193.05084745762713,26529.484644318945,0.03725399704355585
193.05084745762713,29824.71286216888,0.033923051341942324
193.05084745762713,33529.2414924956,0.030889931381124433
193.05084745762713,37693.909753883636,0.02812800803537455
193.05084745762713,42375.87160604064,0.025613033136148582
193.05084745762713,47639.380104013406,0.02332292658649724
193.05084745762713,53556.669177068965,0.021237582509953945
193.05084745762713,60208.94493336126,0.019338692731993037
193.05084745762713,67687.50009458528,0.01760958604432286
193.05084745762713,76094.96685459884,0.016035081840842284
193.05084745762713,85546.72535565685,0.014601356840265095
193.05084745762713,96172.48711152964,0.013295823725309868
193.05084745762713,108118.07510766077,0.012107020632974492
193.05084745762713,121547.4250076286,0.011024510525680415
193.05084745762713,136644.83492953243,0.010038789559820717
193.05084745762713,153617.49466718297,0.009141203647238152
193.05084745762713,172698.3290659436,0.008323872477089022
193.05084745762713,194149.19457438815,0.007579620331046214
193.05084745762713,218264.47283974872,0.0069019130844374015
193.05084745762713,245375.11066398167,0.006284800840222693
193.05084745762713,275853.1617629181,0.005722865692169683
193.05084745762713,310116.8926574775,0.005211174158615393
193.05084745762713,348636.52276780875,0.0047452338692095235
193.05084745762713,391940.6774847221,0.004320954124372627
193.05084745762713,440623.6427773573,0.00393460998120268
193.05084745762713,495353.52089591697,0.0035828095505243364
193.05084745762713,556881.3990945267,0.0032624642179667042
193.05084745762713,626051.6572014815,0.0029707615276272276
193.05084745762713,703813.5554931562,0.00270514049025506
193.05084745762713,791234.2618981326,0.00246326909917343
193.05084745762713,889513.4973108236,0.002243023856543056
193.05084745762713,1.0e6,0.0020424711302185912
197.11864406779662,1000.0,0.4880019406242996
197.11864406779662,1124.2100350620863,0.44436882483806334
197.11864406779662,1263.8482029342983,0.40463702303180704
197.11864406779662,1420.8308325339224,0.368457711829155
197.11864406779662,1597.312280060254,0.3355132567681648
197.11864406779662,1795.714494371641,0.3055144236453818
197.11864406779662,2018.7602546790388,0.27819783919854446
197.11864406779662,2269.5105366946686,0.2533236788341371
197.11864406779662,2551.4065200312875,0.2306735610993086
197.11864406779662,2868.3168133420118,0.21004863041277588
197.11864406779662,3224.590545296395,0.19126781122214692
197.11864406779662,3625.1170499885316,0.1741662182601203
197.11864406779662,4075.392965871778,0.15859370894248753
197.11864406779662,4581.597669054491,0.14441356519878937
197.11864406779662,5150.678076168122,0.13150129316281994
197.11864406779662,5790.443980602489,0.1197435301849253
197.11864406779662,6509.6752304581705,0.10903704957026328
197.11864406779662,7318.2422190761745,0.09928785430517384
197.11864406779662,8227.241341700466,0.09041035181507645
197.11864406779662,9249.147277217335,0.08232660250872131
197.11864406779662,10397.984184814899,0.0749656355114282
197.11864406779662,11689.518164985777,0.0682628255798235
197.11864406779662,13141.473626117553,0.06215932572773341
197.11864406779662,14773.776525985128,0.05660155058199754
197.11864406779662,16608.827826277167,0.051540705932352646
197.11864406779662,18671.810912919205,0.04693236034509187
197.11864406779662,20991.037201085546,0.04273605507950419
197.11864406779662,23598.33466782194,0.038914948882374185
197.11864406779662,26529.484644318945,0.03543549454203311
197.11864406779662,29824.71286216888,0.03226714436228367
197.11864406779662,33529.2414924956,0.02938208197042187
197.11864406779662,37693.909753883636,0.0267549781047774
197.11864406779662,42375.87160604064,0.02436276823772133
197.11864406779662,47639.380104013406,0.022184450081793886
197.11864406779662,53556.669177068965,0.020200899201167143
197.11864406779662,60208.94493336126,0.018394701109612423
197.11864406779662,67687.50009458528,0.016749998380885277
197.11864406779662,76094.96685459884,0.015252351429241057
197.11864406779662,85546.72535565685,0.013888611737810617
197.11864406779662,96172.48711152964,0.012646806421850782
197.11864406779662,108118.07510766077,0.011516033113398794
197.11864406779662,121547.4250076286,0.010486364244475365
197.11864406779662,136644.83492953243,0.009548759888495767
197.11864406779662,153617.49466718297,0.008694988394684283
197.11864406779662,172698.3290659436,0.007917554118706024
197.11864406779662,194149.19457438815,0.007209631615030451
197.11864406779662,218264.47283974872,0.006565005713272167
197.11864406779662,245375.11066398167,0.005978016952411811
197.11864406779662,275853.1617629181,0.005443511893839758
197.11864406779662,310116.8926574775,0.0049567978769983305
197.11864406779662,348636.52276780875,0.004513601820402011
197.11864406779662,391940.6774847221,0.004110032706331236
197.11864406779662,440623.6427773573,0.0037425474198359648
197.11864406779662,495353.52089591697,0.0034079196421343562
197.11864406779662,556881.3990945267,0.0031032115253075915
197.11864406779662,626051.6572014815,0.002825747899610309
197.11864406779662,703813.5554931562,0.002573092786950961
197.11864406779662,791234.2618981326,0.0023430280143434366
197.11864406779662,889513.4973108236,0.0021335337395676944
197.11864406779662,1.0e6,0.0019427707180655555
201.1864406779661,1000.0,0.4646555607380136
201.1864406779661,1124.2100350620863,0.4231098860292956
201.1864406779661,1263.8482029342983,0.3852788835054129
201.1864406779661,1420.8308325339224,0.35083041776267954
201.1864406779661,1597.312280060254,0.3194620502107201
201.1864406779661,1795.714494371641,0.2908983838279171
201.1864406779661,2018.7602546790388,0.2648886453269707
201.1864406779661,2269.5105366946686,0.24120448350330054
201.1864406779661,2551.4065200312875,0.21963796443701394
201.1864406779661,2868.3168133420118,0.19999974594740424
201.1864406779661,3224.590545296395,0.18211741527270037
201.1864406779661,3625.1170499885316,0.16583397538080563
201.1864406779661,4075.392965871778,0.15100646662166878
201.1864406779661,4581.597669054491,0.13750471162015274
201.1864406779661,5150.678076168122,0.12521017239024787
201.1864406779661,5790.443980602489,0.11401490963672453
201.1864406779661,6509.6752304581705,0.10382063510746316
201.1864406779661,7318.2422190761745,0.09453784867663606
201.1864406779661,8227.241341700466,0.08608505258280852
201.1864406779661,9249.147277217335,0.07838803592339791
201.1864406779661,10397.984184814899,0.07137922312374866
201.1864406779661,11689.518164985777,0.06499708066073764
201.1864406779661,13141.473626117553,0.05918557683227096
201.1864406779661,14773.776525985128,0.05389368982974394
201.1864406779661,16608.827826277167,0.04907495979461254
201.1864406779661,18671.810912919205,0.04468708092637718
201.1864406779661,20991.037201085546,0.040691530060913195
201.1864406779661,23598.33466782194,0.03705322845826887
201.1864406779661,26529.484644318945,0.033740233830613885
201.1864406779661,29824.71286216888,0.030723459906513328
201.1864406779661,33529.2414924956,0.027976421069455148
201.1864406779661,37693.909753883636,0.02547499982869862
201.1864406779661,42375.87160604064,0.02319723508096433
201.1864406779661,47639.380104013406,0.021123129304021326
201.1864406779661,53556.669177068965,0.019234472989435942
201.1864406779661,60208.94493336126,0.017514684773098876
201.1864406779661,67687.50009458528,0.01594866585996426
201.1864406779661,76094.96685459884,0.014522667464930064
201.1864406779661,85546.72535565685,0.013224170106063731
201.1864406779661,96172.48711152964,0.012041773690433515
201.1864406779661,108118.07510766077,0.010965097427560118
201.1864406779661,121547.4250076286,0.009984688691783318
201.1864406779661,136644.83492953243,0.009091940033405525
201.1864406779661,153617.49466718297,0.008279013610015493
201.1864406779661,172698.3290659436,0.007538772374541104
201.1864406779661,194149.19457438815,0.006864717415899715
201.1864406779661,218264.47283974872,0.006250930902131843
201.1864406779661,245375.11066398167,0.005692024125090024
201.1864406779661,275853.1617629181,0.005183090190543829
201.1864406779661,310116.8926574775,0.0047196609383462155
201.1864406779661,348636.52276780875,0.004297667714443889
201.1864406779661,391940.6774847221,0.003913405650331594
201.1864406779661,440623.6427773573,0.0035635011363434233
201.1864406779661,495353.52089591697,0.0032448822032147087
201.1864406779661,556881.3990945267,0.002954751551880749
201.1864406779661,626051.6572014815,0.0026905619947289058
201.1864406779661,703813.5554931562,0.002449994092691736
201.1864406779661,791234.2618981326,0.0022309357918471632
201.1864406779661,889513.4973108236,0.002031463880746163
201.1864406779661,1.0e6,0.001849827105673592
205.25423728813558,1000.0,0.44286047432179737
205.25423728813558,1124.2100350620863,0.4032635368003806
205.25423728813558,1263.8482029342983,0.36720703142856137
205.25423728813558,1420.8308325339224,0.3343744019120781
205.25423728813558,1597.312280060254,0.30447739581427763
205.25423728813558,1795.714494371641,0.2772535338581955
205.25423728813558,2018.7602546790388,0.25246380550280906
205.25423728813558,2269.5105366946686,0.2298905705618876
205.25423728813558,2551.4065200312875,0.20933564844281094
205.25423728813558,2868.3168133420118,0.19061857822992
205.25423728813558,3224.590545296395,0.1735750343368905
205.25423728813558,3625.1170499885316,0.15805538381842626
205.25423728813558,4075.392965871778,0.1439233726752639
205.25423728813558,4581.597669054491,0.13105492961896859
205.25423728813558,5150.678076168122,0.11933707679423178
205.25423728813558,5790.443980602489,0.10866693789541437
205.25423728813558,6509.6752304581705,0.09895083496914203
205.25423728813558,7318.2422190761745,0.09010346597337546
205.25423728813558,8227.241341700466,0.08204715587237887
205.25423728813558,9249.147277217335,0.07471117469260932
205.25423728813558,10397.984184814899,0.06803111655243474
205.25423728813558,11689.518164985777,0.06194833421390176
205.25423728813558,13141.473626117553,0.0564094241922291
205.25423728813558,14773.776525985128,0.051365757902571044
205.25423728813558,16608.827826277167,0.04677305472777746
205.25423728813558,18671.810912919205,0.04259099325891893
205.25423728813558,20991.037201085546,0.03878285729548444
205.25423728813558,23598.33466782194,0.03531521349732639
205.25423728813558,26529.484644318945,0.03215761785831477
205.25423728813558,29824.71286216888,0.029282348424700722
205.25423728813558,33529.2414924956,0.026664161911603323
205.25423728813558,37693.909753883636,0.0242800720808466
205.25423728813558,42375.87160604064,0.022109147934425314
205.25423728813558,47639.380104013406,0.020132329951849933
205.25423728813558,53556.669177068965,0.01833226275803509
205.25423728813558,60208.94493336126,0.016693142752647924
205.25423728813558,67687.50009458528,0.015200579363185474
205.25423728813558,76094.96685459884,0.013841468703659687
205.25423728813558,85546.72535565685,0.012603878529682679
205.25423728813558,96172.48711152964,0.01147694347992087
205.25423728813558,108118.07510766077,0.01045076968419614
205.25423728813558,121547.4250076286,0.009516347900744909
205.25423728813558,136644.83492953243,0.008665474420028607
205.25423728813558,153617.49466718297,0.007890679040674014
205.25423728813558,172698.3290659436,0.007185159485212205
205.25423728813558,194149.19457438815,0.006542721679821997
205.25423728813558,218264.47283974872,0.005957725373767194
205.25423728813558,245375.11066398167,0.005425034621095961
205.25423728813558,275853.1617629181,0.004939972689858973
205.25423728813558,310116.8926574775,0.004498281002974054
205.25423728813558,348636.52276780875,0.004096081750260623
205.25423728813558,391940.6774847221,0.003729843843398268
205.25423728813558,440623.6427773573,0.0033963519149125374
205.25423728813558,495353.52089591697,0.0030926780890162707
205.25423728813558,556881.3990945267,0.0028161562764698494
205.25423728813558,626051.6572014815,0.0025643587677834133
205.25423728813558,703813.5554931562,0.00233507491926223
205.25423728813558,791234.2618981326,0.0021262917447704205
205.25423728813558,889513.4973108236,0.0019361762428193484
205.25423728813558,1.0e6,0.0017630593038223037
209.32203389830508,1000.0,0.42248584819094087
209.32203389830508,1124.2100350620863,0.3847106419928291
209.32203389830508,1263.8482029342983,0.3503129837277901
209.32203389830508,1420.8308325339224,0.31899088086717
209.32203389830508,1597.312280060254,0.2904693425679069
209.32203389830508,1795.714494371641,0.264497965404112
209.32203389830508,2018.7602546790388,0.24084873496265666
209.32203389830508,2269.5105366946686,0.21931402400197889
209.32203389830508,2551.4065200312875,0.19970476959905242
209.32203389830508,2868.3168133420118,0.181848813280863
209.32203389830508,3224.590545296395,0.1655893895676646
209.32203389830508,3625.1170499885316,0.15078374965825175
209.32203389830508,4075.392965871778,0.13730190817396437
209.32203389830508,4581.597669054491,0.12502550195852688
209.32203389830508,5150.678076168122,0.11384675091460718
209.32203389830508,5790.443980602489,0.10366751175381825
209.32203389830508,6509.6752304581705,0.09439841635260188
209.32203389830508,7318.2422190761745,0.08595808714923617
209.32203389830508,8227.241341700466,0.07827242269358288
209.32203389830508,9249.147277217335,0.07127394707709414
209.32203389830508,10397.984184814899,0.06490121753143205
209.32203389830508,11689.518164985777,0.05909828499474191
209.32203389830508,13141.473626117553,0.053814202909648765
209.32203389830508,14773.776525985128,0.04900257994049238
209.32203389830508,16608.827826277167,0.04462117268290549
209.32203389830508,18671.810912919205,0.040631514789946886
209.32203389830508,20991.037201085546,0.03699857925872363
209.32203389830508,23598.33466782194,0.03369047091256239
209.32203389830508,26529.484644318945,0.030678146378893406
209.32203389830508,29824.71286216888,0.027935159104406523
209.32203389830508,33529.2414924956,0.025437427168852757
209.32203389830508,37693.909753883636,0.023163021859024295
209.32203389830508,42375.87160604064,0.02109197514670801
209.32203389830508,47639.380104013406,0.01920610438037585
209.32203389830508,53556.669177068965,0.01748885265150076
209.32203389830508,60208.94493336126,0.015925143434002295
209.32203389830508,67687.50009458528,0.014501248220636333
209.32203389830508,76094.96685459884,0.013204665994249012
209.32203389830508,85546.72535565685,0.012024013475718942
209.32203389830508,96172.48711152964,0.010948925185024582
209.32203389830508,108118.07510766077,0.009969962438028439
209.32203389830508,121547.4250076286,0.009078530480019414
209.32203389830508,136644.83492953243,0.008266803028491662
209.32203389830508,153617.49466718297,0.007527653562686791
209.32203389830508,172698.3290659436,0.006854592756659677
209.32203389830508,194149.19457438815,0.006241711506564227
209.32203389830508,218264.47283974872,0.005683629051970317
209.32203389830508,245375.11066398167,0.0051754457357454315
209.32203389830508,275853.1617629181,0.004712699987758713
209.32203389830508,310116.8926574775,0.004291329154748072
209.32203389830508,348636.52276780875,0.00390763383245809
209.32203389830508,391940.6774847221,0.0035582453869045035
209.32203389830508,440623.6427773573,0.0032400963796197697
209.32203389830508,495353.52089591697,0.0029503936372297446
209.32203389830508,556881.3990945267,0.0026865937289270647
209.32203389830508,626051.6572014815,0.002446380636546969
209.32203389830508,703813.5554931562,0.002227645421201092
209.32203389830508,791234.2618981326,0.0020284677079534783
209.32203389830508,889513.4973108236,0.0018470988259843885
209.32203389830508,1.0e6,0.0016819464562218974
213.38983050847457,1000.0,0.40341413592932
213.38983050847457,1124.2100350620863,0.3673441652232815
213.38983050847457,1263.8482029342983,0.3344992743319035
213.38983050847457,1420.8308325339224,0.30459110317040305
213.38983050847457,1597.312280060254,0.2773570744386948
213.38983050847457,1795.714494371641,0.2525580883370546
213.38983050847457,2018.7602546790388,0.22997642340133032
213.38983050847457,2269.5105366946686,0.20941382502818134
213.38983050847457,2551.4065200312875,0.19068976490865855
213.38983050847457,2868.3168133420118,0.17363985608889956
213.38983050847457,3224.590545296395,0.1581144097430514
213.38983050847457,3625.1170499885316,0.14397712098767257
213.38983050847457,4075.392965871778,0.13110387219979408
213.38983050847457,4581.597669054491,0.11938164333242661
213.38983050847457,5150.678076168122,0.10870751966068248
213.38983050847457,5790.443980602489,0.09898778824707145
213.38983050847457,6509.6752304581705,0.09013711519343066
213.38983050847457,7318.2422190761745,0.08207779645621245
213.38983050847457,8227.241341700466,0.074739075647702
213.38983050847457,9249.147277217335,0.06805652283383293
213.38983050847457,10397.984184814899,0.061971468874788466
213.38983050847457,11689.518164985777,0.056430490342208185
213.38983050847457,13141.473626117553,0.05138494049085773
213.38983050847457,14773.776525985128,0.04679052216695068
213.38983050847457,16608.827826277167,0.042606898903491564
213.38983050847457,18671.810912919205,0.038797340788271385
213.38983050847457,20991.037201085546,0.03532840199543164
213.38983050847457,23598.33466782194,0.032169627149501015
213.38983050847457,26529.484644318945,0.029293283943942188
213.38983050847457,29824.71286216888,0.02667411966674695
213.38983050847457,33529.2414924956,0.024289139495507938
213.38983050847457,37693.909753883636,0.0221174046155201
213.38983050847457,42375.87160604064,0.020139848388498888
213.38983050847457,47639.380104013406,0.018339108957978564
213.38983050847457,53556.669177068965,0.01669937682175756
213.38983050847457,60208.94493336126,0.015206256033160729
213.38983050847457,67687.50009458528,0.01384663781254209
213.38983050847457,76094.96685459884,0.012608585459406322
213.38983050847457,85546.72535565685,0.01148122955474102
213.38983050847457,96172.48711152964,0.010454672533493336
213.38983050847457,108118.07510766077,0.009519901789390307
213.38983050847457,121547.4250076286,0.008668710549210675
213.38983050847457,136644.83492953243,0.007893625821827847
213.38983050847457,153617.49466718297,0.007187842789456248
213.38983050847457,172698.3290659436,0.006545165065092314
213.38983050847457,194149.19457438815,0.005959950291643152
213.38983050847457,218264.47283974872,0.00542706060513331
213.38983050847457,245375.11066398167,0.004941817527083731
213.38983050847457,275853.1617629181,0.004499960890042812
213.38983050847457,310116.8926574775,0.004097611435658295
213.38983050847457,348636.52276780875,0.003731236756921651
213.38983050847457,391940.6774847221,0.003397620285576585
213.38983050847457,440623.6427773573,0.003093833052418098
213.38983050847457,495353.52089591697,0.002817207972553157
213.38983050847457,556881.3990945267,0.0025653164298616187
213.38983050847457,626051.6572014815,0.002335946955081885
213.38983050847457,703813.5554931562,0.002127085810326593
213.38983050847457,791234.2618981326,0.0019368993095710695
213.38983050847457,889513.4973108236,0.0017637177198981302
213.38983050847457,1.0e6,0.0016060206021610553
217.45762711864407,1000.0,0.3855395082564583
217.45762711864407,1124.2100350620863,0.3510677395942231
217.45762711864407,1263.8482029342983,0.3196781526779692
217.45762711864407,1420.8308325339224,0.29109516419172754
217.45762711864407,1597.312280060254,0.26506783121075167
217.45762711864407,1795.714494371641,0.24136764806060002
217.45762711864407,2018.7602546790388,0.2197865401629417
217.45762711864407,2269.5105366946686,0.20013503725515105
217.45762711864407,2551.4065200312875,0.18224060994556857
217.45762711864407,2868.3168133420118,0.16594615500029372
217.45762711864407,3224.590545296395,0.15110861606316278
217.45762711864407,3625.1170499885316,0.13759772769958972
217.45762711864407,4075.392965871778,0.12529487173766754
217.45762711864407,4581.597669054491,0.11409203586583205
217.45762711864407,5150.678076168122,0.10389086534414792
217.45762711864407,5790.443980602489,0.0946017995037655
217.45762711864407,6509.6752304581705,0.08614328545348642
217.45762711864407,7318.2422190761745,0.07844106209021395
217.45762711864407,8227.241341700466,0.07142750812729508
217.45762711864407,9249.147277217335,0.0650410484167998
217.45762711864407,10397.984184814899,0.059225613353574735
217.45762711864407,11689.518164985777,0.05393014661493551
217.45762711864407,13141.473626117553,0.04910815691422281
217.45762711864407,14773.776525985128,0.04471730983286536
217.45762711864407,16608.827826277167,0.04071905614745932
217.45762711864407,18671.810912919205,0.03707829338877969
217.45762711864407,20991.037201085546,0.03376305766139926
217.45762711864407,23598.33466782194,0.030744243018259593
217.45762711864407,26529.484644318945,0.027995345926457523
217.45762711864407,29824.71286216888,0.02549223258079714
217.45762711864407,33529.2414924956,0.02321292702224826
217.45762711864407,37693.909753883636,0.021137418201108187
217.45762711864407,42375.87160604064,0.0192474842909865
217.45762711864407,47639.380104013406,0.01752653271118749
217.45762711864407,53556.669177068965,0.01595945445297365
217.45762711864407,60208.94493336126,0.0145324914307756
217.45762711864407,67687.50009458528,0.013233115693764562
217.45762711864407,76094.96685459884,0.012049919437331587
217.45762711864407,85546.72535565685,0.010972514848834903
217.45762711864407,96172.48711152964,0.00999144290831572
217.45762711864407,108118.07510766077,0.009098090343503402
217.45762711864407,121547.4250076286,0.00828461401002024
217.45762711864407,136644.83492953243,0.0075438720328858
217.45762711864407,153617.49466718297,0.006869361104780957
217.45762711864407,172698.3290659436,0.00625515939058505
217.45762711864407,194149.19457438815,0.005695874536919101
217.45762711864407,218264.47283974872,0.005186596330247786
217.45762711864407,245375.11066398167,0.004722853587904065
217.45762711864407,275853.1617629181,0.004300574903563529
217.45762711864407,310116.8926574775,0.003916052902535189
217.45762711864407,348636.52276780875,0.0035659116930499266
217.45762711864407,391940.6774847221,0.0032470772277867492
217.45762711864407,440623.6427773573,0.0029567503154273055
217.45762711864407,495353.52089591697,0.0026923820452950478
217.45762711864407,556881.3990945267,0.002451651409320827
217.45762711864407,626051.6572014815,0.002232444924868052
217.45762711864407,703813.5554931562,0.002032838079517087
217.45762711864407,791234.2618981326,0.001851078434904268
217.45762711864407,889513.4973108236,0.00168557024127648
217.45762711864407,1.0e6,0.0015348604276856522
221.52542372881356,1000.0,0.368766493902579
221.52542372881356,1124.2100350620863,0.3357944300908016
221.52542372881356,1263.8482029342983,0.30577045676442255
221.52542372881356,1420.8308325339224,0.278430979944014
221.52542372881356,1597.312280060254,0.25353597405360623
221.52542372881356,1795.714494371641,0.2308668746280897
221.52542372881356,2018.7602546790388,0.2102246594373735
221.52542372881356,2269.5105366946686,0.1914281011806208
221.52542372881356,2551.4065200312875,0.17431217641018268
221.52542372881356,2868.3168133420118,0.15872661671645208
221.52542372881356,3224.590545296395,0.14453458945384237
221.52542372881356,3625.1170499885316,0.13161149642538492
221.52542372881356,4075.392965871778,0.1198438799790606
221.52542372881356,4581.597669054491,0.10912842691199187
221.52542372881356,5150.678076168122,0.0993710614373193
221.52542372881356,5790.443980602489,0.09048611925051384
221.52542372881356,6509.6752304581705,0.08239559544387912
221.52542372881356,7318.2422190761745,0.0750284596663464
221.52542372881356,8227.241341700466,0.06832003251604335
221.52542372881356,9249.147277217335,0.06221141769070399
221.52542372881356,10397.984184814899,0.05664898491051514
221.52542372881356,11689.518164985777,0.051583899073743424
221.52542372881356,13141.473626117553,0.04697169151139075
221.52542372881356,14773.776525985128,0.04277186957672803
221.52542372881356,16608.827826277167,0.03894756114211883
221.52542372881356,18671.810912919205,0.03546519088200974
221.52542372881356,20991.037201085546,0.03229418550003105
221.52542372881356,23598.33466782194,0.029406705312262953
221.52542372881356,26529.484644318945,0.026777399830116257
221.52542372881356,29824.71286216888,0.024383185196979563
221.52542372881356,33529.2414924956,0.022203041524649067
221.52542372881356,37693.909753883636,0.0202178283502665
221.52542372881356,42375.87160604064,0.018410116593577837
221.52542372881356,47639.380104013406,0.016764035539190966
221.52542372881356,53556.669177068965,0.015265133500419695
221.52542372881356,60208.94493336126,0.013900250941419886
221.52542372881356,67687.50009458528,0.012657404943699465
221.52542372881356,76094.96685459884,0.011525684002681906
221.52542372881356,85546.72535565685,0.010495152230695038
221.52542372881356,96172.48711152964,0.009556762125339608
221.52542372881356,108118.07510766077,0.008702275137392378
221.52542372881356,121547.4250076286,0.007924189340873276
221.52542372881356,136644.83492953243,0.007215673570259625
221.52542372881356,153617.49466718297,0.006570507446608458
221.52542372881356,172698.3290659436,0.005983026766049215
221.52542372881356,194149.19457438815,0.005448073771187752
221.52542372881356,218264.47283974872,0.0049609518688320305
221.52542372881356,245375.11066398167,0.004517384396485971
221.52542372881356,275853.1617629181,0.0041134770756039085
221.52542372881356,310116.8926574775,0.00374568382196594
221.52542372881356,348636.52276780875,0.003410775613008018
221.52542372881356,391940.6774847221,0.0031058121387790806
221.52542372881356,440623.6427773573,0.0028281159876361573
221.52542372881356,495353.52089591697,0.0025752491400421315
221.52542372881356,556881.3990945267,0.0023449915640945565
221.52542372881356,626051.6572014815,0.0021353217248660725
221.52542372881356,703813.5554931562,0.0019443988364391226
221.52542372881356,791234.2618981326,0.0017705467008176218
221.52542372881356,889513.4973108236,0.0016122389918300664
221.52542372881356,1.0e6,0.001468085854824892
225.59322033898306,1000.0,0.35300879951633046
225.59322033898306,1124.2100350620863,0.3214456590026852
225.59322033898306,1263.8482029342983,0.29270463465285523
225.59322033898306,1420.8308325339224,0.2665333960740961
225.59322033898306,1597.312280060254,0.24270217417993326
225.59322033898306,1795.714494371641,0.22100174394390426
225.59322033898306,2018.7602546790388,0.2012415875188535
225.59322033898306,2269.5105366946686,0.18324822159497436
225.59322033898306,2551.4065200312875,0.16686367431172694
225.59322033898306,2868.3168133420118,0.15194409835174982
225.59322033898306,3224.590545296395,0.1383585080404989
225.59322033898306,3625.1170499885316,0.12598762936403535
225.59322033898306,4075.392965871778,0.1147228528087581
225.59322033898306,4581.597669054491,0.10446527982958495
225.59322033898306,5150.678076168122,0.09512485457509799
225.59322033898306,5790.443980602489,0.08661957324667885
225.59322033898306,6509.6752304581705,0.07887476415024038
225.59322033898306,7318.2422190761745,0.07182243211980473
225.59322033898306,8227.241341700466,0.06540066155732824
225.59322033898306,9249.147277217335,0.05955307284779009
225.59322033898306,10397.984184814899,0.05422832737716846
225.59322033898306,11689.518164985777,0.049379676807634075
225.59322033898306,13141.473626117553,0.0449645526528447
225.59322033898306,14773.776525985128,0.04094419255003855
225.59322033898306,16608.827826277167,0.03728329994779954
225.59322033898306,18671.810912919205,0.03394973422174082
225.59322033898306,20991.037201085546,0.030914228497492872
225.59322033898306,23598.33466782194,0.028150132703636716
225.59322033898306,26529.484644318945,0.025633179598728243
225.59322033898306,29824.71286216888,0.023341271718259865
225.59322033898306,33529.2414924956,0.02125428737107069
225.59322033898306,37693.909753883636,0.01935390398196068
225.59322033898306,42375.87160604064,0.0176234372295534
225.59322033898306,47639.380104013406,0.016047694567127027
225.59322033898306,53556.669177068965,0.014612841840406662
225.59322033898306,60208.94493336126,0.013306281831295352
225.59322033898306,67687.50009458528,0.012116543661224865
225.59322033898306,76094.96685459884,0.011033182083148192
225.59322033898306,85546.72535565685,0.010046685778013088
225.59322033898306,96172.48711152964,0.009148393850609744
225.59322033898306,108118.07510766077,0.008330419791672426
225.59322033898306,121547.4250076286,0.007585582238663939
225.59322033898306,136644.83492953243,0.006907341927360635
225.59322033898306,153617.49466718297,0.006289744280707654
225.59322033898306,172698.3290659436,0.005727367130906071
225.59322033898306,194149.19457438815,0.005215273115760545
225.59322033898306,218264.47283974872,0.004748966331353683
225.59322033898306,245375.11066398167,0.0043243528604814015
225.59322033898306,275853.1617629181,0.003937704830310577
225.59322033898306,310116.8926574775,0.003585627683705049
225.59322033898306,348636.52276780875,0.0032650303768802227
225.59322033898306,391940.6774847221,0.0029730982417380146
225.59322033898306,440623.6427773573,0.00270726827462835
225.59322033898306,495353.52089591697,0.002465206634586215
225.59322033898306,556881.3990945267,0.0022447881534910573
225.59322033898306,626051.6572014815,0.002044077678259045
225.59322033898306,703813.5554931562,0.0018613130812628951
225.59322033898306,791234.2618981326,0.0016948897898200743
225.59322033898306,889513.4973108236,0.001543346698926787
225.59322033898306,1.0e6,0.0014053533435593297
229.66101694915255,1000.0,0.33818828230404063
229.66101694915255,1124.2100350620863,0.30795027042145895
229.66101694915255,1263.8482029342983,0.280415892610353
229.66101694915255,1420.8308325339224,0.2553434121712064
229.66101694915255,1597.312280060254,0.23251270650994263
229.66101694915255,1795.714494371641,0.21172333458256723
229.66101694915255,2018.7602546790388,0.19279277713299878
229.66101694915255,2269.5105366946686,0.17555483427434432
229.66101694915255,2551.4065200312875,0.1598581663452649
229.66101694915255,2868.3168133420118,0.14556496523095136
229.66101694915255,3224.590545296395,0.13254974448364013
229.66101694915255,3625.1170499885316,0.12069823762058997
229.66101694915255,4075.392965871778,0.10990639492718472
229.66101694915255,4581.597669054491,0.10007946995764325
229.66101694915255,5150.678076168122,0.09113118771331322
229.66101694915255,5790.443980602489,0.08298298719561584
229.66101694915255,6509.6752304581705,0.07556333168366855
229.66101694915255,7318.2422190761745,0.06880708068120459
229.66101694915255,8227.241341700466,0.06265491801882848
229.66101694915255,9249.147277217335,0.057052831090659076
229.66101694915255,10397.984184814899,0.05195163665334469
229.66101694915255,11689.518164985777,0.04730654902422597
229.66101694915255,13141.473626117553,0.04307678688766423
229.66101694915255,14773.776525985128,0.03922521525751054
229.66101694915255,16608.827826277167,0.03571801945234333
229.66101694915255,18671.810912919205,0.03252440822115568
229.66101694915255,20991.037201085546,0.029616343413099804
229.66101694915255,23598.33466782194,0.026968293817937253
229.66101694915255,26529.484644318945,0.024557011016049356
229.66101694915255,29824.71286216888,0.022361325270094348
229.66101694915255,33529.2414924956,0.020361959666352018
229.66101694915255,37693.909753883636,0.018541360874019325
229.66101694915255,42375.87160604064,0.016883545036616092
229.66101694915255,47639.380104013406,0.01537395744251274
229.66101694915255,53556.669177068965,0.013999344742563934
229.66101694915255,60208.94493336126,0.012747638592989429
229.66101694915255,67687.50009458528,0.011607849701950529
229.66101694915255,76094.96685459884,0.01056997134960936
229.66101694915255,85546.72535565685,0.009624891534630158
229.66101694915255,96172.48711152964,0.008764312975817002
229.66101694915255,108118.07510766077,0.0079806802665466
229.66101694915255,121547.4250076286,0.007267113542451854
229.66101694915255,136644.83492953243,0.0066173480799951315
229.66101694915255,153617.49466718297,0.00602567929563972
229.66101694915255,172698.3290659436,0.005486912662742685
229.66101694915255,194149.19457438815,0.004996318106466659
229.66101694915255,218264.47283974872,0.004549588476323315
229.66101694915255,245375.11066398167,0.004142801731759994
229.66101694915255,275853.1617629181,0.003772386508799913
229.66101694915255,310116.8926574775,0.003435090765429858
229.66101694915255,348636.52276780875,0.003127953230459222
229.66101694915255,391940.6774847221,0.0028482774051869753
229.66101694915255,440623.6427773573,0.0025936078896255134
229.66101694915255,495353.52089591697,0.0023617088254386967
229.66101694915255,556881.3990945267,0.0021505442663348694
229.66101694915255,626051.6572014815,0.0019582603035777275
229.66101694915255,703813.5554931562,0.0017831687896868419
229.66101694915255,791234.2618981326,0.0016237325174308908
229.66101694915255,889513.4973108236,0.0014785517239932608
229.66101694915255,1.0e6,0.0013463518018240897
233.72881355932202,1000.0,0.32423405334870886
233.72881355932202,1124.2100350620863,0.29524371373344793
233.72881355932202,1263.8482029342983,0.2688454516076671
233.72881355932202,1420.8308325339224,0.24480750474296112
233.72881355932202,1597.312280060254,0.2229188331812782
233.72881355932202,1795.714494371641,0.20298726642011286
233.72881355932202,2018.7602546790388,0.1848378162611449
233.72881355932202,2269.5105366946686,0.16831114051006077
233.72881355932202,2551.4065200312875,0.15326214403969052
233.72881355932202,2868.3168133420118,0.13955870493455982
233.72881355932202,3224.590545296395,0.1270805145331104
233.72881355932202,3625.1170499885316,0.11571802118379283
233.72881355932202,4075.392965871778,0.10537146844179503
233.72881355932202,4581.597669054491,0.09595001926230048
233.72881355932202,5150.678076168122,0.08737095850117388
233.72881355932202,5790.443980602489,0.07955896672147078
233.72881355932202,6509.6752304581705,0.0724454589301897
233.72881355932202,7318.2422190761745,0.06596798243973948
233.72881355932202,8227.241341700466,0.06006966856767734
233.72881355932202,9249.147277217335,0.054698733360941804
233.72881355932202,10397.984184814899,0.049808022961214365
233.72881355932202,11689.518164985777,0.045354599619967184
233.72881355932202,13141.473626117553,0.04129936472863718
233.72881355932202,14773.776525985128,0.03760671555433813
233.72881355932202,16608.827826277167,0.03424423266743958
233.72881355932202,18671.810912919205,0.03118239531679771
233.72881355932202,20991.037201085546,0.028394322253790138
233.72881355932202,23598.33466782194,0.025855535729731732
233.72881355932202,26529.484644318945,0.02354374659469816
233.72881355932202,29824.71286216888,0.021438658611043708
233.72881355932202,33529.2414924956,0.019521790263592922
233.72881355932202,37693.909753883636,0.017776312502098233
233.72881355932202,42375.87160604064,0.01618690099143067
233.72881355932202,47639.380104013406,0.014739601572342529
233.72881355932202,53556.669177068965,0.013421707751620732
233.72881355932202,60208.94493336126,0.012221649146062122
233.72881355932202,67687.50009458528,0.011128889900870036
233.72881355932202,76094.96685459884,0.01013383619064148
233.72881355932202,85546.72535565685,0.009227751990854606
233.72881355932202,96172.48711152964,0.008402682380376131
233.72881355932202,108118.07510766077,0.007651383701627266
233.72881355932202,121547.4250076286,0.006967259965252519
233.72881355932202,136644.83492953243,0.006344304940959462
233.72881355932202,153617.49466718297,0.0057770494261188
233.72881355932202,172698.3290659436,0.005260513229172167
233.72881355932202,194149.19457438815,0.004790161446288159
233.72881355932202,218264.47283974872,0.004361864647399877
233.72881355932202,245375.11066398167,0.0039718626220792185
233.72881355932202,275853.1617629181,0.00361673136695655
233.72881355932202,310116.8926574775,0.003293353024853559
233.72881355932202,348636.52276780875,0.0029988885117113472
233.72881355932202,391940.6774847221,0.0027307525909932504
233.72881355932202,440623.6427773573,0.002486591176729317
233.72881355932202,495353.52089591697,0.002264260665935728
233.72881355932202,556881.3990945267,0.0020618091189590843
233.72881355932202,626051.6572014815,0.001877459122519378
233.72881355932202,703813.5554931562,0.0017095921849985649
233.72881355932202,791234.2618981326,0.0015567345269739716
233.72881355932202,889513.4973108236,0.001417544142245193
233.72881355932202,1.0e6,0.0012907990157574611
237.79661016949152,1000.0,0.3110816930595368
237.79661016949152,1124.2100350620863,0.2832673292172933
237.79661016949152,1263.8482029342983,0.25793989679277435
237.79661016949152,1420.8308325339224,0.23487703485363776
237.79661016949152,1597.312280060254,0.21387626415140276
237.79661016949152,1795.714494371641,0.19475320946496572
237.79661016949152,2018.7602546790388,0.17733998088752434
237.79661016949152,2269.5105366946686,0.1614836998454956
237.79661016949152,2551.4065200312875,0.14704515690869022
237.79661016949152,2868.3168133420118,0.13389758960804757
237.79661016949152,3224.590545296395,0.12192556953084922
237.79661016949152,3625.1170499885316,0.11102398892271373
237.79661016949152,4075.392965871778,0.1010971378992992
237.79661016949152,4581.597669054491,0.0920578641661374
237.79661016949152,5150.678076168122,0.08382680786940215
237.79661016949152,5790.443980602489,0.07633170486002262
237.79661016949152,6509.6752304581705,0.06950675225418392
237.79661016949152,7318.2422190761745,0.06329203072018305
237.79661016949152,8227.241341700466,0.05763297841963927
237.79661016949152,9249.147277217335,0.05247991198454944
237.79661016949152,10397.984184814899,0.04778759032463162
237.79661016949152,11689.518164985777,0.043514817435424694
237.79661016949152,13141.473626117553,0.03962408072001771
237.79661016949152,14773.776525985128,0.03608122164907237
237.79661016949152,16608.827826277167,0.03285513586771507
237.79661016949152,18671.810912919205,0.029917500116401118
237.79661016949152,20991.037201085546,0.027242523568267556
237.79661016949152,23598.33466782194,0.024806721399852374
237.79661016949152,26529.484644318945,0.022588708607255783
237.79661016949152,29824.71286216888,0.020569012257562903
237.79661016949152,33529.2414924956,0.01872990052719844
237.79661016949152,37693.909753883636,0.01705522702626433
237.79661016949152,42375.87160604064,0.015530289042113041
237.79661016949152,47639.380104013406,0.014141698457613858
237.79661016949152,53556.669177068965,0.012877264210844841
237.79661016949152,60208.94493336126,0.011725885264271508
237.79661016949152,67687.50009458528,0.010677453143740299
237.79661016949152,76094.96685459884,0.00972276319163288
237.79661016949152,85546.72535565685,0.008853433755032794
237.79661016949152,96172.48711152964,0.008061832599420747
237.79661016949152,108118.07510766077,0.00734100990185161
237.79661016949152,121547.4250076286,0.006684637235329784
237.79661016949152,136644.83492953243,0.006086952008699344
237.79661016949152,153617.49466718297,0.005542706874261819
237.79661016949152,172698.3290659436,0.005047123658948286
237.79661016949152,194149.19457438815,0.004595851414586689
237.79661016949152,218264.47283974872,0.004184928218968944
237.79661016949152,245375.11066398167,0.0038107463923521124
237.79661016949152,275853.1617629181,0.0034700208240136623
237.79661016949152,310116.8926574775,0.0031597601307853857
237.79661016949152,348636.52276780875,0.0028772403943537702
237.79661016949152,391940.6774847221,0.002619981246754753
237.79661016949152,440623.6427773573,0.0023857240941066084
237.79661016949152,495353.52089591697,0.0021724122873974044
237.79661016949152,556881.3990945267,0.0019781730662373617
237.79661016949152,626051.6572014815,0.0018013011170522264
237.79661016949152,703813.5554931562,0.001640243601367617
237.79661016949152,791234.2618981326,0.0014935865227409452
237.79661016949152,889513.4973108236,0.0013600423126500063
237.79661016949152,1.0e6,0.0012384385263492367
241.864406779661,1000.0,0.2986725631001507
241.864406779661,1124.2100350620863,0.27196772149388787
241.864406779661,1263.8482029342983,0.24765060696176
241.864406779661,1420.8308325339224,0.22550772860707494
241.864406779661,1597.312280060254,0.20534468413144058
241.864406779661,1795.714494371641,0.18698445308946346
241.864406779661,2018.7602546790388,0.17026584274655956
241.864406779661,2269.5105366946686,0.15504207289536273
241.864406779661,2551.4065200312875,0.14117948720620138
241.864406779661,2868.3168133420118,0.1285563797980032
241.864406779661,3224.590545296395,0.11706192672757144
241.864406779661,3625.1170499885316,0.10659521301629062
241.864406779661,4075.392965871778,0.09706434667209483
241.864406779661,4581.597669054491,0.08838565192829775
241.864406779661,5150.678076168122,0.08048293461636304
241.864406779661,5790.443980602489,0.07328681322299453
241.864406779661,6509.6752304581705,0.0667341097585937
241.864406779661,7318.2422190761745,0.06076729508924415
241.864406779661,8227.241341700466,0.0553339838625442
241.864406779661,9249.147277217335,0.05038647459301258
241.864406779661,10397.984184814899,0.04588133086927124
241.864406779661,11689.518164985777,0.04177900000623319
241.864406779661,13141.473626117553,0.038043465794272785
241.864406779661,14773.776525985128,0.034641932296705806
241.864406779661,16608.827826277167,0.03154453591949589
241.864406779661,18671.810912919205,0.028724083225316756
241.864406779661,20991.037201085546,0.026155812190123005
241.864406779661,23598.33466782194,0.023817174806192363
241.864406779661,26529.484644318945,0.021687639123014243
241.864406779661,29824.71286216888,0.019748508988052096
241.864406779661,33529.2414924956,0.017982759904802834
241.864406779661,37693.909753883636,0.016374889567077215
241.864406779661,42375.87160604064,0.01491078175727411
241.864406779661,47639.380104013406,0.013577582413750757
241.864406779661,53556.669177068965,0.012363586779228377
241.864406779661,60208.94493336126,0.011258136639458191
241.864406779661,67687.50009458528,0.010251526749959964
241.864406779661,76094.96685459884,0.00933491962931108
241.864406779661,85546.72535565685,0.008500267970918357
241.864406779661,96172.48711152964,0.0077402439920902545
241.864406779661,108118.07510766077,0.007048175100133526
241.864406779661,121547.4250076286,0.006417985310657758
241.864406779661,136644.83492953243,0.005844141903772851
241.864406779661,153617.49466718297,0.0053216068498501135
241.864406779661,172698.3290659436,0.004845792578391917
241.864406779661,194149.19457438815,0.004412521701684812
241.864406779661,218264.47283974872,0.004017990339632055
241.864406779661,245375.11066398167,0.0036587347237776163
241.864406779661,275853.1617629181,0.003331600787323426
241.864406779661,310116.8926574775,0.0030337164741569044
241.864406779661,348636.52276780875,0.002762466523777279
241.864406779661,391940.6774847221,0.0025154695107461925
241.864406779661,440623.6427773573,0.0022905569370815825
241.864406779661,495353.52089591697,0.002085754194037592
241.864406779661,556881.3990945267,0.0018992632261253676
241.864406779661,626051.6572014815,0.0017294467451743855
241.864406779661,703813.5554931562,0.0015748138558424538
241.864406779661,791234.2618981326,0.0014340069663742747
241.864406779661,889513.4973108236,0.0013057898696921758
241.864406779661,1.0e6,0.0011890368901776186
245.9322033898305,1000.0,0.2869532015484943
245.9322033898305,1124.2100350620863,0.2612962087660908
245.9322033898305,1263.8482029342983,0.23793325304298432
245.9322033898305,1420.8308325339224,0.21665922047225528
245.9322033898305,1597.312280060254,0.19728733674382637
245.9322033898305,1795.714494371641,0.17964752736870568
245.9322033898305,2018.7602546790388,0.1635849245184754
245.9322033898305,2269.5105366946686,0.1489585073709
245.9322033898305,2551.4065200312875,0.13563986402463674
245.9322033898305,2868.3168133420118,0.12351206411333931
245.9322033898305,3224.590545296395,0.11246863222132684
245.9322033898305,3625.1170499885316,0.10241261308797094
245.9322033898305,4075.392965871778,0.09325572039381107
245.9322033898305,4581.597669054491,0.08491756165520746
245.9322033898305,5150.678076168122,0.0773249324225318
245.9322033898305,5790.443980602489,0.07041117358534563
245.9322033898305,6509.6752304581705,0.06411558614205838
245.9322033898305,7318.2422190761745,0.05838289829606349
245.9322033898305,8227.241341700466,0.05316278019975168
245.9322033898305,9249.147277217335,0.0484094020861186
245.9322033898305,10397.984184814899,0.04408103190860686
245.9322033898305,11689.518164985777,0.04013966895668002
245.9322033898305,13141.473626117553,0.03655071023047613
245.9322033898305,14773.776525985128,0.03328264664549263
245.9322033898305,16608.827826277167,0.030306786400147428
245.9322033898305,18671.810912919205,0.02759700307753472
245.9322033898305,20991.037201085546,0.025129506269848403
245.9322033898305,23598.33466782194,0.022882632711680735
245.9322033898305,26529.484644318945,0.020836656088462035
245.9322033898305,29824.71286216888,0.01897361385026365
245.9322033898305,33529.2414924956,0.017277149510485007
245.9322033898305,37693.909753883636,0.01573236904489362
245.9322033898305,42375.87160604064,0.014325710130280564
245.9322033898305,47639.380104013406,0.013044823074718999
245.9322033898305,53556.669177068965,0.01187846239405855
245.9322033898305,60208.94493336126,0.010816388082756926
245.9322033898305,67687.50009458528,0.009849275712260958
245.9322033898305,76094.96685459884,0.008968634567650203
245.9322033898305,85546.72535565685,0.008166733103827959
245.9322033898305,96172.48711152964,0.007436531066805835
245.9322033898305,108118.07510766077,0.006771617684144332
245.9322033898305,121547.4250076286,0.006166155381895279
245.9322033898305,136644.83492953243,0.0056148285339119135
245.9322033898305,153617.49466718297,0.005112796793573695
245.9322033898305,172698.3290659436,0.004655652598204095
245.9322033898305,194149.19457438815,0.0042393824730934185
245.9322033898305,218264.47283974872,0.003860331795397374
245.9322033898305,245375.11066398167,0.00351517270855772
245.9322033898305,275853.1617629181,0.00320087490555124
245.9322033898305,310116.8926574775,0.0029146790244600628
245.9322033898305,348636.52276780875,0.002654072422791051
245.9322033898305,391940.6774847221,0.002416767117856098
245.9322033898305,440623.6427773573,0.0022006796995419817
245.9322033898305,495353.52089591697,0.0020039130391149894
245.9322033898305,556881.3990945267,0.0018247396334736207
245.9322033898305,626051.6572014815,0.0016615864386210918
245.9322033898305,703813.5554931562,0.0015130210592038582
245.9322033898305,791234.2618981326,0.0013777391728679168
245.9322033898305,889513.4973108236,0.0012545530790255969
245.9322033898305,1.0e6,0.0011423812714973847
250.0,1000.0,0.2758747900439944
250.0,1124.2100350620863,0.2512083376092071
250.0,1263.8482029342983,0.22874735627100143
250.0,1420.8308325339224,0.20829465096167535
250.0,1597.312280060254,0.18967065817296339
250.0,1795.714494371641,0.17271186948715356
250.0,2018.7602546790388,0.1572693960630734
250.0,2269.5105366946686,0.14320766147391828
250.0,2551.4065200312875,0.13040321142076122
250.0,2868.3168133420118,0.1187436298716795
250.0,3224.590545296395,0.10812655211079858
250.0,3625.1170499885316,0.09845876603236338
250.0,4075.392965871778,0.08965539378969534
250.0,4581.597669054491,0.08163914661436274
250.0,5150.678076168122,0.07433964626328436
250.0,5790.443980602489,0.06769280713644782
250.0,6509.6752304581705,0.061640273640574055
250.0,7318.2422190761745,0.056128907859090235
250.0,8227.241341700466,0.051110323030436576
250.0,9249.147277217335,0.046540458738901114
250.0,10397.984184814899,0.04237919408839348
250.0,11689.518164985777,0.03858999546303423
250.0,13141.473626117553,0.03513959578209276
250.0,14773.776525985128,0.031997702433307844
250.0,16608.827826277167,0.029136731320406225
250.0,18671.810912919205,0.026531564689901983
250.0,20991.037201085546,0.024159330611030237
250.0,23598.33466782194,0.021999202172769367
250.0,26529.484644318945,0.0200322146350123
250.0,29824.71286216888,0.018241098928574676
250.0,33529.2414924956,0.016610130042261452
250.0,37693.909753883636,0.015124988965913971
250.0,42375.87160604064,0.013772636977372701
250.0,47639.380104013406,0.012541201169665223
250.0,53556.669177068965,0.011419870213410345
250.0,60208.94493336126,0.010398799439289919
250.0,67687.50009458528,0.00946902440726458
250.0,76094.96685459884,0.008622382203718587
250.0,85546.72535565685,0.007851439775566075
250.0,96172.48711152964,0.007149428672131382
250.0,108118.07510766077,0.006510185621873294
250.0,121547.4250076286,0.00592809842224927
250.0,136644.83492953243,0.005398056667662594
250.0,153617.49466718297,0.004915406882910771
250.0,172698.3290659436,0.004475911668231643
250.0,194149.19457438815,0.004075712497263036
250.0,218264.47283974872,0.0037112958413026446
250.0,245375.11066398167,0.0033794623224576753
250.0,275853.1617629181,0.003077298624865864
250.0,310116.8926574775,0.002802151917383874
250.0,348636.52276780875,0.0025516065631883116
250.0,391940.6774847221,0.002323462911812488
250.0,440623.6427773573,0.0021157179874245952
250.0,495353.52089591697,0.0019265479038011143
250.0,556881.3990945267,0.0017542918516084837
250.0,626051.6572014815,0.001597437517410223
250.0,703813.5554931562,0.0014546078063863881
250.0,791234.2618981326,0.0013245487521981517
250.0,889513.4973108236,0.0012061185078527281
250.0,1.0e6,0.001098277320914547
