frame,t,norm,peak_density,Fz,pop_c1,pop_c2,pop_c3,pop_c4,pop_c5,pop_c6,pop_c7,pop_c8,pop_c9,pop_c10,pop_c11,pop_c12,pop_c13
1,0.000000e+00,1.000000e+00,1.150572e-02,5.999994e+00,9.999942e-01,5.846254e-06,3.864994e-11,2.006876e-16,7.918706e-22,2.365987e-27,4.512817e-32,2.149803e-32,1.184433e-32,8.587666e-33,2.424865e-33,6.504003e-33,1.762309e-33
2,1.400000e-01,1.000000e+00,1.144033e-02,5.999795e+00,9.997947e-01,2.052601e-04,4.761321e-08,8.677825e-12,1.202316e-15,1.265474e-19,1.010114e-23,9.611005e-28,5.756366e-28,5.018606e-28,1.841719e-28,7.284440e-28,2.481535e-28
3,1.600000e-01,9.999914e-01,1.141899e-02,5.999544e+00,9.995957e-01,4.041190e-04,1.849051e-07,6.656817e-11,1.823398e-14,3.796239e-18,6.016998e-22,9.418976e-26,3.754896e-26,4.259536e-26,1.683759e-26,6.624877e-26,2.707585e-26
4,1.800000e-01,9.999828e-01,1.139421e-02,5.999188e+00,9.992917e-01,7.077474e-04,5.679461e-07,3.590564e-10,1.728395e-13,6.326812e-17,1.762911e-20,3.897717e-24,1.339081e-25,1.538362e-25,5.981428e-26,2.349399e-25,9.808833e-26
5,2.000000e-01,9.999743e-01,1.136577e-02,5.998730e+00,9.988852e-01,1.113394e-03,1.407234e-06,1.402861e-09,1.065557e-12,6.157068e-16,2.706707e-19,9.205067e-23,2.875637e-25,3.212045e-25,1.223968e-25,4.768019e-25,2.038269e-25
6,2.200000e-01,9.999659e-01,1.133346e-02,5.998172e+00,9.983791e-01,1.617887e-03,2.974781e-06,4.319073e-09,4.780922e-12,4.027324e-15,2.580721e-18,1.263030e-21,7.902924e-25,5.222645e-25,1.946182e-25,7.515926e-25,3.314195e-25
7,2.400000e-01,9.999576e-01,1.129708e-02,5.997517e+00,9.977767e-01,2.217684e-03,5.595771e-06,1.116243e-08,1.698672e-11,1.967772e-14,1.734095e-17,1.160398e-20,5.809297e-24,7.231341e-25,2.678051e-25,1.016234e-24,4.633727e-25
8,2.600000e-01,9.999493e-01,1.125647e-02,5.996768e+00,9.970814e-01,2.908916e-03,9.639641e-06,2.528472e-08,5.062583e-11,7.718235e-14,8.952031e-17,7.864443e-20,5.004204e-23,8.735891e-25,3.333164e-25,1.236018e-24,5.855073e-25
9,2.800000e-01,9.999411e-01,1.121153e-02,5.995928e+00,9.962970e-01,3.687445e-03,1.551091e-05,5.170909e-08,1.316674e-10,2.553451e-13,3.767505e-16,4.205511e-19,3.438970e-22,9.720378e-25,3.843334e-25,1.388891e-24,6.857864e-25
10,3.000000e-01,9.999330e-01,1.116214e-02,5.995002e+00,9.954273e-01,4.548915e-03,2.364006e-05,9.749390e-08,3.072934e-10,7.378423e-13,1.347904e-15,1.861788e-18,1.898196e-21,1.589365e-24,4.167068e-25,1.468918e-24,7.558742e-25
11,3.200000e-01,9.999250e-01,1.110827e-02,5.993992e+00,9.944765e-01,5.488806e-03,3.447473e-05,1.720676e-07,6.567633e-10,1.910032e-12,4.226240e-15,7.067716e-18,8.756248e-21,6.419228e-24,4.318988e-25,1.482128e-24,7.924944e-25
12,3.400000e-01,9.999171e-01,1.104990e-02,5.992903e+00,9.934487e-01,6.502491e-03,4.847146e-05,2.875195e-07,1.305039e-09,4.514200e-12,1.187967e-14,2.362190e-17,3.485268e-20,3.216147e-23,4.420939e-25,1.443554e-24,7.983643e-25
13,3.600000e-01,9.999093e-01,1.098703e-02,5.991738e+00,9.923482e-01,7.585279e-03,6.608820e-05,4.588363e-07,2.439087e-09,9.882550e-12,3.046151e-14,7.092664e-17,1.226187e-19,1.410949e-22,5.067768e-25,1.374148e-24,7.787683e-25
14,3.800000e-01,9.999016e-01,1.091970e-02,5.990500e+00,9.911790e-01,8.732471e-03,8.777761e-05,7.040766e-07,4.326611e-09,2.026807e-11,7.222411e-14,1.943653e-16,3.884353e-19,5.357018e-22,8.586550e-25,1.293035e-24,7.417858e-25
15,4.000000e-01,9.998939e-01,1.084796e-02,5.989194e+00,9.899456e-01,9.939402e-03,1.139814e-04,1.044481e-06,7.336847e-09,3.929275e-11,1.600580e-13,4.922634e-16,1.124221e-18,1.806283e-21,2.283475e-24,1.216092e-24,6.949921e-25
16,4.200000e-01,9.998864e-01,1.077189e-02,5.987823e+00,9.886519e-01,1.120148e-02,1.451256e-04,1.504522e-06,1.196293e-08,7.253083e-11,3.344409e-13,1.164006e-15,3.007735e-18,5.523682e-21,7.178618e-24,1.156360e-24,6.440504e-25
17,4.400000e-01,9.998790e-01,1.069158e-02,5.986391e+00,9.873020e-01,1.251423e-02,1.816169e-04,2.111886e-06,1.884531e-08,1.282412e-10,6.636020e-13,2.591233e-15,7.509914e-18,1.555279e-20,2.222461e-23,1.124019e-24,5.942265e-25
18,4.600000e-01,9.998716e-01,1.060713e-02,5.984902e+00,9.858999e-01,1.387330e-02,2.238397e-04,2.897415e-06,2.879559e-08,2.182595e-10,1.257810e-12,5.468278e-15,1.763914e-17,4.077319e-20,6.462294e-23,1.135060e-24,5.472940e-25
19,4.800000e-01,9.998644e-01,1.051866e-02,5.983358e+00,9.844494e-01,1.527454e-02,2.721543e-04,3.894988e-06,4.282032e-08,3.590544e-10,2.288760e-12,1.100285e-14,3.923282e-17,1.003880e-19,1.757667e-22,1.233032e-24,5.045377e-25
20,5.000000e-01,9.998572e-01,1.042631e-02,5.981762e+00,9.829539e-01,1.671397e-02,3.268959e-04,5.141372e-06,6.214407e-08,5.729499e-10,4.015081e-12,2.121309e-14,8.309817e-17,2.337466e-19,4.493956e-22,1.529912e-24,4.675819e-25
21,5.200000e-01,9.998501e-01,1.033025e-02,5.980119e+00,9.814170e-01,1.818782e-02,3.883735e-04,6.676041e-06,8.823150e-08,8.895060e-10,6.814943e-12,3.935239e-14,1.684180e-16,5.176733e-19,1.086490e-21,2.306922e-24,4.386723e-25
22,5.400000e-01,9.998431e-01,1.023066e-02,5.978430e+00,9.798419e-01,1.969255e-02,4.568705e-04,8.540969e-06,1.228078e-07,1.347050e-09,1.122674e-11,7.049834e-14,3.279717e-16,1.095752e-18,2.497343e-21,4.213646e-24,4.203919e-25
23,5.600000e-01,9.998363e-01,1.012781e-02,5.976698e+00,9.782316e-01,2.122482e-02,5.326448e-04,1.078041e-05,1.678771e-07,1.994344e-09,1.799869e-11,1.223466e-13,6.158748e-16,2.225921e-18,5.483119e-21,8.661928e-24,4.151677e-25
24,5.800000e-01,9.998295e-01,1.002201e-02,5.974926e+00,9.765888e-01,2.278155e-02,6.159294e-04,1.344065e-05,2.257392e-07,2.892366e-09,2.814801e-11,2.062542e-13,1.118708e-15,4.355128e-18,1.154563e-20,1.855776e-23,4.258340e-25
25,6.000000e-01,9.998227e-01,9.913658e-03,5.973116e+00,9.749163e-01,2.435989e-02,7.069333e-04,1.656980e-05,2.990031e-07,4.116188e-09,4.303028e-11,3.385780e-13,1.971078e-15,8.232677e-18,2.339712e-20,3.960663e-23,4.558757e-25
26,6.200000e-01,9.998161e-01,9.803220e-03,5.971270e+00,9.732164e-01,2.595719e-02,8.058426e-04,2.021749e-05,3.905991e-07,5.756930e-09,6.441934e-11,5.423576e-13,3.376828e-15,1.507726e-17,4.577075e-20,8.255651e-23,5.100194e-25
27,6.400000e-01,9.998095e-01,9.691283e-03,5.969391e+00,9.714912e-01,2.757106e-02,9.128218e-04,2.443468e-05,5.037866e-07,7.923743e-09,9.459761e-11,8.493871e-13,5.637267e-15,2.681643e-17,8.666903e-20,1.668972e-22,5.995874e-25
28,6.600000e-01,9.998030e-01,9.578536e-03,5.967479e+00,9.697428e-01,2.919931e-02,1.028014e-03,2.927340e-05,6.421609e-07,1.074583e-08,1.364571e-10,1.302722e-12,9.187955e-15,4.642126e-17,1.592317e-19,3.267776e-22,7.524731e-25
29,6.800000e-01,9.997966e-01,9.465767e-03,5.965536e+00,9.679729e-01,3.083996e-02,1.151544e-03,3.478648e-05,8.096564e-07,1.437444e-08,1.936104e-10,1.959664e-12,1.464566e-14,7.836333e-17,2.844562e-19,6.201677e-22,1.029600e-24
30,7.000000e-01,9.997903e-01,9.353835e-03,5.963563e+00,9.661832e-01,3.249123e-02,1.283518e-03,4.102738e-05,1.010547e-06,1.898484e-08,2.705112e-10,2.895248e-12,2.286720e-14,1.292252e-16,4.950623e-19,1.142698e-21,1.550284e-24
31,7.200000e-01,9.997840e-01,9.243646e-03,5.961563e+00,9.643751e-01,3.415155e-02,1.424024e-03,4.804990e-05,1.249444e-06,2.477822e-08,3.725839e-10,4.206283e-12,3.502200e-14,2.084999e-16,8.408573e-19,2.047953e-21,2.528783e-24
32,7.400000e-01,9.997778e-01,9.136117e-03,5.959536e+00,9.625499e-01,3.581951e-02,1.573135e-03,5.590803e-05,1.531294e-06,3.198349e-08,5.063606e-10,6.015941e-12,5.268003e-14,3.296185e-16,1.396022e-18,3.576562e-21,4.327654e-24
33,7.600000e-01,9.997716e-01,9.032163e-03,5.957482e+00,9.607086e-01,3.749390e-02,1.730909e-03,6.465572e-05,1.861368e-06,4.085906e-08,6.796254e-10,8.478933e-12,7.791685e-14,5.112479e-16,2.268818e-18,6.096932e-21,7.524178e-24
34,7.800000e-01,9.997655e-01,8.932644e-03,5.955402e+00,9.588523e-01,3.917365e-02,1.897392e-03,7.434672e-05,2.245259e-06,5.169437e-08,9.015642e-10,1.178725e-11,1.134376e-13,7.789052e-16,3.614275e-18,1.016112e-20,1.301418e-23
35,8.000000e-01,9.997595e-01,8.838236e-03,5.953298e+00,9.569817e-01,4.085785e-02,2.072617e-03,8.503440e-05,2.688866e-06,6.481139e-08,1.182918e-09,1.617651e-11,1.627211e-13,1.166935e-15,5.650492e-18,1.657997e-20,2.216423e-23
36,8.200000e-01,9.997535e-01,8.749607e-03,5.951170e+00,9.550976e-01,4.254573e-02,2.256604e-03,9.677165e-05,3.198388e-06,8.056595e-08,1.536142e-09,2.193283e-11,2.301856e-13,1.720894e-15,8.679259e-18,2.652224e-20,3.701469e-23
37,8.400000e-01,9.997475e-01,8.667361e-03,5.949018e+00,9.532005e-01,4.423665e-02,2.449367e-03,1.096107e-04,3.780306e-06,9.934889e-08,1.975562e-09,2.940029e-11,3.213779e-13,2.500405e-15,1.311173e-17,4.164340e-20,6.056843e-23
38,8.600000e-01,9.997416e-01,8.591929e-03,5.946842e+00,9.512909e-01,4.593007e-02,2.650910e-03,1.236031e-04,4.441375e-06,1.215871e-07,2.517536e-09,3.898887e-11,4.431850e-13,3.582504e-15,1.949996e-17,6.424992e-20,9.716483e-23
39,8.800000e-01,9.997358e-01,8.523640e-03,5.944643e+00,9.493691e-01,4.762557e-02,2.861228e-03,1.387994e-04,5.188605e-06,1.477442e-07,3.180611e-09,5.118293e-11,6.040716e-13,5.065552e-15,2.857520e-17,9.750618e-20,1.529650e-22
40,9.000000e-01,9.997299e-01,8.462767e-03,5.942421e+00,9.474354e-01,4.932282e-02,3.080311e-03,1.552496e-04,6.029250e-06,1.783217e-07,3.985681e-09,6.655008e-11,8.143417e-13,7.073739e-15,4.129361e-17,1.456909e-19,2.365604e-22
41,9.200000e-01,9.997242e-01,8.409508e-03,5.940175e+00,9.454901e-01,5.102158e-02,3.308145e-03,1.730024e-04,6.970792e-06,2.138590e-07,4.956142e-09,8.575048e-11,1.086425e-12,9.762226e-15,5.889060e-17,2.145119e-19,3.597712e-22
42,9.400000e-01,9.997184e-01,8.364019e-03,5.937907e+00,9.435332e-01,5.272167e-02,3.544709e-03,1.921057e-04,8.020923e-06,2.549341e-07,6.118041e-09,1.095466e-10,1.435191e-12,1.332296e-14,8.294431e-17,3.114856e-19,5.386041e-22
43,9.600000e-01,9.997127e-01,8.326434e-03,5.935615e+00,9.415649e-01,5.442297e-02,3.789980e-03,2.126064e-04,9.187536e-06,3.021639e-07,7.500219e-09,1.388129e-10,1.878281e-12,1.799119e-14,1.154494e-16,4.463925e-19,7.944683e-22
44,9.800000e-01,9.997070e-01,8.296868e-03,5.933300e+00,9.395852e-01,5.612543e-02,4.043932e-03,2.345501e-04,1.047871e-05,3.562040e-07,9.134456e-09,1.745465e-10,2.436475e-12,2.405274e-14,1.589015e-16,6.318143e-19,1.155626e-21
45,1.000000e+00,9.997013e-01,8.275490e-03,5.930962e+00,9.375941e-01,5.782904e-02,4.306538e-03,2.579818e-04,1.190268e-05,4.177491e-07,1.105560e-08,2.178773e-10,3.134074e-12,3.185198e-14,2.163943e-16,8.837652e-19,1.658919e-21
46,1.020000e+00,9.996957e-01,8.262289e-03,5.928601e+00,9.355915e-01,5.953381e-02,4.577768e-03,2.829451e-04,1.346785e-05,4.875327e-07,1.330169e-08,2.700787e-10,3.999304e-12,4.180066e-14,2.917278e-16,1.222423e-18,2.351868e-21
47,1.040000e+00,9.996900e-01,8.257284e-03,5.926215e+00,9.335773e-01,6.123982e-02,4.857592e-03,3.094827e-04,1.518277e-05,5.663268e-07,1.591410e-08,3.325779e-10,5.064747e-12,5.438737e-14,3.895310e-16,1.672972e-18,3.295128e-21
48,1.060000e+00,9.996844e-01,8.260475e-03,5.923806e+00,9.315515e-01,6.294713e-02,5.145979e-03,3.376361e-04,1.705610e-05,6.549418e-07,1.893760e-08,4.069674e-10,6.367789e-12,7.018798e-14,5.153978e-16,2.266559e-18,4.565264e-21
49,1.080000e+00,9.996788e-01,8.271815e-03,5.921373e+00,9.295139e-01,6.465585e-02,5.442897e-03,3.674460e-04,1.909662e-05,7.542255e-07,2.242051e-08,4.950146e-10,7.951081e-12,8.987661e-14,6.760373e-16,3.041385e-18,6.258155e-21
50,1.100000e+00,9.996732e-01,8.291182e-03,5.918916e+00,9.274644e-01,6.636608e-02,5.748316e-03,3.989518e-04,2.131323e-05,8.650632e-07,2.641475e-08,5.986732e-10,9.863021e-12,1.142376e-13,8.794385e-16,4.043923e-18,8.492628e-21
51,1.120000e+00,9.996676e-01,8.318376e-03,5.916434e+00,9.254029e-01,6.807795e-02,6.062203e-03,4.321919e-04,2.371489e-05,9.883762e-07,3.097595e-08,7.200927e-10,1.215825e-11,1.441778e-13,1.135050e-15,5.330281e-18,1.141492e-20
52,1.140000e+00,9.996620e-01,8.353105e-03,5.913927e+00,9.233293e-01,6.979155e-02,6.384526e-03,4.672038e-04,2.631064e-05,1.125122e-06,3.616349e-08,8.616292e-10,1.489813e-11,1.807403e-13,1.453976e-15,6.967712e-18,1.520346e-20
53,1.160000e+00,9.996564e-01,8.394997e-03,5.911396e+00,9.212433e-01,7.150698e-02,6.715252e-03,5.040237e-04,2.910959e-05,1.276291e-06,4.204058e-08,1.025854e-09,1.815131e-11,2.251177e-13,1.849183e-15,9.036275e-18,2.007400e-20
54,1.180000e+00,9.996509e-01,8.443616e-03,5.908839e+00,9.191450e-01,7.322432e-02,7.054346e-03,5.426866e-04,3.212089e-05,1.442910e-06,4.867429e-08,1.215565e-09,2.199415e-11,2.786669e-13,2.335728e-15,1.163065e-17,2.628607e-20
55,1.200000e+00,9.996453e-01,8.498432e-03,5.906257e+00,9.170343e-01,7.494362e-02,7.401772e-03,5.832264e-04,3.535369e-05,1.626034e-06,5.613554e-08,1.433790e-09,2.651131e-11,3.429237e-13,2.930991e-15,1.486213e-17,3.414936e-20
56,1.220000e+00,9.996397e-01,8.558813e-03,5.903650e+00,9.149112e-01,7.666489e-02,7.757491e-03,6.256757e-04,3.881719e-05,1.826751e-06,6.449915e-08,1.683802e-09,3.179618e-11,4.196183e-13,3.654933e-15,1.886072e-17,4.403118e-20
57,1.240000e+00,9.996340e-01,8.624139e-03,5.901018e+00,9.127757e-01,7.838811e-02,8.121462e-03,6.700657e-04,4.252054e-05,2.046176e-06,7.384379e-08,1.969119e-09,3.795143e-11,5.106907e-13,4.530353e-15,2.377745e-17,5.636436e-20
58,1.260000e+00,9.996284e-01,8.693792e-03,5.898360e+00,9.106279e-01,8.011319e-02,8.493638e-03,7.164260e-04,4.647285e-05,2.285450e-06,8.425195e-08,2.293513e-09,4.508941e-11,6.183062e-13,5.583164e-15,2.978681e-17,7.165616e-20
59,1.280000e+00,9.996227e-01,8.767171e-03,5.895677e+00,9.084679e-01,8.183998e-02,8.873969e-03,7.647847e-04,5.068321e-05,2.545738e-06,9.580983e-08,2.661016e-09,5.333266e-11,7.448708e-13,6.842674e-15,3.708931e-17,9.049740e-20
60,1.300000e+00,9.996171e-01,8.843733e-03,5.892969e+00,9.062961e-01,8.356827e-02,9.262396e-03,8.151680e-04,5.516056e-05,2.828227e-06,1.086073e-07,3.075918e-09,6.281425e-11,8.930469e-13,8.341877e-15,4.591423e-17,1.135720e-19
61,1.320000e+00,9.996114e-01,8.922995e-03,5.890236e+00,9.041126e-01,8.529776e-02,9.658855e-03,8.676001e-04,5.991375e-05,3.134120e-06,1.227378e-07,3.542775e-09,7.367820e-11,1.065768e-12,1.011774e-14,5.652237e-17,1.416686e-19
62,1.340000e+00,9.996057e-01,9.004476e-03,5.887479e+00,9.019180e-01,8.702805e-02,1.006327e-02,9.221032e-04,6.495148e-05,3.464634e-06,1.382979e-07,4.066403e-09,8.607976e-11,1.266254e-12,1.221150e-14,6.920904e-17,1.756912e-19
63,1.360000e+00,9.995999e-01,9.087794e-03,5.884698e+00,8.997128e-01,8.875868e-02,1.047557e-02,9.786969e-04,7.028225e-05,3.820998e-06,1.553876e-07,4.651881e-09,1.001857e-10,1.498021e-12,1.466897e-14,8.430704e-17,2.166711e-19
64,1.380000e+00,9.995941e-01,9.172637e-03,5.881893e+00,8.974976e-01,9.048907e-02,1.089564e-02,1.037398e-03,7.591432e-05,4.204445e-06,1.741097e-07,5.304541e-09,1.161745e-10,1.764901e-12,1.754077e-14,1.021897e-16,2.657790e-19
65,1.400000e+00,9.995883e-01,9.258726e-03,5.879067e+00,8.952732e-01,9.221854e-02,1.132338e-02,1.098221e-03,8.185570e-05,4.616211e-06,1.945696e-07,6.029970e-09,1.342365e-10,2.071046e-12,2.088271e-14,1.232739e-16,3.243381e-19
66,1.420000e+00,9.995825e-01,9.345824e-03,5.876219e+00,8.930404e-01,9.394632e-02,1.175867e-02,1.161178e-03,8.811409e-05,5.057528e-06,2.168751e-07,6.833993e-09,1.545740e-10,2.420943e-12,2.475594e-14,1.480233e-16,3.938372e-19
67,1.440000e+00,9.995766e-01,9.433691e-03,5.873351e+00,8.908004e-01,9.567151e-02,1.220137e-02,1.226275e-03,9.469683e-05,5.529619e-06,2.411360e-07,7.722672e-09,1.774012e-10,2.819420e-12,2.922729e-14,1.769514e-16,4.759446e-19
68,1.460000e+00,9.995706e-01,9.522081e-03,5.870464e+00,8.885541e-01,9.739315e-02,1.265133e-02,1.293517e-03,1.016109e-04,6.033696e-06,2.674640e-07,8.702286e-09,2.029440e-10,3.271654e-12,3.436949e-14,2.106244e-16,5.725218e-19
69,1.480000e+00,9.995646e-01,9.610709e-03,5.867559e+00,8.863028e-01,9.911016e-02,1.310837e-02,1.362905e-03,1.088628e-04,6.570950e-06,2.959719e-07,9.779322e-09,2.314401e-10,3.783178e-12,4.026136e-14,2.496644e-16,6.856380e-19
70,1.500000e+00,9.995586e-01,9.699255e-03,5.864637e+00,8.840479e-01,1.008214e-01,1.357231e-02,1.434435e-03,1.164587e-04,7.142549e-06,3.267736e-07,1.096046e-08,2.631388e-10,4.359882e-12,4.698806e-14,2.947520e-16,8.175848e-19
71,1.520000e+00,9.995525e-01,9.787359e-03,5.861701e+00,8.817909e-01,1.025256e-01,1.404294e-02,1.508100e-03,1.244041e-04,7.749634e-06,3.599832e-07,1.225254e-08,2.983001e-10,5.008016e-12,5.464124e-14,3.466294e-16,9.708894e-19
72,1.540000e+00,9.995464e-01,9.874632e-03,5.858753e+00,8.795332e-01,1.042214e-01,1.452003e-02,1.583888e-03,1.327040e-04,8.393309e-06,3.957154e-07,1.366258e-08,3.371952e-10,5.734192e-12,6.331922e-14,4.061029e-16,1.148330e-18
73,1.560000e+00,9.995402e-01,9.960674e-03,5.855793e+00,8.772765e-01,1.059075e-01,1.500333e-02,1.661783e-03,1.413630e-04,9.074641e-06,4.340843e-07,1.519771e-08,3.801053e-10,6.545381e-12,7.312711e-14,4.740457e-16,1.352953e-18
74,1.580000e+00,9.995339e-01,1.004510e-02,5.852824e+00,8.750225e-01,1.075825e-01,1.549260e-02,1.741763e-03,1.503850e-04,9.794653e-06,4.752033e-07,1.686519e-08,4.273216e-10,7.448907e-12,8.417696e-14,5.513997e-16,1.588086e-18
75,1.600000e+00,9.995276e-01,1.012760e-02,5.849849e+00,8.727729e-01,1.092449e-01,1.598753e-02,1.823804e-03,1.597732e-04,1.055432e-05,5.191849e-07,1.867236e-08,4.791445e-10,8.452449e-12,9.658784e-14,6.391787e-16,1.857351e-18
76,1.620000e+00,9.995212e-01,1.020791e-02,5.846868e+00,8.705295e-01,1.108933e-01,1.648786e-02,1.907876e-03,1.695304e-04,1.135457e-05,5.661399e-07,2.062663e-08,5.358830e-10,9.564027e-12,1.104859e-13,7.384699e-16,2.164682e-18
77,1.640000e+00,9.995148e-01,1.028592e-02,5.843885e+00,8.682941e-01,1.125262e-01,1.699326e-02,1.993944e-03,1.796586e-04,1.219627e-05,6.161775e-07,2.273547e-08,5.978541e-10,1.079200e-11,1.260044e-13,8.504361e-16,2.514342e-18
78,1.660000e+00,9.995083e-01,1.036162e-02,5.840901e+00,8.660686e-01,1.141421e-01,1.750342e-02,2.081969e-03,1.901592e-04,1.308023e-05,6.694045e-07,2.500637e-08,6.653823e-10,1.214505e-11,1.432840e-13,9.763178e-16,2.910930e-18
79,1.680000e+00,9.995017e-01,1.043522e-02,5.837919e+00,8.638545e-01,1.157398e-01,1.801801e-02,2.171909e-03,2.010330e-04,1.400721e-05,7.259254e-07,2.744680e-08,7.387983e-10,1.363219e-11,1.624722e-13,1.117434e-15,3.359403e-18
80,1.700000e+00,9.994950e-01,1.050698e-02,5.834941e+00,8.616538e-01,1.173177e-01,1.853670e-02,2.263717e-03,2.122802e-04,1.497789e-05,7.858421e-07,3.006425e-08,8.184392e-10,1.526272e-11,1.837241e-13,1.275186e-15,3.865087e-18
81,1.720000e+00,9.994882e-01,1.057726e-02,5.831968e+00,8.594680e-01,1.188747e-01,1.905915e-02,2.357341e-03,2.239004e-04,1.599291e-05,8.492536e-07,3.286614e-08,9.046468e-10,1.704622e-11,2.072016e-13,1.451056e-15,4.433692e-18
82,1.740000e+00,9.994814e-01,1.064655e-02,5.829003e+00,8.572987e-01,1.204096e-01,1.958502e-02,2.452729e-03,2.358926e-04,1.705283e-05,9.162560e-07,3.585986e-08,9.977675e-10,1.899259e-11,2.330740e-13,1.646608e-15,5.071325e-18
83,1.760000e+00,9.994745e-01,1.071539e-02,5.826048e+00,8.551474e-01,1.219214e-01,2.011400e-02,2.549824e-03,2.482553e-04,1.815817e-05,9.869423e-07,3.905272e-08,1.098152e-09,2.111194e-11,2.615177e-13,1.863492e-15,5.784499e-18
84,1.780000e+00,9.994675e-01,1.078435e-02,5.823104e+00,8.530153e-01,1.234089e-01,2.064574e-02,2.648566e-03,2.609867e-04,1.930936e-05,1.061403e-06,4.245196e-08,1.206152e-09,2.341465e-11,2.927157e-13,2.103443e-15,6.580149e-18
85,1.800000e+00,9.994604e-01,1.085396e-02,5.820174e+00,8.509038e-01,1.248716e-01,2.117993e-02,2.748895e-03,2.740845e-04,2.050680e-05,1.139725e-06,4.606472e-08,1.322125e-09,2.591132e-11,3.268585e-13,2.368278e-15,7.465643e-18
86,1.820000e+00,9.994532e-01,1.092470e-02,5.817258e+00,8.488138e-01,1.263086e-01,2.171629e-02,2.850749e-03,2.875460e-04,2.175085e-05,1.221994e-06,4.989807e-08,1.446428e-09,2.861275e-11,3.641429e-13,2.659900e-15,8.448793e-18
87,1.840000e+00,9.994460e-01,1.099699e-02,5.814357e+00,8.467462e-01,1.277194e-01,2.225452e-02,2.954066e-03,3.013686e-04,2.304179e-05,1.308292e-06,5.395899e-08,1.579421e-09,3.152993e-11,4.047727e-13,2.980298e-15,9.537866e-18
88,1.860000e+00,9.994386e-01,1.107113e-02,5.811474e+00,8.447018e-01,1.291037e-01,2.279438e-02,3.058784e-03,3.155494e-04,2.437987e-05,1.398701e-06,5.825437e-08,1.721466e-09,3.467400e-11,4.489583e-13,3.331541e-15,1.074160e-17
89,1.880000e+00,9.994311e-01,1.114738e-02,5.808608e+00,8.426810e-01,1.304612e-01,2.333563e-02,3.164842e-03,3.300856e-04,2.576534e-05,1.493301e-06,6.279104e-08,1.872925e-09,3.805626e-11,4.969166e-13,3.715782e-15,1.206923e-17
90,1.900000e+00,9.994236e-01,1.122581e-02,5.805761e+00,8.406841e-01,1.317917e-01,2.387809e-02,3.272181e-03,3.449747e-04,2.719837e-05,1.592171e-06,6.757580e-08,2.034165e-09,4.168812e-11,5.488710e-13,4.135251e-15,1.353048e-17
91,1.920000e+00,9.994159e-01,1.130639e-02,5.802933e+00,8.387115e-01,1.330955e-01,2.442159e-02,3.380743e-03,3.602143e-04,2.867915e-05,1.695390e-06,7.261541e-08,2.205553e-09,4.558111e-11,6.050517e-13,4.592256e-15,1.513561e-17
92,1.940000e+00,9.994082e-01,1.138902e-02,5.800124e+00,8.367630e-01,1.343726e-01,2.496601e-02,3.490476e-03,3.758029e-04,3.020784e-05,1.803039e-06,7.791662e-08,2.387462e-09,4.974681e-11,6.656951e-13,5.089174e-15,1.689544e-17
93,1.960000e+00,9.994003e-01,1.147354e-02,5.797334e+00,8.348384e-01,1.356235e-01,2.551127e-02,3.601330e-03,3.917393e-04,3.178462e-05,1.915201e-06,8.348620e-08,2.580271e-09,5.419685e-11,7.310444e-13,5.628451e-15,1.882137e-17
94,1.980000e+00,9.993924e-01,1.155972e-02,5.794562e+00,8.329374e-01,1.368484e-01,2.605734e-02,3.713259e-03,4.080234e-04,3.340965e-05,2.031960e-06,8.933096e-08,2.784363e-09,5.894288e-11,8.013499e-13,6.212586e-15,2.092543e-17
95,2.000000e+00,9.993843e-01,1.164730e-02,5.791809e+00,8.310594e-01,1.380481e-01,2.660423e-02,3.826224e-03,4.246561e-04,3.508312e-05,2.153406e-06,9.545776e-08,3.000132e-09,6.399653e-11,8.768689e-13,6.844128e-15,2.322032e-17
96,2.020000e+00,9.993762e-01,1.173599e-02,5.789074e+00,8.292038e-01,1.392231e-01,2.715200e-02,3.940190e-03,4.416395e-04,3.680522e-05,2.279630e-06,1.018735e-07,3.227984e-09,6.936931e-11,9.578659e-13,7.525655e-15,2.571946e-17
97,2.040000e+00,9.993679e-01,1.182539e-02,5.786355e+00,8.273698e-01,1.403742e-01,2.770076e-02,4.055129e-03,4.589772e-04,3.857620e-05,2.410732e-06,1.085852e-07,3.468339e-09,7.507261e-11,1.044614e-12,8.259760e-15,2.843701e-17
98,2.060000e+00,9.993595e-01,1.191514e-02,5.783652e+00,8.255564e-01,1.415022e-01,2.825068e-02,4.171017e-03,4.766745e-04,4.039631e-05,2.546816e-06,1.155997e-07,3.721632e-09,8.111759e-11,1.137393e-12,9.049024e-15,3.138794e-17
99,2.080000e+00,9.993511e-01,1.200485e-02,5.780964e+00,8.237627e-01,1.426077e-01,2.880197e-02,4.287836e-03,4.947383e-04,4.226584e-05,2.687992e-06,1.229240e-07,3.988321e-09,8.751504e-11,1.236493e-12,9.895992e-15,3.458803e-17
100,2.100000e+00,9.993425e-01,1.209415e-02,5.778288e+00,8.219875e-01,1.436917e-01,2.935488e-02,4.405576e-03,5.131776e-04,4.418515e-05,2.834382e-06,1.305649e-07,4.268887e-09,9.427531e-11,1.342212e-12,1.080313e-14,3.805390e-17
101,2.120000e+00,9.993338e-01,1.218266e-02,5.775625e+00,8.202298e-01,1.447549e-01,2.990973e-02,4.524228e-03,5.320033e-04,4.615460e-05,2.986111e-06,1.385291e-07,4.563838e-09,1.014081e-10,1.454860e-12,1.177279e-14,4.180298e-17
102,2.140000e+00,9.993250e-01,1.227003e-02,5.772972e+00,8.184885e-01,1.457981e-01,3.046685e-02,4.643789e-03,5.512284e-04,4.817462e-05,3.143319e-06,1.468228e-07,4.873717e-09,1.089224e-10,1.574755e-12,1.280717e-14,4.585348e-17
103,2.160000e+00,9.993161e-01,1.235595e-02,5.770328e+00,8.167625e-01,1.468220e-01,3.102662e-02,4.764256e-03,5.708680e-04,5.024565e-05,3.306152e-06,1.554519e-07,5.199099e-09,1.168260e-10,1.702226e-12,1.390824e-14,5.022427e-17
104,2.180000e+00,9.993071e-01,1.244011e-02,5.767690e+00,8.150508e-01,1.478272e-01,3.158945e-02,4.885628e-03,5.909393e-04,5.236817e-05,3.474769e-06,1.644216e-07,5.540603e-09,1.251258e-10,1.837616e-12,1.507773e-14,5.493478e-17
105,2.200000e+00,9.992981e-01,1.252228e-02,5.765059e+00,8.133523e-01,1.488142e-01,3.215577e-02,5.007903e-03,6.114613e-04,5.454269e-05,3.649339e-06,1.737360e-07,5.898891e-09,1.338269e-10,1.981277e-12,1.631704e-14,6.000476e-17
106,2.220000e+00,9.992889e-01,1.260224e-02,5.762432e+00,8.116662e-01,1.497835e-01,3.272601e-02,5.131075e-03,6.324545e-04,5.676968e-05,3.830044e-06,1.833982e-07,6.274673e-09,1.429329e-10,2.133574e-12,1.762722e-14,6.545407e-17
107,2.240000e+00,9.992796e-01,1.267983e-02,5.759809e+00,8.099916e-01,1.507355e-01,3.330063e-02,5.255132e-03,6.539408e-04,5.904958e-05,4.017078e-06,1.934097e-07,6.668708e-09,1.524454e-10,2.294881e-12,1.900890e-14,7.130232e-17
108,2.260000e+00,9.992702e-01,1.275493e-02,5.757187e+00,8.083279e-01,1.516702e-01,3.388007e-02,5.380055e-03,6.759429e-04,6.138277e-05,4.210645e-06,2.037701e-07,7.081806e-09,1.623637e-10,2.465585e-12,2.046229e-14,7.756851e-17
109,2.280000e+00,9.992607e-01,1.282744e-02,5.754567e+00,8.066745e-01,1.525880e-01,3.446479e-02,5.505814e-03,6.984840e-04,6.376949e-05,4.410962e-06,2.144768e-07,7.514826e-09,1.726848e-10,2.646077e-12,2.198715e-14,8.427059e-17
110,2.300000e+00,9.992511e-01,1.289729e-02,5.751946e+00,8.050311e-01,1.534887e-01,3.505520e-02,5.632365e-03,7.215871e-04,6.620978e-05,4.618256e-06,2.255243e-07,7.968670e-09,1.834026e-10,2.836749e-12,2.358277e-14,9.142485e-17
111,2.320000e+00,9.992414e-01,1.296442e-02,5.749325e+00,8.033973e-01,1.543723e-01,3.565171e-02,5.759650e-03,7.452741e-04,6.870347e-05,4.832763e-06,2.369038e-07,8.444274e-09,1.945084e-10,3.037990e-12,2.524798e-14,9.904535e-17
112,2.340000e+00,9.992317e-01,1.302879e-02,5.746704e+00,8.017730e-01,1.552386e-01,3.625469e-02,5.887594e-03,7.695660e-04,7.125003e-05,5.054728e-06,2.486029e-07,8.942595e-09,2.059901e-10,3.250176e-12,2.698122e-14,1.071432e-16
113,2.360000e+00,9.992218e-01,1.309034e-02,5.744081e+00,8.001582e-01,1.560873e-01,3.686447e-02,6.016105e-03,7.944813e-04,7.384854e-05,5.284402e-06,2.606051e-07,9.464592e-09,2.178324e-10,3.473655e-12,2.878055e-14,1.157259e-16
114,2.380000e+00,9.992119e-01,1.314899e-02,5.741458e+00,7.985531e-01,1.569181e-01,3.748137e-02,6.145069e-03,8.200362e-04,7.649760e-05,5.522036e-06,2.728893e-07,1.001120e-08,2.300169e-10,3.708738e-12,3.064373e-14,1.247963e-16
115,2.400000e+00,9.992019e-01,1.320467e-02,5.738833e+00,7.969578e-01,1.577307e-01,3.810564e-02,6.274356e-03,8.462435e-04,7.919525e-05,5.767886e-06,2.854295e-07,1.058331e-08,2.425218e-10,3.955674e-12,3.256834e-14,1.343520e-16
116,2.420000e+00,9.991918e-01,1.325727e-02,5.736209e+00,7.953729e-01,1.585244e-01,3.873749e-02,6.403812e-03,8.731127e-04,8.193889e-05,6.022200e-06,2.981946e-07,1.118171e-08,2.553222e-10,4.214641e-12,3.455187e-14,1.443845e-16
117,2.440000e+00,9.991817e-01,1.330666e-02,5.733585e+00,7.937987e-01,1.592990e-01,3.937709e-02,6.533269e-03,9.006489e-04,8.472523e-05,6.285220e-06,3.111487e-07,1.180707e-08,2.683907e-10,4.485714e-12,3.659185e-14,1.548784e-16
118,2.460000e+00,9.991715e-01,1.335274e-02,5.730962e+00,7.922358e-01,1.600538e-01,4.002457e-02,6.662535e-03,9.288533e-04,8.755024e-05,6.557172e-06,3.242505e-07,1.245988e-08,2.816976e-10,4.768851e-12,3.868598e-14,1.658113e-16
119,2.480000e+00,9.991612e-01,1.339536e-02,5.728342e+00,7.906850e-01,1.607883e-01,4.068000e-02,6.791406e-03,9.577222e-04,9.040909e-05,6.838266e-06,3.374545e-07,1.314039e-08,2.952114e-10,5.063867e-12,4.083232e-14,1.771528e-16
120,2.500000e+00,9.991509e-01,1.343432e-02,5.725726e+00,7.891470e-01,1.615019e-01,4.134339e-02,6.919661e-03,9.872474e-04,9.329618e-05,7.128683e-06,3.507109e-07,1.384861e-08,3.088993e-10,5.370411e-12,4.302938e-14,1.888650e-16
121,2.520000e+00,9.991406e-01,1.346944e-02,5.723115e+00,7.876227e-01,1.621940e-01,4.201473e-02,7.047064e-03,1.017416e-03,9.620510e-05,7.428574e-06,3.639665e-07,1.458418e-08,3.227284e-10,5.687954e-12,4.527630e-14,2.009029e-16
122,2.540000e+00,9.991302e-01,1.350059e-02,5.720510e+00,7.861131e-01,1.628641e-01,4.269391e-02,7.173370e-03,1.048211e-03,9.912870e-05,7.738048e-06,3.771655e-07,1.534642e-08,3.366655e-10,6.015767e-12,4.757296e-14,2.132150e-16
123,2.560000e+00,9.991198e-01,1.352764e-02,5.717915e+00,7.846193e-01,1.635115e-01,4.338080e-02,7.298326e-03,1.079608e-03,1.020591e-04,8.057171e-06,3.902509e-07,1.613420e-08,3.506784e-10,6.352915e-12,4.992007e-14,2.257444e-16
124,2.580000e+00,9.991094e-01,1.355047e-02,5.715330e+00,7.831424e-01,1.641354e-01,4.407516e-02,7.421672e-03,1.111583e-03,1.049879e-04,8.385958e-06,4.031651e-07,1.694599e-08,3.647362e-10,6.698245e-12,5.231925e-14,2.384314e-16
125,2.600000e+00,9.990990e-01,1.356902e-02,5.712759e+00,7.816837e-01,1.647353e-01,4.477672e-02,7.543146e-03,1.144103e-03,1.079059e-04,8.724365e-06,4.158518e-07,1.777978e-08,3.788099e-10,7.050392e-12,5.477300e-14,2.512150e-16
126,2.620000e+00,9.990886e-01,1.358322e-02,5.710203e+00,7.802446e-01,1.653103e-01,4.548514e-02,7.662485e-03,1.177135e-03,1.108038e-04,9.072291e-06,4.282569e-07,1.863312e-08,3.928725e-10,7.407778e-12,5.728472e-14,2.640369e-16
127,2.640000e+00,9.990781e-01,1.359308e-02,5.707665e+00,7.788265e-01,1.658599e-01,4.619999e-02,7.779430e-03,1.210639e-03,1.136719e-04,9.429572e-06,4.403300e-07,1.950310e-08,4.068994e-10,7.768623e-12,5.985851e-14,2.768447e-16
128,2.660000e+00,9.990678e-01,1.359853e-02,5.705148e+00,7.774309e-01,1.663832e-01,4.692080e-02,7.893729e-03,1.244576e-03,1.165003e-04,9.795977e-06,4.520257e-07,2.038635e-08,4.208687e-10,8.130962e-12,6.249894e-14,2.895961e-16
129,2.680000e+00,9.990574e-01,1.359951e-02,5.702654e+00,7.760593e-01,1.668797e-01,4.764703e-02,8.005135e-03,1.278900e-03,1.192789e-04,1.017121e-05,4.633052e-07,2.127916e-08,4.347605e-10,8.492664e-12,6.521069e-14,3.022638e-16
130,2.700000e+00,9.990471e-01,1.359599e-02,5.700187e+00,7.747133e-01,1.673485e-01,4.837809e-02,8.113415e-03,1.313568e-03,1.219980e-04,1.055492e-05,4.741365e-07,2.217741e-08,4.485574e-10,8.851458e-12,6.799807e-14,3.148395e-16
131,2.720000e+00,9.990368e-01,1.358791e-02,5.697749e+00,7.733945e-01,1.677892e-01,4.911334e-02,8.218348e-03,1.348534e-03,1.246480e-04,1.094667e-05,4.844963e-07,2.307673e-08,4.622437e-10,9.204965e-12,7.086440e-14,3.273382e-16
132,2.740000e+00,9.990265e-01,1.357522e-02,5.695343e+00,7.721043e-01,1.682010e-01,4.985209e-02,8.319728e-03,1.383749e-03,1.272195e-04,1.134598e-05,4.943698e-07,2.397249e-08,4.758052e-10,9.550732e-12,7.381126e-14,3.398013e-16
133,2.760000e+00,9.990164e-01,1.355782e-02,5.692972e+00,7.708442e-01,1.685836e-01,5.059365e-02,8.417362e-03,1.419168e-03,1.297036e-04,1.175230e-05,5.037517e-07,2.485991e-08,4.892280e-10,9.886274e-12,7.683783e-14,3.522974e-16
134,2.780000e+00,9.990063e-01,1.353564e-02,5.690639e+00,7.696157e-01,1.689364e-01,5.133729e-02,8.511077e-03,1.454744e-03,1.320920e-04,1.216501e-05,5.126464e-07,2.573416e-08,5.024985e-10,1.020912e-11,7.994002e-14,3.649226e-16
135,2.800000e+00,9.989962e-01,1.350858e-02,5.688346e+00,7.684199e-01,1.692592e-01,5.208228e-02,8.600716e-03,1.490431e-03,1.343770e-04,1.258344e-05,5.210672e-07,2.659038e-08,5.156023e-10,1.051684e-11,8.310989e-14,3.777970e-16
136,2.820000e+00,9.989863e-01,1.347657e-02,5.686095e+00,7.672580e-01,1.695516e-01,5.282789e-02,8.686141e-03,1.526188e-03,1.365514e-04,1.300687e-05,5.290370e-07,2.742381e-08,5.285232e-10,1.080714e-11,8.633504e-14,3.910601e-16
137,2.840000e+00,9.989764e-01,1.343953e-02,5.683888e+00,7.661311e-01,1.698136e-01,5.357342e-02,8.767231e-03,1.561971e-03,1.386088e-04,1.343449e-05,5.365870e-07,2.822984e-08,5.412429e-10,1.107785e-11,8.959829e-14,4.048640e-16
138,2.860000e+00,9.989666e-01,1.339742e-02,5.681729e+00,7.650401e-01,1.700451e-01,5.431817e-02,8.843886e-03,1.597740e-03,1.405436e-04,1.386548e-05,5.437562e-07,2.900412e-08,5.537400e-10,1.132701e-11,9.287757e-14,4.193641e-16
139,2.880000e+00,9.989570e-01,1.335024e-02,5.679617e+00,7.639856e-01,1.702462e-01,5.506150e-02,8.916021e-03,1.633460e-03,1.423512e-04,1.429894e-05,5.505906e-07,2.974260e-08,5.659896e-10,1.155288e-11,9.614605e-14,4.347107e-16
140,2.900000e+00,9.989474e-01,1.329806e-02,5.677555e+00,7.629681e-01,1.704171e-01,5.580278e-02,8.983573e-03,1.669095e-03,1.440275e-04,1.473395e-05,5.571422e-07,3.044163e-08,5.779629e-10,1.175399e-11,9.937257e-14,4.510382e-16
141,2.920000e+00,9.989379e-01,1.324098e-02,5.675544e+00,7.619881e-01,1.705580e-01,5.654147e-02,9.046495e-03,1.704612e-03,1.455695e-04,1.516955e-05,5.634676e-07,3.109800e-08,5.896272e-10,1.192918e-11,1.025223e-13,4.684568e-16
142,2.940000e+00,9.989286e-01,1.317916e-02,5.673584e+00,7.610456e-01,1.706694e-01,5.727705e-02,9.104760e-03,1.739984e-03,1.469751e-04,1.560474e-05,5.696270e-07,3.170899e-08,6.009459e-10,1.207759e-11,1.055577e-13,4.870436e-16
143,2.960000e+00,9.989193e-01,1.311285e-02,5.671677e+00,7.601407e-01,1.707518e-01,5.800908e-02,9.158356e-03,1.775182e-03,1.482429e-04,1.603849e-05,5.756831e-07,3.227243e-08,6.118786e-10,1.219870e-11,1.084396e-13,5.068367e-16
144,2.980000e+00,9.989102e-01,1.304240e-02,5.669822e+00,7.592732e-01,1.708057e-01,5.873717e-02,9.207290e-03,1.810184e-03,1.493726e-04,1.646977e-05,5.816997e-07,3.278671e-08,6.223821e-10,1.229229e-11,1.111281e-13,5.278302e-16
145,3.000000e+00,9.989012e-01,1.296818e-02,5.668019e+00,7.584427e-01,1.708319e-01,5.946100e-02,9.251584e-03,1.844965e-03,1.503645e-04,1.689752e-05,5.877403e-07,3.325082e-08,6.324107e-10,1.235850e-11,1.135846e-13,5.499730e-16
146,3.020000e+00,9.988923e-01,1.289066e-02,5.666269e+00,7.576487e-01,1.708310e-01,6.018031e-02,9.291276e-03,1.879507e-03,1.512198e-04,1.732070e-05,5.938673e-07,3.366434e-08,6.419172e-10,1.239777e-11,1.157723e-13,5.731685e-16
147,3.040000e+00,9.988835e-01,1.281036e-02,5.664570e+00,7.568906e-01,1.708039e-01,6.089489e-02,9.326419e-03,1.913791e-03,1.519405e-04,1.773824e-05,6.001404e-07,3.402747e-08,6.508539e-10,1.241081e-11,1.176581e-13,5.972780e-16
148,3.060000e+00,9.988749e-01,1.272782e-02,5.662922e+00,7.561677e-01,1.707515e-01,6.160460e-02,9.357080e-03,1.947801e-03,1.525292e-04,1.814912e-05,6.066158e-07,3.434098e-08,6.591740e-10,1.239864e-11,1.192133e-13,6.221260e-16
149,3.080000e+00,9.988663e-01,1.264360e-02,5.661324e+00,7.554790e-01,1.706746e-01,6.230936e-02,9.383337e-03,1.981520e-03,1.529890e-04,1.855229e-05,6.133449e-07,3.460621e-08,6.668326e-10,1.236248e-11,1.204151e-13,6.475075e-16
150,3.100000e+00,9.988579e-01,1.255829e-02,5.659776e+00,7.548235e-01,1.705743e-01,6.300912e-02,9.405282e-03,2.014937e-03,1.533238e-04,1.894676e-05,6.203735e-07,3.482504e-08,6.737880e-10,1.230379e-11,1.212468e-13,6.731968e-16
151,3.120000e+00,9.988496e-01,1.247246e-02,5.658275e+00,7.542001e-01,1.704514e-01,6.370390e-02,9.423013e-03,2.048038e-03,1.535377e-04,1.933155e-05,6.277411e-07,3.499980e-08,6.800027e-10,1.222418e-11,1.216991e-13,6.989580e-16
152,3.140000e+00,9.988414e-01,1.238667e-02,5.656820e+00,7.536078e-01,1.703070e-01,6.439374e-02,9.436642e-03,2.080811e-03,1.536354e-04,1.970571e-05,6.354799e-07,3.513331e-08,6.854451e-10,1.212541e-11,1.217702e-13,7.245561e-16
153,3.160000e+00,9.988334e-01,1.230137e-02,5.655410e+00,7.530453e-01,1.701420e-01,6.507875e-02,9.446283e-03,2.113247e-03,1.536219e-04,2.006833e-05,6.436145e-07,3.522871e-08,6.900901e-10,1.200933e-11,1.214657e-13,7.497681e-16
154,3.180000e+00,9.988254e-01,1.221690e-02,5.654043e+00,7.525114e-01,1.699576e-01,6.575906e-02,9.452061e-03,2.145335e-03,1.535023e-04,2.041855e-05,6.521613e-07,3.528948e-08,6.939203e-10,1.187786e-11,1.207990e-13,7.743944e-16
155,3.200000e+00,9.988176e-01,1.213356e-02,5.652717e+00,7.520047e-01,1.697545e-01,6.643484e-02,9.454102e-03,2.177067e-03,1.532821e-04,2.075555e-05,6.611286e-07,3.531935e-08,6.969267e-10,1.173297e-11,1.197909e-13,7.982699e-16
156,3.220000e+00,9.988098e-01,1.205156e-02,5.651432e+00,7.515241e-01,1.695339e-01,6.710627e-02,9.452541e-03,2.208434e-03,1.529667e-04,2.107857e-05,6.705161e-07,3.532221e-08,6.991093e-10,1.157661e-11,1.184687e-13,8.212730e-16
157,3.240000e+00,9.988022e-01,1.197104e-02,5.650184e+00,7.510681e-01,1.692967e-01,6.777359e-02,9.447511e-03,2.239427e-03,1.525620e-04,2.138687e-05,6.803153e-07,3.530206e-08,7.004779e-10,1.141074e-11,1.168661e-13,8.433346e-16
158,3.260000e+00,9.987946e-01,1.189205e-02,5.648972e+00,7.506356e-01,1.690437e-01,6.843702e-02,9.439151e-03,2.270040e-03,1.520736e-04,2.167981e-05,6.905092e-07,3.526293e-08,7.010520e-10,1.123725e-11,1.150219e-13,8.644448e-16
159,3.280000e+00,9.987872e-01,1.181459e-02,5.647794e+00,7.502253e-01,1.687758e-01,6.909684e-02,9.427600e-03,2.300266e-03,1.515072e-04,2.195678e-05,7.010734e-07,3.520884e-08,7.008608e-10,1.105800e-11,1.129790e-13,8.846573e-16
160,3.300000e+00,9.987798e-01,1.173872e-02,5.646649e+00,7.498358e-01,1.684939e-01,6.975330e-02,9.413001e-03,2.330095e-03,1.508684e-04,2.221724e-05,7.119758e-07,3.514368e-08,6.999437e-10,1.087478e-11,1.107836e-13,9.040918e-16
161,3.320000e+00,9.987726e-01,1.166431e-02,5.645534e+00,7.494661e-01,1.681988e-01,7.040668e-02,9.395494e-03,2.359523e-03,1.501630e-04,2.246071e-05,7.231774e-07,3.507121e-08,6.983494e-10,1.068931e-11,1.084837e-13,9.229345e-16
162,3.340000e+00,9.987654e-01,1.159133e-02,5.644449e+00,7.491150e-01,1.678911e-01,7.105728e-02,9.375221e-03,2.388541e-03,1.493963e-04,2.268679e-05,7.346330e-07,3.499497e-08,6.961355e-10,1.050324e-11,1.061283e-13,9.414361e-16
163,3.360000e+00,9.987583e-01,1.151977e-02,5.643390e+00,7.487813e-01,1.675716e-01,7.170537e-02,9.352323e-03,2.417143e-03,1.485738e-04,2.289511e-05,7.462917e-07,3.491823e-08,6.933681e-10,1.031815e-11,1.037660e-13,9.599069e-16
164,3.380000e+00,9.987513e-01,1.144969e-02,5.642357e+00,7.484640e-01,1.672409e-01,7.235125e-02,9.326939e-03,2.445323e-03,1.477007e-04,2.308540e-05,7.580977e-07,3.484397e-08,6.901205e-10,1.013557e-11,1.014438e-13,9.787113e-16
165,3.400000e+00,9.987444e-01,1.138120e-02,5.641349e+00,7.481622e-01,1.668995e-01,7.299520e-02,9.299207e-03,2.473073e-03,1.467819e-04,2.325743e-05,7.699909e-07,3.477480e-08,6.864725e-10,9.956975e-12,9.920658e-14,9.982592e-16
166,3.420000e+00,9.987375e-01,1.131450e-02,5.640362e+00,7.478748e-01,1.665479e-01,7.363751e-02,9.269263e-03,2.500388e-03,1.458223e-04,2.341104e-05,7.819080e-07,3.471296e-08,6.825088e-10,9.783802e-12,9.709605e-14,1.018997e-15
167,3.440000e+00,9.987307e-01,1.124987e-02,5.639397e+00,7.476011e-01,1.661867e-01,7.427845e-02,9.237238e-03,2.527262e-03,1.448266e-04,2.354613e-05,7.937830e-07,3.466028e-08,6.783182e-10,9.617468e-12,9.515003e-14,1.041399e-15
168,3.460000e+00,9.987240e-01,1.118764e-02,5.638452e+00,7.473403e-01,1.658161e-01,7.491831e-02,9.203263e-03,2.553690e-03,1.437990e-04,2.366267e-05,8.055480e-07,3.461818e-08,6.739919e-10,9.459377e-12,9.340208e-14,1.065952e-15
169,3.480000e+00,9.987173e-01,1.112826e-02,5.637525e+00,7.470916e-01,1.654365e-01,7.555734e-02,9.167462e-03,2.579668e-03,1.427438e-04,2.376065e-05,8.171344e-07,3.458763e-08,6.696221e-10,9.310938e-12,9.188120e-14,1.093149e-15
170,3.500000e+00,9.987107e-01,1.107210e-02,5.636615e+00,7.468545e-01,1.650482e-01,7.619580e-02,9.129956e-03,2.605191e-03,1.416650e-04,2.384017e-05,8.284730e-07,3.456916e-08,6.653006e-10,9.173575e-12,9.061171e-14,1.123479e-15
171,3.520000e+00,9.987041e-01,1.101949e-02,5.635722e+00,7.466283e-01,1.646513e-01,7.683394e-02,9.090862e-03,2.630256e-03,1.405663e-04,2.390132e-05,8.394956e-07,3.456288e-08,6.611171e-10,9.048739e-12,8.961345e-14,1.157412e-15
172,3.540000e+00,9.986976e-01,1.097086e-02,5.634844e+00,7.464126e-01,1.642459e-01,7.747199e-02,9.050292e-03,2.654859e-03,1.394514e-04,2.394429e-05,8.501350e-07,3.456847e-08,6.571584e-10,8.937918e-12,8.890204e-14,1.195396e-15
173,3.560000e+00,9.986912e-01,1.092663e-02,5.633981e+00,7.462071e-01,1.638322e-01,7.811018e-02,9.008352e-03,2.679000e-03,1.383237e-04,2.396928e-05,8.603261e-07,3.458518e-08,6.535066e-10,8.842644e-12,8.848938e-14,1.237847e-15
174,3.580000e+00,9.986848e-01,1.088697e-02,5.633132e+00,7.460112e-01,1.634102e-01,7.874873e-02,8.965145e-03,2.702675e-03,1.371865e-04,2.397654e-05,8.700063e-07,3.461193e-08,6.502377e-10,8.764495e-12,8.838434e-14,1.285143e-15
175,3.600000e+00,9.986784e-01,1.085213e-02,5.632295e+00,7.458248e-01,1.629798e-01,7.938782e-02,8.920769e-03,2.725885e-03,1.360429e-04,2.396636e-05,8.791162e-07,3.464724e-08,6.474211e-10,8.705094e-12,8.859351e-14,1.337624e-15
176,3.620000e+00,9.986721e-01,1.082236e-02,5.631471e+00,7.456477e-01,1.625409e-01,8.002767e-02,8.875318e-03,2.748628e-03,1.348959e-04,2.393904e-05,8.875998e-07,3.468934e-08,6.451184e-10,8.666102e-12,8.912209e-14,1.395585e-15
177,3.640000e+00,9.986658e-01,1.079787e-02,5.630658e+00,7.454797e-01,1.620935e-01,8.066844e-02,8.828881e-03,2.770903e-03,1.337485e-04,2.389492e-05,8.954055e-07,3.473617e-08,6.433826e-10,8.649208e-12,8.997481e-14,1.459283e-15
178,3.660000e+00,9.986595e-01,1.077909e-02,5.629857e+00,7.453207e-01,1.616374e-01,8.131030e-02,8.781544e-03,2.792712e-03,1.326034e-04,2.383437e-05,9.024855e-07,3.478545e-08,6.422576e-10,8.656116e-12,9.115696e-14,1.528935e-15
179,3.680000e+00,9.986533e-01,1.076595e-02,5.629067e+00,7.451707e-01,1.611723e-01,8.195341e-02,8.733389e-03,2.814053e-03,1.314635e-04,2.375776e-05,9.087968e-07,3.483469e-08,6.417778e-10,8.688522e-12,9.267527e-14,1.604724e-15
180,3.700000e+00,9.986471e-01,1.075841e-02,5.628287e+00,7.450297e-01,1.606981e-01,8.259790e-02,8.684499e-03,2.834926e-03,1.303316e-04,2.366548e-05,9.143010e-07,3.488128e-08,6.419685e-10,8.748087e-12,9.453891e-14,1.686806e-15
181,3.720000e+00,9.986409e-01,1.075644e-02,5.627518e+00,7.448977e-01,1.602144e-01,8.324393e-02,8.634950e-03,2.855331e-03,1.292104e-04,2.355791e-05,9.189645e-07,3.492249e-08,6.428453e-10,8.836417e-12,9.676036e-14,1.775316e-15
182,3.740000e+00,9.986347e-01,1.075992e-02,5.626760e+00,7.447748e-01,1.597210e-01,8.389158e-02,8.584820e-03,2.875267e-03,1.281027e-04,2.343547e-05,9.227582e-07,3.495554e-08,6.444152e-10,8.955025e-12,9.935616e-14,1.870381e-15
183,3.760000e+00,9.986285e-01,1.076865e-02,5.626011e+00,7.446612e-01,1.592176e-01,8.454098e-02,8.534187e-03,2.894731e-03,1.270114e-04,2.329856e-05,9.256579e-07,3.497765e-08,6.466766e-10,9.105299e-12,1.023476e-13,1.972127e-15
184,3.780000e+00,9.986223e-01,1.078231e-02,5.625272e+00,7.445571e-01,1.587038e-01,8.519219e-02,8.483128e-03,2.913721e-03,1.259393e-04,2.314758e-05,9.276439e-07,3.498607e-08,6.496205e-10,9.288468e-12,1.057615e-13,2.080689e-15
185,3.800000e+00,9.986162e-01,1.080043e-02,5.624543e+00,7.444625e-01,1.581794e-01,8.584529e-02,8.431723e-03,2.932232e-03,1.248893e-04,2.298295e-05,9.287010e-07,3.497814e-08,6.532312e-10,9.505567e-12,1.096301e-13,2.196229e-15
186,3.820000e+00,9.986100e-01,1.082255e-02,5.623823e+00,7.443777e-01,1.576441e-01,8.650031e-02,8.380052e-03,2.950258e-03,1.238643e-04,2.280507e-05,9.288180e-07,3.495129e-08,6.574875e-10,9.757403e-12,1.139921e-13,2.318941e-15
187,3.840000e+00,9.986039e-01,1.084789e-02,5.623114e+00,7.443028e-01,1.570975e-01,8.715727e-02,8.328199e-03,2.967793e-03,1.228673e-04,2.261435e-05,9.279881e-07,3.490314e-08,6.623638e-10,1.004452e-11,1.188922e-13,2.449069e-15
188,3.860000e+00,9.985978e-01,1.087574e-02,5.622414e+00,7.442382e-01,1.565393e-01,8.781617e-02,8.276254e-03,2.984827e-03,1.219013e-04,2.241120e-05,9.262080e-07,3.483147e-08,6.678316e-10,1.036718e-11,1.243812e-13,2.586914e-15
189,3.880000e+00,9.985916e-01,1.090506e-02,5.621725e+00,7.441839e-01,1.559694e-01,8.847697e-02,8.224309e-03,3.001348e-03,1.209693e-04,2.219602e-05,9.234781e-07,3.473429e-08,6.738603e-10,1.072532e-11,1.305162e-13,2.732853e-15
190,3.900000e+00,9.985854e-01,1.093495e-02,5.621045e+00,7.441403e-01,1.553873e-01,8.913959e-02,8.172462e-03,3.017343e-03,1.200744e-04,2.196924e-05,9.198020e-07,3.460987e-08,6.804188e-10,1.111857e-11,1.373599e-13,2.887344e-15
191,3.920000e+00,9.985793e-01,1.096457e-02,5.620376e+00,7.441075e-01,1.547931e-01,8.980394e-02,8.120818e-03,3.032797e-03,1.192193e-04,2.173125e-05,9.151861e-07,3.445676e-08,6.874764e-10,1.154621e-11,1.449801e-13,3.050941e-15
192,3.940000e+00,9.985731e-01,1.099318e-02,5.619717e+00,7.440858e-01,1.541863e-01,9.046987e-02,8.069486e-03,3.047691e-03,1.184071e-04,2.148249e-05,9.096397e-07,3.427382e-08,6.950037e-10,1.200720e-11,1.534495e-13,3.224308e-15
193,3.960000e+00,9.985669e-01,1.102017e-02,5.619068e+00,7.440753e-01,1.535671e-01,9.113721e-02,8.018585e-03,3.062006e-03,1.176406e-04,2.122338e-05,9.031743e-07,3.406023e-08,7.029740e-10,1.250017e-11,1.628449e-13,3.408224e-15
194,3.980000e+00,9.985607e-01,1.104512e-02,5.618431e+00,7.440764e-01,1.529351e-01,9.180575e-02,7.968238e-03,3.075719e-03,1.169224e-04,2.095436e-05,8.958035e-07,3.381554e-08,7.113630e-10,1.302348e-11,1.732463e-13,3.603601e-15
195,4.000000e+00,9.985545e-01,1.106778e-02,5.617804e+00,7.440891e-01,1.522904e-01,9.247524e-02,7.918576e-03,3.088805e-03,1.162550e-04,2.067586e-05,8.875427e-07,3.353966e-08,7.201501e-10,1.357521e-11,1.847362e-13,3.811488e-15
196,4.020000e+00,9.985482e-01,1.108797e-02,5.617189e+00,7.441137e-01,1.516330e-01,9.314538e-02,7.869738e-03,3.101238e-03,1.156410e-04,2.038837e-05,8.784089e-07,3.323291e-08,7.293176e-10,1.415323e-11,1.973989e-13,4.033089e-15
197,4.040000e+00,9.985420e-01,1.110569e-02,5.616585e+00,7.441504e-01,1.509628e-01,9.381585e-02,7.821868e-03,3.112990e-03,1.150823e-04,2.009233e-05,8.684204e-07,3.289599e-08,7.388513e-10,1.475529e-11,2.113192e-13,4.269768e-15
198,4.060000e+00,9.985357e-01,1.112119e-02,5.615992e+00,7.441993e-01,1.502801e-01,9.448628e-02,7.775119e-03,3.124029e-03,1.145812e-04,1.978826e-05,8.575967e-07,3.253002e-08,7.487395e-10,1.537903e-11,2.265821e-13,4.523064e-15
199,4.080000e+00,9.985294e-01,1.113464e-02,5.615412e+00,7.442605e-01,1.495848e-01,9.515628e-02,7.729650e-03,3.134323e-03,1.141392e-04,1.947663e-05,8.459584e-07,3.213656e-08,7.589727e-10,1.602211e-11,2.432719e-13,4.794700e-15
200,4.100000e+00,9.985230e-01,1.114637e-02,5.614845e+00,7.443342e-01,1.488771e-01,9.582542e-02,7.685627e-03,3.143840e-03,1.137581e-04,1.915798e-05,8.335274e-07,3.171755e-08,7.695422e-10,1.668227e-11,2.614713e-13,5.086600e-15
201,4.120000e+00,9.985167e-01,1.115673e-02,5.614290e+00,7.444205e-01,1.481573e-01,9.649324e-02,7.643223e-03,3.152546e-03,1.134393e-04,1.883282e-05,8.203265e-07,3.127538e-08,7.804397e-10,1.735745e-11,2.812610e-13,5.400894e-15
202,4.140000e+00,9.985102e-01,1.116608e-02,5.613748e+00,7.445196e-01,1.474256e-01,9.715925e-02,7.602615e-03,3.160404e-03,1.131839e-04,1.850169e-05,8.063797e-07,3.081281e-08,7.916555e-10,1.804585e-11,3.027193e-13,5.739938e-15
203,4.160000e+00,9.985038e-01,1.117472e-02,5.613220e+00,7.446314e-01,1.466822e-01,9.782296e-02,7.563987e-03,3.167380e-03,1.129929e-04,1.816514e-05,7.917123e-07,3.033303e-08,8.031775e-10,1.874606e-11,3.259221e-13,6.106324e-15
204,4.180000e+00,9.984973e-01,1.118294e-02,5.612705e+00,7.447562e-01,1.459276e-01,9.848383e-02,7.527527e-03,3.173437e-03,1.128673e-04,1.782373e-05,7.763511e-07,2.983955e-08,8.149899e-10,1.945711e-11,3.509427e-13,6.502898e-15
205,4.200000e+00,9.984908e-01,1.119102e-02,5.612204e+00,7.448938e-01,1.451619e-01,9.914131e-02,7.493426e-03,3.178541e-03,1.128077e-04,1.747800e-05,7.603247e-07,2.933628e-08,8.270724e-10,2.017865e-11,3.778526e-13,6.932777e-15
206,4.220000e+00,9.984843e-01,1.119900e-02,5.611717e+00,7.450443e-01,1.443856e-01,9.979485e-02,7.461878e-03,3.182656e-03,1.128145e-04,1.712852e-05,7.436635e-07,2.882740e-08,8.393985e-10,2.091092e-11,4.067216e-13,7.399361e-15
207,4.240000e+00,9.984777e-01,1.120690e-02,5.611245e+00,7.452077e-01,1.435992e-01,1.004439e-01,7.433078e-03,3.185748e-03,1.128883e-04,1.677584e-05,7.263997e-07,2.831739e-08,8.519353e-10,2.165492e-11,4.376195e-13,7.906363e-15
208,4.260000e+00,9.984710e-01,1.121471e-02,5.610788e+00,7.453840e-01,1.428029e-01,1.010878e-01,7.407222e-03,3.187785e-03,1.130292e-04,1.642051e-05,7.085683e-07,2.781097e-08,8.646428e-10,2.241245e-11,4.706172e-13,8.457823e-15
209,4.280000e+00,9.984644e-01,1.122238e-02,5.610346e+00,7.455732e-01,1.419975e-01,1.017261e-01,7.384503e-03,3.188737e-03,1.132372e-04,1.606308e-05,6.902062e-07,2.731306e-08,8.774738e-10,2.318613e-11,5.057882e-13,9.058136e-15
210,4.300000e+00,9.984576e-01,1.122986e-02,5.609918e+00,7.457750e-01,1.411832e-01,1.023581e-01,7.365111e-03,3.188575e-03,1.135123e-04,1.570408e-05,6.713530e-07,2.682872e-08,8.903738e-10,2.397953e-11,5.432113e-13,9.712084e-15
211,4.320000e+00,9.984509e-01,1.123705e-02,5.609506e+00,7.459895e-01,1.403608e-01,1.029834e-01,7.349233e-03,3.187272e-03,1.138541e-04,1.534403e-05,6.520503e-07,2.636315e-08,9.032815e-10,2.479712e-11,5.829726e-13,1.042486e-14
212,4.340000e+00,9.984440e-01,1.124389e-02,5.609109e+00,7.462163e-01,1.395306e-01,1.036013e-01,7.337051e-03,3.184806e-03,1.142623e-04,1.498342e-05,6.323423e-07,2.592157e-08,9.161295e-10,2.564439e-11,6.251687e-13,1.120211e-14
213,4.360000e+00,9.984372e-01,1.125039e-02,5.608728e+00,7.464554e-01,1.386933e-01,1.042113e-01,7.328738e-03,3.181155e-03,1.147364e-04,1.462274e-05,6.122747e-07,2.550926e-08,9.288457e-10,2.652777e-11,6.699096e-13,1.204997e-14
214,4.380000e+00,9.984303e-01,1.125650e-02,5.608362e+00,7.467066e-01,1.378495e-01,1.048130e-01,7.324465e-03,3.176304e-03,1.152755e-04,1.426246e-05,5.918950e-07,2.513142e-08,9.413535e-10,2.745473e-11,7.173228e-13,1.297511e-14
215,4.400000e+00,9.984233e-01,1.126221e-02,5.608011e+00,7.469695e-01,1.369996e-01,1.054059e-01,7.324392e-03,3.170237e-03,1.158789e-04,1.390304e-05,5.712521e-07,2.479315e-08,9.535741e-10,2.843370e-11,7.675571e-13,1.398479e-14
216,4.420000e+00,9.984162e-01,1.126763e-02,5.607676e+00,7.472440e-01,1.361444e-01,1.059894e-01,7.328674e-03,3.162944e-03,1.165457e-04,1.354494e-05,5.503955e-07,2.449941e-08,9.654274e-10,2.947407e-11,8.207864e-13,1.508690e-14
217,4.440000e+00,9.984091e-01,1.127293e-02,5.607355e+00,7.475297e-01,1.352842e-01,1.065633e-01,7.337461e-03,3.154416e-03,1.172747e-04,1.318858e-05,5.293757e-07,2.425492e-08,9.768334e-10,3.058613e-11,8.772149e-13,1.629003e-14
218,4.460000e+00,9.984020e-01,1.127842e-02,5.607049e+00,7.478264e-01,1.344196e-01,1.071271e-01,7.350898e-03,3.144647e-03,1.180647e-04,1.283444e-05,5.082441e-07,2.406410e-08,9.877141e-10,3.178102e-11,9.370813e-13,1.760355e-14
219,4.480000e+00,9.983948e-01,1.128448e-02,5.606758e+00,7.481337e-01,1.335511e-01,1.076805e-01,7.369124e-03,3.133635e-03,1.189143e-04,1.248295e-05,4.870528e-07,2.393103e-08,9.979954e-10,3.307056e-11,1.000663e-12,1.903765e-14
220,4.500000e+00,9.983875e-01,1.129162e-02,5.606481e+00,7.484515e-01,1.326792e-01,1.082232e-01,7.392277e-03,3.121379e-03,1.198218e-04,1.213459e-05,4.658555e-07,2.385935e-08,1.007609e-09,3.446718e-11,1.068282e-12,2.060342e-14
221,4.520000e+00,9.983801e-01,1.130045e-02,5.606218e+00,7.487793e-01,1.318042e-01,1.087551e-01,7.420495e-03,3.107880e-03,1.207855e-04,1.178984e-05,4.447084e-07,2.385218e-08,1.016494e-09,3.598371e-11,1.140305e-12,2.231295e-14
222,4.540000e+00,9.983727e-01,1.131164e-02,5.605969e+00,7.491168e-01,1.309265e-01,1.092760e-01,7.453913e-03,3.093141e-03,1.218031e-04,1.144919e-05,4.236707e-07,2.391210e-08,1.024601e-09,3.763321e-11,1.217152e-12,2.417939e-14
223,4.560000e+00,9.983652e-01,1.132587e-02,5.605732e+00,7.494639e-01,1.300463e-01,1.097856e-01,7.492669e-03,3.077165e-03,1.228723e-04,1.111317e-05,4.028068e-07,2.404107e-08,1.031896e-09,3.942874e-11,1.299294e-12,2.621701e-14
224,4.580000e+00,9.983576e-01,1.134394e-02,5.605509e+00,7.498201e-01,1.291640e-01,1.102839e-01,7.536901e-03,3.059955e-03,1.239902e-04,1.078229e-05,3.821871e-07,2.424037e-08,1.038361e-09,4.138318e-11,1.387255e-12,2.844129e-14
225,4.600000e+00,9.983499e-01,1.136649e-02,5.605297e+00,7.501854e-01,1.282796e-01,1.107708e-01,7.586750e-03,3.041516e-03,1.251536e-04,1.045708e-05,3.618898e-07,2.451064e-08,1.044002e-09,4.350897e-11,1.481615e-12,3.086899e-14
226,4.620000e+00,9.983422e-01,1.139408e-02,5.605097e+00,7.505594e-01,1.273933e-01,1.112462e-01,7.642362e-03,3.021852e-03,1.263590e-04,1.013807e-05,3.420029e-07,2.485182e-08,1.048851e-09,4.581791e-11,1.583007e-12,3.351819e-14
227,4.640000e+00,9.983343e-01,1.142723e-02,5.604908e+00,7.509421e-01,1.265051e-01,1.117102e-01,7.703883e-03,3.000966e-03,1.276026e-04,9.825766e-06,3.226244e-07,2.526318e-08,1.052972e-09,4.832100e-11,1.692113e-12,3.640835e-14
228,4.660000e+00,9.983264e-01,1.146638e-02,5.604730e+00,7.513332e-01,1.256150e-01,1.121628e-01,7.771466e-03,2.978859e-03,1.288802e-04,9.520669e-06,3.038643e-07,2.574342e-08,1.056470e-09,5.102825e-11,1.809664e-12,3.956035e-14
229,4.680000e+00,9.983184e-01,1.151188e-02,5.604563e+00,7.517328e-01,1.247228e-01,1.126038e-01,7.845266e-03,2.955533e-03,1.301872e-04,9.223239e-06,2.858440e-07,2.629073e-08,1.059488e-09,5.394857e-11,1.936434e-12,4.299651e-14
230,4.700000e+00,9.983103e-01,1.156398e-02,5.604405e+00,7.521408e-01,1.238286e-01,1.130334e-01,7.925440e-03,2.930988e-03,1.315189e-04,8.933901e-06,2.686964e-07,2.690290e-08,1.062222e-09,5.708967e-11,2.073234e-12,4.674059e-14
231,4.720000e+00,9.983021e-01,1.162286e-02,5.604258e+00,7.525572e-01,1.229322e-01,1.134514e-01,8.012149e-03,2.905225e-03,1.328705e-04,8.653040e-06,2.525646e-07,2.757749e-08,1.064917e-09,6.045806e-11,2.220909e-12,5.081781e-14
232,4.740000e+00,9.982938e-01,1.168870e-02,5.604120e+00,7.529821e-01,1.220335e-01,1.138577e-01,8.105557e-03,2.878241e-03,1.342368e-04,8.380995e-06,2.375999e-07,2.831194e-08,1.067878e-09,6.405902e-11,2.380328e-12,5.525480e-14
233,4.760000e+00,9.982854e-01,1.176163e-02,5.603992e+00,7.534155e-01,1.211323e-01,1.142523e-01,8.205826e-03,2.850037e-03,1.356129e-04,8.118068e-06,2.239588e-07,2.910385e-08,1.071469e-09,6.789664e-11,2.552379e-12,6.007956e-14
234,4.780000e+00,9.982769e-01,1.184181e-02,5.603873e+00,7.538576e-01,1.202286e-01,1.146350e-01,8.313119e-03,2.820613e-03,1.369935e-04,7.864526e-06,2.117999e-07,2.995109e-08,1.076115e-09,7.197389e-11,2.737963e-12,6.532143e-14
235,4.800000e+00,9.982683e-01,1.192945e-02,5.603764e+00,7.543085e-01,1.193223e-01,1.150054e-01,8.427594e-03,2.789972e-03,1.383735e-04,7.620614e-06,2.012792e-07,3.085207e-08,1.082305e-09,7.629271e-11,2.937986e-12,7.101093e-14
236,4.820000e+00,9.982596e-01,1.202503e-02,5.603665e+00,7.547682e-01,1.184135e-01,1.153634e-01,8.549403e-03,2.758119e-03,1.397476e-04,7.386574e-06,1.925456e-07,3.180590e-08,1.090590e-09,8.085406e-11,3.153351e-12,7.717973e-14
237,4.840000e+00,9.982508e-01,1.212851e-02,5.603575e+00,7.552370e-01,1.175022e-01,1.157086e-01,8.678692e-03,2.725060e-03,1.411106e-04,7.162659e-06,1.857358e-07,3.281261e-08,1.101579e-09,8.565809e-11,3.384949e-12,8.386044e-14
238,4.860000e+00,9.982419e-01,1.224000e-02,5.603496e+00,7.557148e-01,1.165888e-01,1.160404e-01,8.815592e-03,2.690810e-03,1.424572e-04,6.949162e-06,1.809690e-07,3.387326e-08,1.115939e-09,9.070417e-11,3.633654e-12,9.108648e-14
239,4.880000e+00,9.982329e-01,1.235953e-02,5.603427e+00,7.562017e-01,1.156734e-01,1.163586e-01,8.960222e-03,2.655385e-03,1.437819e-04,6.746439e-06,1.783423e-07,3.499018e-08,1.134387e-09,9.599101e-11,3.900309e-12,9.889181e-14
240,4.900000e+00,9.982237e-01,1.248697e-02,5.603368e+00,7.566976e-01,1.147568e-01,1.166623e-01,9.112682e-03,2.618810e-03,1.450790e-04,6.554933e-06,1.779259e-07,3.616694e-08,1.157687e-09,1.015167e-10,4.185719e-12,1.073107e-13
241,4.920000e+00,9.982145e-01,1.262194e-02,5.603321e+00,7.572024e-01,1.138393e-01,1.169512e-01,9.273049e-03,2.581117e-03,1.463424e-04,6.375202e-06,1.797591e-07,3.740851e-08,1.186639e-09,1.072788e-10,4.490634e-12,1.163776e-13
242,4.940000e+00,9.982052e-01,1.276376e-02,5.603284e+00,7.577159e-01,1.129220e-01,1.172244e-01,9.441378e-03,2.542344e-03,1.475657e-04,6.207937e-06,1.838477e-07,3.872118e-08,1.222076e-09,1.132742e-10,4.815743e-12,1.261263e-13
243,4.960000e+00,9.981957e-01,1.291145e-02,5.603259e+00,7.582377e-01,1.120057e-01,1.174813e-01,9.617692e-03,2.502542e-03,1.487420e-04,6.053988e-06,1.901615e-07,4.011255e-08,1.264854e-09,1.194994e-10,5.161654e-12,1.365903e-13
244,4.980000e+00,9.981862e-01,1.306369e-02,5.603245e+00,7.587674e-01,1.110917e-01,1.177211e-01,9.801987e-03,2.461767e-03,1.498637e-04,5.914369e-06,1.986339e-07,4.159140e-08,1.315844e-09,1.259503e-10,5.528880e-12,1.478018e-13
245,5.000000e+00,9.981765e-01,1.321883e-02,5.603243e+00,7.593044e-01,1.101814e-01,1.179430e-01,9.994220e-03,2.420089e-03,1.509226e-04,5.790268e-06,2.091622e-07,4.316748e-08,1.375925e-09,1.326221e-10,5.917820e-12,1.597915e-13
246,5.020000e+00,9.981668e-01,1.337510e-02,5.603252e+00,7.598478e-01,1.092763e-01,1.181462e-01,1.019431e-02,2.377587e-03,1.519096e-04,5.683041e-06,2.216098e-07,4.485135e-08,1.445979e-09,1.395092e-10,6.328743e-12,1.725878e-13
247,5.040000e+00,9.981570e-01,1.352996e-02,5.603272e+00,7.603967e-01,1.083783e-01,1.183299e-01,1.040214e-02,2.334352e-03,1.528150e-04,5.594207e-06,2.358090e-07,4.665401e-08,1.526884e-09,1.466054e-10,6.761768e-12,1.862169e-13
248,5.060000e+00,9.981470e-01,1.368094e-02,5.603304e+00,7.609499e-01,1.074894e-01,1.184933e-01,1.061754e-02,2.290484e-03,1.536282e-04,5.525418e-06,2.515654e-07,4.858664e-08,1.619507e-09,1.539036e-10,7.216845e-12,2.007014e-13
249,5.080000e+00,9.981370e-01,1.382559e-02,5.603346e+00,7.615061e-01,1.066118e-01,1.186355e-01,1.084029e-02,2.246097e-03,1.543376e-04,5.478433e-06,2.686636e-07,5.066017e-08,1.724705e-09,1.613954e-10,7.693737e-12,2.160604e-13
250,5.100000e+00,9.981269e-01,1.396156e-02,5.603399e+00,7.620639e-01,1.057480e-01,1.187559e-01,1.107014e-02,2.201313e-03,1.549311e-04,5.455079e-06,2.868734e-07,5.288493e-08,1.843320e-09,1.690717e-10,8.192003e-12,2.323082e-13
251,5.120000e+00,9.981167e-01,1.408669e-02,5.603462e+00,7.626216e-01,1.049005e-01,1.188536e-01,1.130676e-02,2.156267e-03,1.553960e-04,5.457199e-06,3.059568e-07,5.527019e-08,1.976177e-09,1.769221e-10,8.710981e-12,2.494545e-13
252,5.140000e+00,9.981064e-01,1.419909e-02,5.603533e+00,7.631774e-01,1.040721e-01,1.189280e-01,1.154978e-02,2.111102e-03,1.557190e-04,5.486597e-06,3.256755e-07,5.782375e-08,2.124085e-09,1.849351e-10,9.249779e-12,2.675029e-13
253,5.160000e+00,9.980961e-01,1.429721e-02,5.603613e+00,7.637295e-01,1.032655e-01,1.189784e-01,1.179878e-02,2.065968e-03,1.558867e-04,5.544983e-06,3.457989e-07,6.055155e-08,2.287834e-09,1.930982e-10,9.807264e-12,2.864508e-13
254,5.180000e+00,9.980858e-01,1.437999e-02,5.603700e+00,7.642758e-01,1.024837e-01,1.190043e-01,1.205328e-02,2.021025e-03,1.558857e-04,5.633909e-06,3.661110e-07,6.345725e-08,2.468195e-09,2.013983e-10,1.038206e-11,3.062888e-13
255,5.200000e+00,9.980753e-01,1.444653e-02,5.603794e+00,7.648143e-01,1.017294e-01,1.190052e-01,1.231273e-02,1.976437e-03,1.557030e-04,5.754707e-06,3.864182e-07,6.654193e-08,2.665919e-09,2.098214e-10,1.097256e-11,3.270003e-13
256,5.220000e+00,9.980649e-01,1.449625e-02,5.603893e+00,7.653431e-01,1.010056e-01,1.189806e-01,1.257654e-02,1.932371e-03,1.553261e-04,5.908433e-06,4.065557e-07,6.980381e-08,2.881733e-09,2.183538e-10,1.157692e-11,3.485608e-13
257,5.240000e+00,9.980544e-01,1.452903e-02,5.603998e+00,7.658603e-01,1.003150e-01,1.189304e-01,1.284407e-02,1.888999e-03,1.547439e-04,6.095813e-06,4.263928e-07,7.323805e-08,3.116335e-09,2.269821e-10,1.219307e-11,3.709383e-13
258,5.260000e+00,9.980439e-01,1.454506e-02,5.604107e+00,7.663638e-01,9.966004e-02,1.188542e-01,1.311462e-02,1.846490e-03,1.539461e-04,6.317198e-06,4.458380e-07,7.683667e-08,3.370387e-09,2.356942e-10,1.281877e-11,3.940927e-13
259,5.280000e+00,9.980334e-01,1.454482e-02,5.604219e+00,7.668521e-01,9.904322e-02,1.187521e-01,1.338746e-02,1.805012e-03,1.529245e-04,6.572524e-06,4.648422e-07,8.058853e-08,3.644507e-09,2.444798e-10,1.345160e-11,4.179763e-13
260,5.300000e+00,9.980229e-01,1.452897e-02,5.604335e+00,7.673235e-01,9.846661e-02,1.186242e-01,1.366181e-02,1.764729e-03,1.516726e-04,6.861285e-06,4.834005e-07,8.447950e-08,3.939254e-09,2.533317e-10,1.408903e-11,4.425343e-13
261,5.320000e+00,9.980124e-01,1.449830e-02,5.604453e+00,7.677767e-01,9.793202e-02,1.184707e-01,1.393688e-02,1.725799e-03,1.501861e-04,7.182517e-06,5.015525e-07,8.849262e-08,4.255120e-09,2.622463e-10,1.472846e-11,4.677048e-13
262,5.340000e+00,9.980019e-01,1.445380e-02,5.604574e+00,7.682103e-01,9.744096e-02,1.182919e-01,1.421183e-02,1.688372e-03,1.484631e-04,7.534792e-06,5.193812e-07,9.260844e-08,4.592509e-09,2.712249e-10,1.536724e-11,4.934205e-13
263,5.360000e+00,9.979915e-01,1.439653e-02,5.604697e+00,7.686236e-01,9.699459e-02,1.180883e-01,1.448585e-02,1.652585e-03,1.465042e-04,7.916220e-06,5.370103e-07,9.680548e-08,4.951724e-09,2.802744e-10,1.600276e-11,5.196089e-13
264,5.380000e+00,9.979811e-01,1.432746e-02,5.604822e+00,7.690156e-01,9.659369e-02,1.178607e-01,1.475809e-02,1.618568e-03,1.443125e-04,8.324471e-06,5.545996e-07,1.010606e-07,5.332951e-09,2.894080e-10,1.663248e-11,5.461943e-13
265,5.400000e+00,9.979708e-01,1.424768e-02,5.604949e+00,7.693860e-01,9.623871e-02,1.176098e-01,1.502772e-02,1.586434e-03,1.418938e-04,8.756801e-06,5.723401e-07,1.053498e-07,5.736240e-09,2.986464e-10,1.725404e-11,5.730987e-13
266,5.420000e+00,9.979606e-01,1.415824e-02,5.605079e+00,7.697343e-01,9.592972e-02,1.173366e-01,1.529395e-02,1.556284e-03,1.392564e-04,9.210091e-06,5.904465e-07,1.096483e-07,6.161491e-09,3.080176e-10,1.786523e-11,6.002433e-13
267,5.440000e+00,9.979504e-01,1.406016e-02,5.605211e+00,7.700606e-01,9.566647e-02,1.170419e-01,1.555597e-02,1.528203e-03,1.364113e-04,9.680895e-06,6.091506e-07,1.139316e-07,6.608438e-09,3.175577e-10,1.846412e-11,6.275505e-13
268,5.460000e+00,9.979403e-01,1.395443e-02,5.605347e+00,7.703650e-01,9.544842e-02,1.167270e-01,1.581304e-02,1.502260e-03,1.333716e-04,1.016549e-05,6.286929e-07,1.181757e-07,7.076633e-09,3.273112e-10,1.904908e-11,6.549452e-13
269,5.480000e+00,9.979303e-01,1.384197e-02,5.605486e+00,7.706476e-01,9.527472e-02,1.163931e-01,1.606446e-02,1.478510e-03,1.301526e-04,1.065996e-05,6.493145e-07,1.223578e-07,7.565441e-09,3.373301e-10,1.961881e-11,6.823567e-13
270,5.500000e+00,9.979204e-01,1.372361e-02,5.605628e+00,7.709091e-01,9.514429e-02,1.160413e-01,1.630956e-02,1.456991e-03,1.267716e-04,1.116023e-05,6.712493e-07,1.264567e-07,8.074022e-09,3.476744e-10,2.017237e-11,7.097198e-13
271,5.520000e+00,9.979106e-01,1.360019e-02,5.605774e+00,7.711498e-01,9.505586e-02,1.156731e-01,1.654774e-02,1.437725e-03,1.232474e-04,1.166215e-05,6.947163e-07,1.304531e-07,8.601330e-09,3.584110e-10,2.070925e-11,7.369768e-13
272,5.540000e+00,9.979009e-01,1.347251e-02,5.605925e+00,7.713706e-01,9.500797e-02,1.152897e-01,1.677845e-02,1.420721e-03,1.196005e-04,1.216155e-05,7.199129e-07,1.343302e-07,9.146106e-09,3.696130e-10,2.122928e-11,7.640785e-13
273,5.560000e+00,9.978913e-01,1.334138e-02,5.606081e+00,7.715720e-01,9.499904e-02,1.148924e-01,1.700121e-02,1.405972e-03,1.158522e-04,1.265434e-05,7.470086e-07,1.380736e-07,9.706882e-09,3.813592e-10,2.173275e-11,7.909853e-13
274,5.580000e+00,9.978819e-01,1.320769e-02,5.606241e+00,7.717548e-01,9.502740e-02,1.144826e-01,1.721558e-02,1.393460e-03,1.120248e-04,1.313654e-05,7.761407e-07,1.416721e-07,1.028198e-08,3.937321e-10,2.222030e-11,8.176686e-13
275,5.600000e+00,9.978725e-01,1.307232e-02,5.606407e+00,7.719200e-01,9.509130e-02,1.140616e-01,1.742122e-02,1.383155e-03,1.081412e-04,1.360436e-05,8.074099e-07,1.451170e-07,1.086951e-08,4.068175e-10,2.269295e-11,8.441107e-13
276,5.620000e+00,9.978633e-01,1.293624e-02,5.606578e+00,7.720683e-01,9.518898e-02,1.136306e-01,1.761782e-02,1.375016e-03,1.042245e-04,1.405423e-05,8.408788e-07,1.484028e-07,1.146741e-08,4.207024e-10,2.315207e-11,8.703059e-13
277,5.640000e+00,9.978542e-01,1.280048e-02,5.606756e+00,7.722005e-01,9.531865e-02,1.131909e-01,1.780514e-02,1.368993e-03,1.002982e-04,1.448288e-05,8.765701e-07,1.515273e-07,1.207343e-08,4.354739e-10,2.359931e-11,8.962605e-13
278,5.660000e+00,9.978452e-01,1.266608e-02,5.606939e+00,7.723175e-01,9.547857e-02,1.127436e-01,1.798300e-02,1.365028e-03,9.638521e-05,1.488736e-05,9.144674e-07,1.544907e-07,1.268515e-08,4.512177e-10,2.403659e-11,9.219918e-13
279,5.680000e+00,9.978364e-01,1.253410e-02,5.607128e+00,7.724201e-01,9.566701e-02,1.122897e-01,1.815127e-02,1.363056e-03,9.250848e-05,1.526509e-05,9.545159e-07,1.572966e-07,1.330004e-08,4.680164e-10,2.446605e-11,9.475285e-13
280,5.700000e+00,9.978277e-01,1.240556e-02,5.607323e+00,7.725090e-01,9.588231e-02,1.118304e-01,1.830986e-02,1.363007e-03,8.869027e-05,1.561385e-05,9.966255e-07,1.599509e-07,1.391544e-08,4.859479e-10,2.488998e-11,9.729091e-13
281,5.720000e+00,9.978191e-01,1.228145e-02,5.607524e+00,7.725850e-01,9.612289e-02,1.113664e-01,1.845875e-02,1.364806e-03,8.495217e-05,1.593184e-05,1.040673e-06,1.624624e-07,1.452860e-08,5.050845e-10,2.531077e-11,9.981810e-13
282,5.740000e+00,9.978107e-01,1.216250e-02,5.607731e+00,7.726488e-01,9.638723e-02,1.108988e-01,1.859795e-02,1.368373e-03,8.131493e-05,1.621764e-05,1.086506e-06,1.648419e-07,1.513671e-08,5.254911e-10,2.573085e-11,1.023399e-12
283,5.760000e+00,9.978023e-01,1.204935e-02,5.607944e+00,7.727011e-01,9.667393e-02,1.104282e-01,1.872749e-02,1.373627e-03,7.779827e-05,1.647025e-05,1.133948e-06,1.671028e-07,1.573695e-08,5.472247e-10,2.615265e-11,1.048626e-12
284,5.780000e+00,9.977941e-01,1.194246e-02,5.608163e+00,7.727425e-01,9.698165e-02,1.099554e-01,1.884747e-02,1.380484e-03,7.442084e-05,1.668903e-05,1.182801e-06,1.692603e-07,1.632646e-08,5.703334e-10,2.657854e-11,1.073925e-12
285,5.800000e+00,9.977860e-01,1.184202e-02,5.608388e+00,7.727737e-01,9.730915e-02,1.094809e-01,1.895797e-02,1.388858e-03,7.120007e-05,1.687374e-05,1.232851e-06,1.713315e-07,1.690244e-08,5.948557e-10,2.701075e-11,1.099366e-12
286,5.820000e+00,9.977780e-01,1.174806e-02,5.608619e+00,7.727950e-01,9.765528e-02,1.090052e-01,1.905914e-02,1.398665e-03,6.815211e-05,1.702449e-05,1.283872e-06,1.733352e-07,1.746210e-08,6.208204e-10,2.745137e-11,1.125019e-12
287,5.840000e+00,9.977702e-01,1.166036e-02,5.608856e+00,7.728073e-01,9.801899e-02,1.085288e-01,1.915112e-02,1.409818e-03,6.529181e-05,1.714171e-05,1.335629e-06,1.752917e-07,1.800276e-08,6.482466e-10,2.790225e-11,1.150952e-12
288,5.860000e+00,9.977624e-01,1.157854e-02,5.609098e+00,7.728108e-01,9.839931e-02,1.080521e-01,1.923408e-02,1.422234e-03,6.263267e-05,1.722616e-05,1.387883e-06,1.772227e-07,1.852180e-08,6.771435e-10,2.836504e-11,1.177233e-12
289,5.880000e+00,9.977548e-01,1.150216e-02,5.609347e+00,7.728062e-01,9.879532e-02,1.075754e-01,1.930820e-02,1.435830e-03,6.018684e-05,1.727886e-05,1.440394e-06,1.791511e-07,1.901674e-08,7.075109e-10,2.884109e-11,1.203923e-12
290,5.900000e+00,9.977472e-01,1.143063e-02,5.609602e+00,7.727939e-01,9.920623e-02,1.070987e-01,1.937366e-02,1.450523e-03,5.796514e-05,1.730108e-05,1.492922e-06,1.811009e-07,1.948524e-08,7.393392e-10,2.933153e-11,1.231080e-12
291,5.920000e+00,9.977398e-01,1.136326e-02,5.609863e+00,7.727744e-01,9.963129e-02,1.066224e-01,1.943065e-02,1.466236e-03,5.597710e-05,1.729434e-05,1.545231e-06,1.830969e-07,1.992510e-08,7.726100e-10,2.983718e-11,1.258751e-12
292,5.940000e+00,9.977324e-01,1.129947e-02,5.610130e+00,7.727481e-01,1.000698e-01,1.061465e-01,1.947936e-02,1.482892e-03,5.423100e-05,1.726034e-05,1.597092e-06,1.851647e-07,2.033430e-08,8.072961e-10,3.035863e-11,1.286979e-12
293,5.960000e+00,9.977252e-01,1.123874e-02,5.610403e+00,7.727156e-01,1.005212e-01,1.056710e-01,1.951999e-02,1.500418e-03,5.273389e-05,1.720096e-05,1.648282e-06,1.873305e-07,2.071099e-08,8.433620e-10,3.089624e-11,1.315792e-12
294,5.980000e+00,9.977180e-01,1.118067e-02,5.610683e+00,7.726771e-01,1.009850e-01,1.051959e-01,1.955271e-02,1.518744e-03,5.149167e-05,1.711823e-05,1.698591e-06,1.896205e-07,2.105353e-08,8.807645e-10,3.145016e-11,1.345211e-12
295,6.000000e+00,9.977109e-01,1.112504e-02,5.610971e+00,7.726333e-01,1.014606e-01,1.047210e-01,1.957771e-02,1.537803e-03,5.050914e-05,1.701430e-05,1.747818e-06,1.920614e-07,2.136051e-08,9.194524e-10,3.202041e-11,1.375243e-12
296,6.020000e+00,9.977039e-01,1.107176e-02,5.611266e+00,7.725845e-01,1.019478e-01,1.042464e-01,1.959515e-02,1.557531e-03,4.979005e-05,1.689144e-05,1.795773e-06,1.946798e-07,2.163069e-08,9.593674e-10,3.260683e-11,1.405883e-12
297,6.040000e+00,9.976970e-01,1.102087e-02,5.611568e+00,7.725311e-01,1.024460e-01,1.037716e-01,1.960519e-02,1.577868e-03,4.933714e-05,1.675198e-05,1.842282e-06,1.975019e-07,2.186310e-08,1.000445e-09,3.320922e-11,1.437115e-12
298,6.060000e+00,9.976901e-01,1.097254e-02,5.611880e+00,7.724736e-01,1.029552e-01,1.032966e-01,1.960796e-02,1.598754e-03,4.915221e-05,1.659833e-05,1.887186e-06,2.005538e-07,2.205697e-08,1.042612e-09,3.382730e-11,1.468911e-12
299,6.080000e+00,9.976833e-01,1.092718e-02,5.612200e+00,7.724124e-01,1.034749e-01,1.028211e-01,1.960359e-02,1.620136e-03,4.923615e-05,1.643293e-05,1.930339e-06,2.038608e-07,2.221177e-08,1.085793e-09,3.446083e-11,1.501230e-12
300,6.100000e+00,9.976766e-01,1.088506e-02,5.612529e+00,7.723479e-01,1.040052e-01,1.023447e-01,1.959219e-02,1.641959e-03,4.958897e-05,1.625826e-05,1.971613e-06,2.074478e-07,2.232720e-08,1.129903e-09,3.510955e-11,1.534019e-12
301,6.120000e+00,9.976699e-01,1.084623e-02,5.612870e+00,7.722806e-01,1.045457e-01,1.018671e-01,1.957385e-02,1.664174e-03,5.020991e-05,1.607680e-05,2.010899e-06,2.113388e-07,2.240316e-08,1.174855e-09,3.577333e-11,1.567216e-12
302,6.140000e+00,9.976633e-01,1.081070e-02,5.613221e+00,7.722110e-01,1.050964e-01,1.013879e-01,1.954865e-02,1.686730e-03,5.109739e-05,1.589103e-05,2.048102e-06,2.155570e-07,2.243981e-08,1.220554e-09,3.645213e-11,1.600748e-12
303,6.160000e+00,9.976568e-01,1.077846e-02,5.613584e+00,7.721394e-01,1.056573e-01,1.009067e-01,1.951664e-02,1.709580e-03,5.224912e-05,1.570342e-05,2.083150e-06,2.201247e-07,2.243749e-08,1.266902e-09,3.714604e-11,1.634534e-12
304,6.180000e+00,9.976503e-01,1.074937e-02,5.613961e+00,7.720665e-01,1.062283e-01,1.004231e-01,1.947785e-02,1.732679e-03,5.366209e-05,1.551642e-05,2.115986e-06,2.250635e-07,2.239678e-08,1.313795e-09,3.785536e-11,1.668486e-12
305,6.200000e+00,9.976438e-01,1.072320e-02,5.614351e+00,7.719926e-01,1.068094e-01,9.993661e-02,1.943233e-02,1.755982e-03,5.533264e-05,1.533243e-05,2.146575e-06,2.303938e-07,2.231845e-08,1.361126e-09,3.858055e-11,1.702508e-12
306,6.220000e+00,9.976374e-01,1.069963e-02,5.614757e+00,7.719184e-01,1.074006e-01,9.944668e-02,1.938006e-02,1.779448e-03,5.725643e-05,1.515383e-05,2.174903e-06,2.361352e-07,2.220351e-08,1.408780e-09,3.932231e-11,1.736503e-12
307,6.240000e+00,9.976310e-01,1.067830e-02,5.615178e+00,7.718443e-01,1.080019e-01,9.895284e-02,1.932105e-02,1.803033e-03,5.942856e-05,1.498291e-05,2.200976e-06,2.423065e-07,2.205315e-08,1.456638e-09,4.008154e-11,1.770369e-12
308,6.260000e+00,9.976246e-01,1.065886e-02,5.615618e+00,7.717708e-01,1.086135e-01,9.845455e-02,1.925528e-02,1.826699e-03,6.184349e-05,1.482194e-05,2.224822e-06,2.489251e-07,2.186880e-08,1.504577e-09,4.085935e-11,1.804005e-12
309,6.280000e+00,9.976183e-01,1.064100e-02,5.616076e+00,7.716987e-01,1.092353e-01,9.795123e-02,1.918271e-02,1.850408e-03,6.449515e-05,1.467308e-05,2.246495e-06,2.560079e-07,2.165211e-08,1.552466e-09,4.165707e-11,1.837309e-12
310,6.300000e+00,9.976119e-01,1.062459e-02,5.616554e+00,7.716284e-01,1.098674e-01,9.744233e-02,1.910332e-02,1.874121e-03,6.737691e-05,1.453843e-05,2.266069e-06,2.635704e-07,2.140496e-08,1.600170e-09,4.247622e-11,1.870184e-12
311,6.320000e+00,9.976057e-01,1.060978e-02,5.617054e+00,7.715605e-01,1.105099e-01,9.692725e-02,1.901705e-02,1.897805e-03,7.048161e-05,1.441998e-05,2.283647e-06,2.716272e-07,2.112947e-08,1.647549e-09,4.331846e-11,1.902537e-12
312,6.340000e+00,9.975994e-01,1.059624e-02,5.617577e+00,7.714956e-01,1.111630e-01,9.640539e-02,1.892386e-02,1.921425e-03,7.380158e-05,1.431963e-05,2.299355e-06,2.801919e-07,2.082800e-08,1.694458e-09,4.418557e-11,1.934283e-12
313,6.360000e+00,9.975931e-01,1.058411e-02,5.618125e+00,7.714345e-01,1.118266e-01,9.587615e-02,1.882369e-02,1.944950e-03,7.732867e-05,1.423917e-05,2.313348e-06,2.892769e-07,2.050319e-08,1.740749e-09,4.507942e-11,1.965344e-12
314,6.380000e+00,9.975868e-01,1.057364e-02,5.618698e+00,7.713776e-01,1.125008e-01,9.533891e-02,1.871650e-02,1.968351e-03,8.105426e-05,1.418026e-05,2.325809e-06,2.988939e-07,2.015792e-08,1.786268e-09,4.600187e-11,1.995655e-12
315,6.400000e+00,9.975806e-01,1.056520e-02,5.619298e+00,7.713257e-01,1.131856e-01,9.479306e-02,1.860224e-02,1.991598e-03,8.496928e-05,1.414446e-05,2.336950e-06,3.090532e-07,1.979533e-08,1.830864e-09,4.695473e-11,2.025163e-12
316,6.420000e+00,9.975743e-01,1.055921e-02,5.619927e+00,7.712794e-01,1.138812e-01,9.423799e-02,1.848086e-02,2.014668e-03,8.906428e-05,1.413316e-05,2.347011e-06,3.197645e-07,1.941884e-08,1.874383e-09,4.793965e-11,2.053832e-12
317,6.440000e+00,9.975681e-01,1.055611e-02,5.620586e+00,7.712393e-01,1.145876e-01,9.367310e-02,1.835232e-02,2.037538e-03,9.332941e-05,1.414764e-05,2.356264e-06,3.310363e-07,1.903215e-08,1.916675e-09,4.895809e-11,2.081643e-12
318,6.460000e+00,9.975618e-01,1.055630e-02,5.621277e+00,7.712061e-01,1.153046e-01,9.309779e-02,1.821661e-02,2.060186e-03,9.775451e-05,1.418902e-05,2.365012e-06,3.428768e-07,1.863923e-08,1.957594e-09,5.001120e-11,2.108594e-12
319,6.480000e+00,9.975555e-01,1.056013e-02,5.622000e+00,7.711805e-01,1.160324e-01,9.251150e-02,1.807370e-02,2.082594e-03,1.023291e-04,1.425826e-05,2.373588e-06,3.552929e-07,1.824432e-08,1.997000e-09,5.109975e-11,2.134707e-12
320,6.500000e+00,9.975493e-01,1.056792e-02,5.622757e+00,7.711632e-01,1.167707e-01,9.191366e-02,1.792358e-02,2.104748e-03,1.070426e-04,1.435617e-05,2.382357e-06,3.682916e-07,1.785196e-08,2.034761e-09,5.222407e-11,2.160023e-12
321,6.520000e+00,9.975430e-01,1.057997e-02,5.623550e+00,7.711547e-01,1.175195e-01,9.130374e-02,1.776628e-02,2.126635e-03,1.118841e-04,1.448337e-05,2.391710e-06,3.818792e-07,1.746700e-08,2.070757e-09,5.338398e-11,2.184607e-12
322,6.540000e+00,9.975366e-01,1.059601e-02,5.624379e+00,7.711558e-01,1.182786e-01,9.068122e-02,1.760182e-02,2.148245e-03,1.168427e-04,1.464035e-05,2.402068e-06,3.960619e-07,1.709457e-08,2.104880e-09,5.457872e-11,2.208545e-12
323,6.560000e+00,9.975303e-01,1.061602e-02,5.625246e+00,7.711671e-01,1.190478e-01,9.004563e-02,1.743026e-02,2.169569e-03,1.219071e-04,1.482739e-05,2.413875e-06,4.108463e-07,1.674013e-08,2.137036e-09,5.580693e-11,2.231947e-12
324,6.580000e+00,9.975239e-01,1.063994e-02,5.626151e+00,7.711893e-01,1.198270e-01,8.939650e-02,1.725166e-02,2.190604e-03,1.270664e-04,1.504464e-05,2.427597e-06,4.262392e-07,1.640946e-08,2.167145e-09,5.706663e-11,2.254946e-12
325,6.600000e+00,9.975175e-01,1.066774e-02,5.627096e+00,7.712229e-01,1.206157e-01,8.873344e-02,1.706613e-02,2.211347e-03,1.323094e-04,1.529209e-05,2.443715e-06,4.422486e-07,1.610868e-08,2.195147e-09,5.835520e-11,2.277696e-12
326,6.620000e+00,9.975111e-01,1.069931e-02,5.628080e+00,7.712686e-01,1.214137e-01,8.805605e-02,1.687377e-02,2.231798e-03,1.376251e-04,1.556957e-05,2.462723e-06,4.588833e-07,1.584425e-08,2.220995e-09,5.966938e-11,2.300370e-12
327,6.640000e+00,9.975046e-01,1.073461e-02,5.629106e+00,7.713269e-01,1.222205e-01,8.736401e-02,1.667472e-02,2.251958e-03,1.430024e-04,1.587679e-05,2.485123e-06,4.761541e-07,1.562298e-08,2.244663e-09,6.100534e-11,2.323162e-12
328,6.660000e+00,9.974981e-01,1.077366e-02,5.630173e+00,7.713985e-01,1.230359e-01,8.665701e-02,1.646914e-02,2.271831e-03,1.484304e-04,1.621337e-05,2.511416e-06,4.940735e-07,1.545206e-08,2.266143e-09,6.235866e-11,2.346284e-12
329,6.680000e+00,9.974916e-01,1.081650e-02,5.631281e+00,7.714838e-01,1.238592e-01,8.593481e-02,1.625722e-02,2.291423e-03,1.538986e-04,1.657879e-05,2.542101e-06,5.126561e-07,1.533903e-08,2.285444e-09,6.372441e-11,2.369961e-12
330,6.700000e+00,9.974850e-01,1.086321e-02,5.632432e+00,7.715834e-01,1.246900e-01,8.519723e-02,1.603915e-02,2.310740e-03,1.593962e-04,1.697249e-05,2.577669e-06,5.319192e-07,1.529184e-08,2.302596e-09,6.509723e-11,2.394433e-12
331,6.720000e+00,9.974783e-01,1.091390e-02,5.633625e+00,7.716977e-01,1.255278e-01,8.444411e-02,1.581515e-02,2.329788e-03,1.649130e-04,1.739383e-05,2.618597e-06,5.518826e-07,1.531882e-08,2.317647e-09,6.647138e-11,2.419949e-12
332,6.740000e+00,9.974716e-01,1.096868e-02,5.634861e+00,7.718272e-01,1.263718e-01,8.367539e-02,1.558548e-02,2.348574e-03,1.704388e-04,1.784214e-05,2.665341e-06,5.725685e-07,1.542872e-08,2.330662e-09,6.784085e-11,2.446765e-12
333,6.760000e+00,9.974649e-01,1.102758e-02,5.636139e+00,7.719724e-01,1.272214e-01,8.289106e-02,1.535039e-02,2.367104e-03,1.759635e-04,1.831672e-05,2.718337e-06,5.940019e-07,1.563072e-08,2.341727e-09,6.919945e-11,2.475143e-12
334,6.780000e+00,9.974581e-01,1.109060e-02,5.637458e+00,7.721336e-01,1.280760e-01,8.209116e-02,1.511019e-02,2.385385e-03,1.814771e-04,1.881687e-05,2.777989e-06,6.162102e-07,1.593442e-08,2.350947e-09,7.054093e-11,2.505343e-12
335,6.800000e+00,9.974512e-01,1.115766e-02,5.638820e+00,7.723111e-01,1.289346e-01,8.127581e-02,1.486518e-02,2.403420e-03,1.869697e-04,1.934187e-05,2.844668e-06,6.392229e-07,1.634990e-08,2.358446e-09,7.185906e-11,2.537625e-12
336,6.820000e+00,9.974443e-01,1.122852e-02,5.640222e+00,7.725053e-01,1.297966e-01,8.044520e-02,1.461572e-02,2.421215e-03,1.924316e-04,1.989106e-05,2.918705e-06,6.630717e-07,1.688768e-08,2.364367e-09,7.314778e-11,2.572241e-12
337,6.840000e+00,9.974373e-01,1.130289e-02,5.641665e+00,7.727165e-01,1.306610e-01,7.959958e-02,1.436215e-02,2.438773e-03,1.978530e-04,2.046380e-05,3.000382e-06,6.877897e-07,1.755876e-08,2.368877e-09,7.440134e-11,2.609436e-12
338,6.860000e+00,9.974303e-01,1.138040e-02,5.643147e+00,7.729448e-01,1.315269e-01,7.873928e-02,1.410486e-02,2.456095e-03,2.032239e-04,2.105948e-05,3.089929e-06,7.134112e-07,1.837461e-08,2.372161e-09,7.561438e-11,2.649439e-12
339,6.880000e+00,9.974232e-01,1.146058e-02,5.644668e+00,7.731904e-01,1.323933e-01,7.786466e-02,1.384426e-02,2.473184e-03,2.085344e-04,2.167758e-05,3.187517e-06,7.399714e-07,1.934719e-08,2.374429e-09,7.678212e-11,2.692467e-12
340,6.900000e+00,9.974160e-01,1.154289e-02,5.646226e+00,7.734536e-01,1.332593e-01,7.697617e-02,1.358075e-02,2.490041e-03,2.137747e-04,2.231763e-05,3.293249e-06,7.675058e-07,2.048890e-08,2.375916e-09,7.790046e-11,2.738716e-12
341,6.920000e+00,9.974088e-01,1.162672e-02,5.647821e+00,7.737345e-01,1.341237e-01,7.607429e-02,1.331476e-02,2.506667e-03,2.189347e-04,2.297925e-05,3.407161e-06,7.960496e-07,2.181261e-08,2.376883e-09,7.896616e-11,2.788363e-12
342,6.940000e+00,9.974015e-01,1.171146e-02,5.649451e+00,7.740332e-01,1.349854e-01,7.515956e-02,1.304673e-02,2.523063e-03,2.240043e-04,2.366213e-05,3.529208e-06,8.256374e-07,2.333157e-08,2.377619e-09,7.997688e-11,2.841560e-12
343,6.960000e+00,9.973941e-01,1.179644e-02,5.651115e+00,7.743500e-01,1.358433e-01,7.423256e-02,1.277710e-02,2.539230e-03,2.289732e-04,2.436605e-05,3.659270e-06,8.563024e-07,2.505944e-08,2.378447e-09,8.093139e-11,2.898437e-12
344,6.980000e+00,9.973866e-01,1.188070e-02,5.652811e+00,7.746848e-01,1.366961e-01,7.329392e-02,1.250630e-02,2.555169e-03,2.338313e-04,2.509087e-05,3.797143e-06,8.880762e-07,2.701020e-08,2.379724e-09,8.182962e-11,2.959098e-12
345,7.000000e+00,9.973791e-01,1.196340e-02,5.654539e+00,7.750380e-01,1.375428e-01,7.234428e-02,1.223479e-02,2.570881e-03,2.385682e-04,2.583653e-05,3.942541e-06,9.209874e-07,2.919808e-08,2.381846e-09,8.267281e-11,3.023625e-12
346,7.020000e+00,9.973715e-01,1.204369e-02,5.656296e+00,7.754095e-01,1.383820e-01,7.138433e-02,1.196299e-02,2.586367e-03,2.431739e-04,2.660304e-05,4.095095e-06,9.550620e-07,3.163754e-08,2.385252e-09,8.346355e-11,3.092073e-12
347,7.040000e+00,9.973639e-01,1.212079e-02,5.658082e+00,7.757995e-01,1.392125e-01,7.041478e-02,1.169133e-02,2.601626e-03,2.476380e-04,2.739047e-05,4.254350e-06,9.903215e-07,3.434314e-08,2.390431e-09,8.420592e-11,3.164477e-12
348,7.060000e+00,9.973561e-01,1.219433e-02,5.659895e+00,7.762081e-01,1.400330e-01,6.943636e-02,1.142025e-02,2.616661e-03,2.519504e-04,2.819892e-05,4.419774e-06,1.026783e-06,3.732948e-08,2.397924e-09,8.490559e-11,3.240850e-12
349,7.080000e+00,9.973483e-01,1.226324e-02,5.661733e+00,7.766354e-01,1.408423e-01,6.844983e-02,1.115014e-02,2.631470e-03,2.561013e-04,2.902857e-05,4.590753e-06,1.064457e-06,4.061113e-08,2.408333e-09,8.556988e-11,3.321191e-12
350,7.100000e+00,9.973404e-01,1.232691e-02,5.663595e+00,7.770816e-01,1.416391e-01,6.745596e-02,1.088142e-02,2.646054e-03,2.600809e-04,2.987955e-05,4.766596e-06,1.103347e-06,4.420248e-08,2.422325e-09,8.620796e-11,3.405485e-12
351,7.120000e+00,9.973325e-01,1.238490e-02,5.665480e+00,7.775466e-01,1.424222e-01,6.645552e-02,1.061445e-02,2.660411e-03,2.638798e-04,3.075206e-05,4.946538e-06,1.143450e-06,4.811771e-08,2.440638e-09,8.683090e-11,3.493709e-12
352,7.140000e+00,9.973245e-01,1.243695e-02,5.667387e+00,7.780307e-01,1.431903e-01,6.544933e-02,1.034960e-02,2.674540e-03,2.674892e-04,3.164627e-05,5.129746e-06,1.184749e-06,5.237068e-08,2.464092e-09,8.745193e-11,3.585840e-12
353,7.160000e+00,9.973163e-01,1.248297e-02,5.669313e+00,7.785340e-01,1.439421e-01,6.443818e-02,1.008722e-02,2.688438e-03,2.709006e-04,3.256235e-05,5.315322e-06,1.227220e-06,5.697483e-08,2.493590e-09,8.808654e-11,3.681859e-12
354,7.180000e+00,9.973082e-01,1.252306e-02,5.671258e+00,7.790566e-01,1.446763e-01,6.342291e-02,9.827635e-03,2.702101e-03,2.741063e-04,3.350050e-05,5.502314e-06,1.270822e-06,6.194316e-08,2.530132e-09,8.875276e-11,3.781764e-12
355,7.200000e+00,9.972999e-01,1.255756e-02,5.673221e+00,7.795987e-01,1.453916e-01,6.240434e-02,9.571137e-03,2.715527e-03,2.770993e-04,3.446095e-05,5.689723e-06,1.315501e-06,6.728812e-08,2.574821e-09,8.947135e-11,3.885574e-12
356,7.220000e+00,9.972916e-01,1.258678e-02,5.675201e+00,7.801606e-01,1.460867e-01,6.138329e-02,9.318008e-03,2.728708e-03,2.798736e-04,3.544399e-05,5.876520e-06,1.361183e-06,7.302158e-08,2.628874e-09,9.026613e-11,3.993343e-12
357,7.240000e+00,9.972832e-01,1.261103e-02,5.677195e+00,7.807426e-01,1.467602e-01,6.036061e-02,9.068503e-03,2.741640e-03,2.824238e-04,3.644999e-05,6.061660e-06,1.407780e-06,7.915475e-08,2.693631e-09,9.116423e-11,4.105168e-12
358,7.260000e+00,9.972747e-01,1.263087e-02,5.679205e+00,7.813450e-01,1.474107e-01,5.933712e-02,8.822854e-03,2.754314e-03,2.847455e-04,3.747942e-05,6.244098e-06,1.455180e-06,8.569809e-08,2.770570e-09,9.219644e-11,4.221204e-12
359,7.280000e+00,9.972662e-01,1.264662e-02,5.681228e+00,7.819684e-01,1.480366e-01,5.831364e-02,8.581271e-03,2.766721e-03,2.868354e-04,3.853285e-05,6.422815e-06,1.503251e-06,9.266123e-08,2.861314e-09,9.339762e-11,4.341677e-12
360,7.300000e+00,9.972576e-01,1.265881e-02,5.683265e+00,7.826133e-01,1.486364e-01,5.729098e-02,8.343940e-03,2.778851e-03,2.886907e-04,3.961101e-05,6.596831e-06,1.551838e-06,1.000528e-07,2.967652e-09,9.480701e-11,4.466895e-12
361,7.320000e+00,9.972490e-01,1.266796e-02,5.685315e+00,7.832803e-01,1.492086e-01,5.626992e-02,8.111030e-03,2.790693e-03,2.903096e-04,4.071469e-05,6.765233e-06,1.600764e-06,1.078803e-07,3.091546e-09,9.646870e-11,4.597260e-12
362,7.340000e+00,9.972402e-01,1.267464e-02,5.687378e+00,7.839702e-01,1.497514e-01,5.525125e-02,7.882687e-03,2.802231e-03,2.916907e-04,4.184477e-05,6.927192e-06,1.649831e-06,1.161496e-07,3.235148e-09,9.843210e-11,4.733286e-12
363,7.360000e+00,9.972314e-01,1.267944e-02,5.689453e+00,7.846841e-01,1.502630e-01,5.423572e-02,7.659041e-03,2.813452e-03,2.928334e-04,4.300215e-05,7.081979e-06,1.698818e-06,1.248649e-07,3.400815e-09,1.007523e-10,4.875607e-12
364,7.380000e+00,9.972226e-01,1.268302e-02,5.691541e+00,7.854228e-01,1.507416e-01,5.322404e-02,7.440205e-03,2.824338e-03,2.937376e-04,4.418770e-05,7.228986e-06,1.747483e-06,1.340284e-07,3.591119e-09,1.034909e-10,5.024994e-12
365,7.400000e+00,9.972137e-01,1.268607e-02,5.693642e+00,7.861875e-01,1.511853e-01,5.221692e-02,7.226277e-03,2.834871e-03,2.944037e-04,4.540218e-05,7.367734e-06,1.795570e-06,1.436391e-07,3.808860e-09,1.067159e-10,5.182360e-12
366,7.420000e+00,9.972047e-01,1.268937e-02,5.695757e+00,7.869796e-01,1.515921e-01,5.121504e-02,7.017342e-03,2.845031e-03,2.948329e-04,4.664620e-05,7.497883e-06,1.842806e-06,1.536932e-07,4.057072e-09,1.105031e-10,5.348777e-12
367,7.440000e+00,9.971957e-01,1.269352e-02,5.697886e+00,7.878002e-01,1.519599e-01,5.021904e-02,6.813474e-03,2.854796e-03,2.950268e-04,4.792010e-05,7.619238e-06,1.888906e-06,1.641829e-07,4.339031e-09,1.149361e-10,5.525480e-12
368,7.460000e+00,9.971866e-01,1.269922e-02,5.700030e+00,7.886508e-01,1.522867e-01,4.922953e-02,6.614737e-03,2.864144e-03,2.949881e-04,4.922393e-05,7.731751e-06,1.933582e-06,1.750960e-07,4.658252e-09,1.201072e-10,5.713880e-12
369,7.480000e+00,9.971774e-01,1.270714e-02,5.702190e+00,7.895330e-01,1.525703e-01,4.824713e-02,6.421188e-03,2.873050e-03,2.947202e-04,5.055734e-05,7.835512e-06,1.976544e-06,1.864151e-07,5.018485e-09,1.261180e-10,5.915564e-12
370,7.500000e+00,9.971683e-01,1.271782e-02,5.704367e+00,7.904482e-01,1.528087e-01,4.727240e-02,6.232878e-03,2.881489e-03,2.942278e-04,5.191958e-05,7.930751e-06,2.017506e-06,1.981170e-07,5.423703e-09,1.330802e-10,6.132306e-12
371,7.520000e+00,9.971591e-01,1.273170e-02,5.706561e+00,7.913981e-01,1.529996e-01,4.630589e-02,6.049853e-03,2.889436e-03,2.935169e-04,5.330945e-05,8.017814e-06,2.056197e-06,2.101726e-07,5.878079e-09,1.411162e-10,6.366069e-12
372,7.540000e+00,9.971498e-01,1.274901e-02,5.708774e+00,7.923841e-01,1.531411e-01,4.534813e-02,5.872156e-03,2.896863e-03,2.925949e-04,5.472527e-05,8.097154e-06,2.092363e-06,2.225454e-07,6.385966e-09,1.503599e-10,6.619007e-12
373,7.560000e+00,9.971405e-01,1.276975e-02,5.711007e+00,7.934077e-01,1.532309e-01,4.439967e-02,5.699831e-03,2.903742e-03,2.914709e-04,5.616490e-05,8.169298e-06,2.125781e-06,2.351921e-07,6.951854e-09,1.609570e-10,6.893465e-12
374,7.580000e+00,9.971312e-01,1.279367e-02,5.713261e+00,7.944704e-01,1.532672e-01,4.346100e-02,5.532918e-03,2.910045e-03,2.901558e-04,5.762577e-05,8.234821e-06,2.156265e-06,2.480615e-07,7.580324e-09,1.730660e-10,7.191983e-12
375,7.600000e+00,9.971218e-01,1.282024e-02,5.715536e+00,7.955736e-01,1.532480e-01,4.253265e-02,5.371454e-03,2.915744e-03,2.886621e-04,5.910495e-05,8.294305e-06,2.183675e-06,2.610948e-07,8.276002e-09,1.868578e-10,7.517293e-12
376,7.620000e+00,9.971125e-01,1.284868e-02,5.717833e+00,7.967184e-01,1.531717e-01,4.161511e-02,5.215480e-03,2.920807e-03,2.870043e-04,6.059922e-05,8.348301e-06,2.207925e-06,2.742255e-07,9.043485e-09,2.025164e-10,7.872321e-12
377,7.640000e+00,9.971031e-01,1.287795e-02,5.720153e+00,7.979059e-01,1.530368e-01,4.070889e-02,5.065030e-03,2.925206e-03,2.851983e-04,6.210521e-05,8.397278e-06,2.228995e-06,2.873794e-07,9.887274e-09,2.202384e-10,8.260181e-12
378,7.660000e+00,9.970937e-01,1.290685e-02,5.722495e+00,7.991368e-01,1.528418e-01,3.981451e-02,4.920140e-03,2.928909e-03,2.832617e-04,6.361951e-05,8.441578e-06,2.246935e-06,3.004750e-07,1.081169e-08,2.402325e-10,8.684176e-12
379,7.680000e+00,9.970842e-01,1.293399e-02,5.724861e+00,8.004118e-01,1.525856e-01,3.893245e-02,4.780842e-03,2.931887e-03,2.812129e-04,6.513884e-05,8.481373e-06,2.261873e-06,3.134245e-07,1.182078e-08,2.627183e-10,9.147783e-12
380,7.700000e+00,9.970748e-01,1.295797e-02,5.727250e+00,8.017312e-01,1.522675e-01,3.806323e-02,4.647163e-03,2.934110e-03,2.790712e-04,6.666021e-05,8.516622e-06,2.274015e-06,3.261346e-07,1.291823e-08,2.879256e-10,9.654649e-12
381,7.720000e+00,9.970654e-01,1.297733e-02,5.729661e+00,8.030950e-01,1.518867e-01,3.720735e-02,4.519127e-03,2.935550e-03,2.768561e-04,6.818106e-05,8.547047e-06,2.283651e-06,3.385075e-07,1.410725e-08,3.160918e-10,1.020857e-11
382,7.740000e+00,9.970560e-01,1.299073e-02,5.732093e+00,8.045032e-01,1.514431e-01,3.636530e-02,4.396752e-03,2.936180e-03,2.745866e-04,6.969937e-05,8.572112e-06,2.291150e-06,3.504431e-07,1.539045e-08,3.474602e-10,1.081345e-11
383,7.760000e+00,9.970466e-01,1.299699e-02,5.734547e+00,8.059551e-01,1.509366e-01,3.553756e-02,4.280046e-03,2.935978e-03,2.722811e-04,7.121382e-05,8.591023e-06,2.296950e-06,3.618406e-07,1.676980e-08,3.822774e-10,1.147331e-11
384,7.780000e+00,9.970372e-01,1.299515e-02,5.737020e+00,8.074501e-01,1.503674e-01,3.472464e-02,4.169009e-03,2.934924e-03,2.699566e-04,7.272375e-05,8.602742e-06,2.301556e-06,3.726005e-07,1.824645e-08,4.207895e-10,1.219219e-11
385,7.800000e+00,9.970278e-01,1.298451e-02,5.739511e+00,8.089871e-01,1.497361e-01,3.392699e-02,4.063627e-03,2.933003e-03,2.676282e-04,7.422924e-05,8.606024e-06,2.305522e-06,3.826275e-07,1.982068e-08,4.632395e-10,1.297413e-11
386,7.820000e+00,9.970184e-01,1.296464e-02,5.742019e+00,8.105649e-01,1.490435e-01,3.314510e-02,3.963875e-03,2.930207e-03,2.653095e-04,7.573102e-05,8.599460e-06,2.309436e-06,3.918325e-07,2.149183e-08,5.098629e-10,1.382312e-11
387,7.840000e+00,9.970091e-01,1.293547e-02,5.744541e+00,8.121820e-01,1.482908e-01,3.237944e-02,3.869708e-03,2.926534e-03,2.630115e-04,7.723038e-05,8.581543e-06,2.313904e-06,4.001354e-07,2.325825e-08,5.608840e-10,1.474301e-11
388,7.860000e+00,9.969998e-01,1.289711e-02,5.747076e+00,8.138365e-01,1.474792e-01,3.163047e-02,3.781065e-03,2.921987e-03,2.607433e-04,7.872905e-05,8.550736e-06,2.319529e-06,4.074676e-07,2.511724e-08,6.165116e-10,1.573747e-11
389,7.880000e+00,9.969906e-01,1.284997e-02,5.749621e+00,8.155265e-01,1.466103e-01,3.089866e-02,3.697866e-03,2.916578e-03,2.585121e-04,8.022900e-05,8.505548e-06,2.326892e-06,4.137740e-07,2.706512e-08,6.769343e-10,1.680991e-11
390,7.900000e+00,9.969814e-01,1.279456e-02,5.752174e+00,8.172499e-01,1.456860e-01,3.018448e-02,3.620008e-03,2.910326e-03,2.563231e-04,8.173230e-05,8.444614e-06,2.336533e-06,4.190149e-07,2.909720e-08,7.423169e-10,1.796345e-11
391,7.920000e+00,9.969723e-01,1.273154e-02,5.754732e+00,8.190044e-01,1.447080e-01,2.948837e-02,3.547368e-03,2.903257e-03,2.541802e-04,8.324089e-05,8.366759e-06,2.348937e-06,4.231672e-07,3.120790e-08,8.127957e-10,1.920083e-11
392,7.940000e+00,9.969632e-01,1.266187e-02,5.757292e+00,8.207875e-01,1.436785e-01,2.881077e-02,3.479803e-03,2.895405e-03,2.520862e-04,8.475644e-05,8.271071e-06,2.364513e-06,4.262258e-07,3.339084e-08,8.884751e-10,2.052443e-11
393,7.960000e+00,9.969542e-01,1.258638e-02,5.759852e+00,8.225967e-01,1.425999e-01,2.815212e-02,3.417149e-03,2.886806e-03,2.500428e-04,8.628014e-05,8.156944e-06,2.383590e-06,4.282035e-07,3.563898e-08,9.694239e-10,2.193621e-11
394,7.980000e+00,9.969452e-01,1.250597e-02,5.762409e+00,8.244294e-01,1.414743e-01,2.751279e-02,3.359224e-03,2.877507e-03,2.480517e-04,8.781264e-05,8.024118e-06,2.406404e-06,4.291309e-07,3.794474e-08,1.055673e-09,2.343769e-11
395,8.000000e+00,9.969363e-01,1.242154e-02,5.764960e+00,8.262829e-01,1.403043e-01,2.689314e-02,3.305828e-03,2.867556e-03,2.461141e-04,8.935393e-05,7.872697e-06,2.433093e-06,4.290559e-07,4.030024e-08,1.147213e-09,2.503000e-11
396,8.020000e+00,9.969275e-01,1.233398e-02,5.767503e+00,8.281546e-01,1.390924e-01,2.629347e-02,3.256749e-03,2.857006e-03,2.442312e-04,9.090325e-05,7.703161e-06,2.463701e-06,4.280422e-07,4.269740e-08,1.243993e-09,2.671384e-11
397,8.040000e+00,9.969188e-01,1.224419e-02,5.770035e+00,8.300418e-01,1.378412e-01,2.571402e-02,3.211762e-03,2.845912e-03,2.424045e-04,9.245914e-05,7.516346e-06,2.498174e-06,4.261680e-07,4.512822e-08,1.345923e-09,2.848957e-11
398,8.060000e+00,9.969101e-01,1.215278e-02,5.772553e+00,8.319420e-01,1.365532e-01,2.515494e-02,3.170636e-03,2.834330e-03,2.406360e-04,9.401937e-05,7.313426e-06,2.536370e-06,4.235235e-07,4.758489e-08,1.452870e-09,3.035720e-11
399,8.080000e+00,9.969016e-01,1.206036e-02,5.775056e+00,8.338526e-01,1.352310e-01,2.461633e-02,3.133132e-03,2.822318e-03,2.389278e-04,9.558109e-05,7.095876e-06,2.578062e-06,4.202090e-07,5.005999e-08,1.564668e-09,3.231651e-11
400,8.100000e+00,9.968931e-01,1.196746e-02,5.777541e+00,8.357713e-01,1.338772e-01,2.409817e-02,3.099014e-03,2.809931e-03,2.372823e-04,9.714080e-05,6.865427e-06,2.622951e-06,4.163322e-07,5.254668e-08,1.681112e-09,3.436706e-11
401,8.120000e+00,9.968848e-01,1.187453e-02,5.780007e+00,8.376959e-01,1.324943e-01,2.360037e-02,3.068042e-03,2.797223e-03,2.357026e-04,9.869451e-05,6.624015e-06,2.670672e-06,4.120058e-07,5.503879e-08,1.801971e-09,3.650831e-11
402,8.140000e+00,9.968765e-01,1.178190e-02,5.782452e+00,8.396241e-01,1.310849e-01,2.312276e-02,3.039986e-03,2.784245e-03,2.341917e-04,1.002378e-04,6.373728e-06,2.720811e-06,4.073444e-07,5.753096e-08,1.926990e-09,3.873971e-11
403,8.160000e+00,9.968683e-01,1.168982e-02,5.784874e+00,8.415540e-01,1.296514e-01,2.266506e-02,3.014617e-03,2.771044e-03,2.327530e-04,1.017660e-04,6.116753e-06,2.772911e-06,4.024627e-07,6.001869e-08,2.055895e-09,4.106077e-11
404,8.180000e+00,9.968603e-01,1.159847e-02,5.787272e+00,8.434839e-01,1.281960e-01,2.222691e-02,2.991719e-03,2.757664e-03,2.313896e-04,1.032743e-04,5.855322e-06,2.826487e-06,3.974722e-07,6.249843e-08,2.188399e-09,4.347118e-11
405,8.200000e+00,9.968523e-01,1.150805e-02,5.789646e+00,8.454120e-01,1.267211e-01,2.180787e-02,2.971083e-03,2.744142e-03,2.301049e-04,1.047576e-04,5.591671e-06,2.881035e-06,3.924800e-07,6.496757e-08,2.324213e-09,4.597089e-11
406,8.220000e+00,9.968444e-01,1.141868e-02,5.791995e+00,8.473369e-01,1.252288e-01,2.140744e-02,2.952514e-03,2.730512e-03,2.289017e-04,1.062111e-04,5.327993e-06,2.936043e-06,3.875862e-07,6.742440e-08,2.463044e-09,4.856020e-11
407,8.240000e+00,9.968367e-01,1.133025e-02,5.794318e+00,8.492572e-01,1.237212e-01,2.102505e-02,2.935826e-03,2.716803e-03,2.277827e-04,1.076301e-04,5.066405e-06,2.991002e-06,3.828828e-07,6.986810e-08,2.604607e-09,5.123977e-11
408,8.260000e+00,9.968290e-01,1.124271e-02,5.796616e+00,8.511718e-01,1.222001e-01,2.066008e-02,2.920849e-03,2.703037e-03,2.267501e-04,1.090099e-04,4.808921e-06,3.045416e-06,3.784525e-07,7.229868e-08,2.748630e-09,5.401074e-11
409,8.280000e+00,9.968215e-01,1.115601e-02,5.798887e+00,8.530797e-01,1.206675e-01,2.031184e-02,2.907422e-03,2.689235e-03,2.258054e-04,1.103463e-04,4.557427e-06,3.098807e-06,3.743676e-07,7.471683e-08,2.894852e-09,5.687467e-11
410,8.300000e+00,9.968140e-01,1.107014e-02,5.801132e+00,8.549800e-01,1.191251e-01,1.997963e-02,2.895399e-03,2.675413e-03,2.249496e-04,1.116352e-04,4.313666e-06,3.150724e-06,3.706899e-07,7.712390e-08,3.043031e-09,5.983355e-11
411,8.320000e+00,9.968067e-01,1.098510e-02,5.803352e+00,8.568719e-01,1.175744e-01,1.966270e-02,2.884643e-03,2.661581e-03,2.241831e-04,1.128731e-04,4.079226e-06,3.200752e-06,3.674706e-07,7.952169e-08,3.192945e-09,6.288978e-11
412,8.340000e+00,9.967994e-01,1.090098e-02,5.805547e+00,8.587549e-01,1.160169e-01,1.936030e-02,2.875031e-03,2.647748e-03,2.235055e-04,1.140567e-04,3.855527e-06,3.248511e-06,3.647501e-07,8.191245e-08,3.344392e-09,6.604608e-11
413,8.360000e+00,9.967923e-01,1.081794e-02,5.807716e+00,8.606285e-01,1.144540e-01,1.907163e-02,2.866448e-03,2.633922e-03,2.229158e-04,1.151830e-04,3.643821e-06,3.293664e-06,3.625590e-07,8.429865e-08,3.497191e-09,6.930545e-11
414,8.380000e+00,9.967852e-01,1.073620e-02,5.809862e+00,8.624923e-01,1.128870e-01,1.879592e-02,2.858788e-03,2.620106e-03,2.224123e-04,1.162495e-04,3.445189e-06,3.335920e-06,3.609181e-07,8.668296e-08,3.651180e-09,7.267106e-11
415,8.400000e+00,9.967782e-01,1.065607e-02,5.811984e+00,8.643462e-01,1.113168e-01,1.853238e-02,2.851955e-03,2.606303e-03,2.219929e-04,1.172541e-04,3.260542e-06,3.375031e-06,3.598396e-07,8.906809e-08,3.806215e-09,7.614618e-11
416,8.420000e+00,9.967714e-01,1.057804e-02,5.814084e+00,8.661899e-01,1.097447e-01,1.828023e-02,2.845858e-03,2.592514e-03,2.216548e-04,1.181949e-04,3.090623e-06,3.410798e-06,3.593279e-07,9.145675e-08,3.962170e-09,7.973406e-11
417,8.440000e+00,9.967646e-01,1.050246e-02,5.816162e+00,8.680234e-01,1.081714e-01,1.803868e-02,2.840414e-03,2.578740e-03,2.213947e-04,1.190705e-04,2.936014e-06,3.443066e-06,3.593806e-07,9.385152e-08,4.118928e-09,8.343787e-11
418,8.460000e+00,9.967579e-01,1.042958e-02,5.818220e+00,8.698468e-01,1.065979e-01,1.780699e-02,2.835546e-03,2.564980e-03,2.212089e-04,1.198797e-04,2.797146e-06,3.471725e-06,3.599892e-07,9.625480e-08,4.276388e-09,8.726056e-11
419,8.480000e+00,9.967513e-01,1.035960e-02,5.820257e+00,8.716599e-01,1.050249e-01,1.758440e-02,2.831180e-03,2.551234e-03,2.210935e-04,1.206218e-04,2.674302e-06,3.496706e-06,3.611408e-07,9.866876e-08,4.434454e-09,9.120479e-11
420,8.500000e+00,9.967447e-01,1.029265e-02,5.822276e+00,8.734631e-01,1.034530e-01,1.737021e-02,2.827246e-03,2.537500e-03,2.210441e-04,1.212960e-04,2.567632e-06,3.517983e-06,3.628181e-07,1.010953e-07,4.593038e-09,9.527283e-11
421,8.520000e+00,9.967383e-01,1.022882e-02,5.824277e+00,8.752565e-01,1.018829e-01,1.716371e-02,2.823678e-03,2.523776e-03,2.210560e-04,1.219022e-04,2.477160e-06,3.535563e-06,3.650011e-07,1.035359e-07,4.752054e-09,9.946646e-11
422,8.540000e+00,9.967319e-01,1.016808e-02,5.826262e+00,8.770403e-01,1.003150e-01,1.696423e-02,2.820411e-03,2.510062e-03,2.211247e-04,1.224402e-04,2.402797e-06,3.549491e-06,3.676680e-07,1.059919e-07,4.911418e-09,1.037869e-10
423,8.560000e+00,9.967256e-01,1.011032e-02,5.828230e+00,8.788146e-01,9.874994e-02,1.677113e-02,2.817384e-03,2.496355e-03,2.212450e-04,1.229101e-04,2.344350e-06,3.559842e-06,3.707955e-07,1.084640e-07,5.071050e-09,1.082349e-10
424,8.580000e+00,9.967193e-01,1.005531e-02,5.830184e+00,8.805799e-01,9.718803e-02,1.658382e-02,2.814537e-03,2.482652e-03,2.214121e-04,1.233120e-04,2.301532e-06,3.566716e-06,3.743599e-07,1.109528e-07,5.230863e-09,1.128103e-10
425,8.600000e+00,9.967131e-01,1.000273e-02,5.832124e+00,8.823363e-01,9.562966e-02,1.640171e-02,2.811810e-03,2.468952e-03,2.216208e-04,1.236464e-04,2.273973e-06,3.570242e-06,3.783380e-07,1.134583e-07,5.390772e-09,1.175124e-10
426,8.620000e+00,9.967070e-01,9.952535e-03,5.834051e+00,8.840841e-01,9.407515e-02,1.622428e-02,2.809146e-03,2.455252e-03,2.218661e-04,1.239137e-04,2.261229e-06,3.570568e-06,3.827071e-07,1.159804e-07,5.550687e-09,1.223400e-10
427,8.640000e+00,9.967010e-01,9.903978e-03,5.835966e+00,8.858236e-01,9.252476e-02,1.605104e-02,2.806489e-03,2.441549e-03,2.221426e-04,1.241146e-04,2.262794e-06,3.567862e-06,3.874460e-07,1.185185e-07,5.710513e-09,1.272911e-10
428,8.660000e+00,9.966950e-01,9.856665e-03,5.837870e+00,8.875551e-01,9.097870e-02,1.588152e-02,2.803785e-03,2.427840e-03,2.224453e-04,1.242495e-04,2.278105e-06,3.562308e-06,3.925351e-07,1.210716e-07,5.870151e-09,1.323631e-10
429,8.680000e+00,9.966890e-01,9.810295e-03,5.839764e+00,8.892790e-01,8.943714e-02,1.571533e-02,2.800982e-03,2.414121e-03,2.227690e-04,1.243193e-04,2.306553e-06,3.554104e-06,3.979569e-07,1.236388e-07,6.029495e-09,1.375528e-10
430,8.700000e+00,9.966831e-01,9.764756e-03,5.841648e+00,8.909955e-01,8.790021e-02,1.555206e-02,2.798027e-03,2.400391e-03,2.231087e-04,1.243246e-04,2.347493e-06,3.543457e-06,4.036959e-07,1.262187e-07,6.188433e-09,1.428568e-10
431,8.720000e+00,9.966772e-01,9.720128e-03,5.843524e+00,8.927049e-01,8.636798e-02,1.539137e-02,2.794873e-03,2.386645e-03,2.234591e-04,1.242663e-04,2.400249e-06,3.530587e-06,4.097391e-07,1.288097e-07,6.346846e-09,1.482710e-10
432,8.740000e+00,9.966714e-01,9.676347e-03,5.845391e+00,8.944077e-01,8.484054e-02,1.523294e-02,2.791472e-03,2.372880e-03,2.238152e-04,1.241451e-04,2.464124e-06,3.515719e-06,4.160760e-07,1.314103e-07,6.504610e-09,1.537912e-10
433,8.760000e+00,9.966656e-01,9.633660e-03,5.847252e+00,8.961040e-01,8.331790e-02,1.507646e-02,2.787781e-03,2.359092e-03,2.241721e-04,1.239618e-04,2.538409e-06,3.499084e-06,4.226982e-07,1.340186e-07,6.661593e-09,1.594127e-10
434,8.780000e+00,9.966599e-01,9.592449e-03,5.849106e+00,8.977943e-01,8.180010e-02,1.492167e-02,2.783758e-03,2.345279e-03,2.245249e-04,1.237173e-04,2.622386e-06,3.480918e-06,4.296000e-07,1.366328e-07,6.817662e-09,1.651307e-10
435,8.800000e+00,9.966542e-01,9.553184e-03,5.850953e+00,8.994787e-01,8.028713e-02,1.476831e-02,2.779366e-03,2.331436e-03,2.248687e-04,1.234124e-04,2.715338e-06,3.461458e-06,4.367779e-07,1.392511e-07,6.972676e-09,1.709403e-10
436,8.820000e+00,9.966485e-01,9.516377e-03,5.852796e+00,9.011576e-01,7.877899e-02,1.461615e-02,2.774569e-03,2.317561e-03,2.251986e-04,1.230479e-04,2.816556e-06,3.440945e-06,4.442305e-07,1.418716e-07,7.126494e-09,1.768364e-10
437,8.840000e+00,9.966428e-01,9.482526e-03,5.854634e+00,9.028313e-01,7.727566e-02,1.446496e-02,2.769338e-03,2.303648e-03,2.255100e-04,1.226247e-04,2.925338e-06,3.419621e-06,4.519586e-07,1.444923e-07,7.278974e-09,1.828139e-10
438,8.860000e+00,9.966372e-01,9.452051e-03,5.856467e+00,9.045000e-01,7.577711e-02,1.431454e-02,2.763645e-03,2.289696e-03,2.257983e-04,1.221438e-04,3.041001e-06,3.397726e-06,4.599649e-07,1.471114e-07,7.429972e-09,1.888678e-10
439,8.880000e+00,9.966316e-01,9.425231e-03,5.858297e+00,9.061640e-01,7.428333e-02,1.416470e-02,2.757468e-03,2.275700e-03,2.260588e-04,1.216059e-04,3.162877e-06,3.375502e-06,4.682538e-07,1.497269e-07,7.579344e-09,1.949931e-10
440,8.900000e+00,9.966260e-01,9.402156e-03,5.860124e+00,9.078234e-01,7.279427e-02,1.401527e-02,2.750786e-03,2.261657e-03,2.262871e-04,1.210119e-04,3.290322e-06,3.353189e-06,4.768315e-07,1.523371e-07,7.726946e-09,2.011853e-10
441,8.920000e+00,9.966204e-01,9.382839e-03,5.861947e+00,9.094786e-01,7.130993e-02,1.386610e-02,2.743585e-03,2.247562e-03,2.264789e-04,1.203628e-04,3.422714e-06,3.331025e-06,4.857054e-07,1.549402e-07,7.872634e-09,2.074399e-10
442,8.940000e+00,9.966148e-01,9.366951e-03,5.863768e+00,9.111296e-01,6.983029e-02,1.371703e-02,2.735851e-03,2.233414e-03,2.266300e-04,1.196594e-04,3.559454e-06,3.309246e-06,4.948844e-07,1.575343e-07,8.016258e-09,2.137531e-10
443,8.960000e+00,9.966092e-01,9.353747e-03,5.865587e+00,9.127766e-01,6.835535e-02,1.356794e-02,2.727576e-03,2.219208e-03,2.267364e-04,1.189028e-04,3.699970e-06,3.288085e-06,5.043782e-07,1.601180e-07,8.157668e-09,2.201218e-10
444,8.980000e+00,9.966036e-01,9.342339e-03,5.867404e+00,9.144198e-01,6.688514e-02,1.341871e-02,2.718754e-03,2.204941e-03,2.267942e-04,1.180939e-04,3.843714e-06,3.267771e-06,5.141978e-07,1.626896e-07,8.296708e-09,2.265433e-10
445,9.000000e+00,9.965981e-01,9.331753e-03,5.869219e+00,9.160591e-01,6.541969e-02,1.326925e-02,2.709384e-03,2.190612e-03,2.267997e-04,1.172337e-04,3.990166e-06,3.248530e-06,5.243547e-07,1.652476e-07,8.433215e-09,2.330157e-10
446,9.020000e+00,9.965925e-01,9.321015e-03,5.871032e+00,9.176947e-01,6.395904e-02,1.311947e-02,2.699468e-03,2.176216e-03,2.267494e-04,1.163231e-04,4.138830e-06,3.230581e-06,5.348612e-07,1.677909e-07,8.567020e-09,2.395382e-10
447,9.040000e+00,9.965869e-01,9.309209e-03,5.872843e+00,9.193265e-01,6.250324e-02,1.296929e-02,2.689010e-03,2.161751e-03,2.266400e-04,1.153634e-04,4.289236e-06,3.214138e-06,5.457300e-07,1.703181e-07,8.697947e-09,2.461103e-10
448,9.060000e+00,9.965813e-01,9.295354e-03,5.874653e+00,9.209545e-01,6.105237e-02,1.281868e-02,2.678020e-03,2.147215e-03,2.264687e-04,1.143555e-04,4.440938e-06,3.199409e-06,5.569742e-07,1.728283e-07,8.825815e-09,2.527328e-10
449,9.080000e+00,9.965757e-01,9.278822e-03,5.876461e+00,9.225788e-01,5.960648e-02,1.266757e-02,2.666510e-03,2.132605e-03,2.262328e-04,1.133005e-04,4.593516e-06,3.186592e-06,5.686072e-07,1.753206e-07,8.950435e-09,2.594069e-10
450,9.100000e+00,9.965701e-01,9.259287e-03,5.878267e+00,9.241992e-01,5.816567e-02,1.251594e-02,2.654496e-03,2.117919e-03,2.259298e-04,1.121996e-04,4.746572e-06,3.175879e-06,5.806423e-07,1.777941e-07,9.071618e-09,2.661348e-10
451,9.120000e+00,9.965645e-01,9.237118e-03,5.880072e+00,9.258156e-01,5.672999e-02,1.236377e-02,2.641996e-03,2.103154e-03,2.255580e-04,1.110539e-04,4.899727e-06,3.167452e-06,5.930929e-07,1.802481e-07,9.189172e-09,2.729194e-10
452,9.140000e+00,9.965588e-01,9.212176e-03,5.881875e+00,9.274281e-01,5.529955e-02,1.221106e-02,2.629032e-03,2.088307e-03,2.251154e-04,1.098646e-04,5.052624e-06,3.161482e-06,6.059723e-07,1.826822e-07,9.302906e-09,2.797641e-10
453,9.160000e+00,9.965531e-01,9.185084e-03,5.883675e+00,9.290363e-01,5.387445e-02,1.205781e-02,2.615626e-03,2.073374e-03,2.246010e-04,1.086329e-04,5.204919e-06,3.158126e-06,6.192933e-07,1.850958e-07,9.412635e-09,2.866732e-10
454,9.180000e+00,9.965474e-01,9.156802e-03,5.885473e+00,9.306403e-01,5.245479e-02,1.190405e-02,2.601805e-03,2.058354e-03,2.240134e-04,1.073601e-04,5.356286e-06,3.157530e-06,6.330686e-07,1.874885e-07,9.518174e-09,2.936515e-10
455,9.200000e+00,9.965417e-01,9.128558e-03,5.887268e+00,9.322397e-01,5.104073e-02,1.174980e-02,2.587598e-03,2.043242e-03,2.233520e-04,1.060476e-04,5.506410e-06,3.159823e-06,6.473106e-07,1.898598e-07,9.619351e-09,3.007044e-10
456,9.220000e+00,9.965359e-01,9.101784e-03,5.889061e+00,9.338344e-01,4.963244e-02,1.159510e-02,2.573035e-03,2.028037e-03,2.226160e-04,1.046966e-04,5.654990e-06,3.165115e-06,6.620310e-07,1.922095e-07,9.715997e-09,3.078384e-10
457,9.240000e+00,9.965301e-01,9.078187e-03,5.890849e+00,9.354240e-01,4.823012e-02,1.144002e-02,2.558148e-03,2.012736e-03,2.218052e-04,1.033086e-04,5.801734e-06,3.173500e-06,6.772415e-07,1.945370e-07,9.807957e-09,3.150602e-10
458,9.260000e+00,9.965242e-01,9.059498e-03,5.892634e+00,9.370082e-01,4.683402e-02,1.128461e-02,2.542974e-03,1.997337e-03,2.209193e-04,1.018851e-04,5.946365e-06,3.185047e-06,6.929531e-07,1.968422e-07,9.895082e-09,3.223777e-10
459,9.280000e+00,9.965183e-01,9.046812e-03,5.894414e+00,9.385866e-01,4.544444e-02,1.112895e-02,2.527549e-03,1.981836e-03,2.199585e-04,1.004277e-04,6.088615e-06,3.199804e-06,7.091766e-07,1.991244e-07,9.977239e-09,3.297992e-10
460,9.300000e+00,9.965124e-01,9.041465e-03,5.896189e+00,9.401587e-01,4.406171e-02,1.097315e-02,2.511911e-03,1.966234e-03,2.189233e-04,9.893792e-05,6.228226e-06,3.217796e-06,7.259228e-07,2.013833e-07,1.005431e-08,3.373341e-10
461,9.320000e+00,9.965064e-01,9.044623e-03,5.897958e+00,9.417240e-01,4.268625e-02,1.081731e-02,2.496100e-03,1.950528e-03,2.178145e-04,9.741743e-05,6.364951e-06,3.239022e-06,7.432019e-07,2.036184e-07,1.012618e-08,3.449925e-10
462,9.340000e+00,9.965003e-01,9.057235e-03,5.899720e+00,9.432818e-01,4.131852e-02,1.066155e-02,2.480156e-03,1.934718e-03,2.166331e-04,9.586792e-05,6.498552e-06,3.263456e-06,7.610242e-07,2.058289e-07,1.019276e-08,3.527850e-10
463,9.360000e+00,9.964942e-01,9.079985e-03,5.901475e+00,9.448314e-01,3.995907e-02,1.050604e-02,2.464118e-03,1.918803e-03,2.153804e-04,9.429111e-05,6.628795e-06,3.291048e-06,7.793995e-07,2.080142e-07,1.025399e-08,3.607231e-10
464,9.380000e+00,9.964881e-01,9.113496e-03,5.903220e+00,9.463719e-01,3.860855e-02,1.035095e-02,2.448024e-03,1.902784e-03,2.140578e-04,9.268874e-05,6.755452e-06,3.321721e-06,7.983374e-07,2.101735e-07,1.030981e-08,3.688187e-10
465,9.400000e+00,9.964818e-01,9.157835e-03,5.904955e+00,9.479023e-01,3.726768e-02,1.019647e-02,2.431912e-03,1.886662e-03,2.126668e-04,9.106258e-05,6.878296e-06,3.355378e-06,8.178471e-07,2.123057e-07,1.036021e-08,3.770843e-10
466,9.420000e+00,9.964756e-01,9.212424e-03,5.906678e+00,9.494215e-01,3.593731e-02,1.004283e-02,2.415814e-03,1.870439e-03,2.112089e-04,8.941441e-05,6.997099e-06,3.391896e-06,8.379370e-07,2.144096e-07,1.040519e-08,3.855325e-10
467,9.440000e+00,9.964692e-01,9.276647e-03,5.908388e+00,9.509284e-01,3.461839e-02,9.890269e-03,2.399764e-03,1.854116e-03,2.096853e-04,8.774602e-05,7.111630e-06,3.431135e-06,8.586146e-07,2.164841e-07,1.044478e-08,3.941761e-10
468,9.460000e+00,9.964628e-01,9.349587e-03,5.910083e+00,9.524215e-01,3.331198e-02,9.739069e-03,2.383787e-03,1.837698e-03,2.080974e-04,8.605924e-05,7.221655e-06,3.472931e-06,8.798864e-07,2.185275e-07,1.047904e-08,4.030278e-10
469,9.480000e+00,9.964563e-01,9.430073e-03,5.911761e+00,9.538993e-01,3.201928e-02,9.589525e-03,2.367907e-03,1.821188e-03,2.064460e-04,8.435592e-05,7.326933e-06,3.517105e-06,9.017572e-07,2.205383e-07,1.050806e-08,4.121003e-10
470,9.500000e+00,9.964498e-01,9.516737e-03,5.913420e+00,9.553602e-01,3.074161e-02,9.441957e-03,2.352142e-03,1.804592e-03,2.047324e-04,8.263791e-05,7.427222e-06,3.563462e-06,9.242300e-07,2.225149e-07,1.053199e-08,4.214060e-10
471,9.520000e+00,9.964432e-01,9.608260e-03,5.915058e+00,9.568023e-01,2.948043e-02,9.296710e-03,2.336505e-03,1.787913e-03,2.029573e-04,8.090715e-05,7.522274e-06,3.611791e-06,9.473058e-07,2.244554e-07,1.055096e-08,4.309569e-10
472,9.540000e+00,9.964365e-01,9.702719e-03,5.916673e+00,9.582236e-01,2.823735e-02,9.154146e-03,2.321004e-03,1.771159e-03,2.011218e-04,7.916561e-05,7.611841e-06,3.661868e-06,9.709831e-07,2.263580e-07,1.056518e-08,4.407646e-10
473,9.560000e+00,9.964297e-01,9.798422e-03,5.918261e+00,9.596220e-01,2.701413e-02,9.014649e-03,2.305640e-03,1.754335e-03,1.992267e-04,7.741531e-05,7.695679e-06,3.713459e-06,9.952578e-07,2.282211e-07,1.057484e-08,4.508403e-10
474,9.580000e+00,9.964229e-01,9.893735e-03,5.919821e+00,9.609951e-01,2.581266e-02,8.878616e-03,2.290410e-03,1.737446e-03,1.972730e-04,7.565834e-05,7.773549e-06,3.766320e-06,1.020123e-06,2.300431e-07,1.058020e-08,4.611950e-10
475,9.600000e+00,9.964159e-01,9.987256e-03,5.921348e+00,9.623407e-01,2.463496e-02,8.746460e-03,2.275308e-03,1.720499e-03,1.952617e-04,7.389685e-05,7.845221e-06,3.820201e-06,1.045567e-06,2.318226e-07,1.058151e-08,4.718389e-10
476,9.620000e+00,9.964089e-01,1.007778e-02,5.922842e+00,9.636560e-01,2.348316e-02,8.618602e-03,2.260318e-03,1.703500e-03,1.931935e-04,7.213305e-05,7.910483e-06,3.874844e-06,1.071578e-06,2.335588e-07,1.057908e-08,4.827823e-10
477,9.640000e+00,9.964019e-01,1.016391e-02,5.924297e+00,9.649385e-01,2.235945e-02,8.495468e-03,2.245426e-03,1.686452e-03,1.910692e-04,7.036919e-05,7.969140e-06,3.929991e-06,1.098138e-06,2.352510e-07,1.057320e-08,4.940350e-10
478,9.660000e+00,9.963947e-01,1.024477e-02,5.925712e+00,9.661856e-01,2.126608e-02,8.377489e-03,2.230608e-03,1.669362e-03,1.888890e-04,6.860758e-05,8.021022e-06,3.985379e-06,1.125228e-06,2.368992e-07,1.056421e-08,5.056066e-10
479,9.680000e+00,9.963875e-01,1.031972e-02,5.927083e+00,9.673945e-01,2.020530e-02,8.265093e-03,2.215840e-03,1.652233e-03,1.866533e-04,6.685051e-05,8.065990e-06,4.040749e-06,1.152822e-06,2.385042e-07,1.055244e-08,5.175066e-10
480,9.700000e+00,9.963802e-01,1.038840e-02,5.928407e+00,9.685627e-01,1.917933e-02,8.158700e-03,2.201090e-03,1.635070e-03,1.843619e-04,6.510033e-05,8.103938e-06,4.095846e-06,1.180894e-06,2.400674e-07,1.053826e-08,5.297447e-10
481,9.720000e+00,9.963728e-01,1.045066e-02,5.929681e+00,9.696876e-01,1.819032e-02,8.058722e-03,2.186324e-03,1.617879e-03,1.820146e-04,6.335934e-05,8.134795e-06,4.150422e-06,1.209413e-06,2.415910e-07,1.052205e-08,5.423302e-10
482,9.740000e+00,9.963653e-01,1.050658e-02,5.930903e+00,9.707669e-01,1.724031e-02,7.965555e-03,2.171501e-03,1.600663e-03,1.796107e-04,6.162986e-05,8.158536e-06,4.204239e-06,1.238344e-06,2.430782e-07,1.050418e-08,5.552729e-10
483,9.760000e+00,9.963577e-01,1.055638e-02,5.932071e+00,9.717982e-01,1.633122e-02,7.879581e-03,2.156578e-03,1.583429e-03,1.771499e-04,5.991420e-05,8.175174e-06,4.257074e-06,1.267650e-06,2.445335e-07,1.048507e-08,5.685825e-10
484,9.780000e+00,9.963501e-01,1.060058e-02,5.933180e+00,9.727795e-01,1.546477e-02,7.801158e-03,2.141504e-03,1.566184e-03,1.746316e-04,5.821466e-05,8.184768e-06,4.308720e-06,1.297290e-06,2.459621e-07,1.046515e-08,5.822688e-10
485,9.800000e+00,9.963424e-01,1.063967e-02,5.934231e+00,9.737090e-01,1.464250e-02,7.730623e-03,2.126225e-03,1.548934e-03,1.720554e-04,5.653352e-05,8.187417e-06,4.358993e-06,1.327217e-06,2.473707e-07,1.044486e-08,5.963422e-10
486,9.820000e+00,9.963346e-01,1.067400e-02,5.935220e+00,9.745851e-01,1.386573e-02,7.668288e-03,2.110681e-03,1.531689e-03,1.694212e-04,5.487309e-05,8.183261e-06,4.407732e-06,1.357384e-06,2.487671e-07,1.042467e-08,6.108130e-10
487,9.840000e+00,9.963267e-01,1.070409e-02,5.936147e+00,9.754065e-01,1.313557e-02,7.614441e-03,2.094809e-03,1.514456e-03,1.667293e-04,5.323568e-05,8.172471e-06,4.454803e-06,1.387738e-06,2.501606e-07,1.040510e-08,6.256918e-10
488,9.860000e+00,9.963188e-01,1.073050e-02,5.937010e+00,9.761720e-01,1.245289e-02,7.569342e-03,2.078542e-03,1.497245e-03,1.639803e-04,5.162362e-05,8.155251e-06,4.500102e-06,1.418222e-06,2.515616e-07,1.038670e-08,6.409896e-10
489,9.880000e+00,9.963108e-01,1.075381e-02,5.937807e+00,9.768809e-01,1.181836e-02,7.533224e-03,2.061812e-03,1.480067e-03,1.611751e-04,5.003925e-05,8.131822e-06,4.543552e-06,1.448775e-06,2.529821e-07,1.037007e-08,6.567176e-10
490,9.900000e+00,9.963027e-01,1.077470e-02,5.938540e+00,9.775325e-01,1.123246e-02,7.506293e-03,2.044548e-03,1.462933e-03,1.583154e-04,4.848495e-05,8.102425e-06,4.585111e-06,1.479330e-06,2.544353e-07,1.035590e-08,6.728871e-10
491,9.920000e+00,9.962945e-01,1.079360e-02,5.939206e+00,9.781264e-01,1.069547e-02,7.488727e-03,2.026683e-03,1.445855e-03,1.554027e-04,4.696308e-05,8.067308e-06,4.624766e-06,1.509817e-06,2.559358e-07,1.034492e-08,6.895096e-10
492,9.940000e+00,9.962863e-01,1.081104e-02,5.939805e+00,9.786624e-01,1.020755e-02,7.480675e-03,2.008147e-03,1.428843e-03,1.524395e-04,4.547601e-05,8.026724e-06,4.662536e-06,1.540159e-06,2.574998e-07,1.033797e-08,7.065967e-10
493,9.960000e+00,9.962779e-01,1.082759e-02,5.940338e+00,9.791403e-01,9.768723e-03,7.482254e-03,1.988878e-03,1.411909e-03,1.494281e-04,4.402606e-05,7.980923e-06,4.698469e-06,1.570274e-06,2.591446e-07,1.033598e-08,7.241599e-10
494,9.980000e+00,9.962696e-01,1.084374e-02,5.940804e+00,9.795601e-01,9.378944e-03,7.493553e-03,1.968816e-03,1.395068e-03,1.463712e-04,4.261554e-05,7.930156e-06,4.732642e-06,1.600075e-06,2.608892e-07,1.034002e-08,7.422105e-10
495,1.000000e+01,9.962611e-01,1.085997e-02,5.941204e+00,9.799220e-01,9.038104e-03,7.514627e-03,1.947907e-03,1.378330e-03,1.432716e-04,4.124665e-05,7.874664e-06,4.765160e-06,1.629468e-06,2.627538e-07,1.035126e-08,7.607595e-10
496,1.002000e+01,9.962526e-01,1.087668e-02,5.941538e+00,9.802260e-01,8.746079e-03,7.545497e-03,1.926105e-03,1.361709e-03,1.401325e-04,3.992151e-05,7.814685e-06,4.796150e-06,1.658353e-06,2.647599e-07,1.037106e-08,7.798177e-10
497,1.004000e+01,9.962440e-01,1.089451e-02,5.941805e+00,9.804724e-01,8.502755e-03,7.586146e-03,1.903371e-03,1.345218e-03,1.369569e-04,3.864208e-05,7.750449e-06,4.825768e-06,1.686626e-06,2.669305e-07,1.040089e-08,7.993949e-10
498,1.006000e+01,9.962354e-01,1.091318e-02,5.942006e+00,9.806612e-01,8.308057e-03,7.636518e-03,1.879675e-03,1.328870e-03,1.337481e-04,3.741017e-05,7.682182e-06,4.854192e-06,1.714176e-06,2.692899e-07,1.044244e-08,8.195006e-10
499,1.008000e+01,9.962267e-01,1.093264e-02,5.942142e+00,9.807926e-01,8.161982e-03,7.696512e-03,1.854995e-03,1.312678e-03,1.305097e-04,3.622742e-05,7.610104e-06,4.881621e-06,1.740889e-06,2.718634e-07,1.049756e-08,8.401433e-10
500,1.010000e+01,9.962179e-01,1.095275e-02,5.942212e+00,9.808666e-01,8.064616e-03,7.765982e-03,1.829322e-03,1.296656e-03,1.272451e-04,3.509524e-05,7.534432e-06,4.908279e-06,1.766643e-06,2.746778e-07,1.056830e-08,8.613310e-10
501,1.012000e+01,9.962091e-01,1.097324e-02,5.942216e+00,9.808832e-01,8.016167e-03,7.844728e-03,1.802653e-03,1.280816e-03,1.239582e-04,3.401482e-05,7.455378e-06,4.934412e-06,1.791316e-06,2.777605e-07,1.065689e-08,8.830706e-10
502,1.014000e+01,9.962002e-01,1.099376e-02,5.942156e+00,9.808423e-01,8.016980e-03,7.932498e-03,1.774997e-03,1.265172e-03,1.206530e-04,3.298715e-05,7.373151e-06,4.960290e-06,1.814781e-06,2.811398e-07,1.076579e-08,9.053687e-10
