phi,frame,t,norm,Fz,Lz,peak,pop_c1,pop_c2,pop_c3,pop_c4,pop_c5,pop_c6,pop_c7,pop_c8,pop_c9,pop_c10,pop_c11,pop_c12,pop_c13
-4.5240,1,1.000000e-03,1.000000e+00,5.999999e+00,1.082561e-06,5.056095e-03,9.999989e-01,1.082638e-06,1.542652e-12,1.839789e-18,1.705956e-24,1.738062e-30,2.370701e-30,1.342772e-30,1.715142e-29,5.072596e-32,3.182894e-31,4.960344e-31,1.111212e-29
-4.5240,2,2.000000e-01,1.000000e+00,6.000000e+00,2.381607e-07,NaN,9.999998e-01,2.282552e-07,7.466262e-14,2.124564e-20,2.898936e-25,1.230174e-26,5.143627e-27,2.483638e-27,2.183343e-26,2.046002e-28,1.440424e-28,1.670085e-27,9.044933e-27
-4.5240,3,4.000000e-01,1.000000e+00,5.999999e+00,7.142226e-07,NaN,9.999994e-01,6.064330e-07,4.373689e-13,2.530612e-19,5.155988e-25,4.487163e-26,4.134866e-26,6.632900e-27,2.801030e-26,3.782140e-28,3.437654e-28,4.234681e-27,1.577202e-26
-4.5240,4,6.000000e-01,1.000000e+00,5.999999e+00,1.634926e-06,NaN,9.999991e-01,9.118510e-07,8.490893e-13,6.471221e-19,1.317349e-24,9.221718e-26,1.025518e-25,1.808566e-26,3.974431e-26,7.951263e-28,7.811995e-28,1.056697e-26,3.502316e-26
-4.5240,5,8.000000e-01,1.000000e+00,5.999999e+00,2.912540e-06,NaN,9.999989e-01,1.077977e-06,1.048399e-12,8.677661e-19,3.248796e-24,1.568169e-25,1.700296e-25,3.158891e-26,5.594315e-26,1.265384e-27,1.238967e-27,1.655719e-26,6.078682e-26
-4.5240,6,1.000000e+00,1.000000e+00,5.999999e+00,6.220133e-06,NaN,9.999989e-01,1.072784e-06,1.171398e-12,1.093031e-18,5.059925e-24,2.860152e-25,2.822778e-25,4.512498e-26,7.304802e-26,1.852013e-27,1.733643e-27,2.324616e-26,8.439245e-26
-4.5240,7,1.200000e+00,1.000000e+00,5.999999e+00,9.149865e-06,NaN,9.999990e-01,9.874126e-07,9.343477e-13,9.979704e-19,5.265804e-24,3.799723e-25,3.973492e-25,5.987378e-26,9.835453e-26,2.221462e-27,2.266116e-27,2.921762e-26,1.062765e-25
-4.5240,8,1.400000e+00,1.000000e+00,5.999999e+00,1.058359e-05,NaN,9.999992e-01,7.628453e-07,6.384176e-13,9.077851e-19,5.804055e-24,4.391744e-25,4.131118e-25,7.044462e-26,1.070157e-25,2.489382e-27,2.583194e-27,3.248567e-26,1.264648e-25
-4.5240,9,1.600000e+00,1.000000e+00,5.999999e+00,8.791604e-06,NaN,9.999995e-01,5.473956e-07,4.431541e-13,7.498560e-19,6.386433e-24,5.540731e-25,4.503737e-25,7.547200e-26,1.246684e-25,2.801600e-27,3.034632e-27,3.958778e-26,1.519774e-25
-4.5240,10,1.800000e+00,1.000000e+00,6.000000e+00,1.175864e-05,NaN,9.999995e-01,4.799000e-07,3.645254e-13,6.519337e-19,6.050893e-24,6.186795e-25,5.344390e-25,8.364290e-26,1.506798e-25,3.133462e-27,3.635140e-27,4.449604e-26,1.687041e-25
-4.5240,11,2.000000e+00,1.000000e+00,6.000000e+00,2.032214e-05,3.813874e-03,9.999995e-01,4.701564e-07,3.193349e-13,5.105965e-19,5.830094e-24,6.905228e-25,6.207546e-25,1.007560e-25,1.744097e-25,3.707832e-27,4.116394e-27,5.258829e-26,1.957841e-25
-4.5240,12,2.200000e+00,1.000000e+00,5.999999e+00,3.066502e-05,NaN,9.999993e-01,7.159794e-07,5.079600e-13,4.714938e-19,6.392443e-24,7.401747e-25,7.399466e-25,1.207643e-25,2.067705e-25,4.415787e-27,4.870637e-27,6.362576e-26,2.250350e-25
-4.5240,13,2.400000e+00,1.000000e+00,5.999999e+00,3.694765e-05,NaN,9.999991e-01,9.483784e-07,1.072420e-12,8.133877e-19,6.803196e-24,7.812663e-25,8.033951e-25,1.359345e-25,2.285675e-25,4.763547e-27,5.248780e-27,6.953259e-26,2.473092e-25
-4.5240,14,2.600000e+00,1.000000e+00,5.999999e+00,4.535950e-05,NaN,9.999989e-01,1.105533e-06,1.653101e-12,1.853805e-18,7.759456e-24,8.329489e-25,8.605476e-25,1.457535e-25,2.516831e-25,5.123266e-27,5.643828e-27,7.412017e-26,2.655248e-25
-4.5240,15,2.800000e+00,1.000000e+00,5.999999e+00,4.375440e-05,NaN,9.999986e-01,1.447790e-06,2.591612e-12,4.941768e-18,1.170868e-23,8.450096e-25,8.881235e-25,1.504154e-25,2.736754e-25,5.360589e-27,5.946371e-27,7.755584e-26,2.828990e-25
-4.5240,16,3.000000e+00,1.000000e+00,5.999998e+00,2.627156e-05,NaN,9.999985e-01,1.500391e-06,2.769522e-12,7.536627e-18,2.203897e-23,8.649225e-25,9.367749e-25,1.585971e-25,2.990126e-25,5.733725e-27,6.304564e-27,8.140327e-26,2.941134e-25
-4.5240,17,3.200000e+00,1.000000e+00,5.999999e+00,1.080570e-05,NaN,9.999992e-01,8.463329e-07,1.517775e-12,5.815369e-18,2.270764e-23,8.893559e-25,9.706134e-25,1.633399e-25,3.189751e-25,5.955892e-27,6.528692e-27,8.435051e-26,3.055120e-25
-4.5240,18,3.400000e+00,1.000000e+00,5.999999e+00,1.103682e-05,NaN,9.999994e-01,5.557452e-07,1.132323e-12,4.664658e-18,1.731848e-23,9.221114e-25,1.010819e-24,1.719653e-25,3.480356e-25,6.134378e-27,6.781816e-27,8.701258e-26,3.160432e-25
-4.5240,19,3.600000e+00,1.000000e+00,6.000000e+00,2.622712e-05,NaN,9.999995e-01,4.746786e-07,1.070114e-12,4.513982e-18,1.854279e-23,9.871719e-25,1.055181e-24,1.787773e-25,3.726420e-25,6.302138e-27,7.105855e-27,9.073840e-26,3.361365e-25
-4.5240,20,3.800000e+00,1.000000e+00,5.999999e+00,1.017903e-05,NaN,9.999993e-01,6.747963e-07,1.394370e-12,5.708056e-18,2.234463e-23,1.020613e-24,1.086650e-24,1.832105e-25,3.913142e-25,6.461208e-27,7.354921e-27,9.335655e-26,3.483123e-25
-4.5240,21,4.000000e+00,1.000000e+00,5.999999e+00,-1.015965e-05,4.190735e-03,9.999991e-01,9.027166e-07,1.677014e-12,7.079802e-18,2.594081e-23,1.038184e-24,1.146652e-24,1.926901e-25,4.254213e-25,6.638113e-27,7.533825e-27,9.699185e-26,3.594725e-25
-4.5240,22,4.200000e+00,1.000000e+00,5.999999e+00,-1.344308e-05,NaN,9.999988e-01,1.248752e-06,2.319188e-12,8.855300e-18,3.366589e-23,1.070252e-24,1.181217e-24,2.035727e-25,4.626061e-25,6.820477e-27,7.811959e-27,1.001594e-25,3.691924e-25
-4.5240,23,4.400000e+00,1.000000e+00,5.999999e+00,3.264790e-06,NaN,9.999985e-01,1.488150e-06,2.520404e-12,9.896964e-18,4.715744e-23,1.099539e-24,1.211725e-24,2.087716e-25,4.782895e-25,6.976028e-27,7.963516e-27,1.025783e-25,3.844076e-25
-4.5240,24,4.600000e+00,1.000000e+00,5.999999e+00,1.555166e-05,NaN,9.999987e-01,1.329570e-06,2.062043e-12,1.038145e-17,4.881427e-23,1.118092e-24,1.245800e-24,2.160129e-25,5.166241e-25,7.168149e-27,8.210851e-27,1.060197e-25,3.985502e-25
-4.5240,25,4.800000e+00,1.000000e+00,5.999999e+00,7.091441e-06,NaN,9.999988e-01,1.186621e-06,1.843684e-12,1.100601e-17,5.647795e-23,1.163883e-24,1.288025e-24,2.223472e-25,5.382575e-25,7.435722e-27,8.550814e-27,1.096699e-25,4.110227e-25
-4.5240,26,5.000000e+00,1.000000e+00,5.999999e+00,-3.235343e-07,NaN,9.999989e-01,1.085961e-06,1.853193e-12,1.269824e-17,7.143442e-23,1.191174e-24,1.331481e-24,2.326805e-25,5.700338e-25,7.701586e-27,8.750799e-27,1.128009e-25,4.188916e-25
-4.5240,27,5.200000e+00,1.000000e+00,5.999999e+00,2.183881e-06,NaN,9.999989e-01,1.063918e-06,1.977427e-12,1.437555e-17,8.582023e-23,1.229967e-24,1.378037e-24,2.421708e-25,6.200076e-25,7.944412e-27,8.958229e-27,1.169508e-25,4.292527e-25
-4.5240,28,5.400000e+00,1.000000e+00,5.999999e+00,-1.363230e-06,NaN,9.999991e-01,9.295504e-07,1.814472e-12,1.521584e-17,9.751300e-23,1.259716e-24,1.404853e-24,2.491724e-25,6.434272e-25,8.123535e-27,9.163003e-27,1.195219e-25,4.411398e-25
-4.5240,29,5.600000e+00,1.000000e+00,5.999999e+00,-1.059275e-05,NaN,9.999992e-01,7.502335e-07,1.500768e-12,1.500182e-17,1.038801e-22,1.258034e-24,1.420510e-24,2.534570e-25,6.898967e-25,8.313876e-27,9.370070e-27,1.215373e-25,4.510084e-25
-4.5240,30,5.800000e+00,1.000000e+00,5.999999e+00,-2.203839e-05,NaN,9.999992e-01,8.131279e-07,1.642277e-12,1.498750e-17,1.092474e-22,1.265796e-24,1.447600e-24,2.606420e-25,7.297947e-25,8.467468e-27,9.578794e-27,1.238821e-25,4.632605e-25
-4.5240,31,6.000000e+00,1.000000e+00,5.999999e+00,-3.338630e-06,3.344973e-03,9.999990e-01,9.515161e-07,1.816519e-12,1.549614e-17,1.057922e-22,1.273302e-24,1.472074e-24,2.686161e-25,7.668893e-25,8.690257e-27,9.815735e-27,1.260583e-25,4.715878e-25
-4.5240,32,6.200000e+00,1.000000e+00,5.999999e+00,-3.737613e-05,NaN,9.999988e-01,1.225101e-06,2.285544e-12,1.604675e-17,9.816546e-23,1.293914e-24,1.486253e-24,2.750115e-25,7.948986e-25,8.949721e-27,1.004655e-26,1.294429e-25,4.850897e-25
-4.5240,33,6.400000e+00,1.000000e+00,5.999998e+00,-1.033340e-04,NaN,9.999984e-01,1.632350e-06,3.444701e-12,1.706497e-17,1.224920e-22,1.328511e-24,1.525212e-24,2.813446e-25,8.403191e-25,9.233325e-27,1.026746e-26,1.341505e-25,5.001433e-25
-4.5240,34,6.600000e+00,1.000000e+00,5.999998e+00,-4.634906e-04,NaN,9.999983e-01,1.702503e-06,3.687653e-12,1.980248e-17,1.294559e-22,1.355990e-24,1.564125e-24,2.849437e-25,8.679129e-25,9.366963e-27,1.050808e-26,1.380646e-25,5.078287e-25
-4.5240,35,6.800000e+00,1.000000e+00,5.999999e+00,-1.727744e-03,NaN,9.999985e-01,1.483984e-06,3.318016e-12,2.225312e-17,1.372281e-22,1.377896e-24,1.599156e-24,2.897503e-25,9.005858e-25,9.494979e-27,1.063967e-26,1.401431e-25,5.227223e-25
-4.5240,36,7.000000e+00,1.000000e+00,5.999999e+00,-3.176731e-03,NaN,9.999989e-01,1.130703e-06,2.777756e-12,2.389957e-17,1.646582e-22,1.388247e-24,1.619172e-24,2.942665e-25,9.139928e-25,9.694725e-27,1.079835e-26,1.428410e-25,5.308458e-25
-4.5240,37,7.200000e+00,1.000000e+00,5.999999e+00,-5.537906e-03,NaN,9.999991e-01,8.748638e-07,2.405731e-12,2.395416e-17,1.762528e-22,1.410820e-24,1.646599e-24,3.006206e-25,9.437574e-25,9.887693e-27,1.092712e-26,1.452298e-25,5.438472e-25
-4.5240,38,7.400000e+00,1.000000e+00,5.999999e+00,-8.464230e-03,NaN,9.999992e-01,8.145386e-07,2.453812e-12,2.315859e-17,1.617827e-22,1.435076e-24,1.668373e-24,3.044365e-25,9.704789e-25,1.007064e-26,1.113900e-26,1.478375e-25,5.548100e-25
-4.5240,39,7.600000e+00,1.000000e+00,5.999999e+00,-1.098887e-02,NaN,9.999991e-01,8.680293e-07,2.538484e-12,2.187703e-17,1.410814e-22,1.479999e-24,1.717559e-24,3.154499e-25,1.018477e-24,1.023418e-26,1.144833e-26,1.508816e-25,5.671448e-25
-4.5240,40,7.800000e+00,1.000000e+00,5.999999e+00,-1.149760e-02,NaN,9.999989e-01,1.144216e-06,2.925052e-12,2.231391e-17,1.445667e-22,1.502677e-24,1.753570e-24,3.218674e-25,1.041454e-24,1.036679e-26,1.161389e-26,1.531975e-25,5.832174e-25
-4.5240,41,8.000000e+00,1.000000e+00,5.999998e+00,-1.363135e-02,3.946499e-03,9.999985e-01,1.505221e-06,3.409756e-12,2.271979e-17,1.682122e-22,1.519456e-24,1.772055e-24,3.260996e-25,1.084882e-24,1.060393e-26,1.179645e-26,1.560249e-25,5.855580e-25
-4.5240,42,8.200000e+00,1.000000e+00,5.999998e+00,-1.297648e-02,NaN,9.999984e-01,1.577965e-06,3.488510e-12,2.365463e-17,1.589127e-22,1.542280e-24,1.819373e-24,3.324440e-25,1.112940e-24,1.074353e-26,1.196929e-26,1.579224e-25,5.904162e-25
-4.5240,43,8.400000e+00,1.000000e+00,5.999999e+00,-7.424557e-03,NaN,9.999987e-01,1.345918e-06,3.142986e-12,2.458354e-17,1.454157e-22,1.563190e-24,1.875022e-24,3.446287e-25,1.175232e-24,1.101003e-26,1.231032e-26,1.610587e-25,6.017510e-25
-4.5240,44,8.600000e+00,1.000000e+00,5.999999e+00,-9.534344e-03,NaN,9.999989e-01,1.076354e-06,2.835055e-12,2.556287e-17,1.405369e-22,1.590160e-24,1.944629e-24,3.532234e-25,1.185396e-24,1.142715e-26,1.267269e-26,1.640224e-25,6.133313e-25
-4.5240,45,8.800000e+00,1.000000e+00,5.999999e+00,-1.299994e-02,NaN,9.999991e-01,9.430699e-07,2.734291e-12,2.626908e-17,1.563894e-22,1.629270e-24,1.997496e-24,3.579425e-25,1.203103e-24,1.165786e-26,1.292084e-26,1.677776e-25,6.279239e-25
-4.5240,46,9.000000e+00,1.000000e+00,5.999999e+00,-1.896758e-02,NaN,9.999991e-01,9.451343e-07,2.797982e-12,2.766924e-17,1.712315e-22,1.657332e-24,2.028707e-24,3.694424e-25,1.224493e-24,1.187619e-26,1.307196e-26,1.711371e-25,6.451938e-25
-4.5240,47,9.200000e+00,1.000000e+00,5.999999e+00,-2.255641e-02,NaN,9.999990e-01,1.016338e-06,2.967842e-12,3.003642e-17,2.043771e-22,1.681147e-24,2.047630e-24,3.749831e-25,1.252595e-24,1.208905e-26,1.326698e-26,1.745033e-25,6.576556e-25
-4.5240,48,9.400000e+00,1.000000e+00,5.999999e+00,-2.810159e-02,NaN,9.999989e-01,1.116862e-06,3.102110e-12,3.067424e-17,2.329855e-22,1.697609e-24,2.077828e-24,3.843740e-25,1.278390e-24,1.224593e-26,1.342940e-26,1.779259e-25,6.566507e-25
-4.5240,49,9.600000e+00,1.000000e+00,5.999999e+00,-3.485872e-02,NaN,9.999989e-01,1.079120e-06,2.944723e-12,2.832879e-17,2.029120e-22,1.719061e-24,2.114079e-24,3.903866e-25,1.305211e-24,1.234931e-26,1.367120e-26,1.795904e-25,6.646873e-25
-4.5240,50,9.800000e+00,1.000000e+00,5.999999e+00,-2.900986e-02,NaN,9.999990e-01,9.877518e-07,2.788042e-12,2.734890e-17,1.859481e-22,1.749278e-24,2.156936e-24,3.976315e-25,1.342052e-24,1.243513e-26,1.384105e-26,1.822994e-25,6.923510e-25
-4.5240,51,1.000000e+01,1.000000e+00,5.999999e+00,-2.210306e-02,3.659401e-03,9.999990e-01,1.031052e-06,2.925813e-12,2.770239e-17,1.996725e-22,1.770465e-24,2.187757e-24,4.031381e-25,1.382251e-24,1.263172e-26,1.397486e-26,1.851993e-25,6.917922e-25
-4.5240,52,1.020000e+01,1.000000e+00,5.999999e+00,-3.288821e-02,NaN,9.999988e-01,1.231114e-06,3.353450e-12,2.771216e-17,2.112593e-22,1.799711e-24,2.213917e-24,4.102991e-25,1.425174e-24,1.281716e-26,1.415922e-26,1.883918e-25,6.926926e-25
-4.5240,53,1.040000e+01,1.000000e+00,5.999998e+00,-4.660190e-02,NaN,9.999985e-01,1.549783e-06,4.275876e-12,3.142548e-17,2.129407e-22,1.843468e-24,2.256085e-24,4.180910e-25,1.455163e-24,1.295731e-26,1.441248e-26,1.912316e-25,7.000552e-25
-4.5240,54,1.060000e+01,1.000000e+00,5.999998e+00,-5.925841e-02,NaN,9.999983e-01,1.681050e-06,4.839492e-12,3.593215e-17,2.609417e-22,1.864115e-24,2.289324e-24,4.236049e-25,1.449785e-24,1.316512e-26,1.473593e-26,1.919990e-25,7.148624e-25
-4.5240,55,1.080000e+01,1.000000e+00,5.999999e+00,-8.190603e-02,NaN,9.999986e-01,1.435083e-06,4.296130e-12,3.670151e-17,2.806399e-22,1.877366e-24,2.322429e-24,4.264472e-25,1.463207e-24,1.334362e-26,1.488354e-26,1.939517e-25,7.144609e-25
-4.5240,56,1.100000e+01,1.000000e+00,5.999999e+00,-9.981922e-02,NaN,9.999990e-01,1.021814e-06,3.357452e-12,3.469721e-17,2.476297e-22,1.901669e-24,2.354946e-24,4.318081e-25,1.555909e-24,1.342206e-26,1.500023e-26,1.949248e-25,7.335211e-25
-4.5240,57,1.120000e+01,1.000000e+00,5.999999e+00,-9.690766e-02,NaN,9.999993e-01,7.026474e-07,2.915017e-12,3.276752e-17,2.334276e-22,1.920600e-24,2.371436e-24,4.351574e-25,1.634061e-24,1.354185e-26,1.519019e-26,1.964187e-25,7.355869e-25
-4.5240,58,1.140000e+01,1.000000e+00,5.999999e+00,-1.016621e-01,NaN,9.999994e-01,6.412917e-07,2.829027e-12,3.121196e-17,2.323864e-22,1.938000e-24,2.403197e-24,4.424209e-25,1.596725e-24,1.374428e-26,1.533914e-26,1.974337e-25,7.403857e-25
-4.5240,59,1.160000e+01,1.000000e+00,5.999999e+00,-1.123817e-01,NaN,9.999992e-01,7.544554e-07,2.993026e-12,3.005442e-17,2.251044e-22,1.968720e-24,2.433243e-24,4.477118e-25,1.637885e-24,1.397398e-26,1.559583e-26,1.999788e-25,7.482929e-25
-4.5240,60,1.180000e+01,1.000000e+00,5.999999e+00,-1.059211e-01,NaN,9.999990e-01,9.934666e-07,3.433130e-12,3.182945e-17,2.356303e-22,1.997004e-24,2.439616e-24,4.504072e-25,1.613740e-24,1.408659e-26,1.575367e-26,2.018046e-25,7.526309e-25
-4.5240,61,1.200000e+01,1.000000e+00,5.999999e+00,-1.006973e-01,3.451511e-03,9.999987e-01,1.271007e-06,3.896191e-12,3.293224e-17,2.440096e-22,2.022611e-24,2.463823e-24,4.560509e-25,1.659328e-24,1.427624e-26,1.592730e-26,2.030736e-25,7.603364e-25
-4.5240,62,1.220000e+01,1.000000e+00,5.999999e+00,-9.261007e-02,NaN,9.999986e-01,1.380700e-06,4.071570e-12,3.295063e-17,2.404381e-22,2.040150e-24,2.480867e-24,4.626249e-25,1.683605e-24,1.445694e-26,1.609094e-26,2.047959e-25,7.701547e-25
-4.5240,63,1.240000e+01,1.000000e+00,5.999999e+00,-9.358853e-02,NaN,9.999987e-01,1.318207e-06,4.022651e-12,3.213138e-17,2.334223e-22,2.053626e-24,2.508745e-24,4.663304e-25,1.789848e-24,1.457371e-26,1.625153e-26,2.055454e-25,7.700767e-25
-4.5240,64,1.260000e+01,1.000000e+00,5.999999e+00,-9.161667e-02,NaN,9.999988e-01,1.166761e-06,3.969732e-12,3.224853e-17,2.204248e-22,2.067437e-24,2.538300e-24,4.708572e-25,1.810215e-24,1.463983e-26,1.634145e-26,2.062414e-25,7.881949e-25
-4.5240,65,1.280000e+01,1.000000e+00,5.999999e+00,-9.383722e-02,NaN,9.999990e-01,1.042490e-06,3.860194e-12,3.280582e-17,2.233645e-22,2.091722e-24,2.549760e-24,4.752783e-25,1.738913e-24,1.477743e-26,1.650735e-26,2.080928e-25,7.802361e-25
-4.5240,66,1.300000e+01,1.000000e+00,5.999999e+00,-9.624228e-02,NaN,9.999990e-01,1.018733e-06,3.805268e-12,3.400471e-17,2.471883e-22,2.115204e-24,2.581382e-24,4.797801e-25,1.776526e-24,1.497003e-26,1.665016e-26,2.088566e-25,8.070706e-25
-4.5240,67,1.320000e+01,1.000000e+00,5.999999e+00,-1.072550e-01,NaN,9.999989e-01,1.131443e-06,4.057710e-12,3.676240e-17,2.645406e-22,2.138293e-24,2.599843e-24,4.857511e-25,1.841155e-24,1.507641e-26,1.677743e-26,2.105376e-25,7.955790e-25
-4.5240,68,1.340000e+01,1.000000e+00,5.999999e+00,-1.063906e-01,NaN,9.999987e-01,1.266160e-06,4.264659e-12,3.770419e-17,2.931996e-22,2.150049e-24,2.623940e-24,4.900511e-25,1.815367e-24,1.520127e-26,1.688383e-26,2.116459e-25,8.064480e-25
-4.5240,69,1.360000e+01,1.000000e+00,5.999999e+00,-1.091573e-01,NaN,9.999987e-01,1.257392e-06,4.143570e-12,3.654753e-17,2.988283e-22,2.163602e-24,2.646831e-24,4.936757e-25,1.835956e-24,1.533826e-26,1.701593e-26,2.124501e-25,8.085507e-25
-4.5240,70,1.380000e+01,1.000000e+00,5.999999e+00,-1.241658e-01,NaN,9.999990e-01,1.039734e-06,4.036652e-12,3.495018e-17,2.657311e-22,2.186082e-24,2.660390e-24,4.981689e-25,1.865638e-24,1.542590e-26,1.708915e-26,2.132736e-25,8.155784e-25
-4.5240,71,1.400000e+01,1.000000e+00,5.999999e+00,-1.287314e-01,4.052738e-03,9.999991e-01,9.289736e-07,4.093891e-12,3.513272e-17,2.607311e-22,2.205542e-24,2.682630e-24,5.021039e-25,1.900926e-24,1.553207e-26,1.717439e-26,2.147556e-25,8.125560e-25
-4.5240,72,1.420000e+01,1.000000e+00,5.999999e+00,-1.349075e-01,NaN,9.999990e-01,9.645156e-07,4.162970e-12,3.570662e-17,2.731383e-22,2.215861e-24,2.714939e-24,5.063315e-25,1.907434e-24,1.563484e-26,1.731214e-26,2.157911e-25,8.286147e-25
-4.5240,73,1.440000e+01,1.000000e+00,5.999999e+00,-1.416661e-01,NaN,9.999988e-01,1.170913e-06,4.578270e-12,3.761864e-17,2.796580e-22,2.235083e-24,2.741517e-24,5.080662e-25,1.983642e-24,1.578673e-26,1.745155e-26,2.175106e-25,8.352670e-25
-4.5240,74,1.460000e+01,1.000000e+00,5.999999e+00,-1.649924e-01,NaN,9.999986e-01,1.388480e-06,4.990384e-12,4.017095e-17,3.000226e-22,2.241777e-24,2.757863e-24,5.106439e-25,2.078848e-24,1.592373e-26,1.748709e-26,2.189828e-25,8.348920e-25
-4.5240,75,1.480000e+01,1.000000e+00,5.999999e+00,-1.920151e-01,NaN,9.999985e-01,1.450777e-06,5.180201e-12,4.156053e-17,3.171321e-22,2.258739e-24,2.773528e-24,5.150659e-25,2.043598e-24,1.600190e-26,1.760981e-26,2.198033e-25,8.409047e-25
-4.5240,76,1.500000e+01,1.000000e+00,5.999999e+00,-1.991753e-01,NaN,9.999986e-01,1.411822e-06,5.194077e-12,4.135686e-17,3.137967e-22,2.272589e-24,2.783349e-24,5.180951e-25,2.098326e-24,1.605944e-26,1.761960e-26,2.204944e-25,8.486113e-25
-4.5240,77,1.520000e+01,1.000000e+00,5.999999e+00,-2.110229e-01,NaN,9.999987e-01,1.260556e-06,4.941322e-12,4.024043e-17,3.061401e-22,2.292079e-24,2.805970e-24,5.225791e-25,2.160157e-24,1.618754e-26,1.773130e-26,2.216698e-25,8.473563e-25
-4.5240,78,1.540000e+01,1.000000e+00,5.999999e+00,-2.281592e-01,NaN,9.999990e-01,1.035897e-06,4.522496e-12,3.933347e-17,3.104043e-22,2.311326e-24,2.820012e-24,5.241548e-25,2.212181e-24,1.632204e-26,1.791820e-26,2.225936e-25,8.629565e-25
-4.5240,79,1.560000e+01,1.000000e+00,5.999999e+00,-2.525410e-01,NaN,9.999991e-01,8.674735e-07,4.284364e-12,3.885918e-17,3.070348e-22,2.329032e-24,2.844249e-24,5.299459e-25,2.110885e-24,1.645528e-26,1.809113e-26,2.239733e-25,8.670298e-25
-4.5240,80,1.580000e+01,1.000000e+00,5.999999e+00,-2.927744e-01,NaN,9.999991e-01,8.771980e-07,4.235202e-12,3.826740e-17,3.026108e-22,2.347817e-24,2.859604e-24,5.335296e-25,2.185935e-24,1.643137e-26,1.825736e-26,2.256739e-25,8.648641e-25
-4.5240,81,1.600000e+01,1.000000e+00,5.999999e+00,-3.107685e-01,3.584612e-03,9.999990e-01,1.006722e-06,4.395886e-12,3.827586e-17,3.043118e-22,2.355369e-24,2.884294e-24,5.394776e-25,2.165863e-24,1.643772e-26,1.833744e-26,2.275354e-25,8.787433e-25
-4.5240,82,1.620000e+01,1.000000e+00,5.999999e+00,-3.285366e-01,NaN,9.999989e-01,1.114187e-06,4.737564e-12,3.967627e-17,2.988122e-22,2.370758e-24,2.893022e-24,5.407865e-25,2.196175e-24,1.649641e-26,1.843804e-26,2.289895e-25,8.848674e-25
-4.5240,83,1.640000e+01,1.000000e+00,5.999999e+00,-3.586080e-01,NaN,9.999989e-01,1.128140e-06,4.810321e-12,3.953216e-17,2.970674e-22,2.392810e-24,2.915659e-24,5.425644e-25,2.250967e-24,1.660316e-26,1.846409e-26,2.305999e-25,8.825216e-25
-4.5240,84,1.660000e+01,1.000000e+00,5.999999e+00,-3.936367e-01,NaN,9.999988e-01,1.153413e-06,4.897750e-12,3.926448e-17,3.097827e-22,2.406946e-24,2.937329e-24,5.442113e-25,2.248203e-24,1.670708e-26,1.853938e-26,2.317329e-25,8.884531e-25
-4.5240,85,1.680000e+01,1.000000e+00,5.999999e+00,-4.261807e-01,NaN,9.999989e-01,1.121586e-06,4.842398e-12,4.029089e-17,2.986095e-22,2.429665e-24,2.966405e-24,5.485808e-25,2.342581e-24,1.676999e-26,1.861475e-26,2.329709e-25,9.014880e-25
-4.5240,86,1.700000e+01,1.000000e+00,5.999999e+00,-4.732520e-01,NaN,9.999989e-01,1.085496e-06,4.914958e-12,4.009106e-17,3.123261e-22,2.448325e-24,2.977517e-24,5.523480e-25,2.349429e-24,1.685437e-26,1.869602e-26,2.341820e-25,9.010079e-25
-4.5240,87,1.720000e+01,1.000000e+00,5.999999e+00,-5.307730e-01,NaN,9.999988e-01,1.186393e-06,5.261940e-12,4.290156e-17,3.550098e-22,2.468196e-24,2.997481e-24,5.569524e-25,2.364671e-24,1.695834e-26,1.880580e-26,2.353817e-25,9.042791e-25
-4.5240,88,1.740000e+01,1.000000e+00,5.999999e+00,-5.813459e-01,NaN,9.999986e-01,1.397138e-06,5.773511e-12,4.553767e-17,3.805296e-22,2.486268e-24,3.016486e-24,5.596282e-25,2.384479e-24,1.700131e-26,1.891012e-26,2.360376e-25,9.086967e-25
-4.5240,89,1.760000e+01,1.000000e+00,5.999999e+00,-6.418242e-01,NaN,9.999986e-01,1.415744e-06,5.821853e-12,4.705961e-17,3.963742e-22,2.501879e-24,3.039005e-24,5.616616e-25,2.364417e-24,1.706436e-26,1.903405e-26,2.366019e-25,9.153198e-25
-4.5240,90,1.780000e+01,1.000000e+00,5.999999e+00,-7.139347e-01,NaN,9.999989e-01,1.139564e-06,5.389025e-12,4.600077e-17,3.954659e-22,2.512920e-24,3.057829e-24,5.652319e-25,2.393131e-24,1.709835e-26,1.905459e-26,2.375981e-25,9.224991e-25
-4.5240,91,1.800000e+01,1.000000e+00,5.999999e+00,-7.837843e-01,4.154452e-03,9.999991e-01,9.099014e-07,4.947116e-12,4.274243e-17,3.602522e-22,2.517677e-24,3.069659e-24,5.681695e-25,2.357353e-24,1.715766e-26,1.911164e-26,2.381752e-25,9.265279e-25
-4.5240,92,1.820000e+01,1.000000e+00,5.999999e+00,-8.419999e-01,NaN,9.999991e-01,8.842346e-07,4.752221e-12,4.117187e-17,3.341585e-22,2.535466e-24,3.094584e-24,5.720441e-25,2.368424e-24,1.723709e-26,1.922182e-26,2.391864e-25,9.357280e-25
-4.5240,93,1.840000e+01,1.000000e+00,5.999999e+00,-9.182617e-01,NaN,9.999990e-01,9.824125e-07,5.019910e-12,4.173856e-17,3.426122e-22,2.542564e-24,3.108939e-24,5.755065e-25,2.408201e-24,1.734139e-26,1.927364e-26,2.405381e-25,9.351441e-25
-4.5240,94,1.860000e+01,1.000000e+00,5.999999e+00,-9.777643e-01,NaN,9.999989e-01,1.077202e-06,5.347330e-12,4.306907e-17,3.569110e-22,2.548220e-24,3.140256e-24,5.771610e-25,2.427850e-24,1.736066e-26,1.936589e-26,2.417226e-25,9.551170e-25
-4.5240,95,1.880000e+01,1.000000e+00,5.999999e+00,-9.885322e-01,NaN,9.999989e-01,1.122571e-06,5.428172e-12,4.341302e-17,3.701998e-22,2.552869e-24,3.154771e-24,5.788214e-25,2.460846e-24,1.740819e-26,1.949574e-26,2.422805e-25,9.523167e-25
-4.5240,96,1.900000e+01,1.000000e+00,5.999999e+00,-1.015732e+00,NaN,9.999990e-01,1.024531e-06,5.212959e-12,4.328819e-17,3.706064e-22,2.576813e-24,3.162976e-24,5.823577e-25,2.484201e-24,1.745475e-26,1.957466e-26,2.437304e-25,9.530747e-25
-4.5240,97,1.920000e+01,1.000000e+00,5.999999e+00,-1.046424e+00,NaN,9.999990e-01,9.957991e-07,5.117685e-12,4.252925e-17,3.525603e-22,2.593190e-24,3.182917e-24,5.872353e-25,2.580099e-24,1.756045e-26,1.967119e-26,2.451033e-25,9.577069e-25
-4.5240,98,1.940000e+01,1.000000e+00,5.999999e+00,-1.047444e+00,NaN,9.999990e-01,1.047076e-06,5.132916e-12,4.223079e-17,3.620415e-22,2.603902e-24,3.198738e-24,5.904278e-25,2.507124e-24,1.766130e-26,1.971020e-26,2.461699e-25,9.601384e-25
-4.5240,99,1.960000e+01,1.000000e+00,5.999999e+00,-1.018596e+00,NaN,9.999990e-01,1.036018e-06,5.227695e-12,4.250030e-17,3.832887e-22,2.617281e-24,3.229790e-24,5.940967e-25,2.533337e-24,1.777032e-26,1.980222e-26,2.469352e-25,9.668717e-25
-4.5240,100,1.980000e+01,1.000000e+00,5.999999e+00,-9.107452e-01,NaN,9.999991e-01,9.280921e-07,5.236763e-12,4.264102e-17,3.826384e-22,2.628333e-24,3.245822e-24,5.981336e-25,2.519570e-24,1.783113e-26,1.982892e-26,2.477733e-25,9.740674e-25
-4.5240,101,2.000000e+01,1.000000e+00,5.999999e+00,-7.896087e-01,3.618522e-03,9.999991e-01,9.185349e-07,5.202747e-12,4.318068e-17,3.885288e-22,2.644420e-24,3.262453e-24,6.012967e-25,2.541449e-24,1.789146e-26,1.990008e-26,2.493002e-25,9.875749e-25
-4.5240,102,2.020000e+01,1.000000e+00,5.999999e+00,-7.482788e-01,NaN,9.999991e-01,9.140718e-07,5.127656e-12,4.391215e-17,3.840227e-22,2.653357e-24,3.286066e-24,6.054722e-25,2.570502e-24,1.795359e-26,1.997349e-26,2.509518e-25,9.898905e-25
-4.5240,103,2.040000e+01,1.000000e+00,5.999999e+00,-6.646219e-01,NaN,9.999990e-01,9.943556e-07,5.349181e-12,4.518017e-17,4.050713e-22,2.671067e-24,3.292590e-24,6.096044e-25,2.696191e-24,1.801214e-26,2.008600e-26,2.520120e-25,1.002154e-24
-4.5240,104,2.060000e+01,1.000000e+00,5.999999e+00,-5.577600e-01,NaN,9.999990e-01,1.026502e-06,5.543698e-12,4.640183e-17,4.345995e-22,2.683362e-24,3.311840e-24,6.155658e-25,2.667120e-24,1.808036e-26,2.020843e-26,2.529621e-25,1.003598e-24
-4.5240,105,2.080000e+01,1.000000e+00,5.999999e+00,-3.600081e-01,NaN,9.999990e-01,9.997577e-07,5.300371e-12,4.584558e-17,4.296042e-22,2.704092e-24,3.335257e-24,6.190366e-25,2.747872e-24,1.820603e-26,2.026775e-26,2.537023e-25,1.010524e-24
-4.5240,106,2.100000e+01,1.000000e+00,5.999999e+00,-3.422430e-01,NaN,9.999990e-01,9.906782e-07,5.269302e-12,4.502359e-17,4.166520e-22,2.713744e-24,3.342712e-24,6.215987e-25,2.687204e-24,1.829635e-26,2.037698e-26,2.544180e-25,1.020746e-24
-4.5240,107,2.120000e+01,1.000000e+00,5.999999e+00,-2.728904e-01,NaN,9.999989e-01,1.066627e-06,5.381036e-12,4.521216e-17,4.240269e-22,2.729140e-24,3.372927e-24,6.264550e-25,2.723670e-24,1.838978e-26,2.042654e-26,2.554576e-25,1.026586e-24
-4.5240,108,2.140000e+01,1.000000e+00,5.999999e+00,-1.646588e-01,NaN,9.999988e-01,1.171361e-06,5.854335e-12,4.616089e-17,4.444400e-22,2.744262e-24,3.403430e-24,6.292877e-25,2.741017e-24,1.843154e-26,2.052437e-26,2.564353e-25,1.037945e-24
-4.5240,109,2.160000e+01,1.000000e+00,5.999999e+00,-5.824986e-02,NaN,9.999987e-01,1.264619e-06,6.064182e-12,4.856563e-17,4.719311e-22,2.758607e-24,3.429509e-24,6.333413e-25,2.781018e-24,1.849536e-26,2.055682e-26,2.567943e-25,1.045071e-24
-4.5240,110,2.180000e+01,1.000000e+00,5.999999e+00,-1.388248e-02,NaN,9.999987e-01,1.252887e-06,5.835178e-12,4.874831e-17,4.678391e-22,2.789887e-24,3.447844e-24,6.349414e-25,2.926572e-24,1.856252e-26,2.062699e-26,2.574019e-25,1.039841e-24
-4.5240,111,2.230000e+01,9.998876e-01,5.999324e+00,-6.596360e-02,4.242864e-03,9.999985e-01,1.521616e-06,6.825063e-12,5.724780e-17,5.734842e-22,2.860476e-24,3.512741e-24,6.463892e-25,2.875277e-24,1.883840e-26,2.095601e-26,2.616227e-25,1.066665e-24
-4.5240,112,2.280000e+01,9.997861e-01,5.998715e+00,-1.231631e-01,NaN,9.999980e-01,1.964278e-06,8.302859e-12,6.324742e-17,6.211797e-22,2.901234e-24,3.575980e-24,6.560325e-25,3.008097e-24,1.911979e-26,2.130088e-26,2.654936e-25,1.090213e-24
-4.5240,113,2.330000e+01,9.996867e-01,5.998118e+00,-1.509690e-01,NaN,9.999982e-01,1.828253e-06,8.243931e-12,6.217633e-17,6.445070e-22,2.960971e-24,3.625250e-24,6.701377e-25,3.051640e-24,1.944462e-26,2.166287e-26,2.697118e-25,1.101533e-24
-4.5240,114,2.380000e+01,9.995859e-01,5.997513e+00,-1.020593e-01,NaN,9.999982e-01,1.798433e-06,8.244576e-12,6.260138e-17,6.512657e-22,3.014772e-24,3.669174e-24,6.855932e-25,3.120505e-24,1.984256e-26,2.204455e-26,2.745977e-25,1.119684e-24
-4.5240,115,2.430000e+01,9.994767e-01,5.996859e+00,-8.781632e-02,NaN,9.999985e-01,1.500397e-06,7.538585e-12,6.309020e-17,6.616191e-22,3.074728e-24,3.732257e-24,6.936706e-25,3.241294e-24,2.014301e-26,2.232926e-26,2.795064e-25,1.135372e-24
-4.5240,116,2.480000e+01,9.993615e-01,5.996167e+00,-1.146900e-01,NaN,9.999984e-01,1.556930e-06,7.959421e-12,6.448360e-17,6.888355e-22,3.127945e-24,3.827418e-24,7.032139e-25,3.234861e-24,2.044886e-26,2.259723e-26,2.819454e-25,1.146794e-24
-4.5240,117,2.530000e+01,9.992446e-01,5.995466e+00,-4.997834e-02,NaN,9.999985e-01,1.528934e-06,8.542727e-12,6.891798e-17,7.368337e-22,3.185808e-24,3.872571e-24,7.094303e-25,3.364444e-24,2.075777e-26,2.287135e-26,2.873473e-25,1.170285e-24
-4.5240,118,2.580000e+01,9.991341e-01,5.994803e+00,-1.240106e-01,NaN,9.999983e-01,1.691132e-06,9.369914e-12,7.290295e-17,7.902114e-22,3.252625e-24,3.934435e-24,7.221977e-25,3.514859e-24,2.103377e-26,2.312736e-26,2.894457e-25,1.181472e-24
-4.5240,119,2.630000e+01,9.990300e-01,5.994178e+00,-4.002980e-02,NaN,9.999984e-01,1.623927e-06,9.332968e-12,7.335078e-17,8.098132e-22,3.289252e-24,3.972076e-24,7.282776e-25,3.435966e-24,2.132483e-26,2.326120e-26,2.925988e-25,1.191089e-24
-4.5240,120,2.680000e+01,9.989316e-01,5.993588e+00,-6.324958e-02,NaN,9.999982e-01,1.760780e-06,9.690623e-12,7.547008e-17,8.249062e-22,3.355391e-24,4.042779e-24,7.371049e-25,3.609431e-24,2.164000e-26,2.361890e-26,2.956005e-25,1.203974e-24
-4.5240,121,2.730000e+01,9.988304e-01,5.992981e+00,-1.005394e-01,4.148230e-03,9.999984e-01,1.574377e-06,9.318640e-12,7.551342e-17,8.374398e-22,3.395747e-24,4.121721e-24,7.426729e-25,3.626609e-24,2.195459e-26,2.392508e-26,2.997768e-25,1.219210e-24
-4.5240,122,2.780000e+01,9.987250e-01,5.992349e+00,-8.754596e-02,NaN,9.999983e-01,1.707723e-06,9.722949e-12,7.450098e-17,8.454186e-22,3.430945e-24,4.185236e-24,7.566497e-25,3.667776e-24,2.237824e-26,2.432399e-26,3.035442e-25,1.229030e-24
-4.5240,123,2.830000e+01,9.986166e-01,5.991698e+00,-9.339592e-02,NaN,9.999985e-01,1.516383e-06,9.503829e-12,7.814764e-17,8.851027e-22,3.489427e-24,4.235671e-24,7.668464e-25,3.855369e-24,2.268195e-26,2.453103e-26,3.055182e-25,1.248449e-24
-4.5240,124,2.880000e+01,9.985075e-01,5.991043e+00,7.741554e-02,NaN,9.999984e-01,1.596057e-06,9.957777e-12,8.151497e-17,9.282251e-22,3.549573e-24,4.286273e-24,7.748087e-25,3.821512e-24,2.298767e-26,2.472497e-26,3.101926e-25,1.275873e-24
-4.5240,125,2.930000e+01,9.983998e-01,5.990397e+00,-2.201122e-02,NaN,9.999984e-01,1.597384e-06,1.003715e-11,8.393900e-17,9.600834e-22,3.584552e-24,4.335858e-24,7.873531e-25,3.883455e-24,2.327620e-26,2.506120e-26,3.136646e-25,1.275122e-24
-4.5240,126,2.980000e+01,9.982942e-01,5.989763e+00,-5.930668e-02,NaN,9.999983e-01,1.703540e-06,1.094728e-11,8.632264e-17,9.769477e-22,3.624186e-24,4.402945e-24,7.979677e-25,3.977082e-24,2.358696e-26,2.548302e-26,3.170048e-25,1.283108e-24
-4.5240,127,3.030000e+01,9.981929e-01,5.989156e+00,-6.702196e-02,NaN,9.999982e-01,1.779595e-06,1.084739e-11,8.424056e-17,9.854545e-22,3.667155e-24,4.460259e-24,8.053844e-25,4.039639e-24,2.377143e-26,2.576019e-26,3.209665e-25,1.308870e-24
-4.5240,128,3.080000e+01,9.980928e-01,5.988555e+00,-9.394512e-02,NaN,9.999983e-01,1.687758e-06,1.089943e-11,8.622052e-17,1.010391e-21,3.706376e-24,4.536012e-24,8.141956e-25,4.062110e-24,2.395819e-26,2.598646e-26,3.248044e-25,1.330703e-24
-4.5240,129,3.130000e+01,9.979897e-01,5.987936e+00,-1.301034e-01,NaN,9.999984e-01,1.563669e-06,1.052903e-11,8.650702e-17,1.009525e-21,3.760048e-24,4.600527e-24,8.201282e-25,4.152941e-24,2.425187e-26,2.617192e-26,3.276255e-25,1.338090e-24
-4.5240,130,3.180000e+01,9.978846e-01,5.987306e+00,-1.200346e-01,NaN,9.999985e-01,1.477798e-06,1.039137e-11,8.557111e-17,1.048651e-21,3.798078e-24,4.625270e-24,8.314589e-25,4.149714e-24,2.460630e-26,2.634000e-26,3.318383e-25,1.366494e-24
-4.5240,131,3.230000e+01,9.977766e-01,5.986658e+00,-1.309818e-01,4.521482e-03,9.999985e-01,1.471804e-06,1.078247e-11,9.095860e-17,1.098425e-21,3.845583e-24,4.707907e-24,8.396861e-25,4.320528e-24,2.484160e-26,2.676077e-26,3.343993e-25,1.385370e-24
-4.5240,132,3.280000e+01,9.976657e-01,5.985993e+00,-6.005472e-02,NaN,9.999983e-01,1.693143e-06,1.127984e-11,9.366526e-17,1.130279e-21,3.892371e-24,4.781542e-24,8.447161e-25,4.369078e-24,2.514372e-26,2.704493e-26,3.388900e-25,1.398613e-24
-4.5240,133,3.330000e+01,9.975624e-01,5.985373e+00,-5.908298e-02,NaN,9.999983e-01,1.693106e-06,1.156346e-11,9.694208e-17,1.170035e-21,3.952226e-24,4.825882e-24,8.584064e-25,4.297538e-24,2.539149e-26,2.727676e-26,3.427717e-25,1.414835e-24
-4.5240,134,3.380000e+01,9.974606e-01,5.984762e+00,-1.413674e-02,NaN,9.999983e-01,1.719614e-06,1.155822e-11,9.621042e-17,1.161272e-21,4.001822e-24,4.879725e-24,8.692173e-25,4.456621e-24,2.571335e-26,2.748901e-26,3.449050e-25,1.419318e-24
-4.5240,135,3.430000e+01,9.973599e-01,5.984157e+00,3.156566e-02,NaN,9.999984e-01,1.644860e-06,1.142756e-11,9.375263e-17,1.180554e-21,4.048271e-24,4.933533e-24,8.774169e-25,4.470251e-24,2.600077e-26,2.766373e-26,3.489014e-25,1.427723e-24
-4.5240,136,3.480000e+01,9.972620e-01,5.983570e+00,1.149754e-01,NaN,9.999985e-01,1.509794e-06,1.138596e-11,9.434219e-17,1.173513e-21,4.079023e-24,4.975491e-24,8.875488e-25,4.464133e-24,2.619274e-26,2.789933e-26,3.535884e-25,1.441011e-24
-4.5240,137,3.530000e+01,9.971573e-01,5.982942e+00,-4.149784e-02,NaN,9.999984e-01,1.620162e-06,1.145117e-11,9.513253e-17,1.229132e-21,4.120804e-24,5.049502e-24,8.946154e-25,4.545275e-24,2.637565e-26,2.824227e-26,3.557687e-25,1.459433e-24
-4.5240,138,3.580000e+01,9.970522e-01,5.982312e+00,-1.211385e-01,NaN,9.999985e-01,1.533621e-06,1.159162e-11,9.879935e-17,1.263192e-21,4.178998e-24,5.114415e-24,9.017136e-25,4.648314e-24,2.664058e-26,2.852599e-26,3.590276e-25,1.484959e-24
-4.5240,139,3.630000e+01,9.969474e-01,5.981683e+00,-6.990785e-02,NaN,9.999983e-01,1.714103e-06,1.206782e-11,1.019449e-16,1.300891e-21,4.208656e-24,5.169699e-24,9.113244e-25,4.667041e-24,2.686891e-26,2.871590e-26,3.617578e-25,1.507730e-24
-4.5240,140,3.680000e+01,9.968391e-01,5.981033e+00,-7.145171e-02,NaN,9.999983e-01,1.695657e-06,1.208910e-11,1.030673e-16,1.327031e-21,4.241845e-24,5.249957e-24,9.182191e-25,4.813721e-24,2.720173e-26,2.914679e-26,3.647957e-25,1.514385e-24
-4.5240,141,3.730000e+01,9.967374e-01,5.980423e+00,-7.739061e-04,4.139757e-03,9.999984e-01,1.631057e-06,1.227488e-11,1.015166e-16,1.322520e-21,4.295683e-24,5.309553e-24,9.293302e-25,4.752433e-24,2.740775e-26,2.950017e-26,3.663221e-25,1.528674e-24
-4.5240,142,3.780000e+01,9.966362e-01,5.979815e+00,1.766507e-02,NaN,9.999984e-01,1.626118e-06,1.203700e-11,1.019059e-16,1.314723e-21,4.337114e-24,5.357087e-24,9.386016e-25,4.804345e-24,2.762189e-26,2.981869e-26,3.696451e-25,1.534101e-24
-4.5240,143,3.830000e+01,9.965348e-01,5.979207e+00,-4.387771e-02,NaN,9.999984e-01,1.588475e-06,1.227561e-11,1.056005e-16,1.326344e-21,4.377371e-24,5.400742e-24,9.462543e-25,4.949501e-24,2.792706e-26,3.010191e-26,3.737734e-25,1.551524e-24
-4.5240,144,3.880000e+01,9.964373e-01,5.978622e+00,3.754071e-02,NaN,9.999985e-01,1.546425e-06,1.214952e-11,1.028685e-16,1.335528e-21,4.450463e-24,5.452981e-24,9.541739e-25,4.904161e-24,2.803734e-26,3.042488e-26,3.769991e-25,1.558791e-24
-4.5240,145,3.930000e+01,9.963336e-01,5.978000e+00,6.944881e-02,NaN,9.999984e-01,1.615419e-06,1.231311e-11,1.087080e-16,1.429751e-21,4.498491e-24,5.488448e-24,9.628930e-25,5.129761e-24,2.825858e-26,3.070366e-26,3.801652e-25,1.574564e-24
-4.5240,146,3.980000e+01,9.962279e-01,5.977366e+00,-1.046033e-02,NaN,9.999984e-01,1.601115e-06,1.254852e-11,1.085555e-16,1.421366e-21,4.542922e-24,5.552019e-24,9.756887e-25,5.171055e-24,2.863575e-26,3.096936e-26,3.830599e-25,1.601757e-24
-4.5240,147,4.030000e+01,9.961248e-01,5.976747e+00,-8.929332e-02,NaN,9.999983e-01,1.686891e-06,1.287413e-11,1.122907e-16,1.455684e-21,4.605604e-24,5.596610e-24,9.859138e-25,5.139365e-24,2.889898e-26,3.121052e-26,3.864213e-25,1.613198e-24
-4.5240,148,4.080000e+01,9.960202e-01,5.976119e+00,-6.696225e-02,NaN,9.999983e-01,1.664232e-06,1.272918e-11,1.113913e-16,1.452542e-21,4.650947e-24,5.660886e-24,9.960045e-25,5.258267e-24,2.915761e-26,3.134266e-26,3.886241e-25,1.626877e-24
-4.5240,149,4.130000e+01,9.959200e-01,5.975518e+00,-5.987226e-02,NaN,9.999984e-01,1.620657e-06,1.268077e-11,1.094749e-16,1.472054e-21,4.685728e-24,5.699003e-24,1.005433e-24,5.274106e-24,2.939500e-26,3.165518e-26,3.915457e-25,1.649424e-24
-4.5240,150,4.180000e+01,9.958207e-01,5.974923e+00,-4.237922e-02,NaN,9.999984e-01,1.592097e-06,1.279566e-11,1.111821e-16,1.527245e-21,4.743926e-24,5.756150e-24,1.017001e-24,5.293875e-24,2.968965e-26,3.186034e-26,3.940304e-25,1.650824e-24
-4.5240,151,4.230000e+01,9.957185e-01,5.974309e+00,-2.849710e-03,4.007981e-03,9.999985e-01,1.545762e-06,1.276221e-11,1.114163e-16,1.511286e-21,4.775084e-24,5.798721e-24,1.028713e-24,5.425446e-24,2.991658e-26,3.217257e-26,3.970694e-25,1.667866e-24
-4.5240,152,4.280000e+01,9.956187e-01,5.973711e+00,3.717991e-02,NaN,9.999984e-01,1.607772e-06,1.283576e-11,1.148116e-16,1.584409e-21,4.823657e-24,5.857163e-24,1.037115e-24,5.486055e-24,3.007867e-26,3.252060e-26,4.008276e-25,1.683398e-24
-4.5240,153,4.330000e+01,9.955146e-01,5.973086e+00,-3.094105e-02,NaN,9.999983e-01,1.651197e-06,1.334162e-11,1.171912e-16,1.574756e-21,4.870083e-24,5.919776e-24,1.048586e-24,5.511971e-24,3.036233e-26,3.271957e-26,4.034624e-25,1.698521e-24
-4.5240,154,4.380000e+01,9.954102e-01,5.972460e+00,-1.461584e-02,NaN,9.999983e-01,1.673610e-06,1.330785e-11,1.195244e-16,1.609727e-21,4.915369e-24,5.982035e-24,1.056605e-24,5.685995e-24,3.067953e-26,3.296406e-26,4.069678e-25,1.716586e-24
-4.5240,155,4.430000e+01,9.953096e-01,5.971856e+00,-3.071307e-02,NaN,9.999984e-01,1.644187e-06,1.323488e-11,1.181495e-16,1.619349e-21,4.957915e-24,6.023888e-24,1.065581e-24,5.684639e-24,3.094559e-26,3.318281e-26,4.099739e-25,1.730342e-24
-4.5240,156,4.480000e+01,9.952074e-01,5.971243e+00,-4.153457e-03,NaN,9.999984e-01,1.605716e-06,1.327170e-11,1.173797e-16,1.620904e-21,5.017170e-24,6.066327e-24,1.072763e-24,5.866667e-24,3.127590e-26,3.345925e-26,4.124852e-25,1.745592e-24
-4.5240,157,4.530000e+01,9.951092e-01,5.970654e+00,-1.736391e-02,NaN,9.999984e-01,1.580753e-06,1.320334e-11,1.198327e-16,1.649830e-21,5.075986e-24,6.110828e-24,1.081097e-24,5.899194e-24,3.150418e-26,3.365694e-26,4.158836e-25,1.761876e-24
-4.5240,158,4.580000e+01,9.950123e-01,5.970072e+00,-3.640517e-02,NaN,9.999985e-01,1.545267e-06,1.332205e-11,1.196821e-16,1.682986e-21,5.128435e-24,6.175797e-24,1.088669e-24,5.852608e-24,3.174169e-26,3.384168e-26,4.191450e-25,1.773257e-24
-4.5240,159,4.630000e+01,9.949105e-01,5.969461e+00,-1.546618e-01,NaN,9.999984e-01,1.620562e-06,1.355774e-11,1.237736e-16,1.713481e-21,5.187458e-24,6.241831e-24,1.096609e-24,6.007876e-24,3.194544e-26,3.410560e-26,4.233363e-25,1.780913e-24
-4.5240,160,4.680000e+01,9.948109e-01,5.968863e+00,-1.695364e-01,NaN,9.999984e-01,1.634001e-06,1.370273e-11,1.235630e-16,1.715938e-21,5.231146e-24,6.299990e-24,1.106049e-24,6.024394e-24,3.227763e-26,3.437415e-26,4.273273e-25,1.798816e-24
-4.5240,161,4.730000e+01,9.947083e-01,5.968248e+00,-1.035755e-01,4.367240e-03,9.999984e-01,1.630736e-06,1.380245e-11,1.241958e-16,1.750098e-21,5.276987e-24,6.362630e-24,1.113962e-24,6.062328e-24,3.251009e-26,3.469471e-26,4.317550e-25,1.813016e-24
-4.5240,162,4.780000e+01,9.946050e-01,5.967628e+00,-5.532380e-02,NaN,9.999984e-01,1.643875e-06,1.378747e-11,1.250333e-16,1.750749e-21,5.338884e-24,6.417687e-24,1.127070e-24,6.206373e-24,3.275906e-26,3.496847e-26,4.374179e-25,1.827218e-24
-4.5240,163,4.830000e+01,9.945070e-01,5.967041e+00,2.556020e-04,NaN,9.999985e-01,1.527493e-06,1.374907e-11,1.243691e-16,1.773236e-21,5.386611e-24,6.470846e-24,1.135645e-24,6.228317e-24,3.304357e-26,3.518348e-26,4.405644e-25,1.850351e-24
-4.5240,164,4.880000e+01,9.944069e-01,5.966440e+00,-1.589341e-02,NaN,9.999984e-01,1.629901e-06,1.394406e-11,1.267955e-16,1.812912e-21,5.434140e-24,6.522361e-24,1.143983e-24,6.255557e-24,3.330863e-26,3.547652e-26,4.440530e-25,1.863351e-24
-4.5240,165,4.930000e+01,9.943072e-01,5.965842e+00,-1.303283e-02,NaN,9.999984e-01,1.550553e-06,1.383816e-11,1.271135e-16,1.832225e-21,5.480559e-24,6.579135e-24,1.153808e-24,6.378926e-24,3.359928e-26,3.575179e-26,4.465433e-25,1.877010e-24
-4.5240,166,4.980000e+01,9.942081e-01,5.965247e+00,3.748728e-02,NaN,9.999984e-01,1.592679e-06,1.404485e-11,1.297803e-16,1.861766e-21,5.532139e-24,6.650588e-24,1.162376e-24,6.365224e-24,3.385633e-26,3.606912e-26,4.509810e-25,1.895597e-24
-4.5240,167,5.030000e+01,9.941065e-01,5.964638e+00,-1.830313e-02,NaN,9.999984e-01,1.638616e-06,1.428407e-11,1.322567e-16,1.894277e-21,5.595869e-24,6.719456e-24,1.172616e-24,6.488111e-24,3.415515e-26,3.633390e-26,4.541276e-25,1.915125e-24
-4.5240,168,5.080000e+01,9.940072e-01,5.964042e+00,-5.700494e-02,NaN,9.999984e-01,1.599258e-06,1.430799e-11,1.300483e-16,1.876285e-21,5.646167e-24,6.795609e-24,1.186513e-24,6.579125e-24,3.439537e-26,3.663934e-26,4.577780e-25,1.928851e-24
-4.5240,169,5.130000e+01,9.939071e-01,5.963441e+00,-2.892809e-02,NaN,9.999984e-01,1.635984e-06,1.423841e-11,1.304493e-16,1.908434e-21,5.688635e-24,6.875022e-24,1.197510e-24,6.526571e-24,3.470667e-26,3.693124e-26,4.623236e-25,1.945293e-24
-4.5240,170,5.180000e+01,9.938059e-01,5.962834e+00,-5.470737e-02,NaN,9.999984e-01,1.614022e-06,1.437935e-11,1.318724e-16,1.922781e-21,5.722045e-24,6.920793e-24,1.207698e-24,6.665241e-24,3.499658e-26,3.722209e-26,4.670506e-25,1.960984e-24
-4.5240,171,5.230000e+01,9.937062e-01,5.962235e+00,5.804620e-02,4.598937e-03,9.999984e-01,1.551155e-06,1.431842e-11,1.322632e-16,1.917890e-21,5.773875e-24,6.984952e-24,1.219659e-24,6.716170e-24,3.519111e-26,3.749569e-26,4.707954e-25,1.992510e-24
-4.5240,172,5.280000e+01,9.936056e-01,5.961632e+00,2.270918e-02,NaN,9.999984e-01,1.628336e-06,1.451610e-11,1.349977e-16,1.992481e-21,5.837517e-24,7.026195e-24,1.229624e-24,6.736042e-24,3.548616e-26,3.782832e-26,4.735201e-25,2.003341e-24
-4.5240,173,5.330000e+01,9.935067e-01,5.961039e+00,3.539185e-02,NaN,9.999984e-01,1.554252e-06,1.454083e-11,1.354990e-16,1.974170e-21,5.875369e-24,7.081568e-24,1.238854e-24,6.865625e-24,3.576405e-26,3.813354e-26,4.774034e-25,2.018589e-24
-4.5240,174,5.380000e+01,9.934087e-01,5.960450e+00,2.639023e-02,NaN,9.999983e-01,1.653589e-06,1.463873e-11,1.358362e-16,1.995602e-21,5.918273e-24,7.140812e-24,1.248635e-24,6.815440e-24,3.599540e-26,3.843692e-26,4.823264e-25,2.053223e-24
-4.5240,175,5.430000e+01,9.933097e-01,5.959857e+00,-1.399308e-01,NaN,9.999984e-01,1.601392e-06,1.482003e-11,1.364929e-16,2.027511e-21,5.974705e-24,7.204020e-24,1.260015e-24,6.916232e-24,3.626636e-26,3.866441e-26,4.862952e-25,2.056558e-24
-4.5240,176,5.480000e+01,9.932087e-01,5.959251e+00,-1.664515e-01,NaN,9.999984e-01,1.597601e-06,1.476928e-11,1.372600e-16,2.025450e-21,6.026235e-24,7.264000e-24,1.266080e-24,7.045643e-24,3.641859e-26,3.892302e-26,4.890378e-25,2.071360e-24
-4.5240,177,5.530000e+01,9.931084e-01,5.958649e+00,-1.252440e-01,NaN,9.999984e-01,1.626529e-06,1.493609e-11,1.391480e-16,2.081947e-21,6.082139e-24,7.339471e-24,1.276709e-24,7.065933e-24,3.668223e-26,3.908011e-26,4.916794e-25,2.089830e-24
-4.5240,178,5.580000e+01,9.930098e-01,5.958057e+00,-6.818022e-02,NaN,9.999985e-01,1.533150e-06,1.488436e-11,1.376294e-16,2.045179e-21,6.147684e-24,7.401512e-24,1.285371e-24,7.087233e-24,3.694102e-26,3.938214e-26,4.953601e-25,2.113958e-24
-4.5240,179,5.630000e+01,9.929105e-01,5.957462e+00,-4.284117e-02,NaN,9.999984e-01,1.632559e-06,1.484740e-11,1.382596e-16,2.085111e-21,6.186679e-24,7.475396e-24,1.296236e-24,7.287378e-24,3.716007e-26,3.965599e-26,5.003635e-25,2.123927e-24
-4.5240,180,5.680000e+01,9.928122e-01,5.956871e+00,-6.673642e-02,NaN,9.999984e-01,1.572145e-06,1.505359e-11,1.404527e-16,2.131486e-21,6.235461e-24,7.519688e-24,1.300917e-24,7.233924e-24,3.742637e-26,3.998300e-26,5.040075e-25,2.145408e-24
-4.5240,181,5.730000e+01,9.927164e-01,5.956296e+00,4.367854e-03,4.529947e-03,9.999984e-01,1.627221e-06,1.508834e-11,1.399716e-16,2.126020e-21,6.292973e-24,7.563718e-24,1.310359e-24,7.388977e-24,3.769333e-26,4.030230e-26,5.072429e-25,2.162677e-24
-4.5240,182,5.780000e+01,9.926184e-01,5.955709e+00,-3.418664e-02,NaN,9.999984e-01,1.614019e-06,1.520330e-11,1.416488e-16,2.132882e-21,6.351085e-24,7.636971e-24,1.317019e-24,7.444862e-24,3.802762e-26,4.062584e-26,5.099686e-25,2.184172e-24
-4.5240,183,5.830000e+01,9.925203e-01,5.955120e+00,1.292422e-02,NaN,9.999984e-01,1.583036e-06,1.523269e-11,1.422842e-16,2.174726e-21,6.403126e-24,7.713155e-24,1.328548e-24,7.439891e-24,3.827556e-26,4.090266e-26,5.137462e-25,2.208825e-24
-4.5240,184,5.880000e+01,9.924215e-01,5.954527e+00,-5.541320e-02,NaN,9.999984e-01,1.600862e-06,1.520259e-11,1.422883e-16,2.190098e-21,6.455832e-24,7.775850e-24,1.339061e-24,7.601697e-24,3.857553e-26,4.127319e-26,5.175429e-25,2.216060e-24
-4.5240,185,5.930000e+01,9.923214e-01,5.953927e+00,5.768855e-02,NaN,9.999984e-01,1.601424e-06,1.528951e-11,1.438063e-16,2.191908e-21,6.518477e-24,7.843680e-24,1.346873e-24,7.634549e-24,3.880014e-26,4.158353e-26,5.206903e-25,2.225671e-24
-4.5240,186,5.980000e+01,9.922239e-01,5.953342e+00,8.994805e-03,NaN,9.999984e-01,1.576786e-06,1.525361e-11,1.430099e-16,2.222589e-21,6.572567e-24,7.899283e-24,1.358116e-24,7.651177e-24,3.903569e-26,4.194602e-26,5.237388e-25,2.245813e-24
-4.5240,187,6.030000e+01,9.921281e-01,5.952767e+00,5.501964e-02,NaN,9.999984e-01,1.606384e-06,1.546569e-11,1.445207e-16,2.250145e-21,6.610475e-24,7.955627e-24,1.369295e-24,7.757652e-24,3.941686e-26,4.223154e-26,5.281166e-25,2.261225e-24
-4.5240,188,6.080000e+01,9.920314e-01,5.952187e+00,8.486074e-02,NaN,9.999984e-01,1.577723e-06,1.550792e-11,1.463179e-16,2.273166e-21,6.661363e-24,7.983230e-24,1.380064e-24,7.774563e-24,3.973805e-26,4.246867e-26,5.322123e-25,2.281910e-24
-4.5240,189,6.130000e+01,9.919358e-01,5.951613e+00,6.426340e-02,NaN,9.999984e-01,1.617023e-06,1.562669e-11,1.462442e-16,2.254430e-21,6.726924e-24,8.044371e-24,1.391836e-24,7.841012e-24,4.003639e-26,4.282490e-26,5.344713e-25,2.314939e-24
-4.5240,190,6.180000e+01,9.918388e-01,5.951031e+00,1.112609e-01,NaN,9.999984e-01,1.569158e-06,1.567759e-11,1.457954e-16,2.297574e-21,6.780648e-24,8.110257e-24,1.401773e-24,7.981884e-24,4.033834e-26,4.322696e-26,5.385723e-25,2.320922e-24
-4.5240,191,6.230000e+01,9.917394e-01,5.950435e+00,6.154570e-02,4.331102e-03,9.999984e-01,1.616307e-06,1.569339e-11,1.466043e-16,2.339409e-21,6.841528e-24,8.166878e-24,1.410702e-24,7.952262e-24,4.069144e-26,4.347411e-26,5.414509e-25,2.330922e-24
-4.5240,192,6.280000e+01,9.916415e-01,5.949848e+00,3.545398e-02,NaN,9.999984e-01,1.577842e-06,1.554173e-11,1.489174e-16,2.342418e-21,6.911849e-24,8.229828e-24,1.422049e-24,8.036387e-24,4.104388e-26,4.377651e-26,5.450317e-25,2.351182e-24
-4.5240,193,6.330000e+01,9.915448e-01,5.949267e+00,4.411732e-02,NaN,9.999984e-01,1.604527e-06,1.569396e-11,1.458168e-16,2.366145e-21,6.960518e-24,8.280292e-24,1.430847e-24,8.175763e-24,4.137615e-26,4.412994e-26,5.492684e-25,2.364101e-24
-4.5240,194,6.380000e+01,9.914479e-01,5.948686e+00,-3.727532e-02,NaN,9.999984e-01,1.600707e-06,1.591239e-11,1.494808e-16,2.386377e-21,7.018874e-24,8.337807e-24,1.440880e-24,8.136240e-24,4.170112e-26,4.434557e-26,5.521344e-25,2.375114e-24
-4.5240,195,6.430000e+01,9.913531e-01,5.948117e+00,2.622401e-02,NaN,9.999984e-01,1.576274e-06,1.593755e-11,1.493037e-16,2.403040e-21,7.049234e-24,8.416100e-24,1.446067e-24,8.307711e-24,4.201382e-26,4.463740e-26,5.554113e-25,2.391271e-24
-4.5240,196,6.480000e+01,9.912560e-01,5.947534e+00,-1.144405e-01,NaN,9.999984e-01,1.619680e-06,1.606100e-11,1.523439e-16,2.418895e-21,7.088422e-24,8.464544e-24,1.457016e-24,8.394445e-24,4.213625e-26,4.498790e-26,5.586310e-25,2.415297e-24
-4.5240,197,6.530000e+01,9.911582e-01,5.946948e+00,-6.102436e-02,NaN,9.999984e-01,1.585804e-06,1.607290e-11,1.524053e-16,2.434258e-21,7.123033e-24,8.524931e-24,1.466247e-24,8.346403e-24,4.251383e-26,4.525754e-26,5.625754e-25,2.431035e-24
-4.5240,198,6.580000e+01,9.910619e-01,5.946370e+00,-9.748141e-02,NaN,9.999985e-01,1.546496e-06,1.591567e-11,1.523738e-16,2.444362e-21,7.185822e-24,8.585995e-24,1.476875e-24,8.486145e-24,4.283539e-26,4.565023e-26,5.670319e-25,2.446843e-24
-4.5240,199,6.630000e+01,9.909660e-01,5.945794e+00,-6.365992e-02,NaN,9.999984e-01,1.622306e-06,1.630437e-11,1.552237e-16,2.466960e-21,7.247203e-24,8.629954e-24,1.489940e-24,8.500102e-24,4.312618e-26,4.599306e-26,5.690263e-25,2.464966e-24
-4.5240,200,6.680000e+01,9.908691e-01,5.945213e+00,-3.714823e-02,NaN,9.999984e-01,1.558288e-06,1.598398e-11,1.527229e-16,2.478629e-21,7.307295e-24,8.708455e-24,1.498908e-24,8.568711e-24,4.348740e-26,4.626116e-26,5.726164e-25,2.478757e-24
-4.5240,201,6.730000e+01,9.907734e-01,5.944639e+00,-6.708910e-03,4.257238e-03,9.999984e-01,1.612013e-06,1.618043e-11,1.530711e-16,2.503200e-21,7.374090e-24,8.792392e-24,1.510473e-24,8.705930e-24,4.383199e-26,4.657797e-26,5.756969e-25,2.497127e-24
-4.5240,202,6.780000e+01,9.906764e-01,5.944057e+00,-7.451535e-03,NaN,9.999984e-01,1.600639e-06,1.622582e-11,1.559763e-16,2.552582e-21,7.418356e-24,8.860158e-24,1.523337e-24,8.735432e-24,4.408579e-26,4.694864e-26,5.797925e-25,2.514896e-24
-4.5240,203,6.830000e+01,9.905797e-01,5.943477e+00,3.567653e-02,NaN,9.999984e-01,1.576671e-06,1.632154e-11,1.564837e-16,2.542718e-21,7.469412e-24,8.944748e-24,1.533239e-24,8.743024e-24,4.445628e-26,4.726784e-26,5.829397e-25,2.534002e-24
-4.5240,204,6.880000e+01,9.904824e-01,5.942893e+00,5.686912e-02,NaN,9.999984e-01,1.613708e-06,1.646901e-11,1.586605e-16,2.580393e-21,7.533366e-24,9.007066e-24,1.541804e-24,8.913886e-24,4.478073e-26,4.763798e-26,5.853459e-25,2.547654e-24
-4.5240,205,6.930000e+01,9.903856e-01,5.942312e+00,-3.893906e-02,NaN,9.999984e-01,1.578494e-06,1.644353e-11,1.591514e-16,2.573719e-21,7.597195e-24,9.062187e-24,1.551298e-24,8.871212e-24,4.511564e-26,4.797816e-26,5.889007e-25,2.565193e-24
-4.5240,206,6.980000e+01,9.902903e-01,5.941741e+00,-2.753074e-02,NaN,9.999984e-01,1.576402e-06,1.659098e-11,1.592342e-16,2.617248e-21,7.662686e-24,9.113948e-24,1.561276e-24,9.046171e-24,4.547511e-26,4.817263e-26,5.924885e-25,2.591672e-24
-4.5240,207,7.030000e+01,9.901955e-01,5.941172e+00,1.579331e-02,NaN,9.999984e-01,1.599216e-06,1.660948e-11,1.609847e-16,2.623886e-21,7.714228e-24,9.178785e-24,1.570400e-24,9.116109e-24,4.572776e-26,4.854557e-26,5.963377e-25,2.598740e-24
-4.5240,208,7.080000e+01,9.901006e-01,5.940602e+00,2.452246e-02,NaN,9.999984e-01,1.583482e-06,1.657980e-11,1.595245e-16,2.636356e-21,7.766646e-24,9.233451e-24,1.582064e-24,9.037768e-24,4.611417e-26,4.893464e-26,6.008661e-25,2.617538e-24
-4.5240,209,7.130000e+01,9.900059e-01,5.940034e+00,1.202119e-01,NaN,9.999984e-01,1.621074e-06,1.668400e-11,1.631058e-16,2.684298e-21,7.819675e-24,9.278504e-24,1.590706e-24,9.200244e-24,4.641413e-26,4.920748e-26,6.035976e-25,2.633651e-24
-4.5240,210,7.180000e+01,9.899099e-01,5.939458e+00,2.746345e-02,NaN,9.999984e-01,1.557018e-06,1.660549e-11,1.602175e-16,2.688369e-21,7.863993e-24,9.322056e-24,1.603459e-24,9.230600e-24,4.674310e-26,4.953107e-26,6.063391e-25,2.652460e-24
-4.5240,211,7.230000e+01,9.898127e-01,5.938875e+00,-3.464288e-02,4.928021e-03,9.999984e-01,1.605386e-06,1.685209e-11,1.627432e-16,2.724406e-21,7.925386e-24,9.375377e-24,1.614729e-24,9.241888e-24,4.698138e-26,4.972926e-26,6.105513e-25,2.663296e-24
-4.5240,212,7.280000e+01,9.897180e-01,5.938307e+00,6.797027e-02,NaN,9.999984e-01,1.581656e-06,1.690061e-11,1.636188e-16,2.698556e-21,7.982291e-24,9.436420e-24,1.623756e-24,9.378905e-24,4.724265e-26,5.000367e-26,6.138757e-25,2.672863e-24
-4.5240,213,7.330000e+01,9.896212e-01,5.937726e+00,-7.425840e-02,NaN,9.999984e-01,1.599542e-06,1.702108e-11,1.641517e-16,2.754659e-21,8.034967e-24,9.482800e-24,1.633161e-24,9.426439e-24,4.771953e-26,5.030666e-26,6.171030e-25,2.692025e-24
-4.5240,214,7.380000e+01,9.895247e-01,5.937146e+00,1.062260e-02,NaN,9.999984e-01,1.604546e-06,1.695359e-11,1.660543e-16,2.750126e-21,8.086291e-24,9.533072e-24,1.644818e-24,9.525962e-24,4.802329e-26,5.063240e-26,6.201637e-25,2.712042e-24
-4.5240,215,7.430000e+01,9.894315e-01,5.936588e+00,5.551092e-02,NaN,9.999984e-01,1.564915e-06,1.695860e-11,1.658110e-16,2.763098e-21,8.128876e-24,9.592512e-24,1.652925e-24,9.638900e-24,4.833242e-26,5.100542e-26,6.230456e-25,2.714747e-24
-4.5240,216,7.480000e+01,9.893356e-01,5.936012e+00,3.080454e-02,NaN,9.999984e-01,1.607433e-06,1.706178e-11,1.677479e-16,2.802099e-21,8.173299e-24,9.657810e-24,1.665747e-24,9.685494e-24,4.879054e-26,5.137491e-26,6.260117e-25,2.724308e-24
-4.5240,217,7.530000e+01,9.892425e-01,5.935453e+00,1.053885e-01,NaN,9.999984e-01,1.555474e-06,1.701110e-11,1.670796e-16,2.803032e-21,8.233696e-24,9.709393e-24,1.676683e-24,9.776495e-24,4.907881e-26,5.158314e-26,6.297567e-25,2.743963e-24
-4.5240,218,7.580000e+01,9.891474e-01,5.934883e+00,6.678996e-02,NaN,9.999984e-01,1.621892e-06,1.713707e-11,1.709149e-16,2.850920e-21,8.280476e-24,9.772836e-24,1.685099e-24,9.949001e-24,4.942594e-26,5.179735e-26,6.342218e-25,2.758558e-24
-4.5240,219,7.630000e+01,9.890492e-01,5.934293e+00,8.847320e-03,NaN,9.999984e-01,1.581881e-06,1.706837e-11,1.691453e-16,2.848350e-21,8.344016e-24,9.830528e-24,1.702065e-24,9.867461e-24,4.962051e-26,5.217496e-26,6.374668e-25,2.773194e-24
-4.5240,220,7.680000e+01,9.889531e-01,5.933717e+00,-2.607650e-02,NaN,9.999984e-01,1.576476e-06,1.727756e-11,1.709651e-16,2.900279e-21,8.389638e-24,9.900125e-24,1.710468e-24,9.998266e-24,4.998803e-26,5.254687e-26,6.409785e-25,2.792330e-24
-4.5240,221,7.730000e+01,9.888563e-01,5.933136e+00,3.525691e-02,4.597138e-03,9.999984e-01,1.621262e-06,1.730714e-11,1.715828e-16,2.894012e-21,8.454136e-24,9.953135e-24,1.721215e-24,1.010663e-23,5.023910e-26,5.288799e-26,6.445103e-25,2.822981e-24
-4.5240,222,7.780000e+01,9.887603e-01,5.932560e+00,-1.206355e-01,NaN,9.999984e-01,1.575079e-06,1.733285e-11,1.721253e-16,2.920895e-21,8.506560e-24,1.001381e-23,1.733408e-24,1.008120e-23,5.047419e-26,5.328643e-26,6.483695e-25,2.833430e-24
-4.5240,223,7.830000e+01,9.886683e-01,5.932008e+00,-9.450284e-02,NaN,9.999984e-01,1.566616e-06,1.726892e-11,1.714084e-16,2.919424e-21,8.577957e-24,1.006518e-23,1.743668e-24,1.024306e-23,5.070445e-26,5.365191e-26,6.513418e-25,2.844103e-24
-4.5240,224,7.880000e+01,9.885724e-01,5.931433e+00,-4.591670e-02,NaN,9.999984e-01,1.617473e-06,1.743816e-11,1.736374e-16,2.969316e-21,8.625314e-24,1.014474e-23,1.753922e-24,1.022828e-23,5.095581e-26,5.396032e-26,6.543205e-25,2.870754e-24
-4.5240,225,7.930000e+01,9.884768e-01,5.930859e+00,-6.655489e-02,NaN,9.999985e-01,1.543668e-06,1.744704e-11,1.722165e-16,2.991228e-21,8.688891e-24,1.019652e-23,1.765126e-24,1.032870e-23,5.125962e-26,5.427561e-26,6.584255e-25,2.873388e-24
-4.5240,226,7.980000e+01,9.883840e-01,5.930302e+00,1.095746e-02,NaN,9.999984e-01,1.610509e-06,1.759785e-11,1.747175e-16,2.973984e-21,8.738887e-24,1.025916e-23,1.777156e-24,1.042575e-23,5.164872e-26,5.461368e-26,6.624673e-25,2.892084e-24
-4.5240,227,8.030000e+01,9.882891e-01,5.929733e+00,5.060425e-02,NaN,9.999984e-01,1.586374e-06,1.769901e-11,1.754968e-16,3.073975e-21,8.792361e-24,1.035735e-23,1.791120e-24,1.038398e-23,5.192505e-26,5.485587e-26,6.661475e-25,2.908966e-24
-4.5240,228,8.080000e+01,9.881948e-01,5.929167e+00,3.150838e-02,NaN,9.999984e-01,1.587630e-06,1.780342e-11,1.752295e-16,3.071854e-21,8.873166e-24,1.045823e-23,1.802752e-24,1.044519e-23,5.218848e-26,5.521424e-26,6.699691e-25,2.927529e-24
-4.5240,229,8.130000e+01,9.880998e-01,5.928597e+00,-1.835668e-01,NaN,9.999984e-01,1.589453e-06,1.786390e-11,1.802325e-16,3.058650e-21,8.950113e-24,1.052238e-23,1.812137e-24,1.059152e-23,5.248842e-26,5.561736e-26,6.729392e-25,2.940505e-24
-4.5240,230,8.180000e+01,9.880070e-01,5.928041e+00,-1.613335e-01,NaN,9.999984e-01,1.551373e-06,1.777839e-11,1.776156e-16,3.077136e-21,9.016334e-24,1.057494e-23,1.824366e-24,1.057572e-23,5.277855e-26,5.594251e-26,6.762429e-25,2.956175e-24
-4.5240,231,8.230000e+01,9.879154e-01,5.927491e+00,-6.069205e-02,4.595168e-03,9.999984e-01,1.596882e-06,1.783155e-11,1.775429e-16,3.105782e-21,9.062190e-24,1.063479e-23,1.836432e-24,1.079536e-23,5.306693e-26,5.619081e-26,6.808518e-25,2.985357e-24
-4.5240,232,8.280000e+01,9.878213e-01,5.926926e+00,-3.997350e-02,NaN,9.999984e-01,1.573258e-06,1.787203e-11,1.794965e-16,3.133235e-21,9.143248e-24,1.071475e-23,1.848631e-24,1.087564e-23,5.343029e-26,5.654153e-26,6.850728e-25,2.998427e-24
-4.5240,233,8.330000e+01,9.877282e-01,5.926368e+00,-7.851471e-03,NaN,9.999984e-01,1.576113e-06,1.810835e-11,1.803979e-16,3.151509e-21,9.202769e-24,1.078817e-23,1.861242e-24,1.079467e-23,5.365968e-26,5.698539e-26,6.889340e-25,3.016971e-24
-4.5240,234,8.380000e+01,9.876336e-01,5.925800e+00,1.408389e-01,NaN,9.999984e-01,1.587287e-06,1.803599e-11,1.807340e-16,3.207753e-21,9.252645e-24,1.085628e-23,1.872380e-24,1.092646e-23,5.390053e-26,5.728092e-26,6.929019e-25,3.039741e-24
-4.5240,235,8.430000e+01,9.875378e-01,5.925225e+00,6.650594e-02,NaN,9.999984e-01,1.591526e-06,1.818026e-11,1.809854e-16,3.183532e-21,9.292557e-24,1.092301e-23,1.887873e-24,1.098755e-23,5.417551e-26,5.760803e-26,6.975989e-25,3.053190e-24
-4.5240,236,8.480000e+01,9.874446e-01,5.924666e+00,3.453810e-02,NaN,9.999984e-01,1.593834e-06,1.820141e-11,1.832809e-16,3.236006e-21,9.345115e-24,1.099727e-23,1.899374e-24,1.102540e-23,5.448124e-26,5.794374e-26,7.010214e-25,3.070239e-24
-4.5240,237,8.530000e+01,9.873510e-01,5.924104e+00,5.234299e-02,NaN,9.999984e-01,1.571095e-06,1.824285e-11,1.837568e-16,3.203132e-21,9.423136e-24,1.107339e-23,1.907903e-24,1.115721e-23,5.474478e-26,5.815898e-26,7.043387e-25,3.094624e-24
-4.5240,238,8.580000e+01,9.872581e-01,5.923547e+00,-9.472569e-03,NaN,9.999984e-01,1.577036e-06,1.820243e-11,1.833057e-16,3.260090e-21,9.473738e-24,1.113229e-23,1.920662e-24,1.121154e-23,5.510047e-26,5.852681e-26,7.070228e-25,3.116635e-24
-4.5240,239,8.630000e+01,9.871649e-01,5.922988e+00,-1.582471e-01,NaN,9.999984e-01,1.575822e-06,1.830359e-11,1.848587e-16,3.292786e-21,9.509913e-24,1.119280e-23,1.931721e-24,1.125617e-23,5.544970e-26,5.882035e-26,7.117990e-25,3.132930e-24
-4.5240,240,8.680000e+01,9.870721e-01,5.922431e+00,-5.500408e-02,NaN,9.999984e-01,1.554548e-06,1.825768e-11,1.842782e-16,3.298191e-21,9.561358e-24,1.125849e-23,1.946288e-24,1.136530e-23,5.573472e-26,5.927815e-26,7.158359e-25,3.135929e-24
-4.5240,241,8.730000e+01,9.869809e-01,5.921884e+00,-6.165626e-02,4.593098e-03,9.999984e-01,1.605915e-06,1.841933e-11,1.857667e-16,3.370416e-21,9.622843e-24,1.131448e-23,1.957342e-24,1.138883e-23,5.595313e-26,5.948531e-26,7.199354e-25,3.162913e-24
-4.5240,242,8.780000e+01,9.868881e-01,5.921327e+00,-4.593423e-02,NaN,9.999984e-01,1.581162e-06,1.841493e-11,1.875776e-16,3.355277e-21,9.665977e-24,1.137468e-23,1.968178e-24,1.153095e-23,5.628361e-26,5.982813e-26,7.242040e-25,3.182617e-24
-4.5240,243,8.830000e+01,9.867951e-01,5.920769e+00,2.050418e-02,NaN,9.999984e-01,1.583492e-06,1.854785e-11,1.889482e-16,3.396444e-21,9.706302e-24,1.143049e-23,1.977491e-24,1.172223e-23,5.664539e-26,6.012402e-26,7.287652e-25,3.194902e-24
-4.5240,244,8.880000e+01,9.867020e-01,5.920211e+00,1.530332e-01,NaN,9.999984e-01,1.599971e-06,1.862984e-11,1.903834e-16,3.424421e-21,9.759446e-24,1.149602e-23,1.990689e-24,1.162678e-23,5.676702e-26,6.052389e-26,7.331265e-25,3.212555e-24
-4.5240,245,8.930000e+01,9.866074e-01,5.919643e+00,7.193700e-02,NaN,9.999984e-01,1.572014e-06,1.856475e-11,1.872604e-16,3.429720e-21,9.813446e-24,1.155717e-23,2.001270e-24,1.179867e-23,5.723177e-26,6.087539e-26,7.358710e-25,3.229416e-24
-4.5240,246,8.980000e+01,9.865156e-01,5.919092e+00,1.247503e-01,NaN,9.999984e-01,1.581211e-06,1.856747e-11,1.886790e-16,3.481034e-21,9.873030e-24,1.160651e-23,2.008194e-24,1.185491e-23,5.749217e-26,6.124676e-26,7.400320e-25,3.249603e-24
-4.5240,247,9.030000e+01,9.864230e-01,5.918536e+00,-3.971985e-03,NaN,9.999984e-01,1.612899e-06,1.868736e-11,1.903134e-16,3.475734e-21,9.928864e-24,1.167719e-23,2.017944e-24,1.184386e-23,5.793196e-26,6.157129e-26,7.431302e-25,3.262308e-24
-4.5240,248,9.080000e+01,9.863294e-01,5.917975e+00,-1.112650e-01,NaN,9.999984e-01,1.576235e-06,1.879008e-11,1.918125e-16,3.504002e-21,9.968792e-24,1.172107e-23,2.029379e-24,1.201152e-23,5.825547e-26,6.188103e-26,7.461187e-25,3.285090e-24
-4.5240,249,9.130000e+01,9.862396e-01,5.917436e+00,-3.094125e-02,NaN,9.999984e-01,1.591843e-06,1.877621e-11,1.915455e-16,3.497650e-21,1.002641e-23,1.179132e-23,2.044381e-24,1.202601e-23,5.859007e-26,6.223020e-26,7.503410e-25,3.302833e-24
-4.5240,250,9.180000e+01,9.861443e-01,5.916864e+00,3.601661e-02,NaN,9.999984e-01,1.631317e-06,1.907568e-11,1.949409e-16,3.581223e-21,1.009648e-23,1.185450e-23,2.052891e-24,1.214332e-23,5.890441e-26,6.251773e-26,7.547157e-25,3.303287e-24
-4.5240,251,9.230000e+01,9.860505e-01,5.916302e+00,-1.198242e-01,4.569251e-03,9.999984e-01,1.551549e-06,1.890049e-11,1.933482e-16,3.567708e-21,1.015584e-23,1.191450e-23,2.063088e-24,1.223833e-23,5.918431e-26,6.286142e-26,7.587282e-25,3.322581e-24
-4.5240,252,9.280000e+01,9.859593e-01,5.915754e+00,-8.427898e-04,NaN,9.999984e-01,1.606569e-06,1.902124e-11,1.955639e-16,3.612688e-21,1.021886e-23,1.195164e-23,2.073819e-24,1.227216e-23,5.950798e-26,6.316220e-26,7.633588e-25,3.335113e-24
-4.5240,253,9.330000e+01,9.858656e-01,5.915192e+00,1.835221e-04,NaN,9.999984e-01,1.580992e-06,1.915528e-11,1.942717e-16,3.599961e-21,1.026779e-23,1.204415e-23,2.082479e-24,1.229971e-23,5.987774e-26,6.346472e-26,7.666510e-25,3.353313e-24
-4.5240,254,9.380000e+01,9.857775e-01,5.914663e+00,5.699753e-02,NaN,9.999985e-01,1.526543e-06,1.890260e-11,1.954175e-16,3.612224e-21,1.032095e-23,1.212568e-23,2.091190e-24,1.241005e-23,6.015875e-26,6.376326e-26,7.705060e-25,3.367232e-24
-4.5240,255,9.430000e+01,9.856865e-01,5.914117e+00,8.328393e-02,NaN,9.999984e-01,1.612581e-06,1.925597e-11,1.960802e-16,3.638061e-21,1.036576e-23,1.218628e-23,2.099694e-24,1.244382e-23,6.046210e-26,6.418257e-26,7.764089e-25,3.397043e-24
-4.5240,256,9.480000e+01,9.855934e-01,5.913559e+00,5.859580e-02,NaN,9.999984e-01,1.579068e-06,1.905191e-11,1.975322e-16,3.703067e-21,1.043084e-23,1.223376e-23,2.112453e-24,1.266232e-23,6.067339e-26,6.461369e-26,7.788340e-25,3.424594e-24
-4.5240,257,9.530000e+01,9.855032e-01,5.913018e+00,-6.877364e-02,NaN,9.999984e-01,1.574453e-06,1.914284e-11,1.971234e-16,3.695928e-21,1.048973e-23,1.229062e-23,2.125967e-24,1.271094e-23,6.106128e-26,6.494639e-26,7.833615e-25,3.434970e-24
-4.5240,258,9.580000e+01,9.854110e-01,5.912465e+00,1.934124e-02,NaN,9.999984e-01,1.599110e-06,1.919587e-11,1.991370e-16,3.714910e-21,1.052749e-23,1.236017e-23,2.134733e-24,1.264279e-23,6.133883e-26,6.514518e-26,7.877304e-25,3.453124e-24
-4.5240,259,9.630000e+01,9.853195e-01,5.911916e+00,-8.844723e-02,NaN,9.999985e-01,1.536413e-06,1.921785e-11,1.976375e-16,3.723408e-21,1.057204e-23,1.243613e-23,2.151008e-24,1.279350e-23,6.168819e-26,6.541548e-26,7.906804e-25,3.467415e-24
-4.5240,260,9.680000e+01,9.852312e-01,5.911386e+00,-1.140361e-01,NaN,9.999984e-01,1.583331e-06,1.942048e-11,1.973511e-16,3.724888e-21,1.064107e-23,1.251934e-23,2.159413e-24,1.277632e-23,6.195387e-26,6.580460e-26,7.934441e-25,3.487240e-24
-4.5240,261,9.730000e+01,9.851404e-01,5.910841e+00,-1.291910e-01,4.295149e-03,9.999984e-01,1.574665e-06,1.939024e-11,2.011993e-16,3.791252e-21,1.071329e-23,1.259189e-23,2.171243e-24,1.282923e-23,6.223197e-26,6.608162e-26,7.981671e-25,3.507453e-24
-4.5240,262,9.780000e+01,9.850503e-01,5.910300e+00,-3.399278e-02,NaN,9.999984e-01,1.550147e-06,1.942721e-11,1.992918e-16,3.802810e-21,1.076106e-23,1.267726e-23,2.183927e-24,1.295498e-23,6.251488e-26,6.642932e-26,8.018184e-25,3.524048e-24
-4.5240,263,9.830000e+01,9.849609e-01,5.909764e+00,1.172549e-03,NaN,9.999984e-01,1.619508e-06,1.942628e-11,2.022436e-16,3.852427e-21,1.082718e-23,1.275218e-23,2.196061e-24,1.303197e-23,6.284695e-26,6.681443e-26,8.059748e-25,3.539461e-24
-4.5240,264,9.880000e+01,9.848708e-01,5.909223e+00,-1.224598e-02,NaN,9.999985e-01,1.547358e-06,1.963129e-11,2.017072e-16,3.844055e-21,1.089066e-23,1.281963e-23,2.206194e-24,1.304818e-23,6.313634e-26,6.705535e-26,8.094647e-25,3.555882e-24
-4.5240,265,9.930000e+01,9.847812e-01,5.908686e+00,6.103063e-02,NaN,9.999984e-01,1.570445e-06,1.953021e-11,2.035509e-16,3.873622e-21,1.095473e-23,1.290097e-23,2.215216e-24,1.318272e-23,6.339152e-26,6.740155e-26,8.122668e-25,3.574426e-24
-4.5240,266,9.980000e+01,9.846927e-01,5.908155e+00,-2.327560e-02,NaN,9.999984e-01,1.573509e-06,1.964915e-11,2.035245e-16,3.911265e-21,1.101976e-23,1.296838e-23,2.225911e-24,1.316721e-23,6.366418e-26,6.769822e-26,8.162719e-25,3.586832e-24
-4.5240,267,1.003000e+02,9.846016e-01,5.907608e+00,1.269943e-01,NaN,9.999984e-01,1.558977e-06,1.966141e-11,2.036167e-16,3.906629e-21,1.107107e-23,1.304876e-23,2.232888e-24,1.325262e-23,6.398045e-26,6.808151e-26,8.209923e-25,3.602204e-24
-4.5240,268,1.008000e+02,9.845095e-01,5.907055e+00,3.622983e-02,NaN,9.999984e-01,1.601065e-06,1.965880e-11,2.057968e-16,3.960367e-21,1.113941e-23,1.311560e-23,2.245767e-24,1.337387e-23,6.442301e-26,6.840822e-26,8.264715e-25,3.617136e-24
-4.5240,269,1.013000e+02,9.844195e-01,5.906516e+00,3.931070e-02,NaN,9.999984e-01,1.559438e-06,1.973862e-11,2.047614e-16,3.956330e-21,1.121470e-23,1.320101e-23,2.259507e-24,1.331667e-23,6.466802e-26,6.874176e-26,8.301006e-25,3.634593e-24
-4.5240,270,1.018000e+02,9.843290e-01,5.905973e+00,1.697441e-02,NaN,9.999984e-01,1.580642e-06,1.986379e-11,2.081730e-16,3.993209e-21,1.127409e-23,1.327437e-23,2.268438e-24,1.350187e-23,6.500258e-26,6.915926e-26,8.352106e-25,3.654827e-24
-4.5240,271,1.023000e+02,9.842398e-01,5.905437e+00,-8.828224e-03,4.308303e-03,9.999984e-01,1.553300e-06,1.983011e-11,2.062647e-16,3.976793e-21,1.134438e-23,1.336670e-23,2.280445e-24,1.354934e-23,6.530681e-26,6.953495e-26,8.401523e-25,3.680540e-24
-4.5240,272,1.028000e+02,9.841515e-01,5.904907e+00,-5.902834e-02,NaN,9.999985e-01,1.537738e-06,1.977529e-11,2.076075e-16,3.999367e-21,1.139815e-23,1.342925e-23,2.294086e-24,1.349462e-23,6.567409e-26,6.991599e-26,8.442649e-25,3.688800e-24
-4.5240,273,1.033000e+02,9.840606e-01,5.904362e+00,-6.937043e-02,NaN,9.999984e-01,1.602702e-06,1.998537e-11,2.082341e-16,4.064590e-21,1.145371e-23,1.349746e-23,2.304710e-24,1.365176e-23,6.601273e-26,7.037124e-26,8.489227e-25,3.706671e-24
-4.5240,274,1.038000e+02,9.839710e-01,5.903824e+00,-8.025982e-02,NaN,9.999985e-01,1.524033e-06,1.992422e-11,2.089341e-16,4.037652e-21,1.151668e-23,1.355467e-23,2.319348e-24,1.366201e-23,6.627500e-26,7.079014e-26,8.524944e-25,3.738494e-24
-4.5240,275,1.043000e+02,9.838801e-01,5.903279e+00,-5.069808e-03,NaN,9.999984e-01,1.623717e-06,2.005683e-11,2.111261e-16,4.103763e-21,1.158000e-23,1.361123e-23,2.332483e-24,1.376867e-23,6.677275e-26,7.102400e-26,8.568317e-25,3.755576e-24
-4.5240,276,1.048000e+02,9.837892e-01,5.902733e+00,-2.660384e-02,NaN,9.999984e-01,1.566212e-06,1.998795e-11,2.094237e-16,4.100921e-21,1.165410e-23,1.369150e-23,2.345040e-24,1.388526e-23,6.709927e-26,7.141376e-26,8.608144e-25,3.771004e-24
-4.5240,277,1.053000e+02,9.837007e-01,5.902202e+00,-6.445479e-02,NaN,9.999984e-01,1.559739e-06,2.005863e-11,2.125473e-16,4.132976e-21,1.175058e-23,1.375735e-23,2.352664e-24,1.389705e-23,6.738645e-26,7.169021e-26,8.652138e-25,3.793089e-24
-4.5240,278,1.058000e+02,9.836103e-01,5.901660e+00,-4.390993e-03,NaN,9.999984e-01,1.617680e-06,2.029376e-11,2.137093e-16,4.152112e-21,1.183755e-23,1.381234e-23,2.365250e-24,1.389370e-23,6.764734e-26,7.187509e-26,8.692075e-25,3.816042e-24
-4.5240,279,1.063000e+02,9.835227e-01,5.901135e+00,-5.652536e-02,NaN,9.999985e-01,1.542864e-06,2.017453e-11,2.135750e-16,4.176151e-21,1.188126e-23,1.387576e-23,2.376988e-24,1.408318e-23,6.786120e-26,7.224050e-26,8.708416e-25,3.828254e-24
-4.5240,280,1.068000e+02,9.834324e-01,5.900593e+00,3.289031e-02,NaN,9.999984e-01,1.590970e-06,2.018498e-11,2.128213e-16,4.243917e-21,1.194261e-23,1.395294e-23,2.389522e-24,1.406797e-23,6.813892e-26,7.251023e-26,8.745090e-25,3.854975e-24
-4.5240,281,1.073000e+02,9.833416e-01,5.900048e+00,-2.043028e-02,4.687184e-03,9.999984e-01,1.572955e-06,2.022116e-11,2.165558e-16,4.237564e-21,1.200860e-23,1.402553e-23,2.401070e-24,1.430279e-23,6.856957e-26,7.294305e-26,8.789352e-25,3.867204e-24
-4.5240,282,1.078000e+02,9.832536e-01,5.899520e+00,-7.209139e-02,NaN,9.999985e-01,1.547243e-06,2.036349e-11,2.161625e-16,4.262516e-21,1.204163e-23,1.407075e-23,2.410607e-24,1.428667e-23,6.879481e-26,7.330819e-26,8.824923e-25,3.876654e-24
-4.5240,283,1.083000e+02,9.831651e-01,5.898989e+00,-1.194511e-01,NaN,9.999984e-01,1.604071e-06,2.041734e-11,2.173658e-16,4.270713e-21,1.208871e-23,1.412502e-23,2.420841e-24,1.421123e-23,6.904755e-26,7.371146e-26,8.873457e-25,3.898738e-24
-4.5240,284,1.088000e+02,9.830764e-01,5.898457e+00,-8.123411e-02,NaN,9.999984e-01,1.570698e-06,2.043544e-11,2.185091e-16,4.296911e-21,1.213646e-23,1.418926e-23,2.432103e-24,1.437739e-23,6.934953e-26,7.405186e-26,8.927556e-25,3.906691e-24
-4.5240,285,1.093000e+02,9.829867e-01,5.897918e+00,-4.414953e-02,NaN,9.999984e-01,1.557595e-06,2.048039e-11,2.181376e-16,4.309542e-21,1.222620e-23,1.423105e-23,2.443950e-24,1.440829e-23,6.982057e-26,7.437770e-26,8.953574e-25,3.926857e-24
-4.5240,286,1.098000e+02,9.828969e-01,5.897380e+00,-4.999797e-02,NaN,9.999984e-01,1.572500e-06,2.049508e-11,2.184934e-16,4.294227e-21,1.230699e-23,1.430902e-23,2.461739e-24,1.444979e-23,7.008214e-26,7.463192e-26,8.993702e-25,3.942051e-24
-4.5240,287,1.103000e+02,9.828070e-01,5.896840e+00,-4.805826e-03,NaN,9.999984e-01,1.575003e-06,2.043648e-11,2.195388e-16,4.335269e-21,1.236692e-23,1.440115e-23,2.472049e-24,1.459420e-23,7.056465e-26,7.494052e-26,9.035233e-25,3.967188e-24
-4.5240,288,1.108000e+02,9.827177e-01,5.896305e+00,4.162821e-02,NaN,9.999985e-01,1.544500e-06,2.052213e-11,2.190214e-16,4.352927e-21,1.243298e-23,1.446742e-23,2.482815e-24,1.463878e-23,7.085348e-26,7.530090e-26,9.086309e-25,3.981891e-24
-4.5240,289,1.113000e+02,9.826304e-01,5.895781e+00,1.645733e-01,NaN,9.999984e-01,1.579857e-06,2.059042e-11,2.214920e-16,4.371246e-21,1.248599e-23,1.455967e-23,2.495071e-24,1.467661e-23,7.117383e-26,7.565085e-26,9.134323e-25,4.010228e-24
-4.5240,290,1.118000e+02,9.825426e-01,5.895254e+00,4.642905e-02,NaN,9.999984e-01,1.580280e-06,2.071026e-11,2.226208e-16,4.388709e-21,1.257843e-23,1.464004e-23,2.503585e-24,1.481087e-23,7.143806e-26,7.606330e-26,9.166679e-25,4.027034e-24
-4.5240,291,1.123000e+02,9.824546e-01,5.894726e+00,4.410857e-02,4.452177e-03,9.999984e-01,1.577879e-06,2.057828e-11,2.225206e-16,4.402475e-21,1.263748e-23,1.471840e-23,2.511024e-24,1.480920e-23,7.169298e-26,7.656065e-26,9.199233e-25,4.046103e-24
-4.5240,292,1.128000e+02,9.823676e-01,5.894204e+00,7.279697e-02,NaN,9.999984e-01,1.550524e-06,2.066410e-11,2.204224e-16,4.435197e-21,1.270322e-23,1.478090e-23,2.525132e-24,1.489181e-23,7.205082e-26,7.699968e-26,9.249708e-25,4.071363e-24
-4.5240,293,1.133000e+02,9.822795e-01,5.893676e+00,-1.150773e-01,NaN,9.999984e-01,1.574463e-06,2.067339e-11,2.245565e-16,4.437713e-21,1.276271e-23,1.484870e-23,2.539400e-24,1.500614e-23,7.240395e-26,7.726003e-26,9.284509e-25,4.085058e-24
-4.5240,294,1.138000e+02,9.821910e-01,5.893145e+00,-2.305070e-03,NaN,9.999985e-01,1.519268e-06,2.069386e-11,2.204801e-16,4.502495e-21,1.281658e-23,1.492596e-23,2.554546e-24,1.498056e-23,7.260544e-26,7.758864e-26,9.343121e-25,4.095051e-24
-4.5240,295,1.143000e+02,9.821043e-01,5.892624e+00,-1.044373e-01,NaN,9.999984e-01,1.566286e-06,2.081929e-11,2.228037e-16,4.518461e-21,1.288973e-23,1.500639e-23,2.562778e-24,1.519497e-23,7.290235e-26,7.805629e-26,9.386131e-25,4.116799e-24
-4.5240,296,1.148000e+02,9.820152e-01,5.892090e+00,-1.040238e-01,NaN,9.999984e-01,1.584701e-06,2.087835e-11,2.253561e-16,4.518361e-21,1.295043e-23,1.507696e-23,2.570522e-24,1.524812e-23,7.329795e-26,7.843608e-26,9.423668e-25,4.150776e-24
-4.5240,297,1.153000e+02,9.819286e-01,5.891570e+00,1.714020e-01,NaN,9.999984e-01,1.568134e-06,2.087024e-11,2.265913e-16,4.564319e-21,1.304125e-23,1.514437e-23,2.586751e-24,1.519333e-23,7.359540e-26,7.888616e-26,9.458525e-25,4.163414e-24
-4.5240,298,1.158000e+02,9.818406e-01,5.891042e+00,1.148280e-01,NaN,9.999984e-01,1.572963e-06,2.097395e-11,2.281077e-16,4.568760e-21,1.307047e-23,1.520194e-23,2.598466e-24,1.533828e-23,7.401353e-26,7.934157e-26,9.494427e-25,4.178484e-24
-4.5240,299,1.163000e+02,9.817529e-01,5.890516e+00,-6.199104e-02,NaN,9.999985e-01,1.547509e-06,2.096119e-11,2.265333e-16,4.575842e-21,1.314613e-23,1.525572e-23,2.608232e-24,1.536510e-23,7.441529e-26,7.969680e-26,9.539307e-25,4.214016e-24
-4.5240,300,1.168000e+02,9.816667e-01,5.889999e+00,-1.004581e-01,NaN,9.999984e-01,1.559605e-06,2.108684e-11,2.280939e-16,4.587017e-21,1.321408e-23,1.533181e-23,2.617946e-24,1.546793e-23,7.471719e-26,8.000170e-26,9.576451e-25,4.228025e-24
-4.5240,301,1.173000e+02,9.815795e-01,5.889476e+00,-6.554103e-02,4.453896e-03,9.999985e-01,1.541592e-06,2.119394e-11,2.279024e-16,4.594725e-21,1.327590e-23,1.541122e-23,2.631065e-24,1.551633e-23,7.504651e-26,8.051198e-26,9.611629e-25,4.243820e-24
-4.5240,302,1.178000e+02,9.814924e-01,5.888953e+00,-2.666337e-02,NaN,9.999984e-01,1.601442e-06,2.127069e-11,2.293223e-16,4.654073e-21,1.333004e-23,1.549508e-23,2.643136e-24,1.558250e-23,7.536185e-26,8.077251e-26,9.648454e-25,4.262406e-24
-4.5240,303,1.183000e+02,9.814050e-01,5.888429e+00,7.384910e-02,NaN,9.999984e-01,1.557662e-06,2.132099e-11,2.301626e-16,4.641087e-21,1.337948e-23,1.558845e-23,2.655427e-24,1.559091e-23,7.564223e-26,8.127510e-26,9.702675e-25,4.282661e-24
-4.5240,304,1.188000e+02,9.813180e-01,5.887907e+00,3.755268e-02,NaN,9.999984e-01,1.558115e-06,2.137502e-11,2.310422e-16,4.664400e-21,1.346436e-23,1.561816e-23,2.665397e-24,1.574393e-23,7.601054e-26,8.156818e-26,9.731049e-25,4.302001e-24
-4.5240,305,1.193000e+02,9.812326e-01,5.887394e+00,5.029751e-02,NaN,9.999985e-01,1.529625e-06,2.130455e-11,2.305942e-16,4.712091e-21,1.351422e-23,1.568630e-23,2.677973e-24,1.575616e-23,7.635615e-26,8.189572e-26,9.776821e-25,4.316955e-24
-4.5240,306,1.198000e+02,9.811486e-01,5.886890e+00,-2.168099e-02,NaN,9.999984e-01,1.550512e-06,2.136422e-11,2.322006e-16,4.730200e-21,1.360620e-23,1.575917e-23,2.686899e-24,1.593262e-23,7.646584e-26,8.221263e-26,9.819977e-25,4.338163e-24
-4.5240,307,1.203000e+02,9.810619e-01,5.886370e+00,3.435440e-02,NaN,9.999985e-01,1.547216e-06,2.142890e-11,2.343455e-16,4.759966e-21,1.368913e-23,1.585444e-23,2.695150e-24,1.602310e-23,7.678950e-26,8.260748e-26,9.864906e-25,4.356504e-24
-4.5240,308,1.208000e+02,9.809759e-01,5.885854e+00,2.038765e-02,NaN,9.999984e-01,1.568160e-06,2.145303e-11,2.354499e-16,4.796885e-21,1.375143e-23,1.594225e-23,2.706836e-24,1.594283e-23,7.707805e-26,8.297415e-26,9.900017e-25,4.381605e-24
-4.5240,309,1.213000e+02,9.808899e-01,5.885338e+00,6.555111e-04,NaN,9.999984e-01,1.560520e-06,2.153739e-11,2.358781e-16,4.805991e-21,1.382972e-23,1.599874e-23,2.717357e-24,1.608495e-23,7.753070e-26,8.338698e-26,9.924088e-25,4.394249e-24
-4.5240,310,1.218000e+02,9.808033e-01,5.884818e+00,-1.769003e-02,NaN,9.999984e-01,1.577032e-06,2.155257e-11,2.358225e-16,4.878220e-21,1.387330e-23,1.607631e-23,2.735172e-24,1.605342e-23,7.790094e-26,8.371012e-26,9.968150e-25,4.418807e-24
-4.5240,311,1.223000e+02,9.807180e-01,5.884306e+00,-6.762393e-02,4.357980e-03,9.999985e-01,1.542790e-06,2.150578e-11,2.345649e-16,4.860297e-21,1.395800e-23,1.614876e-23,2.746616e-24,1.609651e-23,7.833176e-26,8.409786e-26,1.001348e-24,4.442449e-24
-4.5240,312,1.228000e+02,9.806337e-01,5.883801e+00,-1.956422e-02,NaN,9.999985e-01,1.542578e-06,2.168224e-11,2.376929e-16,4.885401e-21,1.400094e-23,1.620152e-23,2.756665e-24,1.620886e-23,7.866076e-26,8.433671e-26,1.006041e-24,4.462916e-24
-4.5240,313,1.233000e+02,9.805498e-01,5.883297e+00,-2.566762e-02,NaN,9.999984e-01,1.570194e-06,2.161953e-11,2.350514e-16,4.903438e-21,1.407265e-23,1.627142e-23,2.768259e-24,1.619603e-23,7.905482e-26,8.485380e-26,1.010448e-24,4.486062e-24
-4.5240,314,1.238000e+02,9.804670e-01,5.882800e+00,-5.498913e-02,NaN,9.999985e-01,1.534263e-06,2.163456e-11,2.387352e-16,4.920717e-21,1.412174e-23,1.636383e-23,2.780582e-24,1.627777e-23,7.945304e-26,8.525958e-26,1.013869e-24,4.506620e-24
-4.5240,315,1.243000e+02,9.803833e-01,5.882298e+00,-6.457245e-02,NaN,9.999985e-01,1.530424e-06,2.175235e-11,2.400226e-16,4.988829e-21,1.417753e-23,1.644617e-23,2.791713e-24,1.636478e-23,7.975339e-26,8.557591e-26,1.017090e-24,4.522408e-24
-4.5240,316,1.248000e+02,9.802979e-01,5.881786e+00,1.061126e-01,NaN,9.999984e-01,1.575328e-06,2.181707e-11,2.406809e-16,5.000220e-21,1.425700e-23,1.653716e-23,2.806250e-24,1.638272e-23,7.994581e-26,8.598505e-26,1.021277e-24,4.543010e-24
-4.5240,317,1.253000e+02,9.802127e-01,5.881275e+00,1.047718e-01,NaN,9.999985e-01,1.538801e-06,2.186287e-11,2.416694e-16,5.054969e-21,1.433501e-23,1.662599e-23,2.821125e-24,1.650732e-23,8.017460e-26,8.647357e-26,1.025848e-24,4.573792e-24
-4.5240,318,1.258000e+02,9.801282e-01,5.880768e+00,-3.730769e-02,NaN,9.999984e-01,1.569850e-06,2.194936e-11,2.410659e-16,5.010785e-21,1.438755e-23,1.670373e-23,2.837179e-24,1.662985e-23,8.053503e-26,8.688653e-26,1.029344e-24,4.585825e-24
-4.5240,319,1.263000e+02,9.800428e-01,5.880256e+00,-1.128361e-01,NaN,9.999985e-01,1.533772e-06,2.191134e-11,2.413507e-16,5.060753e-21,1.444037e-23,1.677647e-23,2.852565e-24,1.655386e-23,8.098274e-26,8.729854e-26,1.033364e-24,4.609738e-24
-4.5240,320,1.268000e+02,9.799583e-01,5.879748e+00,-1.046115e-01,NaN,9.999985e-01,1.542434e-06,2.214705e-11,2.434880e-16,5.120668e-21,1.450264e-23,1.685855e-23,2.862073e-24,1.675401e-23,8.141804e-26,8.754795e-26,1.037685e-24,4.637657e-24
-4.5240,321,1.273000e+02,9.798739e-01,5.879242e+00,-4.521882e-02,4.417855e-03,9.999985e-01,1.527175e-06,2.202653e-11,2.423404e-16,5.072764e-21,1.456079e-23,1.691212e-23,2.877313e-24,1.680324e-23,8.170123e-26,8.768634e-26,1.042501e-24,4.665769e-24
-4.5240,322,1.278000e+02,9.797905e-01,5.878741e+00,-8.930086e-05,NaN,9.999984e-01,1.554038e-06,2.208943e-11,2.448158e-16,5.094094e-21,1.463158e-23,1.700354e-23,2.890715e-24,1.676857e-23,8.206385e-26,8.805100e-26,1.048003e-24,4.670869e-24
-4.5240,323,1.283000e+02,9.797089e-01,5.878252e+00,4.020209e-02,NaN,9.999985e-01,1.537284e-06,2.207130e-11,2.456910e-16,5.104619e-21,1.469314e-23,1.707047e-23,2.904828e-24,1.690046e-23,8.229838e-26,8.843930e-26,1.052115e-24,4.694301e-24
-4.5240,324,1.288000e+02,9.796249e-01,5.877748e+00,-7.599379e-02,NaN,9.999984e-01,1.557456e-06,2.219531e-11,2.475999e-16,5.196469e-21,1.475309e-23,1.716948e-23,2.916853e-24,1.690582e-23,8.259507e-26,8.884470e-26,1.055192e-24,4.723103e-24
-4.5240,325,1.293000e+02,9.795400e-01,5.877238e+00,6.610617e-02,NaN,9.999984e-01,1.579999e-06,2.207734e-11,2.470121e-16,5.231122e-21,1.480423e-23,1.722977e-23,2.929781e-24,1.699385e-23,8.303512e-26,8.911758e-26,1.060128e-24,4.733347e-24
-4.5240,326,1.298000e+02,9.794567e-01,5.876738e+00,-4.736944e-02,NaN,9.999985e-01,1.529744e-06,2.216734e-11,2.467621e-16,5.209766e-21,1.487176e-23,1.731472e-23,2.939912e-24,1.707278e-23,8.332233e-26,8.943347e-26,1.064345e-24,4.753742e-24
-4.5240,327,1.303000e+02,9.793729e-01,5.876236e+00,-2.040231e-02,NaN,9.999985e-01,1.540587e-06,2.229159e-11,2.503882e-16,5.258023e-21,1.493701e-23,1.740838e-23,2.953051e-24,1.713162e-23,8.379236e-26,8.980790e-26,1.067945e-24,4.766514e-24
-4.5240,328,1.308000e+02,9.792893e-01,5.875734e+00,-5.049404e-02,NaN,9.999985e-01,1.546471e-06,2.236900e-11,2.491442e-16,5.282229e-21,1.503213e-23,1.747758e-23,2.965683e-24,1.716424e-23,8.403572e-26,9.027921e-26,1.073143e-24,4.791393e-24
-4.5240,329,1.313000e+02,9.792051e-01,5.875229e+00,-1.230114e-01,NaN,9.999984e-01,1.564709e-06,2.258174e-11,2.505630e-16,5.310208e-21,1.509814e-23,1.754641e-23,2.979801e-24,1.728172e-23,8.448063e-26,9.061448e-26,1.077643e-24,4.813911e-24
-4.5240,330,1.318000e+02,9.791211e-01,5.874725e+00,-9.736092e-02,NaN,9.999985e-01,1.539377e-06,2.242630e-11,2.503646e-16,5.324059e-21,1.514505e-23,1.759981e-23,2.988243e-24,1.725799e-23,8.477543e-26,9.110045e-26,1.081340e-24,4.835436e-24
-4.5240,331,1.323000e+02,9.790370e-01,5.874221e+00,6.351341e-02,4.585269e-03,9.999984e-01,1.556128e-06,2.255761e-11,2.538170e-16,5.338369e-21,1.518893e-23,1.766464e-23,2.995552e-24,1.747469e-23,8.502919e-26,9.148774e-26,1.086205e-24,4.856277e-24
-4.5240,332,1.328000e+02,9.789539e-01,5.873722e+00,1.153108e-02,NaN,9.999985e-01,1.517486e-06,2.242097e-11,2.512738e-16,5.331079e-21,1.523555e-23,1.773951e-23,3.006952e-24,1.758102e-23,8.553771e-26,9.175036e-26,1.089839e-24,4.865680e-24
-4.5240,333,1.333000e+02,9.788729e-01,5.873236e+00,5.589387e-02,NaN,9.999984e-01,1.554668e-06,2.255880e-11,2.528373e-16,5.404610e-21,1.528741e-23,1.782018e-23,3.019277e-24,1.750161e-23,8.573782e-26,9.205477e-26,1.093391e-24,4.887278e-24
-4.5240,334,1.338000e+02,9.787904e-01,5.872741e+00,-5.474471e-02,NaN,9.999985e-01,1.524021e-06,2.262819e-11,2.517584e-16,5.403108e-21,1.536777e-23,1.789345e-23,3.031202e-24,1.766165e-23,8.602703e-26,9.239745e-26,1.097627e-24,4.902936e-24
-4.5240,335,1.343000e+02,9.787087e-01,5.872251e+00,-7.615231e-02,NaN,9.999985e-01,1.549215e-06,2.265190e-11,2.537668e-16,5.426506e-21,1.543235e-23,1.795096e-23,3.042233e-24,1.768797e-23,8.644017e-26,9.273433e-26,1.104251e-24,4.927867e-24
-4.5240,336,1.348000e+02,9.786247e-01,5.871747e+00,8.315249e-02,NaN,9.999985e-01,1.529079e-06,2.277205e-11,2.552773e-16,5.452879e-21,1.551920e-23,1.804063e-23,3.055037e-24,1.773956e-23,8.674251e-26,9.308409e-26,1.108272e-24,4.947794e-24
-4.5240,337,1.353000e+02,9.785418e-01,5.871249e+00,1.159022e-01,NaN,9.999985e-01,1.547029e-06,2.265345e-11,2.565735e-16,5.487031e-21,1.561921e-23,1.808900e-23,3.066934e-24,1.787807e-23,8.713666e-26,9.346558e-26,1.113449e-24,4.968957e-24
-4.5240,338,1.358000e+02,9.784616e-01,5.870768e+00,1.055981e-01,NaN,9.999985e-01,1.497888e-06,2.268088e-11,2.565284e-16,5.523110e-21,1.568525e-23,1.816074e-23,3.075286e-24,1.792550e-23,8.737891e-26,9.372637e-26,1.117064e-24,4.997534e-24
-4.5240,339,1.363000e+02,9.783800e-01,5.870278e+00,-6.841027e-02,NaN,9.999984e-01,1.553023e-06,2.287693e-11,2.564978e-16,5.537812e-21,1.573868e-23,1.822053e-23,3.079465e-24,1.797646e-23,8.769756e-26,9.398954e-26,1.121341e-24,5.032025e-24
-4.5240,340,1.368000e+02,9.782964e-01,5.869777e+00,-8.092404e-02,NaN,9.999985e-01,1.528537e-06,2.289875e-11,2.576743e-16,5.540305e-21,1.579964e-23,1.829541e-23,3.089577e-24,1.808617e-23,8.817579e-26,9.430324e-26,1.124527e-24,5.044341e-24
-4.5240,341,1.373000e+02,9.782161e-01,5.869295e+00,-1.573269e-01,4.808050e-03,9.999985e-01,1.524063e-06,2.294648e-11,2.576627e-16,5.606218e-21,1.586025e-23,1.838905e-23,3.106072e-24,1.808913e-23,8.836090e-26,9.458801e-26,1.129400e-24,5.055024e-24
-4.5240,342,1.378000e+02,9.781326e-01,5.868794e+00,-1.958323e-01,NaN,9.999984e-01,1.570166e-06,2.298468e-11,2.603904e-16,5.637663e-21,1.595240e-23,1.847864e-23,3.117779e-24,1.822197e-23,8.885157e-26,9.506927e-26,1.134661e-24,5.081233e-24
-4.5240,343,1.383000e+02,9.780515e-01,5.868308e+00,-1.744098e-01,NaN,9.999985e-01,1.518261e-06,2.308015e-11,2.607460e-16,5.665384e-21,1.600965e-23,1.855172e-23,3.125836e-24,1.835440e-23,8.919666e-26,9.540740e-26,1.137719e-24,5.089714e-24
-4.5240,344,1.388000e+02,9.779725e-01,5.867833e+00,-1.101346e-01,NaN,9.999985e-01,1.539858e-06,2.312349e-11,2.604952e-16,5.669900e-21,1.605703e-23,1.864626e-23,3.133734e-24,1.831248e-23,8.946266e-26,9.581189e-26,1.141586e-24,5.100138e-24
-4.5240,345,1.393000e+02,9.778891e-01,5.867333e+00,-3.906786e-02,NaN,9.999985e-01,1.538933e-06,2.317529e-11,2.633914e-16,5.697615e-21,1.614805e-23,1.871867e-23,3.142557e-24,1.853104e-23,8.988686e-26,9.633225e-26,1.145624e-24,5.128375e-24
-4.5240,346,1.398000e+02,9.778073e-01,5.866842e+00,1.516340e-03,NaN,9.999985e-01,1.534709e-06,2.317806e-11,2.610917e-16,5.655143e-21,1.619981e-23,1.874405e-23,3.155333e-24,1.852342e-23,9.042676e-26,9.669207e-26,1.149456e-24,5.157045e-24
-4.5240,347,1.403000e+02,9.777248e-01,5.866348e+00,1.507648e-01,NaN,9.999985e-01,1.527706e-06,2.306340e-11,2.639775e-16,5.742870e-21,1.629482e-23,1.876528e-23,3.170629e-24,1.852558e-23,9.085867e-26,9.713537e-26,1.155729e-24,5.162765e-24
-4.5240,348,1.408000e+02,9.776430e-01,5.865857e+00,3.532216e-02,NaN,9.999985e-01,1.539943e-06,2.322993e-11,2.637680e-16,5.706435e-21,1.633628e-23,1.886697e-23,3.186167e-24,1.868386e-23,9.114565e-26,9.749395e-26,1.158780e-24,5.184331e-24
-4.5240,349,1.413000e+02,9.775604e-01,5.865361e+00,9.765997e-02,NaN,9.999984e-01,1.564025e-06,2.329926e-11,2.671239e-16,5.772857e-21,1.640143e-23,1.894869e-23,3.190924e-24,1.864930e-23,9.159901e-26,9.781880e-26,1.162326e-24,5.207092e-24
-4.5240,350,1.418000e+02,9.774805e-01,5.864882e+00,-7.248833e-02,NaN,9.999985e-01,1.535145e-06,2.333794e-11,2.646700e-16,5.795396e-21,1.647027e-23,1.901798e-23,3.205567e-24,1.874303e-23,9.192790e-26,9.819844e-26,1.166995e-24,5.213714e-24
-4.5240,351,1.423000e+02,9.774008e-01,5.864403e+00,-6.845799e-02,5.195500e-03,9.999985e-01,1.525307e-06,2.326890e-11,2.685702e-16,5.810785e-21,1.653437e-23,1.911804e-23,3.220771e-24,1.883844e-23,9.213606e-26,9.840784e-26,1.170708e-24,5.237041e-24
-4.5240,352,1.428000e+02,9.773180e-01,5.863906e+00,-1.552130e-02,NaN,9.999984e-01,1.570635e-06,2.335471e-11,2.685019e-16,5.869493e-21,1.661359e-23,1.919340e-23,3.238083e-24,1.882973e-23,9.259736e-26,9.864648e-26,1.173637e-24,5.247188e-24
-4.5240,353,1.433000e+02,9.772367e-01,5.863419e+00,8.972612e-03,NaN,9.999985e-01,1.529714e-06,2.344775e-11,2.665496e-16,5.831000e-21,1.667216e-23,1.929322e-23,3.250774e-24,1.884110e-23,9.292568e-26,9.906220e-26,1.178527e-24,5.258644e-24
-4.5240,354,1.438000e+02,9.771559e-01,5.862934e+00,-4.062448e-02,NaN,9.999985e-01,1.535261e-06,2.344873e-11,2.697496e-16,5.862441e-21,1.674425e-23,1.938361e-23,3.263486e-24,1.904249e-23,9.322817e-26,9.942868e-26,1.182156e-24,5.279839e-24
-4.5240,355,1.443000e+02,9.770733e-01,5.862439e+00,6.619286e-02,NaN,9.999985e-01,1.527172e-06,2.351987e-11,2.689511e-16,5.906324e-21,1.681452e-23,1.946861e-23,3.274639e-24,1.898904e-23,9.361390e-26,9.987015e-26,1.187100e-24,5.303120e-24
-4.5240,356,1.448000e+02,9.769929e-01,5.861956e+00,8.269414e-02,NaN,9.999985e-01,1.546735e-06,2.361437e-11,2.711328e-16,5.955788e-21,1.686381e-23,1.955927e-23,3.283579e-24,1.915118e-23,9.386686e-26,1.002910e-25,1.191036e-24,5.317332e-24
-4.5240,357,1.453000e+02,9.769130e-01,5.861476e+00,-6.453574e-02,NaN,9.999985e-01,1.530107e-06,2.357481e-11,2.712413e-16,5.959057e-21,1.691049e-23,1.959870e-23,3.300489e-24,1.928403e-23,9.423840e-26,1.007004e-25,1.197633e-24,5.339352e-24
-4.5240,358,1.458000e+02,9.768324e-01,5.860993e+00,-6.538546e-02,NaN,9.999985e-01,1.521037e-06,2.359735e-11,2.717088e-16,5.992589e-21,1.697969e-23,1.967714e-23,3.317550e-24,1.916835e-23,9.459904e-26,1.010794e-25,1.203870e-24,5.360004e-24
-4.5240,359,1.463000e+02,9.767527e-01,5.860515e+00,1.320748e-01,NaN,9.999985e-01,1.536415e-06,2.366761e-11,2.731745e-16,6.036425e-21,1.703641e-23,1.974848e-23,3.326739e-24,1.935276e-23,9.516948e-26,1.014730e-25,1.209516e-24,5.386724e-24
-4.5240,360,1.468000e+02,9.766720e-01,5.860030e+00,2.894299e-02,NaN,9.999985e-01,1.528135e-06,2.375588e-11,2.735161e-16,6.014028e-21,1.710969e-23,1.979998e-23,3.340229e-24,1.935567e-23,9.551154e-26,1.018794e-25,1.213297e-24,5.391348e-24
-4.5240,361,1.473000e+02,9.765897e-01,5.859537e+00,1.891293e-02,4.266500e-03,9.999985e-01,1.518412e-06,2.374668e-11,2.761471e-16,6.076872e-21,1.717614e-23,1.986410e-23,3.356555e-24,1.940663e-23,9.589489e-26,1.021585e-25,1.218225e-24,5.405363e-24
-4.5240,362,1.478000e+02,9.765115e-01,5.859067e+00,1.927473e-01,NaN,9.999985e-01,1.496200e-06,2.389179e-11,2.735300e-16,6.113803e-21,1.726033e-23,1.993863e-23,3.376091e-24,1.951960e-23,9.644502e-26,1.024124e-25,1.222994e-24,5.422955e-24
-4.5240,363,1.483000e+02,9.764327e-01,5.858595e+00,9.336097e-02,NaN,9.999985e-01,1.544735e-06,2.390338e-11,2.777626e-16,6.096445e-21,1.732409e-23,2.003241e-23,3.390347e-24,1.961034e-23,9.683559e-26,1.027167e-25,1.228361e-24,5.440539e-24
-4.5240,364,1.488000e+02,9.763534e-01,5.858119e+00,-8.283149e-02,NaN,9.999985e-01,1.522462e-06,2.397305e-11,2.766632e-16,6.137038e-21,1.740062e-23,2.009863e-23,3.401816e-24,1.967484e-23,9.714372e-26,1.029296e-25,1.232608e-24,5.472128e-24
-4.5240,365,1.493000e+02,9.762758e-01,5.857654e+00,-7.222264e-02,NaN,9.999985e-01,1.517757e-06,2.397325e-11,2.785501e-16,6.141608e-21,1.750681e-23,2.018632e-23,3.412059e-24,1.980902e-23,9.740492e-26,1.032804e-25,1.236598e-24,5.484059e-24
-4.5240,366,1.498000e+02,9.761967e-01,5.857178e+00,1.226110e-02,NaN,9.999985e-01,1.535925e-06,2.404130e-11,2.793344e-16,6.214643e-21,1.754739e-23,2.025941e-23,3.425263e-24,1.978071e-23,9.782644e-26,1.037847e-25,1.239543e-24,5.499888e-24
-4.5240,367,1.503000e+02,9.761174e-01,5.856703e+00,-1.602869e-01,NaN,9.999985e-01,1.515723e-06,2.391642e-11,2.781129e-16,6.182942e-21,1.760968e-23,2.032286e-23,3.440309e-24,1.987436e-23,9.823957e-26,1.040472e-25,1.241665e-24,5.524569e-24
-4.5240,368,1.508000e+02,9.760377e-01,5.856225e+00,-1.207181e-01,NaN,9.999985e-01,1.501690e-06,2.401605e-11,2.807604e-16,6.256188e-21,1.766091e-23,2.038671e-23,3.449003e-24,2.003409e-23,9.858529e-26,1.043609e-25,1.247187e-24,5.540530e-24
-4.5240,369,1.513000e+02,9.759583e-01,5.855748e+00,-1.103377e-01,NaN,9.999985e-01,1.528878e-06,2.409901e-11,2.813134e-16,6.311151e-21,1.776003e-23,2.047687e-23,3.463261e-24,1.996546e-23,9.900886e-26,1.047717e-25,1.251517e-24,5.561886e-24
-4.5240,370,1.518000e+02,9.758778e-01,5.855265e+00,-6.206384e-03,NaN,9.999985e-01,1.536206e-06,2.414802e-11,2.825034e-16,6.275468e-21,1.785035e-23,2.054515e-23,3.479838e-24,2.016063e-23,9.936983e-26,1.051357e-25,1.256326e-24,5.578961e-24
-4.5240,371,1.523000e+02,9.757979e-01,5.854786e+00,-4.256197e-02,4.699861e-03,9.999985e-01,1.537795e-06,2.423733e-11,2.819749e-16,6.337466e-21,1.792594e-23,2.062263e-23,3.491652e-24,2.020819e-23,9.963895e-26,1.054609e-25,1.260395e-24,5.610143e-24
-4.5240,372,1.528000e+02,9.757197e-01,5.854317e+00,1.481476e-01,NaN,9.999985e-01,1.542436e-06,2.436071e-11,2.824909e-16,6.365672e-21,1.795990e-23,2.071622e-23,3.504570e-24,2.019947e-23,9.999267e-26,1.060686e-25,1.263617e-24,5.618311e-24
-4.5240,373,1.533000e+02,9.756431e-01,5.853857e+00,-1.189062e-01,NaN,9.999985e-01,1.520915e-06,2.430402e-11,2.815606e-16,6.354229e-21,1.799680e-23,2.080139e-23,3.524359e-24,2.035900e-23,1.004257e-25,1.065569e-25,1.268651e-24,5.636767e-24
-4.5240,374,1.538000e+02,9.755659e-01,5.853394e+00,-4.607285e-02,NaN,9.999985e-01,1.528679e-06,2.424500e-11,2.838011e-16,6.393724e-21,1.807005e-23,2.091065e-23,3.537711e-24,2.034911e-23,1.006410e-25,1.067337e-25,1.272249e-24,5.662689e-24
-4.5240,375,1.543000e+02,9.754879e-01,5.852926e+00,-5.573914e-02,NaN,9.999985e-01,1.524281e-06,2.425854e-11,2.855089e-16,6.454775e-21,1.812788e-23,2.100719e-23,3.551748e-24,2.037526e-23,1.010355e-25,1.070023e-25,1.276651e-24,5.674185e-24
-4.5240,376,1.548000e+02,9.754087e-01,5.852451e+00,-3.518710e-02,NaN,9.999984e-01,1.555217e-06,2.446220e-11,2.856011e-16,6.452996e-21,1.820942e-23,2.111933e-23,3.566159e-24,2.055845e-23,1.014369e-25,1.073206e-25,1.282987e-24,5.690128e-24
-4.5240,377,1.553000e+02,9.753287e-01,5.851971e+00,-1.094831e-01,NaN,9.999985e-01,1.516870e-06,2.447630e-11,2.870942e-16,6.499311e-21,1.826920e-23,2.117614e-23,3.581825e-24,2.063424e-23,1.017922e-25,1.077263e-25,1.289244e-24,5.710723e-24
-4.5240,378,1.558000e+02,9.752517e-01,5.851509e+00,1.206698e-02,NaN,9.999985e-01,1.495790e-06,2.438677e-11,2.875127e-16,6.499972e-21,1.833502e-23,2.122679e-23,3.589778e-24,2.062204e-23,1.020210e-25,1.080777e-25,1.293192e-24,5.734582e-24
-4.5240,379,1.563000e+02,9.751752e-01,5.851050e+00,-3.208472e-02,NaN,9.999985e-01,1.529216e-06,2.449676e-11,2.869812e-16,6.523999e-21,1.839190e-23,2.131887e-23,3.603937e-24,2.082087e-23,1.023735e-25,1.084764e-25,1.296484e-24,5.752206e-24
-4.5240,380,1.568000e+02,9.750974e-01,5.850583e+00,-8.167030e-02,NaN,9.999985e-01,1.512848e-06,2.436955e-11,2.895501e-16,6.597957e-21,1.844581e-23,2.136431e-23,3.618735e-24,2.079918e-23,1.027827e-25,1.088172e-25,1.300270e-24,5.779077e-24
-4.5240,381,1.573000e+02,9.750207e-01,5.850123e+00,8.876767e-03,4.718965e-03,9.999985e-01,1.499697e-06,2.450959e-11,2.879311e-16,6.599404e-21,1.851346e-23,2.142386e-23,3.631377e-24,2.102358e-23,1.032635e-25,1.091609e-25,1.304573e-24,5.806371e-24
-4.5240,382,1.578000e+02,9.749420e-01,5.849651e+00,-2.165723e-02,NaN,9.999985e-01,1.540848e-06,2.455773e-11,2.898200e-16,6.654328e-21,1.856645e-23,2.150465e-23,3.643355e-24,2.105712e-23,1.036585e-25,1.094978e-25,1.308632e-24,5.829945e-24
-4.5240,383,1.583000e+02,9.748635e-01,5.849179e+00,-1.141148e-01,NaN,9.999985e-01,1.501112e-06,2.464553e-11,2.895667e-16,6.651410e-21,1.862284e-23,2.160036e-23,3.657990e-24,2.098974e-23,1.040222e-25,1.098310e-25,1.313863e-24,5.846678e-24
-4.5240,384,1.588000e+02,9.747872e-01,5.848722e+00,-6.697193e-02,NaN,9.999985e-01,1.520689e-06,2.464134e-11,2.929637e-16,6.609167e-21,1.871004e-23,2.169249e-23,3.666233e-24,2.119274e-23,1.044032e-25,1.102927e-25,1.318618e-24,5.862291e-24
-4.5240,385,1.593000e+02,9.747082e-01,5.848248e+00,-1.314770e-01,NaN,9.999985e-01,1.518911e-06,2.469746e-11,2.928946e-16,6.692958e-21,1.876170e-23,2.180609e-23,3.684519e-24,2.118369e-23,1.048263e-25,1.106295e-25,1.325315e-24,5.894570e-24
-4.5240,386,1.598000e+02,9.746339e-01,5.847802e+00,-1.383228e-01,NaN,9.999985e-01,1.488763e-06,2.481296e-11,2.916081e-16,6.677584e-21,1.885917e-23,2.186829e-23,3.696748e-24,2.121747e-23,1.051006e-25,1.109081e-25,1.331284e-24,5.910104e-24
-4.5240,387,1.603000e+02,9.745585e-01,5.847350e+00,-5.737667e-02,NaN,9.999985e-01,1.538211e-06,2.472550e-11,2.961872e-16,6.771186e-21,1.892305e-23,2.194448e-23,3.711285e-24,2.137036e-23,1.053770e-25,1.113110e-25,1.336877e-24,5.917404e-24
-4.5240,388,1.608000e+02,9.744812e-01,5.846886e+00,-1.725030e-01,NaN,9.999985e-01,1.488258e-06,2.473952e-11,2.916399e-16,6.808400e-21,1.896399e-23,2.200741e-23,3.729237e-24,2.141020e-23,1.058053e-25,1.118024e-25,1.342490e-24,5.940806e-24
-4.5240,389,1.613000e+02,9.744058e-01,5.846433e+00,-4.484879e-02,NaN,9.999985e-01,1.522811e-06,2.462296e-11,2.958409e-16,6.788443e-21,1.903632e-23,2.209691e-23,3.743507e-24,2.143903e-23,1.062639e-25,1.122340e-25,1.346927e-24,5.971730e-24
-4.5240,390,1.618000e+02,9.743260e-01,5.845954e+00,-1.645989e-01,NaN,9.999985e-01,1.525581e-06,2.478787e-11,2.958248e-16,6.822943e-21,1.912709e-23,2.218973e-23,3.760794e-24,2.155926e-23,1.066176e-25,1.127610e-25,1.350180e-24,5.972713e-24
-4.5240,391,1.623000e+02,9.742473e-01,5.845482e+00,-9.472276e-02,5.337966e-03,9.999985e-01,1.531335e-06,2.480009e-11,2.956652e-16,6.895309e-21,1.920245e-23,2.223932e-23,3.769879e-24,2.161472e-23,1.069965e-25,1.131435e-25,1.354281e-24,5.986203e-24
-4.5240,392,1.628000e+02,9.741700e-01,5.845018e+00,9.102017e-02,NaN,9.999985e-01,1.503773e-06,2.496734e-11,2.988202e-16,6.909911e-21,1.925040e-23,2.230694e-23,3.782642e-24,2.175263e-23,1.074199e-25,1.136097e-25,1.358666e-24,6.005951e-24
-4.5240,393,1.633000e+02,9.740945e-01,5.844566e+00,-3.046601e-02,NaN,9.999985e-01,1.513670e-06,2.506295e-11,2.977499e-16,6.876288e-21,1.931898e-23,2.236664e-23,3.794257e-24,2.195581e-23,1.078512e-25,1.140379e-25,1.363316e-24,6.027421e-24
-4.5240,394,1.638000e+02,9.740209e-01,5.844124e+00,3.770535e-02,NaN,9.999985e-01,1.481553e-06,2.493356e-11,2.989752e-16,6.924140e-21,1.939447e-23,2.245417e-23,3.807929e-24,2.184684e-23,1.082003e-25,1.145293e-25,1.366855e-24,6.043328e-24
-4.5240,395,1.643000e+02,9.739469e-01,5.843680e+00,7.069653e-02,NaN,9.999985e-01,1.496752e-06,2.500804e-11,2.987798e-16,6.996399e-21,1.944495e-23,2.250277e-23,3.819526e-24,2.199635e-23,1.085070e-25,1.150004e-25,1.370898e-24,6.065280e-24
-4.5240,396,1.648000e+02,9.738725e-01,5.843233e+00,5.678999e-02,NaN,9.999985e-01,1.508956e-06,2.498845e-11,3.017095e-16,6.975872e-21,1.951644e-23,2.260473e-23,3.832504e-24,2.205619e-23,1.087688e-25,1.152625e-25,1.377452e-24,6.089930e-24
-4.5240,397,1.653000e+02,9.737984e-01,5.842789e+00,1.456798e-01,NaN,9.999985e-01,1.496434e-06,2.521353e-11,3.008911e-16,6.996467e-21,1.958961e-23,2.270936e-23,3.844227e-24,2.204374e-23,1.092457e-25,1.155018e-25,1.382279e-24,6.104892e-24
-4.5240,398,1.658000e+02,9.737208e-01,5.842323e+00,-5.356671e-02,NaN,9.999985e-01,1.514701e-06,2.522403e-11,3.000783e-16,7.024855e-21,1.964654e-23,2.279421e-23,3.859308e-24,2.219693e-23,1.093856e-25,1.159004e-25,1.388050e-24,6.119887e-24
-4.5240,399,1.663000e+02,9.736448e-01,5.841867e+00,-2.061291e-01,NaN,9.999985e-01,1.506170e-06,2.518971e-11,3.037802e-16,7.108638e-21,1.967956e-23,2.285633e-23,3.876976e-24,2.221589e-23,1.096549e-25,1.162535e-25,1.393392e-24,6.151993e-24
-4.5240,400,1.668000e+02,9.735683e-01,5.841409e+00,-7.685670e-02,NaN,9.999985e-01,1.519769e-06,2.520873e-11,3.029023e-16,7.087344e-21,1.977656e-23,2.294053e-23,3.891347e-24,2.232108e-23,1.100213e-25,1.165542e-25,1.397949e-24,6.157497e-24
-4.5240,401,1.673000e+02,9.734938e-01,5.840961e+00,-1.340332e-02,4.311764e-03,9.999985e-01,1.517576e-06,2.527815e-11,3.027721e-16,7.125667e-21,1.986832e-23,2.302432e-23,3.909887e-24,2.248881e-23,1.104565e-25,1.169534e-25,1.402199e-24,6.188510e-24
-4.5240,402,1.678000e+02,9.734214e-01,5.840527e+00,-1.506506e-01,NaN,9.999985e-01,1.510944e-06,2.517738e-11,3.038452e-16,7.143277e-21,1.995366e-23,2.307866e-23,3.920271e-24,2.247785e-23,1.108914e-25,1.173365e-25,1.408487e-24,6.206392e-24
-4.5240,403,1.683000e+02,9.733493e-01,5.840094e+00,-9.785124e-02,NaN,9.999985e-01,1.506890e-06,2.531424e-11,3.030836e-16,7.176734e-21,2.004546e-23,2.315048e-23,3.937066e-24,2.252428e-23,1.112484e-25,1.175553e-25,1.413720e-24,6.229822e-24
-4.5240,404,1.688000e+02,9.732774e-01,5.839663e+00,-1.502269e-01,NaN,9.999985e-01,1.479694e-06,2.531651e-11,3.044644e-16,7.190036e-21,2.009208e-23,2.321855e-23,3.954748e-24,2.271373e-23,1.117584e-25,1.180052e-25,1.416982e-24,6.246030e-24
-4.5240,405,1.693000e+02,9.732043e-01,5.839225e+00,1.203191e-01,NaN,9.999985e-01,1.489408e-06,2.537942e-11,3.045989e-16,7.224947e-21,2.017770e-23,2.328909e-23,3.965403e-24,2.270140e-23,1.120587e-25,1.185188e-25,1.422873e-24,6.265416e-24
-4.5240,406,1.698000e+02,9.731294e-01,5.838775e+00,-1.545918e-01,NaN,9.999985e-01,1.500778e-06,2.543092e-11,3.086809e-16,7.261339e-21,2.025476e-23,2.336310e-23,3.976128e-24,2.301388e-23,1.123960e-25,1.188483e-25,1.427087e-24,6.296748e-24
-4.5240,407,1.703000e+02,9.730541e-01,5.838323e+00,-2.192540e-01,NaN,9.999985e-01,1.492304e-06,2.547584e-11,3.100836e-16,7.260995e-21,2.030525e-23,2.343475e-23,3.991556e-24,2.306527e-23,1.128479e-25,1.192454e-25,1.429956e-24,6.317807e-24
-4.5240,408,1.708000e+02,9.729794e-01,5.837875e+00,-1.427529e-01,NaN,9.999985e-01,1.517276e-06,2.546256e-11,3.091407e-16,7.291377e-21,2.034980e-23,2.350295e-23,4.007706e-24,2.294065e-23,1.133927e-25,1.195714e-25,1.435648e-24,6.333939e-24
-4.5240,409,1.713000e+02,9.729075e-01,5.837444e+00,3.516795e-02,NaN,9.999985e-01,1.464053e-06,2.542514e-11,3.095529e-16,7.283491e-21,2.047347e-23,2.359559e-23,4.019895e-24,2.307852e-23,1.137814e-25,1.200326e-25,1.440544e-24,6.350188e-24
-4.5240,410,1.718000e+02,9.728351e-01,5.837009e+00,-3.306320e-03,NaN,9.999985e-01,1.508146e-06,2.556522e-11,3.125645e-16,7.326475e-21,2.051991e-23,2.364642e-23,4.035539e-24,2.312964e-23,1.139307e-25,1.205343e-25,1.444117e-24,6.369818e-24
-4.5240,411,1.723000e+02,9.727617e-01,5.836569e+00,-6.593259e-02,4.393972e-03,9.999985e-01,1.511293e-06,2.560727e-11,3.117437e-16,7.375461e-21,2.055186e-23,2.372161e-23,4.050701e-24,2.314282e-23,1.143534e-25,1.208765e-25,1.450525e-24,6.387547e-24
-4.5240,412,1.728000e+02,9.726888e-01,5.836131e+00,-9.435964e-02,NaN,9.999985e-01,1.480599e-06,2.564331e-11,3.120731e-16,7.360044e-21,2.060725e-23,2.376783e-23,4.066726e-24,2.325430e-23,1.146404e-25,1.212669e-25,1.454087e-24,6.415539e-24
-4.5240,413,1.733000e+02,9.726150e-01,5.835688e+00,-6.589616e-02,NaN,9.999985e-01,1.488267e-06,2.570239e-11,3.165404e-16,7.418632e-21,2.067085e-23,2.386986e-23,4.083174e-24,2.334863e-23,1.150822e-25,1.216313e-25,1.459303e-24,6.433060e-24
-4.5240,414,1.738000e+02,9.725411e-01,5.835245e+00,4.915256e-02,NaN,9.999985e-01,1.481455e-06,2.570861e-11,3.168194e-16,7.432042e-21,2.072762e-23,2.393356e-23,4.094050e-24,2.335908e-23,1.154001e-25,1.220689e-25,1.461397e-24,6.455993e-24
-4.5240,415,1.743000e+02,9.724682e-01,5.834808e+00,-4.293443e-02,NaN,9.999985e-01,1.487816e-06,2.576863e-11,3.177326e-16,7.479359e-21,2.078739e-23,2.402890e-23,4.108121e-24,2.347455e-23,1.157716e-25,1.222944e-25,1.466401e-24,6.480878e-24
-4.5240,416,1.748000e+02,9.723952e-01,5.834370e+00,-5.481427e-02,NaN,9.999985e-01,1.504029e-06,2.579345e-11,3.175597e-16,7.545401e-21,2.087435e-23,2.409985e-23,4.121189e-24,2.348794e-23,1.162329e-25,1.226337e-25,1.469938e-24,6.492925e-24
-4.5240,417,1.753000e+02,9.723228e-01,5.833936e+00,-9.413156e-02,NaN,9.999985e-01,1.481823e-06,2.576414e-11,3.176158e-16,7.504765e-21,2.094519e-23,2.419195e-23,4.132009e-24,2.361914e-23,1.166311e-25,1.231467e-25,1.472570e-24,6.517570e-24
-4.5240,418,1.758000e+02,9.722506e-01,5.833502e+00,-1.630290e-01,NaN,9.999985e-01,1.514469e-06,2.589088e-11,3.181295e-16,7.558995e-21,2.103603e-23,2.425323e-23,4.147051e-24,2.378214e-23,1.169521e-25,1.235085e-25,1.477386e-24,6.530599e-24
-4.5240,419,1.763000e+02,9.721786e-01,5.833070e+00,-3.576137e-02,NaN,9.999985e-01,1.487538e-06,2.587045e-11,3.177047e-16,7.573923e-21,2.109287e-23,2.432339e-23,4.163411e-24,2.365054e-23,1.173647e-25,1.239924e-25,1.482107e-24,6.541574e-24
-4.5240,420,1.768000e+02,9.721056e-01,5.832632e+00,-1.070224e-01,NaN,9.999985e-01,1.507124e-06,2.614218e-11,3.224783e-16,7.631222e-21,2.115660e-23,2.438906e-23,4.176181e-24,2.385408e-23,1.178128e-25,1.243807e-25,1.486506e-24,6.564242e-24
-4.5240,421,1.773000e+02,9.720322e-01,5.832192e+00,-1.703985e-01,4.210097e-03,9.999985e-01,1.479149e-06,2.591999e-11,3.198110e-16,7.619466e-21,2.122646e-23,2.445961e-23,4.188914e-24,2.390835e-23,1.182555e-25,1.247704e-25,1.491257e-24,6.599791e-24
-4.5240,422,1.778000e+02,9.719595e-01,5.831756e+00,-3.416685e-02,NaN,9.999985e-01,1.494486e-06,2.609943e-11,3.209549e-16,7.703404e-21,2.126883e-23,2.455740e-23,4.203827e-24,2.397011e-23,1.187866e-25,1.251114e-25,1.495078e-24,6.598167e-24
-4.5240,423,1.783000e+02,9.718862e-01,5.831316e+00,1.116375e-01,NaN,9.999985e-01,1.503235e-06,2.617065e-11,3.217120e-16,7.730693e-21,2.134228e-23,2.462919e-23,4.220762e-24,2.408152e-23,1.192324e-25,1.255819e-25,1.501135e-24,6.627641e-24
-4.5240,424,1.788000e+02,9.718153e-01,5.830890e+00,-1.698705e-03,NaN,9.999985e-01,1.466541e-06,2.624555e-11,3.225954e-16,7.731154e-21,2.142499e-23,2.471894e-23,4.229972e-24,2.416092e-23,1.196410e-25,1.259983e-25,1.505079e-24,6.657027e-24
-4.5240,425,1.793000e+02,9.717427e-01,5.830455e+00,-7.305799e-02,NaN,9.999985e-01,1.501617e-06,2.624328e-11,3.216453e-16,7.789084e-21,2.148229e-23,2.481009e-23,4.245437e-24,2.423043e-23,1.201148e-25,1.263960e-25,1.508750e-24,6.657501e-24
-4.5240,426,1.798000e+02,9.716694e-01,5.830015e+00,-1.150657e-01,NaN,9.999985e-01,1.499023e-06,2.614914e-11,3.229024e-16,7.829540e-21,2.155156e-23,2.489344e-23,4.258051e-24,2.434533e-23,1.203487e-25,1.269430e-25,1.513775e-24,6.687685e-24
-4.5240,427,1.803000e+02,9.715969e-01,5.829580e+00,-1.614567e-02,NaN,9.999985e-01,1.501685e-06,2.630741e-11,3.277470e-16,7.862382e-21,2.159057e-23,2.495988e-23,4.273779e-24,2.436541e-23,1.207237e-25,1.274102e-25,1.518112e-24,6.696252e-24
-4.5240,428,1.808000e+02,9.715249e-01,5.829148e+00,-1.426359e-01,NaN,9.999985e-01,1.502833e-06,2.618646e-11,3.232628e-16,7.835968e-21,2.165788e-23,2.503097e-23,4.288107e-24,2.439339e-23,1.211219e-25,1.278542e-25,1.524139e-24,6.736949e-24
-4.5240,429,1.813000e+02,9.714529e-01,5.828716e+00,-3.012523e-02,NaN,9.999985e-01,1.462916e-06,2.630945e-11,3.260709e-16,7.880278e-21,2.172144e-23,2.509859e-23,4.300570e-24,2.452915e-23,1.217279e-25,1.281072e-25,1.528834e-24,6.754273e-24
-4.5240,430,1.818000e+02,9.713790e-01,5.828273e+00,-1.215886e-01,NaN,9.999985e-01,1.508698e-06,2.641981e-11,3.275008e-16,7.963610e-21,2.179662e-23,2.519487e-23,4.315417e-24,2.448290e-23,1.222210e-25,1.285564e-25,1.533222e-24,6.787630e-24
-4.5240,431,1.823000e+02,9.713038e-01,5.827821e+00,-1.168361e-01,4.417066e-03,9.999985e-01,1.489768e-06,2.633538e-11,3.273498e-16,7.967499e-21,2.185906e-23,2.527130e-23,4.329303e-24,2.474738e-23,1.226149e-25,1.289017e-25,1.538369e-24,6.811899e-24
-4.5240,432,1.828000e+02,9.712340e-01,5.827403e+00,-1.726342e-02,NaN,9.999985e-01,1.471647e-06,2.636037e-11,3.272533e-16,7.992478e-21,2.193065e-23,2.535073e-23,4.347951e-24,2.477873e-23,1.230597e-25,1.293480e-25,1.543814e-24,6.827290e-24
-4.5240,433,1.833000e+02,9.711640e-01,5.826983e+00,6.249477e-02,NaN,9.999985e-01,1.493776e-06,2.632495e-11,3.247015e-16,7.994740e-21,2.201441e-23,2.543042e-23,4.358921e-24,2.469942e-23,1.233064e-25,1.296477e-25,1.549899e-24,6.853920e-24
-4.5240,434,1.838000e+02,9.710911e-01,5.826545e+00,1.496589e-01,NaN,9.999985e-01,1.497977e-06,2.647090e-11,3.313423e-16,8.036810e-21,2.204462e-23,2.553374e-23,4.377182e-24,2.495939e-23,1.239128e-25,1.300918e-25,1.555385e-24,6.868855e-24
-4.5240,435,1.843000e+02,9.710192e-01,5.826114e+00,4.376127e-02,NaN,9.999985e-01,1.487532e-06,2.637658e-11,3.303483e-16,8.078073e-21,2.216202e-23,2.562998e-23,4.388616e-24,2.490115e-23,1.243147e-25,1.304870e-25,1.561487e-24,6.885728e-24
-4.5240,436,1.848000e+02,9.709473e-01,5.825682e+00,4.827856e-02,NaN,9.999985e-01,1.517299e-06,2.654940e-11,3.330797e-16,8.108881e-21,2.222061e-23,2.571854e-23,4.395136e-24,2.494424e-23,1.246035e-25,1.307802e-25,1.566922e-24,6.911860e-24
-4.5240,437,1.853000e+02,9.708745e-01,5.825246e+00,-3.038724e-02,NaN,9.999986e-01,1.448856e-06,2.655238e-11,3.312600e-16,8.096757e-21,2.232858e-23,2.581703e-23,4.404940e-24,2.508829e-23,1.249429e-25,1.312408e-25,1.571274e-24,6.928440e-24
-4.5240,438,1.858000e+02,9.708059e-01,5.824834e+00,7.009227e-02,NaN,9.999985e-01,1.490655e-06,2.663795e-11,3.319076e-16,8.246894e-21,2.238298e-23,2.590084e-23,4.415364e-24,2.515764e-23,1.252832e-25,1.316101e-25,1.576198e-24,6.953452e-24
-4.5240,439,1.863000e+02,9.707348e-01,5.824408e+00,1.454789e-01,NaN,9.999985e-01,1.458259e-06,2.663935e-11,3.324507e-16,8.198306e-21,2.247663e-23,2.599312e-23,4.429736e-24,2.516930e-23,1.256861e-25,1.319762e-25,1.580073e-24,6.987706e-24
-4.5240,440,1.868000e+02,9.706651e-01,5.823989e+00,-7.517055e-02,NaN,9.999985e-01,1.501939e-06,2.663179e-11,3.322939e-16,8.237608e-21,2.252702e-23,2.607877e-23,4.449770e-24,2.529861e-23,1.260206e-25,1.323981e-25,1.583585e-24,6.991027e-24
-4.5240,441,1.873000e+02,9.705956e-01,5.823572e+00,6.419588e-02,5.195084e-03,9.999985e-01,1.478530e-06,2.670520e-11,3.350355e-16,8.277237e-21,2.256775e-23,2.615236e-23,4.460148e-24,2.538061e-23,1.262251e-25,1.328703e-25,1.587664e-24,7.010332e-24
-4.5240,442,1.878000e+02,9.705248e-01,5.823147e+00,1.349865e-01,NaN,9.999985e-01,1.479593e-06,2.668115e-11,3.366877e-16,8.253127e-21,2.263830e-23,2.624074e-23,4.475007e-24,2.554526e-23,1.267012e-25,1.334562e-25,1.592724e-24,7.036708e-24
-4.5240,443,1.883000e+02,9.704539e-01,5.822722e+00,5.285640e-02,NaN,9.999985e-01,1.490643e-06,2.674004e-11,3.387642e-16,8.329122e-21,2.271827e-23,2.634218e-23,4.485755e-24,2.564349e-23,1.272515e-25,1.337933e-25,1.598838e-24,7.049993e-24
-4.5240,444,1.888000e+02,9.703817e-01,5.822289e+00,3.312682e-02,NaN,9.999985e-01,1.482373e-06,2.680563e-11,3.387947e-16,8.386452e-21,2.279175e-23,2.641758e-23,4.501745e-24,2.557321e-23,1.275086e-25,1.343284e-25,1.605085e-24,7.070196e-24
-4.5240,445,1.893000e+02,9.703114e-01,5.821867e+00,-1.055273e-01,NaN,9.999985e-01,1.464588e-06,2.666796e-11,3.370046e-16,8.338067e-21,2.286960e-23,2.648729e-23,4.517321e-24,2.578160e-23,1.278548e-25,1.347938e-25,1.608471e-24,7.099309e-24
-4.5240,446,1.898000e+02,9.702426e-01,5.821454e+00,-2.948953e-02,NaN,9.999985e-01,1.505226e-06,2.691839e-11,3.374409e-16,8.412205e-21,2.294499e-23,2.656428e-23,4.533843e-24,2.586332e-23,1.283345e-25,1.352716e-25,1.613381e-24,7.134435e-24
-4.5240,447,1.903000e+02,9.701727e-01,5.821035e+00,-7.957134e-02,NaN,9.999985e-01,1.480877e-06,2.684358e-11,3.393911e-16,8.410177e-21,2.301855e-23,2.663287e-23,4.545394e-24,2.582174e-23,1.286520e-25,1.355922e-25,1.615241e-24,7.144636e-24
-4.5240,448,1.908000e+02,9.701044e-01,5.820625e+00,-7.316090e-02,NaN,9.999985e-01,1.464688e-06,2.688785e-11,3.406681e-16,8.456872e-21,2.310166e-23,2.669521e-23,4.565827e-24,2.591885e-23,1.290126e-25,1.359199e-25,1.618328e-24,7.176731e-24
-4.5240,449,1.913000e+02,9.700371e-01,5.820221e+00,-2.685840e-02,NaN,9.999986e-01,1.447215e-06,2.691398e-11,3.394889e-16,8.506025e-21,2.316746e-23,2.677613e-23,4.576598e-24,2.595276e-23,1.294694e-25,1.363160e-25,1.623713e-24,7.188373e-24
-4.5240,450,1.918000e+02,9.699683e-01,5.819808e+00,4.667611e-02,NaN,9.999985e-01,1.507090e-06,2.687519e-11,3.431593e-16,8.550343e-21,2.325588e-23,2.683563e-23,4.584929e-24,2.608675e-23,1.299645e-25,1.365444e-25,1.627327e-24,7.197239e-24
-4.5240,451,1.923000e+02,9.699001e-01,5.819399e+00,2.108467e-02,4.727862e-03,9.999986e-01,1.448562e-06,2.693442e-11,3.431039e-16,8.532389e-21,2.333459e-23,2.694202e-23,4.597407e-24,2.614795e-23,1.304331e-25,1.370471e-25,1.632860e-24,7.204382e-24
-4.5240,452,1.928000e+02,9.698305e-01,5.818981e+00,-2.401747e-02,NaN,9.999985e-01,1.508377e-06,2.701261e-11,3.462027e-16,8.525286e-21,2.340908e-23,2.703165e-23,4.605863e-24,2.621507e-23,1.309286e-25,1.374428e-25,1.635929e-24,7.222247e-24
-4.5240,453,1.933000e+02,9.697589e-01,5.818552e+00,5.570659e-02,NaN,9.999985e-01,1.471678e-06,2.700839e-11,3.437992e-16,8.591512e-21,2.347273e-23,2.712621e-23,4.622865e-24,2.628097e-23,1.312370e-25,1.377234e-25,1.639105e-24,7.237588e-24
-4.5240,454,1.938000e+02,9.696899e-01,5.818138e+00,8.804312e-02,NaN,9.999985e-01,1.479859e-06,2.720721e-11,3.460643e-16,8.641657e-21,2.354695e-23,2.720891e-23,4.635076e-24,2.642443e-23,1.315234e-25,1.382722e-25,1.645041e-24,7.266296e-24
-4.5240,455,1.943000e+02,9.696202e-01,5.817720e+00,-5.278473e-02,NaN,9.999985e-01,1.469734e-06,2.703163e-11,3.451577e-16,8.651200e-21,2.361312e-23,2.728748e-23,4.647482e-24,2.642110e-23,1.318417e-25,1.386362e-25,1.649880e-24,7.281610e-24
-4.5240,456,1.948000e+02,9.695539e-01,5.817322e+00,5.484595e-02,NaN,9.999986e-01,1.437715e-06,2.709807e-11,3.478741e-16,8.643498e-21,2.366742e-23,2.738636e-23,4.657580e-24,2.671076e-23,1.322413e-25,1.389595e-25,1.654749e-24,7.303128e-24
-4.5240,457,1.953000e+02,9.694864e-01,5.816917e+00,2.750120e-02,NaN,9.999985e-01,1.479252e-06,2.715510e-11,3.473725e-16,8.700640e-21,2.374423e-23,2.744458e-23,4.673009e-24,2.678118e-23,1.326937e-25,1.394975e-25,1.659677e-24,7.324339e-24
-4.5240,458,1.958000e+02,9.694175e-01,5.816503e+00,3.294106e-02,NaN,9.999985e-01,1.460614e-06,2.712090e-11,3.487490e-16,8.724524e-21,2.379839e-23,2.754982e-23,4.686581e-24,2.663734e-23,1.328078e-25,1.400945e-25,1.664454e-24,7.340763e-24
-4.5240,459,1.963000e+02,9.693501e-01,5.816099e+00,1.266978e-01,NaN,9.999985e-01,1.458074e-06,2.739723e-11,3.508563e-16,8.825163e-21,2.384281e-23,2.764067e-23,4.699245e-24,2.685322e-23,1.333250e-25,1.404225e-25,1.669027e-24,7.356091e-24
-4.5240,460,1.968000e+02,9.692814e-01,5.815687e+00,2.034519e-01,NaN,9.999985e-01,1.479876e-06,2.728446e-11,3.500022e-16,8.794988e-21,2.391265e-23,2.768501e-23,4.713670e-24,2.686152e-23,1.338633e-25,1.409317e-25,1.675358e-24,7.375865e-24
-4.5240,461,1.973000e+02,9.692142e-01,5.815284e+00,1.456483e-01,4.183740e-03,9.999986e-01,1.439809e-06,2.733451e-11,3.499475e-16,8.830127e-21,2.403518e-23,2.779385e-23,4.732097e-24,2.692965e-23,1.341925e-25,1.412761e-25,1.680473e-24,7.398382e-24
-4.5240,462,1.978000e+02,9.691475e-01,5.814884e+00,-1.558805e-01,NaN,9.999985e-01,1.475053e-06,2.724110e-11,3.491736e-16,8.874588e-21,2.407915e-23,2.791936e-23,4.745692e-24,2.713270e-23,1.345589e-25,1.416789e-25,1.685470e-24,7.413999e-24
-4.5240,463,1.983000e+02,9.690806e-01,5.814482e+00,-3.639288e-02,NaN,9.999985e-01,1.459672e-06,2.753628e-11,3.508045e-16,8.854497e-21,2.415072e-23,2.802076e-23,4.760505e-24,2.713243e-23,1.348582e-25,1.422368e-25,1.690111e-24,7.428038e-24
-4.5240,464,1.988000e+02,9.690147e-01,5.814087e+00,1.495514e-01,NaN,9.999985e-01,1.486705e-06,2.754895e-11,3.539039e-16,8.884580e-21,2.422935e-23,2.808746e-23,4.772263e-24,2.717047e-23,1.349997e-25,1.426769e-25,1.696916e-24,7.457633e-24
-4.5240,465,1.993000e+02,9.689463e-01,5.813676e+00,-2.931718e-02,NaN,9.999985e-01,1.474838e-06,2.760503e-11,3.521478e-16,8.908879e-21,2.429341e-23,2.816647e-23,4.790316e-24,2.734938e-23,1.354582e-25,1.431743e-25,1.701962e-24,7.460246e-24
-4.5240,466,1.998000e+02,9.688788e-01,5.813271e+00,1.168935e-01,NaN,9.999985e-01,1.475216e-06,2.765180e-11,3.567881e-16,8.994845e-21,2.435253e-23,2.824249e-23,4.796170e-24,2.730612e-23,1.361167e-25,1.435817e-25,1.706748e-24,7.491308e-24
-4.5240,467,2.003000e+02,9.688109e-01,5.812864e+00,2.040029e-01,NaN,9.999985e-01,1.457067e-06,2.757978e-11,3.548335e-16,8.981779e-21,2.442719e-23,2.830297e-23,4.811428e-24,2.740305e-23,1.364338e-25,1.439925e-25,1.712650e-24,7.516468e-24
-4.5240,468,2.008000e+02,9.687449e-01,5.812468e+00,4.731533e-03,NaN,9.999986e-01,1.428534e-06,2.751209e-11,3.557559e-16,9.018783e-21,2.450373e-23,2.839033e-23,4.827296e-24,2.750814e-23,1.367912e-25,1.445316e-25,1.715907e-24,7.527684e-24
-4.5240,469,2.013000e+02,9.686780e-01,5.812066e+00,2.026680e-02,NaN,9.999985e-01,1.467059e-06,2.755959e-11,3.547715e-16,9.031688e-21,2.457997e-23,2.851063e-23,4.835602e-24,2.744756e-23,1.371865e-25,1.450427e-25,1.720156e-24,7.548014e-24
-4.5240,470,2.018000e+02,9.686091e-01,5.811653e+00,-3.655971e-02,NaN,9.999985e-01,1.475608e-06,2.758337e-11,3.572867e-16,9.072126e-21,2.463975e-23,2.858038e-23,4.843063e-24,2.762710e-23,1.374865e-25,1.455157e-25,1.726269e-24,7.574451e-24
-4.5240,471,2.023000e+02,9.685415e-01,5.811248e+00,3.888240e-02,4.706553e-03,9.999985e-01,1.456009e-06,2.757801e-11,3.563259e-16,9.101588e-21,2.471918e-23,2.866458e-23,4.852453e-24,2.768602e-23,1.379615e-25,1.462226e-25,1.734924e-24,7.612869e-24
-4.5240,472,2.028000e+02,9.684758e-01,5.810853e+00,-3.060575e-02,NaN,9.999985e-01,1.460832e-06,2.761663e-11,3.586068e-16,9.137078e-21,2.477755e-23,2.879748e-23,4.867114e-24,2.763331e-23,1.383157e-25,1.464861e-25,1.736839e-24,7.630076e-24
-4.5240,473,2.033000e+02,9.684082e-01,5.810448e+00,-2.248442e-01,NaN,9.999985e-01,1.481090e-06,2.773238e-11,3.605071e-16,9.160454e-21,2.481392e-23,2.886891e-23,4.882151e-24,2.777061e-23,1.384817e-25,1.469536e-25,1.743972e-24,7.646470e-24
-4.5240,474,2.038000e+02,9.683405e-01,5.810041e+00,-1.483554e-01,NaN,9.999986e-01,1.443006e-06,2.770246e-11,3.553789e-16,9.128071e-21,2.486476e-23,2.894792e-23,4.891720e-24,2.780641e-23,1.387040e-25,1.473004e-25,1.750207e-24,7.700272e-24
-4.5240,475,2.043000e+02,9.682757e-01,5.809653e+00,-5.775148e-02,NaN,9.999986e-01,1.435173e-06,2.773538e-11,3.591898e-16,9.250340e-21,2.499326e-23,2.906298e-23,4.909011e-24,2.788834e-23,1.391835e-25,1.475724e-25,1.754575e-24,7.695277e-24
-4.5240,476,2.048000e+02,9.682101e-01,5.809259e+00,-2.933915e-01,NaN,9.999985e-01,1.467913e-06,2.778891e-11,3.630592e-16,9.204493e-21,2.506013e-23,2.913745e-23,4.917265e-24,2.809018e-23,1.397273e-25,1.480272e-25,1.760158e-24,7.712800e-24
-4.5240,477,2.053000e+02,9.681442e-01,5.808864e+00,-1.149072e-01,NaN,9.999986e-01,1.439508e-06,2.784209e-11,3.640030e-16,9.287866e-21,2.515143e-23,2.919528e-23,4.932159e-24,2.805647e-23,1.401345e-25,1.483360e-25,1.764659e-24,7.727812e-24
-4.5240,478,2.058000e+02,9.680785e-01,5.808469e+00,-7.130705e-02,NaN,9.999985e-01,1.450535e-06,2.778157e-11,3.650224e-16,9.268982e-21,2.519534e-23,2.926291e-23,4.944621e-24,2.807250e-23,1.405080e-25,1.488681e-25,1.768047e-24,7.753765e-24
-4.5240,479,2.063000e+02,9.680131e-01,5.808077e+00,-2.641787e-03,NaN,9.999986e-01,1.445483e-06,2.777407e-11,3.636442e-16,9.297873e-21,2.523790e-23,2.933766e-23,4.969580e-24,2.825838e-23,1.409561e-25,1.493727e-25,1.772006e-24,7.759850e-24
-4.5240,480,2.068000e+02,9.679445e-01,5.807665e+00,-8.685007e-02,NaN,9.999985e-01,1.467052e-06,2.798748e-11,3.647983e-16,9.398385e-21,2.531836e-23,2.942062e-23,4.986800e-24,2.826338e-23,1.414648e-25,1.498920e-25,1.779430e-24,7.789734e-24
-4.5240,481,2.073000e+02,9.678782e-01,5.807268e+00,-1.975456e-01,4.516228e-03,9.999986e-01,1.414294e-06,2.786242e-11,3.626943e-16,9.363100e-21,2.536960e-23,2.946430e-23,4.998151e-24,2.850069e-23,1.419115e-25,1.503058e-25,1.783209e-24,7.813100e-24
-4.5240,482,2.078000e+02,9.678117e-01,5.806869e+00,1.056874e-02,NaN,9.999985e-01,1.474739e-06,2.823419e-11,3.674838e-16,9.438738e-21,2.546192e-23,2.953571e-23,5.019355e-24,2.858654e-23,1.423649e-25,1.505587e-25,1.789463e-24,7.833495e-24
-4.5240,483,2.083000e+02,9.677447e-01,5.806467e+00,-1.592649e-01,NaN,9.999985e-01,1.453902e-06,2.805585e-11,3.667791e-16,9.457043e-21,2.552447e-23,2.962403e-23,5.040080e-24,2.851030e-23,1.427983e-25,1.509488e-25,1.794491e-24,7.848757e-24
-4.5240,484,2.088000e+02,9.676787e-01,5.806071e+00,-8.194613e-02,NaN,9.999985e-01,1.455895e-06,2.805636e-11,3.654621e-16,9.471844e-21,2.563954e-23,2.972504e-23,5.045771e-24,2.863371e-23,1.431353e-25,1.514266e-25,1.800156e-24,7.865107e-24
-4.5240,485,2.093000e+02,9.676134e-01,5.805679e+00,-5.663920e-02,NaN,9.999985e-01,1.455723e-06,2.801643e-11,3.664689e-16,9.507681e-21,2.572025e-23,2.982088e-23,5.060083e-24,2.863083e-23,1.433633e-25,1.519272e-25,1.806035e-24,7.892725e-24
-4.5240,486,2.098000e+02,9.675471e-01,5.805281e+00,-2.033062e-01,NaN,9.999985e-01,1.458209e-06,2.803090e-11,3.662164e-16,9.436222e-21,2.579520e-23,2.987238e-23,5.071156e-24,2.865683e-23,1.437032e-25,1.523069e-25,1.810549e-24,7.921697e-24
-4.5240,487,2.103000e+02,9.674799e-01,5.804878e+00,-1.090996e-01,NaN,9.999985e-01,1.471037e-06,2.823545e-11,3.701703e-16,9.542483e-21,2.586689e-23,2.993656e-23,5.090035e-24,2.878229e-23,1.440806e-25,1.527952e-25,1.815575e-24,7.946496e-24
-4.5240,488,2.108000e+02,9.674124e-01,5.804473e+00,1.373138e-01,NaN,9.999986e-01,1.443153e-06,2.821533e-11,3.698112e-16,9.555290e-21,2.593581e-23,3.005250e-23,5.109081e-24,2.883046e-23,1.446307e-25,1.529273e-25,1.820733e-24,7.963994e-24
-4.5240,489,2.113000e+02,9.673467e-01,5.804079e+00,3.231614e-03,NaN,9.999985e-01,1.459214e-06,2.816588e-11,3.723203e-16,9.596245e-21,2.604177e-23,3.013038e-23,5.122256e-24,2.885155e-23,1.451184e-25,1.531724e-25,1.823905e-24,7.981900e-24
-4.5240,490,2.118000e+02,9.672805e-01,5.803681e+00,-1.583487e-01,NaN,9.999985e-01,1.454678e-06,2.824815e-11,3.685066e-16,9.665036e-21,2.609224e-23,3.019213e-23,5.131757e-24,2.894763e-23,1.453968e-25,1.537141e-25,1.831274e-24,7.993252e-24
-4.5240,491,2.123000e+02,9.672151e-01,5.803289e+00,-1.999804e-01,5.384290e-03,9.999986e-01,1.435775e-06,2.831795e-11,3.703924e-16,9.669938e-21,2.618684e-23,3.027512e-23,5.144501e-24,2.898907e-23,1.457913e-25,1.541819e-25,1.837687e-24,8.014154e-24
-4.5240,492,2.128000e+02,9.671530e-01,5.802917e+00,-2.989362e-03,NaN,9.999985e-01,1.457825e-06,2.849599e-11,3.736386e-16,9.686039e-21,2.626731e-23,3.038682e-23,5.158193e-24,2.911008e-23,1.462584e-25,1.545270e-25,1.842946e-24,8.036825e-24
-4.5240,493,2.133000e+02,9.670879e-01,5.802526e+00,1.361423e-02,NaN,9.999985e-01,1.456644e-06,2.837947e-11,3.743758e-16,9.725941e-21,2.635359e-23,3.044885e-23,5.171298e-24,2.932785e-23,1.467361e-25,1.550341e-25,1.845655e-24,8.062518e-24
-4.5240,494,2.138000e+02,9.670233e-01,5.802138e+00,5.349511e-02,NaN,9.999985e-01,1.466202e-06,2.842171e-11,3.730803e-16,9.730664e-21,2.640328e-23,3.052380e-23,5.186160e-24,2.920796e-23,1.472825e-25,1.555045e-25,1.848814e-24,8.083666e-24
-4.5240,495,2.143000e+02,9.669583e-01,5.801748e+00,-8.855020e-02,NaN,9.999986e-01,1.446627e-06,2.845347e-11,3.732904e-16,9.735716e-21,2.647295e-23,3.059947e-23,5.197474e-24,2.939213e-23,1.477683e-25,1.561683e-25,1.852525e-24,8.113791e-24
-4.5240,496,2.148000e+02,9.668931e-01,5.801357e+00,9.684275e-03,NaN,9.999986e-01,1.438850e-06,2.849668e-11,3.769080e-16,9.828105e-21,2.654569e-23,3.067329e-23,5.213610e-24,2.948957e-23,1.480012e-25,1.565603e-25,1.858620e-24,8.146744e-24
-4.5240,497,2.153000e+02,9.668274e-01,5.800963e+00,1.504417e-01,NaN,9.999985e-01,1.458567e-06,2.855123e-11,3.759946e-16,9.861870e-21,2.662251e-23,3.076143e-23,5.226657e-24,2.940709e-23,1.483803e-25,1.572976e-25,1.864055e-24,8.165782e-24
-4.5240,498,2.158000e+02,9.667629e-01,5.800576e+00,8.038884e-02,NaN,9.999986e-01,1.426662e-06,2.858395e-11,3.766518e-16,9.878803e-21,2.671688e-23,3.084684e-23,5.231510e-24,2.958810e-23,1.487867e-25,1.576206e-25,1.869385e-24,8.179769e-24
-4.5240,499,2.163000e+02,9.666997e-01,5.800197e+00,-1.301717e-01,NaN,9.999986e-01,1.447637e-06,2.875703e-11,3.785387e-16,9.882595e-21,2.673300e-23,3.092116e-23,5.243970e-24,2.955029e-23,1.491091e-25,1.581288e-25,1.875225e-24,8.218786e-24
-4.5240,500,2.168000e+02,9.666345e-01,5.799805e+00,-1.049526e-02,NaN,9.999986e-01,1.449144e-06,2.865415e-11,3.765366e-16,9.884165e-21,2.683193e-23,3.097161e-23,5.254368e-24,2.958532e-23,1.496547e-25,1.584182e-25,1.879093e-24,8.229250e-24
-4.5240,501,2.173000e+02,9.665669e-01,5.799400e+00,-1.352608e-01,5.357062e-03,9.999986e-01,1.448029e-06,2.873368e-11,3.802108e-16,9.969378e-21,2.690783e-23,3.103028e-23,5.275526e-24,2.970080e-23,1.500172e-25,1.588252e-25,1.885249e-24,8.244668e-24
-4.5240,502,2.178000e+02,9.665023e-01,5.799012e+00,1.688890e-01,NaN,9.999986e-01,1.429839e-06,2.854899e-11,3.779159e-16,9.991523e-21,2.699042e-23,3.114635e-23,5.292856e-24,2.981610e-23,1.504475e-25,1.592208e-25,1.889890e-24,8.261836e-24
-4.5240,503,2.183000e+02,9.664386e-01,5.798630e+00,-7.974949e-02,NaN,9.999985e-01,1.482481e-06,2.876117e-11,3.797536e-16,1.004196e-20,2.709548e-23,3.126406e-23,5.305142e-24,2.979384e-23,1.509798e-25,1.598692e-25,1.892338e-24,8.295908e-24
-4.5240,504,2.188000e+02,9.663744e-01,5.798245e+00,-3.732924e-02,NaN,9.999986e-01,1.443089e-06,2.877195e-11,3.794978e-16,9.996202e-21,2.714032e-23,3.135539e-23,5.318761e-24,2.996412e-23,1.513803e-25,1.602155e-25,1.895740e-24,8.319710e-24
-4.5240,505,2.193000e+02,9.663117e-01,5.797869e+00,-1.575923e-01,NaN,9.999986e-01,1.434858e-06,2.877684e-11,3.805758e-16,1.009195e-20,2.724875e-23,3.146786e-23,5.337925e-24,2.997019e-23,1.517867e-25,1.607073e-25,1.899955e-24,8.350662e-24
-4.5240,506,2.198000e+02,9.662485e-01,5.797490e+00,-2.691990e-04,NaN,9.999986e-01,1.440342e-06,2.880560e-11,3.810187e-16,1.008274e-20,2.725545e-23,3.156623e-23,5.351068e-24,3.014154e-23,1.523778e-25,1.610061e-25,1.903419e-24,8.372095e-24
-4.5240,507,2.203000e+02,9.661853e-01,5.797110e+00,4.597934e-02,NaN,9.999985e-01,1.463691e-06,2.879982e-11,3.805619e-16,1.012145e-20,2.735068e-23,3.160933e-23,5.366109e-24,3.024583e-23,1.526900e-25,1.612665e-25,1.907521e-24,8.374122e-24
-4.5240,508,2.208000e+02,9.661209e-01,5.796724e+00,1.166449e-01,NaN,9.999986e-01,1.419241e-06,2.887429e-11,3.830457e-16,1.017620e-20,2.740639e-23,3.170724e-23,5.378894e-24,3.014777e-23,1.532673e-25,1.615934e-25,1.913639e-24,8.391599e-24
-4.5240,509,2.213000e+02,9.660576e-01,5.796344e+00,-1.056775e-01,NaN,9.999985e-01,1.464128e-06,2.892660e-11,3.837837e-16,1.021355e-20,2.746521e-23,3.182055e-23,5.389719e-24,3.029819e-23,1.536484e-25,1.620730e-25,1.916074e-24,8.408764e-24
-4.5240,510,2.218000e+02,9.659943e-01,5.795965e+00,-3.709547e-02,NaN,9.999986e-01,1.444588e-06,2.904859e-11,3.848499e-16,1.021008e-20,2.755971e-23,3.193412e-23,5.404395e-24,3.032324e-23,1.541624e-25,1.624795e-25,1.919878e-24,8.428218e-24
-4.5240,511,2.223000e+02,9.659307e-01,5.795583e+00,7.429644e-02,4.520611e-03,9.999985e-01,1.453374e-06,2.899352e-11,3.889575e-16,1.030563e-20,2.764106e-23,3.200181e-23,5.417957e-24,3.036760e-23,1.544841e-25,1.628998e-25,1.925412e-24,8.461986e-24
-4.5240,512,2.228000e+02,9.658682e-01,5.795208e+00,8.644384e-02,NaN,9.999986e-01,1.431629e-06,2.902912e-11,3.862189e-16,1.026107e-20,2.768702e-23,3.209534e-23,5.429972e-24,3.048553e-23,1.547091e-25,1.633407e-25,1.930537e-24,8.487990e-24
-4.5240,513,2.233000e+02,9.658047e-01,5.794827e+00,2.644420e-04,NaN,9.999986e-01,1.435464e-06,2.912052e-11,3.898153e-16,1.033310e-20,2.774599e-23,3.219777e-23,5.442976e-24,3.050647e-23,1.551646e-25,1.636359e-25,1.936512e-24,8.520134e-24
-4.5240,514,2.238000e+02,9.657401e-01,5.794439e+00,8.789280e-02,NaN,9.999985e-01,1.455964e-06,2.896415e-11,3.892168e-16,1.032453e-20,2.784391e-23,3.230852e-23,5.459458e-24,3.056282e-23,1.558512e-25,1.640485e-25,1.941754e-24,8.558069e-24
-4.5240,515,2.243000e+02,9.656752e-01,5.794050e+00,4.659846e-02,NaN,9.999985e-01,1.477988e-06,2.914918e-11,3.888926e-16,1.032984e-20,2.793129e-23,3.240301e-23,5.470196e-24,3.067687e-23,1.561204e-25,1.645681e-25,1.946248e-24,8.576220e-24
-4.5240,516,2.248000e+02,9.656105e-01,5.793662e+00,4.235648e-03,NaN,9.999986e-01,1.428697e-06,2.899165e-11,3.901266e-16,1.042458e-20,2.800503e-23,3.250440e-23,5.490599e-24,3.066640e-23,1.567771e-25,1.651609e-25,1.951952e-24,8.597438e-24
-4.5240,517,2.253000e+02,9.655484e-01,5.793289e+00,-4.801205e-02,NaN,9.999986e-01,1.405874e-06,2.908631e-11,3.891770e-16,1.043620e-20,2.808055e-23,3.259677e-23,5.504286e-24,3.080351e-23,1.573012e-25,1.656372e-25,1.956937e-24,8.632655e-24
-4.5240,518,2.258000e+02,9.654857e-01,5.792913e+00,-4.400969e-02,NaN,9.999986e-01,1.446876e-06,2.911952e-11,3.922285e-16,1.044679e-20,2.813938e-23,3.272307e-23,5.512804e-24,3.097782e-23,1.576403e-25,1.658805e-25,1.961462e-24,8.646303e-24
-4.5240,519,2.263000e+02,9.654239e-01,5.792542e+00,1.121407e-01,NaN,9.999986e-01,1.428415e-06,2.919100e-11,3.922113e-16,1.047324e-20,2.821108e-23,3.283867e-23,5.523954e-24,3.082774e-23,1.579961e-25,1.665771e-25,1.965782e-24,8.670714e-24
-4.5240,520,2.268000e+02,9.653619e-01,5.792170e+00,6.643369e-02,NaN,9.999986e-01,1.443994e-06,2.921221e-11,3.933795e-16,1.048564e-20,2.826385e-23,3.291902e-23,5.541977e-24,3.102683e-23,1.583537e-25,1.668962e-25,1.969384e-24,8.683727e-24
-4.5240,521,2.273000e+02,9.652991e-01,5.791793e+00,6.230861e-02,5.425968e-03,9.999985e-01,1.463516e-06,2.932953e-11,3.931686e-16,1.055879e-20,2.834911e-23,3.301393e-23,5.553152e-24,3.108460e-23,1.589062e-25,1.674973e-25,1.973837e-24,8.720442e-24
-4.5240,522,2.278000e+02,9.652363e-01,5.791416e+00,1.263166e-01,NaN,9.999986e-01,1.440740e-06,2.936678e-11,3.939039e-16,1.054060e-20,2.846645e-23,3.305655e-23,5.571082e-24,3.102305e-23,1.593001e-25,1.680236e-25,1.981085e-24,8.749042e-24
-4.5240,523,2.283000e+02,9.651734e-01,5.791039e+00,-3.292925e-02,NaN,9.999986e-01,1.425425e-06,2.932830e-11,3.950959e-16,1.059612e-20,2.855450e-23,3.314520e-23,5.585779e-24,3.118698e-23,1.596195e-25,1.684330e-25,1.986745e-24,8.764320e-24
-4.5240,524,2.288000e+02,9.651099e-01,5.790658e+00,-4.000390e-02,NaN,9.999985e-01,1.451855e-06,2.933394e-11,3.957318e-16,1.061445e-20,2.866117e-23,3.317830e-23,5.599144e-24,3.121251e-23,1.600182e-25,1.689034e-25,1.993047e-24,8.788208e-24
-4.5240,525,2.293000e+02,9.650460e-01,5.790275e+00,3.688198e-01,NaN,9.999985e-01,1.450504e-06,2.938021e-11,3.997797e-16,1.067313e-20,2.869838e-23,3.324401e-23,5.606852e-24,3.128381e-23,1.603922e-25,1.693740e-25,1.998360e-24,8.784982e-24
-4.5240,526,2.298000e+02,9.649817e-01,5.789889e+00,5.704384e-02,NaN,9.999985e-01,1.457991e-06,2.938714e-11,3.979300e-16,1.070372e-20,2.878686e-23,3.329236e-23,5.621182e-24,3.155788e-23,1.608247e-25,1.699110e-25,2.002031e-24,8.806978e-24
-4.5240,527,2.303000e+02,9.649184e-01,5.789509e+00,-3.975431e-02,NaN,9.999986e-01,1.429986e-06,2.944606e-11,4.001840e-16,1.075733e-20,2.885545e-23,3.339081e-23,5.632192e-24,3.155854e-23,1.611800e-25,1.704307e-25,2.005339e-24,8.825217e-24
-4.5240,528,2.308000e+02,9.648559e-01,5.789134e+00,-1.860750e-01,NaN,9.999986e-01,1.436841e-06,2.952230e-11,3.981817e-16,1.073335e-20,2.894760e-23,3.346716e-23,5.648097e-24,3.157703e-23,1.616540e-25,1.708062e-25,2.008811e-24,8.837617e-24
-4.5240,529,2.313000e+02,9.647933e-01,5.788759e+00,-3.791800e-02,NaN,9.999986e-01,1.425135e-06,2.954438e-11,3.981790e-16,1.079671e-20,2.904977e-23,3.353101e-23,5.665436e-24,3.173424e-23,1.621560e-25,1.713927e-25,2.012070e-24,8.869567e-24
-4.5240,530,2.318000e+02,9.647333e-01,5.788399e+00,-8.311807e-02,NaN,9.999986e-01,1.422545e-06,2.951295e-11,3.986129e-16,1.079932e-20,2.912976e-23,3.359912e-23,5.683544e-24,3.169964e-23,1.627336e-25,1.718612e-25,2.017349e-24,8.892558e-24
-4.5240,531,2.323000e+02,9.646709e-01,5.788024e+00,-1.848107e-02,4.511243e-03,9.999986e-01,1.423997e-06,2.960772e-11,3.996864e-16,1.090294e-20,2.920825e-23,3.366751e-23,5.699385e-24,3.186601e-23,1.631916e-25,1.722680e-25,2.023199e-24,8.922552e-24
-4.5240,532,2.328000e+02,9.646088e-01,5.787652e+00,1.236668e-02,NaN,9.999986e-01,1.427195e-06,2.964746e-11,4.027702e-16,1.090115e-20,2.928414e-23,3.379831e-23,5.716836e-24,3.204161e-23,1.638266e-25,1.727742e-25,2.029864e-24,8.932885e-24
-4.5240,533,2.333000e+02,9.645459e-01,5.787274e+00,1.041313e-01,NaN,9.999986e-01,1.439474e-06,2.967468e-11,4.022025e-16,1.088709e-20,2.939319e-23,3.392248e-23,5.737628e-24,3.191869e-23,1.641621e-25,1.730922e-25,2.033473e-24,8.938231e-24
-4.5240,534,2.338000e+02,9.644837e-01,5.786901e+00,5.142985e-02,NaN,9.999986e-01,1.446388e-06,2.970095e-11,4.027117e-16,1.099021e-20,2.947489e-23,3.402321e-23,5.759784e-24,3.212697e-23,1.644233e-25,1.736234e-25,2.037619e-24,8.962408e-24
-4.5240,535,2.343000e+02,9.644208e-01,5.786523e+00,-7.316256e-02,NaN,9.999986e-01,1.429732e-06,2.967909e-11,4.026324e-16,1.102000e-20,2.957946e-23,3.411249e-23,5.775255e-24,3.210187e-23,1.648328e-25,1.742245e-25,2.041436e-24,8.981613e-24
-4.5240,536,2.348000e+02,9.643601e-01,5.786159e+00,5.325360e-02,NaN,9.999986e-01,1.439193e-06,2.988063e-11,4.025250e-16,1.097422e-20,2.964738e-23,3.422694e-23,5.786811e-24,3.215098e-23,1.652166e-25,1.746633e-25,2.045736e-24,9.002136e-24
-4.5240,537,2.353000e+02,9.642984e-01,5.785789e+00,6.257818e-02,NaN,9.999986e-01,1.404487e-06,2.975058e-11,4.047540e-16,1.099436e-20,2.971063e-23,3.428005e-23,5.800836e-24,3.229118e-23,1.654533e-25,1.753579e-25,2.049910e-24,9.027800e-24
-4.5240,538,2.358000e+02,9.642375e-01,5.785424e+00,2.576717e-02,NaN,9.999986e-01,1.423129e-06,2.985144e-11,4.053020e-16,1.101110e-20,2.981451e-23,3.437285e-23,5.811171e-24,3.233043e-23,1.658478e-25,1.757907e-25,2.055573e-24,9.040449e-24
-4.5240,539,2.363000e+02,9.641784e-01,5.785069e+00,-4.118103e-02,NaN,9.999986e-01,1.403637e-06,2.990341e-11,4.086664e-16,1.105980e-20,2.991321e-23,3.445999e-23,5.826177e-24,3.240053e-23,1.663338e-25,1.763580e-25,2.060280e-24,9.071295e-24
-4.5240,540,2.368000e+02,9.641189e-01,5.784712e+00,-8.377455e-02,NaN,9.999986e-01,1.426476e-06,2.991449e-11,4.065114e-16,1.115326e-20,2.999372e-23,3.455740e-23,5.840327e-24,3.254026e-23,1.666024e-25,1.767595e-25,2.062951e-24,9.080879e-24
-4.5240,541,2.373000e+02,9.640588e-01,5.784351e+00,-1.113407e-01,4.723238e-03,9.999986e-01,1.414949e-06,2.997960e-11,4.092880e-16,1.116772e-20,3.006890e-23,3.463206e-23,5.852042e-24,3.251184e-23,1.672536e-25,1.772871e-25,2.067787e-24,9.105974e-24
-4.5240,542,2.378000e+02,9.639983e-01,5.783989e+00,-1.794567e-01,NaN,9.999986e-01,1.431085e-06,2.987167e-11,4.102536e-16,1.117570e-20,3.014440e-23,3.472475e-23,5.867166e-24,3.264531e-23,1.677270e-25,1.778406e-25,2.074725e-24,9.129468e-24
-4.5240,543,2.383000e+02,9.639375e-01,5.783624e+00,-1.110362e-01,NaN,9.999986e-01,1.418381e-06,3.009639e-11,4.069346e-16,1.122531e-20,3.027069e-23,3.486161e-23,5.875890e-24,3.290143e-23,1.682207e-25,1.781421e-25,2.079946e-24,9.144916e-24
-4.5240,544,2.388000e+02,9.638750e-01,5.783248e+00,-9.676400e-02,NaN,9.999986e-01,1.426481e-06,3.009884e-11,4.108931e-16,1.120865e-20,3.031802e-23,3.496088e-23,5.895019e-24,3.274145e-23,1.686357e-25,1.788052e-25,2.085375e-24,9.156729e-24
-4.5240,545,2.393000e+02,9.638138e-01,5.782882e+00,-1.108039e-01,NaN,9.999986e-01,1.421443e-06,3.011544e-11,4.069810e-16,1.130254e-20,3.044796e-23,3.506166e-23,5.913963e-24,3.293380e-23,1.690251e-25,1.793321e-25,2.089125e-24,9.180273e-24
-4.5240,546,2.398000e+02,9.637527e-01,5.782515e+00,5.748505e-02,NaN,9.999985e-01,1.465076e-06,3.014116e-11,4.128681e-16,1.130229e-20,3.052485e-23,3.513248e-23,5.926599e-24,3.296384e-23,1.694225e-25,1.796952e-25,2.092813e-24,9.201477e-24
-4.5240,547,2.403000e+02,9.636900e-01,5.782138e+00,4.082697e-02,NaN,9.999986e-01,1.427572e-06,3.015646e-11,4.101063e-16,1.132821e-20,3.059308e-23,3.521138e-23,5.942215e-24,3.290517e-23,1.697411e-25,1.799699e-25,2.097906e-24,9.212464e-24
-4.5240,548,2.408000e+02,9.636276e-01,5.781764e+00,5.553308e-02,NaN,9.999986e-01,1.441118e-06,3.037464e-11,4.157913e-16,1.133880e-20,3.070192e-23,3.527274e-23,5.959907e-24,3.308408e-23,1.701259e-25,1.802984e-25,2.101943e-24,9.239211e-24
-4.5240,549,2.413000e+02,9.635666e-01,5.781399e+00,8.760896e-03,NaN,9.999986e-01,1.417898e-06,3.015179e-11,4.136438e-16,1.141220e-20,3.077218e-23,3.534552e-23,5.976685e-24,3.306199e-23,1.707610e-25,1.806596e-25,2.106533e-24,9.264656e-24
-4.5240,550,2.418000e+02,9.635047e-01,5.781027e+00,6.505290e-02,NaN,9.999986e-01,1.421251e-06,3.038912e-11,4.118903e-16,1.138618e-20,3.085913e-23,3.545207e-23,5.991345e-24,3.316304e-23,1.712062e-25,1.808718e-25,2.111737e-24,9.294791e-24
-4.5240,551,2.423000e+02,9.634448e-01,5.780668e+00,3.871335e-02,4.833472e-03,9.999986e-01,1.417917e-06,3.017745e-11,4.152431e-16,1.139082e-20,3.089790e-23,3.556345e-23,6.010170e-24,3.331950e-23,1.717118e-25,1.812876e-25,2.116449e-24,9.319700e-24
-4.5240,552,2.428000e+02,9.633849e-01,5.780308e+00,-7.496748e-02,NaN,9.999986e-01,1.410119e-06,3.033526e-11,4.162395e-16,1.143350e-20,3.100395e-23,3.567306e-23,6.021837e-24,3.327877e-23,1.722287e-25,1.817102e-25,2.122934e-24,9.326718e-24
-4.5240,553,2.433000e+02,9.633252e-01,5.779950e+00,-7.784293e-02,NaN,9.999986e-01,1.429654e-06,3.045391e-11,4.161307e-16,1.142056e-20,3.110254e-23,3.577626e-23,6.033784e-24,3.334033e-23,1.726799e-25,1.822161e-25,2.129257e-24,9.351605e-24
-4.5240,554,2.438000e+02,9.632658e-01,5.779593e+00,-9.475868e-02,NaN,9.999986e-01,1.418353e-06,3.035690e-11,4.167833e-16,1.152352e-20,3.116735e-23,3.585981e-23,6.047322e-24,3.349758e-23,1.727454e-25,1.827798e-25,2.132708e-24,9.371928e-24
-4.5240,555,2.443000e+02,9.632056e-01,5.779232e+00,-2.775439e-02,NaN,9.999986e-01,1.424163e-06,3.059877e-11,4.196757e-16,1.155940e-20,3.125176e-23,3.599961e-23,6.062567e-24,3.347355e-23,1.731540e-25,1.831408e-25,2.136976e-24,9.387433e-24
-4.5240,556,2.448000e+02,9.631455e-01,5.778872e+00,-9.127248e-02,NaN,9.999986e-01,1.440361e-06,3.042483e-11,4.218797e-16,1.156776e-20,3.133039e-23,3.605224e-23,6.077859e-24,3.375965e-23,1.734622e-25,1.837956e-25,2.142214e-24,9.426783e-24
-4.5240,557,2.453000e+02,9.630847e-01,5.778507e+00,-1.033103e-01,NaN,9.999986e-01,1.441774e-06,3.065842e-11,4.200863e-16,1.160925e-20,3.140399e-23,3.613468e-23,6.084552e-24,3.376510e-23,1.737900e-25,1.842442e-25,2.145490e-24,9.427709e-24
-4.5240,558,2.458000e+02,9.630242e-01,5.778144e+00,3.464280e-02,NaN,9.999986e-01,1.428847e-06,3.058910e-11,4.224045e-16,1.166269e-20,3.149792e-23,3.622295e-23,6.098187e-24,3.368930e-23,1.740315e-25,1.846984e-25,2.150788e-24,9.442896e-24
-4.5240,559,2.463000e+02,9.629641e-01,5.777783e+00,-1.338540e-01,NaN,9.999986e-01,1.408517e-06,3.058836e-11,4.232291e-16,1.166699e-20,3.159375e-23,3.630178e-23,6.114428e-24,3.396343e-23,1.745061e-25,1.851031e-25,2.156306e-24,9.461189e-24
-4.5240,560,2.468000e+02,9.629040e-01,5.777423e+00,-1.879419e-01,NaN,9.999986e-01,1.417371e-06,3.064147e-11,4.213081e-16,1.173490e-20,3.165182e-23,3.639260e-23,6.132122e-24,3.396958e-23,1.748960e-25,1.855985e-25,2.161895e-24,9.485075e-24
-4.5240,561,2.473000e+02,9.628451e-01,5.777069e+00,1.194162e-01,5.020807e-03,9.999986e-01,1.416798e-06,3.061105e-11,4.264260e-16,1.174232e-20,3.173192e-23,3.647900e-23,6.144500e-24,3.404137e-23,1.755295e-25,1.862127e-25,2.165839e-24,9.522226e-24
-4.5240,562,2.478000e+02,9.627872e-01,5.776722e+00,-1.578214e-01,NaN,9.999986e-01,1.416967e-06,3.071976e-11,4.230176e-16,1.177151e-20,3.183450e-23,3.658999e-23,6.162854e-24,3.419088e-23,1.758731e-25,1.866370e-25,2.171679e-24,9.545920e-24
-4.5240,563,2.483000e+02,9.627297e-01,5.776377e+00,-7.640288e-02,NaN,9.999986e-01,1.406616e-06,3.071412e-11,4.258415e-16,1.184621e-20,3.193348e-23,3.669038e-23,6.184721e-24,3.423424e-23,1.762784e-25,1.872701e-25,2.177173e-24,9.560029e-24
-4.5240,564,2.488000e+02,9.626692e-01,5.776014e+00,-6.507701e-02,NaN,9.999986e-01,1.440326e-06,3.093395e-11,4.272852e-16,1.181400e-20,3.199013e-23,3.676203e-23,6.196473e-24,3.426201e-23,1.768773e-25,1.877384e-25,2.181112e-24,9.593357e-24
-4.5240,565,2.493000e+02,9.626105e-01,5.775661e+00,5.787844e-03,NaN,9.999986e-01,1.399769e-06,3.081484e-11,4.264510e-16,1.182722e-20,3.204700e-23,3.685746e-23,6.207804e-24,3.439043e-23,1.772964e-25,1.881360e-25,2.185108e-24,9.606751e-24
-4.5240,566,2.498000e+02,9.625519e-01,5.775310e+00,1.131177e-02,NaN,9.999986e-01,1.439409e-06,3.086589e-11,4.273369e-16,1.187274e-20,3.212321e-23,3.699076e-23,6.221412e-24,3.435923e-23,1.776885e-25,1.884950e-25,2.190116e-24,9.628758e-24
-4.5240,567,2.503000e+02,9.624919e-01,5.774950e+00,6.346117e-02,NaN,9.999986e-01,1.399738e-06,3.084032e-11,4.270092e-16,1.191776e-20,3.216362e-23,3.709769e-23,6.239752e-24,3.447921e-23,1.781888e-25,1.888654e-25,2.192811e-24,9.650132e-24
-4.5240,568,2.508000e+02,9.624336e-01,5.774600e+00,1.496626e-01,NaN,9.999986e-01,1.387681e-06,3.087946e-11,4.297584e-16,1.198422e-20,3.224595e-23,3.717521e-23,6.252817e-24,3.465024e-23,1.787987e-25,1.891540e-25,2.199432e-24,9.676059e-24
-4.5240,569,2.513000e+02,9.623745e-01,5.774246e+00,1.199533e-01,NaN,9.999986e-01,1.399892e-06,3.095958e-11,4.293605e-16,1.203183e-20,3.235090e-23,3.729506e-23,6.269458e-24,3.453980e-23,1.791813e-25,1.895869e-25,2.203931e-24,9.696811e-24
-4.5240,570,2.518000e+02,9.623155e-01,5.773892e+00,2.135850e-02,NaN,9.999986e-01,1.398422e-06,3.090761e-11,4.338821e-16,1.206744e-20,3.242821e-23,3.734567e-23,6.281741e-24,3.472671e-23,1.795610e-25,1.898540e-25,2.210428e-24,9.709059e-24
-4.5240,571,2.523000e+02,9.622581e-01,5.773547e+00,5.901901e-02,4.459826e-03,9.999986e-01,1.406821e-06,3.097611e-11,4.298157e-16,1.205971e-20,3.251574e-23,3.743046e-23,6.295921e-24,3.470643e-23,1.796177e-25,1.901993e-25,2.215612e-24,9.738422e-24
-4.5240,572,2.528000e+02,9.622001e-01,5.773199e+00,1.550583e-01,NaN,9.999986e-01,1.410928e-06,3.109438e-11,4.339231e-16,1.212319e-20,3.260726e-23,3.748272e-23,6.309717e-24,3.468803e-23,1.802038e-25,1.905844e-25,2.220349e-24,9.754562e-24
-4.5240,573,2.533000e+02,9.621446e-01,5.772867e+00,6.917117e-02,NaN,9.999986e-01,1.398729e-06,3.114731e-11,4.314534e-16,1.208702e-20,3.266337e-23,3.756381e-23,6.324154e-24,3.488121e-23,1.805421e-25,1.908778e-25,2.225977e-24,9.778392e-24
-4.5240,574,2.538000e+02,9.620878e-01,5.772525e+00,2.758369e-02,NaN,9.999986e-01,1.396520e-06,3.105219e-11,4.318525e-16,1.215798e-20,3.275521e-23,3.765281e-23,6.337992e-24,3.484744e-23,1.811689e-25,1.915083e-25,2.230112e-24,9.802475e-24
-4.5240,575,2.543000e+02,9.620301e-01,5.772179e+00,-2.993822e-01,NaN,9.999986e-01,1.392063e-06,3.113656e-11,4.339354e-16,1.219072e-20,3.284201e-23,3.777643e-23,6.351070e-24,3.499321e-23,1.816515e-25,1.920067e-25,2.237604e-24,9.810871e-24
-4.5240,576,2.548000e+02,9.619731e-01,5.771837e+00,-5.479773e-02,NaN,9.999986e-01,1.378512e-06,3.120813e-11,4.341749e-16,1.220178e-20,3.292058e-23,3.782782e-23,6.363744e-24,3.517001e-23,1.818967e-25,1.924730e-25,2.240401e-24,9.835284e-24
-4.5240,577,2.553000e+02,9.619161e-01,5.771495e+00,-1.678020e-01,NaN,9.999986e-01,1.411878e-06,3.126433e-11,4.374771e-16,1.228653e-20,3.300486e-23,3.790525e-23,6.385804e-24,3.518390e-23,1.823542e-25,1.927860e-25,2.247058e-24,9.856427e-24
-4.5240,578,2.558000e+02,9.618604e-01,5.771161e+00,-5.471951e-02,NaN,9.999986e-01,1.415896e-06,3.130742e-11,4.351160e-16,1.224278e-20,3.313792e-23,3.803381e-23,6.399402e-24,3.518540e-23,1.828166e-25,1.933645e-25,2.251847e-24,9.871733e-24
-4.5240,579,2.563000e+02,9.618039e-01,5.770822e+00,3.110238e-02,NaN,9.999986e-01,1.409133e-06,3.136697e-11,4.361992e-16,1.230982e-20,3.325347e-23,3.812861e-23,6.415151e-24,3.536718e-23,1.832653e-25,1.938266e-25,2.255160e-24,9.888115e-24
-4.5240,580,2.568000e+02,9.617471e-01,5.770481e+00,-3.471381e-01,NaN,9.999986e-01,1.386536e-06,3.134493e-11,4.387348e-16,1.232160e-20,3.331369e-23,3.819796e-23,6.431254e-24,3.532086e-23,1.837347e-25,1.944660e-25,2.259653e-24,9.906388e-24
-4.5240,581,2.573000e+02,9.616900e-01,5.770139e+00,3.316850e-02,4.095703e-03,9.999986e-01,1.425781e-06,3.133309e-11,4.374892e-16,1.236477e-20,3.338498e-23,3.825272e-23,6.454664e-24,3.548307e-23,1.842093e-25,1.950650e-25,2.262454e-24,9.928051e-24
-4.5240,582,2.578000e+02,9.616311e-01,5.769785e+00,-7.262446e-02,NaN,9.999986e-01,1.433148e-06,3.143421e-11,4.395045e-16,1.239605e-20,3.345817e-23,3.834054e-23,6.467278e-24,3.559224e-23,1.847890e-25,1.954289e-25,2.268907e-24,9.959662e-24
-4.5240,583,2.583000e+02,9.615720e-01,5.769430e+00,-2.639665e-01,NaN,9.999986e-01,1.436186e-06,3.141723e-11,4.392671e-16,1.243556e-20,3.350762e-23,3.843588e-23,6.485386e-24,3.550185e-23,1.853539e-25,1.958656e-25,2.273804e-24,9.974811e-24
-4.5240,584,2.588000e+02,9.615135e-01,5.769080e+00,4.818166e-02,NaN,9.999986e-01,1.394117e-06,3.147960e-11,4.382152e-16,1.244927e-20,3.358974e-23,3.850385e-23,6.505203e-24,3.575426e-23,1.857303e-25,1.963195e-25,2.279985e-24,9.997898e-24
-4.5240,585,2.593000e+02,9.614577e-01,5.768745e+00,-6.800627e-02,NaN,9.999986e-01,1.409273e-06,3.150170e-11,4.400088e-16,1.246252e-20,3.366307e-23,3.859088e-23,6.524278e-24,3.573710e-23,1.862665e-25,1.968568e-25,2.285920e-24,1.001681e-23
-4.5240,586,2.598000e+02,9.614025e-01,5.768414e+00,-7.119670e-02,NaN,9.999986e-01,1.401971e-06,3.138118e-11,4.407094e-16,1.250590e-20,3.374040e-23,3.865968e-23,6.537747e-24,3.578949e-23,1.865568e-25,1.972914e-25,2.289896e-24,1.004886e-23
-4.5240,587,2.603000e+02,9.613486e-01,5.768090e+00,-1.769272e-01,NaN,9.999986e-01,1.404300e-06,3.149046e-11,4.417234e-16,1.253234e-20,3.379984e-23,3.872676e-23,6.549516e-24,3.597413e-23,1.869854e-25,1.978047e-25,2.295054e-24,1.006272e-23
-4.5240,588,2.608000e+02,9.612920e-01,5.767751e+00,1.356336e-02,NaN,9.999986e-01,1.411410e-06,3.146465e-11,4.411994e-16,1.258760e-20,3.388910e-23,3.880538e-23,6.564378e-24,3.595143e-23,1.872810e-25,1.982672e-25,2.300321e-24,1.007724e-23
-4.5240,589,2.613000e+02,9.612352e-01,5.767410e+00,-1.913187e-01,NaN,9.999986e-01,1.397015e-06,3.149688e-11,4.433437e-16,1.261680e-20,3.395814e-23,3.886792e-23,6.582548e-24,3.603221e-23,1.876594e-25,1.987424e-25,2.304932e-24,1.011330e-23
-4.5240,590,2.618000e+02,9.611800e-01,5.767078e+00,-1.237019e-02,NaN,9.999986e-01,1.381001e-06,3.153964e-11,4.441436e-16,1.266789e-20,3.402872e-23,3.897308e-23,6.605665e-24,3.613481e-23,1.881436e-25,1.990866e-25,2.311983e-24,1.012760e-23
-4.5240,591,2.623000e+02,9.611235e-01,5.766740e+00,3.489483e-02,4.961666e-03,9.999986e-01,1.405271e-06,3.156610e-11,4.473639e-16,1.269298e-20,3.410912e-23,3.905319e-23,6.626385e-24,3.616631e-23,1.886306e-25,1.994591e-25,2.316605e-24,1.015290e-23
-4.5240,592,2.628000e+02,9.610675e-01,5.766403e+00,-8.967778e-02,NaN,9.999986e-01,1.393787e-06,3.171865e-11,4.466656e-16,1.271691e-20,3.418587e-23,3.915116e-23,6.639274e-24,3.629590e-23,1.891326e-25,1.999065e-25,2.322058e-24,1.018146e-23
-4.5240,593,2.633000e+02,9.610126e-01,5.766074e+00,-1.412760e-01,NaN,9.999986e-01,1.416726e-06,3.166218e-11,4.460194e-16,1.276261e-20,3.426672e-23,3.922477e-23,6.651390e-24,3.644390e-23,1.896655e-25,2.002229e-25,2.327033e-24,1.020375e-23
-4.5240,594,2.638000e+02,9.609553e-01,5.765730e+00,-2.112304e-01,NaN,9.999986e-01,1.396813e-06,3.182087e-11,4.478289e-16,1.278189e-20,3.439447e-23,3.931543e-23,6.668972e-24,3.633908e-23,1.899194e-25,2.007268e-25,2.330415e-24,1.021316e-23
-4.5240,595,2.643000e+02,9.609001e-01,5.765399e+00,-1.652091e-01,NaN,9.999986e-01,1.374772e-06,3.172466e-11,4.480139e-16,1.288709e-20,3.447593e-23,3.941260e-23,6.686647e-24,3.649500e-23,1.901565e-25,2.014225e-25,2.337142e-24,1.024124e-23
-4.5240,596,2.648000e+02,9.608450e-01,5.765068e+00,7.187569e-02,NaN,9.999986e-01,1.404183e-06,3.180105e-11,4.471583e-16,1.285904e-20,3.453435e-23,3.950591e-23,6.701713e-24,3.656873e-23,1.906754e-25,2.019385e-25,2.342005e-24,1.027434e-23
-4.5240,597,2.653000e+02,9.607904e-01,5.764741e+00,-1.163199e-01,NaN,9.999986e-01,1.411124e-06,3.189275e-11,4.508289e-16,1.290773e-20,3.460582e-23,3.958396e-23,6.711260e-24,3.653701e-23,1.911404e-25,2.024246e-25,2.346285e-24,1.027638e-23
-4.5240,598,2.658000e+02,9.607359e-01,5.764414e+00,9.863178e-03,NaN,9.999986e-01,1.384945e-06,3.186192e-11,4.517915e-16,1.287640e-20,3.467972e-23,3.972475e-23,6.731541e-24,3.673541e-23,1.915320e-25,2.029020e-25,2.352777e-24,1.029934e-23
-4.5240,599,2.663000e+02,9.606805e-01,5.764082e+00,8.598325e-02,NaN,9.999986e-01,1.390858e-06,3.189053e-11,4.522291e-16,1.293398e-20,3.476361e-23,3.983629e-23,6.746903e-24,3.670211e-23,1.919683e-25,2.034341e-25,2.357284e-24,1.032016e-23
-4.5240,600,2.668000e+02,9.606256e-01,5.763753e+00,-2.430225e-01,NaN,9.999986e-01,1.388218e-06,3.181124e-11,4.495417e-16,1.297892e-20,3.485753e-23,3.991213e-23,6.757631e-24,3.679576e-23,1.924535e-25,2.038631e-25,2.361972e-24,1.032893e-23
-4.5240,601,2.673000e+02,9.605705e-01,5.763422e+00,2.452571e-02,5.374870e-03,9.999986e-01,1.395516e-06,3.185932e-11,4.530453e-16,1.305212e-20,3.497372e-23,4.001240e-23,6.774473e-24,3.683489e-23,1.930836e-25,2.040517e-25,2.370126e-24,1.034340e-23
-4.5240,602,2.678000e+02,9.605144e-01,5.763085e+00,1.821987e-02,NaN,9.999986e-01,1.377718e-06,3.194732e-11,4.539221e-16,1.316514e-20,3.505997e-23,4.005438e-23,6.782831e-24,3.694389e-23,1.933631e-25,2.042985e-25,2.375248e-24,1.036800e-23
-4.5240,603,2.683000e+02,9.604606e-01,5.762762e+00,3.150847e-02,NaN,9.999986e-01,1.379565e-06,3.190970e-11,4.552481e-16,1.315321e-20,3.513911e-23,4.013483e-23,6.794073e-24,3.697879e-23,1.938085e-25,2.047298e-25,2.382756e-24,1.038596e-23
-4.5240,604,2.688000e+02,9.604065e-01,5.762437e+00,-4.289566e-02,NaN,9.999986e-01,1.361328e-06,3.198495e-11,4.537182e-16,1.312955e-20,3.523505e-23,4.021187e-23,6.810113e-24,3.721657e-23,1.941827e-25,2.051421e-25,2.389041e-24,1.040186e-23
-4.5240,605,2.693000e+02,9.603524e-01,5.762113e+00,5.534263e-02,NaN,9.999986e-01,1.398143e-06,3.211254e-11,4.551179e-16,1.319811e-20,3.528919e-23,4.030933e-23,6.830904e-24,3.717749e-23,1.946339e-25,2.057217e-25,2.394830e-24,1.042416e-23
-4.5240,606,2.698000e+02,9.602975e-01,5.761784e+00,2.124075e-01,NaN,9.999986e-01,1.393840e-06,3.206819e-11,4.583036e-16,1.322744e-20,3.538318e-23,4.039506e-23,6.846223e-24,3.731629e-23,1.951628e-25,2.062226e-25,2.399649e-24,1.045601e-23
-4.5240,607,2.703000e+02,9.602429e-01,5.761456e+00,2.999003e-02,NaN,9.999986e-01,1.407446e-06,3.223271e-11,4.563147e-16,1.326581e-20,3.545028e-23,4.046864e-23,6.852479e-24,3.752711e-23,1.956689e-25,2.066106e-25,2.403315e-24,1.047248e-23
-4.5240,608,2.708000e+02,9.601884e-01,5.761129e+00,1.692683e-01,NaN,9.999986e-01,1.399144e-06,3.218628e-11,4.595629e-16,1.332479e-20,3.553214e-23,4.058815e-23,6.873141e-24,3.743966e-23,1.960710e-25,2.071600e-25,2.408923e-24,1.047674e-23
-4.5240,609,2.713000e+02,9.601335e-01,5.760800e+00,1.706531e-01,NaN,9.999986e-01,1.398361e-06,3.222357e-11,4.577518e-16,1.336534e-20,3.560502e-23,4.063351e-23,6.891270e-24,3.763016e-23,1.966505e-25,2.075601e-25,2.414455e-24,1.050827e-23
-4.5240,610,2.718000e+02,9.600781e-01,5.760467e+00,1.743649e-01,NaN,9.999986e-01,1.382214e-06,3.228218e-11,4.581798e-16,1.341352e-20,3.564160e-23,4.074209e-23,6.908599e-24,3.759556e-23,1.970510e-25,2.079315e-25,2.419098e-24,1.052902e-23
-4.5240,611,2.723000e+02,9.600222e-01,5.760132e+00,1.413125e-01,4.214976e-03,9.999986e-01,1.397455e-06,3.221742e-11,4.597911e-16,1.338837e-20,3.574852e-23,4.080242e-23,6.923194e-24,3.763851e-23,1.972816e-25,2.084210e-25,2.422825e-24,1.055785e-23
-4.5240,612,2.728000e+02,9.599678e-01,5.759806e+00,-8.986763e-02,NaN,9.999986e-01,1.366066e-06,3.226026e-11,4.603810e-16,1.342601e-20,3.578687e-23,4.087718e-23,6.932267e-24,3.776536e-23,1.977304e-25,2.088541e-25,2.428878e-24,1.057647e-23
-4.5240,613,2.733000e+02,9.599123e-01,5.759473e+00,1.047181e-01,NaN,9.999986e-01,1.418315e-06,3.226872e-11,4.623659e-16,1.346037e-20,3.585510e-23,4.094070e-23,6.948872e-24,3.780231e-23,1.981009e-25,2.093916e-25,2.434221e-24,1.060179e-23
-4.5240,614,2.738000e+02,9.598548e-01,5.759127e+00,-9.644091e-02,NaN,9.999986e-01,1.397414e-06,3.236752e-11,4.624542e-16,1.347445e-20,3.596273e-23,4.105221e-23,6.971606e-24,3.791366e-23,1.984889e-25,2.096931e-25,2.440112e-24,1.061634e-23
-4.5240,615,2.743000e+02,9.597996e-01,5.758796e+00,-3.421354e-02,NaN,9.999986e-01,1.391900e-06,3.233811e-11,4.624034e-16,1.350881e-20,3.603193e-23,4.117615e-23,6.986752e-24,3.803226e-23,1.987062e-25,2.102336e-25,2.446693e-24,1.063676e-23
-4.5240,616,2.748000e+02,9.597459e-01,5.758474e+00,1.306035e-01,NaN,9.999986e-01,1.377371e-06,3.228269e-11,4.600668e-16,1.354147e-20,3.611907e-23,4.127326e-23,7.001992e-24,3.804102e-23,1.991315e-25,2.106902e-25,2.449138e-24,1.065362e-23
-4.5240,617,2.753000e+02,9.596919e-01,5.758150e+00,-6.441145e-02,NaN,9.999986e-01,1.385195e-06,3.255991e-11,4.638780e-16,1.357022e-20,3.619269e-23,4.138505e-23,7.017833e-24,3.818671e-23,1.999333e-25,2.111872e-25,2.457289e-24,1.066990e-23
-4.5240,618,2.758000e+02,9.596382e-01,5.757828e+00,-7.431737e-02,NaN,9.999986e-01,1.354289e-06,3.240370e-11,4.627270e-16,1.356584e-20,3.629029e-23,4.147580e-23,7.034367e-24,3.836190e-23,2.002146e-25,2.115732e-25,2.461975e-24,1.068689e-23
-4.5240,619,2.763000e+02,9.595846e-01,5.757506e+00,-1.323167e-02,NaN,9.999986e-01,1.366061e-06,3.252804e-11,4.632179e-16,1.361795e-20,3.633697e-23,4.157263e-23,7.052466e-24,3.827890e-23,2.006781e-25,2.119193e-25,2.468908e-24,1.070719e-23
-4.5240,620,2.768000e+02,9.595298e-01,5.757178e+00,1.668774e-01,NaN,9.999986e-01,1.390974e-06,3.254778e-11,4.670492e-16,1.371620e-20,3.637838e-23,4.165764e-23,7.071656e-24,3.851879e-23,2.008990e-25,2.123896e-25,2.473956e-24,1.072456e-23
-4.5240,621,2.773000e+02,9.594764e-01,5.756857e+00,1.855548e-01,4.459709e-03,9.999986e-01,1.371707e-06,3.250481e-11,4.644304e-16,1.375102e-20,3.648607e-23,4.172702e-23,7.082368e-24,3.847349e-23,2.012286e-25,2.127411e-25,2.477655e-24,1.075619e-23
-4.5240,622,2.778000e+02,9.594236e-01,5.756540e+00,1.832973e-01,NaN,9.999986e-01,1.359319e-06,3.266453e-11,4.698629e-16,1.378469e-20,3.654864e-23,4.186963e-23,7.105866e-24,3.848422e-23,2.016764e-25,2.133407e-25,2.480751e-24,1.077464e-23
-4.5240,623,2.783000e+02,9.593681e-01,5.756207e+00,2.617136e-01,NaN,9.999986e-01,1.380146e-06,3.256855e-11,4.675756e-16,1.379639e-20,3.661496e-23,4.196550e-23,7.125745e-24,3.863648e-23,2.021180e-25,2.139141e-25,2.483356e-24,1.079956e-23
-4.5240,624,2.788000e+02,9.593151e-01,5.755889e+00,9.566867e-02,NaN,9.999986e-01,1.360623e-06,3.266487e-11,4.674592e-16,1.387561e-20,3.667367e-23,4.205623e-23,7.152996e-24,3.863689e-23,2.024549e-25,2.143402e-25,2.490556e-24,1.082655e-23
-4.5240,625,2.793000e+02,9.592625e-01,5.755574e+00,-1.464955e-02,NaN,9.999986e-01,1.394347e-06,3.276669e-11,4.695284e-16,1.385999e-20,3.674045e-23,4.217066e-23,7.178467e-24,3.870536e-23,2.026872e-25,2.148217e-25,2.496790e-24,1.084019e-23
-4.5240,626,2.798000e+02,9.592079e-01,5.755246e+00,2.265166e-02,NaN,9.999986e-01,1.384302e-06,3.271726e-11,4.675679e-16,1.388255e-20,3.681362e-23,4.227308e-23,7.200003e-24,3.880731e-23,2.030315e-25,2.153345e-25,2.502551e-24,1.085619e-23
-4.5240,627,2.803000e+02,9.591537e-01,5.754921e+00,-1.505492e-02,NaN,9.999986e-01,1.366524e-06,3.276558e-11,4.706567e-16,1.393718e-20,3.691024e-23,4.240379e-23,7.211553e-24,3.883845e-23,2.031713e-25,2.157514e-25,2.506460e-24,1.087608e-23
-4.5240,628,2.808000e+02,9.591008e-01,5.754603e+00,-4.934100e-02,NaN,9.999987e-01,1.346008e-06,3.263369e-11,4.686584e-16,1.400822e-20,3.697954e-23,4.251444e-23,7.239917e-24,3.887845e-23,2.036032e-25,2.163027e-25,2.512738e-24,1.089648e-23
-4.5240,629,2.813000e+02,9.590491e-01,5.754293e+00,-1.234978e-02,NaN,9.999986e-01,1.377187e-06,3.278582e-11,4.723371e-16,1.407436e-20,3.701077e-23,4.260258e-23,7.253074e-24,3.906820e-23,2.037583e-25,2.167776e-25,2.516350e-24,1.092109e-23
-4.5240,630,2.818000e+02,9.589982e-01,5.753988e+00,6.500127e-02,NaN,9.999986e-01,1.366762e-06,3.287244e-11,4.738077e-16,1.407325e-20,3.710504e-23,4.269746e-23,7.275599e-24,3.897317e-23,2.039459e-25,2.173363e-25,2.520256e-24,1.095328e-23
-4.5240,631,2.823000e+02,9.589457e-01,5.753673e+00,-9.238172e-03,4.293585e-03,9.999986e-01,1.369095e-06,3.282281e-11,4.732148e-16,1.417550e-20,3.721277e-23,4.274023e-23,7.301395e-24,3.922032e-23,2.042805e-25,2.177672e-25,2.525218e-24,1.097623e-23
-4.5240,632,2.828000e+02,9.588937e-01,5.753361e+00,4.727073e-02,NaN,9.999986e-01,1.373319e-06,3.296027e-11,4.725450e-16,1.415921e-20,3.729989e-23,4.287281e-23,7.318625e-24,3.924600e-23,2.048946e-25,2.181607e-25,2.529702e-24,1.098936e-23
-4.5240,633,2.833000e+02,9.588424e-01,5.753053e+00,-1.680365e-02,NaN,9.999986e-01,1.367858e-06,3.293890e-11,4.719508e-16,1.421374e-20,3.738212e-23,4.296424e-23,7.336073e-24,3.917745e-23,2.055093e-25,2.186417e-25,2.535740e-24,1.100976e-23
-4.5240,634,2.838000e+02,9.587905e-01,5.752742e+00,-2.063654e-02,NaN,9.999986e-01,1.362314e-06,3.303314e-11,4.746091e-16,1.417952e-20,3.745857e-23,4.304959e-23,7.344407e-24,3.944010e-23,2.060253e-25,2.190396e-25,2.543149e-24,1.102221e-23
-4.5240,635,2.843000e+02,9.587368e-01,5.752419e+00,1.231075e-01,NaN,9.999986e-01,1.375301e-06,3.298935e-11,4.745269e-16,1.418774e-20,3.760625e-23,4.315717e-23,7.360566e-24,3.937974e-23,2.064275e-25,2.194840e-25,2.549847e-24,1.104043e-23
-4.5240,636,2.848000e+02,9.586836e-01,5.752100e+00,8.774933e-02,NaN,9.999986e-01,1.368554e-06,3.301943e-11,4.753876e-16,1.424662e-20,3.763665e-23,4.327386e-23,7.378899e-24,3.943644e-23,2.069070e-25,2.200654e-25,2.554999e-24,1.107129e-23
-4.5240,637,2.853000e+02,9.586306e-01,5.751782e+00,-1.882535e-02,NaN,9.999986e-01,1.378537e-06,3.309874e-11,4.780115e-16,1.431291e-20,3.771936e-23,4.332898e-23,7.401323e-24,3.962359e-23,2.074346e-25,2.205331e-25,2.560679e-24,1.109926e-23
-4.5240,638,2.858000e+02,9.585760e-01,5.751454e+00,-2.314926e-02,NaN,9.999986e-01,1.390118e-06,3.313204e-11,4.794105e-16,1.434306e-20,3.778738e-23,4.342680e-23,7.426289e-24,3.963071e-23,2.079775e-25,2.210125e-25,2.567320e-24,1.111414e-23
-4.5240,639,2.863000e+02,9.585234e-01,5.751139e+00,2.373317e-01,NaN,9.999986e-01,1.387261e-06,3.316768e-11,4.797460e-16,1.430728e-20,3.787573e-23,4.354448e-23,7.448997e-24,3.967009e-23,2.085474e-25,2.213798e-25,2.573960e-24,1.113706e-23
-4.5240,640,2.868000e+02,9.584718e-01,5.750830e+00,-1.134012e-01,NaN,9.999987e-01,1.344319e-06,3.317151e-11,4.785274e-16,1.436261e-20,3.796816e-23,4.359193e-23,7.471101e-24,3.980344e-23,2.089416e-25,2.218629e-25,2.579531e-24,1.114044e-23
-4.5240,641,2.873000e+02,9.584211e-01,5.750525e+00,-1.104604e-01,4.501653e-03,9.999986e-01,1.377494e-06,3.335684e-11,4.788976e-16,1.440497e-20,3.804082e-23,4.371480e-23,7.493775e-24,3.976145e-23,2.092920e-25,2.225746e-25,2.585359e-24,1.116554e-23
-4.5240,642,2.878000e+02,9.583688e-01,5.750212e+00,-1.078019e-01,NaN,9.999986e-01,1.380206e-06,3.332022e-11,4.819000e-16,1.436147e-20,3.811321e-23,4.379849e-23,7.499305e-24,3.990855e-23,2.097534e-25,2.229041e-25,2.588102e-24,1.117700e-23
-4.5240,643,2.883000e+02,9.583170e-01,5.749901e+00,3.605754e-02,NaN,9.999986e-01,1.359789e-06,3.330178e-11,4.814922e-16,1.446249e-20,3.817378e-23,4.389987e-23,7.514220e-24,3.995489e-23,2.102315e-25,2.232618e-25,2.592164e-24,1.120171e-23
-4.5240,644,2.888000e+02,9.582648e-01,5.749588e+00,-3.921497e-02,NaN,9.999986e-01,1.374573e-06,3.335292e-11,4.821727e-16,1.447013e-20,3.828567e-23,4.401642e-23,7.525772e-24,3.988680e-23,2.106841e-25,2.239769e-25,2.599692e-24,1.122685e-23
-4.5240,645,2.893000e+02,9.582128e-01,5.749276e+00,1.839298e-01,NaN,9.999986e-01,1.358342e-06,3.339661e-11,4.854101e-16,1.451224e-20,3.835791e-23,4.410307e-23,7.545625e-24,4.007114e-23,2.111903e-25,2.244806e-25,2.604593e-24,1.125340e-23
-4.5240,646,2.898000e+02,9.581610e-01,5.748965e+00,-1.895713e-01,NaN,9.999986e-01,1.352793e-06,3.333540e-11,4.843196e-16,1.452449e-20,3.846574e-23,4.416150e-23,7.557851e-24,4.014612e-23,2.114172e-25,2.250629e-25,2.608807e-24,1.129235e-23
-4.5240,647,2.903000e+02,9.581106e-01,5.748662e+00,-4.858856e-02,NaN,9.999986e-01,1.360143e-06,3.342062e-11,4.879599e-16,1.453974e-20,3.858300e-23,4.425724e-23,7.577654e-24,4.009652e-23,2.118039e-25,2.257885e-25,2.614356e-24,1.130649e-23
-4.5240,648,2.908000e+02,9.580590e-01,5.748353e+00,1.358972e-01,NaN,9.999986e-01,1.362842e-06,3.351362e-11,4.872536e-16,1.461692e-20,3.865535e-23,4.434456e-23,7.591768e-24,4.028832e-23,2.120966e-25,2.262274e-25,2.619826e-24,1.134243e-23
-4.5240,649,2.913000e+02,9.580076e-01,5.748044e+00,-1.186049e-01,NaN,9.999986e-01,1.370219e-06,3.349864e-11,4.877022e-16,1.464095e-20,3.871466e-23,4.445581e-23,7.607334e-24,4.023321e-23,2.125372e-25,2.266744e-25,2.622331e-24,1.136836e-23
-4.5240,650,2.918000e+02,9.579582e-01,5.747748e+00,-1.428909e-02,NaN,9.999986e-01,1.372826e-06,3.366644e-11,4.865203e-16,1.464176e-20,3.873180e-23,4.456319e-23,7.617455e-24,4.034500e-23,2.127748e-25,2.271153e-25,2.625501e-24,1.138687e-23
-4.5240,651,2.923000e+02,9.579067e-01,5.747439e+00,2.268476e-02,4.523912e-03,9.999986e-01,1.350802e-06,3.349360e-11,4.873711e-16,1.469261e-20,3.887032e-23,4.464455e-23,7.634133e-24,4.048360e-23,2.131200e-25,2.274102e-25,2.629550e-24,1.141428e-23
-4.5240,652,2.928000e+02,9.578548e-01,5.747127e+00,-1.912002e-01,NaN,9.999986e-01,1.373917e-06,3.361176e-11,4.908720e-16,1.470959e-20,3.893570e-23,4.469968e-23,7.642487e-24,4.052339e-23,2.136854e-25,2.276047e-25,2.632047e-24,1.143522e-23
-4.5240,653,2.933000e+02,9.578021e-01,5.746811e+00,1.510608e-01,NaN,9.999986e-01,1.363092e-06,3.363009e-11,4.923879e-16,1.479211e-20,3.899311e-23,4.478111e-23,7.654930e-24,4.058335e-23,2.140449e-25,2.279023e-25,2.635561e-24,1.145064e-23
-4.5240,654,2.938000e+02,9.577517e-01,5.746509e+00,7.037748e-02,NaN,9.999986e-01,1.367340e-06,3.369832e-11,4.935314e-16,1.477024e-20,3.910059e-23,4.492365e-23,7.672183e-24,4.070348e-23,2.144115e-25,2.284178e-25,2.639690e-24,1.147412e-23
-4.5240,655,2.943000e+02,9.577004e-01,5.746201e+00,-5.425812e-03,NaN,9.999986e-01,1.366901e-06,3.380235e-11,4.949582e-16,1.483390e-20,3.915350e-23,4.502237e-23,7.686393e-24,4.064287e-23,2.146274e-25,2.288605e-25,2.645999e-24,1.149839e-23
-4.5240,656,2.948000e+02,9.576492e-01,5.745894e+00,3.840064e-02,NaN,9.999986e-01,1.384733e-06,3.372930e-11,4.937498e-16,1.480874e-20,3.924328e-23,4.511102e-23,7.702080e-24,4.082398e-23,2.149010e-25,2.294614e-25,2.650701e-24,1.152759e-23
-4.5240,657,2.953000e+02,9.575992e-01,5.745594e+00,8.504112e-02,NaN,9.999986e-01,1.360315e-06,3.382443e-11,4.944448e-16,1.492080e-20,3.935034e-23,4.519062e-23,7.712416e-24,4.092161e-23,2.154391e-25,2.298254e-25,2.657645e-24,1.153936e-23
-4.5240,658,2.958000e+02,9.575477e-01,5.745285e+00,2.867341e-01,NaN,9.999986e-01,1.401212e-06,3.391479e-11,4.959795e-16,1.495420e-20,3.939490e-23,4.526092e-23,7.720417e-24,4.089285e-23,2.159004e-25,2.303373e-25,2.664696e-24,1.155502e-23
-4.5240,659,2.963000e+02,9.574973e-01,5.744982e+00,1.941184e-01,NaN,9.999987e-01,1.338856e-06,3.382644e-11,4.959533e-16,1.500833e-20,3.948778e-23,4.532755e-23,7.738737e-24,4.107583e-23,2.162590e-25,2.306869e-25,2.671871e-24,1.157711e-23
-4.5240,660,2.968000e+02,9.574480e-01,5.744687e+00,9.175136e-02,NaN,9.999986e-01,1.359044e-06,3.381371e-11,4.975154e-16,1.505738e-20,3.955592e-23,4.546196e-23,7.756933e-24,4.112383e-23,2.165558e-25,2.311314e-25,2.680899e-24,1.160547e-23
-4.5240,661,2.973000e+02,9.573976e-01,5.744384e+00,-3.631447e-01,4.560759e-03,9.999986e-01,1.359738e-06,3.387134e-11,4.951624e-16,1.512518e-20,3.963061e-23,4.554466e-23,7.773881e-24,4.114514e-23,2.169547e-25,2.316237e-25,2.687302e-24,1.161937e-23
-4.5240,662,2.978000e+02,9.573470e-01,5.744081e+00,-1.551312e-01,NaN,9.999986e-01,1.370771e-06,3.400182e-11,4.981370e-16,1.510236e-20,3.972028e-23,4.569829e-23,7.786976e-24,4.124912e-23,2.171914e-25,2.319014e-25,2.692789e-24,1.164404e-23
-4.5240,663,2.983000e+02,9.572971e-01,5.743781e+00,2.634042e-02,NaN,9.999986e-01,1.350465e-06,3.386483e-11,4.976093e-16,1.510565e-20,3.978241e-23,4.574449e-23,7.801451e-24,4.130531e-23,2.178488e-25,2.324051e-25,2.700406e-24,1.166141e-23
-4.5240,664,2.988000e+02,9.572471e-01,5.743481e+00,-2.251095e-01,NaN,9.999986e-01,1.358849e-06,3.396507e-11,4.987242e-16,1.510663e-20,3.989980e-23,4.582378e-23,7.818220e-24,4.135438e-23,2.185820e-25,2.331649e-25,2.706692e-24,1.169955e-23
-4.5240,665,2.993000e+02,9.571976e-01,5.743184e+00,-1.168763e-01,NaN,9.999987e-01,1.349790e-06,3.395654e-11,4.957477e-16,1.516786e-20,3.991364e-23,4.594421e-23,7.834026e-24,4.142277e-23,2.188631e-25,2.336148e-25,2.713175e-24,1.172067e-23
-4.5240,666,2.998000e+02,9.571476e-01,5.742884e+00,-5.667562e-02,NaN,9.999986e-01,1.367897e-06,3.405180e-11,4.985781e-16,1.520625e-20,4.001001e-23,4.607344e-23,7.846488e-24,4.151683e-23,2.190373e-25,2.340594e-25,2.720153e-24,1.173683e-23
-4.5240,667,3.003000e+02,9.570958e-01,5.742574e+00,3.886000e-02,NaN,9.999986e-01,1.382986e-06,3.412430e-11,5.011422e-16,1.526176e-20,4.009432e-23,4.613640e-23,7.863563e-24,4.164001e-23,2.193300e-25,2.346518e-25,2.725165e-24,1.176400e-23
-4.5240,668,3.008000e+02,9.570457e-01,5.742273e+00,7.622574e-03,NaN,9.999987e-01,1.337318e-06,3.409281e-11,5.024586e-16,1.527512e-20,4.013112e-23,4.620122e-23,7.882398e-24,4.180715e-23,2.197397e-25,2.350400e-25,2.732349e-24,1.179650e-23
-4.5240,669,3.013000e+02,9.569960e-01,5.741975e+00,1.037394e-01,NaN,9.999986e-01,1.380161e-06,3.423435e-11,5.043035e-16,1.525404e-20,4.017055e-23,4.630266e-23,7.891516e-24,4.176599e-23,2.200738e-25,2.353263e-25,2.737830e-24,1.180674e-23
-4.5240,670,3.018000e+02,9.569453e-01,5.741670e+00,-1.634259e-01,NaN,9.999986e-01,1.368098e-06,3.415447e-11,5.050823e-16,1.537107e-20,4.023492e-23,4.639049e-23,7.909132e-24,4.191568e-23,2.204315e-25,2.358162e-25,2.744096e-24,1.183077e-23
-4.5240,671,3.023000e+02,9.568961e-01,5.741376e+00,5.102679e-02,4.723590e-03,9.999986e-01,1.371948e-06,3.424333e-11,5.032379e-16,1.540934e-20,4.027939e-23,4.650129e-23,7.929947e-24,4.197091e-23,2.207539e-25,2.360426e-25,2.749583e-24,1.185378e-23
-4.5240,672,3.028000e+02,9.568448e-01,5.741068e+00,-1.743487e-01,NaN,9.999986e-01,1.359213e-06,3.427416e-11,5.044134e-16,1.542393e-20,4.036976e-23,4.656150e-23,7.942819e-24,4.198838e-23,2.212294e-25,2.366691e-25,2.752602e-24,1.186667e-23
-4.5240,673,3.033000e+02,9.567942e-01,5.740764e+00,-2.250182e-01,NaN,9.999987e-01,1.348138e-06,3.427895e-11,5.045558e-16,1.546426e-20,4.046383e-23,4.666863e-23,7.963684e-24,4.207905e-23,2.218206e-25,2.369943e-25,2.756663e-24,1.188009e-23
-4.5240,674,3.038000e+02,9.567443e-01,5.740465e+00,-2.921152e-01,NaN,9.999987e-01,1.349522e-06,3.430261e-11,5.050068e-16,1.546792e-20,4.055426e-23,4.677306e-23,7.974307e-24,4.215809e-23,2.219662e-25,2.374344e-25,2.761973e-24,1.192854e-23
-4.5240,675,3.043000e+02,9.566939e-01,5.740162e+00,2.547803e-02,NaN,9.999986e-01,1.353443e-06,3.425155e-11,5.073125e-16,1.552178e-20,4.062772e-23,4.688987e-23,7.979568e-24,4.231823e-23,2.225379e-25,2.379756e-25,2.764170e-24,1.194667e-23
-4.5240,676,3.048000e+02,9.566426e-01,5.739854e+00,-1.073727e-01,NaN,9.999986e-01,1.375345e-06,3.438797e-11,5.063828e-16,1.559485e-20,4.075531e-23,4.700784e-23,7.989414e-24,4.244032e-23,2.229859e-25,2.387311e-25,2.768858e-24,1.195911e-23
-4.5240,677,3.053000e+02,9.565918e-01,5.739549e+00,9.263551e-02,NaN,9.999987e-01,1.348589e-06,3.435647e-11,5.086316e-16,1.566517e-20,4.083451e-23,4.710085e-23,7.996903e-24,4.235783e-23,2.232963e-25,2.391620e-25,2.773911e-24,1.198657e-23
-4.5240,678,3.058000e+02,9.565410e-01,5.739245e+00,-1.907062e-01,NaN,9.999986e-01,1.363890e-06,3.431931e-11,5.093810e-16,1.566193e-20,4.094132e-23,4.722483e-23,8.006616e-24,4.239932e-23,2.237092e-25,2.396376e-25,2.778723e-24,1.201881e-23
-4.5240,679,3.063000e+02,9.564912e-01,5.738946e+00,3.726470e-02,NaN,9.999986e-01,1.355984e-06,3.443934e-11,5.087784e-16,1.570710e-20,4.097226e-23,4.730240e-23,8.026732e-24,4.258377e-23,2.240659e-25,2.401062e-25,2.784467e-24,1.204569e-23
-4.5240,680,3.068000e+02,9.564423e-01,5.738652e+00,-2.494784e-01,NaN,9.999987e-01,1.334014e-06,3.443428e-11,5.100026e-16,1.567849e-20,4.101883e-23,4.739044e-23,8.043775e-24,4.256937e-23,2.245555e-25,2.405357e-25,2.786841e-24,1.206385e-23
-4.5240,681,3.073000e+02,9.563928e-01,5.738355e+00,-1.618086e-01,5.531126e-03,9.999986e-01,1.367557e-06,3.445793e-11,5.103035e-16,1.569736e-20,4.107477e-23,4.747696e-23,8.062975e-24,4.280102e-23,2.248872e-25,2.409872e-25,2.793785e-24,1.208282e-23
-4.5240,682,3.078000e+02,9.563427e-01,5.738055e+00,-7.103750e-02,NaN,9.999986e-01,1.366342e-06,3.459915e-11,5.134935e-16,1.580603e-20,4.113805e-23,4.755559e-23,8.079931e-24,4.280941e-23,2.254117e-25,2.416703e-25,2.801282e-24,1.209966e-23
-4.5240,683,3.083000e+02,9.562940e-01,5.737763e+00,-9.895259e-02,NaN,9.999986e-01,1.353789e-06,3.464249e-11,5.104493e-16,1.579740e-20,4.120626e-23,4.763605e-23,8.100973e-24,4.275497e-23,2.257637e-25,2.422536e-25,2.806208e-24,1.211768e-23
-4.5240,684,3.088000e+02,9.562447e-01,5.737467e+00,2.173574e-01,NaN,9.999986e-01,1.355126e-06,3.463349e-11,5.127428e-16,1.587048e-20,4.124711e-23,4.774281e-23,8.116198e-24,4.301618e-23,2.261535e-25,2.427220e-25,2.810334e-24,1.213487e-23
-4.5240,685,3.093000e+02,9.561937e-01,5.737161e+00,-7.359302e-02,NaN,9.999986e-01,1.357329e-06,3.463817e-11,5.139764e-16,1.595529e-20,4.131795e-23,4.775837e-23,8.130411e-24,4.294250e-23,2.266122e-25,2.430185e-25,2.817438e-24,1.215078e-23
-4.5240,686,3.098000e+02,9.561431e-01,5.736857e+00,-4.897765e-03,NaN,9.999986e-01,1.358536e-06,3.455021e-11,5.134847e-16,1.596684e-20,4.143269e-23,4.781741e-23,8.140152e-24,4.302047e-23,2.270895e-25,2.432813e-25,2.821162e-24,1.218332e-23
-4.5240,687,3.103000e+02,9.560934e-01,5.736559e+00,1.680549e-01,NaN,9.999987e-01,1.329835e-06,3.468787e-11,5.131626e-16,1.592868e-20,4.151246e-23,4.789485e-23,8.161614e-24,4.308793e-23,2.273377e-25,2.436293e-25,2.830136e-24,1.220290e-23
-4.5240,688,3.108000e+02,9.560453e-01,5.736270e+00,6.492049e-02,NaN,9.999987e-01,1.335906e-06,3.465110e-11,5.146939e-16,1.605256e-20,4.162187e-23,4.792356e-23,8.177868e-24,4.319621e-23,2.276379e-25,2.438790e-25,2.837660e-24,1.222411e-23
-4.5240,689,3.113000e+02,9.559955e-01,5.735972e+00,-8.055239e-02,NaN,9.999986e-01,1.360869e-06,3.482383e-11,5.160395e-16,1.605175e-20,4.172357e-23,4.798590e-23,8.189643e-24,4.323907e-23,2.279586e-25,2.445084e-25,2.844471e-24,1.225590e-23
-4.5240,690,3.118000e+02,9.559476e-01,5.735684e+00,-2.542048e-01,NaN,9.999987e-01,1.320052e-06,3.482444e-11,5.136904e-16,1.605615e-20,4.181166e-23,4.809602e-23,8.209807e-24,4.333911e-23,2.284086e-25,2.450688e-25,2.850299e-24,1.226206e-23
-4.5240,691,3.123000e+02,9.558974e-01,5.735383e+00,4.940455e-02,4.533222e-03,9.999986e-01,1.378005e-06,3.490890e-11,5.162374e-16,1.607616e-20,4.189104e-23,4.822510e-23,8.222014e-24,4.333126e-23,2.289405e-25,2.455044e-25,2.854939e-24,1.227375e-23
-4.5240,692,3.128000e+02,9.558468e-01,5.735079e+00,6.239283e-02,NaN,9.999987e-01,1.348749e-06,3.489004e-11,5.191164e-16,1.617079e-20,4.199183e-23,4.832982e-23,8.238392e-24,4.347635e-23,2.294238e-25,2.461841e-25,2.862386e-24,1.229027e-23
-4.5240,693,3.133000e+02,9.557954e-01,5.734771e+00,-3.374152e-02,NaN,9.999986e-01,1.354596e-06,3.487675e-11,5.173988e-16,1.626133e-20,4.212732e-23,4.844227e-23,8.249416e-24,4.361552e-23,2.298744e-25,2.465210e-25,2.870554e-24,1.230842e-23
-4.5240,694,3.138000e+02,9.557452e-01,5.734470e+00,2.238468e-01,NaN,9.999987e-01,1.340580e-06,3.488475e-11,5.208568e-16,1.624579e-20,4.217930e-23,4.852302e-23,8.260664e-24,4.350711e-23,2.302154e-25,2.470506e-25,2.875193e-24,1.233858e-23
-4.5240,695,3.143000e+02,9.556959e-01,5.734174e+00,6.211646e-02,NaN,9.999986e-01,1.359339e-06,3.498296e-11,5.204716e-16,1.631371e-20,4.224517e-23,4.864478e-23,8.265620e-24,4.371943e-23,2.305576e-25,2.473247e-25,2.882133e-24,1.236003e-23
-4.5240,696,3.148000e+02,9.556467e-01,5.733879e+00,2.300786e-01,NaN,9.999987e-01,1.343953e-06,3.492315e-11,5.215087e-16,1.632699e-20,4.233733e-23,4.870315e-23,8.286979e-24,4.383299e-23,2.309936e-25,2.478431e-25,2.889303e-24,1.239590e-23
-4.5240,697,3.153000e+02,9.555984e-01,5.733589e+00,2.120147e-01,NaN,9.999987e-01,1.340755e-06,3.504182e-11,5.225550e-16,1.645293e-20,4.236769e-23,4.879366e-23,8.296352e-24,4.379863e-23,2.313205e-25,2.479801e-25,2.895157e-24,1.240687e-23
-4.5240,698,3.158000e+02,9.555507e-01,5.733303e+00,-6.763026e-02,NaN,9.999987e-01,1.338945e-06,3.505830e-11,5.239529e-16,1.639298e-20,4.240701e-23,4.886073e-23,8.319700e-24,4.401885e-23,2.318364e-25,2.484370e-25,2.904765e-24,1.243200e-23
-4.5240,699,3.163000e+02,9.555031e-01,5.733017e+00,-5.105570e-02,NaN,9.999987e-01,1.345777e-06,3.510712e-11,5.232673e-16,1.648269e-20,4.250888e-23,4.898946e-23,8.341708e-24,4.399478e-23,2.321159e-25,2.490212e-25,2.910449e-24,1.245165e-23
-4.5240,700,3.168000e+02,9.554560e-01,5.732735e+00,-3.078468e-02,NaN,9.999987e-01,1.345148e-06,3.518032e-11,5.236057e-16,1.646802e-20,4.258101e-23,4.911206e-23,8.360516e-24,4.415155e-23,2.325620e-25,2.493093e-25,2.915917e-24,1.246075e-23
-4.5240,701,3.173000e+02,9.554080e-01,5.732447e+00,2.126895e-01,4.175964e-03,9.999987e-01,1.334300e-06,3.514752e-11,5.234298e-16,1.646737e-20,4.264867e-23,4.917020e-23,8.377681e-24,4.430000e-23,2.329896e-25,2.498601e-25,2.923419e-24,1.248739e-23
-4.5240,702,3.178000e+02,9.553592e-01,5.732154e+00,-2.028963e-01,NaN,9.999987e-01,1.342219e-06,3.525510e-11,5.255226e-16,1.656616e-20,4.272063e-23,4.924829e-23,8.394407e-24,4.428888e-23,2.333888e-25,2.500783e-25,2.927960e-24,1.251724e-23
-4.5240,703,3.183000e+02,9.553115e-01,5.731868e+00,2.042828e-02,NaN,9.999987e-01,1.317598e-06,3.519441e-11,5.260177e-16,1.654090e-20,4.285339e-23,4.940388e-23,8.411904e-24,4.427798e-23,2.336577e-25,2.505197e-25,2.935978e-24,1.254414e-23
-4.5240,704,3.188000e+02,9.552646e-01,5.731586e+00,8.172991e-02,NaN,9.999987e-01,1.344651e-06,3.526281e-11,5.276184e-16,1.664804e-20,4.290727e-23,4.952546e-23,8.436010e-24,4.444586e-23,2.341234e-25,2.511105e-25,2.941003e-24,1.257432e-23
-4.5240,705,3.193000e+02,9.552164e-01,5.731297e+00,1.764939e-01,NaN,9.999987e-01,1.344319e-06,3.540361e-11,5.267665e-16,1.668785e-20,4.296019e-23,4.962484e-23,8.444632e-24,4.444233e-23,2.347728e-25,2.515160e-25,2.947076e-24,1.262103e-23
-4.5240,706,3.198000e+02,9.551708e-01,5.731024e+00,2.847430e-01,NaN,9.999987e-01,1.347511e-06,3.535111e-11,5.268634e-16,1.668022e-20,4.303159e-23,4.974308e-23,8.458671e-24,4.473554e-23,2.354527e-25,2.519638e-25,2.952838e-24,1.264684e-23
-4.5240,707,3.203000e+02,9.551229e-01,5.730736e+00,1.133594e-01,NaN,9.999986e-01,1.354156e-06,3.537970e-11,5.277107e-16,1.675800e-20,4.310035e-23,4.986319e-23,8.481361e-24,4.477815e-23,2.359356e-25,2.526779e-25,2.956475e-24,1.268270e-23
-4.5240,708,3.208000e+02,9.550748e-01,5.730448e+00,5.811701e-03,NaN,9.999987e-01,1.343429e-06,3.528650e-11,5.307943e-16,1.678932e-20,4.320837e-23,4.995958e-23,8.500642e-24,4.458870e-23,2.365193e-25,2.530596e-25,2.962597e-24,1.269747e-23
-4.5240,709,3.213000e+02,9.550288e-01,5.730172e+00,1.967699e-02,NaN,9.999987e-01,1.316345e-06,3.537045e-11,5.319549e-16,1.684384e-20,4.324062e-23,5.000885e-23,8.516185e-24,4.475853e-23,2.369668e-25,2.534239e-25,2.967246e-24,1.272312e-23
-4.5240,710,3.218000e+02,9.549824e-01,5.729893e+00,-3.863080e-02,NaN,9.999987e-01,1.331121e-06,3.542840e-11,5.346703e-16,1.687508e-20,4.330984e-23,5.008079e-23,8.532016e-24,4.478135e-23,2.373721e-25,2.537974e-25,2.972396e-24,1.274355e-23
-4.5240,711,3.223000e+02,9.549349e-01,5.729608e+00,3.015729e-02,4.303533e-03,9.999986e-01,1.354371e-06,3.538349e-11,5.320812e-16,1.692903e-20,4.338594e-23,5.017319e-23,8.537291e-24,4.480132e-23,2.380219e-25,2.542242e-25,2.975294e-24,1.276601e-23
-4.5240,712,3.228000e+02,9.548894e-01,5.729335e+00,-5.413625e-02,NaN,9.999987e-01,1.323939e-06,3.542437e-11,5.319866e-16,1.693893e-20,4.350499e-23,5.027727e-23,8.553126e-24,4.503166e-23,2.385544e-25,2.550570e-25,2.983481e-24,1.278021e-23
-4.5240,713,3.233000e+02,9.548440e-01,5.729063e+00,-4.433873e-02,NaN,9.999986e-01,1.356791e-06,3.567426e-11,5.366546e-16,1.702442e-20,4.359888e-23,5.040941e-23,8.573267e-24,4.506805e-23,2.389999e-25,2.553131e-25,2.988832e-24,1.280580e-23
-4.5240,714,3.238000e+02,9.547957e-01,5.728773e+00,2.727361e-04,NaN,9.999986e-01,1.359997e-06,3.556479e-11,5.349141e-16,1.704119e-20,4.369228e-23,5.051149e-23,8.586520e-24,4.510267e-23,2.394940e-25,2.556404e-25,2.992529e-24,1.283854e-23
-4.5240,715,3.243000e+02,9.547491e-01,5.728493e+00,-4.240841e-02,NaN,9.999987e-01,1.316321e-06,3.551881e-11,5.340398e-16,1.699530e-20,4.379055e-23,5.064019e-23,8.597117e-24,4.519743e-23,2.398430e-25,2.559264e-25,2.997899e-24,1.283998e-23
-4.5240,716,3.248000e+02,9.547022e-01,5.728212e+00,-6.969615e-02,NaN,9.999987e-01,1.342482e-06,3.562495e-11,5.351898e-16,1.712625e-20,4.387785e-23,5.073234e-23,8.607495e-24,4.521219e-23,2.402590e-25,2.562834e-25,3.002414e-24,1.287640e-23
-4.5240,717,3.253000e+02,9.546551e-01,5.727929e+00,6.074815e-02,NaN,9.999987e-01,1.321535e-06,3.558069e-11,5.368182e-16,1.712692e-20,4.397152e-23,5.086584e-23,8.627171e-24,4.534088e-23,2.406761e-25,2.566577e-25,3.008090e-24,1.290556e-23
-4.5240,718,3.258000e+02,9.546080e-01,5.727647e+00,-1.780624e-01,NaN,9.999987e-01,1.334256e-06,3.567685e-11,5.369043e-16,1.712571e-20,4.402252e-23,5.093590e-23,8.649911e-24,4.560723e-23,2.411360e-25,2.569553e-25,3.013619e-24,1.292067e-23
-4.5240,719,3.263000e+02,9.545625e-01,5.727373e+00,1.136825e-01,NaN,9.999987e-01,1.330672e-06,3.561745e-11,5.362240e-16,1.722412e-20,4.408062e-23,5.107379e-23,8.669446e-24,4.549506e-23,2.414175e-25,2.572781e-25,3.018792e-24,1.293480e-23
-4.5240,720,3.268000e+02,9.545165e-01,5.727098e+00,1.074415e-01,NaN,9.999987e-01,1.330654e-06,3.563715e-11,5.417992e-16,1.723569e-20,4.414542e-23,5.116626e-23,8.689136e-24,4.566781e-23,2.418206e-25,2.574671e-25,3.023914e-24,1.295057e-23
-4.5240,721,3.273000e+02,9.544692e-01,5.726814e+00,-4.107960e-03,4.502152e-03,9.999987e-01,1.339580e-06,3.576089e-11,5.393376e-16,1.737071e-20,4.425278e-23,5.124903e-23,8.709391e-24,4.576138e-23,2.423787e-25,2.582523e-25,3.028559e-24,1.297278e-23
-4.5240,722,3.278000e+02,9.544218e-01,5.726530e+00,-7.542321e-02,NaN,9.999987e-01,1.325063e-06,3.566208e-11,5.420650e-16,1.730044e-20,4.434249e-23,5.135077e-23,8.733127e-24,4.580098e-23,2.427215e-25,2.585939e-25,3.032959e-24,1.301144e-23
-4.5240,723,3.283000e+02,9.543754e-01,5.726251e+00,4.650599e-02,NaN,9.999987e-01,1.328132e-06,3.580241e-11,5.405391e-16,1.738131e-20,4.438975e-23,5.143103e-23,8.753465e-24,4.602918e-23,2.433730e-25,2.592040e-25,3.038142e-24,1.303141e-23
-4.5240,724,3.288000e+02,9.543271e-01,5.725961e+00,3.516795e-02,NaN,9.999987e-01,1.336863e-06,3.576267e-11,5.413425e-16,1.740439e-20,4.449502e-23,5.151993e-23,8.773734e-24,4.604473e-23,2.439452e-25,2.597249e-25,3.042854e-24,1.305259e-23
-4.5240,725,3.293000e+02,9.542791e-01,5.725673e+00,2.409426e-01,NaN,9.999987e-01,1.329199e-06,3.590993e-11,5.430710e-16,1.742496e-20,4.461885e-23,5.160119e-23,8.792500e-24,4.609816e-23,2.446450e-25,2.602607e-25,3.047796e-24,1.308585e-23
-4.5240,726,3.298000e+02,9.542332e-01,5.725398e+00,6.496589e-02,NaN,9.999987e-01,1.322198e-06,3.590973e-11,5.427816e-16,1.753001e-20,4.469066e-23,5.171022e-23,8.804854e-24,4.624356e-23,2.450398e-25,2.608262e-25,3.055229e-24,1.310767e-23
-4.5240,727,3.303000e+02,9.541859e-01,5.725114e+00,-1.089732e-02,NaN,9.999987e-01,1.346616e-06,3.592387e-11,5.468340e-16,1.760893e-20,4.477806e-23,5.179730e-23,8.829453e-24,4.623887e-23,2.453743e-25,2.610606e-25,3.060736e-24,1.312355e-23
-4.5240,728,3.308000e+02,9.541405e-01,5.724842e+00,6.269467e-02,NaN,9.999987e-01,1.307043e-06,3.601781e-11,5.429862e-16,1.756568e-20,4.487938e-23,5.191509e-23,8.843291e-24,4.627630e-23,2.457403e-25,2.614256e-25,3.063810e-24,1.315482e-23
-4.5240,729,3.313000e+02,9.540955e-01,5.724572e+00,-7.611158e-02,NaN,9.999987e-01,1.329266e-06,3.589266e-11,5.480983e-16,1.759071e-20,4.498496e-23,5.203714e-23,8.860516e-24,4.639763e-23,2.462544e-25,2.622071e-25,3.069937e-24,1.316627e-23
-4.5240,730,3.318000e+02,9.540497e-01,5.724297e+00,2.964463e-02,NaN,9.999987e-01,1.325299e-06,3.599122e-11,5.465027e-16,1.766690e-20,4.508912e-23,5.218983e-23,8.875068e-24,4.640139e-23,2.468582e-25,2.624628e-25,3.073559e-24,1.321136e-23
-4.5240,731,3.323000e+02,9.540044e-01,5.724025e+00,-2.480524e-02,4.186850e-03,9.999987e-01,1.339286e-06,3.600827e-11,5.496768e-16,1.771954e-20,4.518773e-23,5.234768e-23,8.892283e-24,4.664325e-23,2.474474e-25,2.630607e-25,3.080938e-24,1.323384e-23
-4.5240,732,3.328000e+02,9.539585e-01,5.723750e+00,-3.158108e-01,NaN,9.999987e-01,1.337079e-06,3.603097e-11,5.474680e-16,1.775578e-20,4.529605e-23,5.246463e-23,8.911375e-24,4.677113e-23,2.479923e-25,2.632239e-25,3.084793e-24,1.326273e-23
-4.5240,733,3.333000e+02,9.539136e-01,5.723481e+00,-7.359201e-03,NaN,9.999987e-01,1.331770e-06,3.611472e-11,5.480172e-16,1.777851e-20,4.541458e-23,5.253400e-23,8.921482e-24,4.661768e-23,2.483553e-25,2.636377e-25,3.091573e-24,1.329212e-23
-4.5240,734,3.338000e+02,9.538692e-01,5.723214e+00,3.010487e-02,NaN,9.999987e-01,1.329969e-06,3.612644e-11,5.515237e-16,1.788801e-20,4.551186e-23,5.259870e-23,8.936812e-24,4.679511e-23,2.488469e-25,2.639063e-25,3.095210e-24,1.329683e-23
-4.5240,735,3.343000e+02,9.538236e-01,5.722940e+00,4.124454e-01,NaN,9.999987e-01,1.311130e-06,3.607610e-11,5.513927e-16,1.786755e-20,4.563064e-23,5.271371e-23,8.957977e-24,4.681996e-23,2.494547e-25,2.644869e-25,3.101019e-24,1.331446e-23
-4.5240,736,3.348000e+02,9.537791e-01,5.722673e+00,6.042607e-02,NaN,9.999987e-01,1.334357e-06,3.617393e-11,5.518826e-16,1.794652e-20,4.572335e-23,5.279135e-23,8.969607e-24,4.693807e-23,2.498085e-25,2.650307e-25,3.108222e-24,1.334881e-23
-4.5240,737,3.353000e+02,9.537356e-01,5.722413e+00,3.551054e-03,NaN,9.999987e-01,1.338758e-06,3.623327e-11,5.530749e-16,1.795042e-20,4.579472e-23,5.284549e-23,8.982800e-24,4.704477e-23,2.502284e-25,2.654912e-25,3.114082e-24,1.337558e-23
-4.5240,738,3.358000e+02,9.536908e-01,5.722144e+00,-2.006965e-01,NaN,9.999987e-01,1.341550e-06,3.629557e-11,5.533723e-16,1.799022e-20,4.592277e-23,5.292500e-23,8.992875e-24,4.703515e-23,2.503860e-25,2.658373e-25,3.117990e-24,1.338604e-23
4.5240,1,1.000000e-03,1.000000e+00,5.999999e+00,1.082561e-06,5.056095e-03,9.999989e-01,1.082638e-06,1.542652e-12,1.839789e-18,1.705956e-24,1.738062e-30,2.370701e-30,1.342772e-30,1.715142e-29,5.072596e-32,3.182894e-31,4.960344e-31,1.111212e-29
4.5240,2,2.000000e-01,1.000000e+00,6.000000e+00,2.381607e-07,NaN,9.999998e-01,2.282552e-07,7.466262e-14,2.124564e-20,2.898936e-25,1.230174e-26,5.143627e-27,2.483638e-27,2.183343e-26,2.046002e-28,1.440424e-28,1.670085e-27,9.044933e-27
4.5240,3,4.000000e-01,1.000000e+00,5.999999e+00,7.142226e-07,NaN,9.999994e-01,6.064330e-07,4.373689e-13,2.530612e-19,5.155988e-25,4.487163e-26,4.134866e-26,6.632900e-27,2.801030e-26,3.782140e-28,3.437654e-28,4.234681e-27,1.577202e-26
4.5240,4,6.000000e-01,1.000000e+00,5.999999e+00,1.634926e-06,NaN,9.999991e-01,9.118510e-07,8.490893e-13,6.471221e-19,1.317349e-24,9.221718e-26,1.025518e-25,1.808566e-26,3.974431e-26,7.951263e-28,7.811995e-28,1.056697e-26,3.502316e-26
4.5240,5,8.000000e-01,1.000000e+00,5.999999e+00,2.912540e-06,NaN,9.999989e-01,1.077977e-06,1.048399e-12,8.677661e-19,3.248796e-24,1.568169e-25,1.700296e-25,3.158891e-26,5.594315e-26,1.265384e-27,1.238967e-27,1.655719e-26,6.078682e-26
4.5240,6,1.000000e+00,1.000000e+00,5.999999e+00,6.220133e-06,NaN,9.999989e-01,1.072784e-06,1.171398e-12,1.093031e-18,5.059925e-24,2.860152e-25,2.822778e-25,4.512498e-26,7.304802e-26,1.852013e-27,1.733643e-27,2.324616e-26,8.439245e-26
4.5240,7,1.200000e+00,1.000000e+00,5.999999e+00,9.149865e-06,NaN,9.999990e-01,9.874126e-07,9.343477e-13,9.979704e-19,5.265804e-24,3.799723e-25,3.973492e-25,5.987378e-26,9.835453e-26,2.221462e-27,2.266116e-27,2.921762e-26,1.062765e-25
4.5240,8,1.400000e+00,1.000000e+00,5.999999e+00,1.058359e-05,NaN,9.999992e-01,7.628453e-07,6.384176e-13,9.077851e-19,5.804055e-24,4.391744e-25,4.131118e-25,7.044462e-26,1.070157e-25,2.489382e-27,2.583194e-27,3.248567e-26,1.264648e-25
4.5240,9,1.600000e+00,1.000000e+00,5.999999e+00,8.791604e-06,NaN,9.999995e-01,5.473956e-07,4.431541e-13,7.498560e-19,6.386433e-24,5.540731e-25,4.503737e-25,7.547200e-26,1.246684e-25,2.801600e-27,3.034632e-27,3.958778e-26,1.519774e-25
4.5240,10,1.800000e+00,1.000000e+00,6.000000e+00,1.175864e-05,NaN,9.999995e-01,4.799000e-07,3.645254e-13,6.519337e-19,6.050893e-24,6.186795e-25,5.344390e-25,8.364290e-26,1.506798e-25,3.133462e-27,3.635140e-27,4.449604e-26,1.687041e-25
4.5240,11,2.000000e+00,1.000000e+00,6.000000e+00,2.032214e-05,3.813874e-03,9.999995e-01,4.701564e-07,3.193349e-13,5.105965e-19,5.830094e-24,6.905228e-25,6.207546e-25,1.007560e-25,1.744097e-25,3.707832e-27,4.116394e-27,5.258829e-26,1.957841e-25
4.5240,12,2.200000e+00,1.000000e+00,5.999999e+00,3.066502e-05,NaN,9.999993e-01,7.159794e-07,5.079600e-13,4.714938e-19,6.392443e-24,7.401747e-25,7.399466e-25,1.207643e-25,2.067705e-25,4.415787e-27,4.870637e-27,6.362576e-26,2.250350e-25
4.5240,13,2.400000e+00,1.000000e+00,5.999999e+00,3.694765e-05,NaN,9.999991e-01,9.483784e-07,1.072420e-12,8.133877e-19,6.803196e-24,7.812663e-25,8.033951e-25,1.359345e-25,2.285675e-25,4.763547e-27,5.248780e-27,6.953259e-26,2.473092e-25
4.5240,14,2.600000e+00,1.000000e+00,5.999999e+00,4.535950e-05,NaN,9.999989e-01,1.105533e-06,1.653101e-12,1.853805e-18,7.759456e-24,8.329489e-25,8.605476e-25,1.457535e-25,2.516831e-25,5.123266e-27,5.643828e-27,7.412017e-26,2.655248e-25
4.5240,15,2.800000e+00,1.000000e+00,5.999999e+00,4.375440e-05,NaN,9.999986e-01,1.447790e-06,2.591612e-12,4.941768e-18,1.170868e-23,8.450096e-25,8.881235e-25,1.504154e-25,2.736754e-25,5.360589e-27,5.946371e-27,7.755584e-26,2.828990e-25
4.5240,16,3.000000e+00,1.000000e+00,5.999998e+00,2.627156e-05,NaN,9.999985e-01,1.500391e-06,2.769522e-12,7.536627e-18,2.203897e-23,8.649225e-25,9.367749e-25,1.585971e-25,2.990126e-25,5.733725e-27,6.304564e-27,8.140327e-26,2.941134e-25
4.5240,17,3.200000e+00,1.000000e+00,5.999999e+00,1.080570e-05,NaN,9.999992e-01,8.463329e-07,1.517775e-12,5.815369e-18,2.270764e-23,8.893559e-25,9.706134e-25,1.633399e-25,3.189751e-25,5.955892e-27,6.528692e-27,8.435051e-26,3.055120e-25
4.5240,18,3.400000e+00,1.000000e+00,5.999999e+00,1.103682e-05,NaN,9.999994e-01,5.557452e-07,1.132323e-12,4.664658e-18,1.731848e-23,9.221114e-25,1.010819e-24,1.719653e-25,3.480356e-25,6.134378e-27,6.781816e-27,8.701258e-26,3.160432e-25
4.5240,19,3.600000e+00,1.000000e+00,6.000000e+00,2.622712e-05,NaN,9.999995e-01,4.746786e-07,1.070114e-12,4.513982e-18,1.854279e-23,9.871719e-25,1.055181e-24,1.787773e-25,3.726420e-25,6.302138e-27,7.105855e-27,9.073840e-26,3.361365e-25
4.5240,20,3.800000e+00,1.000000e+00,5.999999e+00,1.017903e-05,NaN,9.999993e-01,6.747963e-07,1.394370e-12,5.708056e-18,2.234463e-23,1.020613e-24,1.086650e-24,1.832105e-25,3.913142e-25,6.461208e-27,7.354921e-27,9.335655e-26,3.483123e-25
4.5240,21,4.000000e+00,1.000000e+00,5.999999e+00,-1.015965e-05,4.190735e-03,9.999991e-01,9.027166e-07,1.677014e-12,7.079802e-18,2.594081e-23,1.038184e-24,1.146652e-24,1.926901e-25,4.254213e-25,6.638113e-27,7.533825e-27,9.699185e-26,3.594725e-25
4.5240,22,4.200000e+00,1.000000e+00,5.999999e+00,-1.344308e-05,NaN,9.999988e-01,1.248752e-06,2.319188e-12,8.855300e-18,3.366589e-23,1.070252e-24,1.181217e-24,2.035727e-25,4.626061e-25,6.820477e-27,7.811959e-27,1.001594e-25,3.691924e-25
4.5240,23,4.400000e+00,1.000000e+00,5.999999e+00,3.264790e-06,NaN,9.999985e-01,1.488150e-06,2.520404e-12,9.896964e-18,4.715744e-23,1.099539e-24,1.211725e-24,2.087716e-25,4.782895e-25,6.976028e-27,7.963516e-27,1.025783e-25,3.844076e-25
4.5240,24,4.600000e+00,1.000000e+00,5.999999e+00,1.555166e-05,NaN,9.999987e-01,1.329570e-06,2.062043e-12,1.038145e-17,4.881427e-23,1.118092e-24,1.245800e-24,2.160129e-25,5.166241e-25,7.168149e-27,8.210851e-27,1.060197e-25,3.985502e-25
4.5240,25,4.800000e+00,1.000000e+00,5.999999e+00,7.091441e-06,NaN,9.999988e-01,1.186621e-06,1.843684e-12,1.100601e-17,5.647795e-23,1.163883e-24,1.288025e-24,2.223472e-25,5.382575e-25,7.435722e-27,8.550814e-27,1.096699e-25,4.110227e-25
4.5240,26,5.000000e+00,1.000000e+00,5.999999e+00,-3.235343e-07,NaN,9.999989e-01,1.085961e-06,1.853193e-12,1.269824e-17,7.143442e-23,1.191174e-24,1.331481e-24,2.326805e-25,5.700338e-25,7.701586e-27,8.750799e-27,1.128009e-25,4.188916e-25
4.5240,27,5.200000e+00,1.000000e+00,5.999999e+00,2.183881e-06,NaN,9.999989e-01,1.063918e-06,1.977427e-12,1.437555e-17,8.582023e-23,1.229967e-24,1.378037e-24,2.421708e-25,6.200076e-25,7.944412e-27,8.958229e-27,1.169508e-25,4.292527e-25
4.5240,28,5.400000e+00,1.000000e+00,5.999999e+00,-1.363230e-06,NaN,9.999991e-01,9.295504e-07,1.814472e-12,1.521584e-17,9.751300e-23,1.259716e-24,1.404853e-24,2.491724e-25,6.434272e-25,8.123535e-27,9.163003e-27,1.195219e-25,4.411398e-25
4.5240,29,5.600000e+00,1.000000e+00,5.999999e+00,-1.059275e-05,NaN,9.999992e-01,7.502335e-07,1.500768e-12,1.500182e-17,1.038801e-22,1.258034e-24,1.420510e-24,2.534570e-25,6.898967e-25,8.313876e-27,9.370070e-27,1.215373e-25,4.510084e-25
4.5240,30,5.800000e+00,1.000000e+00,5.999999e+00,-2.203839e-05,NaN,9.999992e-01,8.131279e-07,1.642277e-12,1.498750e-17,1.092474e-22,1.265796e-24,1.447600e-24,2.606420e-25,7.297947e-25,8.467468e-27,9.578794e-27,1.238821e-25,4.632605e-25
4.5240,31,6.000000e+00,1.000000e+00,5.999999e+00,-3.338630e-06,3.344973e-03,9.999990e-01,9.515161e-07,1.816519e-12,1.549614e-17,1.057922e-22,1.273302e-24,1.472074e-24,2.686161e-25,7.668893e-25,8.690257e-27,9.815735e-27,1.260583e-25,4.715878e-25
4.5240,32,6.200000e+00,1.000000e+00,5.999999e+00,-3.737613e-05,NaN,9.999988e-01,1.225101e-06,2.285544e-12,1.604675e-17,9.816546e-23,1.293914e-24,1.486253e-24,2.750115e-25,7.948986e-25,8.949721e-27,1.004655e-26,1.294429e-25,4.850897e-25
4.5240,33,6.400000e+00,1.000000e+00,5.999998e+00,-7.521135e-06,NaN,9.999984e-01,1.637517e-06,3.453185e-12,1.709228e-17,1.227524e-22,1.328706e-24,1.525428e-24,2.813599e-25,8.400855e-25,9.231318e-27,1.024279e-26,1.341814e-25,5.003006e-25
4.5240,34,6.600000e+00,1.000000e+00,5.999998e+00,3.144486e-04,NaN,9.999983e-01,1.718812e-06,3.712882e-12,1.983975e-17,1.304132e-22,1.354916e-24,1.563809e-24,2.848076e-25,8.685484e-25,9.375211e-27,1.047798e-26,1.382697e-25,5.080263e-25
4.5240,35,6.800000e+00,1.000000e+00,5.999998e+00,1.497133e-03,NaN,9.999985e-01,1.513482e-06,3.356692e-12,2.227671e-17,1.370666e-22,1.374860e-24,1.595886e-24,2.889515e-25,9.077604e-25,9.510084e-27,1.062885e-26,1.401634e-25,5.224634e-25
4.5240,36,7.000000e+00,1.000000e+00,5.999999e+00,3.069911e-03,NaN,9.999988e-01,1.165626e-06,2.805132e-12,2.378626e-17,1.627000e-22,1.383979e-24,1.614167e-24,2.946338e-25,9.321862e-25,9.702772e-27,1.074576e-26,1.428782e-25,5.330463e-25
4.5240,37,7.200000e+00,1.000000e+00,5.999999e+00,5.331351e-03,NaN,9.999991e-01,8.946284e-07,2.410917e-12,2.388898e-17,1.768557e-22,1.407501e-24,1.640401e-24,3.007777e-25,9.803296e-25,9.879639e-27,1.089393e-26,1.457536e-25,5.448317e-25
4.5240,38,7.400000e+00,1.000000e+00,5.999999e+00,7.973324e-03,NaN,9.999992e-01,8.153996e-07,2.428835e-12,2.311092e-17,1.650571e-22,1.427866e-24,1.653197e-24,3.039222e-25,1.076730e-24,1.001267e-26,1.107238e-26,1.492232e-25,5.642408e-25
4.5240,39,7.600000e+00,1.000000e+00,5.999999e+00,1.002060e-02,NaN,9.999992e-01,8.407591e-07,2.511218e-12,2.147916e-17,1.438022e-22,1.458047e-24,1.699278e-24,3.124500e-25,1.136693e-24,1.025656e-26,1.133490e-26,1.515857e-25,5.710199e-25
4.5240,40,7.800000e+00,1.000000e+00,5.999999e+00,1.069456e-02,NaN,9.999989e-01,1.084251e-06,2.859233e-12,2.154407e-17,1.352408e-22,1.477535e-24,1.728623e-24,3.176816e-25,1.268869e-24,1.040555e-26,1.139307e-26,1.538995e-25,5.732306e-25
4.5240,41,8.000000e+00,1.000000e+00,5.999999e+00,1.170107e-02,3.946345e-03,9.999986e-01,1.435793e-06,3.348471e-12,2.234876e-17,1.586903e-22,1.487015e-24,1.764889e-24,3.214980e-25,1.337184e-24,1.065057e-26,1.160886e-26,1.574988e-25,5.625766e-25
4.5240,42,8.200000e+00,1.000000e+00,5.999998e+00,1.078342e-02,NaN,9.999984e-01,1.602188e-06,3.498102e-12,2.395755e-17,1.659181e-22,1.500603e-24,1.803602e-24,3.267516e-25,1.315083e-24,1.075415e-26,1.179570e-26,1.588846e-25,5.648543e-25
4.5240,43,8.400000e+00,1.000000e+00,5.999998e+00,5.256403e-03,NaN,9.999985e-01,1.513729e-06,3.251337e-12,2.419753e-17,1.536851e-22,1.523338e-24,1.848622e-24,3.328385e-25,1.264761e-24,1.098040e-26,1.207647e-26,1.608735e-25,5.853230e-25
4.5240,44,8.600000e+00,1.000000e+00,5.999999e+00,7.424399e-03,NaN,9.999987e-01,1.278781e-06,3.026365e-12,2.483863e-17,1.480974e-22,1.549493e-24,1.884066e-24,3.398535e-25,1.231146e-24,1.123378e-26,1.218456e-26,1.639745e-25,6.033994e-25
4.5240,45,8.800000e+00,1.000000e+00,5.999999e+00,1.065253e-02,NaN,9.999989e-01,1.114170e-06,2.843973e-12,2.590104e-17,1.668897e-22,1.563871e-24,1.905393e-24,3.450788e-25,1.315250e-24,1.143179e-26,1.245414e-26,1.673548e-25,5.959714e-25
4.5240,46,9.000000e+00,1.000000e+00,5.999999e+00,1.731412e-02,NaN,9.999990e-01,1.034354e-06,2.750630e-12,2.761038e-17,1.800710e-22,1.583545e-24,1.925216e-24,3.520590e-25,1.466747e-24,1.157553e-26,1.273430e-26,1.704705e-25,6.078832e-25
4.5240,47,9.200000e+00,1.000000e+00,5.999999e+00,2.198463e-02,NaN,9.999990e-01,9.728124e-07,2.661838e-12,2.887033e-17,1.674090e-22,1.598352e-24,1.969538e-24,3.594195e-25,1.483168e-24,1.172099e-26,1.288937e-26,1.719562e-25,6.259109e-25
4.5240,48,9.400000e+00,1.000000e+00,5.999999e+00,2.574691e-02,NaN,9.999991e-01,9.361830e-07,2.649154e-12,2.955061e-17,1.763558e-22,1.616908e-24,2.008413e-24,3.641585e-25,1.408992e-24,1.189003e-26,1.311661e-26,1.747681e-25,6.290629e-25
4.5240,49,9.600000e+00,1.000000e+00,5.999999e+00,3.258258e-02,NaN,9.999991e-01,9.411863e-07,2.790502e-12,3.001015e-17,2.068497e-22,1.632588e-24,2.027343e-24,3.678617e-25,1.479219e-24,1.204296e-26,1.326700e-26,1.760085e-25,6.407903e-25
4.5240,50,9.800000e+00,1.000000e+00,5.999999e+00,2.567236e-02,NaN,9.999989e-01,1.098654e-06,3.147616e-12,3.026413e-17,2.171749e-22,1.659414e-24,2.037848e-24,3.748529e-25,1.617020e-24,1.216619e-26,1.334306e-26,1.785566e-25,6.483425e-25
4.5240,51,1.000000e+01,1.000000e+00,5.999999e+00,2.002982e-02,3.669590e-03,9.999988e-01,1.216052e-06,3.440541e-12,3.079938e-17,2.056041e-22,1.676386e-24,2.061381e-24,3.775258e-25,1.625700e-24,1.237294e-26,1.349999e-26,1.798194e-25,6.533576e-25
4.5240,52,1.020000e+01,1.000000e+00,5.999999e+00,2.870659e-02,NaN,9.999986e-01,1.377490e-06,3.720823e-12,3.235746e-17,2.165849e-22,1.684890e-24,2.092041e-24,3.842799e-25,1.557472e-24,1.247553e-26,1.370191e-26,1.830547e-25,6.699062e-25
4.5240,53,1.040000e+01,1.000000e+00,5.999998e+00,4.489232e-02,NaN,9.999984e-01,1.560912e-06,4.230277e-12,3.600725e-17,2.670895e-22,1.703137e-24,2.110556e-24,3.899177e-25,1.804874e-24,1.262666e-26,1.385565e-26,1.850998e-25,6.680976e-25
4.5240,54,1.060000e+01,1.000000e+00,5.999998e+00,5.931085e-02,NaN,9.999984e-01,1.568202e-06,4.308953e-12,3.757268e-17,3.121771e-22,1.726502e-24,2.116727e-24,3.937853e-25,1.865093e-24,1.273827e-26,1.394282e-26,1.866201e-25,6.967490e-25
4.5240,55,1.080000e+01,1.000000e+00,5.999999e+00,8.310022e-02,NaN,9.999986e-01,1.361531e-06,3.727531e-12,3.443979e-17,2.776040e-22,1.754025e-24,2.140005e-24,3.964477e-25,1.703032e-24,1.273458e-26,1.411477e-26,1.875520e-25,6.819924e-25
4.5240,56,1.100000e+01,1.000000e+00,5.999999e+00,9.773473e-02,NaN,9.999989e-01,1.127920e-06,3.253339e-12,3.181668e-17,2.452336e-22,1.753299e-24,2.167653e-24,4.007358e-25,1.796386e-24,1.292297e-26,1.430255e-26,1.886338e-25,7.136029e-25
4.5240,57,1.120000e+01,1.000000e+00,5.999999e+00,9.219855e-02,NaN,9.999990e-01,9.730138e-07,3.177913e-12,3.137152e-17,2.377000e-22,1.762769e-24,2.194785e-24,4.081990e-25,1.751436e-24,1.310968e-26,1.443570e-26,1.904255e-25,7.146548e-25
4.5240,58,1.140000e+01,1.000000e+00,5.999999e+00,1.019221e-01,NaN,9.999991e-01,8.903660e-07,3.161823e-12,3.148266e-17,2.466682e-22,1.784693e-24,2.223922e-24,4.118198e-25,1.835445e-24,1.320567e-26,1.459901e-26,1.914233e-25,7.259841e-25
4.5240,59,1.160000e+01,1.000000e+00,5.999999e+00,1.135152e-01,NaN,9.999991e-01,8.722532e-07,3.067022e-12,3.123558e-17,2.533504e-22,1.803189e-24,2.240968e-24,4.167272e-25,1.839297e-24,1.328491e-26,1.485881e-26,1.930977e-25,7.316188e-25
4.5240,60,1.180000e+01,1.000000e+00,5.999999e+00,1.087154e-01,NaN,9.999991e-01,8.731130e-07,3.119267e-12,3.096451e-17,2.516379e-22,1.822305e-24,2.260882e-24,4.208728e-25,1.915318e-24,1.339383e-26,1.494841e-26,1.943940e-25,7.491246e-25
4.5240,61,1.200000e+01,1.000000e+00,5.999999e+00,1.029024e-01,3.446872e-03,9.999991e-01,9.472597e-07,3.324435e-12,3.074872e-17,2.519877e-22,1.834850e-24,2.296238e-24,4.241525e-25,1.928749e-24,1.353302e-26,1.502173e-26,1.965821e-25,7.585101e-25
4.5240,62,1.220000e+01,1.000000e+00,5.999999e+00,1.006766e-01,NaN,9.999989e-01,1.053732e-06,3.546899e-12,3.118144e-17,2.498755e-22,1.844850e-24,2.301450e-24,4.273723e-25,1.934385e-24,1.365157e-26,1.516995e-26,1.984665e-25,7.617268e-25
4.5240,63,1.240000e+01,1.000000e+00,5.999999e+00,1.024637e-01,NaN,9.999989e-01,1.092035e-06,3.724790e-12,3.180662e-17,2.543906e-22,1.857175e-24,2.323889e-24,4.329331e-25,1.996709e-24,1.373377e-26,1.530148e-26,1.999359e-25,7.745165e-25
4.5240,64,1.260000e+01,1.000000e+00,5.999999e+00,9.811137e-02,NaN,9.999989e-01,1.125663e-06,3.742345e-12,3.257355e-17,2.701026e-22,1.876207e-24,2.343821e-24,4.356696e-25,2.070503e-24,1.385390e-26,1.543883e-26,2.027492e-25,7.926020e-25
4.5240,65,1.280000e+01,1.000000e+00,5.999999e+00,9.741912e-02,NaN,9.999988e-01,1.244289e-06,3.858909e-12,3.296548e-17,2.877084e-22,1.900777e-24,2.366427e-24,4.412473e-25,2.094535e-24,1.397710e-26,1.560614e-26,2.039078e-25,7.736899e-25
4.5240,66,1.300000e+01,1.000000e+00,5.999999e+00,1.022874e-01,NaN,9.999986e-01,1.441462e-06,4.235093e-12,3.505744e-17,2.918810e-22,1.904617e-24,2.390833e-24,4.424831e-25,2.358988e-24,1.409929e-26,1.567019e-26,2.049788e-25,8.076230e-25
4.5240,67,1.320000e+01,1.000000e+00,5.999998e+00,1.092371e-01,NaN,9.999983e-01,1.677784e-06,4.693490e-12,3.760957e-17,2.839284e-22,1.921621e-24,2.402083e-24,4.440558e-25,2.142486e-24,1.417097e-26,1.567550e-26,2.063220e-25,8.032402e-25
4.5240,68,1.340000e+01,1.000000e+00,5.999998e+00,1.115300e-01,NaN,9.999982e-01,1.766954e-06,5.092609e-12,4.011915e-17,2.927599e-22,1.936070e-24,2.423784e-24,4.470820e-25,2.368781e-24,1.422271e-26,1.577377e-26,2.072580e-25,7.974481e-25
4.5240,69,1.360000e+01,1.000000e+00,5.999998e+00,1.118950e-01,NaN,9.999983e-01,1.674911e-06,5.084185e-12,4.014207e-17,3.233619e-22,1.937455e-24,2.432078e-24,4.506788e-25,2.273118e-24,1.434579e-26,1.592274e-26,2.089269e-25,7.998012e-25
4.5240,70,1.380000e+01,1.000000e+00,5.999999e+00,1.191642e-01,NaN,9.999986e-01,1.377082e-06,4.550548e-12,3.738182e-17,3.092996e-22,1.947007e-24,2.447673e-24,4.507342e-25,2.414684e-24,1.448392e-26,1.602148e-26,2.103738e-25,8.077988e-25
4.5240,71,1.400000e+01,1.000000e+00,5.999999e+00,1.246269e-01,4.092665e-03,9.999989e-01,1.099405e-06,4.096694e-12,3.506706e-17,2.855102e-22,1.952663e-24,2.465796e-24,4.540550e-25,2.473368e-24,1.457512e-26,1.613140e-26,2.119710e-25,8.191388e-25
4.5240,72,1.420000e+01,1.000000e+00,5.999999e+00,1.343521e-01,NaN,9.999990e-01,9.617205e-07,4.003200e-12,3.587920e-17,2.843239e-22,1.965338e-24,2.487104e-24,4.556903e-25,2.444789e-24,1.465609e-26,1.620749e-26,2.134913e-25,8.461697e-25
4.5240,73,1.440000e+01,1.000000e+00,5.999999e+00,1.324651e-01,NaN,9.999990e-01,9.769079e-07,4.048774e-12,3.642644e-17,3.011840e-22,1.976986e-24,2.503410e-24,4.612837e-25,2.477201e-24,1.476032e-26,1.631493e-26,2.148847e-25,8.706044e-25
4.5240,74,1.460000e+01,1.000000e+00,5.999999e+00,1.627442e-01,NaN,9.999989e-01,1.069856e-06,4.083380e-12,3.658486e-17,3.123880e-22,1.994399e-24,2.525312e-24,4.646058e-25,2.508138e-24,1.489362e-26,1.643860e-26,2.160155e-25,8.531222e-25
4.5240,75,1.480000e+01,1.000000e+00,5.999999e+00,1.943950e-01,NaN,9.999989e-01,1.134057e-06,4.126531e-12,3.562958e-17,2.986818e-22,2.003480e-24,2.537979e-24,4.656682e-25,2.553708e-24,1.502776e-26,1.654852e-26,2.174562e-25,8.591275e-25
4.5240,76,1.500000e+01,1.000000e+00,5.999999e+00,1.995602e-01,NaN,9.999989e-01,1.136663e-06,4.151099e-12,3.506538e-17,2.819370e-22,2.017201e-24,2.550962e-24,4.704288e-25,2.639375e-24,1.510732e-26,1.663954e-26,2.180078e-25,8.668699e-25
4.5240,77,1.520000e+01,1.000000e+00,5.999999e+00,2.122061e-01,NaN,9.999989e-01,1.114801e-06,4.230376e-12,3.550601e-17,2.915490e-22,2.040337e-24,2.551904e-24,4.729301e-25,2.662913e-24,1.528582e-26,1.667863e-26,2.196445e-25,8.848151e-25
4.5240,78,1.540000e+01,1.000000e+00,5.999999e+00,2.258046e-01,NaN,9.999989e-01,1.140084e-06,4.347165e-12,3.653092e-17,3.082080e-22,2.047670e-24,2.562513e-24,4.749962e-25,2.655039e-24,1.536425e-26,1.671834e-26,2.215303e-25,9.147274e-25
4.5240,79,1.560000e+01,1.000000e+00,5.999999e+00,2.521884e-01,NaN,9.999988e-01,1.166680e-06,4.373105e-12,3.725131e-17,3.237481e-22,2.056071e-24,2.574790e-24,4.779791e-25,2.774503e-24,1.545276e-26,1.684419e-26,2.227905e-25,9.181173e-25
4.5240,80,1.580000e+01,1.000000e+00,5.999999e+00,2.957802e-01,NaN,9.999987e-01,1.265214e-06,4.500464e-12,3.813875e-17,3.442126e-22,2.058337e-24,2.585468e-24,4.810787e-25,2.864876e-24,1.557686e-26,1.698315e-26,2.237427e-25,9.064963e-25
4.5240,81,1.600000e+01,1.000000e+00,5.999999e+00,3.105331e-01,3.415206e-03,9.999986e-01,1.396481e-06,4.672826e-12,3.888935e-17,3.525903e-22,2.075270e-24,2.597176e-24,4.835172e-25,3.049051e-24,1.561340e-26,1.711783e-26,2.258484e-25,9.274552e-25
4.5240,82,1.620000e+01,1.000000e+00,5.999998e+00,3.257690e-01,NaN,9.999985e-01,1.512223e-06,4.876705e-12,3.985225e-17,3.612306e-22,2.089770e-24,2.610821e-24,4.886277e-25,3.079076e-24,1.568868e-26,1.722368e-26,2.269969e-25,9.372281e-25
4.5240,83,1.640000e+01,1.000000e+00,5.999998e+00,3.526960e-01,NaN,9.999984e-01,1.586855e-06,5.004001e-12,3.954225e-17,3.705975e-22,2.103583e-24,2.629313e-24,4.899582e-25,3.035873e-24,1.579710e-26,1.728933e-26,2.293357e-25,9.350492e-25
4.5240,84,1.660000e+01,1.000000e+00,5.999998e+00,3.955568e-01,NaN,9.999984e-01,1.581390e-06,5.162520e-12,3.961952e-17,3.686452e-22,2.117514e-24,2.632041e-24,4.920172e-25,3.050479e-24,1.583372e-26,1.740642e-26,2.293136e-25,9.509528e-25
4.5240,85,1.680000e+01,1.000000e+00,5.999998e+00,4.317623e-01,NaN,9.999984e-01,1.563451e-06,5.227574e-12,4.049497e-17,3.625567e-22,2.129791e-24,2.648168e-24,4.938519e-25,3.104340e-24,1.597758e-26,1.749646e-26,2.302906e-25,9.563288e-25
4.5240,86,1.700000e+01,1.000000e+00,5.999998e+00,4.770903e-01,NaN,9.999984e-01,1.567808e-06,5.296473e-12,4.165748e-17,3.752086e-22,2.140426e-24,2.655858e-24,4.954349e-25,3.228944e-24,1.603566e-26,1.760549e-26,2.315230e-25,9.572665e-25
4.5240,87,1.720000e+01,1.000000e+00,5.999998e+00,5.403655e-01,NaN,9.999984e-01,1.625014e-06,5.612854e-12,4.278288e-17,3.892039e-22,2.152588e-24,2.671162e-24,4.986465e-25,3.300707e-24,1.614200e-26,1.767737e-26,2.327255e-25,9.989396e-25
4.5240,88,1.740000e+01,1.000000e+00,5.999998e+00,5.907529e-01,NaN,9.999983e-01,1.684806e-06,6.081765e-12,4.429403e-17,4.136546e-22,2.170513e-24,2.685736e-24,4.994894e-25,3.384535e-24,1.625269e-26,1.786874e-26,2.347407e-25,1.026698e-24
4.5240,89,1.760000e+01,1.000000e+00,5.999998e+00,6.504666e-01,NaN,9.999984e-01,1.579701e-06,5.770121e-12,4.548414e-17,4.273425e-22,2.177335e-24,2.693508e-24,5.029001e-25,3.439623e-24,1.628330e-26,1.788395e-26,2.353896e-25,1.029482e-24
4.5240,90,1.780000e+01,1.000000e+00,5.999999e+00,7.174606e-01,NaN,9.999986e-01,1.370091e-06,5.266571e-12,4.524624e-17,4.109521e-22,2.189124e-24,2.706656e-24,5.055969e-25,3.851165e-24,1.641215e-26,1.800362e-26,2.365429e-25,1.043443e-24
4.5240,91,1.800000e+01,1.000000e+00,5.999999e+00,7.828015e-01,4.246838e-03,9.999987e-01,1.295442e-06,5.118031e-12,4.433497e-17,3.934587e-22,2.196311e-24,2.724471e-24,5.073764e-25,3.953655e-24,1.646753e-26,1.812058e-26,2.394999e-25,1.091491e-24
4.5240,92,1.820000e+01,1.000000e+00,5.999999e+00,8.581507e-01,NaN,9.999987e-01,1.265728e-06,5.084884e-12,4.364250e-17,3.885219e-22,2.209495e-24,2.731611e-24,5.094591e-25,4.090119e-24,1.657813e-26,1.823337e-26,2.412905e-25,1.146800e-24
4.5240,93,1.840000e+01,1.000000e+00,5.999999e+00,9.250465e-01,NaN,9.999988e-01,1.221862e-06,5.004804e-12,4.343649e-17,3.937469e-22,2.228519e-24,2.744118e-24,5.115636e-25,4.410067e-24,1.670004e-26,1.834351e-26,2.420260e-25,1.173125e-24
4.5240,94,1.860000e+01,1.000000e+00,5.999999e+00,9.725361e-01,NaN,9.999988e-01,1.175174e-06,4.908707e-12,4.339840e-17,3.959240e-22,2.241714e-24,2.748688e-24,5.150154e-25,4.281236e-24,1.673692e-26,1.845909e-26,2.429816e-25,1.237612e-24
4.5240,95,1.880000e+01,1.000000e+00,5.999999e+00,1.023079e+00,NaN,9.999988e-01,1.216337e-06,4.993618e-12,4.416118e-17,4.039920e-22,2.253011e-24,2.762094e-24,5.166628e-25,4.507656e-24,1.686918e-26,1.853010e-26,2.434217e-25,1.332339e-24
4.5240,96,1.900000e+01,1.000000e+00,5.999999e+00,1.041112e+00,NaN,9.999989e-01,1.144556e-06,4.911951e-12,4.399634e-17,4.052455e-22,2.260625e-24,2.776003e-24,5.199666e-25,4.794878e-24,1.700134e-26,1.861795e-26,2.445622e-25,1.383845e-24
4.5240,97,1.920000e+01,1.000000e+00,5.999999e+00,1.040842e+00,NaN,9.999990e-01,9.575641e-07,4.694863e-12,4.319626e-17,3.987597e-22,2.271510e-24,2.785007e-24,5.214598e-25,5.178744e-24,1.704332e-26,1.872340e-26,2.451280e-25,1.479397e-24
4.5240,98,1.940000e+01,1.000000e+00,5.999999e+00,1.080158e+00,NaN,9.999992e-01,8.273157e-07,4.553567e-12,4.238953e-17,3.842060e-22,2.277537e-24,2.798670e-24,5.244683e-25,5.208074e-24,1.712248e-26,1.883765e-26,2.460462e-25,1.503879e-24
4.5240,99,1.960000e+01,1.000000e+00,5.999999e+00,1.021867e+00,NaN,9.999991e-01,8.607691e-07,4.550844e-12,4.271780e-17,3.883552e-22,2.282880e-24,2.821078e-24,5.266720e-25,5.736717e-24,1.724297e-26,1.891799e-26,2.466551e-25,1.668008e-24
4.5240,100,1.980000e+01,1.000000e+00,5.999999e+00,8.761195e-01,NaN,9.999991e-01,9.262848e-07,4.634623e-12,4.282466e-17,4.060745e-22,2.299444e-24,2.840430e-24,5.286771e-25,6.189264e-24,1.729578e-26,1.901711e-26,2.475574e-25,1.823529e-24
4.5240,101,2.000000e+01,1.000000e+00,5.999999e+00,8.211102e-01,4.073702e-03,9.999990e-01,9.826009e-07,4.686397e-12,4.359722e-17,4.131108e-22,2.313755e-24,2.844714e-24,5.302391e-25,6.482920e-24,1.739230e-26,1.905717e-26,2.486553e-25,2.015691e-24
4.5240,102,2.020000e+01,1.000000e+00,5.999999e+00,7.578326e-01,NaN,9.999990e-01,1.037525e-06,4.857075e-12,4.356081e-17,4.112922e-22,2.328478e-24,2.861628e-24,5.331838e-25,7.370880e-24,1.748011e-26,1.911915e-26,2.496325e-25,2.150545e-24
4.5240,103,2.040000e+01,1.000000e+00,5.999999e+00,6.309540e-01,NaN,9.999990e-01,1.038611e-06,4.861615e-12,4.373963e-17,4.191062e-22,2.333846e-24,2.870501e-24,5.346284e-25,8.161002e-24,1.758031e-26,1.915231e-26,2.500181e-25,2.436317e-24
4.5240,104,2.060000e+01,1.000000e+00,5.999999e+00,4.661250e-01,NaN,9.999989e-01,1.059995e-06,4.919557e-12,4.429958e-17,4.295010e-22,2.350220e-24,2.886800e-24,5.371495e-25,8.930450e-24,1.764670e-26,1.927340e-26,2.517044e-25,2.688814e-24
4.5240,105,2.080000e+01,1.000000e+00,5.999999e+00,3.194395e-01,NaN,9.999989e-01,1.055361e-06,4.874182e-12,4.564284e-17,4.380819e-22,2.368422e-24,2.902982e-24,5.395246e-25,9.879285e-24,1.772907e-26,1.928791e-26,2.518486e-25,3.025405e-24
4.5240,106,2.100000e+01,1.000000e+00,5.999999e+00,2.640825e-01,NaN,9.999990e-01,1.022355e-06,4.922622e-12,4.634457e-17,4.398541e-22,2.380893e-24,2.918012e-24,5.411241e-25,1.064745e-23,1.781174e-26,1.937841e-26,2.525116e-25,3.298959e-24
4.5240,107,2.120000e+01,1.000000e+00,5.999999e+00,2.669123e-01,NaN,9.999989e-01,1.073588e-06,5.047451e-12,4.620101e-17,4.451644e-22,2.395745e-24,2.929418e-24,5.428613e-25,1.169774e-23,1.789249e-26,1.945343e-26,2.532710e-25,3.702842e-24
4.5240,108,2.140000e+01,1.000000e+00,5.999999e+00,1.791470e-01,NaN,9.999988e-01,1.163314e-06,5.125862e-12,4.661668e-17,4.686019e-22,2.417444e-24,2.941215e-24,5.435657e-25,1.339583e-23,1.799101e-26,1.958065e-26,2.545552e-25,4.125928e-24
4.5240,109,2.160000e+01,1.000000e+00,5.999999e+00,6.487839e-02,NaN,9.999988e-01,1.210858e-06,5.250785e-12,4.672518e-17,4.874849e-22,2.429841e-24,2.956614e-24,5.453002e-25,1.524708e-23,1.805312e-26,1.968620e-26,2.558762e-25,4.565780e-24
4.5240,110,2.180000e+01,1.000000e+00,5.999999e+00,8.451523e-02,NaN,9.999988e-01,1.205902e-06,5.268031e-12,4.533801e-17,5.003066e-22,2.431825e-24,2.971039e-24,5.475683e-25,1.607136e-23,1.813376e-26,1.974305e-26,2.563791e-25,5.088030e-24
4.5240,111,2.230000e+01,9.998852e-01,5.999309e+00,1.481939e-01,4.428205e-03,9.999980e-01,2.008948e-06,7.369523e-12,5.977183e-17,6.262103e-22,2.495233e-24,3.022117e-24,5.587884e-25,2.236990e-23,1.839743e-26,2.008143e-26,2.606082e-25,7.239586e-24
4.5240,112,2.280000e+01,9.997793e-01,5.998674e+00,9.254848e-02,NaN,9.999977e-01,2.328930e-06,9.046913e-12,6.846918e-17,7.280026e-22,2.529415e-24,3.058593e-24,5.675867e-25,2.812071e-23,1.866720e-26,2.034591e-26,2.643522e-25,8.740083e-24
4.5240,113,2.330000e+01,9.996795e-01,5.998075e+00,1.350377e-01,NaN,9.999979e-01,2.084773e-06,7.952180e-12,6.420220e-17,6.989604e-22,2.553809e-24,3.105283e-24,5.732775e-25,3.412130e-23,1.892939e-26,2.064483e-26,2.677602e-25,1.051013e-23
4.5240,114,2.380000e+01,9.995792e-01,5.997473e+00,3.429351e-02,NaN,9.999979e-01,2.092156e-06,8.118274e-12,6.572747e-17,7.360181e-22,2.594801e-24,3.147452e-24,5.810972e-25,3.970337e-23,1.911755e-26,2.085965e-26,2.710262e-25,1.223447e-23
4.5240,115,2.430000e+01,9.994739e-01,5.996841e+00,-4.339051e-03,NaN,9.999977e-01,2.334070e-06,9.412604e-12,7.362066e-17,8.187902e-22,2.629711e-24,3.185748e-24,5.886246e-25,4.516137e-23,1.935549e-26,2.111593e-26,2.741831e-25,1.394974e-23
4.5240,116,2.480000e+01,9.993601e-01,5.996158e+00,4.126994e-02,NaN,9.999979e-01,2.107627e-06,8.611997e-12,7.168933e-17,8.298546e-22,2.655628e-24,3.215915e-24,5.975911e-25,5.091460e-23,1.963548e-26,2.134672e-26,2.769962e-25,1.585547e-23
4.5240,117,2.530000e+01,9.992412e-01,5.995445e+00,9.966377e-02,NaN,9.999980e-01,1.960684e-06,8.388680e-12,6.964275e-17,8.393310e-22,2.699267e-24,3.256465e-24,6.065931e-25,5.783645e-23,1.987794e-26,2.162267e-26,2.801499e-25,1.760420e-23
4.5240,118,2.580000e+01,9.991283e-01,5.994768e+00,1.389551e-02,NaN,9.999978e-01,2.153434e-06,9.210865e-12,7.547375e-17,8.847252e-22,2.747442e-24,3.292467e-24,6.143174e-25,6.340742e-23,2.021820e-26,2.186389e-26,2.822006e-25,1.966594e-23
4.5240,119,2.630000e+01,9.990217e-01,5.994128e+00,9.394756e-02,NaN,9.999979e-01,2.057494e-06,9.413977e-12,7.636636e-17,9.249044e-22,2.798785e-24,3.329586e-24,6.204935e-25,6.953405e-23,2.054783e-26,2.207636e-26,2.847292e-25,2.175375e-23
4.5240,120,2.680000e+01,9.989258e-01,5.993553e+00,4.531922e-02,NaN,9.999980e-01,1.991689e-06,9.109089e-12,7.480373e-17,9.299414e-22,2.839768e-24,3.370794e-24,6.271501e-25,7.578024e-23,2.093844e-26,2.235663e-26,2.879945e-25,2.387551e-23
4.5240,121,2.730000e+01,9.988272e-01,5.992961e+00,3.045799e-02,3.972040e-03,9.999979e-01,2.106734e-06,9.297322e-12,7.971734e-17,9.714615e-22,2.876316e-24,3.415546e-24,6.351876e-25,8.175353e-23,2.109297e-26,2.273238e-26,2.899437e-25,2.622448e-23
4.5240,122,2.780000e+01,9.987207e-01,5.992322e+00,-3.618305e-02,NaN,9.999980e-01,2.032351e-06,9.751301e-12,8.340073e-17,1.022126e-21,2.912107e-24,3.455751e-24,6.409362e-25,8.806802e-23,2.126587e-26,2.299651e-26,2.935478e-25,2.813606e-23
4.5240,123,2.830000e+01,9.986125e-01,5.991673e+00,-9.946473e-03,NaN,9.999980e-01,1.981226e-06,9.815277e-12,8.312980e-17,1.045582e-21,2.955815e-24,3.492739e-24,6.478534e-25,9.411331e-23,2.154713e-26,2.322173e-26,2.970127e-25,3.017576e-23
4.5240,124,2.880000e+01,9.984984e-01,5.990988e+00,8.750415e-03,NaN,9.999980e-01,2.010746e-06,9.551008e-12,8.384151e-17,1.054139e-21,2.989779e-24,3.526240e-24,6.532504e-25,1.004859e-22,2.194634e-26,2.348248e-26,3.010200e-25,3.265062e-23
4.5240,125,2.930000e+01,9.983869e-01,5.990319e+00,2.539117e-03,NaN,9.999981e-01,1.921102e-06,9.742492e-12,8.748419e-17,1.143669e-21,3.013890e-24,3.579512e-24,6.609461e-25,1.077565e-22,2.219281e-26,2.361400e-26,3.038547e-25,3.489118e-23
4.5240,126,2.980000e+01,9.982844e-01,5.989705e+00,6.778058e-02,NaN,9.999981e-01,1.910551e-06,1.001631e-11,8.809651e-17,1.151323e-21,3.040184e-24,3.623441e-24,6.668711e-25,1.143901e-22,2.253254e-26,2.379524e-26,3.078175e-25,3.700759e-23
4.5240,127,3.030000e+01,9.981835e-01,5.989099e+00,-5.859853e-02,NaN,9.999980e-01,1.963838e-06,9.968270e-12,8.681364e-17,1.174736e-21,3.078736e-24,3.656517e-24,6.717056e-25,1.213170e-22,2.275942e-26,2.405041e-26,3.113278e-25,3.934345e-23
4.5240,128,3.080000e+01,9.980849e-01,5.988508e+00,-1.676415e-02,NaN,9.999981e-01,1.919679e-06,1.035386e-11,9.038348e-17,1.218085e-21,3.104286e-24,3.694477e-24,6.782731e-25,1.283327e-22,2.312983e-26,2.431903e-26,3.116802e-25,4.169870e-23
4.5240,129,3.130000e+01,9.979832e-01,5.987897e+00,-8.788226e-03,NaN,9.999980e-01,2.014186e-06,1.061322e-11,9.373936e-17,1.273916e-21,3.132400e-24,3.741359e-24,6.873694e-25,1.349695e-22,2.340855e-26,2.454541e-26,3.142354e-25,4.380650e-23
4.5240,130,3.180000e+01,9.978752e-01,5.987249e+00,-6.152934e-02,NaN,9.999980e-01,2.013908e-06,1.057781e-11,9.153772e-17,1.266520e-21,3.162327e-24,3.782044e-24,6.968230e-25,1.425096e-22,2.380162e-26,2.485602e-26,3.168181e-25,4.601063e-23
4.5240,131,3.230000e+01,9.977668e-01,5.986599e+00,-2.967537e-02,4.092992e-03,9.999982e-01,1.849158e-06,1.057131e-11,9.401675e-17,1.352609e-21,3.195503e-24,3.843050e-24,7.024367e-25,1.497245e-22,2.415261e-26,2.503710e-26,3.192350e-25,4.818281e-23
4.5240,132,3.280000e+01,9.976591e-01,5.985953e+00,1.121525e-01,NaN,9.999981e-01,1.860693e-06,1.079625e-11,9.705627e-17,1.366274e-21,3.238719e-24,3.880381e-24,7.111742e-25,1.560449e-22,2.457432e-26,2.528633e-26,3.229358e-25,5.030660e-23
4.5240,133,3.330000e+01,9.975554e-01,5.985330e+00,1.106113e-01,NaN,9.999980e-01,1.959044e-06,1.095937e-11,9.518375e-17,1.392113e-21,3.261531e-24,3.919577e-24,7.181556e-25,1.639777e-22,2.479136e-26,2.547407e-26,3.247900e-25,5.228052e-23
4.5240,134,3.380000e+01,9.974544e-01,5.984724e+00,9.654284e-02,NaN,9.999982e-01,1.826268e-06,1.104088e-11,9.616534e-17,1.419855e-21,3.306436e-24,3.966152e-24,7.243291e-25,1.727348e-22,2.510497e-26,2.577241e-26,3.260104e-25,5.438942e-23
4.5240,135,3.430000e+01,9.973550e-01,5.984128e+00,8.928279e-03,NaN,9.999982e-01,1.833070e-06,1.103020e-11,9.894630e-17,1.471949e-21,3.336128e-24,4.018415e-24,7.307626e-25,1.794861e-22,2.546475e-26,2.606000e-26,3.288107e-25,5.643104e-23
4.5240,136,3.480000e+01,9.972547e-01,5.983526e+00,-5.792130e-02,NaN,9.999980e-01,1.957560e-06,1.137369e-11,1.015551e-16,1.523124e-21,3.376384e-24,4.079541e-24,7.357539e-25,1.866511e-22,2.576643e-26,2.618660e-26,3.321699e-25,5.898720e-23
4.5240,137,3.530000e+01,9.971504e-01,5.982901e+00,8.361984e-02,NaN,9.999982e-01,1.829301e-06,1.129487e-11,1.015384e-16,1.535743e-21,3.406062e-24,4.119162e-24,7.434697e-25,1.940901e-22,2.606792e-26,2.646426e-26,3.358467e-25,6.088790e-23
4.5240,138,3.580000e+01,9.970472e-01,5.982281e+00,1.764289e-01,NaN,9.999983e-01,1.731581e-06,1.118671e-11,1.041775e-16,1.551658e-21,3.438035e-24,4.170756e-24,7.489089e-25,2.026546e-22,2.651022e-26,2.668945e-26,3.381729e-25,6.297593e-23
4.5240,139,3.630000e+01,9.969407e-01,5.981642e+00,-1.461799e-03,NaN,9.999981e-01,1.875673e-06,1.150026e-11,1.060986e-16,1.591572e-21,3.458273e-24,4.218729e-24,7.580843e-25,2.097866e-22,2.691971e-26,2.691103e-26,3.423694e-25,6.500434e-23
4.5240,140,3.680000e+01,9.968378e-01,5.981025e+00,-7.142280e-04,NaN,9.999982e-01,1.817304e-06,1.165658e-11,1.072230e-16,1.600668e-21,3.492235e-24,4.276509e-24,7.656023e-25,2.171085e-22,2.728506e-26,2.718854e-26,3.449264e-25,6.723037e-23
4.5240,141,3.730000e+01,9.967390e-01,5.980432e+00,-2.846778e-02,4.168040e-03,9.999983e-01,1.745118e-06,1.143193e-11,1.065254e-16,1.632613e-21,3.531263e-24,4.321749e-24,7.727352e-25,2.240718e-22,2.755659e-26,2.744222e-26,3.476998e-25,6.958072e-23
4.5240,142,3.780000e+01,9.966375e-01,5.979823e+00,2.575483e-02,NaN,9.999981e-01,1.855256e-06,1.153577e-11,1.097375e-16,1.683366e-21,3.572237e-24,4.368923e-24,7.832431e-25,2.323591e-22,2.787661e-26,2.763811e-26,3.507333e-25,7.178606e-23
4.5240,143,3.830000e+01,9.965366e-01,5.979218e+00,3.740707e-02,NaN,9.999981e-01,1.850456e-06,1.209667e-11,1.123505e-16,1.698446e-21,3.609662e-24,4.425198e-24,7.901324e-25,2.400672e-22,2.815279e-26,2.790913e-26,3.540926e-25,7.488942e-23
4.5240,144,3.880000e+01,9.964326e-01,5.978594e+00,-6.468300e-02,NaN,9.999983e-01,1.748326e-06,1.171287e-11,1.108272e-16,1.720065e-21,3.675360e-24,4.465751e-24,7.974488e-25,2.477811e-22,2.818832e-26,2.810850e-26,3.564482e-25,7.746877e-23
4.5240,145,3.930000e+01,9.963267e-01,5.977958e+00,-3.291736e-02,NaN,9.999982e-01,1.766037e-06,1.184203e-11,1.123129e-16,1.755690e-21,3.704451e-24,4.513533e-24,8.023666e-25,2.559563e-22,2.851205e-26,2.838553e-26,3.598098e-25,7.984484e-23
4.5240,146,3.980000e+01,9.962256e-01,5.977352e+00,-3.945365e-02,NaN,9.999982e-01,1.788316e-06,1.235369e-11,1.139543e-16,1.793537e-21,3.737667e-24,4.571041e-24,8.096102e-25,2.635366e-22,2.891103e-26,2.859367e-26,3.618811e-25,8.236917e-23
4.5240,147,4.030000e+01,9.961238e-01,5.976741e+00,-3.951072e-02,NaN,9.999982e-01,1.771945e-06,1.221950e-11,1.145533e-16,1.833365e-21,3.788791e-24,4.619388e-24,8.173575e-25,2.731264e-22,2.913554e-26,2.881128e-26,3.653373e-25,8.489183e-23
4.5240,148,4.080000e+01,9.960211e-01,5.976125e+00,4.710133e-02,NaN,9.999982e-01,1.766844e-06,1.232930e-11,1.142292e-16,1.832360e-21,3.826252e-24,4.669860e-24,8.229460e-25,2.806393e-22,2.952071e-26,2.905289e-26,3.680799e-25,8.747252e-23
4.5240,149,4.130000e+01,9.959196e-01,5.975516e+00,7.731003e-02,NaN,9.999982e-01,1.765380e-06,1.263343e-11,1.172277e-16,1.873244e-21,3.877331e-24,4.723653e-24,8.299439e-25,2.878782e-22,2.987018e-26,2.932162e-26,3.712826e-25,9.001342e-23
4.5240,150,4.180000e+01,9.958177e-01,5.974904e+00,1.317365e-01,NaN,9.999983e-01,1.739974e-06,1.249376e-11,1.171009e-16,1.898606e-21,3.927800e-24,4.763329e-24,8.384411e-25,2.951498e-22,3.013707e-26,2.960673e-26,3.747222e-25,9.269428e-23
4.5240,151,4.230000e+01,9.957140e-01,5.974282e+00,9.008986e-02,4.957424e-03,9.999983e-01,1.732359e-06,1.264476e-11,1.161659e-16,1.933557e-21,3.962154e-24,4.820394e-24,8.461170e-25,3.046288e-22,3.053543e-26,2.986144e-26,3.772745e-25,9.521391e-23
4.5240,152,4.280000e+01,9.956103e-01,5.973660e+00,1.987409e-02,NaN,9.999983e-01,1.738168e-06,1.272360e-11,1.195284e-16,1.963107e-21,3.998990e-24,4.869211e-24,8.543863e-25,3.142924e-22,3.084159e-26,3.015417e-26,3.819113e-25,9.784236e-23
4.5240,153,4.330000e+01,9.955076e-01,5.973044e+00,-1.193612e-01,NaN,9.999982e-01,1.760531e-06,1.284846e-11,1.186632e-16,2.008361e-21,4.028785e-24,4.916610e-24,8.616239e-25,3.227501e-22,3.103497e-26,3.052483e-26,3.843796e-25,1.008429e-22
4.5240,154,4.380000e+01,9.954031e-01,5.972417e+00,-1.319245e-01,NaN,9.999983e-01,1.710839e-06,1.287421e-11,1.193979e-16,2.031946e-21,4.058037e-24,4.964833e-24,8.697141e-25,3.300276e-22,3.134969e-26,3.075750e-26,3.867298e-25,1.034047e-22
4.5240,155,4.430000e+01,9.953005e-01,5.971801e+00,-1.230143e-01,NaN,9.999983e-01,1.695290e-06,1.284671e-11,1.208828e-16,2.030823e-21,4.093861e-24,5.014227e-24,8.780195e-25,3.380795e-22,3.152515e-26,3.095551e-26,3.909155e-25,1.062951e-22
4.5240,156,4.480000e+01,9.952005e-01,5.971201e+00,-9.316883e-02,NaN,9.999983e-01,1.745091e-06,1.298331e-11,1.229742e-16,2.097391e-21,4.129893e-24,5.080020e-24,8.869863e-25,3.460287e-22,3.191153e-26,3.124039e-26,3.932825e-25,1.086917e-22
4.5240,157,4.530000e+01,9.951008e-01,5.970603e+00,-1.074867e-01,NaN,9.999983e-01,1.693058e-06,1.292392e-11,1.225792e-16,2.080140e-21,4.163320e-24,5.113936e-24,8.938087e-25,3.534316e-22,3.209882e-26,3.153179e-26,3.963716e-25,1.108866e-22
4.5240,158,4.580000e+01,9.950016e-01,5.970008e+00,-1.306089e-01,NaN,9.999983e-01,1.708320e-06,1.299788e-11,1.229427e-16,2.144737e-21,4.205310e-24,5.162006e-24,9.004150e-25,3.623038e-22,3.255659e-26,3.178371e-26,3.993332e-25,1.138877e-22
4.5240,159,4.630000e+01,9.948998e-01,5.969397e+00,-5.158908e-02,NaN,9.999982e-01,1.757697e-06,1.322450e-11,1.255157e-16,2.178979e-21,4.251289e-24,5.201231e-24,9.086752e-25,3.702499e-22,3.292959e-26,3.210364e-26,4.022662e-25,1.165604e-22
4.5240,160,4.680000e+01,9.947974e-01,5.968783e+00,1.249929e-01,NaN,9.999983e-01,1.669466e-06,1.316631e-11,1.248229e-16,2.196690e-21,4.300415e-24,5.244814e-24,9.176979e-25,3.783652e-22,3.311648e-26,3.240825e-26,4.063466e-25,1.190074e-22
4.5240,161,4.730000e+01,9.946952e-01,5.968170e+00,1.290611e-01,4.303883e-03,9.999983e-01,1.695933e-06,1.310156e-11,1.264241e-16,2.234254e-21,4.338388e-24,5.287130e-24,9.237482e-25,3.869338e-22,3.369180e-26,3.260431e-26,4.097349e-25,1.220736e-22
4.5240,162,4.780000e+01,9.945928e-01,5.967555e+00,1.843712e-02,NaN,9.999983e-01,1.714470e-06,1.338881e-11,1.261571e-16,2.269908e-21,4.377306e-24,5.338382e-24,9.320300e-25,3.955586e-22,3.392937e-26,3.286749e-26,4.127942e-25,1.249874e-22
4.5240,163,4.830000e+01,9.944929e-01,5.966956e+00,3.458242e-02,NaN,9.999983e-01,1.669542e-06,1.328564e-11,1.276523e-16,2.272277e-21,4.415440e-24,5.386190e-24,9.401618e-25,4.052682e-22,3.436159e-26,3.316773e-26,4.160203e-25,1.276632e-22
4.5240,164,4.880000e+01,9.943954e-01,5.966371e+00,4.832278e-02,NaN,9.999983e-01,1.706493e-06,1.336419e-11,1.273135e-16,2.338341e-21,4.461484e-24,5.431308e-24,9.500855e-25,4.136310e-22,3.462314e-26,3.340996e-26,4.190671e-25,1.301116e-22
4.5240,165,4.930000e+01,9.942960e-01,5.965774e+00,1.452716e-02,NaN,9.999983e-01,1.689687e-06,1.349160e-11,1.264005e-16,2.343694e-21,4.505410e-24,5.477067e-24,9.587739e-25,4.221408e-22,3.491691e-26,3.368286e-26,4.222036e-25,1.328798e-22
4.5240,166,4.980000e+01,9.941988e-01,5.965191e+00,2.200641e-02,NaN,9.999983e-01,1.664532e-06,1.352843e-11,1.291674e-16,2.379192e-21,4.526496e-24,5.520326e-24,9.674127e-25,4.300719e-22,3.508645e-26,3.396642e-26,4.254837e-25,1.353797e-22
4.5240,167,5.030000e+01,9.940960e-01,5.964574e+00,3.960855e-02,NaN,9.999983e-01,1.683512e-06,1.349817e-11,1.300352e-16,2.425193e-21,4.560396e-24,5.562857e-24,9.744915e-25,4.399578e-22,3.548651e-26,3.419503e-26,4.280236e-25,1.378731e-22
4.5240,168,5.080000e+01,9.939929e-01,5.963956e+00,3.291075e-02,NaN,9.999984e-01,1.633919e-06,1.355383e-11,1.302729e-16,2.427724e-21,4.589645e-24,5.626174e-24,9.829070e-25,4.483714e-22,3.590510e-26,3.444990e-26,4.324485e-25,1.408669e-22
4.5240,169,5.130000e+01,9.938919e-01,5.963349e+00,-3.068926e-02,NaN,9.999983e-01,1.664319e-06,1.355423e-11,1.318285e-16,2.489642e-21,4.627661e-24,5.673867e-24,9.918640e-25,4.566101e-22,3.614812e-26,3.467959e-26,4.357947e-25,1.438199e-22
4.5240,170,5.180000e+01,9.937890e-01,5.962732e+00,-1.196167e-01,NaN,9.999983e-01,1.681400e-06,1.369900e-11,1.321410e-16,2.517344e-21,4.661370e-24,5.730343e-24,9.985323e-25,4.651008e-22,3.651822e-26,3.485055e-26,4.401341e-25,1.461817e-22
4.5240,171,5.230000e+01,9.936921e-01,5.962151e+00,1.582134e-03,4.452316e-03,9.999983e-01,1.667252e-06,1.365831e-11,1.332036e-16,2.520136e-21,4.705596e-24,5.753417e-24,1.004901e-24,4.739420e-22,3.697951e-26,3.510908e-26,4.436562e-25,1.485767e-22
4.5240,172,5.280000e+01,9.935943e-01,5.961564e+00,1.143140e-01,NaN,9.999983e-01,1.692175e-06,1.392440e-11,1.339862e-16,2.580870e-21,4.746169e-24,5.788696e-24,1.013861e-24,4.829098e-22,3.719426e-26,3.549561e-26,4.473505e-25,1.510106e-22
4.5240,173,5.330000e+01,9.934946e-01,5.960966e+00,7.720938e-02,NaN,9.999983e-01,1.663334e-06,1.381631e-11,1.332578e-16,2.616445e-21,4.788135e-24,5.835065e-24,1.024699e-24,4.903863e-22,3.750923e-26,3.583147e-26,4.512327e-25,1.527831e-22
4.5240,174,5.380000e+01,9.933961e-01,5.960375e+00,9.691644e-02,NaN,9.999983e-01,1.700802e-06,1.393914e-11,1.337787e-16,2.611248e-21,4.825906e-24,5.863538e-24,1.031337e-24,4.979557e-22,3.779554e-26,3.606160e-26,4.533577e-25,1.552439e-22
4.5240,175,5.430000e+01,9.932934e-01,5.959759e+00,5.035801e-02,NaN,9.999983e-01,1.658380e-06,1.403686e-11,1.371112e-16,2.664205e-21,4.866920e-24,5.895236e-24,1.040491e-24,5.065181e-22,3.837362e-26,3.632046e-26,4.573554e-25,1.571885e-22
4.5240,176,5.480000e+01,9.931930e-01,5.959156e+00,5.107746e-02,NaN,9.999984e-01,1.645396e-06,1.402035e-11,1.357678e-16,2.686906e-21,4.915338e-24,5.958817e-24,1.048120e-24,5.151351e-22,3.867154e-26,3.664168e-26,4.612077e-25,1.596409e-22
4.5240,177,5.530000e+01,9.930944e-01,5.958565e+00,-7.767695e-05,NaN,9.999983e-01,1.690952e-06,1.420701e-11,1.365846e-16,2.704786e-21,4.947579e-24,6.006306e-24,1.055682e-24,5.231903e-22,3.911539e-26,3.689596e-26,4.645075e-25,1.616971e-22
4.5240,178,5.580000e+01,9.929958e-01,5.957973e+00,1.793705e-02,NaN,9.999984e-01,1.638046e-06,1.415200e-11,1.380117e-16,2.730186e-21,4.982304e-24,6.057005e-24,1.063341e-24,5.321220e-22,3.948144e-26,3.705052e-26,4.672760e-25,1.638122e-22
4.5240,179,5.630000e+01,9.928999e-01,5.957398e+00,-7.027018e-03,NaN,9.999984e-01,1.621497e-06,1.428876e-11,1.389625e-16,2.783626e-21,5.028414e-24,6.119860e-24,1.072537e-24,5.400358e-22,3.982004e-26,3.721432e-26,4.704294e-25,1.662060e-22
4.5240,180,5.680000e+01,9.928017e-01,5.956809e+00,7.858507e-02,NaN,9.999983e-01,1.684874e-06,1.439961e-11,1.393037e-16,2.788983e-21,5.065582e-24,6.154774e-24,1.080406e-24,5.488384e-22,4.022537e-26,3.747955e-26,4.737509e-25,1.683352e-22
4.5240,181,5.730000e+01,9.927036e-01,5.956220e+00,3.126119e-02,4.182478e-03,9.999984e-01,1.630306e-06,1.429490e-11,1.389707e-16,2.855005e-21,5.113376e-24,6.209644e-24,1.091311e-24,5.582426e-22,4.053173e-26,3.769909e-26,4.762730e-25,1.707751e-22
4.5240,182,5.780000e+01,9.926055e-01,5.955631e+00,4.273658e-02,NaN,9.999984e-01,1.635516e-06,1.453096e-11,1.411864e-16,2.863349e-21,5.154026e-24,6.258332e-24,1.099354e-24,5.662433e-22,4.094719e-26,3.792002e-26,4.790317e-25,1.731335e-22
4.5240,183,5.830000e+01,9.925061e-01,5.955035e+00,1.705897e-02,NaN,9.999983e-01,1.671361e-06,1.463492e-11,1.409582e-16,2.893554e-21,5.185653e-24,6.298379e-24,1.106442e-24,5.756424e-22,4.150115e-26,3.826377e-26,4.832441e-25,1.760189e-22
4.5240,184,5.880000e+01,9.924092e-01,5.954453e+00,7.583827e-03,NaN,9.999984e-01,1.648058e-06,1.458567e-11,1.423010e-16,2.932923e-21,5.239267e-24,6.349263e-24,1.114181e-24,5.854245e-22,4.163261e-26,3.850978e-26,4.866002e-25,1.790666e-22
4.5240,185,5.930000e+01,9.923113e-01,5.953866e+00,-1.678118e-02,NaN,9.999983e-01,1.666549e-06,1.467962e-11,1.434400e-16,2.986231e-21,5.274713e-24,6.382611e-24,1.121372e-24,5.932549e-22,4.227365e-26,3.879362e-26,4.902629e-25,1.818015e-22
4.5240,186,5.980000e+01,9.922135e-01,5.953279e+00,-3.950748e-03,NaN,9.999983e-01,1.674739e-06,1.485783e-11,1.456252e-16,3.018745e-21,5.318323e-24,6.424508e-24,1.129004e-24,6.008838e-22,4.255298e-26,3.918169e-26,4.932682e-25,1.848990e-22
4.5240,187,6.030000e+01,9.921173e-01,5.952702e+00,-8.121324e-02,NaN,9.999983e-01,1.675821e-06,1.482999e-11,1.451665e-16,3.065148e-21,5.373731e-24,6.471852e-24,1.137893e-24,6.098639e-22,4.273704e-26,3.947136e-26,4.966311e-25,1.880217e-22
4.5240,188,6.080000e+01,9.920185e-01,5.952109e+00,-3.245204e-02,NaN,9.999983e-01,1.687549e-06,1.478049e-11,1.466700e-16,3.083279e-21,5.398520e-24,6.535151e-24,1.149865e-24,6.183044e-22,4.306938e-26,3.969836e-26,4.998933e-25,1.908122e-22
4.5240,189,6.130000e+01,9.919206e-01,5.951522e+00,3.700311e-02,NaN,9.999983e-01,1.663786e-06,1.500587e-11,1.487802e-16,3.125370e-21,5.455527e-24,6.584530e-24,1.156899e-24,6.265319e-22,4.339499e-26,3.997033e-26,5.021156e-25,1.934399e-22
4.5240,190,6.180000e+01,9.918232e-01,5.950937e+00,2.379120e-02,NaN,9.999983e-01,1.682537e-06,1.507545e-11,1.480899e-16,3.162399e-21,5.498040e-24,6.634896e-24,1.164664e-24,6.344274e-22,4.379417e-26,4.030738e-26,5.061194e-25,1.962693e-22
4.5240,191,6.230000e+01,9.917242e-01,5.950344e+00,-1.364933e-01,4.006582e-03,9.999983e-01,1.693174e-06,1.503233e-11,1.490631e-16,3.183089e-21,5.547181e-24,6.688906e-24,1.171824e-24,6.425448e-22,4.420797e-26,4.055965e-26,5.092860e-25,1.992120e-22
4.5240,192,6.280000e+01,9.916275e-01,5.949763e+00,-2.029045e-02,NaN,9.999983e-01,1.675146e-06,1.516812e-11,1.505702e-16,3.240593e-21,5.590615e-24,6.734671e-24,1.183771e-24,6.542242e-22,4.452231e-26,4.079864e-26,5.129382e-25,2.020059e-22
4.5240,193,6.330000e+01,9.915308e-01,5.949183e+00,-1.277520e-03,NaN,9.999983e-01,1.687529e-06,1.521683e-11,1.509006e-16,3.239725e-21,5.648895e-24,6.784284e-24,1.192232e-24,6.642387e-22,4.485158e-26,4.114157e-26,5.169017e-25,2.046715e-22
4.5240,194,6.380000e+01,9.914337e-01,5.948601e+00,-2.078489e-02,NaN,9.999983e-01,1.695036e-06,1.526192e-11,1.509731e-16,3.298208e-21,5.695508e-24,6.836195e-24,1.202330e-24,6.733388e-22,4.526211e-26,4.138758e-26,5.203672e-25,2.073751e-22
4.5240,195,6.430000e+01,9.913374e-01,5.948023e+00,-9.410493e-02,NaN,9.999983e-01,1.689660e-06,1.541851e-11,1.519025e-16,3.326933e-21,5.727771e-24,6.883417e-24,1.210674e-24,6.821148e-22,4.562158e-26,4.160811e-26,5.219353e-25,2.098873e-22
4.5240,196,6.480000e+01,9.912395e-01,5.947435e+00,-5.270227e-02,NaN,9.999983e-01,1.698566e-06,1.533649e-11,1.529759e-16,3.320489e-21,5.771867e-24,6.934240e-24,1.217480e-24,6.922141e-22,4.603345e-26,4.188683e-26,5.244514e-25,2.128957e-22
4.5240,197,6.530000e+01,9.911428e-01,5.946855e+00,1.378246e-02,NaN,9.999983e-01,1.712509e-06,1.564059e-11,1.551511e-16,3.365558e-21,5.814799e-24,6.980859e-24,1.226167e-24,7.026782e-22,4.634192e-26,4.212376e-26,5.280444e-25,2.153094e-22
4.5240,198,6.580000e+01,9.910449e-01,5.946268e+00,-7.745392e-02,NaN,9.999983e-01,1.695315e-06,1.556774e-11,1.569936e-16,3.409543e-21,5.858635e-24,7.044582e-24,1.233684e-24,7.118624e-22,4.668557e-26,4.246808e-26,5.325641e-25,2.181070e-22
4.5240,199,6.630000e+01,9.909488e-01,5.945691e+00,-4.269425e-02,NaN,9.999983e-01,1.703424e-06,1.564667e-11,1.556529e-16,3.397736e-21,5.894115e-24,7.076377e-24,1.242633e-24,7.199131e-22,4.711572e-26,4.272015e-26,5.369527e-25,2.210900e-22
4.5240,200,6.680000e+01,9.908536e-01,5.945120e+00,-2.344450e-02,NaN,9.999983e-01,1.726966e-06,1.566632e-11,1.570090e-16,3.472861e-21,5.943517e-24,7.127383e-24,1.249359e-24,7.287931e-22,4.763082e-26,4.296668e-26,5.399279e-25,2.240244e-22
4.5240,201,6.730000e+01,9.907577e-01,5.944544e+00,-3.218583e-02,4.300539e-03,9.999983e-01,1.722422e-06,1.593819e-11,1.593188e-16,3.497375e-21,5.986647e-24,7.181895e-24,1.255747e-24,7.391135e-22,4.797924e-26,4.326643e-26,5.430343e-25,2.266922e-22
4.5240,202,6.780000e+01,9.906625e-01,5.943973e+00,-2.284130e-02,NaN,9.999983e-01,1.739238e-06,1.593633e-11,1.591978e-16,3.553987e-21,6.031302e-24,7.228785e-24,1.263759e-24,7.488118e-22,4.824858e-26,4.350635e-26,5.475136e-25,2.297674e-22
4.5240,203,6.830000e+01,9.905650e-01,5.943388e+00,-1.149528e-02,NaN,9.999983e-01,1.738730e-06,1.592481e-11,1.605063e-16,3.594655e-21,6.083070e-24,7.264879e-24,1.276325e-24,7.578750e-22,4.871460e-26,4.373551e-26,5.506282e-25,2.327751e-22
4.5240,204,6.880000e+01,9.904670e-01,5.942800e+00,-2.692475e-02,NaN,9.999983e-01,1.724906e-06,1.600154e-11,1.617241e-16,3.601090e-21,6.120218e-24,7.333461e-24,1.284824e-24,7.652509e-22,4.896752e-26,4.389485e-26,5.524987e-25,2.360770e-22
4.5240,205,6.930000e+01,9.903712e-01,5.942225e+00,1.132868e-02,NaN,9.999983e-01,1.747186e-06,1.605621e-11,1.611772e-16,3.652718e-21,6.145170e-24,7.381447e-24,1.293208e-24,7.747626e-22,4.940328e-26,4.417948e-26,5.564105e-25,2.397891e-22
4.5240,206,6.980000e+01,9.902750e-01,5.941648e+00,2.046507e-03,NaN,9.999983e-01,1.721170e-06,1.606487e-11,1.613178e-16,3.689760e-21,6.181200e-24,7.415925e-24,1.302256e-24,7.843381e-22,4.979356e-26,4.444717e-26,5.588848e-25,2.433646e-22
4.5240,207,7.030000e+01,9.901812e-01,5.941085e+00,-8.223260e-03,NaN,9.999983e-01,1.733059e-06,1.615316e-11,1.627761e-16,3.708886e-21,6.238546e-24,7.453243e-24,1.311594e-24,7.921303e-22,5.036843e-26,4.474128e-26,5.635560e-25,2.459834e-22
4.5240,208,7.080000e+01,9.900862e-01,5.940516e+00,1.078264e-02,NaN,9.999982e-01,1.763900e-06,1.613144e-11,1.648052e-16,3.763458e-21,6.276931e-24,7.509953e-24,1.320569e-24,8.023144e-22,5.066903e-26,4.504319e-26,5.664838e-25,2.490309e-22
4.5240,209,7.130000e+01,9.899885e-01,5.939929e+00,4.365272e-02,NaN,9.999982e-01,1.769485e-06,1.637529e-11,1.676856e-16,3.829889e-21,6.317860e-24,7.573830e-24,1.330569e-24,8.117515e-22,5.106062e-26,4.532943e-26,5.696142e-25,2.522948e-22
4.5240,210,7.180000e+01,9.898918e-01,5.939349e+00,1.275787e-01,NaN,9.999983e-01,1.742664e-06,1.639185e-11,1.669162e-16,3.809578e-21,6.359919e-24,7.623181e-24,1.338430e-24,8.205119e-22,5.129606e-26,4.552020e-26,5.736904e-25,2.549604e-22
4.5240,211,7.230000e+01,9.897944e-01,5.938765e+00,9.846950e-02,4.277281e-03,9.999983e-01,1.748364e-06,1.649823e-11,1.679489e-16,3.871845e-21,6.399456e-24,7.678357e-24,1.349650e-24,8.305693e-22,5.186316e-26,4.583180e-26,5.774036e-25,2.585263e-22
4.5240,212,7.280000e+01,9.896980e-01,5.938186e+00,8.943078e-02,NaN,9.999983e-01,1.729870e-06,1.655327e-11,1.688362e-16,3.923062e-21,6.442024e-24,7.746964e-24,1.360282e-24,8.419829e-22,5.196669e-26,4.601600e-26,5.802561e-25,2.617282e-22
4.5240,213,7.330000e+01,9.896033e-01,5.937618e+00,1.073510e-02,NaN,9.999982e-01,1.768449e-06,1.669687e-11,1.698593e-16,3.946304e-21,6.484810e-24,7.802316e-24,1.367973e-24,8.540565e-22,5.240753e-26,4.635007e-26,5.832532e-25,2.651286e-22
4.5240,214,7.380000e+01,9.895082e-01,5.937047e+00,1.216585e-02,NaN,9.999982e-01,1.799417e-06,1.672333e-11,1.698712e-16,4.000479e-21,6.523676e-24,7.859380e-24,1.375054e-24,8.640533e-22,5.288070e-26,4.677561e-26,5.864370e-25,2.686612e-22
4.5240,215,7.430000e+01,9.894138e-01,5.936481e+00,2.768320e-02,NaN,9.999982e-01,1.778099e-06,1.678734e-11,1.703806e-16,4.060878e-21,6.568266e-24,7.922545e-24,1.384086e-24,8.729593e-22,5.317548e-26,4.701278e-26,5.902514e-25,2.714524e-22
4.5240,216,7.480000e+01,9.893182e-01,5.935908e+00,-4.734981e-02,NaN,9.999982e-01,1.816094e-06,1.695515e-11,1.745076e-16,4.080967e-21,6.605005e-24,7.958922e-24,1.393778e-24,8.824635e-22,5.351422e-26,4.727706e-26,5.924681e-25,2.742512e-22
4.5240,217,7.530000e+01,9.892221e-01,5.935331e+00,-8.235628e-02,NaN,9.999982e-01,1.778999e-06,1.679153e-11,1.741020e-16,4.118527e-21,6.648454e-24,8.002165e-24,1.400413e-24,8.949331e-22,5.395087e-26,4.753328e-26,5.961344e-25,2.770470e-22
4.5240,218,7.580000e+01,9.891265e-01,5.934758e+00,-6.427751e-03,NaN,9.999982e-01,1.763114e-06,1.684213e-11,1.734968e-16,4.136247e-21,6.693714e-24,8.047317e-24,1.409915e-24,9.060432e-22,5.412027e-26,4.788700e-26,5.987755e-25,2.801926e-22
4.5240,219,7.630000e+01,9.890310e-01,5.934184e+00,-2.524965e-02,NaN,9.999982e-01,1.778534e-06,1.693574e-11,1.767456e-16,4.197415e-21,6.738530e-24,8.102589e-24,1.416603e-24,9.171945e-22,5.470252e-26,4.808962e-26,6.027700e-25,2.829947e-22
4.5240,220,7.680000e+01,9.889367e-01,5.933618e+00,-4.603862e-02,NaN,9.999982e-01,1.783161e-06,1.706212e-11,1.798604e-16,4.201608e-21,6.792800e-24,8.147046e-24,1.426351e-24,9.280017e-22,5.502916e-26,4.848571e-26,6.055737e-25,2.859284e-22
4.5240,221,7.730000e+01,9.888439e-01,5.933061e+00,-4.690081e-02,4.356055e-03,9.999982e-01,1.810337e-06,1.709624e-11,1.773414e-16,4.235063e-21,6.841892e-24,8.183022e-24,1.434410e-24,9.386814e-22,5.544857e-26,4.886024e-26,6.080143e-25,2.893639e-22
4.5240,222,7.780000e+01,9.887492e-01,5.932493e+00,-3.102432e-02,NaN,9.999982e-01,1.830482e-06,1.716038e-11,1.791532e-16,4.313773e-21,6.894096e-24,8.225850e-24,1.444678e-24,9.505868e-22,5.596972e-26,4.896851e-26,6.098061e-25,2.923501e-22
4.5240,223,7.830000e+01,9.886538e-01,5.931921e+00,1.540509e-02,NaN,9.999982e-01,1.802473e-06,1.725382e-11,1.800238e-16,4.333881e-21,6.920330e-24,8.270720e-24,1.450882e-24,9.603394e-22,5.628993e-26,4.928548e-26,6.129409e-25,2.958307e-22
4.5240,224,7.880000e+01,9.885580e-01,5.931346e+00,1.513281e-03,NaN,9.999982e-01,1.828545e-06,1.738754e-11,1.780841e-16,4.356022e-21,6.971059e-24,8.321173e-24,1.461079e-24,9.714506e-22,5.671410e-26,4.954814e-26,6.157216e-25,2.990421e-22
4.5240,225,7.930000e+01,9.884620e-01,5.930770e+00,-3.983479e-02,NaN,9.999982e-01,1.806125e-06,1.732180e-11,1.810214e-16,4.372431e-21,7.025818e-24,8.362587e-24,1.467955e-24,9.830166e-22,5.694639e-26,4.990466e-26,6.200779e-25,3.016468e-22
4.5240,226,7.980000e+01,9.883672e-01,5.930202e+00,-3.375422e-02,NaN,9.999982e-01,1.781378e-06,1.742507e-11,1.797360e-16,4.450441e-21,7.053378e-24,8.409617e-24,1.475675e-24,9.949027e-22,5.735806e-26,5.018014e-26,6.234931e-25,3.047747e-22
4.5240,227,8.030000e+01,9.882733e-01,5.929638e+00,-3.564624e-02,NaN,9.999982e-01,1.817441e-06,1.738429e-11,1.812461e-16,4.473565e-21,7.103854e-24,8.464309e-24,1.486981e-24,1.004802e-21,5.781396e-26,5.054099e-26,6.276463e-25,3.080419e-22
4.5240,228,8.080000e+01,9.881804e-01,5.929081e+00,-3.300241e-02,NaN,9.999982e-01,1.812141e-06,1.754579e-11,1.827116e-16,4.495709e-21,7.146545e-24,8.529479e-24,1.491798e-24,1.017304e-21,5.812274e-26,5.079085e-26,6.313916e-25,3.112316e-22
4.5240,229,8.130000e+01,9.880845e-01,5.928505e+00,-1.099823e-01,NaN,9.999982e-01,1.822424e-06,1.758397e-11,1.838089e-16,4.540628e-21,7.197960e-24,8.569233e-24,1.503273e-24,1.027822e-21,5.855112e-26,5.109709e-26,6.352267e-25,3.139966e-22
4.5240,230,8.180000e+01,9.879898e-01,5.927937e+00,-4.513383e-02,NaN,9.999982e-01,1.828882e-06,1.775681e-11,1.830037e-16,4.604964e-21,7.239932e-24,8.623687e-24,1.511046e-24,1.038063e-21,5.880502e-26,5.134158e-26,6.382355e-25,3.170454e-22
4.5240,231,8.230000e+01,9.878940e-01,5.927362e+00,3.539507e-02,4.643154e-03,9.999982e-01,1.818599e-06,1.778412e-11,1.839394e-16,4.632540e-21,7.295922e-24,8.658655e-24,1.519959e-24,1.048802e-21,5.920670e-26,5.149176e-26,6.413895e-25,3.201810e-22
4.5240,232,8.280000e+01,9.877999e-01,5.926797e+00,-2.852489e-03,NaN,9.999982e-01,1.781015e-06,1.759681e-11,1.841282e-16,4.640170e-21,7.337929e-24,8.718673e-24,1.529431e-24,1.058721e-21,5.978485e-26,5.172424e-26,6.445049e-25,3.233280e-22
4.5240,233,8.330000e+01,9.877063e-01,5.926236e+00,-3.579739e-02,NaN,9.999982e-01,1.826123e-06,1.772422e-11,1.833661e-16,4.687828e-21,7.393225e-24,8.761361e-24,1.539269e-24,1.070762e-21,6.000314e-26,5.207747e-26,6.477962e-25,3.265752e-22
4.5240,234,8.380000e+01,9.876133e-01,5.925678e+00,1.176010e-01,NaN,9.999982e-01,1.791075e-06,1.779376e-11,1.857311e-16,4.724856e-21,7.437399e-24,8.822965e-24,1.551954e-24,1.081971e-21,6.043729e-26,5.225414e-26,6.511979e-25,3.294497e-22
4.5240,235,8.430000e+01,9.875199e-01,5.925117e+00,1.042511e-01,NaN,9.999981e-01,1.851820e-06,1.782330e-11,1.869544e-16,4.707746e-21,7.493255e-24,8.878610e-24,1.564931e-24,1.093095e-21,6.089468e-26,5.249656e-26,6.555245e-25,3.328451e-22
4.5240,236,8.480000e+01,9.874246e-01,5.924546e+00,6.799884e-02,NaN,9.999982e-01,1.826880e-06,1.789872e-11,1.865263e-16,4.762369e-21,7.548996e-24,8.924849e-24,1.577059e-24,1.103416e-21,6.116809e-26,5.283414e-26,6.592883e-25,3.363624e-22
4.5240,237,8.530000e+01,9.873318e-01,5.923989e+00,8.416347e-02,NaN,9.999982e-01,1.833073e-06,1.788352e-11,1.893126e-16,4.815055e-21,7.607090e-24,8.995042e-24,1.585925e-24,1.114805e-21,6.165670e-26,5.309110e-26,6.624774e-25,3.399219e-22
4.5240,238,8.580000e+01,9.872381e-01,5.923427e+00,3.852642e-03,NaN,9.999982e-01,1.842086e-06,1.805730e-11,1.909162e-16,4.822270e-21,7.651355e-24,9.061039e-24,1.597029e-24,1.127267e-21,6.217589e-26,5.337125e-26,6.667961e-25,3.433573e-22
4.5240,239,8.630000e+01,9.871453e-01,5.922870e+00,-5.534805e-02,NaN,9.999982e-01,1.820989e-06,1.804374e-11,1.914542e-16,4.830804e-21,7.692182e-24,9.123089e-24,1.605940e-24,1.137845e-21,6.242368e-26,5.366992e-26,6.709876e-25,3.461832e-22
4.5240,240,8.680000e+01,9.870525e-01,5.922313e+00,6.639748e-02,NaN,9.999982e-01,1.825901e-06,1.811886e-11,1.907765e-16,4.859353e-21,7.753500e-24,9.199004e-24,1.613876e-24,1.146418e-21,6.277747e-26,5.395517e-26,6.740591e-25,3.491328e-22
4.5240,241,8.730000e+01,9.869609e-01,5.921764e+00,8.297890e-02,4.331789e-03,9.999982e-01,1.847101e-06,1.811347e-11,1.932924e-16,4.926732e-21,7.793851e-24,9.236013e-24,1.625318e-24,1.154274e-21,6.333165e-26,5.417875e-26,6.766398e-25,3.526068e-22
4.5240,242,8.780000e+01,9.868702e-01,5.921219e+00,-1.961554e-02,NaN,9.999982e-01,1.835040e-06,1.826436e-11,1.935748e-16,4.928958e-21,7.831595e-24,9.297815e-24,1.633128e-24,1.166254e-21,6.362844e-26,5.450567e-26,6.813415e-25,3.556049e-22
4.5240,243,8.830000e+01,9.867784e-01,5.920669e+00,4.535761e-02,NaN,9.999982e-01,1.817267e-06,1.824008e-11,1.940697e-16,4.975401e-21,7.871498e-24,9.348111e-24,1.640174e-24,1.176598e-21,6.385513e-26,5.486409e-26,6.863448e-25,3.593139e-22
4.5240,244,8.880000e+01,9.866853e-01,5.920110e+00,3.095419e-02,NaN,9.999981e-01,1.866702e-06,1.829016e-11,1.971522e-16,5.026404e-21,7.900959e-24,9.402778e-24,1.648484e-24,1.187259e-21,6.411132e-26,5.516715e-26,6.897815e-25,3.618292e-22
4.5240,245,8.930000e+01,9.865895e-01,5.919535e+00,1.127355e-01,NaN,9.999982e-01,1.835136e-06,1.854813e-11,1.975085e-16,5.033878e-21,7.955862e-24,9.450552e-24,1.655586e-24,1.196476e-21,6.476523e-26,5.533114e-26,6.934772e-25,3.641644e-22
4.5240,246,8.980000e+01,9.864954e-01,5.918971e+00,1.643659e-02,NaN,9.999982e-01,1.786615e-06,1.855600e-11,1.972041e-16,5.083230e-21,7.979345e-24,9.501310e-24,1.665686e-24,1.207050e-21,6.498947e-26,5.556997e-26,6.956486e-25,3.670437e-22
4.5240,247,9.030000e+01,9.864039e-01,5.918422e+00,9.117236e-02,NaN,9.999982e-01,1.806114e-06,1.838871e-11,1.966059e-16,5.134677e-21,8.042975e-24,9.559342e-24,1.676347e-24,1.219195e-21,6.547493e-26,5.592430e-26,7.004480e-25,3.697594e-22
4.5240,248,9.080000e+01,9.863120e-01,5.917870e+00,4.292746e-02,NaN,9.999982e-01,1.814490e-06,1.860519e-11,1.996076e-16,5.151109e-21,8.091783e-24,9.614307e-24,1.684352e-24,1.229249e-21,6.598590e-26,5.627753e-26,7.036329e-25,3.726322e-22
4.5240,249,9.130000e+01,9.862237e-01,5.917340e+00,-2.556899e-02,NaN,9.999982e-01,1.786964e-06,1.850969e-11,1.985399e-16,5.218038e-21,8.129355e-24,9.660943e-24,1.694733e-24,1.238816e-21,6.635352e-26,5.656923e-26,7.080880e-25,3.756305e-22
4.5240,250,9.180000e+01,9.861326e-01,5.916794e+00,-1.076275e-01,NaN,9.999982e-01,1.841930e-06,1.861366e-11,1.998675e-16,5.251964e-21,8.183093e-24,9.712258e-24,1.705211e-24,1.249834e-21,6.653574e-26,5.693403e-26,7.117424e-25,3.787198e-22
4.5240,251,9.230000e+01,9.860405e-01,5.916241e+00,-2.246146e-01,4.936416e-03,9.999982e-01,1.779092e-06,1.850324e-11,1.998348e-16,5.271931e-21,8.218447e-24,9.759788e-24,1.710718e-24,1.261222e-21,6.681258e-26,5.720559e-26,7.164354e-25,3.819513e-22
4.5240,252,9.280000e+01,9.859499e-01,5.915697e+00,-6.423045e-02,NaN,9.999982e-01,1.838945e-06,1.872060e-11,2.013198e-16,5.294601e-21,8.275056e-24,9.809859e-24,1.719349e-24,1.271678e-21,6.763009e-26,5.766527e-26,7.187506e-25,3.852850e-22
4.5240,253,9.330000e+01,9.858552e-01,5.915130e+00,-8.834042e-03,NaN,9.999982e-01,1.816083e-06,1.877112e-11,2.027613e-16,5.317921e-21,8.319631e-24,9.873617e-24,1.726281e-24,1.282317e-21,6.779896e-26,5.789778e-26,7.222069e-25,3.889025e-22
4.5240,254,9.380000e+01,9.857641e-01,5.914583e+00,9.153874e-02,NaN,9.999982e-01,1.814932e-06,1.887783e-11,2.026075e-16,5.347778e-21,8.372229e-24,9.935250e-24,1.733616e-24,1.291747e-21,6.802078e-26,5.815540e-26,7.257222e-25,3.917215e-22
4.5240,255,9.430000e+01,9.856707e-01,5.914022e+00,2.537476e-02,NaN,9.999981e-01,1.866911e-06,1.890344e-11,2.070467e-16,5.396337e-21,8.425688e-24,9.979860e-24,1.741286e-24,1.301917e-21,6.829379e-26,5.845964e-26,7.287551e-25,3.953432e-22
4.5240,256,9.480000e+01,9.855793e-01,5.913474e+00,-1.039080e-01,NaN,9.999982e-01,1.809071e-06,1.880028e-11,2.052312e-16,5.406832e-21,8.460571e-24,1.003158e-23,1.748493e-24,1.311314e-21,6.870586e-26,5.873409e-26,7.337773e-25,3.988079e-22
4.5240,257,9.530000e+01,9.854895e-01,5.912935e+00,-5.030120e-02,NaN,9.999982e-01,1.827622e-06,1.894876e-11,2.046306e-16,5.428627e-21,8.525317e-24,1.010407e-23,1.761356e-24,1.320080e-21,6.910013e-26,5.903827e-26,7.374130e-25,4.029984e-22
4.5240,258,9.580000e+01,9.853976e-01,5.912384e+00,-1.598105e-03,NaN,9.999981e-01,1.857845e-06,1.902679e-11,2.057193e-16,5.510752e-21,8.562126e-24,1.017449e-23,1.767431e-24,1.330475e-21,6.953237e-26,5.933530e-26,7.412482e-25,4.063636e-22
4.5240,259,9.630000e+01,9.853060e-01,5.911834e+00,6.192417e-02,NaN,9.999982e-01,1.808079e-06,1.903249e-11,2.084158e-16,5.507387e-21,8.615015e-24,1.023091e-23,1.778775e-24,1.340380e-21,6.990343e-26,5.966810e-26,7.454714e-25,4.097786e-22
4.5240,260,9.680000e+01,9.852147e-01,5.911286e+00,1.335379e-01,NaN,9.999982e-01,1.803444e-06,1.907208e-11,2.072058e-16,5.538891e-21,8.660395e-24,1.028791e-23,1.790450e-24,1.350199e-21,7.011584e-26,5.983996e-26,7.488637e-25,4.130834e-22
4.5240,261,9.730000e+01,9.851219e-01,5.910729e+00,3.595224e-03,4.374031e-03,9.999982e-01,1.829758e-06,1.938999e-11,2.079481e-16,5.567848e-21,8.710660e-24,1.036068e-23,1.803736e-24,1.361341e-21,7.041744e-26,6.014333e-26,7.528597e-25,4.167141e-22
4.5240,262,9.780000e+01,9.850298e-01,5.910177e+00,-2.027309e-02,NaN,9.999982e-01,1.822673e-06,1.921077e-11,2.098271e-16,5.549489e-21,8.776305e-24,1.040165e-23,1.809496e-24,1.372044e-21,7.072589e-26,6.044485e-26,7.560197e-25,4.200046e-22
4.5240,263,9.830000e+01,9.849407e-01,5.909642e+00,1.343462e-01,NaN,9.999982e-01,1.796146e-06,1.938083e-11,2.104258e-16,5.584156e-21,8.804960e-24,1.046740e-23,1.820517e-24,1.384495e-21,7.160534e-26,6.070322e-26,7.599276e-25,4.238031e-22
4.5240,264,9.880000e+01,9.848520e-01,5.909110e+00,1.762894e-01,NaN,9.999982e-01,1.820226e-06,1.931076e-11,2.125150e-16,5.664456e-21,8.840009e-24,1.051123e-23,1.827017e-24,1.396821e-21,7.180380e-26,6.108733e-26,7.635551e-25,4.277126e-22
4.5240,265,9.930000e+01,9.847633e-01,5.908578e+00,2.217482e-02,NaN,9.999982e-01,1.791916e-06,1.933628e-11,2.108306e-16,5.697819e-21,8.900381e-24,1.056141e-23,1.836339e-24,1.407899e-21,7.219204e-26,6.141910e-26,7.675521e-25,4.308366e-22
4.5240,266,9.980000e+01,9.846733e-01,5.908038e+00,6.330560e-02,NaN,9.999982e-01,1.833337e-06,1.939269e-11,2.113269e-16,5.723964e-21,8.961549e-24,1.062685e-23,1.847095e-24,1.420973e-21,7.286483e-26,6.163104e-26,7.716088e-25,4.343991e-22
4.5240,267,1.003000e+02,9.845832e-01,5.907497e+00,-4.931275e-02,NaN,9.999982e-01,1.794796e-06,1.937688e-11,2.127055e-16,5.744336e-21,9.000983e-24,1.069090e-23,1.856726e-24,1.434517e-21,7.288511e-26,6.188321e-26,7.752284e-25,4.379668e-22
4.5240,268,1.008000e+02,9.844925e-01,5.906953e+00,7.386838e-02,NaN,9.999982e-01,1.776377e-06,1.946377e-11,2.138211e-16,5.760490e-21,9.049852e-24,1.076092e-23,1.869039e-24,1.445188e-21,7.354238e-26,6.216143e-26,7.797611e-25,4.412444e-22
4.5240,269,1.013000e+02,9.843996e-01,5.906396e+00,3.195186e-02,NaN,9.999982e-01,1.834653e-06,1.973385e-11,2.142306e-16,5.795254e-21,9.102275e-24,1.080427e-23,1.876945e-24,1.456414e-21,7.389347e-26,6.245224e-26,7.828703e-25,4.443206e-22
4.5240,270,1.018000e+02,9.843090e-01,5.905852e+00,6.330736e-02,NaN,9.999982e-01,1.810802e-06,1.969519e-11,2.155137e-16,5.811333e-21,9.171604e-24,1.084146e-23,1.885441e-24,1.466254e-21,7.412820e-26,6.270887e-26,7.877642e-25,4.464793e-22
4.5240,271,1.023000e+02,9.842197e-01,5.905316e+00,7.398031e-02,4.371061e-03,9.999982e-01,1.801625e-06,1.958082e-11,2.169260e-16,5.822943e-21,9.211390e-24,1.089700e-23,1.899411e-24,1.475633e-21,7.434230e-26,6.313560e-26,7.928863e-25,4.497386e-22
4.5240,272,1.028000e+02,9.841282e-01,5.904767e+00,4.463670e-02,NaN,9.999982e-01,1.824166e-06,1.982154e-11,2.193209e-16,5.853859e-21,9.242431e-24,1.096664e-23,1.908665e-24,1.487718e-21,7.498497e-26,6.358870e-26,7.962747e-25,4.523837e-22
4.5240,273,1.033000e+02,9.840394e-01,5.904234e+00,4.904685e-02,NaN,9.999982e-01,1.769990e-06,1.973168e-11,2.192981e-16,5.879237e-21,9.304372e-24,1.101543e-23,1.917904e-24,1.498565e-21,7.500705e-26,6.397595e-26,8.012819e-25,4.558424e-22
4.5240,274,1.038000e+02,9.839518e-01,5.903709e+00,-1.927630e-02,NaN,9.999982e-01,1.821182e-06,1.974371e-11,2.200230e-16,5.904451e-21,9.353562e-24,1.107674e-23,1.926518e-24,1.508312e-21,7.553994e-26,6.426372e-26,8.049754e-25,4.597205e-22
4.5240,275,1.043000e+02,9.838609e-01,5.903163e+00,-1.612971e-02,NaN,9.999982e-01,1.810131e-06,1.984385e-11,2.206532e-16,5.935434e-21,9.387569e-24,1.113639e-23,1.934273e-24,1.519591e-21,7.605158e-26,6.455581e-26,8.083502e-25,4.624743e-22
4.5240,276,1.048000e+02,9.837723e-01,5.902632e+00,1.730572e-01,NaN,9.999982e-01,1.798317e-06,1.993163e-11,2.215914e-16,5.921294e-21,9.429789e-24,1.118695e-23,1.945686e-24,1.530372e-21,7.608628e-26,6.499131e-26,8.117203e-25,4.656617e-22
4.5240,277,1.053000e+02,9.836819e-01,5.902090e+00,3.256583e-02,NaN,9.999982e-01,1.812963e-06,1.994265e-11,2.237062e-16,5.948796e-21,9.472700e-24,1.122159e-23,1.955576e-24,1.542955e-21,7.658515e-26,6.539364e-26,8.159946e-25,4.691792e-22
4.5240,278,1.058000e+02,9.835923e-01,5.901552e+00,1.496029e-01,NaN,9.999983e-01,1.748342e-06,1.980544e-11,2.208333e-16,5.981790e-21,9.528295e-24,1.126928e-23,1.967782e-24,1.554493e-21,7.720016e-26,6.568051e-26,8.197579e-25,4.729333e-22
4.5240,279,1.063000e+02,9.835058e-01,5.901033e+00,6.696371e-02,NaN,9.999982e-01,1.787840e-06,1.997121e-11,2.230564e-16,5.996729e-21,9.590463e-24,1.133110e-23,1.977764e-24,1.564649e-21,7.747967e-26,6.600766e-26,8.228850e-25,4.756374e-22
4.5240,280,1.068000e+02,9.834175e-01,5.900504e+00,4.892999e-02,NaN,9.999982e-01,1.782991e-06,2.003389e-11,2.220521e-16,6.036024e-21,9.654786e-24,1.138549e-23,1.986942e-24,1.574169e-21,7.791600e-26,6.627463e-26,8.264932e-25,4.792654e-22
4.5240,281,1.073000e+02,9.833320e-01,5.899990e+00,7.589248e-02,4.911304e-03,9.999982e-01,1.753202e-06,1.994365e-11,2.222902e-16,6.068085e-21,9.704335e-24,1.144124e-23,1.998551e-24,1.587308e-21,7.844751e-26,6.669382e-26,8.299493e-25,4.821391e-22
4.5240,282,1.078000e+02,9.832446e-01,5.899466e+00,3.110026e-02,NaN,9.999982e-01,1.829189e-06,2.019690e-11,2.244793e-16,6.148325e-21,9.762121e-24,1.149118e-23,2.008329e-24,1.597048e-21,7.853485e-26,6.695383e-26,8.332696e-25,4.845765e-22
4.5240,283,1.083000e+02,9.831538e-01,5.898921e+00,6.314749e-02,NaN,9.999982e-01,1.779121e-06,2.009087e-11,2.247791e-16,6.144312e-21,9.814827e-24,1.154172e-23,2.019580e-24,1.609313e-21,7.886311e-26,6.722379e-26,8.389124e-25,4.878161e-22
4.5240,284,1.088000e+02,9.830637e-01,5.898381e+00,-1.240520e-02,NaN,9.999982e-01,1.759600e-06,2.015749e-11,2.248130e-16,6.145976e-21,9.868481e-24,1.160206e-23,2.029454e-24,1.621513e-21,7.956285e-26,6.745373e-26,8.428491e-25,4.903127e-22
4.5240,285,1.093000e+02,9.829753e-01,5.897850e+00,8.336768e-02,NaN,9.999982e-01,1.768081e-06,2.016990e-11,2.254116e-16,6.151799e-21,9.921526e-24,1.167509e-23,2.039648e-24,1.631698e-21,7.982727e-26,6.783153e-26,8.463881e-25,4.927573e-22
4.5240,286,1.098000e+02,9.828894e-01,5.897335e+00,8.103918e-02,NaN,9.999983e-01,1.733049e-06,2.007563e-11,2.254882e-16,6.210996e-21,9.983714e-24,1.173973e-23,2.050347e-24,1.644312e-21,8.015625e-26,6.821583e-26,8.506531e-25,4.958372e-22
4.5240,287,1.103000e+02,9.828033e-01,5.896818e+00,1.429234e-02,NaN,9.999982e-01,1.758065e-06,2.024972e-11,2.249990e-16,6.277018e-21,1.002976e-23,1.180014e-23,2.057310e-24,1.656671e-21,8.048583e-26,6.843060e-26,8.542368e-25,4.994558e-22
4.5240,288,1.108000e+02,9.827152e-01,5.896290e+00,-1.145898e-01,NaN,9.999982e-01,1.792814e-06,2.040668e-11,2.270199e-16,6.235821e-21,1.008405e-23,1.184643e-23,2.070775e-24,1.670000e-21,8.076998e-26,6.881457e-26,8.580035e-25,5.029763e-22
4.5240,289,1.113000e+02,9.826259e-01,5.895754e+00,-1.020355e-01,NaN,9.999982e-01,1.773839e-06,2.020442e-11,2.265253e-16,6.329440e-21,1.013444e-23,1.191529e-23,2.086619e-24,1.680360e-21,8.139905e-26,6.912196e-26,8.633116e-25,5.058475e-22
4.5240,290,1.118000e+02,9.825365e-01,5.895217e+00,9.629959e-02,NaN,9.999982e-01,1.775803e-06,2.031581e-11,2.278891e-16,6.367589e-21,1.016303e-23,1.198423e-23,2.095672e-24,1.688615e-21,8.203535e-26,6.946216e-26,8.672624e-25,5.083532e-22
4.5240,291,1.123000e+02,9.824469e-01,5.894679e+00,-5.597676e-02,4.203253e-03,9.999982e-01,1.787556e-06,2.040121e-11,2.282486e-16,6.351511e-21,1.021746e-23,1.203220e-23,2.106864e-24,1.698637e-21,8.220811e-26,6.969884e-26,8.706836e-25,5.107145e-22
4.5240,292,1.128000e+02,9.823596e-01,5.894156e+00,-6.653496e-02,NaN,9.999982e-01,1.768160e-06,2.025567e-11,2.295546e-16,6.378873e-21,1.027693e-23,1.209187e-23,2.117587e-24,1.712297e-21,8.269002e-26,7.012206e-26,8.754513e-25,5.137109e-22
4.5240,293,1.133000e+02,9.822729e-01,5.893636e+00,-6.554612e-02,NaN,9.999982e-01,1.772256e-06,2.029974e-11,2.301267e-16,6.453124e-21,1.031988e-23,1.215902e-23,2.129374e-24,1.723265e-21,8.309667e-26,7.045227e-26,8.804295e-25,5.171537e-22
4.5240,294,1.138000e+02,9.821861e-01,5.893115e+00,-1.779545e-02,NaN,9.999982e-01,1.751476e-06,2.036282e-11,2.308319e-16,6.460420e-21,1.037206e-23,1.220041e-23,2.138076e-24,1.734583e-21,8.338619e-26,7.089714e-26,8.847853e-25,5.200654e-22
4.5240,295,1.143000e+02,9.821000e-01,5.892598e+00,-1.466069e-01,NaN,9.999982e-01,1.762912e-06,2.046369e-11,2.321024e-16,6.460748e-21,1.043532e-23,1.226592e-23,2.148054e-24,1.746265e-21,8.418394e-26,7.122563e-26,8.891710e-25,5.229058e-22
4.5240,296,1.148000e+02,9.820103e-01,5.892060e+00,7.237509e-02,NaN,9.999982e-01,1.787042e-06,2.064112e-11,2.351604e-16,6.525897e-21,1.049215e-23,1.232897e-23,2.160811e-24,1.757734e-21,8.467635e-26,7.147117e-26,8.942512e-25,5.263465e-22
4.5240,297,1.153000e+02,9.819210e-01,5.891525e+00,2.413614e-02,NaN,9.999983e-01,1.743347e-06,2.061049e-11,2.334051e-16,6.558391e-21,1.054604e-23,1.238228e-23,2.167299e-24,1.769786e-21,8.503145e-26,7.179930e-26,8.965020e-25,5.296918e-22
4.5240,298,1.158000e+02,9.818344e-01,5.891005e+00,-7.177864e-02,NaN,9.999982e-01,1.750927e-06,2.045154e-11,2.351078e-16,6.561680e-21,1.058331e-23,1.244330e-23,2.178708e-24,1.782252e-21,8.528606e-26,7.210848e-26,8.995239e-25,5.331476e-22
4.5240,299,1.163000e+02,9.817469e-01,5.890480e+00,-1.458910e-01,NaN,9.999982e-01,1.759901e-06,2.061357e-11,2.363794e-16,6.614712e-21,1.061819e-23,1.250510e-23,2.189712e-24,1.794006e-21,8.587493e-26,7.257654e-26,9.031441e-25,5.368304e-22
4.5240,300,1.168000e+02,9.816619e-01,5.889970e+00,-8.151981e-02,NaN,9.999983e-01,1.720685e-06,2.072212e-11,2.361761e-16,6.663910e-21,1.066772e-23,1.255045e-23,2.198561e-24,1.806748e-21,8.619596e-26,7.284325e-26,9.047398e-25,5.406455e-22
4.5240,301,1.173000e+02,9.815763e-01,5.889456e+00,-2.801897e-02,4.691835e-03,9.999982e-01,1.758109e-06,2.081890e-11,2.383166e-16,6.698949e-21,1.071448e-23,1.261458e-23,2.206715e-24,1.820231e-21,8.666014e-26,7.323215e-26,9.074334e-25,5.444558e-22
4.5240,302,1.178000e+02,9.814894e-01,5.888934e+00,5.863929e-02,NaN,9.999982e-01,1.786791e-06,2.088646e-11,2.385929e-16,6.738349e-21,1.075026e-23,1.268178e-23,2.221814e-24,1.832819e-21,8.710521e-26,7.358327e-26,9.131851e-25,5.482436e-22
4.5240,303,1.183000e+02,9.814036e-01,5.888420e+00,6.364289e-02,NaN,9.999983e-01,1.726288e-06,2.086397e-11,2.377466e-16,6.736074e-21,1.080287e-23,1.272907e-23,2.230603e-24,1.844284e-21,8.767401e-26,7.385677e-26,9.170165e-25,5.522429e-22
4.5240,304,1.188000e+02,9.813169e-01,5.887900e+00,1.076229e-01,NaN,9.999982e-01,1.765289e-06,2.098000e-11,2.390993e-16,6.788597e-21,1.083938e-23,1.278355e-23,2.239071e-24,1.856365e-21,8.801749e-26,7.418364e-26,9.179783e-25,5.558073e-22
4.5240,305,1.193000e+02,9.812294e-01,5.887375e+00,1.413684e-01,NaN,9.999983e-01,1.727217e-06,2.090394e-11,2.400685e-16,6.820384e-21,1.088583e-23,1.285256e-23,2.249042e-24,1.869425e-21,8.840706e-26,7.457190e-26,9.228591e-25,5.591708e-22
4.5240,306,1.198000e+02,9.811444e-01,5.886865e+00,8.745401e-02,NaN,9.999983e-01,1.744876e-06,2.089804e-11,2.411549e-16,6.846035e-21,1.092594e-23,1.289912e-23,2.257395e-24,1.882990e-21,8.885482e-26,7.487068e-26,9.268941e-25,5.629267e-22
4.5240,307,1.203000e+02,9.810556e-01,5.886332e+00,4.843551e-02,NaN,9.999982e-01,1.789835e-06,2.117862e-11,2.440329e-16,6.839822e-21,1.098249e-23,1.297145e-23,2.267028e-24,1.895130e-21,8.949547e-26,7.516367e-26,9.302849e-25,5.653206e-22
4.5240,308,1.208000e+02,9.809691e-01,5.885813e+00,1.443907e-01,NaN,9.999983e-01,1.740003e-06,2.105966e-11,2.422285e-16,6.876498e-21,1.102662e-23,1.301390e-23,2.278908e-24,1.909716e-21,8.975780e-26,7.558328e-26,9.351864e-25,5.692856e-22
4.5240,309,1.213000e+02,9.808837e-01,5.885300e+00,4.509214e-02,NaN,9.999982e-01,1.759459e-06,2.113634e-11,2.442500e-16,6.901156e-21,1.108757e-23,1.308904e-23,2.285596e-24,1.918530e-21,9.043088e-26,7.587832e-26,9.384346e-25,5.721838e-22
4.5240,310,1.218000e+02,9.807973e-01,5.884782e+00,2.759243e-02,NaN,9.999983e-01,1.727801e-06,2.105651e-11,2.452436e-16,6.940970e-21,1.113413e-23,1.314364e-23,2.294664e-24,1.930142e-21,9.080447e-26,7.622340e-26,9.418703e-25,5.756563e-22
4.5240,311,1.223000e+02,9.807134e-01,5.884279e+00,-9.701929e-02,4.755896e-03,9.999983e-01,1.735633e-06,2.120866e-11,2.436667e-16,6.984319e-21,1.118665e-23,1.320500e-23,2.304703e-24,1.941907e-21,9.109572e-26,7.660525e-26,9.462063e-25,5.790045e-22
4.5240,312,1.228000e+02,9.806285e-01,5.883769e+00,-4.342841e-02,NaN,9.999983e-01,1.736943e-06,2.129186e-11,2.480432e-16,6.983052e-21,1.124866e-23,1.325823e-23,2.311592e-24,1.954865e-21,9.130144e-26,7.691841e-26,9.492117e-25,5.821863e-22
4.5240,313,1.233000e+02,9.805430e-01,5.883256e+00,4.832557e-02,NaN,9.999983e-01,1.742066e-06,2.114957e-11,2.475238e-16,6.987783e-21,1.125803e-23,1.332260e-23,2.316810e-24,1.966633e-21,9.214800e-26,7.717068e-26,9.531964e-25,5.867581e-22
4.5240,314,1.238000e+02,9.804590e-01,5.882752e+00,2.283403e-02,NaN,9.999983e-01,1.718803e-06,2.130505e-11,2.461716e-16,7.053842e-21,1.130995e-23,1.336905e-23,2.330765e-24,1.977186e-21,9.275239e-26,7.748559e-26,9.568317e-25,5.911163e-22
4.5240,315,1.243000e+02,9.803747e-01,5.882247e+00,-2.030476e-02,NaN,9.999983e-01,1.729049e-06,2.144415e-11,2.475313e-16,7.123240e-21,1.136900e-23,1.344351e-23,2.344326e-24,1.986514e-21,9.332337e-26,7.780892e-26,9.610206e-25,5.950472e-22
4.5240,316,1.248000e+02,9.802888e-01,5.881731e+00,5.003468e-02,NaN,9.999983e-01,1.729929e-06,2.142890e-11,2.505932e-16,7.115149e-21,1.144055e-23,1.349647e-23,2.350711e-24,1.995366e-21,9.372711e-26,7.816694e-26,9.644876e-25,5.978876e-22
4.5240,317,1.253000e+02,9.802047e-01,5.881227e+00,-8.810434e-03,NaN,9.999983e-01,1.740085e-06,2.145746e-11,2.489539e-16,7.169907e-21,1.147811e-23,1.355644e-23,2.360145e-24,2.006706e-21,9.356853e-26,7.841950e-26,9.675216e-25,6.012979e-22
4.5240,318,1.258000e+02,9.801212e-01,5.880726e+00,7.892575e-02,NaN,9.999983e-01,1.735854e-06,2.159638e-11,2.510996e-16,7.181312e-21,1.152262e-23,1.360215e-23,2.366282e-24,2.016691e-21,9.459677e-26,7.882998e-26,9.709750e-25,6.043408e-22
4.5240,319,1.263000e+02,9.800379e-01,5.880226e+00,1.034280e-01,NaN,9.999983e-01,1.710641e-06,2.148998e-11,2.498640e-16,7.190583e-21,1.157424e-23,1.365357e-23,2.381227e-24,2.028877e-21,9.446883e-26,7.910238e-26,9.768269e-25,6.076401e-22
4.5240,320,1.268000e+02,9.799532e-01,5.879717e+00,8.556428e-02,NaN,9.999982e-01,1.764158e-06,2.166888e-11,2.522075e-16,7.264091e-21,1.164127e-23,1.370052e-23,2.389690e-24,2.041455e-21,9.493407e-26,7.940149e-26,9.793955e-25,6.104097e-22
4.5240,321,1.273000e+02,9.798659e-01,5.879194e+00,7.026881e-02,4.733880e-03,9.999983e-01,1.725351e-06,2.151877e-11,2.522309e-16,7.282071e-21,1.168406e-23,1.375291e-23,2.404296e-24,2.053900e-21,9.600900e-26,7.976056e-26,9.804644e-25,6.142037e-22
4.5240,322,1.278000e+02,9.797824e-01,5.878693e+00,-2.322795e-02,NaN,9.999983e-01,1.683519e-06,2.162591e-11,2.541257e-16,7.276785e-21,1.173323e-23,1.377543e-23,2.415658e-24,2.068139e-21,9.635028e-26,8.014917e-26,9.854380e-25,6.162517e-22
4.5240,323,1.283000e+02,9.796990e-01,5.878192e+00,5.140983e-02,NaN,9.999983e-01,1.741102e-06,2.170336e-11,2.557355e-16,7.320787e-21,1.181413e-23,1.384557e-23,2.422807e-24,2.077974e-21,9.644598e-26,8.043184e-26,9.879995e-25,6.193842e-22
4.5240,324,1.288000e+02,9.796178e-01,5.877705e+00,-6.323605e-02,NaN,9.999983e-01,1.708041e-06,2.168940e-11,2.566588e-16,7.332592e-21,1.185803e-23,1.390575e-23,2.436888e-24,2.086641e-21,9.682588e-26,8.067252e-26,9.926747e-25,6.226161e-22
4.5240,325,1.293000e+02,9.795369e-01,5.877219e+00,-8.242879e-03,NaN,9.999983e-01,1.701931e-06,2.173194e-11,2.553064e-16,7.359584e-21,1.191042e-23,1.396447e-23,2.444744e-24,2.097254e-21,9.773742e-26,8.101218e-26,9.964353e-25,6.257602e-22
4.5240,326,1.298000e+02,9.794528e-01,5.876715e+00,-1.904777e-01,NaN,9.999983e-01,1.717281e-06,2.169588e-11,2.560847e-16,7.409149e-21,1.195970e-23,1.403425e-23,2.454721e-24,2.106540e-21,9.790932e-26,8.126226e-26,9.998468e-25,6.290160e-22
4.5240,327,1.303000e+02,9.793662e-01,5.876195e+00,-1.522027e-01,NaN,9.999982e-01,1.754549e-06,2.203974e-11,2.558892e-16,7.379469e-21,1.201355e-23,1.410125e-23,2.465238e-24,2.116042e-21,9.835446e-26,8.170537e-26,1.003390e-24,6.330612e-22
4.5240,328,1.308000e+02,9.792799e-01,5.875678e+00,-6.001494e-02,NaN,9.999983e-01,1.695028e-06,2.178765e-11,2.556446e-16,7.463722e-21,1.207365e-23,1.415500e-23,2.475752e-24,2.125466e-21,9.874346e-26,8.203284e-26,1.007863e-24,6.375686e-22
4.5240,329,1.313000e+02,9.791975e-01,5.875183e+00,-7.339756e-02,NaN,9.999983e-01,1.700480e-06,2.188486e-11,2.571238e-16,7.512598e-21,1.214826e-23,1.423220e-23,2.486497e-24,2.135488e-21,9.916922e-26,8.239676e-26,1.014360e-24,6.408597e-22
4.5240,330,1.318000e+02,9.791146e-01,5.874686e+00,-7.109298e-02,NaN,9.999983e-01,1.694615e-06,2.187318e-11,2.566069e-16,7.530590e-21,1.219287e-23,1.430987e-23,2.495336e-24,2.146953e-21,9.977920e-26,8.271942e-26,1.016477e-24,6.445634e-22
4.5240,331,1.323000e+02,9.790328e-01,5.874195e+00,-4.036488e-02,4.247343e-03,9.999983e-01,1.668378e-06,2.190353e-11,2.565701e-16,7.571418e-21,1.225150e-23,1.436736e-23,2.501663e-24,2.158581e-21,1.002425e-25,8.306988e-26,1.020505e-24,6.482646e-22
4.5240,332,1.328000e+02,9.789525e-01,5.873713e+00,-1.348308e-01,NaN,9.999983e-01,1.691391e-06,2.195611e-11,2.592678e-16,7.579422e-21,1.230498e-23,1.442115e-23,2.513176e-24,2.168803e-21,1.007638e-25,8.335831e-26,1.024003e-24,6.519401e-22
4.5240,333,1.333000e+02,9.788702e-01,5.873220e+00,-1.526213e-01,NaN,9.999983e-01,1.704077e-06,2.196387e-11,2.592807e-16,7.631675e-21,1.235070e-23,1.447487e-23,2.522465e-24,2.180919e-21,1.008584e-25,8.367286e-26,1.026767e-24,6.560182e-22
4.5240,334,1.338000e+02,9.787871e-01,5.872721e+00,-2.272097e-02,NaN,9.999983e-01,1.692745e-06,2.202475e-11,2.590834e-16,7.692913e-21,1.240760e-23,1.453703e-23,2.533335e-24,2.193871e-21,1.019500e-25,8.394950e-26,1.029895e-24,6.600439e-22
4.5240,335,1.343000e+02,9.787037e-01,5.872220e+00,-1.408842e-03,NaN,9.999983e-01,1.713406e-06,2.200521e-11,2.605256e-16,7.708058e-21,1.245976e-23,1.457696e-23,2.537795e-24,2.204704e-21,1.023915e-25,8.423683e-26,1.035467e-24,6.636768e-22
4.5240,336,1.348000e+02,9.786199e-01,5.871718e+00,-5.513009e-02,NaN,9.999983e-01,1.688416e-06,2.212676e-11,2.610338e-16,7.739131e-21,1.250864e-23,1.463867e-23,2.548528e-24,2.215070e-21,1.023910e-25,8.462644e-26,1.038487e-24,6.674295e-22
4.5240,337,1.353000e+02,9.785367e-01,5.871219e+00,-3.102722e-02,NaN,9.999983e-01,1.681709e-06,2.217155e-11,2.620231e-16,7.784074e-21,1.255995e-23,1.470761e-23,2.557497e-24,2.225320e-21,1.027614e-25,8.493256e-26,1.042615e-24,6.713781e-22
4.5240,338,1.358000e+02,9.784532e-01,5.870718e+00,6.529724e-02,NaN,9.999983e-01,1.712017e-06,2.233098e-11,2.644472e-16,7.792730e-21,1.260915e-23,1.475416e-23,2.566936e-24,2.232313e-21,1.035793e-25,8.529039e-26,1.045843e-24,6.754227e-22
4.5240,339,1.363000e+02,9.783697e-01,5.870217e+00,-7.515363e-02,NaN,9.999983e-01,1.705098e-06,2.232080e-11,2.637612e-16,7.882719e-21,1.264832e-23,1.482005e-23,2.580949e-24,2.242404e-21,1.038702e-25,8.561172e-26,1.050364e-24,6.790637e-22
4.5240,340,1.368000e+02,9.782888e-01,5.869731e+00,1.336077e-02,NaN,9.999983e-01,1.704235e-06,2.224889e-11,2.646673e-16,7.850924e-21,1.269360e-23,1.486857e-23,2.596441e-24,2.249959e-21,1.040754e-25,8.603813e-26,1.053445e-24,6.821026e-22
4.5240,341,1.373000e+02,9.782085e-01,5.869249e+00,1.692019e-02,4.958702e-03,9.999983e-01,1.690480e-06,2.242117e-11,2.654583e-16,7.863056e-21,1.273974e-23,1.493579e-23,2.603057e-24,2.257181e-21,1.046648e-25,8.633153e-26,1.056543e-24,6.855736e-22
4.5240,342,1.378000e+02,9.781268e-01,5.868759e+00,8.934213e-02,NaN,9.999983e-01,1.715775e-06,2.233516e-11,2.666153e-16,7.912682e-21,1.278346e-23,1.497303e-23,2.611170e-24,2.268657e-21,1.050109e-25,8.673562e-26,1.063425e-24,6.893614e-22
4.5240,343,1.383000e+02,9.780444e-01,5.868264e+00,4.016457e-02,NaN,9.999983e-01,1.692872e-06,2.241100e-11,2.650636e-16,7.937669e-21,1.283716e-23,1.503718e-23,2.623753e-24,2.279554e-21,1.055204e-25,8.689033e-26,1.065911e-24,6.934824e-22
4.5240,344,1.388000e+02,9.779609e-01,5.867764e+00,-4.260371e-03,NaN,9.999983e-01,1.702455e-06,2.242130e-11,2.677123e-16,7.991052e-21,1.288426e-23,1.509054e-23,2.629807e-24,2.292824e-21,1.059443e-25,8.715932e-26,1.070549e-24,6.969011e-22
4.5240,345,1.393000e+02,9.778771e-01,5.867261e+00,-1.094066e-02,NaN,9.999983e-01,1.691884e-06,2.252746e-11,2.685222e-16,7.992661e-21,1.295079e-23,1.517724e-23,2.639323e-24,2.306996e-21,1.062434e-25,8.759003e-26,1.075040e-24,6.998060e-22
4.5240,346,1.398000e+02,9.777968e-01,5.866779e+00,-1.834852e-02,NaN,9.999983e-01,1.655621e-06,2.257654e-11,2.677572e-16,8.023830e-21,1.300068e-23,1.522185e-23,2.651375e-24,2.321344e-21,1.073063e-25,8.790356e-26,1.077786e-24,7.037915e-22
4.5240,347,1.403000e+02,9.777182e-01,5.866307e+00,3.898460e-02,NaN,9.999983e-01,1.704515e-06,2.256100e-11,2.696397e-16,8.064225e-21,1.305779e-23,1.530147e-23,2.664902e-24,2.335152e-21,1.076451e-25,8.828767e-26,1.082234e-24,7.076661e-22
4.5240,348,1.408000e+02,9.776394e-01,5.865835e+00,-3.825660e-03,NaN,9.999983e-01,1.670083e-06,2.266365e-11,2.712208e-16,8.068875e-21,1.310328e-23,1.538292e-23,2.677593e-24,2.345518e-21,1.081741e-25,8.872561e-26,1.085093e-24,7.106066e-22
4.5240,349,1.413000e+02,9.775608e-01,5.865363e+00,1.419776e-01,NaN,9.999983e-01,1.676720e-06,2.261127e-11,2.692021e-16,8.093883e-21,1.317603e-23,1.543712e-23,2.684011e-24,2.355372e-21,1.083741e-25,8.911647e-26,1.089810e-24,7.140187e-22
4.5240,350,1.418000e+02,9.774794e-01,5.864875e+00,2.356375e-01,NaN,9.999983e-01,1.690457e-06,2.270291e-11,2.722387e-16,8.164581e-21,1.321134e-23,1.551242e-23,2.697093e-24,2.367002e-21,1.087017e-25,8.953815e-26,1.095351e-24,7.165585e-22
4.5240,351,1.423000e+02,9.773971e-01,5.864381e+00,1.573898e-02,4.783651e-03,9.999983e-01,1.702705e-06,2.275814e-11,2.718040e-16,8.175137e-21,1.326837e-23,1.556836e-23,2.712066e-24,2.380288e-21,1.094452e-25,8.995249e-26,1.101556e-24,7.207735e-22
4.5240,352,1.428000e+02,9.773154e-01,5.863891e+00,-1.249118e-01,NaN,9.999983e-01,1.707157e-06,2.278182e-11,2.736914e-16,8.211766e-21,1.331276e-23,1.560915e-23,2.724090e-24,2.393537e-21,1.095647e-25,9.034814e-26,1.105910e-24,7.233715e-22
4.5240,353,1.433000e+02,9.772335e-01,5.863399e+00,-3.037635e-02,NaN,9.999983e-01,1.665488e-06,2.276690e-11,2.736843e-16,8.240416e-21,1.335434e-23,1.566312e-23,2.734892e-24,2.409676e-21,1.101311e-25,9.071965e-26,1.110343e-24,7.268041e-22
4.5240,354,1.438000e+02,9.771520e-01,5.862910e+00,1.175333e-01,NaN,9.999983e-01,1.688476e-06,2.292319e-11,2.739117e-16,8.302585e-21,1.338204e-23,1.570945e-23,2.743291e-24,2.425233e-21,1.104929e-25,9.118883e-26,1.112102e-24,7.296357e-22
4.5240,355,1.443000e+02,9.770732e-01,5.862438e+00,9.304847e-02,NaN,9.999983e-01,1.672219e-06,2.293454e-11,2.719445e-16,8.302703e-21,1.344131e-23,1.574530e-23,2.754510e-24,2.440162e-21,1.112032e-25,9.151737e-26,1.116894e-24,7.332405e-22
4.5240,356,1.448000e+02,9.769938e-01,5.861961e+00,3.167383e-02,NaN,9.999983e-01,1.691503e-06,2.295964e-11,2.756297e-16,8.399662e-21,1.350603e-23,1.580623e-23,2.766001e-24,2.453413e-21,1.116545e-25,9.182433e-26,1.121141e-24,7.356726e-22
4.5240,357,1.453000e+02,9.769134e-01,5.861479e+00,6.091053e-02,NaN,9.999983e-01,1.696518e-06,2.295505e-11,2.758660e-16,8.425217e-21,1.356760e-23,1.588556e-23,2.772404e-24,2.466681e-21,1.118980e-25,9.212601e-26,1.126025e-24,7.375006e-22
4.5240,358,1.458000e+02,9.768325e-01,5.860993e+00,5.540675e-02,NaN,9.999983e-01,1.683843e-06,2.303898e-11,2.760861e-16,8.485303e-21,1.362268e-23,1.594824e-23,2.784688e-24,2.477403e-21,1.123207e-25,9.235759e-26,1.131024e-24,7.403207e-22
4.5240,359,1.463000e+02,9.767511e-01,5.860505e+00,4.599689e-02,NaN,9.999983e-01,1.668778e-06,2.310311e-11,2.759682e-16,8.501136e-21,1.367338e-23,1.602855e-23,2.794358e-24,2.487254e-21,1.129135e-25,9.267812e-26,1.134969e-24,7.432149e-22
4.5240,360,1.468000e+02,9.766716e-01,5.860028e+00,1.269716e-02,NaN,9.999983e-01,1.676012e-06,2.310194e-11,2.791884e-16,8.505449e-21,1.373142e-23,1.607779e-23,2.806226e-24,2.497322e-21,1.135980e-25,9.297025e-26,1.139804e-24,7.461258e-22
4.5240,361,1.473000e+02,9.765935e-01,5.859559e+00,1.111930e-01,4.888404e-03,9.999983e-01,1.656309e-06,2.310005e-11,2.770393e-16,8.548883e-21,1.378823e-23,1.615967e-23,2.814740e-24,2.508376e-21,1.143418e-25,9.333627e-26,1.145015e-24,7.500903e-22
4.5240,362,1.478000e+02,9.765151e-01,5.859089e+00,-4.416174e-02,NaN,9.999983e-01,1.659465e-06,2.314395e-11,2.781835e-16,8.546795e-21,1.382967e-23,1.624014e-23,2.822996e-24,2.522496e-21,1.140762e-25,9.361844e-26,1.148641e-24,7.538293e-22
4.5240,363,1.483000e+02,9.764353e-01,5.858610e+00,7.353035e-02,NaN,9.999983e-01,1.697716e-06,2.321264e-11,2.794201e-16,8.580991e-21,1.389422e-23,1.632870e-23,2.840138e-24,2.537818e-21,1.149915e-25,9.388543e-26,1.152347e-24,7.573436e-22
4.5240,364,1.488000e+02,9.763554e-01,5.858131e+00,9.193620e-02,NaN,9.999983e-01,1.684296e-06,2.325034e-11,2.792926e-16,8.641239e-21,1.396276e-23,1.637713e-23,2.849065e-24,2.550755e-21,1.150751e-25,9.414224e-26,1.155080e-24,7.607871e-22
4.5240,365,1.493000e+02,9.762776e-01,5.857664e+00,-8.472303e-02,NaN,9.999983e-01,1.665282e-06,2.330611e-11,2.804704e-16,8.669232e-21,1.401016e-23,1.641110e-23,2.858220e-24,2.561433e-21,1.155319e-25,9.463509e-26,1.159104e-24,7.650317e-22
4.5240,366,1.498000e+02,9.761972e-01,5.857181e+00,-2.028664e-01,NaN,9.999983e-01,1.689684e-06,2.325895e-11,2.830716e-16,8.716296e-21,1.404305e-23,1.647178e-23,2.874113e-24,2.570722e-21,1.161842e-25,9.496274e-26,1.162560e-24,7.693310e-22
4.5240,367,1.503000e+02,9.761157e-01,5.856692e+00,-6.765951e-02,NaN,9.999983e-01,1.680391e-06,2.318133e-11,2.814334e-16,8.739273e-21,1.409256e-23,1.652946e-23,2.882209e-24,2.583524e-21,1.164989e-25,9.539159e-26,1.167354e-24,7.729092e-22
4.5240,368,1.508000e+02,9.760356e-01,5.856212e+00,-3.939010e-02,NaN,9.999983e-01,1.688787e-06,2.345512e-11,2.841831e-16,8.753965e-21,1.414277e-23,1.660372e-23,2.893101e-24,2.595992e-21,1.168831e-25,9.575686e-26,1.172424e-24,7.767872e-22
4.5240,369,1.513000e+02,9.759567e-01,5.855739e+00,-5.102935e-02,NaN,9.999983e-01,1.653572e-06,2.331314e-11,2.846750e-16,8.815481e-21,1.420257e-23,1.666938e-23,2.901041e-24,2.608423e-21,1.172399e-25,9.618139e-26,1.175673e-24,7.797533e-22
4.5240,370,1.518000e+02,9.758786e-01,5.855270e+00,8.603973e-02,NaN,9.999983e-01,1.657162e-06,2.338629e-11,2.845917e-16,8.865768e-21,1.426202e-23,1.674645e-23,2.912283e-24,2.618129e-21,1.182993e-25,9.663293e-26,1.178654e-24,7.823508e-22
4.5240,371,1.523000e+02,9.757998e-01,5.854797e+00,6.102909e-02,5.035893e-03,9.999983e-01,1.692774e-06,2.342236e-11,2.844124e-16,8.839859e-21,1.432043e-23,1.680815e-23,2.924717e-24,2.628569e-21,1.188876e-25,9.705566e-26,1.184327e-24,7.856112e-22
4.5240,372,1.528000e+02,9.757201e-01,5.854319e+00,-6.261308e-02,NaN,9.999983e-01,1.665826e-06,2.341163e-11,2.864649e-16,8.879094e-21,1.438843e-23,1.684568e-23,2.936283e-24,2.643009e-21,1.191585e-25,9.744712e-26,1.188126e-24,7.887324e-22
4.5240,373,1.533000e+02,9.756421e-01,5.853851e+00,-8.368149e-02,NaN,9.999983e-01,1.657741e-06,2.336873e-11,2.857097e-16,8.947777e-21,1.441706e-23,1.693292e-23,2.945171e-24,2.655728e-21,1.196140e-25,9.777072e-26,1.190946e-24,7.924368e-22
4.5240,374,1.538000e+02,9.755645e-01,5.853385e+00,1.034823e-01,NaN,9.999983e-01,1.661944e-06,2.358943e-11,2.876110e-16,8.930882e-21,1.447959e-23,1.698969e-23,2.957922e-24,2.668514e-21,1.201129e-25,9.804899e-26,1.194734e-24,7.962112e-22
4.5240,375,1.543000e+02,9.754836e-01,5.852900e+00,4.441200e-02,NaN,9.999983e-01,1.705753e-06,2.365512e-11,2.866462e-16,8.997078e-21,1.456230e-23,1.705967e-23,2.967478e-24,2.683977e-21,1.205234e-25,9.832702e-26,1.199364e-24,7.992801e-22
4.5240,376,1.548000e+02,9.754035e-01,5.852419e+00,-1.198242e-02,NaN,9.999983e-01,1.657479e-06,2.358155e-11,2.891122e-16,9.044489e-21,1.460765e-23,1.712239e-23,2.978176e-24,2.694425e-21,1.205205e-25,9.856158e-26,1.203630e-24,8.020100e-22
4.5240,377,1.553000e+02,9.753246e-01,5.851946e+00,1.071278e-01,NaN,9.999983e-01,1.688268e-06,2.364076e-11,2.900831e-16,9.080596e-21,1.466720e-23,1.718823e-23,2.988864e-24,2.705039e-21,1.210662e-25,9.879637e-26,1.207495e-24,8.049195e-22
4.5240,378,1.558000e+02,9.752449e-01,5.851468e+00,-8.486491e-02,NaN,9.999983e-01,1.676398e-06,2.354712e-11,2.898727e-16,9.120139e-21,1.471106e-23,1.726552e-23,2.995994e-24,2.716092e-21,1.216282e-25,9.901923e-26,1.212121e-24,8.077408e-22
4.5240,379,1.563000e+02,9.751684e-01,5.851009e+00,4.960702e-02,NaN,9.999984e-01,1.644940e-06,2.371727e-11,2.926180e-16,9.136376e-21,1.474689e-23,1.730627e-23,3.004671e-24,2.727475e-21,1.221021e-25,9.940121e-26,1.217637e-24,8.108952e-22
4.5240,380,1.568000e+02,9.750903e-01,5.850540e+00,5.643981e-02,NaN,9.999983e-01,1.712876e-06,2.389672e-11,2.948273e-16,9.228565e-21,1.479593e-23,1.738675e-23,3.013653e-24,2.740368e-21,1.224059e-25,9.979376e-26,1.221710e-24,8.146320e-22
4.5240,381,1.573000e+02,9.750117e-01,5.850069e+00,1.157249e-01,4.517330e-03,9.999983e-01,1.670854e-06,2.369668e-11,2.952392e-16,9.228249e-21,1.484132e-23,1.745990e-23,3.030810e-24,2.753121e-21,1.230672e-25,1.002278e-25,1.224875e-24,8.187340e-22
4.5240,382,1.578000e+02,9.749362e-01,5.849616e+00,3.278179e-02,NaN,9.999984e-01,1.642144e-06,2.366242e-11,2.940493e-16,9.199058e-21,1.491199e-23,1.751361e-23,3.041136e-24,2.764949e-21,1.236024e-25,1.005058e-25,1.228433e-24,8.226961e-22
4.5240,383,1.583000e+02,9.748580e-01,5.849146e+00,5.750996e-02,NaN,9.999983e-01,1.671304e-06,2.384438e-11,2.953541e-16,9.289435e-21,1.494635e-23,1.759793e-23,3.053701e-24,2.778431e-21,1.237665e-25,1.007506e-25,1.231970e-24,8.267085e-22
4.5240,384,1.588000e+02,9.747811e-01,5.848685e+00,9.845222e-02,NaN,9.999984e-01,1.634006e-06,2.387538e-11,2.938694e-16,9.359328e-21,1.500988e-23,1.767459e-23,3.068347e-24,2.787483e-21,1.245710e-25,1.010234e-25,1.235868e-24,8.310999e-22
4.5240,385,1.593000e+02,9.747068e-01,5.848239e+00,2.288895e-01,NaN,9.999984e-01,1.637764e-06,2.380057e-11,2.973407e-16,9.403533e-21,1.508081e-23,1.773648e-23,3.076950e-24,2.798250e-21,1.248538e-25,1.014603e-25,1.238869e-24,8.345671e-22
4.5240,386,1.598000e+02,9.746300e-01,5.847778e+00,1.259054e-01,NaN,9.999984e-01,1.641569e-06,2.392660e-11,2.990955e-16,9.412537e-21,1.514641e-23,1.781768e-23,3.088545e-24,2.808366e-21,1.256779e-25,1.018800e-25,1.243510e-24,8.374171e-22
4.5240,387,1.603000e+02,9.745525e-01,5.847313e+00,1.054493e-01,NaN,9.999984e-01,1.636925e-06,2.401636e-11,2.977242e-16,9.467033e-21,1.518272e-23,1.789634e-23,3.099081e-24,2.819039e-21,1.256499e-25,1.023602e-25,1.248397e-24,8.409634e-22
4.5240,388,1.608000e+02,9.744749e-01,5.846848e+00,-3.457973e-02,NaN,9.999983e-01,1.682278e-06,2.416973e-11,2.995114e-16,9.422353e-21,1.523450e-23,1.796286e-23,3.113152e-24,2.833590e-21,1.265724e-25,1.026912e-25,1.252981e-24,8.454461e-22
4.5240,389,1.613000e+02,9.743951e-01,5.846369e+00,3.000275e-02,NaN,9.999983e-01,1.657921e-06,2.423434e-11,3.006160e-16,9.534029e-21,1.528288e-23,1.801248e-23,3.124213e-24,2.843528e-21,1.268560e-25,1.030890e-25,1.257773e-24,8.493769e-22
4.5240,390,1.618000e+02,9.743181e-01,5.845907e+00,6.138034e-02,NaN,9.999984e-01,1.645910e-06,2.409991e-11,3.017044e-16,9.512585e-21,1.535811e-23,1.806680e-23,3.131953e-24,2.851703e-21,1.276561e-25,1.033965e-25,1.261013e-24,8.525955e-22
4.5240,391,1.623000e+02,9.742415e-01,5.845447e+00,3.581912e-02,4.886605e-03,9.999983e-01,1.691133e-06,2.431260e-11,3.022355e-16,9.545667e-21,1.542364e-23,1.814771e-23,3.143838e-24,2.862488e-21,1.277092e-25,1.037010e-25,1.265722e-24,8.560197e-22
4.5240,392,1.628000e+02,9.741632e-01,5.844977e+00,-5.023466e-02,NaN,9.999983e-01,1.656039e-06,2.423427e-11,3.017251e-16,9.608278e-21,1.546369e-23,1.821149e-23,3.154429e-24,2.872581e-21,1.281354e-25,1.039369e-25,1.268720e-24,8.592823e-22
4.5240,393,1.633000e+02,9.740866e-01,5.844518e+00,-7.526897e-02,NaN,9.999983e-01,1.662484e-06,2.424914e-11,3.028834e-16,9.664377e-21,1.551601e-23,1.825421e-23,3.163323e-24,2.883502e-21,1.288335e-25,1.041822e-25,1.272206e-24,8.629711e-22
4.5240,394,1.638000e+02,9.740113e-01,5.844066e+00,-1.879765e-01,NaN,9.999983e-01,1.652278e-06,2.427714e-11,3.035505e-16,9.660576e-21,1.554126e-23,1.831101e-23,3.174837e-24,2.893562e-21,1.289899e-25,1.044732e-25,1.277600e-24,8.670822e-22
4.5240,395,1.643000e+02,9.739354e-01,5.843611e+00,-3.119031e-02,NaN,9.999984e-01,1.636570e-06,2.428768e-11,3.038618e-16,9.701253e-21,1.561138e-23,1.836582e-23,3.187423e-24,2.904619e-21,1.298388e-25,1.047683e-25,1.280269e-24,8.710612e-22
4.5240,396,1.648000e+02,9.738591e-01,5.843153e+00,8.348718e-02,NaN,9.999984e-01,1.644181e-06,2.427094e-11,3.050456e-16,9.704753e-21,1.568898e-23,1.843446e-23,3.191435e-24,2.916067e-21,1.302077e-25,1.052240e-25,1.285350e-24,8.748564e-22
4.5240,397,1.653000e+02,9.737837e-01,5.842701e+00,-2.205189e-01,NaN,9.999984e-01,1.647723e-06,2.442524e-11,3.062739e-16,9.765433e-21,1.573942e-23,1.849323e-23,3.204814e-24,2.926054e-21,1.305346e-25,1.056596e-25,1.290229e-24,8.791025e-22
4.5240,398,1.658000e+02,9.737084e-01,5.842249e+00,-1.333034e-01,NaN,9.999984e-01,1.635950e-06,2.450529e-11,3.060023e-16,9.785275e-21,1.580576e-23,1.854193e-23,3.214991e-24,2.932608e-21,1.310984e-25,1.059736e-25,1.292316e-24,8.834574e-22
4.5240,399,1.663000e+02,9.736316e-01,5.841788e+00,-6.695358e-02,NaN,9.999984e-01,1.621076e-06,2.431195e-11,3.065064e-16,9.783988e-21,1.585676e-23,1.860777e-23,3.224947e-24,2.941633e-21,1.318222e-25,1.065447e-25,1.297476e-24,8.869696e-22
4.5240,400,1.668000e+02,9.735560e-01,5.841334e+00,8.538038e-02,NaN,9.999983e-01,1.656341e-06,2.451900e-11,3.065564e-16,9.864715e-21,1.591040e-23,1.867123e-23,3.238857e-24,2.954423e-21,1.323278e-25,1.067698e-25,1.301164e-24,8.907527e-22
4.5240,401,1.673000e+02,9.734814e-01,5.840887e+00,-8.977006e-03,4.471142e-03,9.999984e-01,1.640161e-06,2.445803e-11,3.094253e-16,9.948220e-21,1.596572e-23,1.874857e-23,3.249012e-24,2.964721e-21,1.327979e-25,1.071289e-25,1.304564e-24,8.957061e-22
4.5240,402,1.678000e+02,9.734051e-01,5.840429e+00,2.111679e-01,NaN,9.999983e-01,1.677888e-06,2.455996e-11,3.084107e-16,9.987311e-21,1.602329e-23,1.880848e-23,3.263113e-24,2.977052e-21,1.331274e-25,1.074081e-25,1.306630e-24,8.991907e-22
4.5240,403,1.683000e+02,9.733290e-01,5.839973e+00,-1.471388e-01,NaN,9.999984e-01,1.615567e-06,2.454159e-11,3.085315e-16,9.999525e-21,1.611582e-23,1.887485e-23,3.270943e-24,2.992357e-21,1.337091e-25,1.078247e-25,1.311753e-24,9.026928e-22
4.5240,404,1.688000e+02,9.732519e-01,5.839510e+00,3.776192e-02,NaN,9.999984e-01,1.644079e-06,2.463818e-11,3.109417e-16,1.003159e-20,1.617366e-23,1.893820e-23,3.280449e-24,3.005029e-21,1.342680e-25,1.082336e-25,1.316962e-24,9.060237e-22
4.5240,405,1.693000e+02,9.731751e-01,5.839049e+00,1.838485e-01,NaN,9.999984e-01,1.629822e-06,2.470072e-11,3.101412e-16,1.007276e-20,1.623837e-23,1.901327e-23,3.291477e-24,3.018557e-21,1.349358e-25,1.086867e-25,1.320497e-24,9.092494e-22
4.5240,406,1.698000e+02,9.731001e-01,5.838599e+00,8.242553e-02,NaN,9.999984e-01,1.625953e-06,2.475630e-11,3.084268e-16,1.010822e-20,1.631355e-23,1.908202e-23,3.303403e-24,3.031068e-21,1.355620e-25,1.090802e-25,1.326203e-24,9.123417e-22
4.5240,407,1.703000e+02,9.730271e-01,5.838161e+00,6.022673e-02,NaN,9.999983e-01,1.652422e-06,2.477048e-11,3.115875e-16,1.012046e-20,1.635812e-23,1.913186e-23,3.313709e-24,3.041380e-21,1.360579e-25,1.094768e-25,1.329819e-24,9.159356e-22
4.5240,408,1.708000e+02,9.729538e-01,5.837721e+00,-1.434878e-02,NaN,9.999983e-01,1.663147e-06,2.486210e-11,3.132489e-16,1.018110e-20,1.644428e-23,1.919113e-23,3.329787e-24,3.053616e-21,1.364113e-25,1.097322e-25,1.335125e-24,9.204453e-22
4.5240,409,1.713000e+02,9.728793e-01,5.837274e+00,2.666389e-02,NaN,9.999984e-01,1.636301e-06,2.493868e-11,3.151979e-16,1.015945e-20,1.649995e-23,1.929350e-23,3.342233e-24,3.064521e-21,1.364320e-25,1.102029e-25,1.340818e-24,9.247666e-22
4.5240,410,1.718000e+02,9.728027e-01,5.836815e+00,-5.499542e-02,NaN,9.999984e-01,1.629004e-06,2.492506e-11,3.150694e-16,1.024297e-20,1.655142e-23,1.935628e-23,3.350835e-24,3.076181e-21,1.368749e-25,1.103738e-25,1.344667e-24,9.287523e-22
4.5240,411,1.723000e+02,9.727260e-01,5.836354e+00,-7.215416e-02,4.230897e-03,9.999984e-01,1.617886e-06,2.483335e-11,3.162978e-16,1.026860e-20,1.662987e-23,1.943670e-23,3.366581e-24,3.087672e-21,1.374677e-25,1.107812e-25,1.348891e-24,9.332420e-22
4.5240,412,1.728000e+02,9.726531e-01,5.835917e+00,-2.993129e-02,NaN,9.999984e-01,1.576343e-06,2.494480e-11,3.153615e-16,1.027620e-20,1.668061e-23,1.951769e-23,3.378533e-24,3.098246e-21,1.378059e-25,1.110279e-25,1.353346e-24,9.363693e-22
4.5240,413,1.733000e+02,9.725800e-01,5.835479e+00,1.338847e-01,NaN,9.999983e-01,1.651885e-06,2.505405e-11,3.176104e-16,1.032101e-20,1.675144e-23,1.957614e-23,3.389248e-24,3.109228e-21,1.375693e-25,1.114678e-25,1.356816e-24,9.404964e-22
4.5240,414,1.738000e+02,9.725055e-01,5.835031e+00,9.179761e-02,NaN,9.999984e-01,1.633687e-06,2.505938e-11,3.177816e-16,1.037997e-20,1.679234e-23,1.963075e-23,3.398108e-24,3.119670e-21,1.382550e-25,1.118899e-25,1.361333e-24,9.447740e-22
4.5240,415,1.743000e+02,9.724321e-01,5.834591e+00,6.777206e-02,NaN,9.999984e-01,1.619698e-06,2.501143e-11,3.172193e-16,1.041781e-20,1.686774e-23,1.969766e-23,3.408604e-24,3.130192e-21,1.387512e-25,1.122775e-25,1.367358e-24,9.494299e-22
4.5240,416,1.748000e+02,9.723574e-01,5.834143e+00,1.002413e-01,NaN,9.999984e-01,1.637407e-06,2.515715e-11,3.198355e-16,1.043217e-20,1.694359e-23,1.978612e-23,3.422617e-24,3.141038e-21,1.392424e-25,1.127531e-25,1.373279e-24,9.540715e-22
4.5240,417,1.753000e+02,9.722837e-01,5.833701e+00,1.230568e-01,NaN,9.999984e-01,1.628693e-06,2.516270e-11,3.185268e-16,1.052195e-20,1.700399e-23,1.987075e-23,3.436653e-24,3.154218e-21,1.398331e-25,1.130079e-25,1.376899e-24,9.580531e-22
4.5240,418,1.758000e+02,9.722098e-01,5.833257e+00,2.718640e-02,NaN,9.999984e-01,1.640959e-06,2.519166e-11,3.216971e-16,1.049949e-20,1.706566e-23,1.991503e-23,3.448280e-24,3.165859e-21,1.406853e-25,1.133592e-25,1.380773e-24,9.622770e-22
4.5240,419,1.763000e+02,9.721372e-01,5.832821e+00,-2.684914e-02,NaN,9.999984e-01,1.643076e-06,2.515046e-11,3.226768e-16,1.058332e-20,1.712936e-23,1.999100e-23,3.460766e-24,3.179974e-21,1.408579e-25,1.137092e-25,1.386510e-24,9.660099e-22
4.5240,420,1.768000e+02,9.720649e-01,5.832388e+00,-4.841115e-02,NaN,9.999984e-01,1.649396e-06,2.523466e-11,3.218391e-16,1.058066e-20,1.720854e-23,2.004811e-23,3.469314e-24,3.189611e-21,1.413276e-25,1.140335e-25,1.389546e-24,9.699883e-22
4.5240,421,1.773000e+02,9.719927e-01,5.831955e+00,2.116101e-02,4.849613e-03,9.999984e-01,1.620383e-06,2.527695e-11,3.232839e-16,1.061684e-20,1.726166e-23,2.011180e-23,3.477033e-24,3.200943e-21,1.421451e-25,1.144029e-25,1.393825e-24,9.736289e-22
4.5240,422,1.778000e+02,9.719204e-01,5.831521e+00,2.972435e-02,NaN,9.999984e-01,1.610608e-06,2.520039e-11,3.253347e-16,1.066923e-20,1.731375e-23,2.018155e-23,3.490709e-24,3.212806e-21,1.426130e-25,1.145885e-25,1.398735e-24,9.772887e-22
4.5240,423,1.783000e+02,9.718460e-01,5.831074e+00,-8.452679e-02,NaN,9.999984e-01,1.640896e-06,2.527568e-11,3.250772e-16,1.065102e-20,1.737738e-23,2.024968e-23,3.507172e-24,3.222465e-21,1.426487e-25,1.150313e-25,1.402764e-24,9.801954e-22
4.5240,424,1.788000e+02,9.717734e-01,5.830639e+00,-1.439948e-01,NaN,9.999984e-01,1.624330e-06,2.537098e-11,3.258687e-16,1.064575e-20,1.743025e-23,2.031118e-23,3.525665e-24,3.229678e-21,1.435729e-25,1.153695e-25,1.406598e-24,9.854975e-22
4.5240,425,1.793000e+02,9.717004e-01,5.830201e+00,-8.008509e-02,NaN,9.999984e-01,1.624409e-06,2.532619e-11,3.275529e-16,1.072902e-20,1.747844e-23,2.037860e-23,3.541022e-24,3.240678e-21,1.440845e-25,1.156057e-25,1.410857e-24,9.899833e-22
4.5240,426,1.798000e+02,9.716289e-01,5.829772e+00,-2.107786e-02,NaN,9.999984e-01,1.594168e-06,2.529468e-11,3.266544e-16,1.074131e-20,1.752272e-23,2.046121e-23,3.548479e-24,3.251720e-21,1.441096e-25,1.159762e-25,1.414523e-24,9.940524e-22
4.5240,427,1.803000e+02,9.715595e-01,5.829355e+00,9.542927e-02,NaN,9.999984e-01,1.622224e-06,2.555981e-11,3.272432e-16,1.076043e-20,1.756502e-23,2.053843e-23,3.562009e-24,3.262881e-21,1.450367e-25,1.164772e-25,1.419301e-24,9.973698e-22
4.5240,428,1.808000e+02,9.714879e-01,5.828926e+00,9.290449e-02,NaN,9.999984e-01,1.632672e-06,2.549908e-11,3.294255e-16,1.079824e-20,1.762581e-23,2.060857e-23,3.574098e-24,3.275329e-21,1.454255e-25,1.168456e-25,1.425332e-24,1.000928e-21
4.5240,429,1.813000e+02,9.714175e-01,5.828503e+00,1.428981e-02,NaN,9.999984e-01,1.615984e-06,2.563849e-11,3.315304e-16,1.085549e-20,1.765941e-23,2.068484e-23,3.584434e-24,3.284442e-21,1.460795e-25,1.171365e-25,1.429781e-24,1.004532e-21
4.5240,430,1.818000e+02,9.713447e-01,5.828067e+00,5.485783e-02,NaN,9.999984e-01,1.626672e-06,2.565427e-11,3.316374e-16,1.082608e-20,1.771384e-23,2.073738e-23,3.586942e-24,3.294206e-21,1.466758e-25,1.175250e-25,1.433071e-24,1.008015e-21
4.5240,431,1.823000e+02,9.712715e-01,5.827627e+00,-1.902832e-01,5.034741e-03,9.999984e-01,1.627711e-06,2.569294e-11,3.316144e-16,1.090859e-20,1.776132e-23,2.080945e-23,3.600258e-24,3.303062e-21,1.474421e-25,1.179722e-25,1.438712e-24,1.011963e-21
4.5240,432,1.828000e+02,9.711992e-01,5.827194e+00,-8.951481e-02,NaN,9.999984e-01,1.613738e-06,2.573234e-11,3.344886e-16,1.091227e-20,1.784149e-23,2.088078e-23,3.613616e-24,3.313937e-21,1.478658e-25,1.181009e-25,1.442323e-24,1.016123e-21
4.5240,433,1.833000e+02,9.711280e-01,5.826767e+00,2.473759e-02,NaN,9.999984e-01,1.611704e-06,2.577447e-11,3.337077e-16,1.093428e-20,1.789377e-23,2.096622e-23,3.625500e-24,3.326011e-21,1.482872e-25,1.185079e-25,1.445260e-24,1.020009e-21
4.5240,434,1.838000e+02,9.710579e-01,5.826346e+00,4.954671e-03,NaN,9.999984e-01,1.618550e-06,2.578261e-11,3.344363e-16,1.104610e-20,1.794583e-23,2.102953e-23,3.635669e-24,3.339301e-21,1.490513e-25,1.188022e-25,1.448873e-24,1.025329e-21
4.5240,435,1.843000e+02,9.709848e-01,5.825907e+00,1.498468e-01,NaN,9.999984e-01,1.604350e-06,2.581643e-11,3.333315e-16,1.104279e-20,1.801196e-23,2.106675e-23,3.651432e-24,3.348509e-21,1.490722e-25,1.193379e-25,1.454275e-24,1.028862e-21
4.5240,436,1.848000e+02,9.709127e-01,5.825474e+00,2.445431e-01,NaN,9.999984e-01,1.596556e-06,2.585072e-11,3.356984e-16,1.111416e-20,1.808416e-23,2.112776e-23,3.663197e-24,3.358726e-21,1.500219e-25,1.197042e-25,1.456913e-24,1.032159e-21
4.5240,437,1.853000e+02,9.708422e-01,5.825051e+00,-8.717012e-02,NaN,9.999984e-01,1.604564e-06,2.581287e-11,3.367059e-16,1.114169e-20,1.813621e-23,2.119859e-23,3.669835e-24,3.371623e-21,1.504303e-25,1.202134e-25,1.461215e-24,1.035175e-21
4.5240,438,1.858000e+02,9.707703e-01,5.824620e+00,7.347848e-03,NaN,9.999984e-01,1.643212e-06,2.603157e-11,3.359472e-16,1.116287e-20,1.818324e-23,2.126882e-23,3.680553e-24,3.383324e-21,1.507325e-25,1.206258e-25,1.466344e-24,1.038478e-21
4.5240,439,1.863000e+02,9.706993e-01,5.824194e+00,-1.052337e-01,NaN,9.999984e-01,1.614505e-06,2.595945e-11,3.362046e-16,1.120273e-20,1.823145e-23,2.133721e-23,3.688292e-24,3.397062e-21,1.519089e-25,1.209151e-25,1.468852e-24,1.042130e-21
4.5240,440,1.868000e+02,9.706283e-01,5.823768e+00,-1.065564e-01,NaN,9.999984e-01,1.621069e-06,2.609558e-11,3.387806e-16,1.126552e-20,1.829370e-23,2.140654e-23,3.702098e-24,3.408278e-21,1.520755e-25,1.212456e-25,1.474101e-24,1.045993e-21
4.5240,441,1.873000e+02,9.705556e-01,5.823332e+00,-1.209165e-01,4.828373e-03,9.999984e-01,1.629512e-06,2.613706e-11,3.389360e-16,1.133301e-20,1.834794e-23,2.146931e-23,3.711318e-24,3.418027e-21,1.523355e-25,1.216097e-25,1.478751e-24,1.049740e-21
4.5240,442,1.878000e+02,9.704828e-01,5.822896e+00,5.401953e-02,NaN,9.999984e-01,1.599447e-06,2.617676e-11,3.375076e-16,1.130422e-20,1.838134e-23,2.152940e-23,3.722205e-24,3.429524e-21,1.527749e-25,1.219478e-25,1.483516e-24,1.053275e-21
4.5240,443,1.883000e+02,9.704117e-01,5.822469e+00,4.739801e-02,NaN,9.999983e-01,1.654446e-06,2.614663e-11,3.408205e-16,1.138729e-20,1.842923e-23,2.159556e-23,3.730854e-24,3.442538e-21,1.535574e-25,1.224714e-25,1.488418e-24,1.056712e-21
4.5240,444,1.888000e+02,9.703388e-01,5.822031e+00,6.524130e-02,NaN,9.999984e-01,1.644082e-06,2.624273e-11,3.413113e-16,1.142689e-20,1.847090e-23,2.164756e-23,3.746134e-24,3.453730e-21,1.544896e-25,1.227553e-25,1.493615e-24,1.059852e-21
4.5240,445,1.893000e+02,9.702675e-01,5.821603e+00,-5.823706e-02,NaN,9.999984e-01,1.575797e-06,2.618719e-11,3.413876e-16,1.145862e-20,1.853270e-23,2.175007e-23,3.759330e-24,3.468401e-21,1.545231e-25,1.231056e-25,1.496059e-24,1.063483e-21
4.5240,446,1.898000e+02,9.702003e-01,5.821200e+00,-2.641526e-01,NaN,9.999984e-01,1.597751e-06,2.610174e-11,3.415379e-16,1.149360e-20,1.856327e-23,2.178417e-23,3.772685e-24,3.481359e-21,1.548031e-25,1.233219e-25,1.501330e-24,1.067265e-21
4.5240,447,1.903000e+02,9.701293e-01,5.820774e+00,-2.065047e-02,NaN,9.999984e-01,1.633662e-06,2.626831e-11,3.434790e-16,1.154810e-20,1.863938e-23,2.187785e-23,3.781351e-24,3.495503e-21,1.557419e-25,1.237299e-25,1.507182e-24,1.071501e-21
4.5240,448,1.908000e+02,9.700602e-01,5.820359e+00,-2.257853e-03,NaN,9.999984e-01,1.600488e-06,2.617076e-11,3.416491e-16,1.155345e-20,1.872360e-23,2.195718e-23,3.790629e-24,3.511483e-21,1.563457e-25,1.238713e-25,1.511460e-24,1.075190e-21
4.5240,449,1.913000e+02,9.699917e-01,5.819949e+00,-1.304162e-01,NaN,9.999984e-01,1.618230e-06,2.627065e-11,3.453187e-16,1.157397e-20,1.879051e-23,2.202329e-23,3.808815e-24,3.526114e-21,1.560247e-25,1.241756e-25,1.515567e-24,1.079388e-21
4.5240,450,1.918000e+02,9.699200e-01,5.819518e+00,1.327623e-01,NaN,9.999984e-01,1.611323e-06,2.639335e-11,3.466153e-16,1.164212e-20,1.884592e-23,2.211065e-23,3.824605e-24,3.541480e-21,1.572648e-25,1.244235e-25,1.520345e-24,1.082482e-21
4.5240,451,1.923000e+02,9.698502e-01,5.819100e+00,-3.578926e-02,4.889288e-03,9.999984e-01,1.592826e-06,2.634981e-11,3.437502e-16,1.166546e-20,1.892352e-23,2.215091e-23,3.836441e-24,3.555643e-21,1.572474e-25,1.248471e-25,1.524034e-24,1.086799e-21
4.5240,452,1.928000e+02,9.697808e-01,5.818683e+00,-2.538848e-02,NaN,9.999984e-01,1.593553e-06,2.639519e-11,3.481146e-16,1.169828e-20,1.898116e-23,2.221664e-23,3.851648e-24,3.567014e-21,1.579352e-25,1.251489e-25,1.529188e-24,1.091068e-21
4.5240,453,1.933000e+02,9.697088e-01,5.818251e+00,6.065316e-02,NaN,9.999984e-01,1.603769e-06,2.648525e-11,3.473585e-16,1.171237e-20,1.904273e-23,2.227411e-23,3.862639e-24,3.580140e-21,1.586031e-25,1.255480e-25,1.535465e-24,1.095031e-21
4.5240,454,1.938000e+02,9.696410e-01,5.817844e+00,-1.511310e-01,NaN,9.999984e-01,1.576095e-06,2.652906e-11,3.506558e-16,1.174466e-20,1.907527e-23,2.231202e-23,3.879378e-24,3.591772e-21,1.590268e-25,1.258816e-25,1.537935e-24,1.099675e-21
4.5240,455,1.943000e+02,9.695714e-01,5.817427e+00,-5.060529e-02,NaN,9.999984e-01,1.629071e-06,2.659656e-11,3.496506e-16,1.180922e-20,1.914236e-23,2.236979e-23,3.894973e-24,3.602518e-21,1.597632e-25,1.263359e-25,1.542582e-24,1.103040e-21
4.5240,456,1.948000e+02,9.695021e-01,5.817011e+00,1.160016e-01,NaN,9.999984e-01,1.573506e-06,2.660579e-11,3.500513e-16,1.186116e-20,1.922304e-23,2.242820e-23,3.906310e-24,3.613918e-21,1.601447e-25,1.264919e-25,1.545695e-24,1.106433e-21
4.5240,457,1.953000e+02,9.694359e-01,5.816614e+00,-7.207223e-02,NaN,9.999984e-01,1.576802e-06,2.663056e-11,3.498401e-16,1.191392e-20,1.926618e-23,2.251127e-23,3.919469e-24,3.625991e-21,1.605072e-25,1.270396e-25,1.551620e-24,1.110301e-21
4.5240,458,1.958000e+02,9.693666e-01,5.816198e+00,5.463211e-02,NaN,9.999984e-01,1.577807e-06,2.672894e-11,3.528233e-16,1.193499e-20,1.934913e-23,2.261244e-23,3.926259e-24,3.639305e-21,1.611336e-25,1.273769e-25,1.556549e-24,1.113618e-21
4.5240,459,1.963000e+02,9.692984e-01,5.815789e+00,4.182437e-03,NaN,9.999984e-01,1.586628e-06,2.675453e-11,3.515731e-16,1.194498e-20,1.941192e-23,2.269046e-23,3.938674e-24,3.653467e-21,1.613563e-25,1.276981e-25,1.560651e-24,1.116942e-21
4.5240,460,1.968000e+02,9.692298e-01,5.815377e+00,-2.938022e-02,NaN,9.999984e-01,1.593147e-06,2.672393e-11,3.514106e-16,1.194862e-20,1.946549e-23,2.279012e-23,3.955802e-24,3.664860e-21,1.612410e-25,1.281187e-25,1.563403e-24,1.120873e-21
4.5240,461,1.973000e+02,9.691612e-01,5.814965e+00,-3.451348e-02,4.152648e-03,9.999984e-01,1.577997e-06,2.683740e-11,3.529140e-16,1.199929e-20,1.951951e-23,2.286865e-23,3.961985e-24,3.677660e-21,1.625512e-25,1.285321e-25,1.568387e-24,1.124948e-21
4.5240,462,1.978000e+02,9.690952e-01,5.814570e+00,-9.630013e-02,NaN,9.999984e-01,1.572323e-06,2.668366e-11,3.532176e-16,1.212984e-20,1.959930e-23,2.294506e-23,3.979618e-24,3.690340e-21,1.632103e-25,1.288533e-25,1.572420e-24,1.127557e-21
4.5240,463,1.983000e+02,9.690270e-01,5.814160e+00,2.390325e-01,NaN,9.999984e-01,1.613805e-06,2.686917e-11,3.552747e-16,1.209992e-20,1.965363e-23,2.301110e-23,3.988037e-24,3.703696e-21,1.638141e-25,1.291323e-25,1.577334e-24,1.131186e-21
4.5240,464,1.988000e+02,9.689584e-01,5.813749e+00,5.786349e-02,NaN,9.999984e-01,1.589040e-06,2.678042e-11,3.537001e-16,1.215695e-20,1.969676e-23,2.307429e-23,3.998052e-24,3.714967e-21,1.642122e-25,1.296467e-25,1.581203e-24,1.135322e-21
4.5240,465,1.993000e+02,9.688904e-01,5.813341e+00,-2.691306e-02,NaN,9.999984e-01,1.602298e-06,2.686523e-11,3.561335e-16,1.221192e-20,1.978578e-23,2.311664e-23,4.010533e-24,3.727615e-21,1.648859e-25,1.299862e-25,1.584889e-24,1.138712e-21
4.5240,466,1.998000e+02,9.688194e-01,5.812915e+00,9.763563e-03,NaN,9.999984e-01,1.611923e-06,2.692841e-11,3.568523e-16,1.224033e-20,1.983087e-23,2.320514e-23,4.020516e-24,3.738424e-21,1.645706e-25,1.305233e-25,1.589787e-24,1.142577e-21
4.5240,467,2.003000e+02,9.687500e-01,5.812499e+00,1.133064e-01,NaN,9.999984e-01,1.552585e-06,2.684274e-11,3.579333e-16,1.226798e-20,1.989036e-23,2.329155e-23,4.034650e-24,3.750054e-21,1.653529e-25,1.308676e-25,1.594764e-24,1.145659e-21
4.5240,468,2.008000e+02,9.686811e-01,5.812085e+00,1.224764e-01,NaN,9.999984e-01,1.592061e-06,2.698003e-11,3.571179e-16,1.228621e-20,1.993890e-23,2.336438e-23,4.047232e-24,3.759537e-21,1.658656e-25,1.311322e-25,1.598131e-24,1.149923e-21
4.5240,469,2.013000e+02,9.686132e-01,5.811678e+00,2.602778e-01,NaN,9.999984e-01,1.591311e-06,2.721601e-11,3.582897e-16,1.233095e-20,2.000183e-23,2.342999e-23,4.058472e-24,3.769595e-21,1.658849e-25,1.315377e-25,1.603635e-24,1.154925e-21
4.5240,470,2.018000e+02,9.685462e-01,5.811276e+00,6.427482e-02,NaN,9.999984e-01,1.584324e-06,2.712476e-11,3.591102e-16,1.240776e-20,2.004786e-23,2.348720e-23,4.070256e-24,3.780831e-21,1.661090e-25,1.319481e-25,1.608331e-24,1.158442e-21
4.5240,471,2.023000e+02,9.684771e-01,5.810861e+00,-1.542525e-02,5.670893e-03,9.999984e-01,1.611198e-06,2.729070e-11,3.601031e-16,1.245302e-20,2.008245e-23,2.355893e-23,4.078673e-24,3.795344e-21,1.667557e-25,1.323859e-25,1.613003e-24,1.161821e-21
4.5240,472,2.028000e+02,9.684070e-01,5.810440e+00,5.453539e-02,NaN,9.999984e-01,1.598364e-06,2.726019e-11,3.618220e-16,1.244814e-20,2.013547e-23,2.364632e-23,4.091971e-24,3.809397e-21,1.674706e-25,1.329239e-25,1.616729e-24,1.165833e-21
4.5240,473,2.033000e+02,9.683385e-01,5.810029e+00,-8.426717e-02,NaN,9.999985e-01,1.549184e-06,2.733772e-11,3.598248e-16,1.249770e-20,2.021381e-23,2.374634e-23,4.101194e-24,3.820801e-21,1.682656e-25,1.334481e-25,1.621236e-24,1.169579e-21
4.5240,474,2.038000e+02,9.682726e-01,5.809634e+00,-1.707215e-01,NaN,9.999984e-01,1.601793e-06,2.743824e-11,3.605550e-16,1.247048e-20,2.024746e-23,2.385140e-23,4.111541e-24,3.831667e-21,1.684463e-25,1.338018e-25,1.625955e-24,1.172823e-21
4.5240,475,2.043000e+02,9.682074e-01,5.809243e+00,1.636264e-01,NaN,9.999984e-01,1.553338e-06,2.734752e-11,3.623114e-16,1.253585e-20,2.029550e-23,2.392248e-23,4.121446e-24,3.844484e-21,1.685181e-25,1.342270e-25,1.629319e-24,1.175677e-21
4.5240,476,2.048000e+02,9.681437e-01,5.808861e+00,-9.650390e-02,NaN,9.999984e-01,1.590032e-06,2.747238e-11,3.620214e-16,1.255335e-20,2.036436e-23,2.398003e-23,4.134611e-24,3.857420e-21,1.695479e-25,1.345699e-25,1.633846e-24,1.180240e-21
4.5240,477,2.053000e+02,9.680754e-01,5.808451e+00,-6.490400e-02,NaN,9.999984e-01,1.592897e-06,2.742847e-11,3.636048e-16,1.258820e-20,2.042894e-23,2.405950e-23,4.146014e-24,3.868198e-21,1.702516e-25,1.349813e-25,1.636790e-24,1.184169e-21
4.5240,478,2.058000e+02,9.680067e-01,5.808039e+00,-1.178394e-01,NaN,9.999984e-01,1.572789e-06,2.746469e-11,3.629573e-16,1.265021e-20,2.049439e-23,2.410245e-23,4.161813e-24,3.878848e-21,1.708469e-25,1.354262e-25,1.642985e-24,1.189056e-21
4.5240,479,2.063000e+02,9.679397e-01,5.807637e+00,-1.554905e-01,NaN,9.999984e-01,1.572740e-06,2.742561e-11,3.652960e-16,1.268547e-20,2.056149e-23,2.418231e-23,4.174275e-24,3.889278e-21,1.711396e-25,1.357418e-25,1.648230e-24,1.193123e-21
4.5240,480,2.068000e+02,9.678692e-01,5.807214e+00,1.372649e-01,NaN,9.999984e-01,1.605287e-06,2.761834e-11,3.666865e-16,1.269917e-20,2.061225e-23,2.424994e-23,4.185200e-24,3.903165e-21,1.721971e-25,1.361334e-25,1.653737e-24,1.195948e-21
4.5240,481,2.073000e+02,9.678025e-01,5.806813e+00,3.809544e-02,4.763894e-03,9.999984e-01,1.554162e-06,2.744625e-11,3.670727e-16,1.272671e-20,2.068935e-23,2.432434e-23,4.198922e-24,3.916073e-21,1.719557e-25,1.365505e-25,1.658796e-24,1.199689e-21
4.5240,482,2.078000e+02,9.677369e-01,5.806420e+00,1.193405e-02,NaN,9.999984e-01,1.582422e-06,2.759093e-11,3.666934e-16,1.277946e-20,2.078434e-23,2.438580e-23,4.205069e-24,3.927381e-21,1.725106e-25,1.369460e-25,1.662587e-24,1.202359e-21
4.5240,483,2.083000e+02,9.676699e-01,5.806018e+00,1.064804e-01,NaN,9.999985e-01,1.543293e-06,2.744452e-11,3.677850e-16,1.276609e-20,2.083104e-23,2.443529e-23,4.214743e-24,3.937284e-21,1.728910e-25,1.371515e-25,1.668119e-24,1.206192e-21
4.5240,484,2.088000e+02,9.676053e-01,5.805631e+00,-9.297912e-02,NaN,9.999984e-01,1.569552e-06,2.775934e-11,3.682666e-16,1.279651e-20,2.088766e-23,2.447412e-23,4.226514e-24,3.949717e-21,1.737751e-25,1.374880e-25,1.673919e-24,1.210237e-21
4.5240,485,2.093000e+02,9.675378e-01,5.805225e+00,1.037996e-01,NaN,9.999984e-01,1.561402e-06,2.770258e-11,3.696386e-16,1.290978e-20,2.094870e-23,2.452184e-23,4.238041e-24,3.959521e-21,1.745490e-25,1.377976e-25,1.678675e-24,1.214844e-21
4.5240,486,2.098000e+02,9.674706e-01,5.804822e+00,1.983419e-02,NaN,9.999984e-01,1.556501e-06,2.765922e-11,3.691296e-16,1.291729e-20,2.099094e-23,2.458459e-23,4.247622e-24,3.966218e-21,1.745130e-25,1.382591e-25,1.683446e-24,1.220580e-21
4.5240,487,2.103000e+02,9.674039e-01,5.804422e+00,5.890224e-02,NaN,9.999984e-01,1.570206e-06,2.779037e-11,3.716716e-16,1.295110e-20,2.104945e-23,2.466810e-23,4.265004e-24,3.975747e-21,1.754025e-25,1.384534e-25,1.687755e-24,1.225935e-21
4.5240,488,2.108000e+02,9.673371e-01,5.804021e+00,8.355015e-02,NaN,9.999984e-01,1.592723e-06,2.771576e-11,3.732188e-16,1.298344e-20,2.110949e-23,2.477090e-23,4.282894e-24,3.988155e-21,1.763347e-25,1.386254e-25,1.692063e-24,1.229919e-21
4.5240,489,2.113000e+02,9.672723e-01,5.803632e+00,8.777646e-02,NaN,9.999984e-01,1.566010e-06,2.772737e-11,3.706156e-16,1.300586e-20,2.116079e-23,2.484376e-23,4.292489e-24,3.998985e-21,1.765420e-25,1.387456e-25,1.697487e-24,1.233596e-21
4.5240,490,2.118000e+02,9.672066e-01,5.803238e+00,7.068794e-03,NaN,9.999984e-01,1.582253e-06,2.775472e-11,3.722671e-16,1.309393e-20,2.123565e-23,2.491045e-23,4.303954e-24,4.008733e-21,1.765124e-25,1.391720e-25,1.700508e-24,1.237656e-21
4.5240,491,2.123000e+02,9.671400e-01,5.802839e+00,1.017211e-01,4.704745e-03,9.999984e-01,1.588197e-06,2.781626e-11,3.745054e-16,1.309183e-20,2.131879e-23,2.500456e-23,4.311065e-24,4.020798e-21,1.776645e-25,1.395104e-25,1.704073e-24,1.242474e-21
4.5240,492,2.128000e+02,9.670745e-01,5.802445e+00,2.263620e-02,NaN,9.999985e-01,1.540181e-06,2.788499e-11,3.756574e-16,1.314486e-20,2.136619e-23,2.505809e-23,4.325085e-24,4.036743e-21,1.784065e-25,1.396863e-25,1.709463e-24,1.247131e-21
4.5240,493,2.133000e+02,9.670096e-01,5.802056e+00,4.120233e-02,NaN,9.999984e-01,1.581328e-06,2.805061e-11,3.737284e-16,1.313664e-20,2.140900e-23,2.512947e-23,4.339894e-24,4.048318e-21,1.790243e-25,1.401178e-25,1.714304e-24,1.250428e-21
4.5240,494,2.138000e+02,9.669454e-01,5.801671e+00,1.032549e-02,NaN,9.999985e-01,1.533761e-06,2.785294e-11,3.755385e-16,1.320278e-20,2.149038e-23,2.519109e-23,4.356163e-24,4.060642e-21,1.794836e-25,1.404704e-25,1.720197e-24,1.252619e-21
4.5240,495,2.143000e+02,9.668815e-01,5.801287e+00,1.107102e-01,NaN,9.999984e-01,1.568978e-06,2.794978e-11,3.761587e-16,1.328171e-20,2.156854e-23,2.530553e-23,4.363241e-24,4.075538e-21,1.801222e-25,1.408492e-25,1.724312e-24,1.255673e-21
4.5240,496,2.148000e+02,9.668154e-01,5.800891e+00,2.071236e-01,NaN,9.999984e-01,1.604811e-06,2.812705e-11,3.779777e-16,1.336523e-20,2.165968e-23,2.534533e-23,4.377323e-24,4.090144e-21,1.806132e-25,1.411800e-25,1.728595e-24,1.260006e-21
4.5240,497,2.153000e+02,9.667491e-01,5.800493e+00,2.416510e-02,NaN,9.999984e-01,1.587759e-06,2.818887e-11,3.788137e-16,1.337180e-20,2.172272e-23,2.536779e-23,4.385181e-24,4.106834e-21,1.808251e-25,1.414618e-25,1.732496e-24,1.264465e-21
4.5240,498,2.158000e+02,9.666838e-01,5.800101e+00,-5.985214e-02,NaN,9.999984e-01,1.555728e-06,2.806535e-11,3.772309e-16,1.340198e-20,2.176525e-23,2.544021e-23,4.394612e-24,4.121065e-21,1.820486e-25,1.418685e-25,1.735923e-24,1.268490e-21
4.5240,499,2.163000e+02,9.666190e-01,5.799712e+00,-1.062544e-01,NaN,9.999984e-01,1.571583e-06,2.814152e-11,3.792765e-16,1.345452e-20,2.181070e-23,2.550177e-23,4.407868e-24,4.134717e-21,1.821828e-25,1.420996e-25,1.739958e-24,1.272909e-21
4.5240,500,2.168000e+02,9.665521e-01,5.799311e+00,1.096686e-01,NaN,9.999984e-01,1.602566e-06,2.828281e-11,3.810589e-16,1.349939e-20,2.185643e-23,2.553407e-23,4.422264e-24,4.150700e-21,1.829502e-25,1.425332e-25,1.742793e-24,1.276364e-21
4.5240,501,2.173000e+02,9.664868e-01,5.798919e+00,2.045329e-01,4.235324e-03,9.999985e-01,1.539722e-06,2.810132e-11,3.799049e-16,1.346050e-20,2.191480e-23,2.559866e-23,4.439748e-24,4.163969e-21,1.835073e-25,1.428333e-25,1.748292e-24,1.281391e-21
4.5240,502,2.178000e+02,9.664212e-01,5.798526e+00,5.116603e-02,NaN,9.999984e-01,1.551319e-06,2.819817e-11,3.822735e-16,1.352966e-20,2.198917e-23,2.565189e-23,4.444218e-24,4.178394e-21,1.847797e-25,1.431250e-25,1.751265e-24,1.285237e-21
4.5240,503,2.183000e+02,9.663560e-01,5.798135e+00,9.751033e-02,NaN,9.999984e-01,1.560981e-06,2.820904e-11,3.837268e-16,1.357858e-20,2.205739e-23,2.568699e-23,4.457929e-24,4.190993e-21,1.849426e-25,1.434368e-25,1.755040e-24,1.288441e-21
4.5240,504,2.188000e+02,9.662916e-01,5.797748e+00,5.695907e-02,NaN,9.999985e-01,1.548899e-06,2.830387e-11,3.825935e-16,1.363393e-20,2.212593e-23,2.574709e-23,4.472831e-24,4.203686e-21,1.851306e-25,1.439172e-25,1.761635e-24,1.292973e-21
4.5240,505,2.193000e+02,9.662276e-01,5.797364e+00,2.733503e-02,NaN,9.999984e-01,1.572499e-06,2.848823e-11,3.851341e-16,1.366626e-20,2.218689e-23,2.583531e-23,4.487616e-24,4.219616e-21,1.861397e-25,1.442406e-25,1.765005e-24,1.298523e-21
4.5240,506,2.198000e+02,9.661637e-01,5.796981e+00,1.272828e-01,NaN,9.999984e-01,1.559731e-06,2.834665e-11,3.844509e-16,1.374281e-20,2.224739e-23,2.591036e-23,4.501102e-24,4.238074e-21,1.865904e-25,1.445609e-25,1.768108e-24,1.303816e-21
4.5240,507,2.203000e+02,9.660995e-01,5.796596e+00,2.187706e-03,NaN,9.999984e-01,1.584058e-06,2.837962e-11,3.856561e-16,1.373743e-20,2.231012e-23,2.594061e-23,4.509991e-24,4.252458e-21,1.865108e-25,1.449759e-25,1.772436e-24,1.308001e-21
4.5240,508,2.208000e+02,9.660349e-01,5.796208e+00,-4.033318e-02,NaN,9.999985e-01,1.535429e-06,2.825350e-11,3.859294e-16,1.367726e-20,2.234860e-23,2.601427e-23,4.529766e-24,4.268598e-21,1.877408e-25,1.453389e-25,1.778692e-24,1.312382e-21
4.5240,509,2.213000e+02,9.659719e-01,5.795830e+00,-1.943875e-01,NaN,9.999985e-01,1.547486e-06,2.846755e-11,3.864523e-16,1.372872e-20,2.239557e-23,2.608763e-23,4.542295e-24,4.285513e-21,1.887576e-25,1.456886e-25,1.784715e-24,1.316238e-21
4.5240,510,2.218000e+02,9.659060e-01,5.795434e+00,1.491622e-01,NaN,9.999984e-01,1.562617e-06,2.856361e-11,3.859342e-16,1.380293e-20,2.249528e-23,2.617777e-23,4.553083e-24,4.297146e-21,1.890417e-25,1.459500e-25,1.790704e-24,1.319424e-21
4.5240,511,2.223000e+02,9.658425e-01,5.795053e+00,1.315419e-01,4.352464e-03,9.999985e-01,1.523249e-06,2.836996e-11,3.848480e-16,1.382499e-20,2.253178e-23,2.624461e-23,4.562165e-24,4.310961e-21,1.899153e-25,1.463480e-25,1.793639e-24,1.323840e-21
4.5240,512,2.228000e+02,9.657797e-01,5.794677e+00,1.319297e-01,NaN,9.999985e-01,1.528376e-06,2.849379e-11,3.892001e-16,1.388064e-20,2.259264e-23,2.632595e-23,4.573180e-24,4.326999e-21,1.906580e-25,1.465335e-25,1.799144e-24,1.325535e-21
4.5240,513,2.233000e+02,9.657155e-01,5.794291e+00,2.214545e-01,NaN,9.999984e-01,1.568181e-06,2.856759e-11,3.898568e-16,1.393697e-20,2.265420e-23,2.636082e-23,4.582899e-24,4.339909e-21,1.911382e-25,1.467665e-25,1.805562e-24,1.327082e-21
4.5240,514,2.238000e+02,9.656512e-01,5.793906e+00,1.981325e-01,NaN,9.999984e-01,1.566420e-06,2.863084e-11,3.912068e-16,1.403556e-20,2.272568e-23,2.644360e-23,4.594437e-24,4.352717e-21,1.918335e-25,1.471105e-25,1.810433e-24,1.330951e-21
4.5240,515,2.243000e+02,9.655874e-01,5.793523e+00,-3.407851e-02,NaN,9.999985e-01,1.548987e-06,2.863089e-11,3.921933e-16,1.399353e-20,2.276978e-23,2.651720e-23,4.609758e-24,4.361927e-21,1.919057e-25,1.475359e-25,1.815697e-24,1.334880e-21
4.5240,516,2.248000e+02,9.655249e-01,5.793148e+00,1.862252e-01,NaN,9.999985e-01,1.539915e-06,2.862493e-11,3.885665e-16,1.401752e-20,2.286126e-23,2.660637e-23,4.626710e-24,4.373143e-21,1.927036e-25,1.479432e-25,1.820625e-24,1.338243e-21
4.5240,517,2.253000e+02,9.654618e-01,5.792769e+00,7.281824e-02,NaN,9.999985e-01,1.547199e-06,2.869840e-11,3.905479e-16,1.406255e-20,2.293039e-23,2.666531e-23,4.634470e-24,4.392370e-21,1.933171e-25,1.482381e-25,1.825886e-24,1.342566e-21
4.5240,518,2.258000e+02,9.653988e-01,5.792392e+00,7.506604e-02,NaN,9.999985e-01,1.532958e-06,2.874556e-11,3.927074e-16,1.412297e-20,2.296038e-23,2.672471e-23,4.645136e-24,4.405067e-21,1.937426e-25,1.485224e-25,1.829387e-24,1.347216e-21
4.5240,519,2.263000e+02,9.653352e-01,5.792010e+00,-2.536969e-01,NaN,9.999984e-01,1.578386e-06,2.884365e-11,3.934245e-16,1.415664e-20,2.299379e-23,2.679533e-23,4.655915e-24,4.418348e-21,1.940923e-25,1.489309e-25,1.830673e-24,1.349749e-21
4.5240,520,2.268000e+02,9.652717e-01,5.791629e+00,-2.334717e-01,NaN,9.999985e-01,1.532990e-06,2.883834e-11,3.922232e-16,1.425927e-20,2.305442e-23,2.685609e-23,4.664008e-24,4.432406e-21,1.953230e-25,1.491798e-25,1.836519e-24,1.353672e-21
4.5240,521,2.273000e+02,9.652109e-01,5.791264e+00,1.459823e-01,4.903466e-03,9.999985e-01,1.529766e-06,2.890633e-11,3.928634e-16,1.426768e-20,2.312869e-23,2.694648e-23,4.679408e-24,4.450965e-21,1.957047e-25,1.494274e-25,1.840928e-24,1.358938e-21
4.5240,522,2.278000e+02,9.651475e-01,5.790883e+00,4.884405e-02,NaN,9.999984e-01,1.616132e-06,2.892151e-11,3.961545e-16,1.428694e-20,2.320090e-23,2.701489e-23,4.691649e-24,4.468390e-21,1.958372e-25,1.497620e-25,1.845115e-24,1.360891e-21
4.5240,523,2.283000e+02,9.650835e-01,5.790500e+00,-7.675042e-02,NaN,9.999984e-01,1.556749e-06,2.896735e-11,3.958686e-16,1.432139e-20,2.325721e-23,2.705515e-23,4.700421e-24,4.482064e-21,1.967076e-25,1.500161e-25,1.847136e-24,1.362975e-21
4.5240,524,2.288000e+02,9.650217e-01,5.790128e+00,1.060251e-01,NaN,9.999984e-01,1.565262e-06,2.906315e-11,3.974987e-16,1.431098e-20,2.331053e-23,2.714813e-23,4.708609e-24,4.499924e-21,1.972701e-25,1.504811e-25,1.853508e-24,1.367599e-21
4.5240,525,2.293000e+02,9.649581e-01,5.789747e+00,2.100747e-01,NaN,9.999985e-01,1.529072e-06,2.895601e-11,3.957958e-16,1.442412e-20,2.337168e-23,2.725284e-23,4.720502e-24,4.515990e-21,1.982329e-25,1.506747e-25,1.857899e-24,1.370479e-21
4.5240,526,2.298000e+02,9.648973e-01,5.789382e+00,-9.378125e-02,NaN,9.999985e-01,1.535757e-06,2.896221e-11,3.997172e-16,1.441631e-20,2.341581e-23,2.735079e-23,4.735368e-24,4.528496e-21,1.986220e-25,1.511576e-25,1.863377e-24,1.373846e-21
4.5240,527,2.303000e+02,9.648356e-01,5.789012e+00,4.315088e-02,NaN,9.999985e-01,1.546802e-06,2.902113e-11,4.019838e-16,1.447778e-20,2.349794e-23,2.743271e-23,4.744856e-24,4.544044e-21,2.000031e-25,1.516040e-25,1.865606e-24,1.378173e-21
4.5240,528,2.308000e+02,9.647730e-01,5.788636e+00,6.965082e-02,NaN,9.999984e-01,1.551710e-06,2.924488e-11,4.025637e-16,1.455828e-20,2.356075e-23,2.746813e-23,4.757070e-24,4.558278e-21,1.996525e-25,1.520050e-25,1.869482e-24,1.383598e-21
4.5240,529,2.313000e+02,9.647098e-01,5.788258e+00,1.015311e-01,NaN,9.999984e-01,1.562029e-06,2.910582e-11,4.017855e-16,1.455679e-20,2.361705e-23,2.755405e-23,4.765998e-24,4.571008e-21,2.003917e-25,1.522937e-25,1.876071e-24,1.388382e-21
4.5240,530,2.318000e+02,9.646457e-01,5.787873e+00,1.255606e-02,NaN,9.999984e-01,1.559183e-06,2.915082e-11,4.044021e-16,1.462588e-20,2.367582e-23,2.759385e-23,4.783790e-24,4.583806e-21,2.012584e-25,1.526626e-25,1.880332e-24,1.392011e-21
4.5240,531,2.323000e+02,9.645828e-01,5.787495e+00,1.687829e-01,5.485996e-03,9.999984e-01,1.558297e-06,2.917101e-11,4.037714e-16,1.474073e-20,2.375938e-23,2.767486e-23,4.800783e-24,4.593463e-21,2.018853e-25,1.530617e-25,1.883136e-24,1.396712e-21
4.5240,532,2.328000e+02,9.645200e-01,5.787118e+00,6.770010e-02,NaN,9.999985e-01,1.543230e-06,2.914047e-11,4.045073e-16,1.469909e-20,2.379918e-23,2.774918e-23,4.807216e-24,4.605592e-21,2.019850e-25,1.534628e-25,1.887840e-24,1.400813e-21
4.5240,533,2.333000e+02,9.644589e-01,5.786752e+00,-3.291936e-01,NaN,9.999985e-01,1.545622e-06,2.932162e-11,4.058048e-16,1.474361e-20,2.386915e-23,2.784658e-23,4.819241e-24,4.621901e-21,2.022956e-25,1.537756e-25,1.894311e-24,1.404916e-21
4.5240,534,2.338000e+02,9.643971e-01,5.786381e+00,-1.258939e-01,NaN,9.999984e-01,1.550353e-06,2.926179e-11,4.043328e-16,1.476869e-20,2.389867e-23,2.790574e-23,4.833633e-24,4.639805e-21,2.034683e-25,1.542555e-25,1.897229e-24,1.408121e-21
4.5240,535,2.343000e+02,9.643339e-01,5.786002e+00,-1.413705e-01,NaN,9.999984e-01,1.550913e-06,2.936144e-11,4.081283e-16,1.479353e-20,2.399125e-23,2.798374e-23,4.840802e-24,4.655361e-21,2.032387e-25,1.545073e-25,1.902028e-24,1.411383e-21
4.5240,536,2.348000e+02,9.642721e-01,5.785631e+00,-2.360651e-01,NaN,9.999985e-01,1.544732e-06,2.944164e-11,4.082043e-16,1.488187e-20,2.402820e-23,2.806350e-23,4.856876e-24,4.666672e-21,2.041217e-25,1.549256e-25,1.908099e-24,1.414908e-21
4.5240,537,2.353000e+02,9.642098e-01,5.785257e+00,-1.294310e-01,NaN,9.999985e-01,1.545533e-06,2.942837e-11,4.095285e-16,1.487688e-20,2.410054e-23,2.814267e-23,4.869096e-24,4.677528e-21,2.047889e-25,1.552190e-25,1.913226e-24,1.418619e-21
4.5240,538,2.358000e+02,9.641474e-01,5.784883e+00,-1.536359e-01,NaN,9.999984e-01,1.557625e-06,2.949916e-11,4.107676e-16,1.495787e-20,2.416997e-23,2.822293e-23,4.882831e-24,4.688776e-21,2.054520e-25,1.556042e-25,1.918700e-24,1.421267e-21
4.5240,539,2.363000e+02,9.640830e-01,5.784497e+00,-1.658685e-01,NaN,9.999984e-01,1.572161e-06,2.960352e-11,4.121767e-16,1.498099e-20,2.422249e-23,2.830462e-23,4.890453e-24,4.699490e-21,2.056310e-25,1.558799e-25,1.922362e-24,1.425855e-21
4.5240,540,2.368000e+02,9.640206e-01,5.784122e+00,1.235332e-01,NaN,9.999985e-01,1.534252e-06,2.960366e-11,4.109068e-16,1.500911e-20,2.428487e-23,2.839040e-23,4.902283e-24,4.706626e-21,2.059911e-25,1.563262e-25,1.928471e-24,1.429091e-21
4.5240,541,2.373000e+02,9.639603e-01,5.783761e+00,2.058257e-01,4.094912e-03,9.999985e-01,1.516295e-06,2.949387e-11,4.128486e-16,1.498661e-20,2.435082e-23,2.845470e-23,4.920750e-24,4.719020e-21,2.071392e-25,1.566399e-25,1.934867e-24,1.432244e-21
4.5240,542,2.378000e+02,9.639015e-01,5.783407e+00,2.349887e-01,NaN,9.999985e-01,1.530463e-06,2.957858e-11,4.122645e-16,1.499014e-20,2.442489e-23,2.851176e-23,4.931528e-24,4.731007e-21,2.073887e-25,1.571958e-25,1.938434e-24,1.435477e-21
4.5240,543,2.383000e+02,9.638422e-01,5.783052e+00,1.050044e-01,NaN,9.999984e-01,1.562878e-06,2.966868e-11,4.145000e-16,1.506813e-20,2.446697e-23,2.860489e-23,4.944295e-24,4.745318e-21,2.089434e-25,1.576103e-25,1.940468e-24,1.439355e-21
4.5240,544,2.388000e+02,9.637836e-01,5.782700e+00,1.518882e-01,NaN,9.999985e-01,1.517258e-06,2.974724e-11,4.136122e-16,1.507333e-20,2.453551e-23,2.867791e-23,4.952311e-24,4.760875e-21,2.096778e-25,1.581837e-25,1.943985e-24,1.443108e-21
4.5240,545,2.393000e+02,9.637229e-01,5.782336e+00,-9.075278e-02,NaN,9.999984e-01,1.559908e-06,2.985219e-11,4.153828e-16,1.517518e-20,2.461315e-23,2.877401e-23,4.969735e-24,4.776325e-21,2.102944e-25,1.586632e-25,1.949911e-24,1.447144e-21
4.5240,546,2.398000e+02,9.636615e-01,5.781967e+00,-1.508936e-01,NaN,9.999985e-01,1.537289e-06,2.980475e-11,4.159009e-16,1.521597e-20,2.465989e-23,2.884831e-23,4.985575e-24,4.793325e-21,2.106994e-25,1.592475e-25,1.954878e-24,1.452649e-21
4.5240,547,2.403000e+02,9.636002e-01,5.781600e+00,-2.669128e-02,NaN,9.999985e-01,1.539390e-06,2.984071e-11,4.154518e-16,1.522517e-20,2.470797e-23,2.894324e-23,4.996750e-24,4.810763e-21,2.111515e-25,1.595270e-25,1.958048e-24,1.456279e-21
4.5240,548,2.408000e+02,9.635407e-01,5.781242e+00,1.165530e-01,NaN,9.999985e-01,1.530386e-06,2.982518e-11,4.176487e-16,1.525159e-20,2.479398e-23,2.901494e-23,5.003273e-24,4.826813e-21,2.117646e-25,1.598452e-25,1.965035e-24,1.460272e-21
4.5240,549,2.413000e+02,9.634810e-01,5.780885e+00,2.962075e-02,NaN,9.999985e-01,1.519632e-06,2.972625e-11,4.185141e-16,1.529188e-20,2.485587e-23,2.909356e-23,5.017017e-24,4.840143e-21,2.117613e-25,1.603701e-25,1.970943e-24,1.464817e-21
4.5240,550,2.418000e+02,9.634226e-01,5.780534e+00,-1.263983e-01,NaN,9.999985e-01,1.483029e-06,2.977311e-11,4.215038e-16,1.535850e-20,2.491871e-23,2.916255e-23,5.030783e-24,4.851793e-21,2.123390e-25,1.607552e-25,1.976514e-24,1.467513e-21
4.5240,551,2.423000e+02,9.633622e-01,5.780172e+00,2.215662e-01,5.216480e-03,9.999984e-01,1.590118e-06,2.996668e-11,4.211698e-16,1.541513e-20,2.501009e-23,2.924496e-23,5.039458e-24,4.868808e-21,2.124454e-25,1.611845e-25,1.980551e-24,1.471058e-21
4.5240,552,2.428000e+02,9.633020e-01,5.779810e+00,2.319166e-02,NaN,9.999985e-01,1.547229e-06,2.976452e-11,4.206085e-16,1.543611e-20,2.509417e-23,2.935258e-23,5.053836e-24,4.881650e-21,2.130221e-25,1.617750e-25,1.987633e-24,1.475785e-21
4.5240,553,2.433000e+02,9.632433e-01,5.779458e+00,2.119597e-01,NaN,9.999985e-01,1.549443e-06,2.980611e-11,4.214510e-16,1.546652e-20,2.517479e-23,2.941846e-23,5.064218e-24,4.896231e-21,2.136898e-25,1.620731e-25,1.991829e-24,1.481166e-21
4.5240,554,2.438000e+02,9.631838e-01,5.779101e+00,1.645850e-01,NaN,9.999985e-01,1.537947e-06,2.995129e-11,4.218901e-16,1.546883e-20,2.526418e-23,2.951491e-23,5.079933e-24,4.908283e-21,2.145526e-25,1.622935e-25,1.997185e-24,1.484808e-21
4.5240,555,2.443000e+02,9.631254e-01,5.778751e+00,3.364886e-03,NaN,9.999984e-01,1.550161e-06,3.003396e-11,4.221801e-16,1.556305e-20,2.530480e-23,2.960644e-23,5.088351e-24,4.924946e-21,2.152368e-25,1.626328e-25,2.000463e-24,1.488687e-21
4.5240,556,2.448000e+02,9.630641e-01,5.778383e+00,-5.835608e-02,NaN,9.999985e-01,1.539298e-06,3.004008e-11,4.238077e-16,1.559438e-20,2.533946e-23,2.971351e-23,5.099718e-24,4.935889e-21,2.155646e-25,1.630832e-25,2.003309e-24,1.493734e-21
4.5240,557,2.453000e+02,9.630043e-01,5.778024e+00,4.574454e-02,NaN,9.999985e-01,1.507198e-06,3.002588e-11,4.233428e-16,1.563563e-20,2.540866e-23,2.982649e-23,5.108297e-24,4.949311e-21,2.157975e-25,1.632799e-25,2.008695e-24,1.497340e-21
4.5240,558,2.458000e+02,9.629452e-01,5.777670e+00,-1.545580e-01,NaN,9.999985e-01,1.510885e-06,3.003614e-11,4.279591e-16,1.568448e-20,2.547033e-23,2.988090e-23,5.121256e-24,4.965647e-21,2.161364e-25,1.636056e-25,2.014371e-24,1.501094e-21
4.5240,559,2.463000e+02,9.628861e-01,5.777315e+00,-8.650038e-02,NaN,9.999985e-01,1.527147e-06,3.012458e-11,4.274881e-16,1.566060e-20,2.555879e-23,2.999018e-23,5.139957e-24,4.981158e-21,2.178409e-25,1.641013e-25,2.020934e-24,1.505448e-21
4.5240,560,2.468000e+02,9.628270e-01,5.776960e+00,2.236395e-02,NaN,9.999985e-01,1.514112e-06,3.015489e-11,4.271806e-16,1.577763e-20,2.561330e-23,3.004698e-23,5.151503e-24,4.993712e-21,2.176576e-25,1.645016e-25,2.025751e-24,1.509278e-21
4.5240,561,2.473000e+02,9.627685e-01,5.776610e+00,-2.834966e-02,4.409987e-03,9.999985e-01,1.528952e-06,3.018959e-11,4.278354e-16,1.579035e-20,2.567239e-23,3.010888e-23,5.166974e-24,5.009299e-21,2.185782e-25,1.648330e-25,2.032262e-24,1.513585e-21
4.5240,562,2.478000e+02,9.627090e-01,5.776252e+00,3.608134e-02,NaN,9.999985e-01,1.521766e-06,3.015944e-11,4.284950e-16,1.583657e-20,2.578046e-23,3.018657e-23,5.175607e-24,5.026583e-21,2.187614e-25,1.652996e-25,2.035087e-24,1.517792e-21
4.5240,563,2.483000e+02,9.626479e-01,5.775886e+00,-2.886538e-01,NaN,9.999985e-01,1.520047e-06,3.020059e-11,4.307640e-16,1.583361e-20,2.582845e-23,3.026094e-23,5.192404e-24,5.042731e-21,2.198731e-25,1.657412e-25,2.040346e-24,1.521370e-21
4.5240,564,2.488000e+02,9.625880e-01,5.775526e+00,-1.669035e-01,NaN,9.999985e-01,1.529589e-06,3.019170e-11,4.290332e-16,1.589560e-20,2.591099e-23,3.033838e-23,5.205801e-24,5.059613e-21,2.200743e-25,1.661558e-25,2.044629e-24,1.526401e-21
4.5240,565,2.493000e+02,9.625289e-01,5.775172e+00,-2.197418e-01,NaN,9.999985e-01,1.499651e-06,3.023044e-11,4.294291e-16,1.589535e-20,2.602830e-23,3.043393e-23,5.209913e-24,5.072589e-21,2.204786e-25,1.665705e-25,2.049992e-24,1.530340e-21
4.5240,566,2.498000e+02,9.624700e-01,5.774819e+00,-2.069047e-01,NaN,9.999985e-01,1.513188e-06,3.030524e-11,4.327370e-16,1.592314e-20,2.607299e-23,3.054571e-23,5.222576e-24,5.086960e-21,2.217772e-25,1.668148e-25,2.053706e-24,1.533966e-21
4.5240,567,2.503000e+02,9.624108e-01,5.774463e+00,-1.625407e-01,NaN,9.999985e-01,1.507551e-06,3.023645e-11,4.301841e-16,1.596678e-20,2.616750e-23,3.068155e-23,5.233564e-24,5.104234e-21,2.218505e-25,1.672099e-25,2.059063e-24,1.538239e-21
4.5240,568,2.508000e+02,9.623532e-01,5.774118e+00,-2.498126e-01,NaN,9.999985e-01,1.504730e-06,3.024802e-11,4.327153e-16,1.601706e-20,2.623420e-23,3.078295e-23,5.246668e-24,5.117465e-21,2.223897e-25,1.674762e-25,2.062906e-24,1.541940e-21
4.5240,569,2.513000e+02,9.622966e-01,5.773778e+00,-7.607645e-02,NaN,9.999985e-01,1.512691e-06,3.055707e-11,4.352623e-16,1.605044e-20,2.631766e-23,3.087148e-23,5.260558e-24,5.130251e-21,2.227775e-25,1.678901e-25,2.068082e-24,1.547318e-21
4.5240,570,2.518000e+02,9.622400e-01,5.773439e+00,7.466094e-02,NaN,9.999985e-01,1.521957e-06,3.053780e-11,4.339845e-16,1.614125e-20,2.639189e-23,3.093738e-23,5.273140e-24,5.146869e-21,2.236275e-25,1.682798e-25,2.073085e-24,1.551107e-21
4.5240,571,2.523000e+02,9.621834e-01,5.773099e+00,6.535021e-02,4.608291e-03,9.999985e-01,1.514131e-06,3.037482e-11,4.343319e-16,1.613902e-20,2.646227e-23,3.103260e-23,5.292279e-24,5.163696e-21,2.233103e-25,1.686577e-25,2.076886e-24,1.555941e-21
4.5240,572,2.528000e+02,9.621230e-01,5.772736e+00,8.590124e-02,NaN,9.999984e-01,1.551466e-06,3.052666e-11,4.383163e-16,1.610201e-20,2.652874e-23,3.109510e-23,5.307396e-24,5.178320e-21,2.244320e-25,1.690073e-25,2.082074e-24,1.560614e-21
4.5240,573,2.533000e+02,9.620623e-01,5.772373e+00,1.489646e-01,NaN,9.999985e-01,1.519024e-06,3.047158e-11,4.382783e-16,1.620066e-20,2.657567e-23,3.119525e-23,5.314751e-24,5.188676e-21,2.251337e-25,1.693044e-25,2.085103e-24,1.564158e-21
4.5240,574,2.538000e+02,9.620029e-01,5.772016e+00,-3.282590e-02,NaN,9.999985e-01,1.536955e-06,3.063523e-11,4.386804e-16,1.623768e-20,2.665689e-23,3.127622e-23,5.330100e-24,5.202308e-21,2.254617e-25,1.699043e-25,2.091616e-24,1.568208e-21
4.5240,575,2.543000e+02,9.619424e-01,5.771653e+00,1.157242e-01,NaN,9.999985e-01,1.529032e-06,3.047822e-11,4.379533e-16,1.629485e-20,2.674554e-23,3.135387e-23,5.340860e-24,5.216715e-21,2.264381e-25,1.702881e-25,2.096542e-24,1.572513e-21
4.5240,576,2.548000e+02,9.618850e-01,5.771308e+00,1.727180e-01,NaN,9.999985e-01,1.502629e-06,3.053889e-11,4.400201e-16,1.633324e-20,2.679425e-23,3.139793e-23,5.354661e-24,5.233014e-21,2.263593e-25,1.705486e-25,2.100980e-24,1.575808e-21
4.5240,577,2.553000e+02,9.618277e-01,5.770965e+00,9.201161e-03,NaN,9.999985e-01,1.498189e-06,3.061724e-11,4.400761e-16,1.636777e-20,2.685536e-23,3.143842e-23,5.369447e-24,5.246465e-21,2.271213e-25,1.708402e-25,2.105127e-24,1.579977e-21
4.5240,578,2.558000e+02,9.617716e-01,5.770628e+00,2.511275e-02,NaN,9.999985e-01,1.508237e-06,3.063574e-11,4.419933e-16,1.636711e-20,2.693295e-23,3.148817e-23,5.380828e-24,5.260817e-21,2.273765e-25,1.711805e-25,2.108721e-24,1.584130e-21
4.5240,579,2.563000e+02,9.617111e-01,5.770265e+00,-3.109642e-01,NaN,9.999984e-01,1.550223e-06,3.075121e-11,4.425285e-16,1.644464e-20,2.703664e-23,3.155377e-23,5.394683e-24,5.274452e-21,2.278782e-25,1.715968e-25,2.111210e-24,1.587101e-21
4.5240,580,2.568000e+02,9.616537e-01,5.769921e+00,-8.977200e-02,NaN,9.999985e-01,1.507818e-06,3.063639e-11,4.413636e-16,1.649208e-20,2.709714e-23,3.161434e-23,5.407961e-24,5.289428e-21,2.287123e-25,1.721135e-25,2.116823e-24,1.590335e-21
4.5240,581,2.573000e+02,9.615972e-01,5.769582e+00,9.455811e-02,4.451275e-03,9.999985e-01,1.530729e-06,3.097139e-11,4.422526e-16,1.653950e-20,2.713745e-23,3.171574e-23,5.419111e-24,5.302473e-21,2.294898e-25,1.725835e-25,2.121764e-24,1.594550e-21
4.5240,582,2.578000e+02,9.615403e-01,5.769240e+00,-3.473191e-02,NaN,9.999985e-01,1.496044e-06,3.074106e-11,4.447521e-16,1.653906e-20,2.721165e-23,3.184251e-23,5.433941e-24,5.317681e-21,2.291508e-25,1.730103e-25,2.124788e-24,1.599399e-21
4.5240,583,2.583000e+02,9.614832e-01,5.768898e+00,-3.775667e-02,NaN,9.999985e-01,1.500477e-06,3.078112e-11,4.429294e-16,1.660233e-20,2.731679e-23,3.189647e-23,5.449369e-24,5.335996e-21,2.301014e-25,1.733241e-25,2.129316e-24,1.602956e-21
4.5240,584,2.588000e+02,9.614264e-01,5.768557e+00,-1.134738e-01,NaN,9.999985e-01,1.512892e-06,3.082760e-11,4.440648e-16,1.666138e-20,2.738248e-23,3.196365e-23,5.468547e-24,5.353489e-21,2.310900e-25,1.739072e-25,2.133884e-24,1.607252e-21
4.5240,585,2.593000e+02,9.613684e-01,5.768209e+00,1.570758e-01,NaN,9.999985e-01,1.533108e-06,3.095184e-11,4.475034e-16,1.669516e-20,2.746566e-23,3.208239e-23,5.481312e-24,5.364396e-21,2.321899e-25,1.744582e-25,2.139928e-24,1.611785e-21
4.5240,586,2.598000e+02,9.613116e-01,5.767868e+00,-5.774680e-02,NaN,9.999985e-01,1.525238e-06,3.082651e-11,4.470272e-16,1.671996e-20,2.750416e-23,3.214118e-23,5.496638e-24,5.374335e-21,2.324440e-25,1.748158e-25,2.145167e-24,1.615756e-21
4.5240,587,2.603000e+02,9.612565e-01,5.767538e+00,1.065136e-01,NaN,9.999985e-01,1.489618e-06,3.080267e-11,4.434467e-16,1.670512e-20,2.758192e-23,3.221197e-23,5.501803e-24,5.390142e-21,2.322802e-25,1.752236e-25,2.151934e-24,1.620089e-21
4.5240,588,2.608000e+02,9.612013e-01,5.767206e+00,9.158633e-05,NaN,9.999985e-01,1.492235e-06,3.092683e-11,4.472051e-16,1.678872e-20,2.765768e-23,3.227942e-23,5.518035e-24,5.410040e-21,2.324562e-25,1.757993e-25,2.155351e-24,1.624806e-21
4.5240,589,2.613000e+02,9.611447e-01,5.766867e+00,-8.920953e-02,NaN,9.999985e-01,1.477519e-06,3.100385e-11,4.475004e-16,1.677928e-20,2.773904e-23,3.233106e-23,5.539833e-24,5.426903e-21,2.331508e-25,1.761278e-25,2.159920e-24,1.629548e-21
4.5240,590,2.618000e+02,9.610895e-01,5.766535e+00,2.398171e-01,NaN,9.999985e-01,1.542491e-06,3.087058e-11,4.475632e-16,1.681859e-20,2.782202e-23,3.243816e-23,5.549043e-24,5.444324e-21,2.339223e-25,1.765256e-25,2.165656e-24,1.634677e-21
4.5240,591,2.623000e+02,9.610345e-01,5.766205e+00,-1.217183e-01,4.742656e-03,9.999985e-01,1.489475e-06,3.093146e-11,4.488294e-16,1.689695e-20,2.790664e-23,3.255730e-23,5.570179e-24,5.460357e-21,2.339325e-25,1.768930e-25,2.168447e-24,1.639198e-21
4.5240,592,2.628000e+02,9.609808e-01,5.765883e+00,7.117372e-02,NaN,9.999985e-01,1.461043e-06,3.107352e-11,4.495126e-16,1.689483e-20,2.796644e-23,3.263577e-23,5.586445e-24,5.475720e-21,2.354840e-25,1.771818e-25,2.174496e-24,1.644674e-21
4.5240,593,2.633000e+02,9.609256e-01,5.765552e+00,-1.103752e-02,NaN,9.999985e-01,1.505667e-06,3.101018e-11,4.508740e-16,1.695793e-20,2.801324e-23,3.269968e-23,5.604307e-24,5.491365e-21,2.355400e-25,1.774740e-25,2.178252e-24,1.647600e-21
4.5240,594,2.638000e+02,9.608686e-01,5.765210e+00,-9.437314e-02,NaN,9.999985e-01,1.523809e-06,3.118290e-11,4.529171e-16,1.696261e-20,2.808798e-23,3.274252e-23,5.618925e-24,5.506720e-21,2.372941e-25,1.780465e-25,2.183612e-24,1.651340e-21
4.5240,595,2.643000e+02,9.608121e-01,5.764871e+00,8.525120e-02,NaN,9.999985e-01,1.493309e-06,3.118154e-11,4.517080e-16,1.708639e-20,2.814900e-23,3.284742e-23,5.630870e-24,5.522012e-21,2.371320e-25,1.784156e-25,2.185396e-24,1.655605e-21
4.5240,596,2.648000e+02,9.607563e-01,5.764536e+00,2.417403e-01,NaN,9.999985e-01,1.515359e-06,3.132512e-11,4.529738e-16,1.711557e-20,2.820526e-23,3.291981e-23,5.645747e-24,5.535492e-21,2.382886e-25,1.789806e-25,2.190322e-24,1.660405e-21
4.5240,597,2.653000e+02,9.607001e-01,5.764199e+00,2.031565e-02,NaN,9.999985e-01,1.500288e-06,3.127713e-11,4.568438e-16,1.712955e-20,2.828375e-23,3.296916e-23,5.655969e-24,5.551319e-21,2.376549e-25,1.792322e-25,2.195412e-24,1.663702e-21
4.5240,598,2.658000e+02,9.606457e-01,5.763873e+00,2.117009e-01,NaN,9.999985e-01,1.493943e-06,3.134741e-11,4.570284e-16,1.719509e-20,2.835096e-23,3.303551e-23,5.673369e-24,5.565607e-21,2.382858e-25,1.796510e-25,2.199049e-24,1.669003e-21
4.5240,599,2.663000e+02,9.605898e-01,5.763538e+00,-3.882880e-02,NaN,9.999985e-01,1.506226e-06,3.147694e-11,4.561315e-16,1.722137e-20,2.846517e-23,3.311759e-23,5.693521e-24,5.579459e-21,2.393419e-25,1.799395e-25,2.206538e-24,1.672459e-21
4.5240,600,2.668000e+02,9.605340e-01,5.763203e+00,1.246599e-01,NaN,9.999985e-01,1.504942e-06,3.143346e-11,4.596986e-16,1.729603e-20,2.853826e-23,3.318150e-23,5.704377e-24,5.595596e-21,2.393690e-25,1.801619e-25,2.211733e-24,1.677489e-21
4.5240,601,2.673000e+02,9.604800e-01,5.762879e+00,-3.962864e-02,4.390802e-03,9.999985e-01,1.479744e-06,3.128495e-11,4.579028e-16,1.733205e-20,2.861501e-23,3.323803e-23,5.719146e-24,5.609594e-21,2.399799e-25,1.806767e-25,2.215868e-24,1.681211e-21
4.5240,602,2.678000e+02,9.604250e-01,5.762549e+00,1.748507e-01,NaN,9.999985e-01,1.529096e-06,3.149558e-11,4.611756e-16,1.734814e-20,2.867202e-23,3.328315e-23,5.727782e-24,5.621841e-21,2.412495e-25,1.811704e-25,2.218992e-24,1.685543e-21
4.5240,603,2.683000e+02,9.603706e-01,5.762222e+00,1.544578e-02,NaN,9.999985e-01,1.470890e-06,3.131179e-11,4.588122e-16,1.742955e-20,2.876897e-23,3.335831e-23,5.738103e-24,5.635021e-21,2.412458e-25,1.815120e-25,2.225532e-24,1.689403e-21
4.5240,604,2.688000e+02,9.603163e-01,5.761897e+00,-1.019461e-01,NaN,9.999985e-01,1.474225e-06,3.143626e-11,4.606002e-16,1.747077e-20,2.884480e-23,3.342912e-23,5.752539e-24,5.646637e-21,2.430684e-25,1.818071e-25,2.230447e-24,1.693035e-21
4.5240,605,2.693000e+02,9.602610e-01,5.761564e+00,-9.748248e-02,NaN,9.999985e-01,1.496652e-06,3.150351e-11,4.612913e-16,1.748127e-20,2.895208e-23,3.349986e-23,5.765739e-24,5.657913e-21,2.423466e-25,1.820601e-25,2.235146e-24,1.698880e-21
4.5240,606,2.698000e+02,9.602068e-01,5.761239e+00,-4.723809e-02,NaN,9.999985e-01,1.490438e-06,3.159085e-11,4.587232e-16,1.754890e-20,2.901209e-23,3.358902e-23,5.785872e-24,5.671430e-21,2.431835e-25,1.824290e-25,2.239630e-24,1.703290e-21
4.5240,607,2.703000e+02,9.601526e-01,5.760914e+00,-9.089055e-02,NaN,9.999985e-01,1.497025e-06,3.157295e-11,4.610645e-16,1.758004e-20,2.907005e-23,3.369434e-23,5.800677e-24,5.681948e-21,2.437536e-25,1.827983e-25,2.245411e-24,1.707219e-21
4.5240,608,2.708000e+02,9.600979e-01,5.760586e+00,1.382568e-01,NaN,9.999985e-01,1.482111e-06,3.140204e-11,4.632364e-16,1.762839e-20,2.916211e-23,3.372613e-23,5.809394e-24,5.701677e-21,2.443017e-25,1.831829e-25,2.248175e-24,1.711153e-21
4.5240,609,2.713000e+02,9.600418e-01,5.760250e+00,1.067702e-01,NaN,9.999985e-01,1.491451e-06,3.147987e-11,4.634506e-16,1.757823e-20,2.925155e-23,3.375554e-23,5.821707e-24,5.715532e-21,2.445717e-25,1.836598e-25,2.251700e-24,1.715691e-21
4.5240,610,2.718000e+02,9.599864e-01,5.759917e+00,1.313360e-01,NaN,9.999985e-01,1.481267e-06,3.168252e-11,4.602153e-16,1.763163e-20,2.931509e-23,3.382643e-23,5.838659e-24,5.730062e-21,2.446773e-25,1.839378e-25,2.258375e-24,1.718997e-21
4.5240,611,2.723000e+02,9.599306e-01,5.759582e+00,1.428339e-01,4.739965e-03,9.999985e-01,1.502776e-06,3.161003e-11,4.619961e-16,1.772083e-20,2.939588e-23,3.390271e-23,5.855323e-24,5.744906e-21,2.454882e-25,1.841997e-25,2.264548e-24,1.722451e-21
4.5240,612,2.728000e+02,9.598750e-01,5.759248e+00,-5.214553e-02,NaN,9.999985e-01,1.473535e-06,3.167696e-11,4.654066e-16,1.775244e-20,2.947470e-23,3.396637e-23,5.861680e-24,5.760040e-21,2.456540e-25,1.842576e-25,2.268711e-24,1.726681e-21
4.5240,613,2.733000e+02,9.598216e-01,5.758928e+00,-5.123026e-02,NaN,9.999985e-01,1.472570e-06,3.167544e-11,4.647557e-16,1.771983e-20,2.951872e-23,3.404193e-23,5.867756e-24,5.777802e-21,2.466144e-25,1.847182e-25,2.274296e-24,1.729820e-21
4.5240,614,2.738000e+02,9.597683e-01,5.758608e+00,9.405497e-02,NaN,9.999985e-01,1.490763e-06,3.164833e-11,4.655958e-16,1.777400e-20,2.960146e-23,3.410201e-23,5.876598e-24,5.786216e-21,2.474916e-25,1.850615e-25,2.281588e-24,1.733984e-21
4.5240,615,2.743000e+02,9.597138e-01,5.758281e+00,2.889296e-02,NaN,9.999985e-01,1.498289e-06,3.169101e-11,4.633715e-16,1.781949e-20,2.967620e-23,3.415995e-23,5.890782e-24,5.797642e-21,2.477826e-25,1.855011e-25,2.287059e-24,1.739379e-21
4.5240,616,2.748000e+02,9.596603e-01,5.757960e+00,1.762645e-01,NaN,9.999985e-01,1.494420e-06,3.179188e-11,4.668934e-16,1.784837e-20,2.973642e-23,3.420324e-23,5.905329e-24,5.808283e-21,2.482700e-25,1.858701e-25,2.293564e-24,1.744071e-21
4.5240,617,2.753000e+02,9.596068e-01,5.757640e+00,1.412777e-01,NaN,9.999985e-01,1.466737e-06,3.183108e-11,4.670449e-16,1.790551e-20,2.981408e-23,3.430148e-23,5.919830e-24,5.823061e-21,2.490940e-25,1.861844e-25,2.301143e-24,1.747535e-21
4.5240,618,2.758000e+02,9.595527e-01,5.757314e+00,2.852452e-01,NaN,9.999985e-01,1.509606e-06,3.183312e-11,4.697415e-16,1.791654e-20,2.988399e-23,3.437820e-23,5.927248e-24,5.836437e-21,2.493973e-25,1.866343e-25,2.307280e-24,1.752948e-21
4.5240,619,2.763000e+02,9.594984e-01,5.756989e+00,9.422134e-02,NaN,9.999985e-01,1.460450e-06,3.185739e-11,4.673905e-16,1.799742e-20,2.995744e-23,3.443575e-23,5.944555e-24,5.850976e-21,2.500172e-25,1.870754e-25,2.313375e-24,1.758000e-21
4.5240,620,2.768000e+02,9.594467e-01,5.756679e+00,9.679654e-02,NaN,9.999985e-01,1.453421e-06,3.189137e-11,4.699892e-16,1.800021e-20,3.003449e-23,3.448061e-23,5.960309e-24,5.866636e-21,2.504513e-25,1.875780e-25,2.317496e-24,1.763045e-21
4.5240,621,2.773000e+02,9.593925e-01,5.756353e+00,-3.377149e-02,4.390932e-03,9.999985e-01,1.477846e-06,3.192965e-11,4.716287e-16,1.805024e-20,3.010184e-23,3.454199e-23,5.975470e-24,5.881242e-21,2.511181e-25,1.878843e-25,2.321777e-24,1.768492e-21
4.5240,622,2.778000e+02,9.593389e-01,5.756032e+00,-7.646958e-02,NaN,9.999985e-01,1.482614e-06,3.198343e-11,4.735197e-16,1.814315e-20,3.015287e-23,3.460842e-23,5.988825e-24,5.897049e-21,2.525259e-25,1.882614e-25,2.326160e-24,1.773801e-21
4.5240,623,2.783000e+02,9.592855e-01,5.755712e+00,7.351739e-02,NaN,9.999985e-01,1.494600e-06,3.194436e-11,4.741265e-16,1.815530e-20,3.021900e-23,3.468811e-23,6.004801e-24,5.913004e-21,2.522880e-25,1.886355e-25,2.331326e-24,1.777623e-21
4.5240,624,2.788000e+02,9.592340e-01,5.755402e+00,1.460698e-01,NaN,9.999985e-01,1.475882e-06,3.208376e-11,4.737552e-16,1.815883e-20,3.029971e-23,3.475949e-23,6.012328e-24,5.928294e-21,2.526629e-25,1.891719e-25,2.336194e-24,1.781943e-21
4.5240,625,2.793000e+02,9.591819e-01,5.755090e+00,2.390504e-01,NaN,9.999986e-01,1.445307e-06,3.207475e-11,4.745557e-16,1.823602e-20,3.036464e-23,3.486131e-23,6.028156e-24,5.946294e-21,2.538443e-25,1.897026e-25,2.340750e-24,1.786525e-21
4.5240,626,2.798000e+02,9.591292e-01,5.754774e+00,-1.168388e-01,NaN,9.999985e-01,1.489167e-06,3.210807e-11,4.741254e-16,1.828987e-20,3.040664e-23,3.495172e-23,6.041411e-24,5.960870e-21,2.538107e-25,1.900970e-25,2.346681e-24,1.790686e-21
4.5240,627,2.803000e+02,9.590759e-01,5.754454e+00,-1.045114e-01,NaN,9.999985e-01,1.479742e-06,3.207852e-11,4.743334e-16,1.833538e-20,3.051141e-23,3.500860e-23,6.054949e-24,5.973919e-21,2.548276e-25,1.905626e-25,2.348106e-24,1.794007e-21
4.5240,628,2.808000e+02,9.590231e-01,5.754137e+00,1.622033e-01,NaN,9.999985e-01,1.477373e-06,3.217404e-11,4.750714e-16,1.836742e-20,3.054490e-23,3.507506e-23,6.066135e-24,5.987745e-21,2.556311e-25,1.908490e-25,2.353312e-24,1.799491e-21
4.5240,629,2.813000e+02,9.589676e-01,5.753804e+00,-4.261418e-02,NaN,9.999985e-01,1.490535e-06,3.225854e-11,4.772337e-16,1.841675e-20,3.061919e-23,3.518804e-23,6.082813e-24,6.001670e-21,2.562079e-25,1.911149e-25,2.355798e-24,1.803249e-21
4.5240,630,2.818000e+02,9.589150e-01,5.753489e+00,-5.306954e-02,NaN,9.999986e-01,1.438756e-06,3.214051e-11,4.768322e-16,1.845659e-20,3.071314e-23,3.527825e-23,6.089311e-24,6.020277e-21,2.561779e-25,1.915487e-25,2.361023e-24,1.806513e-21
4.5240,631,2.823000e+02,9.588626e-01,5.753174e+00,2.485272e-01,4.915680e-03,9.999985e-01,1.467658e-06,3.217866e-11,4.793193e-16,1.855500e-20,3.073085e-23,3.533024e-23,6.105219e-24,6.036696e-21,2.563940e-25,1.919633e-25,2.365089e-24,1.810576e-21
4.5240,632,2.828000e+02,9.588104e-01,5.752861e+00,-3.453217e-02,NaN,9.999985e-01,1.474606e-06,3.225727e-11,4.807467e-16,1.850181e-20,3.081676e-23,3.540246e-23,6.117469e-24,6.052840e-21,2.578558e-25,1.924831e-25,2.370149e-24,1.813833e-21
4.5240,633,2.833000e+02,9.587598e-01,5.752557e+00,-9.804549e-02,NaN,9.999985e-01,1.467246e-06,3.227105e-11,4.783908e-16,1.855269e-20,3.086091e-23,3.545730e-23,6.125445e-24,6.069107e-21,2.578315e-25,1.928933e-25,2.376193e-24,1.817252e-21
4.5240,634,2.838000e+02,9.587076e-01,5.752244e+00,-4.568754e-02,NaN,9.999985e-01,1.492203e-06,3.222184e-11,4.832861e-16,1.858543e-20,3.092504e-23,3.556790e-23,6.143458e-24,6.084319e-21,2.587180e-25,1.933008e-25,2.381181e-24,1.821116e-21
4.5240,635,2.843000e+02,9.586545e-01,5.751926e+00,-4.934099e-02,NaN,9.999985e-01,1.461298e-06,3.231434e-11,4.819985e-16,1.858763e-20,3.102178e-23,3.562273e-23,6.162542e-24,6.096711e-21,2.591511e-25,1.935222e-25,2.385956e-24,1.825786e-21
4.5240,636,2.848000e+02,9.586028e-01,5.751616e+00,-1.445077e-02,NaN,9.999985e-01,1.472263e-06,3.233813e-11,4.818076e-16,1.865535e-20,3.107180e-23,3.567695e-23,6.181421e-24,6.109820e-21,2.599041e-25,1.939200e-25,2.389531e-24,1.830222e-21
4.5240,637,2.853000e+02,9.585477e-01,5.751285e+00,1.872570e-02,NaN,9.999985e-01,1.505203e-06,3.236552e-11,4.838223e-16,1.868800e-20,3.116187e-23,3.578300e-23,6.191835e-24,6.124131e-21,2.605744e-25,1.942329e-25,2.395561e-24,1.836822e-21
4.5240,638,2.858000e+02,9.584935e-01,5.750960e+00,6.406302e-02,NaN,9.999985e-01,1.466711e-06,3.234154e-11,4.848569e-16,1.870488e-20,3.124255e-23,3.584607e-23,6.214235e-24,6.138846e-21,2.610816e-25,1.945369e-25,2.398212e-24,1.841499e-21
4.5240,639,2.863000e+02,9.584400e-01,5.750638e+00,2.593872e-03,NaN,9.999985e-01,1.501889e-06,3.251283e-11,4.834024e-16,1.875454e-20,3.131423e-23,3.591978e-23,6.234203e-24,6.156629e-21,2.628452e-25,1.949510e-25,2.403710e-24,1.845697e-21
4.5240,640,2.868000e+02,9.583864e-01,5.750317e+00,-5.621326e-02,NaN,9.999985e-01,1.495724e-06,3.251396e-11,4.852063e-16,1.884614e-20,3.140017e-23,3.602258e-23,6.248223e-24,6.172023e-21,2.627994e-25,1.954311e-25,2.409697e-24,1.849166e-21
4.5240,641,2.873000e+02,9.583342e-01,5.750004e+00,1.867808e-01,4.443855e-03,9.999986e-01,1.448052e-06,3.254904e-11,4.852940e-16,1.885680e-20,3.145144e-23,3.612196e-23,6.258265e-24,6.190478e-21,2.643837e-25,1.957141e-25,2.413705e-24,1.853374e-21
4.5240,642,2.878000e+02,9.582816e-01,5.749688e+00,2.334791e-01,NaN,9.999985e-01,1.462808e-06,3.250832e-11,4.854812e-16,1.886121e-20,3.150210e-23,3.617938e-23,6.278468e-24,6.213033e-21,2.648776e-25,1.962734e-25,2.417901e-24,1.856571e-21
4.5240,643,2.883000e+02,9.582296e-01,5.749376e+00,-1.027662e-01,NaN,9.999985e-01,1.454319e-06,3.254326e-11,4.845761e-16,1.892169e-20,3.155875e-23,3.626877e-23,6.288148e-24,6.230782e-21,2.654793e-25,1.968888e-25,2.422900e-24,1.861001e-21
4.5240,644,2.888000e+02,9.581780e-01,5.749067e+00,-1.059878e-01,NaN,9.999985e-01,1.463443e-06,3.253638e-11,4.868681e-16,1.897400e-20,3.163230e-23,3.632830e-23,6.312371e-24,6.249168e-21,2.655193e-25,1.971984e-25,2.427647e-24,1.865095e-21
4.5240,645,2.893000e+02,9.581275e-01,5.748764e+00,8.694434e-02,NaN,9.999985e-01,1.461458e-06,3.264904e-11,4.891096e-16,1.897349e-20,3.170082e-23,3.643387e-23,6.318303e-24,6.267452e-21,2.666064e-25,1.975500e-25,2.431928e-24,1.869321e-21
4.5240,646,2.898000e+02,9.580737e-01,5.748441e+00,-1.147317e-01,NaN,9.999985e-01,1.483422e-06,3.283918e-11,4.889805e-16,1.900103e-20,3.177846e-23,3.654301e-23,6.338454e-24,6.285446e-21,2.675886e-25,1.979616e-25,2.435501e-24,1.874351e-21
4.5240,647,2.903000e+02,9.580201e-01,5.748119e+00,1.309341e-01,NaN,9.999985e-01,1.458705e-06,3.281666e-11,4.882550e-16,1.906411e-20,3.186449e-23,3.663767e-23,6.351105e-24,6.298698e-21,2.674193e-25,1.984050e-25,2.438213e-24,1.878177e-21
4.5240,648,2.908000e+02,9.579692e-01,5.747814e+00,-6.513279e-02,NaN,9.999986e-01,1.437885e-06,3.267766e-11,4.904459e-16,1.911056e-20,3.193166e-23,3.668804e-23,6.364398e-24,6.305593e-21,2.683136e-25,1.985954e-25,2.442986e-24,1.881994e-21
4.5240,649,2.913000e+02,9.579182e-01,5.747508e+00,-6.387605e-02,NaN,9.999986e-01,1.448578e-06,3.274966e-11,4.930563e-16,1.909411e-20,3.201147e-23,3.679663e-23,6.379758e-24,6.314454e-21,2.692023e-25,1.990682e-25,2.448175e-24,1.884852e-21
4.5240,650,2.918000e+02,9.578661e-01,5.747195e+00,3.881765e-02,NaN,9.999985e-01,1.487741e-06,3.298063e-11,4.916902e-16,1.917917e-20,3.206347e-23,3.690739e-23,6.389834e-24,6.325810e-21,2.697393e-25,1.995342e-25,2.450423e-24,1.888875e-21
4.5240,651,2.923000e+02,9.578144e-01,5.746885e+00,1.156270e-01,4.754793e-03,9.999986e-01,1.436530e-06,3.285621e-11,4.920689e-16,1.917273e-20,3.213035e-23,3.697256e-23,6.400183e-24,6.336441e-21,2.700941e-25,1.998140e-25,2.454065e-24,1.892922e-21
4.5240,652,2.928000e+02,9.577628e-01,5.746575e+00,1.480858e-01,NaN,9.999986e-01,1.441365e-06,3.284209e-11,4.938529e-16,1.922265e-20,3.219652e-23,3.703674e-23,6.410766e-24,6.350665e-21,2.702180e-25,2.002796e-25,2.459778e-24,1.897364e-21
4.5240,653,2.933000e+02,9.577114e-01,5.746267e+00,1.438285e-01,NaN,9.999986e-01,1.441551e-06,3.291985e-11,4.918635e-16,1.928036e-20,3.225866e-23,3.711164e-23,6.422634e-24,6.363867e-21,2.723186e-25,2.005381e-25,2.466985e-24,1.901809e-21
4.5240,654,2.938000e+02,9.576599e-01,5.745958e+00,-2.072162e-02,NaN,9.999985e-01,1.468291e-06,3.303161e-11,4.956093e-16,1.932948e-20,3.236405e-23,3.716788e-23,6.435001e-24,6.374617e-21,2.729352e-25,2.011246e-25,2.471813e-24,1.906327e-21
4.5240,655,2.943000e+02,9.576073e-01,5.745642e+00,1.279737e-01,NaN,9.999985e-01,1.457952e-06,3.294325e-11,4.945175e-16,1.930635e-20,3.240228e-23,3.724665e-23,6.447120e-24,6.384202e-21,2.726307e-25,2.013410e-25,2.477925e-24,1.911278e-21
4.5240,656,2.948000e+02,9.575569e-01,5.745340e+00,2.914560e-02,NaN,9.999985e-01,1.450805e-06,3.293802e-11,4.957872e-16,1.936734e-20,3.248030e-23,3.729472e-23,6.457093e-24,6.396320e-21,2.734322e-25,2.016294e-25,2.481705e-24,1.915765e-21
4.5240,657,2.953000e+02,9.575061e-01,5.745035e+00,-6.613001e-02,NaN,9.999985e-01,1.459353e-06,3.302799e-11,4.952752e-16,1.947194e-20,3.258414e-23,3.737736e-23,6.467746e-24,6.408566e-21,2.739009e-25,2.021103e-25,2.489965e-24,1.919201e-21
4.5240,658,2.958000e+02,9.574545e-01,5.744726e+00,1.564756e-02,NaN,9.999986e-01,1.448800e-06,3.304792e-11,4.957862e-16,1.947254e-20,3.261382e-23,3.747658e-23,6.479063e-24,6.428351e-21,2.743895e-25,2.023947e-25,2.494131e-24,1.922497e-21
4.5240,659,2.963000e+02,9.574040e-01,5.744422e+00,-2.161994e-02,NaN,9.999986e-01,1.414216e-06,3.297664e-11,4.961276e-16,1.951557e-20,3.264006e-23,3.756536e-23,6.492809e-24,6.449045e-21,2.746512e-25,2.029816e-25,2.498456e-24,1.927316e-21
4.5240,660,2.968000e+02,9.573532e-01,5.744118e+00,1.017129e-01,NaN,9.999985e-01,1.466328e-06,3.321015e-11,4.973701e-16,1.958763e-20,3.273092e-23,3.764189e-23,6.510831e-24,6.467508e-21,2.752988e-25,2.035143e-25,2.503163e-24,1.929692e-21
4.5240,661,2.973000e+02,9.573024e-01,5.743813e+00,7.265855e-02,4.419545e-03,9.999986e-01,1.443618e-06,3.315896e-11,4.977097e-16,1.961699e-20,3.279397e-23,3.773914e-23,6.526885e-24,6.485866e-21,2.754250e-25,2.039640e-25,2.506360e-24,1.933559e-21
4.5240,662,2.978000e+02,9.572519e-01,5.743510e+00,1.658725e-01,NaN,9.999986e-01,1.443762e-06,3.320764e-11,4.978271e-16,1.961990e-20,3.283386e-23,3.779944e-23,6.536458e-24,6.507513e-21,2.764901e-25,2.043110e-25,2.508575e-24,1.938603e-21
4.5240,663,2.983000e+02,9.572015e-01,5.743207e+00,-9.281430e-02,NaN,9.999985e-01,1.452130e-06,3.323403e-11,4.993622e-16,1.968619e-20,3.285105e-23,3.790378e-23,6.554029e-24,6.530872e-21,2.765040e-25,2.047349e-25,2.514609e-24,1.942228e-21
4.5240,664,2.988000e+02,9.571519e-01,5.742910e+00,-1.021655e-01,NaN,9.999986e-01,1.443770e-06,3.335559e-11,5.021617e-16,1.978244e-20,3.295813e-23,3.797599e-23,6.573297e-24,6.542920e-21,2.775037e-25,2.051462e-25,2.520318e-24,1.947874e-21
4.5240,665,2.993000e+02,9.571015e-01,5.742608e+00,-1.028245e-01,NaN,9.999986e-01,1.447888e-06,3.332310e-11,5.010911e-16,1.986986e-20,3.304388e-23,3.806052e-23,6.582041e-24,6.553203e-21,2.785232e-25,2.056335e-25,2.522013e-24,1.950392e-21
4.5240,666,2.998000e+02,9.570509e-01,5.742304e+00,9.338329e-02,NaN,9.999985e-01,1.474016e-06,3.342562e-11,5.007005e-16,1.983499e-20,3.311157e-23,3.813942e-23,6.596400e-24,6.563199e-21,2.784150e-25,2.061548e-25,2.527387e-24,1.953283e-21
4.5240,667,3.003000e+02,9.569989e-01,5.741992e+00,-9.237823e-02,NaN,9.999985e-01,1.475573e-06,3.350177e-11,5.030777e-16,1.990966e-20,3.317594e-23,3.823584e-23,6.615512e-24,6.576430e-21,2.799257e-25,2.065500e-25,2.532991e-24,1.957774e-21
4.5240,668,3.008000e+02,9.569463e-01,5.741676e+00,-9.976345e-02,NaN,9.999985e-01,1.475457e-06,3.346397e-11,5.048902e-16,1.996544e-20,3.327503e-23,3.833306e-23,6.628517e-24,6.588404e-21,2.803704e-25,2.068478e-25,2.539069e-24,1.960670e-21
4.5240,669,3.013000e+02,9.568954e-01,5.741371e+00,9.884835e-02,NaN,9.999986e-01,1.445637e-06,3.342192e-11,5.058814e-16,1.999314e-20,3.334096e-23,3.839751e-23,6.638568e-24,6.602511e-21,2.801453e-25,2.073977e-25,2.544205e-24,1.964112e-21
4.5240,670,3.018000e+02,9.568449e-01,5.741068e+00,1.703602e-01,NaN,9.999986e-01,1.448445e-06,3.346243e-11,5.032351e-16,1.999750e-20,3.341974e-23,3.846250e-23,6.656624e-24,6.612171e-21,2.809012e-25,2.078377e-25,2.551047e-24,1.968017e-21
4.5240,671,3.023000e+02,9.567948e-01,5.740767e+00,1.008575e-01,4.815094e-03,9.999985e-01,1.467197e-06,3.353619e-11,5.067297e-16,2.003620e-20,3.350187e-23,3.853978e-23,6.673080e-24,6.624378e-21,2.821757e-25,2.082006e-25,2.556891e-24,1.973338e-21
4.5240,672,3.028000e+02,9.567455e-01,5.740471e+00,2.253432e-01,NaN,9.999986e-01,1.436592e-06,3.352137e-11,5.066177e-16,2.009166e-20,3.355899e-23,3.862472e-23,6.689560e-24,6.637917e-21,2.822875e-25,2.085820e-25,2.560227e-24,1.977268e-21
4.5240,673,3.033000e+02,9.566974e-01,5.740183e+00,5.904068e-02,NaN,9.999985e-01,1.469212e-06,3.357926e-11,5.075665e-16,2.009213e-20,3.360749e-23,3.872589e-23,6.706420e-24,6.646752e-21,2.834144e-25,2.089211e-25,2.563284e-24,1.981084e-21
4.5240,674,3.038000e+02,9.566484e-01,5.739889e+00,1.127777e-01,NaN,9.999986e-01,1.437045e-06,3.354218e-11,5.068181e-16,2.009383e-20,3.372109e-23,3.877924e-23,6.715870e-24,6.659179e-21,2.843664e-25,2.091921e-25,2.565928e-24,1.985446e-21
4.5240,675,3.043000e+02,9.565994e-01,5.739595e+00,8.473984e-02,NaN,9.999986e-01,1.436780e-06,3.353993e-11,5.105133e-16,2.015414e-20,3.383217e-23,3.885689e-23,6.731837e-24,6.675541e-21,2.851457e-25,2.094466e-25,2.569320e-24,1.989902e-21
4.5240,676,3.048000e+02,9.565500e-01,5.739299e+00,-2.749678e-01,NaN,9.999986e-01,1.442099e-06,3.364913e-11,5.109938e-16,2.020781e-20,3.388880e-23,3.895148e-23,6.740173e-24,6.687565e-21,2.853238e-25,2.098532e-25,2.571102e-24,1.994542e-21
4.5240,677,3.053000e+02,9.565007e-01,5.739003e+00,-3.285148e-02,NaN,9.999985e-01,1.466468e-06,3.370049e-11,5.117447e-16,2.017614e-20,3.396173e-23,3.909285e-23,6.754003e-24,6.693573e-21,2.860295e-25,2.102117e-25,2.576703e-24,1.997515e-21
4.5240,678,3.058000e+02,9.564518e-01,5.738709e+00,-2.996539e-01,NaN,9.999986e-01,1.428668e-06,3.364271e-11,5.131318e-16,2.027514e-20,3.404722e-23,3.916212e-23,6.763035e-24,6.706982e-21,2.871036e-25,2.104728e-25,2.579654e-24,2.001738e-21
4.5240,679,3.063000e+02,9.564023e-01,5.738412e+00,-1.139716e-01,NaN,9.999986e-01,1.415709e-06,3.372964e-11,5.146878e-16,2.031498e-20,3.410088e-23,3.925664e-23,6.777741e-24,6.719894e-21,2.868051e-25,2.107316e-25,2.583813e-24,2.005627e-21
4.5240,680,3.068000e+02,9.563540e-01,5.738123e+00,1.046066e-02,NaN,9.999986e-01,1.429777e-06,3.371700e-11,5.147826e-16,2.035048e-20,3.416411e-23,3.934815e-23,6.790868e-24,6.738644e-21,2.874108e-25,2.111941e-25,2.586697e-24,2.010160e-21
4.5240,681,3.073000e+02,9.563057e-01,5.737833e+00,-5.676669e-02,4.899912e-03,9.999986e-01,1.432108e-06,3.362759e-11,5.152895e-16,2.042872e-20,3.423066e-23,3.944550e-23,6.806733e-24,6.754769e-21,2.880184e-25,2.115918e-25,2.592522e-24,2.013305e-21
4.5240,682,3.078000e+02,9.562563e-01,5.737536e+00,6.226657e-02,NaN,9.999986e-01,1.443702e-06,3.367991e-11,5.150556e-16,2.043826e-20,3.430525e-23,3.957798e-23,6.822118e-24,6.768935e-21,2.890800e-25,2.119776e-25,2.600245e-24,2.015613e-21
4.5240,683,3.083000e+02,9.562095e-01,5.737256e+00,3.627209e-02,NaN,9.999986e-01,1.426294e-06,3.371613e-11,5.158598e-16,2.047251e-20,3.436656e-23,3.963770e-23,6.832121e-24,6.786747e-21,2.886640e-25,2.123067e-25,2.605361e-24,2.020319e-21
4.5240,684,3.088000e+02,9.561615e-01,5.736968e+00,1.445210e-01,NaN,9.999986e-01,1.446002e-06,3.396617e-11,5.202224e-16,2.056089e-20,3.447098e-23,3.972735e-23,6.846136e-24,6.799674e-21,2.898099e-25,2.127228e-25,2.611856e-24,2.024545e-21
4.5240,685,3.093000e+02,9.561134e-01,5.736679e+00,1.423589e-01,NaN,9.999985e-01,1.467094e-06,3.384764e-11,5.177171e-16,2.061800e-20,3.450299e-23,3.977087e-23,6.861922e-24,6.814144e-21,2.903779e-25,2.130195e-25,2.617672e-24,2.029558e-21
4.5240,686,3.098000e+02,9.560662e-01,5.736396e+00,9.567138e-02,NaN,9.999986e-01,1.436749e-06,3.382437e-11,5.172418e-16,2.062139e-20,3.459110e-23,3.990294e-23,6.875945e-24,6.828670e-21,2.902161e-25,2.132370e-25,2.622178e-24,2.033949e-21
4.5240,687,3.103000e+02,9.560191e-01,5.736113e+00,5.491727e-02,NaN,9.999986e-01,1.419233e-06,3.399123e-11,5.209114e-16,2.075992e-20,3.465338e-23,3.999155e-23,6.888677e-24,6.843743e-21,2.913953e-25,2.135284e-25,2.626079e-24,2.039179e-21
4.5240,688,3.108000e+02,9.559706e-01,5.735822e+00,2.996843e-01,NaN,9.999986e-01,1.427786e-06,3.398787e-11,5.190662e-16,2.072043e-20,3.475931e-23,4.007861e-23,6.901347e-24,6.859808e-21,2.923394e-25,2.138753e-25,2.631550e-24,2.042926e-21
4.5240,689,3.113000e+02,9.559222e-01,5.735532e+00,-9.672007e-02,NaN,9.999986e-01,1.414597e-06,3.387685e-11,5.196119e-16,2.081048e-20,3.481553e-23,4.014323e-23,6.919744e-24,6.875311e-21,2.925973e-25,2.141410e-25,2.637229e-24,2.046567e-21
4.5240,690,3.118000e+02,9.558753e-01,5.735250e+00,-1.092641e-01,NaN,9.999986e-01,1.426363e-06,3.394012e-11,5.217579e-16,2.081091e-20,3.488853e-23,4.020003e-23,6.928140e-24,6.891442e-21,2.927606e-25,2.146517e-25,2.642396e-24,2.051405e-21
4.5240,691,3.123000e+02,9.558282e-01,5.734968e+00,1.624309e-01,4.407058e-03,9.999986e-01,1.415145e-06,3.406321e-11,5.225933e-16,2.090132e-20,3.494652e-23,4.028169e-23,6.944019e-24,6.905788e-21,2.940205e-25,2.150466e-25,2.648496e-24,2.056551e-21
4.5240,692,3.128000e+02,9.557806e-01,5.734682e+00,-6.487538e-03,NaN,9.999986e-01,1.413208e-06,3.397711e-11,5.229671e-16,2.089956e-20,3.501819e-23,4.039016e-23,6.948779e-24,6.923884e-21,2.946789e-25,2.153332e-25,2.655350e-24,2.061970e-21
4.5240,693,3.133000e+02,9.557331e-01,5.734397e+00,-1.124564e-02,NaN,9.999986e-01,1.422018e-06,3.396138e-11,5.243619e-16,2.095400e-20,3.509437e-23,4.047789e-23,6.961008e-24,6.935453e-21,2.952895e-25,2.159225e-25,2.658095e-24,2.065849e-21
4.5240,694,3.138000e+02,9.556847e-01,5.734107e+00,3.325402e-03,NaN,9.999986e-01,1.426368e-06,3.416590e-11,5.252600e-16,2.094868e-20,3.520422e-23,4.056407e-23,6.971423e-24,6.954027e-21,2.950938e-25,2.162402e-25,2.661405e-24,2.070520e-21
4.5240,695,3.143000e+02,9.556357e-01,5.733813e+00,-1.808748e-01,NaN,9.999986e-01,1.443080e-06,3.417113e-11,5.268397e-16,2.097977e-20,3.528473e-23,4.069350e-23,6.985951e-24,6.968515e-21,2.967379e-25,2.166441e-25,2.666644e-24,2.073284e-21
4.5240,696,3.148000e+02,9.555868e-01,5.733519e+00,-2.456659e-01,NaN,9.999986e-01,1.423247e-06,3.417543e-11,5.260124e-16,2.105367e-20,3.533443e-23,4.077652e-23,6.988862e-24,6.985384e-21,2.973726e-25,2.170555e-25,2.672049e-24,2.080838e-21
4.5240,697,3.153000e+02,9.555399e-01,5.733238e+00,-6.434352e-02,NaN,9.999986e-01,1.419826e-06,3.424912e-11,5.270500e-16,2.105505e-20,3.539804e-23,4.083246e-23,7.000458e-24,6.997418e-21,2.973021e-25,2.177161e-25,2.677989e-24,2.085214e-21
4.5240,698,3.158000e+02,9.554920e-01,5.732951e+00,3.414274e-02,NaN,9.999985e-01,1.453397e-06,3.431820e-11,5.286409e-16,2.117071e-20,3.547997e-23,4.090283e-23,7.007070e-24,7.012645e-21,2.983260e-25,2.180819e-25,2.683754e-24,2.090055e-21
4.5240,699,3.163000e+02,9.554432e-01,5.732658e+00,1.768192e-01,NaN,9.999986e-01,1.428049e-06,3.426095e-11,5.293049e-16,2.115462e-20,3.552799e-23,4.102064e-23,7.022837e-24,7.030199e-21,2.989407e-25,2.185095e-25,2.688716e-24,2.094317e-21
4.5240,700,3.168000e+02,9.553946e-01,5.732366e+00,1.576284e-01,NaN,9.999986e-01,1.415253e-06,3.432314e-11,5.289183e-16,2.124302e-20,3.560493e-23,4.111636e-23,7.034701e-24,7.047014e-21,2.993021e-25,2.186033e-25,2.692263e-24,2.098985e-21
4.5240,701,3.173000e+02,9.553467e-01,5.732079e+00,-4.988762e-03,4.148447e-03,9.999986e-01,1.419350e-06,3.430270e-11,5.288282e-16,2.128311e-20,3.568354e-23,4.121495e-23,7.046583e-24,7.063798e-21,2.996767e-25,2.189577e-25,2.699155e-24,2.103001e-21
4.5240,702,3.178000e+02,9.552985e-01,5.731790e+00,5.274104e-02,NaN,9.999986e-01,1.444425e-06,3.437124e-11,5.299203e-16,2.126436e-20,3.576685e-23,4.133788e-23,7.055958e-24,7.076405e-21,3.004104e-25,2.192296e-25,2.705573e-24,2.107575e-21
4.5240,703,3.183000e+02,9.552511e-01,5.731505e+00,-4.004690e-02,NaN,9.999986e-01,1.424905e-06,3.437873e-11,5.325619e-16,2.134048e-20,3.584826e-23,4.143807e-23,7.072825e-24,7.092653e-21,3.006967e-25,2.197008e-25,2.709432e-24,2.113991e-21
4.5240,704,3.188000e+02,9.552036e-01,5.731220e+00,6.882498e-02,NaN,9.999986e-01,1.425320e-06,3.431172e-11,5.311004e-16,2.136012e-20,3.596387e-23,4.151781e-23,7.094841e-24,7.107379e-21,3.019363e-25,2.201201e-25,2.717217e-24,2.118538e-21
4.5240,705,3.193000e+02,9.551552e-01,5.730930e+00,-1.109660e-01,NaN,9.999986e-01,1.434606e-06,3.446091e-11,5.320837e-16,2.143912e-20,3.605967e-23,4.162983e-23,7.105478e-24,7.122152e-21,3.023286e-25,2.204550e-25,2.722232e-24,2.122406e-21
4.5240,706,3.198000e+02,9.551077e-01,5.730645e+00,-8.812660e-02,NaN,9.999986e-01,1.424650e-06,3.454915e-11,5.322107e-16,2.141314e-20,3.612915e-23,4.175602e-23,7.117907e-24,7.137148e-21,3.028320e-25,2.206745e-25,2.730379e-24,2.126577e-21
4.5240,707,3.203000e+02,9.550599e-01,5.730358e+00,-8.107715e-02,NaN,9.999986e-01,1.433757e-06,3.441368e-11,5.333588e-16,2.147422e-20,3.624042e-23,4.184494e-23,7.140270e-24,7.150739e-21,3.038842e-25,2.210507e-25,2.734601e-24,2.131151e-21
4.5240,708,3.208000e+02,9.550126e-01,5.730074e+00,8.594136e-02,NaN,9.999986e-01,1.424801e-06,3.452164e-11,5.338714e-16,2.153009e-20,3.630863e-23,4.194544e-23,7.150292e-24,7.163410e-21,3.040408e-25,2.214248e-25,2.738545e-24,2.136275e-21
4.5240,709,3.213000e+02,9.549663e-01,5.729796e+00,-2.771532e-02,NaN,9.999986e-01,1.418625e-06,3.458413e-11,5.329196e-16,2.158507e-20,3.635592e-23,4.203098e-23,7.167202e-24,7.172413e-21,3.043132e-25,2.217713e-25,2.741642e-24,2.142549e-21
4.5240,710,3.218000e+02,9.549205e-01,5.729521e+00,2.113913e-01,NaN,9.999986e-01,1.425315e-06,3.466465e-11,5.337694e-16,2.161367e-20,3.641365e-23,4.212459e-23,7.182298e-24,7.182657e-21,3.054398e-25,2.219882e-25,2.746757e-24,2.147005e-21
4.5240,711,3.223000e+02,9.548749e-01,5.729248e+00,6.023384e-02,3.954698e-03,9.999986e-01,1.411810e-06,3.464908e-11,5.362554e-16,2.168582e-20,3.646496e-23,4.218613e-23,7.199554e-24,7.194741e-21,3.060514e-25,2.222476e-25,2.752318e-24,2.152455e-21
4.5240,712,3.228000e+02,9.548280e-01,5.728966e+00,6.276477e-02,NaN,9.999986e-01,1.438242e-06,3.471852e-11,5.402641e-16,2.173044e-20,3.654077e-23,4.224226e-23,7.220662e-24,7.211333e-21,3.068454e-25,2.226798e-25,2.754926e-24,2.156636e-21
4.5240,713,3.233000e+02,9.547809e-01,5.728684e+00,1.949837e-01,NaN,9.999986e-01,1.414118e-06,3.467363e-11,5.384037e-16,2.171697e-20,3.661473e-23,4.232663e-23,7.230967e-24,7.225272e-21,3.074871e-25,2.232673e-25,2.759699e-24,2.161672e-21
4.5240,714,3.238000e+02,9.547361e-01,5.728415e+00,1.001833e-01,NaN,9.999986e-01,1.409086e-06,3.476332e-11,5.361176e-16,2.177029e-20,3.673025e-23,4.238683e-23,7.250767e-24,7.237300e-21,3.088656e-25,2.236802e-25,2.765291e-24,2.167208e-21
4.5240,715,3.243000e+02,9.546898e-01,5.728137e+00,4.512701e-01,NaN,9.999986e-01,1.390112e-06,3.474555e-11,5.387311e-16,2.180565e-20,3.678715e-23,4.251127e-23,7.260976e-24,7.252427e-21,3.083883e-25,2.239635e-25,2.772269e-24,2.170455e-21
4.5240,716,3.248000e+02,9.546439e-01,5.727862e+00,1.074801e-02,NaN,9.999986e-01,1.424106e-06,3.472549e-11,5.404198e-16,2.180789e-20,3.686406e-23,4.262763e-23,7.278714e-24,7.263761e-21,3.103037e-25,2.243430e-25,2.776100e-24,2.174437e-21
4.5240,717,3.253000e+02,9.545965e-01,5.727578e+00,-5.384191e-02,NaN,9.999986e-01,1.398689e-06,3.477130e-11,5.401034e-16,2.184379e-20,3.695380e-23,4.268311e-23,7.290481e-24,7.278606e-21,3.102721e-25,2.248948e-25,2.781797e-24,2.179529e-21
4.5240,718,3.258000e+02,9.545491e-01,5.727293e+00,-1.266974e-01,NaN,9.999986e-01,1.404691e-06,3.476483e-11,5.421607e-16,2.190591e-20,3.700775e-23,4.273303e-23,7.303239e-24,7.288713e-21,3.107824e-25,2.252655e-25,2.784366e-24,2.184583e-21
4.5240,719,3.263000e+02,9.545018e-01,5.727009e+00,-1.113211e-01,NaN,9.999986e-01,1.421025e-06,3.480344e-11,5.427115e-16,2.187724e-20,3.708965e-23,4.280295e-23,7.314899e-24,7.302955e-21,3.120109e-25,2.257033e-25,2.787630e-24,2.189804e-21
4.5240,720,3.268000e+02,9.544571e-01,5.726741e+00,-1.779324e-02,NaN,9.999986e-01,1.396642e-06,3.482155e-11,5.438263e-16,2.194604e-20,3.718379e-23,4.291024e-23,7.322924e-24,7.315168e-21,3.126484e-25,2.262395e-25,2.792903e-24,2.195347e-21
4.5240,721,3.273000e+02,9.544115e-01,5.726468e+00,-2.746167e-01,5.285417e-03,9.999986e-01,1.402023e-06,3.487386e-11,5.415451e-16,2.198071e-20,3.724774e-23,4.297485e-23,7.334643e-24,7.325245e-21,3.131644e-25,2.265568e-25,2.801256e-24,2.202008e-21
4.5240,722,3.278000e+02,9.543639e-01,5.726182e+00,-1.363713e-01,NaN,9.999986e-01,1.432264e-06,3.507520e-11,5.459415e-16,2.204930e-20,3.735409e-23,4.305515e-23,7.344856e-24,7.338621e-21,3.134986e-25,2.270790e-25,2.806793e-24,2.207071e-21
4.5240,723,3.283000e+02,9.543162e-01,5.725896e+00,5.947409e-02,NaN,9.999985e-01,1.457608e-06,3.504186e-11,5.448539e-16,2.210770e-20,3.743672e-23,4.316984e-23,7.364323e-24,7.348669e-21,3.138063e-25,2.275837e-25,2.810399e-24,2.211687e-21
4.5240,724,3.288000e+02,9.542683e-01,5.725609e+00,6.210712e-02,NaN,9.999986e-01,1.412202e-06,3.493965e-11,5.456503e-16,2.210961e-20,3.747828e-23,4.325699e-23,7.379190e-24,7.357001e-21,3.144560e-25,2.280200e-25,2.814686e-24,2.217588e-21
4.5240,725,3.293000e+02,9.542229e-01,5.725336e+00,-1.759701e-02,NaN,9.999986e-01,1.408295e-06,3.497670e-11,5.467046e-16,2.220840e-20,3.757434e-23,4.332554e-23,7.391627e-24,7.363718e-21,3.148470e-25,2.282916e-25,2.819948e-24,2.222179e-21
4.5240,726,3.298000e+02,9.541764e-01,5.725057e+00,-5.229863e-02,NaN,9.999986e-01,1.425001e-06,3.512320e-11,5.472842e-16,2.219115e-20,3.766090e-23,4.338836e-23,7.410905e-24,7.373659e-21,3.145933e-25,2.286369e-25,2.825135e-24,2.227548e-21
4.5240,727,3.303000e+02,9.541300e-01,5.724779e+00,8.242687e-02,NaN,9.999986e-01,1.446564e-06,3.513647e-11,5.505315e-16,2.225413e-20,3.773443e-23,4.341020e-23,7.418519e-24,7.386085e-21,3.152576e-25,2.289093e-25,2.830693e-24,2.233454e-21
4.5240,728,3.308000e+02,9.540829e-01,5.724496e+00,3.612166e-02,NaN,9.999986e-01,1.411961e-06,3.507284e-11,5.490329e-16,2.231941e-20,3.783228e-23,4.345863e-23,7.442026e-24,7.397404e-21,3.160993e-25,2.294496e-25,2.834488e-24,2.239729e-21
4.5240,729,3.313000e+02,9.540385e-01,5.724230e+00,-4.402365e-02,NaN,9.999986e-01,1.396630e-06,3.518479e-11,5.490767e-16,2.227575e-20,3.792795e-23,4.356150e-23,7.455756e-24,7.410229e-21,3.173923e-25,2.298118e-25,2.837845e-24,2.243981e-21
4.5240,730,3.318000e+02,9.539920e-01,5.723951e+00,-2.267853e-01,NaN,9.999986e-01,1.426169e-06,3.510151e-11,5.503415e-16,2.236363e-20,3.800096e-23,4.364268e-23,7.469167e-24,7.426038e-21,3.183426e-25,2.303367e-25,2.842341e-24,2.246862e-21
4.5240,731,3.323000e+02,9.539461e-01,5.723675e+00,1.423558e-01,4.512341e-03,9.999986e-01,1.394487e-06,3.521972e-11,5.515557e-16,2.238063e-20,3.811499e-23,4.375466e-23,7.483219e-24,7.442824e-21,3.175522e-25,2.310442e-25,2.843989e-24,2.252004e-21
4.5240,732,3.328000e+02,9.539019e-01,5.723410e+00,-2.127847e-01,NaN,9.999986e-01,1.379177e-06,3.513329e-11,5.499540e-16,2.245075e-20,3.818971e-23,4.388337e-23,7.497042e-24,7.455194e-21,3.191260e-25,2.313705e-25,2.848620e-24,2.256994e-21
4.5240,733,3.333000e+02,9.538577e-01,5.723145e+00,-1.915459e-01,NaN,9.999986e-01,1.446788e-06,3.521219e-11,5.536929e-16,2.242428e-20,3.828152e-23,4.399041e-23,7.514171e-24,7.471448e-21,3.193520e-25,2.316869e-25,2.851764e-24,2.263352e-21
4.5240,734,3.338000e+02,9.538112e-01,5.722866e+00,-4.290603e-02,NaN,9.999986e-01,1.410653e-06,3.530725e-11,5.518780e-16,2.245395e-20,3.832977e-23,4.405350e-23,7.524933e-24,7.484592e-21,3.199412e-25,2.321813e-25,2.860290e-24,2.269422e-21
4.5240,735,3.343000e+02,9.537652e-01,5.722590e+00,2.341896e-02,NaN,9.999986e-01,1.405056e-06,3.520999e-11,5.525193e-16,2.256178e-20,3.834130e-23,4.413817e-23,7.547471e-24,7.498337e-21,3.214893e-25,2.326276e-25,2.864567e-24,2.273763e-21
4.5240,736,3.348000e+02,9.537177e-01,5.722305e+00,1.365721e-01,NaN,9.999986e-01,1.430439e-06,3.533426e-11,5.563185e-16,2.259378e-20,3.844694e-23,4.423568e-23,7.553787e-24,7.514086e-21,3.216291e-25,2.331983e-25,2.869225e-24,2.278247e-21
4.5240,737,3.353000e+02,9.536706e-01,5.722022e+00,-8.654859e-02,NaN,9.999986e-01,1.405468e-06,3.545525e-11,5.579147e-16,2.263266e-20,3.856114e-23,4.431543e-23,7.559057e-24,7.531253e-21,3.214277e-25,2.333811e-25,2.873751e-24,2.283080e-21
4.5240,738,3.358000e+02,9.536247e-01,5.721747e+00,-6.510744e-02,NaN,9.999986e-01,1.412152e-06,3.536575e-11,5.588426e-16,2.257855e-20,3.862925e-23,4.442159e-23,7.564929e-24,7.546544e-21,3.224280e-25,2.338024e-25,2.879932e-24,2.286482e-21
